[INF:CM0023] Creating log file "$Output/hlc.log".
AST_DEBUG_BEGIN
Count: 1072
LIB: work
FILE: $Source01/t_lint_blksync_loop.v
n<$Source01/t_lint_blksync_loop.v> u<1071> t<Top_level_rule> c<1> l<6:1> el<109:1>
  n<> u<1> t<Null_rule> p<1071> s<2> l<6:1> el<6:1>
  n<// DESCRIPTION: Verilator: Verilog Test module> u<2> t<LINE_COMMENT> p<1071> s<3> l<1:1> el<1:47>
  n<//> u<3> t<LINE_COMMENT> p<1071> s<4> l<2:1> el<2:3>
  n<// This file ONLY is placed into the Public Domain, for any use,> u<4> t<LINE_COMMENT> p<1071> s<5> l<3:1> el<3:65>
  n<// without warranty, 2010 by Wilson Snyder.> u<5> t<LINE_COMMENT> p<1071> s<1067> l<4:1> el<4:44>
  n<> u<1067> t<Source_text> p<1071> c<323> s<1068> l<6:1> el<104:10>
    n<> u<323> t<Description> p<1067> c<322> s<1066> l<6:1> el<42:10>
      n<> u<322> t<Module_declaration> p<323> c<61> l<6:1> el<42:10>
        n<> u<61> t<Module_nonansi_header> p<322> c<6> s<68> l<6:1> el<11:6>
          n<module> u<6> t<Module_keyword> p<61> s<7> l<6:1> el<6:7>
          n<t> u<7> t<SIMPLE_IDENTIFIER> p<61> s<8> l<6:8> el<6:9>
          n<> u<8> t<Package_import_declaration_list> p<61> s<9> l<6:10> el<6:10>
          n</*AUTOARG*/> u<9> t<BLOCK_COMMENT> p<61> s<10> l<6:10> el<11:5>
          n<// Outputs> u<10> t<LINE_COMMENT> p<61> s<60> l<7:4> el<7:14>
          n<> u<60> t<Port_list> p<61> c<16> l<6:10> el<11:5>
            n<> u<16> t<Port> p<60> c<15> s<17> l<8:4> el<8:12>
              n<> u<15> t<Port_expression> p<16> c<14> l<8:4> el<8:12>
                n<> u<14> t<Port_reference> p<15> c<11> l<8:4> el<8:12>
                  n<data_out> u<11> t<SIMPLE_IDENTIFIER> p<14> s<13> l<8:4> el<8:12>
                  n<> u<13> t<Constant_select> p<14> c<12> l<8:12> el<8:12>
                    n<> u<12> t<Constant_bit_select> p<13> l<8:12> el<8:12>
            n<// Inputs> u<17> t<LINE_COMMENT> p<60> s<23> l<9:4> el<9:13>
            n<> u<23> t<Port> p<60> c<22> s<29> l<10:4> el<10:6>
              n<> u<22> t<Port_expression> p<23> c<21> l<10:4> el<10:6>
                n<> u<21> t<Port_reference> p<22> c<18> l<10:4> el<10:6>
                  n<wr> u<18> t<SIMPLE_IDENTIFIER> p<21> s<20> l<10:4> el<10:6>
                  n<> u<20> t<Constant_select> p<21> c<19> l<10:6> el<10:6>
                    n<> u<19> t<Constant_bit_select> p<20> l<10:6> el<10:6>
            n<> u<29> t<Port> p<60> c<28> s<35> l<10:8> el<10:10>
              n<> u<28> t<Port_expression> p<29> c<27> l<10:8> el<10:10>
                n<> u<27> t<Port_reference> p<28> c<24> l<10:8> el<10:10>
                  n<wa> u<24> t<SIMPLE_IDENTIFIER> p<27> s<26> l<10:8> el<10:10>
                  n<> u<26> t<Constant_select> p<27> c<25> l<10:10> el<10:10>
                    n<> u<25> t<Constant_bit_select> p<26> l<10:10> el<10:10>
            n<> u<35> t<Port> p<60> c<34> s<41> l<10:12> el<10:17>
              n<> u<34> t<Port_expression> p<35> c<33> l<10:12> el<10:17>
                n<> u<33> t<Port_reference> p<34> c<30> l<10:12> el<10:17>
                  n<rst_l> u<30> t<SIMPLE_IDENTIFIER> p<33> s<32> l<10:12> el<10:17>
                  n<> u<32> t<Constant_select> p<33> c<31> l<10:17> el<10:17>
                    n<> u<31> t<Constant_bit_select> p<32> l<10:17> el<10:17>
            n<> u<41> t<Port> p<60> c<40> s<47> l<10:19> el<10:21>
              n<> u<40> t<Port_expression> p<41> c<39> l<10:19> el<10:21>
                n<> u<39> t<Port_reference> p<40> c<36> l<10:19> el<10:21>
                  n<rd> u<36> t<SIMPLE_IDENTIFIER> p<39> s<38> l<10:19> el<10:21>
                  n<> u<38> t<Constant_select> p<39> c<37> l<10:21> el<10:21>
                    n<> u<37> t<Constant_bit_select> p<38> l<10:21> el<10:21>
            n<> u<47> t<Port> p<60> c<46> s<53> l<10:23> el<10:25>
              n<> u<46> t<Port_expression> p<47> c<45> l<10:23> el<10:25>
                n<> u<45> t<Port_reference> p<46> c<42> l<10:23> el<10:25>
                  n<ra> u<42> t<SIMPLE_IDENTIFIER> p<45> s<44> l<10:23> el<10:25>
                  n<> u<44> t<Constant_select> p<45> c<43> l<10:25> el<10:25>
                    n<> u<43> t<Constant_bit_select> p<44> l<10:25> el<10:25>
            n<> u<53> t<Port> p<60> c<52> s<59> l<10:27> el<10:34>
              n<> u<52> t<Port_expression> p<53> c<51> l<10:27> el<10:34>
                n<> u<51> t<Port_reference> p<52> c<48> l<10:27> el<10:34>
                  n<data_in> u<48> t<SIMPLE_IDENTIFIER> p<51> s<50> l<10:27> el<10:34>
                  n<> u<50> t<Constant_select> p<51> c<49> l<10:34> el<10:34>
                    n<> u<49> t<Constant_bit_select> p<50> l<10:34> el<10:34>
            n<> u<59> t<Port> p<60> c<58> l<10:36> el<10:39>
              n<> u<58> t<Port_expression> p<59> c<57> l<10:36> el<10:39>
                n<> u<57> t<Port_reference> p<58> c<54> l<10:36> el<10:39>
                  n<clk> u<54> t<SIMPLE_IDENTIFIER> p<57> s<56> l<10:36> el<10:39>
                  n<> u<56> t<Constant_select> p<57> c<55> l<11:4> el<11:4>
                    n<> u<55> t<Constant_bit_select> p<56> l<11:4> el<11:4>
        n<> u<68> t<Module_item> p<322> c<67> s<69> l<12:4> el<12:14>
          n<> u<67> t<Port_declaration> p<68> c<66> l<12:4> el<12:13>
            n<> u<66> t<Input_declaration> p<67> c<63> l<12:4> el<12:13>
              n<> u<63> t<Net_port_type> p<66> c<62> s<65> l<12:10> el<12:10>
                n<> u<62> t<Data_type_or_implicit> p<63> l<12:10> el<12:10>
              n<> u<65> t<Port_identifier_list> p<66> c<64> l<12:10> el<12:13>
                n<clk> u<64> t<SIMPLE_IDENTIFIER> p<65> l<12:10> el<12:13>
        n</*AUTOINPUT*/> u<69> t<BLOCK_COMMENT> p<322> s<70> l<16:4> el<16:26>
        n<// Beginning of automatic inputs (from unused autoinst inputs)> u<70> t<LINE_COMMENT> p<322> s<87> l<15:4> el<15:66>
        n<> u<87> t<Module_item> p<322> c<86> s<88> l<16:4> el<16:26>
          n<> u<86> t<Port_declaration> p<87> c<85> l<16:4> el<16:25>
            n<> u<85> t<Input_declaration> p<86> c<82> l<16:4> el<16:25>
              n<> u<82> t<Net_port_type> p<85> c<81> s<84> l<16:10> el<16:16>
                n<> u<81> t<Data_type_or_implicit> p<82> c<80> l<16:10> el<16:16>
                  n<> u<80> t<Packed_dimension> p<81> c<79> l<16:10> el<16:16>
                    n<> u<79> t<Constant_range> p<80> c<74> l<16:11> el<16:15>
                      n<> u<74> t<Constant_expression> p<79> c<73> s<78> l<16:11> el<16:13>
                        n<> u<73> t<Constant_primary> p<74> c<72> l<16:11> el<16:13>
                          n<> u<72> t<Primary_literal> p<73> c<71> l<16:11> el<16:13>
                            n<31> u<71> t<INTEGRAL_NUMBER> p<72> l<16:11> el<16:13>
                      n<> u<78> t<Constant_expression> p<79> c<77> l<16:14> el<16:15>
                        n<> u<77> t<Constant_primary> p<78> c<76> l<16:14> el<16:15>
                          n<> u<76> t<Primary_literal> p<77> c<75> l<16:14> el<16:15>
                            n<0> u<75> t<INTEGRAL_NUMBER> p<76> l<16:14> el<16:15>
              n<> u<84> t<Port_identifier_list> p<85> c<83> l<16:18> el<16:25>
                n<data_in> u<83> t<SIMPLE_IDENTIFIER> p<84> l<16:18> el<16:25>
        n<// To sub of reg_1r1w.v> u<88> t<LINE_COMMENT> p<322> s<105> l<16:28> el<16:51>
        n<> u<105> t<Module_item> p<322> c<104> s<106> l<17:4> el<17:20>
          n<> u<104> t<Port_declaration> p<105> c<103> l<17:4> el<17:19>
            n<> u<103> t<Input_declaration> p<104> c<100> l<17:4> el<17:19>
              n<> u<100> t<Net_port_type> p<103> c<99> s<102> l<17:10> el<17:15>
                n<> u<99> t<Data_type_or_implicit> p<100> c<98> l<17:10> el<17:15>
                  n<> u<98> t<Packed_dimension> p<99> c<97> l<17:10> el<17:15>
                    n<> u<97> t<Constant_range> p<98> c<92> l<17:11> el<17:14>
                      n<> u<92> t<Constant_expression> p<97> c<91> s<96> l<17:11> el<17:12>
                        n<> u<91> t<Constant_primary> p<92> c<90> l<17:11> el<17:12>
                          n<> u<90> t<Primary_literal> p<91> c<89> l<17:11> el<17:12>
                            n<7> u<89> t<INTEGRAL_NUMBER> p<90> l<17:11> el<17:12>
                      n<> u<96> t<Constant_expression> p<97> c<95> l<17:13> el<17:14>
                        n<> u<95> t<Constant_primary> p<96> c<94> l<17:13> el<17:14>
                          n<> u<94> t<Primary_literal> p<95> c<93> l<17:13> el<17:14>
                            n<0> u<93> t<INTEGRAL_NUMBER> p<94> l<17:13> el<17:14>
              n<> u<102> t<Port_identifier_list> p<103> c<101> l<17:17> el<17:19>
                n<ra> u<101> t<SIMPLE_IDENTIFIER> p<102> l<17:17> el<17:19>
        n<// To sub of reg_1r1w.v> u<106> t<LINE_COMMENT> p<322> s<113> l<17:23> el<17:46>
        n<> u<113> t<Module_item> p<322> c<112> s<114> l<18:4> el<18:14>
          n<> u<112> t<Port_declaration> p<113> c<111> l<18:4> el<18:13>
            n<> u<111> t<Input_declaration> p<112> c<108> l<18:4> el<18:13>
              n<> u<108> t<Net_port_type> p<111> c<107> s<110> l<18:11> el<18:11>
                n<> u<107> t<Data_type_or_implicit> p<108> l<18:11> el<18:11>
              n<> u<110> t<Port_identifier_list> p<111> c<109> l<18:11> el<18:13>
                n<rd> u<109> t<SIMPLE_IDENTIFIER> p<110> l<18:11> el<18:13>
        n<// To sub of reg_1r1w.v> u<114> t<LINE_COMMENT> p<322> s<121> l<18:17> el<18:40>
        n<> u<121> t<Module_item> p<322> c<120> s<122> l<19:4> el<19:17>
          n<> u<120> t<Port_declaration> p<121> c<119> l<19:4> el<19:16>
            n<> u<119> t<Input_declaration> p<120> c<116> l<19:4> el<19:16>
              n<> u<116> t<Net_port_type> p<119> c<115> s<118> l<19:11> el<19:11>
                n<> u<115> t<Data_type_or_implicit> p<116> l<19:11> el<19:11>
              n<> u<118> t<Port_identifier_list> p<119> c<117> l<19:11> el<19:16>
                n<rst_l> u<117> t<SIMPLE_IDENTIFIER> p<118> l<19:11> el<19:16>
        n<// To sub of reg_1r1w.v> u<122> t<LINE_COMMENT> p<322> s<139> l<19:20> el<19:43>
        n<> u<139> t<Module_item> p<322> c<138> s<140> l<20:4> el<20:20>
          n<> u<138> t<Port_declaration> p<139> c<137> l<20:4> el<20:19>
            n<> u<137> t<Input_declaration> p<138> c<134> l<20:4> el<20:19>
              n<> u<134> t<Net_port_type> p<137> c<133> s<136> l<20:10> el<20:15>
                n<> u<133> t<Data_type_or_implicit> p<134> c<132> l<20:10> el<20:15>
                  n<> u<132> t<Packed_dimension> p<133> c<131> l<20:10> el<20:15>
                    n<> u<131> t<Constant_range> p<132> c<126> l<20:11> el<20:14>
                      n<> u<126> t<Constant_expression> p<131> c<125> s<130> l<20:11> el<20:12>
                        n<> u<125> t<Constant_primary> p<126> c<124> l<20:11> el<20:12>
                          n<> u<124> t<Primary_literal> p<125> c<123> l<20:11> el<20:12>
                            n<7> u<123> t<INTEGRAL_NUMBER> p<124> l<20:11> el<20:12>
                      n<> u<130> t<Constant_expression> p<131> c<129> l<20:13> el<20:14>
                        n<> u<129> t<Constant_primary> p<130> c<128> l<20:13> el<20:14>
                          n<> u<128> t<Primary_literal> p<129> c<127> l<20:13> el<20:14>
                            n<0> u<127> t<INTEGRAL_NUMBER> p<128> l<20:13> el<20:14>
              n<> u<136> t<Port_identifier_list> p<137> c<135> l<20:17> el<20:19>
                n<wa> u<135> t<SIMPLE_IDENTIFIER> p<136> l<20:17> el<20:19>
        n<// To sub of reg_1r1w.v> u<140> t<LINE_COMMENT> p<322> s<147> l<20:23> el<20:46>
        n<> u<147> t<Module_item> p<322> c<146> s<148> l<21:4> el<21:14>
          n<> u<146> t<Port_declaration> p<147> c<145> l<21:4> el<21:13>
            n<> u<145> t<Input_declaration> p<146> c<142> l<21:4> el<21:13>
              n<> u<142> t<Net_port_type> p<145> c<141> s<144> l<21:11> el<21:11>
                n<> u<141> t<Data_type_or_implicit> p<142> l<21:11> el<21:11>
              n<> u<144> t<Port_identifier_list> p<145> c<143> l<21:11> el<21:13>
                n<wr> u<143> t<SIMPLE_IDENTIFIER> p<144> l<21:11> el<21:13>
        n<// To sub of reg_1r1w.v> u<148> t<LINE_COMMENT> p<322> s<149> l<21:17> el<21:40>
        n<// End of automatics> u<149> t<LINE_COMMENT> p<322> s<150> l<22:4> el<22:24>
        n</*AUTOOUTPUT*/> u<150> t<BLOCK_COMMENT> p<322> s<151> l<25:4> el<25:27>
        n<// Beginning of automatic outputs (from unused autoinst outputs)> u<151> t<LINE_COMMENT> p<322> s<168> l<24:4> el<24:68>
        n<> u<168> t<Module_item> p<322> c<167> s<169> l<25:4> el<25:27>
          n<> u<167> t<Port_declaration> p<168> c<166> l<25:4> el<25:26>
            n<> u<166> t<Output_declaration> p<167> c<163> l<25:4> el<25:26>
              n<> u<163> t<Net_port_type> p<166> c<162> s<165> l<25:11> el<25:17>
                n<> u<162> t<Data_type_or_implicit> p<163> c<161> l<25:11> el<25:17>
                  n<> u<161> t<Packed_dimension> p<162> c<160> l<25:11> el<25:17>
                    n<> u<160> t<Constant_range> p<161> c<155> l<25:12> el<25:16>
                      n<> u<155> t<Constant_expression> p<160> c<154> s<159> l<25:12> el<25:14>
                        n<> u<154> t<Constant_primary> p<155> c<153> l<25:12> el<25:14>
                          n<> u<153> t<Primary_literal> p<154> c<152> l<25:12> el<25:14>
                            n<31> u<152> t<INTEGRAL_NUMBER> p<153> l<25:12> el<25:14>
                      n<> u<159> t<Constant_expression> p<160> c<158> l<25:15> el<25:16>
                        n<> u<158> t<Constant_primary> p<159> c<157> l<25:15> el<25:16>
                          n<> u<157> t<Primary_literal> p<158> c<156> l<25:15> el<25:16>
                            n<0> u<156> t<INTEGRAL_NUMBER> p<157> l<25:15> el<25:16>
              n<> u<165> t<Port_identifier_list> p<166> c<164> l<25:18> el<25:26>
                n<data_out> u<164> t<SIMPLE_IDENTIFIER> p<165> l<25:18> el<25:26>
        n<// From sub of reg_1r1w.v> u<169> t<LINE_COMMENT> p<322> s<170> l<25:29> el<25:54>
        n<// End of automatics> u<170> t<LINE_COMMENT> p<322> s<320> l<26:4> el<26:24>
        n<> u<320> t<Module_item> p<322> c<319> s<321> l<28:4> el<40:26>
          n<> u<319> t<Non_port_module_item> p<320> c<318> l<28:4> el<40:26>
            n<> u<318> t<Module_or_generate_item> p<319> c<317> l<28:4> el<40:26>
              n<> u<317> t<Module_instantiation> p<318> c<171> l<28:4> el<40:26>
                n<reg_1r1w> u<171> t<SIMPLE_IDENTIFIER> p<317> s<197> l<28:4> el<28:12>
                n<> u<197> t<Parameter_value_assignment> p<317> c<196> s<316> l<28:13> el<28:51>
                  n<> u<196> t<Parameter_assignment_list> p<197> c<179> l<28:15> el<28:50>
                    n<> u<179> t<Named_parameter_assignment> p<196> c<172> s<187> l<28:15> el<28:25>
                      n<WIDTH> u<172> t<SIMPLE_IDENTIFIER> p<179> s<178> l<28:16> el<28:21>
                      n<> u<178> t<Param_expression> p<179> c<177> l<28:22> el<28:24>
                        n<> u<177> t<Mintypmax_expression> p<178> c<176> l<28:22> el<28:24>
                          n<> u<176> t<Expression> p<177> c<175> l<28:22> el<28:24>
                            n<> u<175> t<Primary> p<176> c<174> l<28:22> el<28:24>
                              n<> u<174> t<Primary_literal> p<175> c<173> l<28:22> el<28:24>
                                n<32> u<173> t<INTEGRAL_NUMBER> p<174> l<28:22> el<28:24>
                    n<> u<187> t<Named_parameter_assignment> p<196> c<180> s<195> l<28:27> el<28:38>
                      n<DEPTH> u<180> t<SIMPLE_IDENTIFIER> p<187> s<186> l<28:28> el<28:33>
                      n<> u<186> t<Param_expression> p<187> c<185> l<28:34> el<28:37>
                        n<> u<185> t<Mintypmax_expression> p<186> c<184> l<28:34> el<28:37>
                          n<> u<184> t<Expression> p<185> c<183> l<28:34> el<28:37>
                            n<> u<183> t<Primary> p<184> c<182> l<28:34> el<28:37>
                              n<> u<182> t<Primary_literal> p<183> c<181> l<28:34> el<28:37>
                                n<256> u<181> t<INTEGRAL_NUMBER> p<182> l<28:34> el<28:37>
                    n<> u<195> t<Named_parameter_assignment> p<196> c<188> l<28:40> el<28:50>
                      n<ADRWID> u<188> t<SIMPLE_IDENTIFIER> p<195> s<194> l<28:41> el<28:47>
                      n<> u<194> t<Param_expression> p<195> c<193> l<28:48> el<28:49>
                        n<> u<193> t<Mintypmax_expression> p<194> c<192> l<28:48> el<28:49>
                          n<> u<192> t<Expression> p<193> c<191> l<28:48> el<28:49>
                            n<> u<191> t<Primary> p<192> c<190> l<28:48> el<28:49>
                              n<> u<190> t<Primary_literal> p<191> c<189> l<28:48> el<28:49>
                                n<8> u<189> t<INTEGRAL_NUMBER> p<190> l<28:48> el<28:49>
                n<> u<316> t<Hierarchical_instance> p<317> c<199> l<29:4> el<40:25>
                  n<> u<199> t<Name_of_instance> p<316> c<198> s<200> l<29:4> el<29:7>
                    n<sub> u<198> t<SIMPLE_IDENTIFIER> p<199> l<29:4> el<29:7>
                  n</*AUTOINST*/> u<200> t<BLOCK_COMMENT> p<316> s<201> l<32:7> el<40:24>
                  n<// Outputs> u<201> t<LINE_COMMENT> p<316> s<315> l<31:7> el<31:17>
                  n<> u<315> t<Port_connection_list> p<316> c<221> l<32:7> el<40:24>
                    n<> u<221> t<Named_port_connection> p<315> c<202> s<222> l<32:7> el<32:36>
                      n<data_out> u<202> t<SIMPLE_IDENTIFIER> p<221> s<219> l<32:8> el<32:16>
                      n<> u<219> t<OPEN_PARENS> p<221> s<218> l<32:20> el<32:21>
                      n<> u<218> t<Expression> p<221> c<217> s<220> l<32:21> el<32:35>
                        n<> u<217> t<Primary> p<218> c<216> l<32:21> el<32:35>
                          n<> u<216> t<Subroutine_call> p<217> c<203> l<32:21> el<32:35>
                            n<data_out> u<203> t<SIMPLE_IDENTIFIER> p<216> s<215> l<32:21> el<32:29>
                            n<> u<215> t<Select> p<216> c<204> l<32:29> el<32:35>
                              n<> u<204> t<Bit_select> p<215> s<214> l<32:29> el<32:29>
                              n<> u<214> t<Part_select_range> p<215> c<213> l<32:30> el<32:34>
                                n<> u<213> t<Constant_range> p<214> c<208> l<32:30> el<32:34>
                                  n<> u<208> t<Constant_expression> p<213> c<207> s<212> l<32:30> el<32:32>
                                    n<> u<207> t<Constant_primary> p<208> c<206> l<32:30> el<32:32>
                                      n<> u<206> t<Primary_literal> p<207> c<205> l<32:30> el<32:32>
                                        n<31> u<205> t<INTEGRAL_NUMBER> p<206> l<32:30> el<32:32>
                                  n<> u<212> t<Constant_expression> p<213> c<211> l<32:33> el<32:34>
                                    n<> u<211> t<Constant_primary> p<212> c<210> l<32:33> el<32:34>
                                      n<> u<210> t<Primary_literal> p<211> c<209> l<32:33> el<32:34>
                                        n<0> u<209> t<INTEGRAL_NUMBER> p<210> l<32:33> el<32:34>
                      n<> u<220> t<CLOSE_PARENS> p<221> l<32:35> el<32:36>
                    n<// Inputs> u<222> t<LINE_COMMENT> p<315> s<242> l<33:7> el<33:16>
                    n<> u<242> t<Named_port_connection> p<315> c<223> s<262> l<34:7> el<34:34>
                      n<data_in> u<223> t<SIMPLE_IDENTIFIER> p<242> s<240> l<34:8> el<34:15>
                      n<> u<240> t<OPEN_PARENS> p<242> s<239> l<34:19> el<34:20>
                      n<> u<239> t<Expression> p<242> c<238> s<241> l<34:20> el<34:33>
                        n<> u<238> t<Primary> p<239> c<237> l<34:20> el<34:33>
                          n<> u<237> t<Subroutine_call> p<238> c<224> l<34:20> el<34:33>
                            n<data_in> u<224> t<SIMPLE_IDENTIFIER> p<237> s<236> l<34:20> el<34:27>
                            n<> u<236> t<Select> p<237> c<225> l<34:27> el<34:33>
                              n<> u<225> t<Bit_select> p<236> s<235> l<34:27> el<34:27>
                              n<> u<235> t<Part_select_range> p<236> c<234> l<34:28> el<34:32>
                                n<> u<234> t<Constant_range> p<235> c<229> l<34:28> el<34:32>
                                  n<> u<229> t<Constant_expression> p<234> c<228> s<233> l<34:28> el<34:30>
                                    n<> u<228> t<Constant_primary> p<229> c<227> l<34:28> el<34:30>
                                      n<> u<227> t<Primary_literal> p<228> c<226> l<34:28> el<34:30>
                                        n<31> u<226> t<INTEGRAL_NUMBER> p<227> l<34:28> el<34:30>
                                  n<> u<233> t<Constant_expression> p<234> c<232> l<34:31> el<34:32>
                                    n<> u<232> t<Constant_primary> p<233> c<231> l<34:31> el<34:32>
                                      n<> u<231> t<Primary_literal> p<232> c<230> l<34:31> el<34:32>
                                        n<0> u<230> t<INTEGRAL_NUMBER> p<231> l<34:31> el<34:32>
                      n<> u<241> t<CLOSE_PARENS> p<242> l<34:33> el<34:34>
                    n<> u<262> t<Named_port_connection> p<315> c<243> s<282> l<35:7> el<35:23>
                      n<ra> u<243> t<SIMPLE_IDENTIFIER> p<262> s<260> l<35:8> el<35:10>
                      n<> u<260> t<OPEN_PARENS> p<262> s<259> l<35:14> el<35:15>
                      n<> u<259> t<Expression> p<262> c<258> s<261> l<35:15> el<35:22>
                        n<> u<258> t<Primary> p<259> c<257> l<35:15> el<35:22>
                          n<> u<257> t<Subroutine_call> p<258> c<244> l<35:15> el<35:22>
                            n<ra> u<244> t<SIMPLE_IDENTIFIER> p<257> s<256> l<35:15> el<35:17>
                            n<> u<256> t<Select> p<257> c<245> l<35:17> el<35:22>
                              n<> u<245> t<Bit_select> p<256> s<255> l<35:17> el<35:17>
                              n<> u<255> t<Part_select_range> p<256> c<254> l<35:18> el<35:21>
                                n<> u<254> t<Constant_range> p<255> c<249> l<35:18> el<35:21>
                                  n<> u<249> t<Constant_expression> p<254> c<248> s<253> l<35:18> el<35:19>
                                    n<> u<248> t<Constant_primary> p<249> c<247> l<35:18> el<35:19>
                                      n<> u<247> t<Primary_literal> p<248> c<246> l<35:18> el<35:19>
                                        n<7> u<246> t<INTEGRAL_NUMBER> p<247> l<35:18> el<35:19>
                                  n<> u<253> t<Constant_expression> p<254> c<252> l<35:20> el<35:21>
                                    n<> u<252> t<Constant_primary> p<253> c<251> l<35:20> el<35:21>
                                      n<> u<251> t<Primary_literal> p<252> c<250> l<35:20> el<35:21>
                                        n<0> u<250> t<INTEGRAL_NUMBER> p<251> l<35:20> el<35:21>
                      n<> u<261> t<CLOSE_PARENS> p<262> l<35:22> el<35:23>
                    n<> u<282> t<Named_port_connection> p<315> c<263> s<290> l<36:7> el<36:23>
                      n<wa> u<263> t<SIMPLE_IDENTIFIER> p<282> s<280> l<36:8> el<36:10>
                      n<> u<280> t<OPEN_PARENS> p<282> s<279> l<36:14> el<36:15>
                      n<> u<279> t<Expression> p<282> c<278> s<281> l<36:15> el<36:22>
                        n<> u<278> t<Primary> p<279> c<277> l<36:15> el<36:22>
                          n<> u<277> t<Subroutine_call> p<278> c<264> l<36:15> el<36:22>
                            n<wa> u<264> t<SIMPLE_IDENTIFIER> p<277> s<276> l<36:15> el<36:17>
                            n<> u<276> t<Select> p<277> c<265> l<36:17> el<36:22>
                              n<> u<265> t<Bit_select> p<276> s<275> l<36:17> el<36:17>
                              n<> u<275> t<Part_select_range> p<276> c<274> l<36:18> el<36:21>
                                n<> u<274> t<Constant_range> p<275> c<269> l<36:18> el<36:21>
                                  n<> u<269> t<Constant_expression> p<274> c<268> s<273> l<36:18> el<36:19>
                                    n<> u<268> t<Constant_primary> p<269> c<267> l<36:18> el<36:19>
                                      n<> u<267> t<Primary_literal> p<268> c<266> l<36:18> el<36:19>
                                        n<7> u<266> t<INTEGRAL_NUMBER> p<267> l<36:18> el<36:19>
                                  n<> u<273> t<Constant_expression> p<274> c<272> l<36:20> el<36:21>
                                    n<> u<272> t<Constant_primary> p<273> c<271> l<36:20> el<36:21>
                                      n<> u<271> t<Primary_literal> p<272> c<270> l<36:20> el<36:21>
                                        n<0> u<270> t<INTEGRAL_NUMBER> p<271> l<36:20> el<36:21>
                      n<> u<281> t<CLOSE_PARENS> p<282> l<36:22> el<36:23>
                    n<> u<290> t<Named_port_connection> p<315> c<283> s<298> l<37:7> el<37:18>
                      n<wr> u<283> t<SIMPLE_IDENTIFIER> p<290> s<288> l<37:8> el<37:10>
                      n<> u<288> t<OPEN_PARENS> p<290> s<287> l<37:14> el<37:15>
                      n<> u<287> t<Expression> p<290> c<286> s<289> l<37:15> el<37:17>
                        n<> u<286> t<Primary> p<287> c<285> l<37:15> el<37:17>
                          n<> u<285> t<Primary_literal> p<286> c<284> l<37:15> el<37:17>
                            n<wr> u<284> t<SIMPLE_IDENTIFIER> p<285> l<37:15> el<37:17>
                      n<> u<289> t<CLOSE_PARENS> p<290> l<37:17> el<37:18>
                    n<> u<298> t<Named_port_connection> p<315> c<291> s<306> l<38:7> el<38:18>
                      n<rd> u<291> t<SIMPLE_IDENTIFIER> p<298> s<296> l<38:8> el<38:10>
                      n<> u<296> t<OPEN_PARENS> p<298> s<295> l<38:14> el<38:15>
                      n<> u<295> t<Expression> p<298> c<294> s<297> l<38:15> el<38:17>
                        n<> u<294> t<Primary> p<295> c<293> l<38:15> el<38:17>
                          n<> u<293> t<Primary_literal> p<294> c<292> l<38:15> el<38:17>
                            n<rd> u<292> t<SIMPLE_IDENTIFIER> p<293> l<38:15> el<38:17>
                      n<> u<297> t<CLOSE_PARENS> p<298> l<38:17> el<38:18>
                    n<> u<306> t<Named_port_connection> p<315> c<299> s<314> l<39:7> el<39:20>
                      n<clk> u<299> t<SIMPLE_IDENTIFIER> p<306> s<304> l<39:8> el<39:11>
                      n<> u<304> t<OPEN_PARENS> p<306> s<303> l<39:15> el<39:16>
                      n<> u<303> t<Expression> p<306> c<302> s<305> l<39:16> el<39:19>
                        n<> u<302> t<Primary> p<303> c<301> l<39:16> el<39:19>
                          n<> u<301> t<Primary_literal> p<302> c<300> l<39:16> el<39:19>
                            n<clk> u<300> t<SIMPLE_IDENTIFIER> p<301> l<39:16> el<39:19>
                      n<> u<305> t<CLOSE_PARENS> p<306> l<39:19> el<39:20>
                    n<> u<314> t<Named_port_connection> p<315> c<307> l<40:7> el<40:24>
                      n<rst_l> u<307> t<SIMPLE_IDENTIFIER> p<314> s<312> l<40:8> el<40:13>
                      n<> u<312> t<OPEN_PARENS> p<314> s<311> l<40:17> el<40:18>
                      n<> u<311> t<Expression> p<314> c<310> s<313> l<40:18> el<40:23>
                        n<> u<310> t<Primary> p<311> c<309> l<40:18> el<40:23>
                          n<> u<309> t<Primary_literal> p<310> c<308> l<40:18> el<40:23>
                            n<rst_l> u<308> t<SIMPLE_IDENTIFIER> p<309> l<40:18> el<40:23>
                      n<> u<313> t<CLOSE_PARENS> p<314> l<40:23> el<40:24>
        n<> u<321> t<ENDMODULE> p<322> l<42:1> el<42:10>
    n<> u<1066> t<Description> p<1067> c<1065> l<44:1> el<104:10>
      n<> u<1065> t<Module_declaration> p<1066> c<428> l<44:1> el<104:10>
        n<> u<428> t<Module_nonansi_header> p<1065> c<324> s<451> l<44:1> el<56:6>
          n<module> u<324> t<Module_keyword> p<428> s<325> l<44:1> el<44:7>
          n<reg_1r1w> u<325> t<SIMPLE_IDENTIFIER> p<428> s<326> l<44:8> el<44:16>
          n<> u<326> t<Package_import_declaration_list> p<428> s<375> l<45:4> el<45:4>
          n<> u<375> t<Parameter_port_list> p<428> c<338> s<376> l<45:4> el<50:7>
            n<> u<338> t<Parameter_port_declaration> p<375> c<337> s<350> l<46:6> el<46:24>
              n<> u<337> t<Parameter_declaration> p<338> c<327> l<46:6> el<46:24>
                n<> u<327> t<Data_type_or_implicit> p<337> s<336> l<46:16> el<46:16>
                n<> u<336> t<Param_assignment_list> p<337> c<335> l<46:16> el<46:24>
                  n<> u<335> t<Param_assignment> p<336> c<328> l<46:16> el<46:24>
                    n<WIDTH> u<328> t<SIMPLE_IDENTIFIER> p<335> s<334> l<46:16> el<46:21>
                    n<> u<334> t<Constant_param_expression> p<335> c<333> l<46:22> el<46:24>
                      n<> u<333> t<Constant_mintypmax_expression> p<334> c<332> l<46:22> el<46:24>
                        n<> u<332> t<Constant_expression> p<333> c<331> l<46:22> el<46:24>
                          n<> u<331> t<Constant_primary> p<332> c<330> l<46:22> el<46:24>
                            n<> u<330> t<Primary_literal> p<331> c<329> l<46:22> el<46:24>
                              n<32> u<329> t<INTEGRAL_NUMBER> p<330> l<46:22> el<46:24>
            n<> u<350> t<Parameter_port_declaration> p<375> c<349> s<362> l<47:6> el<47:25>
              n<> u<349> t<Parameter_declaration> p<350> c<339> l<47:6> el<47:25>
                n<> u<339> t<Data_type_or_implicit> p<349> s<348> l<47:16> el<47:16>
                n<> u<348> t<Param_assignment_list> p<349> c<347> l<47:16> el<47:25>
                  n<> u<347> t<Param_assignment> p<348> c<340> l<47:16> el<47:25>
                    n<ADRWID> u<340> t<SIMPLE_IDENTIFIER> p<347> s<346> l<47:16> el<47:22>
                    n<> u<346> t<Constant_param_expression> p<347> c<345> l<47:23> el<47:25>
                      n<> u<345> t<Constant_mintypmax_expression> p<346> c<344> l<47:23> el<47:25>
                        n<> u<344> t<Constant_expression> p<345> c<343> l<47:23> el<47:25>
                          n<> u<343> t<Constant_primary> p<344> c<342> l<47:23> el<47:25>
                            n<> u<342> t<Primary_literal> p<343> c<341> l<47:23> el<47:25>
                              n<10> u<341> t<INTEGRAL_NUMBER> p<342> l<47:23> el<47:25>
            n<> u<362> t<Parameter_port_declaration> p<375> c<361> s<374> l<48:6> el<48:26>
              n<> u<361> t<Parameter_declaration> p<362> c<351> l<48:6> el<48:26>
                n<> u<351> t<Data_type_or_implicit> p<361> s<360> l<48:16> el<48:16>
                n<> u<360> t<Param_assignment_list> p<361> c<359> l<48:16> el<48:26>
                  n<> u<359> t<Param_assignment> p<360> c<352> l<48:16> el<48:26>
                    n<DEPTH> u<352> t<SIMPLE_IDENTIFIER> p<359> s<358> l<48:16> el<48:21>
                    n<> u<358> t<Constant_param_expression> p<359> c<357> l<48:22> el<48:26>
                      n<> u<357> t<Constant_mintypmax_expression> p<358> c<356> l<48:22> el<48:26>
                        n<> u<356> t<Constant_expression> p<357> c<355> l<48:22> el<48:26>
                          n<> u<355> t<Constant_primary> p<356> c<354> l<48:22> el<48:26>
                            n<> u<354> t<Primary_literal> p<355> c<353> l<48:22> el<48:26>
                              n<1024> u<353> t<INTEGRAL_NUMBER> p<354> l<48:22> el<48:26>
            n<> u<374> t<Parameter_port_declaration> p<375> c<373> l<49:6> el<49:21>
              n<> u<373> t<Parameter_declaration> p<374> c<363> l<49:6> el<49:21>
                n<> u<363> t<Data_type_or_implicit> p<373> s<372> l<49:16> el<49:16>
                n<> u<372> t<Param_assignment_list> p<373> c<371> l<49:16> el<49:21>
                  n<> u<371> t<Param_assignment> p<372> c<364> l<49:16> el<49:21>
                    n<RST> u<364> t<SIMPLE_IDENTIFIER> p<371> s<370> l<49:16> el<49:19>
                    n<> u<370> t<Constant_param_expression> p<371> c<369> l<49:20> el<49:21>
                      n<> u<369> t<Constant_mintypmax_expression> p<370> c<368> l<49:20> el<49:21>
                        n<> u<368> t<Constant_expression> p<369> c<367> l<49:20> el<49:21>
                          n<> u<367> t<Constant_primary> p<368> c<366> l<49:20> el<49:21>
                            n<> u<366> t<Primary_literal> p<367> c<365> l<49:20> el<49:21>
                              n<0> u<365> t<INTEGRAL_NUMBER> p<366> l<49:20> el<49:21>
          n</*AUTOARG*/> u<376> t<BLOCK_COMMENT> p<428> s<377> l<51:5> el<56:5>
          n<// Outputs> u<377> t<LINE_COMMENT> p<428> s<427> l<52:4> el<52:14>
          n<> u<427> t<Port_list> p<428> c<383> l<51:5> el<56:5>
            n<> u<383> t<Port> p<427> c<382> s<384> l<53:4> el<53:12>
              n<> u<382> t<Port_expression> p<383> c<381> l<53:4> el<53:12>
                n<> u<381> t<Port_reference> p<382> c<378> l<53:4> el<53:12>
                  n<data_out> u<378> t<SIMPLE_IDENTIFIER> p<381> s<380> l<53:4> el<53:12>
                  n<> u<380> t<Constant_select> p<381> c<379> l<53:12> el<53:12>
                    n<> u<379> t<Constant_bit_select> p<380> l<53:12> el<53:12>
            n<// Inputs> u<384> t<LINE_COMMENT> p<427> s<390> l<54:4> el<54:13>
            n<> u<390> t<Port> p<427> c<389> s<396> l<55:4> el<55:11>
              n<> u<389> t<Port_expression> p<390> c<388> l<55:4> el<55:11>
                n<> u<388> t<Port_reference> p<389> c<385> l<55:4> el<55:11>
                  n<data_in> u<385> t<SIMPLE_IDENTIFIER> p<388> s<387> l<55:4> el<55:11>
                  n<> u<387> t<Constant_select> p<388> c<386> l<55:11> el<55:11>
                    n<> u<386> t<Constant_bit_select> p<387> l<55:11> el<55:11>
            n<> u<396> t<Port> p<427> c<395> s<402> l<55:13> el<55:15>
              n<> u<395> t<Port_expression> p<396> c<394> l<55:13> el<55:15>
                n<> u<394> t<Port_reference> p<395> c<391> l<55:13> el<55:15>
                  n<ra> u<391> t<SIMPLE_IDENTIFIER> p<394> s<393> l<55:13> el<55:15>
                  n<> u<393> t<Constant_select> p<394> c<392> l<55:15> el<55:15>
                    n<> u<392> t<Constant_bit_select> p<393> l<55:15> el<55:15>
            n<> u<402> t<Port> p<427> c<401> s<408> l<55:17> el<55:19>
              n<> u<401> t<Port_expression> p<402> c<400> l<55:17> el<55:19>
                n<> u<400> t<Port_reference> p<401> c<397> l<55:17> el<55:19>
                  n<wa> u<397> t<SIMPLE_IDENTIFIER> p<400> s<399> l<55:17> el<55:19>
                  n<> u<399> t<Constant_select> p<400> c<398> l<55:19> el<55:19>
                    n<> u<398> t<Constant_bit_select> p<399> l<55:19> el<55:19>
            n<> u<408> t<Port> p<427> c<407> s<414> l<55:21> el<55:23>
              n<> u<407> t<Port_expression> p<408> c<406> l<55:21> el<55:23>
                n<> u<406> t<Port_reference> p<407> c<403> l<55:21> el<55:23>
                  n<wr> u<403> t<SIMPLE_IDENTIFIER> p<406> s<405> l<55:21> el<55:23>
                  n<> u<405> t<Constant_select> p<406> c<404> l<55:23> el<55:23>
                    n<> u<404> t<Constant_bit_select> p<405> l<55:23> el<55:23>
            n<> u<414> t<Port> p<427> c<413> s<420> l<55:25> el<55:27>
              n<> u<413> t<Port_expression> p<414> c<412> l<55:25> el<55:27>
                n<> u<412> t<Port_reference> p<413> c<409> l<55:25> el<55:27>
                  n<rd> u<409> t<SIMPLE_IDENTIFIER> p<412> s<411> l<55:25> el<55:27>
                  n<> u<411> t<Constant_select> p<412> c<410> l<55:27> el<55:27>
                    n<> u<410> t<Constant_bit_select> p<411> l<55:27> el<55:27>
            n<> u<420> t<Port> p<427> c<419> s<426> l<55:29> el<55:32>
              n<> u<419> t<Port_expression> p<420> c<418> l<55:29> el<55:32>
                n<> u<418> t<Port_reference> p<419> c<415> l<55:29> el<55:32>
                  n<clk> u<415> t<SIMPLE_IDENTIFIER> p<418> s<417> l<55:29> el<55:32>
                  n<> u<417> t<Constant_select> p<418> c<416> l<55:32> el<55:32>
                    n<> u<416> t<Constant_bit_select> p<417> l<55:32> el<55:32>
            n<> u<426> t<Port> p<427> c<425> l<55:34> el<55:39>
              n<> u<425> t<Port_expression> p<426> c<424> l<55:34> el<55:39>
                n<> u<424> t<Port_reference> p<425> c<421> l<55:34> el<55:39>
                  n<rst_l> u<421> t<SIMPLE_IDENTIFIER> p<424> s<423> l<55:34> el<55:39>
                  n<> u<423> t<Constant_select> p<424> c<422> l<56:4> el<56:4>
                    n<> u<422> t<Constant_bit_select> p<423> l<56:4> el<56:4>
        n<> u<451> t<Module_item> p<1065> c<450> s<474> l<58:5> el<58:31>
          n<> u<450> t<Port_declaration> p<451> c<449> l<58:5> el<58:30>
            n<> u<449> t<Input_declaration> p<450> c<446> l<58:5> el<58:30>
              n<> u<446> t<Net_port_type> p<449> c<445> s<448> l<58:11> el<58:22>
                n<> u<445> t<Data_type_or_implicit> p<446> c<444> l<58:11> el<58:22>
                  n<> u<444> t<Packed_dimension> p<445> c<443> l<58:11> el<58:22>
                    n<> u<443> t<Constant_range> p<444> c<438> l<58:12> el<58:21>
                      n<> u<438> t<Constant_expression> p<443> c<432> s<442> l<58:12> el<58:19>
                        n<> u<432> t<Constant_expression> p<438> c<431> s<437> l<58:12> el<58:17>
                          n<> u<431> t<Constant_primary> p<432> c<430> l<58:12> el<58:17>
                            n<> u<430> t<Primary_literal> p<431> c<429> l<58:12> el<58:17>
                              n<WIDTH> u<429> t<SIMPLE_IDENTIFIER> p<430> l<58:12> el<58:17>
                        n<> u<437> t<BinaryOp_Minus> p<438> s<436> l<58:17> el<58:18>
                        n<> u<436> t<Constant_expression> p<438> c<435> l<58:18> el<58:19>
                          n<> u<435> t<Constant_primary> p<436> c<434> l<58:18> el<58:19>
                            n<> u<434> t<Primary_literal> p<435> c<433> l<58:18> el<58:19>
                              n<1> u<433> t<INTEGRAL_NUMBER> p<434> l<58:18> el<58:19>
                      n<> u<442> t<Constant_expression> p<443> c<441> l<58:20> el<58:21>
                        n<> u<441> t<Constant_primary> p<442> c<440> l<58:20> el<58:21>
                          n<> u<440> t<Primary_literal> p<441> c<439> l<58:20> el<58:21>
                            n<0> u<439> t<INTEGRAL_NUMBER> p<440> l<58:20> el<58:21>
              n<> u<448> t<Port_identifier_list> p<449> c<447> l<58:23> el<58:30>
                n<data_in> u<447> t<SIMPLE_IDENTIFIER> p<448> l<58:23> el<58:30>
        n<> u<474> t<Module_item> p<1065> c<473> s<497> l<59:5> el<59:27>
          n<> u<473> t<Port_declaration> p<474> c<472> l<59:5> el<59:26>
            n<> u<472> t<Input_declaration> p<473> c<469> l<59:5> el<59:26>
              n<> u<469> t<Net_port_type> p<472> c<468> s<471> l<59:11> el<59:23>
                n<> u<468> t<Data_type_or_implicit> p<469> c<467> l<59:11> el<59:23>
                  n<> u<467> t<Packed_dimension> p<468> c<466> l<59:11> el<59:23>
                    n<> u<466> t<Constant_range> p<467> c<461> l<59:12> el<59:22>
                      n<> u<461> t<Constant_expression> p<466> c<455> s<465> l<59:12> el<59:20>
                        n<> u<455> t<Constant_expression> p<461> c<454> s<460> l<59:12> el<59:18>
                          n<> u<454> t<Constant_primary> p<455> c<453> l<59:12> el<59:18>
                            n<> u<453> t<Primary_literal> p<454> c<452> l<59:12> el<59:18>
                              n<ADRWID> u<452> t<SIMPLE_IDENTIFIER> p<453> l<59:12> el<59:18>
                        n<> u<460> t<BinaryOp_Minus> p<461> s<459> l<59:18> el<59:19>
                        n<> u<459> t<Constant_expression> p<461> c<458> l<59:19> el<59:20>
                          n<> u<458> t<Constant_primary> p<459> c<457> l<59:19> el<59:20>
                            n<> u<457> t<Primary_literal> p<458> c<456> l<59:19> el<59:20>
                              n<1> u<456> t<INTEGRAL_NUMBER> p<457> l<59:19> el<59:20>
                      n<> u<465> t<Constant_expression> p<466> c<464> l<59:21> el<59:22>
                        n<> u<464> t<Constant_primary> p<465> c<463> l<59:21> el<59:22>
                          n<> u<463> t<Primary_literal> p<464> c<462> l<59:21> el<59:22>
                            n<0> u<462> t<INTEGRAL_NUMBER> p<463> l<59:21> el<59:22>
              n<> u<471> t<Port_identifier_list> p<472> c<470> l<59:24> el<59:26>
                n<ra> u<470> t<SIMPLE_IDENTIFIER> p<471> l<59:24> el<59:26>
        n<> u<497> t<Module_item> p<1065> c<496> s<504> l<60:5> el<60:27>
          n<> u<496> t<Port_declaration> p<497> c<495> l<60:5> el<60:26>
            n<> u<495> t<Input_declaration> p<496> c<492> l<60:5> el<60:26>
              n<> u<492> t<Net_port_type> p<495> c<491> s<494> l<60:11> el<60:23>
                n<> u<491> t<Data_type_or_implicit> p<492> c<490> l<60:11> el<60:23>
                  n<> u<490> t<Packed_dimension> p<491> c<489> l<60:11> el<60:23>
                    n<> u<489> t<Constant_range> p<490> c<484> l<60:12> el<60:22>
                      n<> u<484> t<Constant_expression> p<489> c<478> s<488> l<60:12> el<60:20>
                        n<> u<478> t<Constant_expression> p<484> c<477> s<483> l<60:12> el<60:18>
                          n<> u<477> t<Constant_primary> p<478> c<476> l<60:12> el<60:18>
                            n<> u<476> t<Primary_literal> p<477> c<475> l<60:12> el<60:18>
                              n<ADRWID> u<475> t<SIMPLE_IDENTIFIER> p<476> l<60:12> el<60:18>
                        n<> u<483> t<BinaryOp_Minus> p<484> s<482> l<60:18> el<60:19>
                        n<> u<482> t<Constant_expression> p<484> c<481> l<60:19> el<60:20>
                          n<> u<481> t<Constant_primary> p<482> c<480> l<60:19> el<60:20>
                            n<> u<480> t<Primary_literal> p<481> c<479> l<60:19> el<60:20>
                              n<1> u<479> t<INTEGRAL_NUMBER> p<480> l<60:19> el<60:20>
                      n<> u<488> t<Constant_expression> p<489> c<487> l<60:21> el<60:22>
                        n<> u<487> t<Constant_primary> p<488> c<486> l<60:21> el<60:22>
                          n<> u<486> t<Primary_literal> p<487> c<485> l<60:21> el<60:22>
                            n<0> u<485> t<INTEGRAL_NUMBER> p<486> l<60:21> el<60:22>
              n<> u<494> t<Port_identifier_list> p<495> c<493> l<60:24> el<60:26>
                n<wa> u<493> t<SIMPLE_IDENTIFIER> p<494> l<60:24> el<60:26>
        n<> u<504> t<Module_item> p<1065> c<503> s<511> l<61:5> el<61:14>
          n<> u<503> t<Port_declaration> p<504> c<502> l<61:5> el<61:13>
            n<> u<502> t<Input_declaration> p<503> c<499> l<61:5> el<61:13>
              n<> u<499> t<Net_port_type> p<502> c<498> s<501> l<61:11> el<61:11>
                n<> u<498> t<Data_type_or_implicit> p<499> l<61:11> el<61:11>
              n<> u<501> t<Port_identifier_list> p<502> c<500> l<61:11> el<61:13>
                n<wr> u<500> t<SIMPLE_IDENTIFIER> p<501> l<61:11> el<61:13>
        n<> u<511> t<Module_item> p<1065> c<510> s<518> l<62:5> el<62:14>
          n<> u<510> t<Port_declaration> p<511> c<509> l<62:5> el<62:13>
            n<> u<509> t<Input_declaration> p<510> c<506> l<62:5> el<62:13>
              n<> u<506> t<Net_port_type> p<509> c<505> s<508> l<62:11> el<62:11>
                n<> u<505> t<Data_type_or_implicit> p<506> l<62:11> el<62:11>
              n<> u<508> t<Port_identifier_list> p<509> c<507> l<62:11> el<62:13>
                n<rd> u<507> t<SIMPLE_IDENTIFIER> p<508> l<62:11> el<62:13>
        n<> u<518> t<Module_item> p<1065> c<517> s<525> l<63:5> el<63:15>
          n<> u<517> t<Port_declaration> p<518> c<516> l<63:5> el<63:14>
            n<> u<516> t<Input_declaration> p<517> c<513> l<63:5> el<63:14>
              n<> u<513> t<Net_port_type> p<516> c<512> s<515> l<63:11> el<63:11>
                n<> u<512> t<Data_type_or_implicit> p<513> l<63:11> el<63:11>
              n<> u<515> t<Port_identifier_list> p<516> c<514> l<63:11> el<63:14>
                n<clk> u<514> t<SIMPLE_IDENTIFIER> p<515> l<63:11> el<63:14>
        n<> u<525> t<Module_item> p<1065> c<524> s<548> l<64:5> el<64:17>
          n<> u<524> t<Port_declaration> p<525> c<523> l<64:5> el<64:16>
            n<> u<523> t<Input_declaration> p<524> c<520> l<64:5> el<64:16>
              n<> u<520> t<Net_port_type> p<523> c<519> s<522> l<64:11> el<64:11>
                n<> u<519> t<Data_type_or_implicit> p<520> l<64:11> el<64:11>
              n<> u<522> t<Port_identifier_list> p<523> c<521> l<64:11> el<64:16>
                n<rst_l> u<521> t<SIMPLE_IDENTIFIER> p<522> l<64:11> el<64:16>
        n<> u<548> t<Module_item> p<1065> c<547> s<594> l<66:5> el<66:33>
          n<> u<547> t<Port_declaration> p<548> c<546> l<66:5> el<66:32>
            n<> u<546> t<Output_declaration> p<547> c<543> l<66:5> el<66:32>
              n<> u<543> t<Net_port_type> p<546> c<542> s<545> l<66:12> el<66:23>
                n<> u<542> t<Data_type_or_implicit> p<543> c<541> l<66:12> el<66:23>
                  n<> u<541> t<Packed_dimension> p<542> c<540> l<66:12> el<66:23>
                    n<> u<540> t<Constant_range> p<541> c<535> l<66:13> el<66:22>
                      n<> u<535> t<Constant_expression> p<540> c<529> s<539> l<66:13> el<66:20>
                        n<> u<529> t<Constant_expression> p<535> c<528> s<534> l<66:13> el<66:18>
                          n<> u<528> t<Constant_primary> p<529> c<527> l<66:13> el<66:18>
                            n<> u<527> t<Primary_literal> p<528> c<526> l<66:13> el<66:18>
                              n<WIDTH> u<526> t<SIMPLE_IDENTIFIER> p<527> l<66:13> el<66:18>
                        n<> u<534> t<BinaryOp_Minus> p<535> s<533> l<66:18> el<66:19>
                        n<> u<533> t<Constant_expression> p<535> c<532> l<66:19> el<66:20>
                          n<> u<532> t<Constant_primary> p<533> c<531> l<66:19> el<66:20>
                            n<> u<531> t<Primary_literal> p<532> c<530> l<66:19> el<66:20>
                              n<1> u<530> t<INTEGRAL_NUMBER> p<531> l<66:19> el<66:20>
                      n<> u<539> t<Constant_expression> p<540> c<538> l<66:21> el<66:22>
                        n<> u<538> t<Constant_primary> p<539> c<537> l<66:21> el<66:22>
                          n<> u<537> t<Primary_literal> p<538> c<536> l<66:21> el<66:22>
                            n<0> u<536> t<INTEGRAL_NUMBER> p<537> l<66:21> el<66:22>
              n<> u<545> t<Port_identifier_list> p<546> c<544> l<66:24> el<66:32>
                n<data_out> u<544> t<SIMPLE_IDENTIFIER> p<545> l<66:24> el<66:32>
        n<> u<594> t<Module_item> p<1065> c<593> s<625> l<68:5> el<68:39>
          n<> u<593> t<Non_port_module_item> p<594> c<592> l<68:5> el<68:39>
            n<> u<592> t<Module_or_generate_item> p<593> c<591> l<68:5> el<68:39>
              n<> u<591> t<Module_common_item> p<592> c<590> l<68:5> el<68:39>
                n<> u<590> t<Module_or_generate_item_declaration> p<591> c<589> l<68:5> el<68:39>
                  n<> u<589> t<Package_or_generate_item_declaration> p<590> c<588> l<68:5> el<68:39>
                    n<> u<588> t<Data_declaration> p<589> c<587> l<68:5> el<68:39>
                      n<> u<587> t<Variable_declaration> p<588> c<566> l<68:5> el<68:39>
                        n<> u<566> t<Data_type> p<587> c<549> s<586> l<68:5> el<68:20>
                          n<> u<549> t<REG> p<566> s<565> l<68:5> el<68:8>
                          n<> u<565> t<Packed_dimension> p<566> c<564> l<68:9> el<68:20>
                            n<> u<564> t<Constant_range> p<565> c<559> l<68:10> el<68:19>
                              n<> u<559> t<Constant_expression> p<564> c<553> s<563> l<68:10> el<68:17>
                                n<> u<553> t<Constant_expression> p<559> c<552> s<558> l<68:10> el<68:15>
                                  n<> u<552> t<Constant_primary> p<553> c<551> l<68:10> el<68:15>
                                    n<> u<551> t<Primary_literal> p<552> c<550> l<68:10> el<68:15>
                                      n<WIDTH> u<550> t<SIMPLE_IDENTIFIER> p<551> l<68:10> el<68:15>
                                n<> u<558> t<BinaryOp_Minus> p<559> s<557> l<68:15> el<68:16>
                                n<> u<557> t<Constant_expression> p<559> c<556> l<68:16> el<68:17>
                                  n<> u<556> t<Constant_primary> p<557> c<555> l<68:16> el<68:17>
                                    n<> u<555> t<Primary_literal> p<556> c<554> l<68:16> el<68:17>
                                      n<1> u<554> t<INTEGRAL_NUMBER> p<555> l<68:16> el<68:17>
                              n<> u<563> t<Constant_expression> p<564> c<562> l<68:18> el<68:19>
                                n<> u<562> t<Constant_primary> p<563> c<561> l<68:18> el<68:19>
                                  n<> u<561> t<Primary_literal> p<562> c<560> l<68:18> el<68:19>
                                    n<0> u<560> t<INTEGRAL_NUMBER> p<561> l<68:18> el<68:19>
                        n<> u<586> t<Variable_decl_assignment_list> p<587> c<585> l<68:21> el<68:38>
                          n<> u<585> t<Variable_decl_assignment> p<586> c<567> l<68:21> el<68:38>
                            n<array> u<567> t<SIMPLE_IDENTIFIER> p<585> s<584> l<68:21> el<68:26>
                            n<> u<584> t<Variable_dimension> p<585> c<583> l<68:27> el<68:38>
                              n<> u<583> t<Unpacked_dimension> p<584> c<582> l<68:27> el<68:38>
                                n<> u<582> t<Constant_range> p<583> c<577> l<68:28> el<68:37>
                                  n<> u<577> t<Constant_expression> p<582> c<571> s<581> l<68:28> el<68:35>
                                    n<> u<571> t<Constant_expression> p<577> c<570> s<576> l<68:28> el<68:33>
                                      n<> u<570> t<Constant_primary> p<571> c<569> l<68:28> el<68:33>
                                        n<> u<569> t<Primary_literal> p<570> c<568> l<68:28> el<68:33>
                                          n<DEPTH> u<568> t<SIMPLE_IDENTIFIER> p<569> l<68:28> el<68:33>
                                    n<> u<576> t<BinaryOp_Minus> p<577> s<575> l<68:33> el<68:34>
                                    n<> u<575> t<Constant_expression> p<577> c<574> l<68:34> el<68:35>
                                      n<> u<574> t<Constant_primary> p<575> c<573> l<68:34> el<68:35>
                                        n<> u<573> t<Primary_literal> p<574> c<572> l<68:34> el<68:35>
                                          n<1> u<572> t<INTEGRAL_NUMBER> p<573> l<68:34> el<68:35>
                                  n<> u<581> t<Constant_expression> p<582> c<580> l<68:36> el<68:37>
                                    n<> u<580> t<Constant_primary> p<581> c<579> l<68:36> el<68:37>
                                      n<> u<579> t<Primary_literal> p<580> c<578> l<68:36> el<68:37>
                                        n<0> u<578> t<INTEGRAL_NUMBER> p<579> l<68:36> el<68:37>
        n<> u<625> t<Module_item> p<1065> c<624> s<654> l<69:5> el<69:33>
          n<> u<624> t<Non_port_module_item> p<625> c<623> l<69:5> el<69:33>
            n<> u<623> t<Module_or_generate_item> p<624> c<622> l<69:5> el<69:33>
              n<> u<622> t<Module_common_item> p<623> c<621> l<69:5> el<69:33>
                n<> u<621> t<Module_or_generate_item_declaration> p<622> c<620> l<69:5> el<69:33>
                  n<> u<620> t<Package_or_generate_item_declaration> p<621> c<619> l<69:5> el<69:33>
                    n<> u<619> t<Data_declaration> p<620> c<618> l<69:5> el<69:33>
                      n<> u<618> t<Variable_declaration> p<619> c<612> l<69:5> el<69:33>
                        n<> u<612> t<Data_type> p<618> c<595> s<617> l<69:5> el<69:21>
                          n<> u<595> t<REG> p<612> s<611> l<69:5> el<69:8>
                          n<> u<611> t<Packed_dimension> p<612> c<610> l<69:9> el<69:21>
                            n<> u<610> t<Constant_range> p<611> c<605> l<69:10> el<69:20>
                              n<> u<605> t<Constant_expression> p<610> c<599> s<609> l<69:10> el<69:18>
                                n<> u<599> t<Constant_expression> p<605> c<598> s<604> l<69:10> el<69:16>
                                  n<> u<598> t<Constant_primary> p<599> c<597> l<69:10> el<69:16>
                                    n<> u<597> t<Primary_literal> p<598> c<596> l<69:10> el<69:16>
                                      n<ADRWID> u<596> t<SIMPLE_IDENTIFIER> p<597> l<69:10> el<69:16>
                                n<> u<604> t<BinaryOp_Minus> p<605> s<603> l<69:16> el<69:17>
                                n<> u<603> t<Constant_expression> p<605> c<602> l<69:17> el<69:18>
                                  n<> u<602> t<Constant_primary> p<603> c<601> l<69:17> el<69:18>
                                    n<> u<601> t<Primary_literal> p<602> c<600> l<69:17> el<69:18>
                                      n<1> u<600> t<INTEGRAL_NUMBER> p<601> l<69:17> el<69:18>
                              n<> u<609> t<Constant_expression> p<610> c<608> l<69:19> el<69:20>
                                n<> u<608> t<Constant_primary> p<609> c<607> l<69:19> el<69:20>
                                  n<> u<607> t<Primary_literal> p<608> c<606> l<69:19> el<69:20>
                                    n<0> u<606> t<INTEGRAL_NUMBER> p<607> l<69:19> el<69:20>
                        n<> u<617> t<Variable_decl_assignment_list> p<618> c<614> l<69:22> el<69:32>
                          n<> u<614> t<Variable_decl_assignment> p<617> c<613> s<616> l<69:22> el<69:26>
                            n<ra_r> u<613> t<SIMPLE_IDENTIFIER> p<614> l<69:22> el<69:26>
                          n<> u<616> t<Variable_decl_assignment> p<617> c<615> l<69:28> el<69:32>
                            n<wa_r> u<615> t<SIMPLE_IDENTIFIER> p<616> l<69:28> el<69:32>
        n<> u<654> t<Module_item> p<1065> c<653> s<667> l<70:5> el<70:32>
          n<> u<653> t<Non_port_module_item> p<654> c<652> l<70:5> el<70:32>
            n<> u<652> t<Module_or_generate_item> p<653> c<651> l<70:5> el<70:32>
              n<> u<651> t<Module_common_item> p<652> c<650> l<70:5> el<70:32>
                n<> u<650> t<Module_or_generate_item_declaration> p<651> c<649> l<70:5> el<70:32>
                  n<> u<649> t<Package_or_generate_item_declaration> p<650> c<648> l<70:5> el<70:32>
                    n<> u<648> t<Data_declaration> p<649> c<647> l<70:5> el<70:32>
                      n<> u<647> t<Variable_declaration> p<648> c<643> l<70:5> el<70:32>
                        n<> u<643> t<Data_type> p<647> c<626> s<646> l<70:5> el<70:20>
                          n<> u<626> t<REG> p<643> s<642> l<70:5> el<70:8>
                          n<> u<642> t<Packed_dimension> p<643> c<641> l<70:9> el<70:20>
                            n<> u<641> t<Constant_range> p<642> c<636> l<70:10> el<70:19>
                              n<> u<636> t<Constant_expression> p<641> c<630> s<640> l<70:10> el<70:17>
                                n<> u<630> t<Constant_expression> p<636> c<629> s<635> l<70:10> el<70:15>
                                  n<> u<629> t<Constant_primary> p<630> c<628> l<70:10> el<70:15>
                                    n<> u<628> t<Primary_literal> p<629> c<627> l<70:10> el<70:15>
                                      n<WIDTH> u<627> t<SIMPLE_IDENTIFIER> p<628> l<70:10> el<70:15>
                                n<> u<635> t<BinaryOp_Minus> p<636> s<634> l<70:15> el<70:16>
                                n<> u<634> t<Constant_expression> p<636> c<633> l<70:16> el<70:17>
                                  n<> u<633> t<Constant_primary> p<634> c<632> l<70:16> el<70:17>
                                    n<> u<632> t<Primary_literal> p<633> c<631> l<70:16> el<70:17>
                                      n<1> u<631> t<INTEGRAL_NUMBER> p<632> l<70:16> el<70:17>
                              n<> u<640> t<Constant_expression> p<641> c<639> l<70:18> el<70:19>
                                n<> u<639> t<Constant_primary> p<640> c<638> l<70:18> el<70:19>
                                  n<> u<638> t<Primary_literal> p<639> c<637> l<70:18> el<70:19>
                                    n<0> u<637> t<INTEGRAL_NUMBER> p<638> l<70:18> el<70:19>
                        n<> u<646> t<Variable_decl_assignment_list> p<647> c<645> l<70:22> el<70:31>
                          n<> u<645> t<Variable_decl_assignment> p<646> c<644> l<70:22> el<70:31>
                            n<data_in_r> u<644> t<SIMPLE_IDENTIFIER> p<645> l<70:22> el<70:31>
        n<> u<667> t<Module_item> p<1065> c<666> s<680> l<71:5> el<71:26>
          n<> u<666> t<Non_port_module_item> p<667> c<665> l<71:5> el<71:26>
            n<> u<665> t<Module_or_generate_item> p<666> c<664> l<71:5> el<71:26>
              n<> u<664> t<Module_common_item> p<665> c<663> l<71:5> el<71:26>
                n<> u<663> t<Module_or_generate_item_declaration> p<664> c<662> l<71:5> el<71:26>
                  n<> u<662> t<Package_or_generate_item_declaration> p<663> c<661> l<71:5> el<71:26>
                    n<> u<661> t<Data_declaration> p<662> c<660> l<71:5> el<71:26>
                      n<> u<660> t<Variable_declaration> p<661> c<656> l<71:5> el<71:26>
                        n<> u<656> t<Data_type> p<660> c<655> s<659> l<71:5> el<71:8>
                          n<> u<655> t<REG> p<656> l<71:5> el<71:8>
                        n<> u<659> t<Variable_decl_assignment_list> p<660> c<658> l<71:21> el<71:25>
                          n<> u<658> t<Variable_decl_assignment> p<659> c<657> l<71:21> el<71:25>
                            n<wr_r> u<657> t<SIMPLE_IDENTIFIER> p<658> l<71:21> el<71:25>
        n<> u<680> t<Module_item> p<1065> c<679> s<693> l<72:5> el<72:26>
          n<> u<679> t<Non_port_module_item> p<680> c<678> l<72:5> el<72:26>
            n<> u<678> t<Module_or_generate_item> p<679> c<677> l<72:5> el<72:26>
              n<> u<677> t<Module_common_item> p<678> c<676> l<72:5> el<72:26>
                n<> u<676> t<Module_or_generate_item_declaration> p<677> c<675> l<72:5> el<72:26>
                  n<> u<675> t<Package_or_generate_item_declaration> p<676> c<674> l<72:5> el<72:26>
                    n<> u<674> t<Data_declaration> p<675> c<673> l<72:5> el<72:26>
                      n<> u<673> t<Variable_declaration> p<674> c<669> l<72:5> el<72:26>
                        n<> u<669> t<Data_type> p<673> c<668> s<672> l<72:5> el<72:8>
                          n<> u<668> t<REG> p<669> l<72:5> el<72:8>
                        n<> u<672> t<Variable_decl_assignment_list> p<673> c<671> l<72:21> el<72:25>
                          n<> u<671> t<Variable_decl_assignment> p<672> c<670> l<72:21> el<72:25>
                            n<rd_r> u<670> t<SIMPLE_IDENTIFIER> p<671> l<72:21> el<72:25>
        n<> u<693> t<Module_item> p<1065> c<692> s<694> l<74:5> el<74:22>
          n<> u<692> t<Non_port_module_item> p<693> c<691> l<74:5> el<74:22>
            n<> u<691> t<Module_or_generate_item> p<692> c<690> l<74:5> el<74:22>
              n<> u<690> t<Module_common_item> p<691> c<689> l<74:5> el<74:22>
                n<> u<689> t<Module_or_generate_item_declaration> p<690> c<688> l<74:5> el<74:22>
                  n<> u<688> t<Package_or_generate_item_declaration> p<689> c<687> l<74:5> el<74:22>
                    n<> u<687> t<Data_declaration> p<688> c<686> l<74:5> el<74:22>
                      n<> u<686> t<Variable_declaration> p<687> c<682> l<74:5> el<74:22>
                        n<> u<682> t<Data_type> p<686> c<681> s<685> l<74:5> el<74:12>
                          n<> u<681> t<INTEGER> p<682> l<74:5> el<74:12>
                        n<> u<685> t<Variable_decl_assignment_list> p<686> c<684> l<74:20> el<74:21>
                          n<> u<684> t<Variable_decl_assignment> p<685> c<683> l<74:20> el<74:21>
                            n<x> u<683> t<SIMPLE_IDENTIFIER> p<684> l<74:20> el<74:21>
        n<// Message 679> u<694> t<LINE_COMMENT> p<1065> s<765> l<76:5> el<76:19>
        n<> u<765> t<Module_item> p<1065> c<764> s<1063> l<77:5> el<80:8>
          n<> u<764> t<Non_port_module_item> p<765> c<763> l<77:5> el<80:8>
            n<> u<763> t<Module_or_generate_item> p<764> c<762> l<77:5> el<80:8>
              n<> u<762> t<Module_common_item> p<763> c<761> l<77:5> el<80:8>
                n<> u<761> t<Always_construct> p<762> c<695> l<77:5> el<80:8>
                  n<> u<695> t<ALWAYS> p<761> s<760> l<77:5> el<77:11>
                  n<> u<760> t<Statement> p<761> c<759> l<77:12> el<80:8>
                    n<> u<759> t<Statement_item> p<760> c<758> l<77:12> el<80:8>
                      n<> u<758> t<Procedural_timing_control_statement> p<759> c<703> l<77:12> el<80:8>
                        n<> u<703> t<Procedural_timing_control> p<758> c<702> s<757> l<77:12> el<77:26>
                          n<> u<702> t<Event_control> p<703> c<701> l<77:12> el<77:26>
                            n<> u<701> t<Event_expression> p<702> c<696> l<77:14> el<77:25>
                              n<> u<696> t<POSEDGE> p<701> s<700> l<77:14> el<77:21>
                              n<> u<700> t<Expression> p<701> c<699> l<77:22> el<77:25>
                                n<> u<699> t<Primary> p<700> c<698> l<77:22> el<77:25>
                                  n<> u<698> t<Primary_literal> p<699> c<697> l<77:22> el<77:25>
                                    n<clk> u<697> t<SIMPLE_IDENTIFIER> p<698> l<77:22> el<77:25>
                        n<> u<757> t<Statement_or_null> p<758> c<756> l<77:27> el<80:8>
                          n<> u<756> t<Statement> p<757> c<755> l<77:27> el<80:8>
                            n<> u<755> t<Statement_item> p<756> c<754> l<77:27> el<80:8>
                              n<> u<754> t<Seq_block> p<755> c<721> l<77:27> el<80:8>
                                n<> u<721> t<Block_item_declaration> p<754> c<720> s<752> l<78:8> el<78:24>
                                  n<> u<720> t<Data_declaration> p<721> c<719> l<78:8> el<78:24>
                                    n<> u<719> t<Variable_declaration> p<720> c<705> l<78:8> el<78:24>
                                      n<> u<705> t<Data_type> p<719> c<704> s<718> l<78:8> el<78:11>
                                        n<> u<704> t<INT> p<705> l<78:8> el<78:11>
                                      n<> u<718> t<Variable_decl_assignment_list> p<719> c<717> l<78:12> el<78:23>
                                        n<> u<717> t<Variable_decl_assignment> p<718> c<706> l<78:12> el<78:23>
                                          n<tmp> u<706> t<SIMPLE_IDENTIFIER> p<717> s<716> l<78:12> el<78:15>
                                          n<> u<716> t<Expression> p<717> c<710> l<78:18> el<78:23>
                                            n<> u<710> t<Expression> p<716> c<709> s<715> l<78:18> el<78:19>
                                              n<> u<709> t<Primary> p<710> c<708> l<78:18> el<78:19>
                                                n<> u<708> t<Primary_literal> p<709> c<707> l<78:18> el<78:19>
                                                  n<x> u<707> t<SIMPLE_IDENTIFIER> p<708> l<78:18> el<78:19>
                                            n<> u<715> t<BinaryOp_Plus> p<716> s<714> l<78:20> el<78:21>
                                            n<> u<714> t<Expression> p<716> c<713> l<78:22> el<78:23>
                                              n<> u<713> t<Primary> p<714> c<712> l<78:22> el<78:23>
                                                n<> u<712> t<Primary_literal> p<713> c<711> l<78:22> el<78:23>
                                                  n<1> u<711> t<INTEGRAL_NUMBER> p<712> l<78:22> el<78:23>
                                n<> u<752> t<Statement_or_null> p<754> c<751> s<753> l<79:8> el<79:33>
                                  n<> u<751> t<Statement> p<752> c<750> l<79:8> el<79:33>
                                    n<> u<750> t<Statement_item> p<751> c<749> l<79:8> el<79:33>
                                      n<> u<749> t<Conditional_statement> p<750> c<739> l<79:8> el<79:33>
                                        n<> u<739> t<Cond_predicate> p<749> c<738> s<748> l<79:12> el<79:25>
                                          n<> u<738> t<Expression_or_cond_pattern> p<739> c<737> l<79:12> el<79:25>
                                            n<> u<737> t<Expression> p<738> c<725> l<79:12> el<79:25>
                                              n<> u<725> t<Expression> p<737> c<724> s<736> l<79:12> el<79:15>
                                                n<> u<724> t<Primary> p<725> c<723> l<79:12> el<79:15>
                                                  n<> u<723> t<Primary_literal> p<724> c<722> l<79:12> el<79:15>
                                                    n<tmp> u<722> t<SIMPLE_IDENTIFIER> p<723> l<79:12> el<79:15>
                                              n<> u<736> t<FOUR_STATE_LOGIC_NOTEQUAL> p<737> s<735> l<79:16> el<79:19>
                                              n<> u<735> t<Expression> p<737> c<729> l<79:20> el<79:25>
                                                n<> u<729> t<Expression> p<735> c<728> s<734> l<79:20> el<79:21>
                                                  n<> u<728> t<Primary> p<729> c<727> l<79:20> el<79:21>
                                                    n<> u<727> t<Primary_literal> p<728> c<726> l<79:20> el<79:21>
                                                      n<x> u<726> t<SIMPLE_IDENTIFIER> p<727> l<79:20> el<79:21>
                                                n<> u<734> t<BinaryOp_Plus> p<735> s<733> l<79:22> el<79:23>
                                                n<> u<733> t<Expression> p<735> c<732> l<79:24> el<79:25>
                                                  n<> u<732> t<Primary> p<733> c<731> l<79:24> el<79:25>
                                                    n<> u<731> t<Primary_literal> p<732> c<730> l<79:24> el<79:25>
                                                      n<1> u<730> t<INTEGRAL_NUMBER> p<731> l<79:24> el<79:25>
                                        n<> u<748> t<Statement_or_null> p<749> c<747> l<79:27> el<79:33>
                                          n<> u<747> t<Statement> p<748> c<746> l<79:27> el<79:33>
                                            n<> u<746> t<Statement_item> p<747> c<745> l<79:27> el<79:33>
                                              n<> u<745> t<Subroutine_call_statement> p<746> c<744> l<79:27> el<79:33>
                                                n<> u<744> t<Subroutine_call> p<745> c<740> l<79:27> el<79:32>
                                                  n<$> u<740> t<DOLLAR> p<744> s<741> l<79:27> el<79:28>
                                                  n<stop> u<741> t<SIMPLE_IDENTIFIER> p<744> s<743> l<79:28> el<79:32>
                                                  n<> u<743> t<Select> p<744> c<742> l<79:32> el<79:32>
                                                    n<> u<742> t<Bit_select> p<743> l<79:32> el<79:32>
                                n<> u<753> t<END> p<754> l<80:5> el<80:8>
        n<> u<1063> t<Module_item> p<1065> c<1062> s<1064> l<82:5> el<103:8>
          n<> u<1062> t<Non_port_module_item> p<1063> c<1061> l<82:5> el<103:8>
            n<> u<1061> t<Module_or_generate_item> p<1062> c<1060> l<82:5> el<103:8>
              n<> u<1060> t<Module_common_item> p<1061> c<1059> l<82:5> el<103:8>
                n<> u<1059> t<Always_construct> p<1060> c<766> l<82:5> el<103:8>
                  n<> u<766> t<ALWAYS> p<1059> s<1058> l<82:5> el<82:11>
                  n<> u<1058> t<Statement> p<1059> c<1057> l<82:12> el<103:8>
                    n<> u<1057> t<Statement_item> p<1058> c<1056> l<82:12> el<103:8>
                      n<> u<1056> t<Procedural_timing_control_statement> p<1057> c<782> l<82:12> el<103:8>
                        n<> u<782> t<Procedural_timing_control> p<1056> c<781> s<1055> l<82:12> el<82:43>
                          n<> u<781> t<Event_control> p<782> c<780> l<82:12> el<82:43>
                            n<> u<780> t<Event_expression> p<781> c<772> l<82:14> el<82:42>
                              n<> u<772> t<Event_expression> p<780> c<767> s<773> l<82:14> el<82:25>
                                n<> u<767> t<POSEDGE> p<772> s<771> l<82:14> el<82:21>
                                n<> u<771> t<Expression> p<772> c<770> l<82:22> el<82:25>
                                  n<> u<770> t<Primary> p<771> c<769> l<82:22> el<82:25>
                                    n<> u<769> t<Primary_literal> p<770> c<768> l<82:22> el<82:25>
                                      n<clk> u<768> t<SIMPLE_IDENTIFIER> p<769> l<82:22> el<82:25>
                              n<> u<773> t<Or_operator> p<780> s<779> l<82:26> el<82:28>
                              n<> u<779> t<Event_expression> p<780> c<774> l<82:29> el<82:42>
                                n<> u<774> t<NEGEDGE> p<779> s<778> l<82:29> el<82:36>
                                n<> u<778> t<Expression> p<779> c<777> l<82:37> el<82:42>
                                  n<> u<777> t<Primary> p<778> c<776> l<82:37> el<82:42>
                                    n<> u<776> t<Primary_literal> p<777> c<775> l<82:37> el<82:42>
                                      n<rst_l> u<775> t<SIMPLE_IDENTIFIER> p<776> l<82:37> el<82:42>
                        n<> u<1055> t<Statement_or_null> p<1056> c<1054> l<82:44> el<103:8>
                          n<> u<1054> t<Statement> p<1055> c<1053> l<82:44> el<103:8>
                            n<> u<1053> t<Statement_item> p<1054> c<1052> l<82:44> el<103:8>
                              n<> u<1052> t<Seq_block> p<1053> c<1050> l<82:44> el<103:8>
                                n<> u<1050> t<Statement_or_null> p<1052> c<1049> s<1051> l<83:8> el<102:11>
                                  n<> u<1049> t<Statement> p<1050> c<1048> l<83:8> el<102:11>
                                    n<> u<1048> t<Statement_item> p<1049> c<1047> l<83:8> el<102:11>
                                      n<> u<1047> t<Conditional_statement> p<1048> c<790> l<83:8> el<102:11>
                                        n<> u<790> t<Cond_predicate> p<1047> c<789> s<949> l<83:12> el<83:18>
                                          n<> u<789> t<Expression_or_cond_pattern> p<790> c<788> l<83:12> el<83:18>
                                            n<> u<788> t<Expression> p<789> c<787> l<83:12> el<83:18>
                                              n<> u<787> t<BANG> p<788> s<786> l<83:12> el<83:13>
                                              n<> u<786> t<Expression> p<788> c<785> l<83:13> el<83:18>
                                                n<> u<785> t<Primary> p<786> c<784> l<83:13> el<83:18>
                                                  n<> u<784> t<Primary_literal> p<785> c<783> l<83:13> el<83:18>
                                                    n<rst_l> u<783> t<SIMPLE_IDENTIFIER> p<784> l<83:13> el<83:18>
                                        n<> u<949> t<Statement_or_null> p<1047> c<948> s<1046> l<83:20> el<94:11>
                                          n<> u<948> t<Statement> p<949> c<947> l<83:20> el<94:11>
                                            n<> u<947> t<Statement_item> p<948> c<946> l<83:20> el<94:11>
                                              n<> u<946> t<Seq_block> p<947> c<879> l<83:20> el<94:11>
                                                n<> u<879> t<Statement_or_null> p<946> c<878> s<892> l<84:4> el<88:7>
                                                  n<> u<878> t<Statement> p<879> c<877> l<84:4> el<88:7>
                                                    n<> u<877> t<Statement_item> p<878> c<876> l<84:4> el<88:7>
                                                      n<> u<876> t<Loop_statement> p<877> c<875> l<84:4> el<88:7>
                                                        n<> u<875> t<FOR> p<876> s<802> l<84:4> el<84:7>
                                                        n<> u<802> t<For_initialization> p<876> c<801> s<812> l<84:9> el<84:12>
                                                          n<> u<801> t<Variable_assignment_list> p<802> c<800> l<84:9> el<84:12>
                                                            n<> u<800> t<Variable_assignment> p<801> c<795> l<84:9> el<84:12>
                                                              n<> u<795> t<Variable_lvalue> p<800> c<792> s<799> l<84:9> el<84:10>
                                                                n<> u<792> t<Ps_or_hierarchical_identifier> p<795> c<791> s<794> l<84:9> el<84:10>
                                                                  n<x> u<791> t<SIMPLE_IDENTIFIER> p<792> l<84:9> el<84:10>
                                                                n<> u<794> t<Select> p<795> c<793> l<84:10> el<84:10>
                                                                  n<> u<793> t<Bit_select> p<794> l<84:10> el<84:10>
                                                              n<> u<799> t<Expression> p<800> c<798> l<84:11> el<84:12>
                                                                n<> u<798> t<Primary> p<799> c<797> l<84:11> el<84:12>
                                                                  n<> u<797> t<Primary_literal> p<798> c<796> l<84:11> el<84:12>
                                                                    n<0> u<796> t<INTEGRAL_NUMBER> p<797> l<84:11> el<84:12>
                                                        n<> u<812> t<Expression> p<876> c<806> s<830> l<84:14> el<84:21>
                                                          n<> u<806> t<Expression> p<812> c<805> s<811> l<84:14> el<84:15>
                                                            n<> u<805> t<Primary> p<806> c<804> l<84:14> el<84:15>
                                                              n<> u<804> t<Primary_literal> p<805> c<803> l<84:14> el<84:15>
                                                                n<x> u<803> t<SIMPLE_IDENTIFIER> p<804> l<84:14> el<84:15>
                                                          n<> u<811> t<LESS> p<812> s<810> l<84:15> el<84:16>
                                                          n<> u<810> t<Expression> p<812> c<809> l<84:16> el<84:21>
                                                            n<> u<809> t<Primary> p<810> c<808> l<84:16> el<84:21>
                                                              n<> u<808> t<Primary_literal> p<809> c<807> l<84:16> el<84:21>
                                                                n<DEPTH> u<807> t<SIMPLE_IDENTIFIER> p<808> l<84:16> el<84:21>
                                                        n<> u<830> t<For_step> p<876> c<829> s<874> l<84:23> el<84:28>
                                                          n<> u<829> t<For_step_assignment> p<830> c<828> l<84:23> el<84:28>
                                                            n<> u<828> t<Variable_assignment> p<829> c<817> l<84:23> el<84:28>
                                                              n<> u<817> t<Variable_lvalue> p<828> c<814> s<827> l<84:23> el<84:24>
                                                                n<> u<814> t<Ps_or_hierarchical_identifier> p<817> c<813> s<816> l<84:23> el<84:24>
                                                                  n<x> u<813> t<SIMPLE_IDENTIFIER> p<814> l<84:23> el<84:24>
                                                                n<> u<816> t<Select> p<817> c<815> l<84:24> el<84:24>
                                                                  n<> u<815> t<Bit_select> p<816> l<84:24> el<84:24>
                                                              n<> u<827> t<Expression> p<828> c<821> l<84:25> el<84:28>
                                                                n<> u<821> t<Expression> p<827> c<820> s<826> l<84:25> el<84:26>
                                                                  n<> u<820> t<Primary> p<821> c<819> l<84:25> el<84:26>
                                                                    n<> u<819> t<Primary_literal> p<820> c<818> l<84:25> el<84:26>
                                                                      n<x> u<818> t<SIMPLE_IDENTIFIER> p<819> l<84:25> el<84:26>
                                                                n<> u<826> t<BinaryOp_Plus> p<827> s<825> l<84:26> el<84:27>
                                                                n<> u<825> t<Expression> p<827> c<824> l<84:27> el<84:28>
                                                                  n<> u<824> t<Primary> p<825> c<823> l<84:27> el<84:28>
                                                                    n<> u<823> t<Primary_literal> p<824> c<822> l<84:27> el<84:28>
                                                                      n<1> u<822> t<INTEGRAL_NUMBER> p<823> l<84:27> el<84:28>
                                                        n<> u<874> t<Statement_or_null> p<876> c<873> l<84:30> el<88:7>
                                                          n<> u<873> t<Statement> p<874> c<872> l<84:30> el<88:7>
                                                            n<> u<872> t<Statement_item> p<873> c<831> l<84:30> el<88:7>
                                                              n<// <== VERILATOR FLAGS THIS LINE> u<831> t<LINE_COMMENT> p<872> s<871> l<84:36> el<84:68>
                                                              n<> u<871> t<Seq_block> p<872> c<869> l<84:30> el<88:7>
                                                                n<> u<869> t<Statement_or_null> p<871> c<868> s<870> l<85:14> el<87:17>
                                                                  n<> u<868> t<Statement> p<869> c<867> l<85:14> el<87:17>
                                                                    n<> u<867> t<Statement_item> p<868> c<866> l<85:14> el<87:17>
                                                                      n<> u<866> t<Conditional_statement> p<867> c<843> l<85:14> el<87:17>
                                                                        n<> u<843> t<Cond_predicate> p<866> c<842> s<865> l<85:18> el<85:26>
                                                                          n<> u<842> t<Expression_or_cond_pattern> p<843> c<841> l<85:18> el<85:26>
                                                                            n<> u<841> t<Expression> p<842> c<835> l<85:18> el<85:26>
                                                                              n<> u<835> t<Expression> p<841> c<834> s<840> l<85:18> el<85:21>
                                                                                n<> u<834> t<Primary> p<835> c<833> l<85:18> el<85:21>
                                                                                  n<> u<833> t<Primary_literal> p<834> c<832> l<85:18> el<85:21>
                                                                                    n<RST> u<832> t<SIMPLE_IDENTIFIER> p<833> l<85:18> el<85:21>
                                                                              n<> u<840> t<EQUIV> p<841> s<839> l<85:22> el<85:24>
                                                                              n<> u<839> t<Expression> p<841> c<838> l<85:25> el<85:26>
                                                                                n<> u<838> t<Primary> p<839> c<837> l<85:25> el<85:26>
                                                                                  n<> u<837> t<Primary_literal> p<838> c<836> l<85:25> el<85:26>
                                                                                    n<1> u<836> t<INTEGRAL_NUMBER> p<837> l<85:25> el<85:26>
                                                                        n<> u<865> t<Statement_or_null> p<866> c<864> l<85:28> el<87:17>
                                                                          n<> u<864> t<Statement> p<865> c<863> l<85:28> el<87:17>
                                                                            n<> u<863> t<Statement_item> p<864> c<862> l<85:28> el<87:17>
                                                                              n<> u<862> t<Seq_block> p<863> c<860> l<85:28> el<87:17>
                                                                                n<> u<860> t<Statement_or_null> p<862> c<859> s<861> l<86:3> el<86:17>
                                                                                  n<> u<859> t<Statement> p<860> c<858> l<86:3> el<86:17>
                                                                                    n<> u<858> t<Statement_item> p<859> c<857> l<86:3> el<86:17>
                                                                                      n<> u<857> t<Nonblocking_assignment> p<858> c<852> l<86:3> el<86:16>
                                                                                        n<> u<852> t<Variable_lvalue> p<857> c<845> s<856> l<86:3> el<86:11>
                                                                                          n<> u<845> t<Ps_or_hierarchical_identifier> p<852> c<844> s<851> l<86:3> el<86:8>
                                                                                            n<array> u<844> t<SIMPLE_IDENTIFIER> p<845> l<86:3> el<86:8>
                                                                                          n<> u<851> t<Select> p<852> c<850> l<86:8> el<86:11>
                                                                                            n<> u<850> t<Bit_select> p<851> c<849> l<86:8> el<86:11>
                                                                                              n<> u<849> t<Expression> p<850> c<848> l<86:9> el<86:10>
                                                                                                n<> u<848> t<Primary> p<849> c<847> l<86:9> el<86:10>
                                                                                                  n<> u<847> t<Primary_literal> p<848> c<846> l<86:9> el<86:10>
                                                                                                    n<x> u<846> t<SIMPLE_IDENTIFIER> p<847> l<86:9> el<86:10>
                                                                                        n<> u<856> t<Expression> p<857> c<855> l<86:15> el<86:16>
                                                                                          n<> u<855> t<Primary> p<856> c<854> l<86:15> el<86:16>
                                                                                            n<> u<854> t<Primary_literal> p<855> c<853> l<86:15> el<86:16>
                                                                                              n<0> u<853> t<INTEGRAL_NUMBER> p<854> l<86:15> el<86:16>
                                                                                n<> u<861> t<END> p<862> l<87:14> el<87:17>
                                                                n<> u<870> t<END> p<871> l<88:4> el<88:7>
                                                n<> u<892> t<Statement_or_null> p<946> c<891> s<905> l<89:4> el<89:14>
                                                  n<> u<891> t<Statement> p<892> c<890> l<89:4> el<89:14>
                                                    n<> u<890> t<Statement_item> p<891> c<889> l<89:4> el<89:14>
                                                      n<> u<889> t<Nonblocking_assignment> p<890> c<884> l<89:4> el<89:13>
                                                        n<> u<884> t<Variable_lvalue> p<889> c<881> s<888> l<89:4> el<89:8>
                                                          n<> u<881> t<Ps_or_hierarchical_identifier> p<884> c<880> s<883> l<89:4> el<89:8>
                                                            n<ra_r> u<880> t<SIMPLE_IDENTIFIER> p<881> l<89:4> el<89:8>
                                                          n<> u<883> t<Select> p<884> c<882> l<89:9> el<89:9>
                                                            n<> u<882> t<Bit_select> p<883> l<89:9> el<89:9>
                                                        n<> u<888> t<Expression> p<889> c<887> l<89:12> el<89:13>
                                                          n<> u<887> t<Primary> p<888> c<886> l<89:12> el<89:13>
                                                            n<> u<886> t<Primary_literal> p<887> c<885> l<89:12> el<89:13>
                                                              n<0> u<885> t<INTEGRAL_NUMBER> p<886> l<89:12> el<89:13>
                                                n<> u<905> t<Statement_or_null> p<946> c<904> s<918> l<90:4> el<90:14>
                                                  n<> u<904> t<Statement> p<905> c<903> l<90:4> el<90:14>
                                                    n<> u<903> t<Statement_item> p<904> c<902> l<90:4> el<90:14>
                                                      n<> u<902> t<Nonblocking_assignment> p<903> c<897> l<90:4> el<90:13>
                                                        n<> u<897> t<Variable_lvalue> p<902> c<894> s<901> l<90:4> el<90:8>
                                                          n<> u<894> t<Ps_or_hierarchical_identifier> p<897> c<893> s<896> l<90:4> el<90:8>
                                                            n<wa_r> u<893> t<SIMPLE_IDENTIFIER> p<894> l<90:4> el<90:8>
                                                          n<> u<896> t<Select> p<897> c<895> l<90:9> el<90:9>
                                                            n<> u<895> t<Bit_select> p<896> l<90:9> el<90:9>
                                                        n<> u<901> t<Expression> p<902> c<900> l<90:12> el<90:13>
                                                          n<> u<900> t<Primary> p<901> c<899> l<90:12> el<90:13>
                                                            n<> u<899> t<Primary_literal> p<900> c<898> l<90:12> el<90:13>
                                                              n<0> u<898> t<INTEGRAL_NUMBER> p<899> l<90:12> el<90:13>
                                                n<> u<918> t<Statement_or_null> p<946> c<917> s<931> l<91:4> el<91:14>
                                                  n<> u<917> t<Statement> p<918> c<916> l<91:4> el<91:14>
                                                    n<> u<916> t<Statement_item> p<917> c<915> l<91:4> el<91:14>
                                                      n<> u<915> t<Nonblocking_assignment> p<916> c<910> l<91:4> el<91:13>
                                                        n<> u<910> t<Variable_lvalue> p<915> c<907> s<914> l<91:4> el<91:8>
                                                          n<> u<907> t<Ps_or_hierarchical_identifier> p<910> c<906> s<909> l<91:4> el<91:8>
                                                            n<wr_r> u<906> t<SIMPLE_IDENTIFIER> p<907> l<91:4> el<91:8>
                                                          n<> u<909> t<Select> p<910> c<908> l<91:9> el<91:9>
                                                            n<> u<908> t<Bit_select> p<909> l<91:9> el<91:9>
                                                        n<> u<914> t<Expression> p<915> c<913> l<91:12> el<91:13>
                                                          n<> u<913> t<Primary> p<914> c<912> l<91:12> el<91:13>
                                                            n<> u<912> t<Primary_literal> p<913> c<911> l<91:12> el<91:13>
                                                              n<0> u<911> t<INTEGRAL_NUMBER> p<912> l<91:12> el<91:13>
                                                n<> u<931> t<Statement_or_null> p<946> c<930> s<944> l<92:4> el<92:14>
                                                  n<> u<930> t<Statement> p<931> c<929> l<92:4> el<92:14>
                                                    n<> u<929> t<Statement_item> p<930> c<928> l<92:4> el<92:14>
                                                      n<> u<928> t<Nonblocking_assignment> p<929> c<923> l<92:4> el<92:13>
                                                        n<> u<923> t<Variable_lvalue> p<928> c<920> s<927> l<92:4> el<92:8>
                                                          n<> u<920> t<Ps_or_hierarchical_identifier> p<923> c<919> s<922> l<92:4> el<92:8>
                                                            n<rd_r> u<919> t<SIMPLE_IDENTIFIER> p<920> l<92:4> el<92:8>
                                                          n<> u<922> t<Select> p<923> c<921> l<92:9> el<92:9>
                                                            n<> u<921> t<Bit_select> p<922> l<92:9> el<92:9>
                                                        n<> u<927> t<Expression> p<928> c<926> l<92:12> el<92:13>
                                                          n<> u<926> t<Primary> p<927> c<925> l<92:12> el<92:13>
                                                            n<> u<925> t<Primary_literal> p<926> c<924> l<92:12> el<92:13>
                                                              n<0> u<924> t<INTEGRAL_NUMBER> p<925> l<92:12> el<92:13>
                                                n<> u<944> t<Statement_or_null> p<946> c<943> s<945> l<93:4> el<93:19>
                                                  n<> u<943> t<Statement> p<944> c<942> l<93:4> el<93:19>
                                                    n<> u<942> t<Statement_item> p<943> c<941> l<93:4> el<93:19>
                                                      n<> u<941> t<Nonblocking_assignment> p<942> c<936> l<93:4> el<93:18>
                                                        n<> u<936> t<Variable_lvalue> p<941> c<933> s<940> l<93:4> el<93:13>
                                                          n<> u<933> t<Ps_or_hierarchical_identifier> p<936> c<932> s<935> l<93:4> el<93:13>
                                                            n<data_in_r> u<932> t<SIMPLE_IDENTIFIER> p<933> l<93:4> el<93:13>
                                                          n<> u<935> t<Select> p<936> c<934> l<93:14> el<93:14>
                                                            n<> u<934> t<Bit_select> p<935> l<93:14> el<93:14>
                                                        n<> u<940> t<Expression> p<941> c<939> l<93:17> el<93:18>
                                                          n<> u<939> t<Primary> p<940> c<938> l<93:17> el<93:18>
                                                            n<> u<938> t<Primary_literal> p<939> c<937> l<93:17> el<93:18>
                                                              n<0> u<937> t<INTEGRAL_NUMBER> p<938> l<93:17> el<93:18>
                                                n<> u<945> t<END> p<946> l<94:8> el<94:11>
                                        n<> u<1046> t<Statement_or_null> p<1047> c<1045> l<95:13> el<102:11>
                                          n<> u<1045> t<Statement> p<1046> c<1044> l<95:13> el<102:11>
                                            n<> u<1044> t<Statement_item> p<1045> c<1043> l<95:13> el<102:11>
                                              n<> u<1043> t<Seq_block> p<1044> c<962> l<95:13> el<102:11>
                                                n<> u<962> t<Statement_or_null> p<1043> c<961> s<975> l<96:4> el<96:15>
                                                  n<> u<961> t<Statement> p<962> c<960> l<96:4> el<96:15>
                                                    n<> u<960> t<Statement_item> p<961> c<959> l<96:4> el<96:15>
                                                      n<> u<959> t<Nonblocking_assignment> p<960> c<954> l<96:4> el<96:14>
                                                        n<> u<954> t<Variable_lvalue> p<959> c<951> s<958> l<96:4> el<96:8>
                                                          n<> u<951> t<Ps_or_hierarchical_identifier> p<954> c<950> s<953> l<96:4> el<96:8>
                                                            n<ra_r> u<950> t<SIMPLE_IDENTIFIER> p<951> l<96:4> el<96:8>
                                                          n<> u<953> t<Select> p<954> c<952> l<96:9> el<96:9>
                                                            n<> u<952> t<Bit_select> p<953> l<96:9> el<96:9>
                                                        n<> u<958> t<Expression> p<959> c<957> l<96:12> el<96:14>
                                                          n<> u<957> t<Primary> p<958> c<956> l<96:12> el<96:14>
                                                            n<> u<956> t<Primary_literal> p<957> c<955> l<96:12> el<96:14>
                                                              n<ra> u<955> t<SIMPLE_IDENTIFIER> p<956> l<96:12> el<96:14>
                                                n<> u<975> t<Statement_or_null> p<1043> c<974> s<988> l<97:4> el<97:15>
                                                  n<> u<974> t<Statement> p<975> c<973> l<97:4> el<97:15>
                                                    n<> u<973> t<Statement_item> p<974> c<972> l<97:4> el<97:15>
                                                      n<> u<972> t<Nonblocking_assignment> p<973> c<967> l<97:4> el<97:14>
                                                        n<> u<967> t<Variable_lvalue> p<972> c<964> s<971> l<97:4> el<97:8>
                                                          n<> u<964> t<Ps_or_hierarchical_identifier> p<967> c<963> s<966> l<97:4> el<97:8>
                                                            n<wa_r> u<963> t<SIMPLE_IDENTIFIER> p<964> l<97:4> el<97:8>
                                                          n<> u<966> t<Select> p<967> c<965> l<97:9> el<97:9>
                                                            n<> u<965> t<Bit_select> p<966> l<97:9> el<97:9>
                                                        n<> u<971> t<Expression> p<972> c<970> l<97:12> el<97:14>
                                                          n<> u<970> t<Primary> p<971> c<969> l<97:12> el<97:14>
                                                            n<> u<969> t<Primary_literal> p<970> c<968> l<97:12> el<97:14>
                                                              n<wa> u<968> t<SIMPLE_IDENTIFIER> p<969> l<97:12> el<97:14>
                                                n<> u<988> t<Statement_or_null> p<1043> c<987> s<1001> l<98:4> el<98:15>
                                                  n<> u<987> t<Statement> p<988> c<986> l<98:4> el<98:15>
                                                    n<> u<986> t<Statement_item> p<987> c<985> l<98:4> el<98:15>
                                                      n<> u<985> t<Nonblocking_assignment> p<986> c<980> l<98:4> el<98:14>
                                                        n<> u<980> t<Variable_lvalue> p<985> c<977> s<984> l<98:4> el<98:8>
                                                          n<> u<977> t<Ps_or_hierarchical_identifier> p<980> c<976> s<979> l<98:4> el<98:8>
                                                            n<wr_r> u<976> t<SIMPLE_IDENTIFIER> p<977> l<98:4> el<98:8>
                                                          n<> u<979> t<Select> p<980> c<978> l<98:9> el<98:9>
                                                            n<> u<978> t<Bit_select> p<979> l<98:9> el<98:9>
                                                        n<> u<984> t<Expression> p<985> c<983> l<98:12> el<98:14>
                                                          n<> u<983> t<Primary> p<984> c<982> l<98:12> el<98:14>
                                                            n<> u<982> t<Primary_literal> p<983> c<981> l<98:12> el<98:14>
                                                              n<wr> u<981> t<SIMPLE_IDENTIFIER> p<982> l<98:12> el<98:14>
                                                n<> u<1001> t<Statement_or_null> p<1043> c<1000> s<1014> l<99:4> el<99:15>
                                                  n<> u<1000> t<Statement> p<1001> c<999> l<99:4> el<99:15>
                                                    n<> u<999> t<Statement_item> p<1000> c<998> l<99:4> el<99:15>
                                                      n<> u<998> t<Nonblocking_assignment> p<999> c<993> l<99:4> el<99:14>
                                                        n<> u<993> t<Variable_lvalue> p<998> c<990> s<997> l<99:4> el<99:8>
                                                          n<> u<990> t<Ps_or_hierarchical_identifier> p<993> c<989> s<992> l<99:4> el<99:8>
                                                            n<rd_r> u<989> t<SIMPLE_IDENTIFIER> p<990> l<99:4> el<99:8>
                                                          n<> u<992> t<Select> p<993> c<991> l<99:9> el<99:9>
                                                            n<> u<991> t<Bit_select> p<992> l<99:9> el<99:9>
                                                        n<> u<997> t<Expression> p<998> c<996> l<99:12> el<99:14>
                                                          n<> u<996> t<Primary> p<997> c<995> l<99:12> el<99:14>
                                                            n<> u<995> t<Primary_literal> p<996> c<994> l<99:12> el<99:14>
                                                              n<rd> u<994> t<SIMPLE_IDENTIFIER> p<995> l<99:12> el<99:14>
                                                n<> u<1014> t<Statement_or_null> p<1043> c<1013> s<1041> l<100:4> el<100:25>
                                                  n<> u<1013> t<Statement> p<1014> c<1012> l<100:4> el<100:25>
                                                    n<> u<1012> t<Statement_item> p<1013> c<1011> l<100:4> el<100:25>
                                                      n<> u<1011> t<Nonblocking_assignment> p<1012> c<1006> l<100:4> el<100:24>
                                                        n<> u<1006> t<Variable_lvalue> p<1011> c<1003> s<1010> l<100:4> el<100:13>
                                                          n<> u<1003> t<Ps_or_hierarchical_identifier> p<1006> c<1002> s<1005> l<100:4> el<100:13>
                                                            n<data_in_r> u<1002> t<SIMPLE_IDENTIFIER> p<1003> l<100:4> el<100:13>
                                                          n<> u<1005> t<Select> p<1006> c<1004> l<100:14> el<100:14>
                                                            n<> u<1004> t<Bit_select> p<1005> l<100:14> el<100:14>
                                                        n<> u<1010> t<Expression> p<1011> c<1009> l<100:17> el<100:24>
                                                          n<> u<1009> t<Primary> p<1010> c<1008> l<100:17> el<100:24>
                                                            n<> u<1008> t<Primary_literal> p<1009> c<1007> l<100:17> el<100:24>
                                                              n<data_in> u<1007> t<SIMPLE_IDENTIFIER> p<1008> l<100:17> el<100:24>
                                                n<> u<1041> t<Statement_or_null> p<1043> c<1040> s<1042> l<101:4> el<101:39>
                                                  n<> u<1040> t<Statement> p<1041> c<1039> l<101:4> el<101:39>
                                                    n<> u<1039> t<Statement_item> p<1040> c<1038> l<101:4> el<101:39>
                                                      n<> u<1038> t<Conditional_statement> p<1039> c<1020> l<101:4> el<101:39>
                                                        n<> u<1020> t<Cond_predicate> p<1038> c<1019> s<1037> l<101:8> el<101:12>
                                                          n<> u<1019> t<Expression_or_cond_pattern> p<1020> c<1018> l<101:8> el<101:12>
                                                            n<> u<1018> t<Expression> p<1019> c<1017> l<101:8> el<101:12>
                                                              n<> u<1017> t<Primary> p<1018> c<1016> l<101:8> el<101:12>
                                                                n<> u<1016> t<Primary_literal> p<1017> c<1015> l<101:8> el<101:12>
                                                                  n<wr_r> u<1015> t<SIMPLE_IDENTIFIER> p<1016> l<101:8> el<101:12>
                                                        n<> u<1037> t<Statement_or_null> p<1038> c<1036> l<101:14> el<101:39>
                                                          n<> u<1036> t<Statement> p<1037> c<1035> l<101:14> el<101:39>
                                                            n<> u<1035> t<Statement_item> p<1036> c<1034> l<101:14> el<101:39>
                                                              n<> u<1034> t<Nonblocking_assignment> p<1035> c<1029> l<101:14> el<101:38>
                                                                n<> u<1029> t<Variable_lvalue> p<1034> c<1022> s<1033> l<101:14> el<101:25>
                                                                  n<> u<1022> t<Ps_or_hierarchical_identifier> p<1029> c<1021> s<1028> l<101:14> el<101:19>
                                                                    n<array> u<1021> t<SIMPLE_IDENTIFIER> p<1022> l<101:14> el<101:19>
                                                                  n<> u<1028> t<Select> p<1029> c<1027> l<101:19> el<101:25>
                                                                    n<> u<1027> t<Bit_select> p<1028> c<1026> l<101:19> el<101:25>
                                                                      n<> u<1026> t<Expression> p<1027> c<1025> l<101:20> el<101:24>
                                                                        n<> u<1025> t<Primary> p<1026> c<1024> l<101:20> el<101:24>
                                                                          n<> u<1024> t<Primary_literal> p<1025> c<1023> l<101:20> el<101:24>
                                                                            n<wa_r> u<1023> t<SIMPLE_IDENTIFIER> p<1024> l<101:20> el<101:24>
                                                                n<> u<1033> t<Expression> p<1034> c<1032> l<101:29> el<101:38>
                                                                  n<> u<1032> t<Primary> p<1033> c<1031> l<101:29> el<101:38>
                                                                    n<> u<1031> t<Primary_literal> p<1032> c<1030> l<101:29> el<101:38>
                                                                      n<data_in_r> u<1030> t<SIMPLE_IDENTIFIER> p<1031> l<101:29> el<101:38>
                                                n<> u<1042> t<END> p<1043> l<102:8> el<102:11>
                                n<> u<1051> t<END> p<1052> l<103:5> el<103:8>
        n<> u<1064> t<ENDMODULE> p<1065> l<104:1> el<104:10>
  n<// Local Variables:> u<1068> t<LINE_COMMENT> p<1071> s<1069> l<106:1> el<106:20>
  n<// verilog-auto-inst-param-value: t> u<1069> t<LINE_COMMENT> p<1071> s<1070> l<107:1> el<107:36>
  n<// End:> u<1070> t<LINE_COMMENT> p<1071> l<108:1> el<108:8>
AST_DEBUG_END
[INF:CP0303] $Source01/t_lint_blksync_loop.v:6:1: Compile module "work@t".
[INF:CP0303] $Source01/t_lint_blksync_loop.v:44:1: Compile module "work@reg_1r1w".
[INF:CM0029] Using global timescale: "1ns/1ns".
[ERR:EL0535] $Source01/t_lint_blksync_loop.v:28:16: Illegal implicit net "id:89, name:WIDTH".
[ERR:EL0535] $Source01/t_lint_blksync_loop.v:28:28: Illegal implicit net "id:94, name:DEPTH".
[ERR:EL0535] $Source01/t_lint_blksync_loop.v:28:41: Illegal implicit net "id:99, name:ADRWID".
====== UHDM =======
Design name:unnamed:
  vpiName: unnamed
  vpiSourceFiles (1 items):
    SourceFile name:t_lint_blksync_loop.v file:$Source01/t_lint_blksync_loop.v:
      vpiParent: Design name:unnamed
      vpiName: t_lint_blksync_loop.v
      vpiPreprocFile: "$Output/lib/work/t_lint_blksync_loop.v"
      vpiDefNetType: none (12)
  vpiAllModules (2 items):
    Module name:work@t file:$Source01/t_lint_blksync_loop.v start:6:1 end:42:10:
      vpiParent: Design name:unnamed
      vpiName Identifier name:work@t start:6:8 end:6:9:
        vpiParent: Module name:work@t
        vpiName: work@t
      vpiFullName: work@t
      vpiTypespec (6 items):
        LogicTypespec:
          vpiParent: Module name:work@t
        LogicTypespec:
          vpiParent: Module name:work@t
          vpiRange (1 items):
            Range start:16:10 end:16:16:
              vpiParent: LogicTypespec
              vpiLeftRange Constant start:16:11 end:16:13:
                vpiParent: Range
                vpiTypespec RefTypespec:
                  vpiParent: Constant
                  vpiFullName: work@t
                  vpiActual: IntTypespec
                vpiConstType: unsigned int (9)
                vpiSize: 64
                vpiDecompile: "31"
                vpiValue: 31
              vpiRightRange Constant start:16:14 end:16:15:
                vpiParent: Range
                vpiTypespec RefTypespec:
                  vpiParent: Constant
                  vpiFullName: work@t
                  vpiActual: IntTypespec
                vpiConstType: unsigned int (9)
                vpiSize: 64
                vpiDecompile: "0"
                vpiValue: 0
          vpiVector: true
        LogicTypespec:
          vpiParent: Module name:work@t
          vpiRange (1 items):
            Range start:17:10 end:17:15:
              vpiParent: LogicTypespec
              vpiLeftRange Constant start:17:11 end:17:12:
                vpiParent: Range
                vpiTypespec RefTypespec:
                  vpiParent: Constant
                  vpiFullName: work@t
                  vpiActual: IntTypespec
                vpiConstType: unsigned int (9)
                vpiSize: 64
                vpiDecompile: "7"
                vpiValue: 7
              vpiRightRange Constant start:17:13 end:17:14:
                vpiParent: Range
                vpiTypespec RefTypespec:
                  vpiParent: Constant
                  vpiFullName: work@t
                  vpiActual: IntTypespec
                vpiConstType: unsigned int (9)
                vpiSize: 64
                vpiDecompile: "0"
                vpiValue: 0
          vpiVector: true
        LogicTypespec:
          vpiParent: Module name:work@t
          vpiRange (1 items):
            Range start:20:10 end:20:15:
              vpiParent: LogicTypespec
              vpiLeftRange Constant start:20:11 end:20:12:
                vpiParent: Range
                vpiTypespec RefTypespec:
                  vpiParent: Constant
                  vpiFullName: work@t
                  vpiActual: IntTypespec
                vpiConstType: unsigned int (9)
                vpiSize: 64
                vpiDecompile: "7"
                vpiValue: 7
              vpiRightRange Constant start:20:13 end:20:14:
                vpiParent: Range
                vpiTypespec RefTypespec:
                  vpiParent: Constant
                  vpiFullName: work@t
                  vpiActual: IntTypespec
                vpiConstType: unsigned int (9)
                vpiSize: 64
                vpiDecompile: "0"
                vpiValue: 0
          vpiVector: true
        LogicTypespec:
          vpiParent: Module name:work@t
          vpiRange (1 items):
            Range start:25:11 end:25:17:
              vpiParent: LogicTypespec
              vpiLeftRange Constant start:25:12 end:25:14:
                vpiParent: Range
                vpiTypespec RefTypespec:
                  vpiParent: Constant
                  vpiFullName: work@t
                  vpiActual: IntTypespec
                vpiConstType: unsigned int (9)
                vpiSize: 64
                vpiDecompile: "31"
                vpiValue: 31
              vpiRightRange Constant start:25:15 end:25:16:
                vpiParent: Range
                vpiTypespec RefTypespec:
                  vpiParent: Constant
                  vpiFullName: work@t
                  vpiActual: IntTypespec
                vpiConstType: unsigned int (9)
                vpiSize: 64
                vpiDecompile: "0"
                vpiValue: 0
          vpiVector: true
        ModuleTypespec name:work@reg_1r1w start:28:4 end:28:12:
          vpiParent: Module name:work@t
          vpiName Identifier name:work@reg_1r1w start:28:4 end:28:12:
            vpiParent: ModuleTypespec name:work@reg_1r1w
            vpiName: work@reg_1r1w
      vpiDefName: work@t
      vpiDefNetType: none (12)
      vpiNet (8 items):
        Net name:data_out start:25:18 end:25:26:
          vpiParent: Module name:work@t
          vpiTypespec RefTypespec start:25:11 end:25:17:
            vpiParent: Net name:data_out
            vpiFullName: work@t.data_out
            vpiActual: LogicTypespec
          vpiName: data_out
          vpiFullName: work@t.data_out
        Net name:wr start:21:11 end:21:13:
          vpiParent: Module name:work@t
          vpiTypespec RefTypespec start:21:11 end:21:11:
            vpiParent: Net name:wr
            vpiFullName: work@t.wr
            vpiActual: LogicTypespec
          vpiName: wr
          vpiFullName: work@t.wr
        Net name:wa start:20:17 end:20:19:
          vpiParent: Module name:work@t
          vpiTypespec RefTypespec start:20:10 end:20:15:
            vpiParent: Net name:wa
            vpiFullName: work@t.wa
            vpiActual: LogicTypespec
          vpiName: wa
          vpiFullName: work@t.wa
        Net name:rst_l start:19:11 end:19:16:
          vpiParent: Module name:work@t
          vpiTypespec RefTypespec start:19:11 end:19:11:
            vpiParent: Net name:rst_l
            vpiFullName: work@t.rst_l
            vpiActual: LogicTypespec
          vpiName: rst_l
          vpiFullName: work@t.rst_l
        Net name:rd start:18:11 end:18:13:
          vpiParent: Module name:work@t
          vpiTypespec RefTypespec start:18:11 end:18:11:
            vpiParent: Net name:rd
            vpiFullName: work@t.rd
            vpiActual: LogicTypespec
          vpiName: rd
          vpiFullName: work@t.rd
        Net name:ra start:17:17 end:17:19:
          vpiParent: Module name:work@t
          vpiTypespec RefTypespec start:17:10 end:17:15:
            vpiParent: Net name:ra
            vpiFullName: work@t.ra
            vpiActual: LogicTypespec
          vpiName: ra
          vpiFullName: work@t.ra
        Net name:data_in start:16:18 end:16:25:
          vpiParent: Module name:work@t
          vpiTypespec RefTypespec start:16:10 end:16:16:
            vpiParent: Net name:data_in
            vpiFullName: work@t.data_in
            vpiActual: LogicTypespec
          vpiName: data_in
          vpiFullName: work@t.data_in
        Net name:clk start:12:10 end:12:13:
          vpiParent: Module name:work@t
          vpiTypespec RefTypespec start:12:10 end:12:10:
            vpiParent: Net name:clk
            vpiFullName: work@t.clk
            vpiActual: LogicTypespec
          vpiName: clk
          vpiFullName: work@t.clk
      vpiPort (8 items):
        Port name:data_out start:8:4 end:8:12:
          vpiParent: Module name:work@t
          vpiName: data_out
          vpiDirection: output (2)
          vpiLowConn RefObj name:data_out start:8:4 end:8:12:
            vpiParent: Port name:data_out
            vpiName: data_out
            vpiFullName: work@t.data_out.data_out
            vpiActual: Net name:data_out
          vpiTypespec RefTypespec start:25:11 end:25:17:
            vpiParent: Port name:data_out
            vpiFullName: work@t.data_out
            vpiActual: LogicTypespec
        Port name:wr start:10:4 end:10:6:
          vpiParent: Module name:work@t
          vpiName: wr
          vpiDirection: input (1)
          vpiLowConn RefObj name:wr start:10:4 end:10:6:
            vpiParent: Port name:wr
            vpiName: wr
            vpiFullName: work@t.wr.wr
            vpiActual: Net name:wr
          vpiTypespec RefTypespec start:21:11 end:21:11:
            vpiParent: Port name:wr
            vpiFullName: work@t.wr
            vpiActual: LogicTypespec
        Port name:wa start:10:8 end:10:10:
          vpiParent: Module name:work@t
          vpiName: wa
          vpiDirection: input (1)
          vpiLowConn RefObj name:wa start:10:8 end:10:10:
            vpiParent: Port name:wa
            vpiName: wa
            vpiFullName: work@t.wa.wa
            vpiActual: Net name:wa
          vpiTypespec RefTypespec start:20:10 end:20:15:
            vpiParent: Port name:wa
            vpiFullName: work@t.wa
            vpiActual: LogicTypespec
        Port name:rst_l start:10:12 end:10:17:
          vpiParent: Module name:work@t
          vpiName: rst_l
          vpiDirection: input (1)
          vpiLowConn RefObj name:rst_l start:10:12 end:10:17:
            vpiParent: Port name:rst_l
            vpiName: rst_l
            vpiFullName: work@t.rst_l.rst_l
            vpiActual: Net name:rst_l
          vpiTypespec RefTypespec start:19:11 end:19:11:
            vpiParent: Port name:rst_l
            vpiFullName: work@t.rst_l
            vpiActual: LogicTypespec
        Port name:rd start:10:19 end:10:21:
          vpiParent: Module name:work@t
          vpiName: rd
          vpiDirection: input (1)
          vpiLowConn RefObj name:rd start:10:19 end:10:21:
            vpiParent: Port name:rd
            vpiName: rd
            vpiFullName: work@t.rd.rd
            vpiActual: Net name:rd
          vpiTypespec RefTypespec start:18:11 end:18:11:
            vpiParent: Port name:rd
            vpiFullName: work@t.rd
            vpiActual: LogicTypespec
        Port name:ra start:10:23 end:10:25:
          vpiParent: Module name:work@t
          vpiName: ra
          vpiDirection: input (1)
          vpiLowConn RefObj name:ra start:10:23 end:10:25:
            vpiParent: Port name:ra
            vpiName: ra
            vpiFullName: work@t.ra.ra
            vpiActual: Net name:ra
          vpiTypespec RefTypespec start:17:10 end:17:15:
            vpiParent: Port name:ra
            vpiFullName: work@t.ra
            vpiActual: LogicTypespec
        Port name:data_in start:10:27 end:10:34:
          vpiParent: Module name:work@t
          vpiName: data_in
          vpiDirection: input (1)
          vpiLowConn RefObj name:data_in start:10:27 end:10:34:
            vpiParent: Port name:data_in
            vpiName: data_in
            vpiFullName: work@t.data_in.data_in
            vpiActual: Net name:data_in
          vpiTypespec RefTypespec start:16:10 end:16:16:
            vpiParent: Port name:data_in
            vpiFullName: work@t.data_in
            vpiActual: LogicTypespec
        Port name:clk start:10:36 end:10:39:
          vpiParent: Module name:work@t
          vpiName: clk
          vpiDirection: input (1)
          vpiLowConn RefObj name:clk start:10:36 end:10:39:
            vpiParent: Port name:clk
            vpiName: clk
            vpiFullName: work@t.clk.clk
            vpiActual: Net name:clk
          vpiTypespec RefTypespec start:12:10 end:12:10:
            vpiParent: Port name:clk
            vpiFullName: work@t.clk
            vpiActual: LogicTypespec
      vpiRefInstance (1 items):
        RefInstance name:sub start:29:4 end:29:7:
          vpiParent: Module name:work@t
          vpiName: sub
          vpiTypespec RefTypespec name:work@reg_1r1w start:28:4 end:28:12:
            vpiParent: RefInstance name:sub
            vpiName: work@reg_1r1w
            vpiFullName: work@t.sub.work@reg_1r1w
            vpiActual: ModuleTypespec name:work@reg_1r1w
          vpiParamAssign (3 items):
            ParamAssign start:28:15 end:28:25:
              vpiParent: RefInstance name:sub
              vpiConnByName: true
              vpiLhs RefObj name:WIDTH start:28:16 end:28:21:
                vpiParent: ParamAssign
                vpiName: WIDTH
                vpiFullName: work@t.sub.WIDTH
              vpiRhs Constant start:28:22 end:28:24:
                vpiParent: ParamAssign
                vpiTypespec RefTypespec:
                  vpiParent: Constant
                  vpiFullName: work@t.sub
                  vpiActual: IntTypespec
                vpiConstType: unsigned int (9)
                vpiSize: 64
                vpiDecompile: "32"
                vpiValue: 32
            ParamAssign start:28:27 end:28:38:
              vpiParent: RefInstance name:sub
              vpiConnByName: true
              vpiLhs RefObj name:DEPTH start:28:28 end:28:33:
                vpiParent: ParamAssign
                vpiName: DEPTH
                vpiFullName: work@t.sub.DEPTH
              vpiRhs Constant start:28:34 end:28:37:
                vpiParent: ParamAssign
                vpiTypespec RefTypespec:
                  vpiParent: Constant
                  vpiFullName: work@t.sub
                  vpiActual: IntTypespec
                vpiConstType: unsigned int (9)
                vpiSize: 64
                vpiDecompile: "256"
                vpiValue: 256
            ParamAssign start:28:40 end:28:50:
              vpiParent: RefInstance name:sub
              vpiConnByName: true
              vpiLhs RefObj name:ADRWID start:28:41 end:28:47:
                vpiParent: ParamAssign
                vpiName: ADRWID
                vpiFullName: work@t.sub.ADRWID
              vpiRhs Constant start:28:48 end:28:49:
                vpiParent: ParamAssign
                vpiTypespec RefTypespec:
                  vpiParent: Constant
                  vpiFullName: work@t.sub
                  vpiActual: IntTypespec
                vpiConstType: unsigned int (9)
                vpiSize: 64
                vpiDecompile: "8"
                vpiValue: 8
          vpiPort (8 items):
            Port start:32:7 end:32:36:
              vpiParent: RefInstance name:sub
              vpiLowConn RefObj name:data_out start:32:8 end:32:16:
                vpiParent: Port
                vpiName: data_out
                vpiFullName: work@t.sub.data_out
                vpiActual: Net name:data_out
              vpiHighConn PartSelect name:data_out[31:0] start:32:21 end:32:35:
                vpiParent: Port
                vpiName: data_out[31:0]
                vpiFullName: work@t.sub.data_out[31:0]
                vpiPrefix RefObj name:data_out start:32:21 end:32:29:
                  vpiParent: PartSelect name:data_out[31:0]
                  vpiName: data_out
                  vpiFullName: work@t.sub.data_out[31:0].data_out
                  vpiActual: Net name:data_out
                vpiRange Range start:32:30 end:32:34:
                  vpiParent: PartSelect name:data_out[31:0]
                  vpiLeftRange Constant start:32:30 end:32:32:
                    vpiParent: Range
                    vpiTypespec RefTypespec:
                      vpiParent: Constant
                      vpiFullName: work@t.sub.data_out[31:0]
                      vpiActual: IntTypespec
                    vpiConstType: unsigned int (9)
                    vpiSize: 64
                    vpiDecompile: "31"
                    vpiValue: 31
                  vpiRightRange Constant start:32:33 end:32:34:
                    vpiParent: Range
                    vpiTypespec RefTypespec:
                      vpiParent: Constant
                      vpiFullName: work@t.sub.data_out[31:0]
                      vpiActual: IntTypespec
                    vpiConstType: unsigned int (9)
                    vpiSize: 64
                    vpiDecompile: "0"
                    vpiValue: 0
            Port start:34:7 end:34:34:
              vpiParent: RefInstance name:sub
              vpiLowConn RefObj name:data_in start:34:8 end:34:15:
                vpiParent: Port
                vpiName: data_in
                vpiFullName: work@t.sub.data_in
                vpiActual: Net name:data_in
              vpiHighConn PartSelect name:data_in[31:0] start:34:20 end:34:33:
                vpiParent: Port
                vpiName: data_in[31:0]
                vpiFullName: work@t.sub.data_in[31:0]
                vpiPrefix RefObj name:data_in start:34:20 end:34:27:
                  vpiParent: PartSelect name:data_in[31:0]
                  vpiName: data_in
                  vpiFullName: work@t.sub.data_in[31:0].data_in
                  vpiActual: Net name:data_in
                vpiRange Range start:34:28 end:34:32:
                  vpiParent: PartSelect name:data_in[31:0]
                  vpiLeftRange Constant start:34:28 end:34:30:
                    vpiParent: Range
                    vpiTypespec RefTypespec:
                      vpiParent: Constant
                      vpiFullName: work@t.sub.data_in[31:0]
                      vpiActual: IntTypespec
                    vpiConstType: unsigned int (9)
                    vpiSize: 64
                    vpiDecompile: "31"
                    vpiValue: 31
                  vpiRightRange Constant start:34:31 end:34:32:
                    vpiParent: Range
                    vpiTypespec RefTypespec:
                      vpiParent: Constant
                      vpiFullName: work@t.sub.data_in[31:0]
                      vpiActual: IntTypespec
                    vpiConstType: unsigned int (9)
                    vpiSize: 64
                    vpiDecompile: "0"
                    vpiValue: 0
            Port start:35:7 end:35:23:
              vpiParent: RefInstance name:sub
              vpiLowConn RefObj name:ra start:35:8 end:35:10:
                vpiParent: Port
                vpiName: ra
                vpiFullName: work@t.sub.ra
                vpiActual: Net name:ra
              vpiHighConn PartSelect name:ra[7:0] start:35:15 end:35:22:
                vpiParent: Port
                vpiName: ra[7:0]
                vpiFullName: work@t.sub.ra[7:0]
                vpiPrefix RefObj name:ra start:35:15 end:35:17:
                  vpiParent: PartSelect name:ra[7:0]
                  vpiName: ra
                  vpiFullName: work@t.sub.ra[7:0].ra
                  vpiActual: Net name:ra
                vpiRange Range start:35:18 end:35:21:
                  vpiParent: PartSelect name:ra[7:0]
                  vpiLeftRange Constant start:35:18 end:35:19:
                    vpiParent: Range
                    vpiTypespec RefTypespec:
                      vpiParent: Constant
                      vpiFullName: work@t.sub.ra[7:0]
                      vpiActual: IntTypespec
                    vpiConstType: unsigned int (9)
                    vpiSize: 64
                    vpiDecompile: "7"
                    vpiValue: 7
                  vpiRightRange Constant start:35:20 end:35:21:
                    vpiParent: Range
                    vpiTypespec RefTypespec:
                      vpiParent: Constant
                      vpiFullName: work@t.sub.ra[7:0]
                      vpiActual: IntTypespec
                    vpiConstType: unsigned int (9)
                    vpiSize: 64
                    vpiDecompile: "0"
                    vpiValue: 0
            Port start:36:7 end:36:23:
              vpiParent: RefInstance name:sub
              vpiLowConn RefObj name:wa start:36:8 end:36:10:
                vpiParent: Port
                vpiName: wa
                vpiFullName: work@t.sub.wa
                vpiActual: Net name:wa
              vpiHighConn PartSelect name:wa[7:0] start:36:15 end:36:22:
                vpiParent: Port
                vpiName: wa[7:0]
                vpiFullName: work@t.sub.wa[7:0]
                vpiPrefix RefObj name:wa start:36:15 end:36:17:
                  vpiParent: PartSelect name:wa[7:0]
                  vpiName: wa
                  vpiFullName: work@t.sub.wa[7:0].wa
                  vpiActual: Net name:wa
                vpiRange Range start:36:18 end:36:21:
                  vpiParent: PartSelect name:wa[7:0]
                  vpiLeftRange Constant start:36:18 end:36:19:
                    vpiParent: Range
                    vpiTypespec RefTypespec:
                      vpiParent: Constant
                      vpiFullName: work@t.sub.wa[7:0]
                      vpiActual: IntTypespec
                    vpiConstType: unsigned int (9)
                    vpiSize: 64
                    vpiDecompile: "7"
                    vpiValue: 7
                  vpiRightRange Constant start:36:20 end:36:21:
                    vpiParent: Range
                    vpiTypespec RefTypespec:
                      vpiParent: Constant
                      vpiFullName: work@t.sub.wa[7:0]
                      vpiActual: IntTypespec
                    vpiConstType: unsigned int (9)
                    vpiSize: 64
                    vpiDecompile: "0"
                    vpiValue: 0
            Port start:37:7 end:37:18:
              vpiParent: RefInstance name:sub
              vpiLowConn RefObj name:wr start:37:8 end:37:10:
                vpiParent: Port
                vpiName: wr
                vpiFullName: work@t.sub.wr
                vpiActual: Net name:wr
              vpiHighConn RefObj name:wr start:37:15 end:37:17:
                vpiParent: Port
                vpiName: wr
                vpiFullName: work@t.sub.wr
                vpiActual: Net name:wr
            Port start:38:7 end:38:18:
              vpiParent: RefInstance name:sub
              vpiLowConn RefObj name:rd start:38:8 end:38:10:
                vpiParent: Port
                vpiName: rd
                vpiFullName: work@t.sub.rd
                vpiActual: Net name:rd
              vpiHighConn RefObj name:rd start:38:15 end:38:17:
                vpiParent: Port
                vpiName: rd
                vpiFullName: work@t.sub.rd
                vpiActual: Net name:rd
            Port start:39:7 end:39:20:
              vpiParent: RefInstance name:sub
              vpiLowConn RefObj name:clk start:39:8 end:39:11:
                vpiParent: Port
                vpiName: clk
                vpiFullName: work@t.sub.clk
                vpiActual: Net name:clk
              vpiHighConn RefObj name:clk start:39:16 end:39:19:
                vpiParent: Port
                vpiName: clk
                vpiFullName: work@t.sub.clk
                vpiActual: Net name:clk
            Port start:40:7 end:40:24:
              vpiParent: RefInstance name:sub
              vpiLowConn RefObj name:rst_l start:40:8 end:40:13:
                vpiParent: Port
                vpiName: rst_l
                vpiFullName: work@t.sub.rst_l
                vpiActual: Net name:rst_l
              vpiHighConn RefObj name:rst_l start:40:18 end:40:23:
                vpiParent: Port
                vpiName: rst_l
                vpiFullName: work@t.sub.rst_l
                vpiActual: Net name:rst_l
    Module name:work@reg_1r1w file:$Source01/t_lint_blksync_loop.v start:44:1 end:104:10:
      vpiParent: Design name:unnamed
      vpiName Identifier name:work@reg_1r1w start:44:8 end:44:16:
        vpiParent: Module name:work@reg_1r1w
        vpiName: work@reg_1r1w
      vpiFullName: work@reg_1r1w
      vpiParameter (4 items):
        Parameter name:WIDTH start:46:16 end:46:21:
          vpiParent: Module name:work@reg_1r1w
          vpiTypespec RefTypespec start:46:16 end:46:16:
            vpiParent: Parameter name:WIDTH
            vpiFullName: work@reg_1r1w.WIDTH
            vpiActual: LogicTypespec
          vpiName: WIDTH
          vpiFullName: work@reg_1r1w.WIDTH
        Parameter name:ADRWID start:47:16 end:47:22:
          vpiParent: Module name:work@reg_1r1w
          vpiTypespec RefTypespec start:47:16 end:47:16:
            vpiParent: Parameter name:ADRWID
            vpiFullName: work@reg_1r1w.ADRWID
            vpiActual: LogicTypespec
          vpiName: ADRWID
          vpiFullName: work@reg_1r1w.ADRWID
        Parameter name:DEPTH start:48:16 end:48:21:
          vpiParent: Module name:work@reg_1r1w
          vpiTypespec RefTypespec start:48:16 end:48:16:
            vpiParent: Parameter name:DEPTH
            vpiFullName: work@reg_1r1w.DEPTH
            vpiActual: LogicTypespec
          vpiName: DEPTH
          vpiFullName: work@reg_1r1w.DEPTH
        Parameter name:RST start:49:16 end:49:19:
          vpiParent: Module name:work@reg_1r1w
          vpiTypespec RefTypespec start:49:16 end:49:16:
            vpiParent: Parameter name:RST
            vpiFullName: work@reg_1r1w.RST
            vpiActual: LogicTypespec
          vpiName: RST
          vpiFullName: work@reg_1r1w.RST
      vpiParamAssign (4 items):
        ParamAssign start:46:16 end:46:24:
          vpiParent: Module name:work@reg_1r1w
          vpiLhs RefObj name:WIDTH start:46:16 end:46:21:
            vpiParent: ParamAssign
            vpiName: WIDTH
            vpiFullName: work@reg_1r1w.WIDTH
            vpiActual: Parameter name:WIDTH
          vpiRhs Constant start:46:22 end:46:24:
            vpiParent: ParamAssign
            vpiTypespec RefTypespec:
              vpiParent: Constant
              vpiFullName: work@reg_1r1w
              vpiActual: IntTypespec
            vpiConstType: unsigned int (9)
            vpiSize: 64
            vpiDecompile: "32"
            vpiValue: 32
        ParamAssign start:47:16 end:47:25:
          vpiParent: Module name:work@reg_1r1w
          vpiLhs RefObj name:ADRWID start:47:16 end:47:22:
            vpiParent: ParamAssign
            vpiName: ADRWID
            vpiFullName: work@reg_1r1w.ADRWID
            vpiActual: Parameter name:ADRWID
          vpiRhs Constant start:47:23 end:47:25:
            vpiParent: ParamAssign
            vpiTypespec RefTypespec:
              vpiParent: Constant
              vpiFullName: work@reg_1r1w
              vpiActual: IntTypespec
            vpiConstType: unsigned int (9)
            vpiSize: 64
            vpiDecompile: "10"
            vpiValue: 10
        ParamAssign start:48:16 end:48:26:
          vpiParent: Module name:work@reg_1r1w
          vpiLhs RefObj name:DEPTH start:48:16 end:48:21:
            vpiParent: ParamAssign
            vpiName: DEPTH
            vpiFullName: work@reg_1r1w.DEPTH
            vpiActual: Parameter name:DEPTH
          vpiRhs Constant start:48:22 end:48:26:
            vpiParent: ParamAssign
            vpiTypespec RefTypespec:
              vpiParent: Constant
              vpiFullName: work@reg_1r1w
              vpiActual: IntTypespec
            vpiConstType: unsigned int (9)
            vpiSize: 64
            vpiDecompile: "1024"
            vpiValue: 1024
        ParamAssign start:49:16 end:49:21:
          vpiParent: Module name:work@reg_1r1w
          vpiLhs RefObj name:RST start:49:16 end:49:19:
            vpiParent: ParamAssign
            vpiName: RST
            vpiFullName: work@reg_1r1w.RST
            vpiActual: Parameter name:RST
          vpiRhs Constant start:49:20 end:49:21:
            vpiParent: ParamAssign
            vpiTypespec RefTypespec:
              vpiParent: Constant
              vpiFullName: work@reg_1r1w
              vpiActual: IntTypespec
            vpiConstType: unsigned int (9)
            vpiSize: 64
            vpiDecompile: "0"
            vpiValue: 0
      vpiTypespec (10 items):
        LogicTypespec:
          vpiParent: Module name:work@reg_1r1w
        LogicTypespec:
          vpiParent: Module name:work@reg_1r1w
          vpiRange (1 items):
            Range start:58:11 end:58:22:
              vpiParent: LogicTypespec
              vpiLeftRange Operation start:58:12 end:58:19:
                vpiParent: Range
                vpiOpType: subtract (11)
                vpiOperand (2 items):
                  RefObj name:WIDTH start:58:12 end:58:17:
                    vpiParent: Operation
                    vpiName: WIDTH
                    vpiFullName: work@reg_1r1w.WIDTH
                    vpiActual: Parameter name:WIDTH
                  Constant start:58:18 end:58:19:
                    vpiParent: Operation
                    vpiTypespec RefTypespec:
                      vpiParent: Constant
                      vpiFullName: work@reg_1r1w
                      vpiActual: IntTypespec
                    vpiConstType: unsigned int (9)
                    vpiSize: 64
                    vpiDecompile: "1"
                    vpiValue: 1
              vpiRightRange Constant start:58:20 end:58:21:
                vpiParent: Range
                vpiTypespec RefTypespec:
                  vpiParent: Constant
                  vpiFullName: work@reg_1r1w
                  vpiActual: IntTypespec
                vpiConstType: unsigned int (9)
                vpiSize: 64
                vpiDecompile: "0"
                vpiValue: 0
          vpiVector: true
        LogicTypespec:
          vpiParent: Module name:work@reg_1r1w
          vpiRange (1 items):
            Range start:59:11 end:59:23:
              vpiParent: LogicTypespec
              vpiLeftRange Operation start:59:12 end:59:20:
                vpiParent: Range
                vpiOpType: subtract (11)
                vpiOperand (2 items):
                  RefObj name:ADRWID start:59:12 end:59:18:
                    vpiParent: Operation
                    vpiName: ADRWID
                    vpiFullName: work@reg_1r1w.ADRWID
                    vpiActual: Parameter name:ADRWID
                  Constant start:59:19 end:59:20:
                    vpiParent: Operation
                    vpiTypespec RefTypespec:
                      vpiParent: Constant
                      vpiFullName: work@reg_1r1w
                      vpiActual: IntTypespec
                    vpiConstType: unsigned int (9)
                    vpiSize: 64
                    vpiDecompile: "1"
                    vpiValue: 1
              vpiRightRange Constant start:59:21 end:59:22:
                vpiParent: Range
                vpiTypespec RefTypespec:
                  vpiParent: Constant
                  vpiFullName: work@reg_1r1w
                  vpiActual: IntTypespec
                vpiConstType: unsigned int (9)
                vpiSize: 64
                vpiDecompile: "0"
                vpiValue: 0
          vpiVector: true
        LogicTypespec:
          vpiParent: Module name:work@reg_1r1w
          vpiRange (1 items):
            Range start:60:11 end:60:23:
              vpiParent: LogicTypespec
              vpiLeftRange Operation start:60:12 end:60:20:
                vpiParent: Range
                vpiOpType: subtract (11)
                vpiOperand (2 items):
                  RefObj name:ADRWID start:60:12 end:60:18:
                    vpiParent: Operation
                    vpiName: ADRWID
                    vpiFullName: work@reg_1r1w.ADRWID
                    vpiActual: Parameter name:ADRWID
                  Constant start:60:19 end:60:20:
                    vpiParent: Operation
                    vpiTypespec RefTypespec:
                      vpiParent: Constant
                      vpiFullName: work@reg_1r1w
                      vpiActual: IntTypespec
                    vpiConstType: unsigned int (9)
                    vpiSize: 64
                    vpiDecompile: "1"
                    vpiValue: 1
              vpiRightRange Constant start:60:21 end:60:22:
                vpiParent: Range
                vpiTypespec RefTypespec:
                  vpiParent: Constant
                  vpiFullName: work@reg_1r1w
                  vpiActual: IntTypespec
                vpiConstType: unsigned int (9)
                vpiSize: 64
                vpiDecompile: "0"
                vpiValue: 0
          vpiVector: true
        LogicTypespec:
          vpiParent: Module name:work@reg_1r1w
          vpiRange (1 items):
            Range start:66:12 end:66:23:
              vpiParent: LogicTypespec
              vpiLeftRange Operation start:66:13 end:66:20:
                vpiParent: Range
                vpiOpType: subtract (11)
                vpiOperand (2 items):
                  RefObj name:WIDTH start:66:13 end:66:18:
                    vpiParent: Operation
                    vpiName: WIDTH
                    vpiFullName: work@reg_1r1w.WIDTH
                    vpiActual: Parameter name:WIDTH
                  Constant start:66:19 end:66:20:
                    vpiParent: Operation
                    vpiTypespec RefTypespec:
                      vpiParent: Constant
                      vpiFullName: work@reg_1r1w
                      vpiActual: IntTypespec
                    vpiConstType: unsigned int (9)
                    vpiSize: 64
                    vpiDecompile: "1"
                    vpiValue: 1
              vpiRightRange Constant start:66:21 end:66:22:
                vpiParent: Range
                vpiTypespec RefTypespec:
                  vpiParent: Constant
                  vpiFullName: work@reg_1r1w
                  vpiActual: IntTypespec
                vpiConstType: unsigned int (9)
                vpiSize: 64
                vpiDecompile: "0"
                vpiValue: 0
          vpiVector: true
        LogicTypespec:
          vpiParent: Module name:work@reg_1r1w
          vpiRange (1 items):
            Range start:68:9 end:68:20:
              vpiParent: LogicTypespec
              vpiLeftRange Operation start:68:10 end:68:17:
                vpiParent: Range
                vpiOpType: subtract (11)
                vpiOperand (2 items):
                  RefObj name:WIDTH start:68:10 end:68:15:
                    vpiParent: Operation
                    vpiName: WIDTH
                    vpiFullName: work@reg_1r1w.WIDTH
                    vpiActual: Parameter name:WIDTH
                  Constant start:68:16 end:68:17:
                    vpiParent: Operation
                    vpiTypespec RefTypespec:
                      vpiParent: Constant
                      vpiFullName: work@reg_1r1w
                      vpiActual: IntTypespec
                    vpiConstType: unsigned int (9)
                    vpiSize: 64
                    vpiDecompile: "1"
                    vpiValue: 1
              vpiRightRange Constant start:68:18 end:68:19:
                vpiParent: Range
                vpiTypespec RefTypespec:
                  vpiParent: Constant
                  vpiFullName: work@reg_1r1w
                  vpiActual: IntTypespec
                vpiConstType: unsigned int (9)
                vpiSize: 64
                vpiDecompile: "0"
                vpiValue: 0
          vpiVector: true
        ArrayTypespec:
          vpiParent: Module name:work@reg_1r1w
          vpiArrayType: static (1)
          vpiRange Range start:68:27 end:68:38:
            vpiParent: ArrayTypespec
            vpiLeftRange Operation start:68:28 end:68:35:
              vpiParent: Range
              vpiOpType: subtract (11)
              vpiOperand (2 items):
                RefObj name:DEPTH start:68:28 end:68:33:
                  vpiParent: Operation
                  vpiName: DEPTH
                  vpiFullName: work@reg_1r1w.DEPTH
                  vpiActual: Parameter name:DEPTH
                Constant start:68:34 end:68:35:
                  vpiParent: Operation
                  vpiTypespec RefTypespec:
                    vpiParent: Constant
                    vpiFullName: work@reg_1r1w
                    vpiActual: IntTypespec
                  vpiConstType: unsigned int (9)
                  vpiSize: 64
                  vpiDecompile: "1"
                  vpiValue: 1
            vpiRightRange Constant start:68:36 end:68:37:
              vpiParent: Range
              vpiTypespec RefTypespec:
                vpiParent: Constant
                vpiFullName: work@reg_1r1w
                vpiActual: IntTypespec
              vpiConstType: unsigned int (9)
              vpiSize: 64
              vpiDecompile: "0"
              vpiValue: 0
          vpiElemTypespec RefTypespec start:68:5 end:68:20:
            vpiParent: ArrayTypespec
            vpiFullName: work@reg_1r1w
            vpiActual: LogicTypespec
        LogicTypespec:
          vpiParent: Module name:work@reg_1r1w
          vpiRange (1 items):
            Range start:69:9 end:69:21:
              vpiParent: LogicTypespec
              vpiLeftRange Operation start:69:10 end:69:18:
                vpiParent: Range
                vpiOpType: subtract (11)
                vpiOperand (2 items):
                  RefObj name:ADRWID start:69:10 end:69:16:
                    vpiParent: Operation
                    vpiName: ADRWID
                    vpiFullName: work@reg_1r1w.ADRWID
                    vpiActual: Parameter name:ADRWID
                  Constant start:69:17 end:69:18:
                    vpiParent: Operation
                    vpiTypespec RefTypespec:
                      vpiParent: Constant
                      vpiFullName: work@reg_1r1w
                      vpiActual: IntTypespec
                    vpiConstType: unsigned int (9)
                    vpiSize: 64
                    vpiDecompile: "1"
                    vpiValue: 1
              vpiRightRange Constant start:69:19 end:69:20:
                vpiParent: Range
                vpiTypespec RefTypespec:
                  vpiParent: Constant
                  vpiFullName: work@reg_1r1w
                  vpiActual: IntTypespec
                vpiConstType: unsigned int (9)
                vpiSize: 64
                vpiDecompile: "0"
                vpiValue: 0
          vpiVector: true
        LogicTypespec:
          vpiParent: Module name:work@reg_1r1w
          vpiRange (1 items):
            Range start:70:9 end:70:20:
              vpiParent: LogicTypespec
              vpiLeftRange Operation start:70:10 end:70:17:
                vpiParent: Range
                vpiOpType: subtract (11)
                vpiOperand (2 items):
                  RefObj name:WIDTH start:70:10 end:70:15:
                    vpiParent: Operation
                    vpiName: WIDTH
                    vpiFullName: work@reg_1r1w.WIDTH
                    vpiActual: Parameter name:WIDTH
                  Constant start:70:16 end:70:17:
                    vpiParent: Operation
                    vpiTypespec RefTypespec:
                      vpiParent: Constant
                      vpiFullName: work@reg_1r1w
                      vpiActual: IntTypespec
                    vpiConstType: unsigned int (9)
                    vpiSize: 64
                    vpiDecompile: "1"
                    vpiValue: 1
              vpiRightRange Constant start:70:18 end:70:19:
                vpiParent: Range
                vpiTypespec RefTypespec:
                  vpiParent: Constant
                  vpiFullName: work@reg_1r1w
                  vpiActual: IntTypespec
                vpiConstType: unsigned int (9)
                vpiSize: 64
                vpiDecompile: "0"
                vpiValue: 0
          vpiVector: true
        IntegerTypespec:
          vpiParent: Module name:work@reg_1r1w
          vpiSigned: true
      vpiDefName: work@reg_1r1w
      vpiDefNetType: none (12)
      vpiNet (15 items):
        Net name:data_out start:66:24 end:66:32:
          vpiParent: Module name:work@reg_1r1w
          vpiTypespec RefTypespec start:66:12 end:66:23:
            vpiParent: Net name:data_out
            vpiFullName: work@reg_1r1w.data_out
            vpiActual: LogicTypespec
          vpiName: data_out
          vpiFullName: work@reg_1r1w.data_out
        Net name:data_in start:58:23 end:58:30:
          vpiParent: Module name:work@reg_1r1w
          vpiTypespec RefTypespec start:58:11 end:58:22:
            vpiParent: Net name:data_in
            vpiFullName: work@reg_1r1w.data_in
            vpiActual: LogicTypespec
          vpiName: data_in
          vpiFullName: work@reg_1r1w.data_in
        Net name:ra start:59:24 end:59:26:
          vpiParent: Module name:work@reg_1r1w
          vpiTypespec RefTypespec start:59:11 end:59:23:
            vpiParent: Net name:ra
            vpiFullName: work@reg_1r1w.ra
            vpiActual: LogicTypespec
          vpiName: ra
          vpiFullName: work@reg_1r1w.ra
        Net name:wa start:60:24 end:60:26:
          vpiParent: Module name:work@reg_1r1w
          vpiTypespec RefTypespec start:60:11 end:60:23:
            vpiParent: Net name:wa
            vpiFullName: work@reg_1r1w.wa
            vpiActual: LogicTypespec
          vpiName: wa
          vpiFullName: work@reg_1r1w.wa
        Net name:wr start:61:11 end:61:13:
          vpiParent: Module name:work@reg_1r1w
          vpiTypespec RefTypespec start:61:11 end:61:11:
            vpiParent: Net name:wr
            vpiFullName: work@reg_1r1w.wr
            vpiActual: LogicTypespec
          vpiName: wr
          vpiFullName: work@reg_1r1w.wr
        Net name:rd start:62:11 end:62:13:
          vpiParent: Module name:work@reg_1r1w
          vpiTypespec RefTypespec start:62:11 end:62:11:
            vpiParent: Net name:rd
            vpiFullName: work@reg_1r1w.rd
            vpiActual: LogicTypespec
          vpiName: rd
          vpiFullName: work@reg_1r1w.rd
        Net name:clk start:63:11 end:63:14:
          vpiParent: Module name:work@reg_1r1w
          vpiTypespec RefTypespec start:63:11 end:63:11:
            vpiParent: Net name:clk
            vpiFullName: work@reg_1r1w.clk
            vpiActual: LogicTypespec
          vpiName: clk
          vpiFullName: work@reg_1r1w.clk
        Net name:rst_l start:64:11 end:64:16:
          vpiParent: Module name:work@reg_1r1w
          vpiTypespec RefTypespec start:64:11 end:64:11:
            vpiParent: Net name:rst_l
            vpiFullName: work@reg_1r1w.rst_l
            vpiActual: LogicTypespec
          vpiName: rst_l
          vpiFullName: work@reg_1r1w.rst_l
        Net name:array start:68:21 end:68:26:
          vpiParent: Module name:work@reg_1r1w
          vpiTypespec RefTypespec:
            vpiParent: Net name:array
            vpiFullName: work@reg_1r1w.array
            vpiActual: ArrayTypespec
          vpiName: array
          vpiFullName: work@reg_1r1w.array
        Net name:ra_r start:69:22 end:69:26:
          vpiParent: Module name:work@reg_1r1w
          vpiTypespec RefTypespec start:69:5 end:69:21:
            vpiParent: Net name:ra_r
            vpiFullName: work@reg_1r1w.ra_r
            vpiActual: LogicTypespec
          vpiName: ra_r
          vpiFullName: work@reg_1r1w.ra_r
        Net name:wa_r start:69:28 end:69:32:
          vpiParent: Module name:work@reg_1r1w
          vpiTypespec RefTypespec start:69:5 end:69:21:
            vpiParent: Net name:wa_r
            vpiFullName: work@reg_1r1w.wa_r
            vpiActual: LogicTypespec
          vpiName: wa_r
          vpiFullName: work@reg_1r1w.wa_r
        Net name:data_in_r start:70:22 end:70:31:
          vpiParent: Module name:work@reg_1r1w
          vpiTypespec RefTypespec start:70:5 end:70:20:
            vpiParent: Net name:data_in_r
            vpiFullName: work@reg_1r1w.data_in_r
            vpiActual: LogicTypespec
          vpiName: data_in_r
          vpiFullName: work@reg_1r1w.data_in_r
        Net name:wr_r start:71:21 end:71:25:
          vpiParent: Module name:work@reg_1r1w
          vpiTypespec RefTypespec start:71:5 end:71:8:
            vpiParent: Net name:wr_r
            vpiFullName: work@reg_1r1w.wr_r
            vpiActual: LogicTypespec
          vpiName: wr_r
          vpiFullName: work@reg_1r1w.wr_r
        Net name:rd_r start:72:21 end:72:25:
          vpiParent: Module name:work@reg_1r1w
          vpiTypespec RefTypespec start:72:5 end:72:8:
            vpiParent: Net name:rd_r
            vpiFullName: work@reg_1r1w.rd_r
            vpiActual: LogicTypespec
          vpiName: rd_r
          vpiFullName: work@reg_1r1w.rd_r
        Net name:x start:74:20 end:74:21:
          vpiParent: Module name:work@reg_1r1w
          vpiTypespec RefTypespec start:74:5 end:74:12:
            vpiParent: Net name:x
            vpiFullName: work@reg_1r1w.x
            vpiActual: IntegerTypespec
          vpiName: x
          vpiFullName: work@reg_1r1w.x
      vpiPort (8 items):
        Port name:data_out start:53:4 end:53:12:
          vpiParent: Module name:work@reg_1r1w
          vpiName: data_out
          vpiDirection: output (2)
          vpiLowConn RefObj name:data_out start:53:4 end:53:12:
            vpiParent: Port name:data_out
            vpiName: data_out
            vpiFullName: work@reg_1r1w.data_out.data_out
            vpiActual: Net name:data_out
          vpiTypespec RefTypespec start:66:12 end:66:23:
            vpiParent: Port name:data_out
            vpiFullName: work@reg_1r1w.data_out
            vpiActual: LogicTypespec
        Port name:data_in start:55:4 end:55:11:
          vpiParent: Module name:work@reg_1r1w
          vpiName: data_in
          vpiDirection: input (1)
          vpiLowConn RefObj name:data_in start:55:4 end:55:11:
            vpiParent: Port name:data_in
            vpiName: data_in
            vpiFullName: work@reg_1r1w.data_in.data_in
            vpiActual: Net name:data_in
          vpiTypespec RefTypespec start:58:11 end:58:22:
            vpiParent: Port name:data_in
            vpiFullName: work@reg_1r1w.data_in
            vpiActual: LogicTypespec
        Port name:ra start:55:13 end:55:15:
          vpiParent: Module name:work@reg_1r1w
          vpiName: ra
          vpiDirection: input (1)
          vpiLowConn RefObj name:ra start:55:13 end:55:15:
            vpiParent: Port name:ra
            vpiName: ra
            vpiFullName: work@reg_1r1w.ra.ra
            vpiActual: Net name:ra
          vpiTypespec RefTypespec start:59:11 end:59:23:
            vpiParent: Port name:ra
            vpiFullName: work@reg_1r1w.ra
            vpiActual: LogicTypespec
        Port name:wa start:55:17 end:55:19:
          vpiParent: Module name:work@reg_1r1w
          vpiName: wa
          vpiDirection: input (1)
          vpiLowConn RefObj name:wa start:55:17 end:55:19:
            vpiParent: Port name:wa
            vpiName: wa
            vpiFullName: work@reg_1r1w.wa.wa
            vpiActual: Net name:wa
          vpiTypespec RefTypespec start:60:11 end:60:23:
            vpiParent: Port name:wa
            vpiFullName: work@reg_1r1w.wa
            vpiActual: LogicTypespec
        Port name:wr start:55:21 end:55:23:
          vpiParent: Module name:work@reg_1r1w
          vpiName: wr
          vpiDirection: input (1)
          vpiLowConn RefObj name:wr start:55:21 end:55:23:
            vpiParent: Port name:wr
            vpiName: wr
            vpiFullName: work@reg_1r1w.wr.wr
            vpiActual: Net name:wr
          vpiTypespec RefTypespec start:61:11 end:61:11:
            vpiParent: Port name:wr
            vpiFullName: work@reg_1r1w.wr
            vpiActual: LogicTypespec
        Port name:rd start:55:25 end:55:27:
          vpiParent: Module name:work@reg_1r1w
          vpiName: rd
          vpiDirection: input (1)
          vpiLowConn RefObj name:rd start:55:25 end:55:27:
            vpiParent: Port name:rd
            vpiName: rd
            vpiFullName: work@reg_1r1w.rd.rd
            vpiActual: Net name:rd
          vpiTypespec RefTypespec start:62:11 end:62:11:
            vpiParent: Port name:rd
            vpiFullName: work@reg_1r1w.rd
            vpiActual: LogicTypespec
        Port name:clk start:55:29 end:55:32:
          vpiParent: Module name:work@reg_1r1w
          vpiName: clk
          vpiDirection: input (1)
          vpiLowConn RefObj name:clk start:55:29 end:55:32:
            vpiParent: Port name:clk
            vpiName: clk
            vpiFullName: work@reg_1r1w.clk.clk
            vpiActual: Net name:clk
          vpiTypespec RefTypespec start:63:11 end:63:11:
            vpiParent: Port name:clk
            vpiFullName: work@reg_1r1w.clk
            vpiActual: LogicTypespec
        Port name:rst_l start:55:34 end:55:39:
          vpiParent: Module name:work@reg_1r1w
          vpiName: rst_l
          vpiDirection: input (1)
          vpiLowConn RefObj name:rst_l start:55:34 end:55:39:
            vpiParent: Port name:rst_l
            vpiName: rst_l
            vpiFullName: work@reg_1r1w.rst_l.rst_l
            vpiActual: Net name:rst_l
          vpiTypespec RefTypespec start:64:11 end:64:11:
            vpiParent: Port name:rst_l
            vpiFullName: work@reg_1r1w.rst_l
            vpiActual: LogicTypespec
      vpiProcess (2 items):
        Always start:77:5 end:80:8:
          vpiParent: Module name:work@reg_1r1w
          vpiStmt EventControl start:77:12 end:80:8:
            vpiParent: Always
            vpiCondition Operation:
              vpiParent: EventControl
              vpiOpType: posedge (39)
              vpiOperand (1 items):
                RefObj name:clk start:77:22 end:77:25:
                  vpiParent: Operation
                  vpiName: clk
                  vpiFullName: work@reg_1r1w.clk
                  vpiActual: Net name:clk
            vpiStmt Begin start:77:27 end:80:8:
              vpiParent: EventControl
              vpiFullName: work@reg_1r1w
              vpiVariable (1 items):
                Variable name:tmp start:78:12 end:78:15:
                  vpiParent: Begin
                  vpiTypespec RefTypespec start:78:8 end:78:11:
                    vpiParent: Variable name:tmp
                    vpiFullName: work@reg_1r1w.tmp
                    vpiActual: IntTypespec
                  vpiName: tmp
                  vpiFullName: work@reg_1r1w.tmp
                  vpiValue Operation start:78:18 end:78:23:
                    vpiParent: Variable name:tmp
                    vpiOpType: add (24)
                    vpiOperand (2 items):
                      RefObj name:x start:78:18 end:78:19:
                        vpiParent: Operation
                        vpiName: x
                        vpiFullName: work@reg_1r1w.tmp.x
                        vpiActual: Net name:x
                      Constant start:78:22 end:78:23:
                        vpiParent: Operation
                        vpiTypespec RefTypespec:
                          vpiParent: Constant
                          vpiFullName: work@reg_1r1w.tmp
                          vpiActual: IntTypespec
                        vpiConstType: unsigned int (9)
                        vpiSize: 64
                        vpiDecompile: "1"
                        vpiValue: 1
              vpiStmt (1 items):
                IfStmt start:79:8 end:79:33:
                  vpiParent: Begin
                  vpiCondition Operation start:79:12 end:79:25:
                    vpiParent: IfStmt
                    vpiOpType: case neq (17)
                    vpiOperand (2 items):
                      RefObj name:tmp start:79:12 end:79:15:
                        vpiParent: Operation
                        vpiName: tmp
                        vpiFullName: work@reg_1r1w.tmp
                        vpiActual: Variable name:tmp
                      Operation start:79:20 end:79:25:
                        vpiParent: Operation
                        vpiOpType: add (24)
                        vpiOperand (2 items):
                          RefObj name:x start:79:20 end:79:21:
                            vpiParent: Operation
                            vpiName: x
                            vpiFullName: work@reg_1r1w.x
                            vpiActual: Net name:x
                          Constant start:79:24 end:79:25:
                            vpiParent: Operation
                            vpiTypespec RefTypespec:
                              vpiParent: Constant
                              vpiFullName: work@reg_1r1w
                              vpiActual: IntTypespec
                            vpiConstType: unsigned int (9)
                            vpiSize: 64
                            vpiDecompile: "1"
                            vpiValue: 1
                  vpiStmt SysFuncCall name:$stop start:79:27 end:79:32:
                    vpiParent: IfStmt
                    vpiName Identifier name:$stop start:79:27 end:79:32:
                      vpiParent: SysFuncCall name:$stop
                      vpiName: "$stop"
          vpiAlwaysType: always (1)
        Always start:82:5 end:103:8:
          vpiParent: Module name:work@reg_1r1w
          vpiStmt EventControl start:82:12 end:103:8:
            vpiParent: Always
            vpiCondition Operation start:82:14 end:82:42:
              vpiParent: EventControl
              vpiOpType: event or (35)
              vpiOperand (2 items):
                Operation:
                  vpiParent: Operation
                  vpiOpType: posedge (39)
                  vpiOperand (1 items):
                    RefObj name:clk start:82:22 end:82:25:
                      vpiParent: Operation
                      vpiName: clk
                      vpiFullName: work@reg_1r1w.clk
                      vpiActual: Net name:clk
                Operation:
                  vpiParent: Operation
                  vpiOpType: negedge (40)
                  vpiOperand (1 items):
                    RefObj name:rst_l start:82:37 end:82:42:
                      vpiParent: Operation
                      vpiName: rst_l
                      vpiFullName: work@reg_1r1w.rst_l
                      vpiActual: Net name:rst_l
            vpiStmt Begin start:82:44 end:103:8:
              vpiParent: EventControl
              vpiFullName: work@reg_1r1w
              vpiStmt (1 items):
                IfElse start:83:8 end:102:11:
                  vpiParent: Begin
                  vpiCondition Operation start:83:12 end:83:18:
                    vpiParent: IfElse
                    vpiOpType: not (3)
                    vpiOperand (1 items):
                      RefObj name:rst_l start:83:13 end:83:18:
                        vpiParent: Operation
                        vpiName: rst_l
                        vpiFullName: work@reg_1r1w.rst_l
                        vpiActual: Net name:rst_l
                  vpiStmt Begin start:83:20 end:94:11:
                    vpiParent: IfElse
                    vpiFullName: work@reg_1r1w
                    vpiStmt (6 items):
                      ForStmt start:84:4 end:88:7:
                        vpiParent: Begin
                        vpiFullName: work@reg_1r1w
                        vpiForInitStmt (1 items):
                          Assignment start:84:9 end:84:12:
                            vpiParent: ForStmt
                            vpiBlocking: true
                            vpiLhs RefObj name:x start:84:9 end:84:10:
                              vpiParent: Assignment
                              vpiName: x
                              vpiFullName: work@reg_1r1w.x
                              vpiActual: Net name:x
                            vpiRhs Constant start:84:11 end:84:12:
                              vpiParent: Assignment
                              vpiTypespec RefTypespec:
                                vpiParent: Constant
                                vpiFullName: work@reg_1r1w
                                vpiActual: IntTypespec
                              vpiConstType: unsigned int (9)
                              vpiSize: 64
                              vpiDecompile: "0"
                              vpiValue: 0
                        vpiForIncStmt (1 items):
                          Assignment start:84:23 end:84:28:
                            vpiParent: ForStmt
                            vpiBlocking: true
                            vpiLhs RefObj name:x start:84:23 end:84:24:
                              vpiParent: Assignment
                              vpiName: x
                              vpiFullName: work@reg_1r1w.x
                              vpiActual: Net name:x
                            vpiRhs Operation start:84:25 end:84:28:
                              vpiParent: Assignment
                              vpiOpType: add (24)
                              vpiOperand (2 items):
                                RefObj name:x start:84:25 end:84:26:
                                  vpiParent: Operation
                                  vpiName: x
                                  vpiFullName: work@reg_1r1w.x
                                  vpiActual: Net name:x
                                Constant start:84:27 end:84:28:
                                  vpiParent: Operation
                                  vpiTypespec RefTypespec:
                                    vpiParent: Constant
                                    vpiFullName: work@reg_1r1w
                                    vpiActual: IntTypespec
                                  vpiConstType: unsigned int (9)
                                  vpiSize: 64
                                  vpiDecompile: "1"
                                  vpiValue: 1
                        vpiCondition Operation start:84:14 end:84:21:
                          vpiParent: ForStmt
                          vpiOpType: less than (20)
                          vpiOperand (2 items):
                            RefObj name:x start:84:14 end:84:15:
                              vpiParent: Operation
                              vpiName: x
                              vpiFullName: work@reg_1r1w.x
                              vpiActual: Net name:x
                            RefObj name:DEPTH start:84:16 end:84:21:
                              vpiParent: Operation
                              vpiName: DEPTH
                              vpiFullName: work@reg_1r1w.DEPTH
                              vpiActual: Parameter name:DEPTH
                        vpiStmt Begin start:84:30 end:88:7:
                          vpiParent: ForStmt
                          vpiFullName: work@reg_1r1w
                          vpiStmt (1 items):
                            IfStmt start:85:14 end:87:17:
                              vpiParent: Begin
                              vpiCondition Operation start:85:18 end:85:26:
                                vpiParent: IfStmt
                                vpiOpType: equal (14)
                                vpiOperand (2 items):
                                  RefObj name:RST start:85:18 end:85:21:
                                    vpiParent: Operation
                                    vpiName: RST
                                    vpiFullName: work@reg_1r1w.RST
                                    vpiActual: Parameter name:RST
                                  Constant start:85:25 end:85:26:
                                    vpiParent: Operation
                                    vpiTypespec RefTypespec:
                                      vpiParent: Constant
                                      vpiFullName: work@reg_1r1w
                                      vpiActual: IntTypespec
                                    vpiConstType: unsigned int (9)
                                    vpiSize: 64
                                    vpiDecompile: "1"
                                    vpiValue: 1
                              vpiStmt Begin start:85:28 end:87:17:
                                vpiParent: IfStmt
                                vpiFullName: work@reg_1r1w
                                vpiStmt (1 items):
                                  Assignment start:86:3 end:86:16:
                                    vpiParent: Begin
                                    vpiLhs BitSelect name:array[x] start:86:3 end:86:11:
                                      vpiParent: Assignment
                                      vpiName: array[x]
                                      vpiFullName: work@reg_1r1w.array[x]
                                      vpiPrefix RefObj name:array start:86:3 end:86:8:
                                        vpiParent: BitSelect name:array[x]
                                        vpiName: array
                                        vpiFullName: work@reg_1r1w.array
                                        vpiActual: Net name:array
                                      vpiIndex RefObj name:x start:86:9 end:86:10:
                                        vpiParent: BitSelect name:array[x]
                                        vpiName: x
                                        vpiFullName: work@reg_1r1w.x
                                        vpiActual: Net name:x
                                    vpiRhs Constant start:86:15 end:86:16:
                                      vpiParent: Assignment
                                      vpiTypespec RefTypespec:
                                        vpiParent: Constant
                                        vpiFullName: work@reg_1r1w
                                        vpiActual: IntTypespec
                                      vpiConstType: unsigned int (9)
                                      vpiSize: 64
                                      vpiDecompile: "0"
                                      vpiValue: 0
                      Assignment start:89:4 end:89:13:
                        vpiParent: Begin
                        vpiLhs RefObj name:ra_r start:89:4 end:89:8:
                          vpiParent: Assignment
                          vpiName: ra_r
                          vpiFullName: work@reg_1r1w.ra_r
                          vpiActual: Net name:ra_r
                        vpiRhs Constant start:89:12 end:89:13:
                          vpiParent: Assignment
                          vpiTypespec RefTypespec:
                            vpiParent: Constant
                            vpiFullName: work@reg_1r1w
                            vpiActual: IntTypespec
                          vpiConstType: unsigned int (9)
                          vpiSize: 64
                          vpiDecompile: "0"
                          vpiValue: 0
                      Assignment start:90:4 end:90:13:
                        vpiParent: Begin
                        vpiLhs RefObj name:wa_r start:90:4 end:90:8:
                          vpiParent: Assignment
                          vpiName: wa_r
                          vpiFullName: work@reg_1r1w.wa_r
                          vpiActual: Net name:wa_r
                        vpiRhs Constant start:90:12 end:90:13:
                          vpiParent: Assignment
                          vpiTypespec RefTypespec:
                            vpiParent: Constant
                            vpiFullName: work@reg_1r1w
                            vpiActual: IntTypespec
                          vpiConstType: unsigned int (9)
                          vpiSize: 64
                          vpiDecompile: "0"
                          vpiValue: 0
                      Assignment start:91:4 end:91:13:
                        vpiParent: Begin
                        vpiLhs RefObj name:wr_r start:91:4 end:91:8:
                          vpiParent: Assignment
                          vpiName: wr_r
                          vpiFullName: work@reg_1r1w.wr_r
                          vpiActual: Net name:wr_r
                        vpiRhs Constant start:91:12 end:91:13:
                          vpiParent: Assignment
                          vpiTypespec RefTypespec:
                            vpiParent: Constant
                            vpiFullName: work@reg_1r1w
                            vpiActual: IntTypespec
                          vpiConstType: unsigned int (9)
                          vpiSize: 64
                          vpiDecompile: "0"
                          vpiValue: 0
                      Assignment start:92:4 end:92:13:
                        vpiParent: Begin
                        vpiLhs RefObj name:rd_r start:92:4 end:92:8:
                          vpiParent: Assignment
                          vpiName: rd_r
                          vpiFullName: work@reg_1r1w.rd_r
                          vpiActual: Net name:rd_r
                        vpiRhs Constant start:92:12 end:92:13:
                          vpiParent: Assignment
                          vpiTypespec RefTypespec:
                            vpiParent: Constant
                            vpiFullName: work@reg_1r1w
                            vpiActual: IntTypespec
                          vpiConstType: unsigned int (9)
                          vpiSize: 64
                          vpiDecompile: "0"
                          vpiValue: 0
                      Assignment start:93:4 end:93:18:
                        vpiParent: Begin
                        vpiLhs RefObj name:data_in_r start:93:4 end:93:13:
                          vpiParent: Assignment
                          vpiName: data_in_r
                          vpiFullName: work@reg_1r1w.data_in_r
                          vpiActual: Net name:data_in_r
                        vpiRhs Constant start:93:17 end:93:18:
                          vpiParent: Assignment
                          vpiTypespec RefTypespec:
                            vpiParent: Constant
                            vpiFullName: work@reg_1r1w
                            vpiActual: IntTypespec
                          vpiConstType: unsigned int (9)
                          vpiSize: 64
                          vpiDecompile: "0"
                          vpiValue: 0
                  vpiElseStmt Begin start:95:13 end:102:11:
                    vpiParent: IfElse
                    vpiFullName: work@reg_1r1w
                    vpiStmt (6 items):
                      Assignment start:96:4 end:96:14:
                        vpiParent: Begin
                        vpiLhs RefObj name:ra_r start:96:4 end:96:8:
                          vpiParent: Assignment
                          vpiName: ra_r
                          vpiFullName: work@reg_1r1w.ra_r
                          vpiActual: Net name:ra_r
                        vpiRhs RefObj name:ra start:96:12 end:96:14:
                          vpiParent: Assignment
                          vpiName: ra
                          vpiFullName: work@reg_1r1w.ra
                          vpiActual: Net name:ra
                      Assignment start:97:4 end:97:14:
                        vpiParent: Begin
                        vpiLhs RefObj name:wa_r start:97:4 end:97:8:
                          vpiParent: Assignment
                          vpiName: wa_r
                          vpiFullName: work@reg_1r1w.wa_r
                          vpiActual: Net name:wa_r
                        vpiRhs RefObj name:wa start:97:12 end:97:14:
                          vpiParent: Assignment
                          vpiName: wa
                          vpiFullName: work@reg_1r1w.wa
                          vpiActual: Net name:wa
                      Assignment start:98:4 end:98:14:
                        vpiParent: Begin
                        vpiLhs RefObj name:wr_r start:98:4 end:98:8:
                          vpiParent: Assignment
                          vpiName: wr_r
                          vpiFullName: work@reg_1r1w.wr_r
                          vpiActual: Net name:wr_r
                        vpiRhs RefObj name:wr start:98:12 end:98:14:
                          vpiParent: Assignment
                          vpiName: wr
                          vpiFullName: work@reg_1r1w.wr
                          vpiActual: Net name:wr
                      Assignment start:99:4 end:99:14:
                        vpiParent: Begin
                        vpiLhs RefObj name:rd_r start:99:4 end:99:8:
                          vpiParent: Assignment
                          vpiName: rd_r
                          vpiFullName: work@reg_1r1w.rd_r
                          vpiActual: Net name:rd_r
                        vpiRhs RefObj name:rd start:99:12 end:99:14:
                          vpiParent: Assignment
                          vpiName: rd
                          vpiFullName: work@reg_1r1w.rd
                          vpiActual: Net name:rd
                      Assignment start:100:4 end:100:24:
                        vpiParent: Begin
                        vpiLhs RefObj name:data_in_r start:100:4 end:100:13:
                          vpiParent: Assignment
                          vpiName: data_in_r
                          vpiFullName: work@reg_1r1w.data_in_r
                          vpiActual: Net name:data_in_r
                        vpiRhs RefObj name:data_in start:100:17 end:100:24:
                          vpiParent: Assignment
                          vpiName: data_in
                          vpiFullName: work@reg_1r1w.data_in
                          vpiActual: Net name:data_in
                      IfStmt start:101:4 end:101:39:
                        vpiParent: Begin
                        vpiCondition RefObj name:wr_r start:101:8 end:101:12:
                          vpiParent: IfStmt
                          vpiName: wr_r
                          vpiFullName: work@reg_1r1w.wr_r
                          vpiActual: Net name:wr_r
                        vpiStmt Assignment start:101:14 end:101:38:
                          vpiParent: IfStmt
                          vpiLhs BitSelect name:array[wa_r] start:101:14 end:101:25:
                            vpiParent: Assignment
                            vpiName: array[wa_r]
                            vpiFullName: work@reg_1r1w.array[wa_r]
                            vpiPrefix RefObj name:array start:101:14 end:101:19:
                              vpiParent: BitSelect name:array[wa_r]
                              vpiName: array
                              vpiFullName: work@reg_1r1w.array
                              vpiActual: Net name:array
                            vpiIndex RefObj name:wa_r start:101:20 end:101:24:
                              vpiParent: BitSelect name:array[wa_r]
                              vpiName: wa_r
                              vpiFullName: work@reg_1r1w.wa_r
                              vpiActual: Net name:wa_r
                          vpiRhs RefObj name:data_in_r start:101:29 end:101:38:
                            vpiParent: Assignment
                            vpiName: data_in_r
                            vpiFullName: work@reg_1r1w.data_in_r
                            vpiActual: Net name:data_in_r
          vpiAlwaysType: always (1)
  vpiTypespec (3 items):
    ModuleTypespec name:work@t:
      vpiParent: Design name:unnamed
      vpiName Identifier name:work@t start:6:8 end:6:9:
        vpiParent: ModuleTypespec name:work@t
        vpiName: work@t
      vpiModule: Module name:work@t
    IntTypespec:
      vpiParent: Design name:unnamed
      vpiSigned: true
    ModuleTypespec name:work@reg_1r1w:
      vpiParent: Design name:unnamed
      vpiName Identifier name:work@reg_1r1w start:44:8 end:44:16:
        vpiParent: ModuleTypespec name:work@reg_1r1w
        vpiName: work@reg_1r1w
      vpiModule: Module name:work@reg_1r1w
===================

[  FATAL] : 0
[ SYNTAX] : 0
[  ERROR] : 3
[WARNING] : 0
[   NOTE] : 0

#**#**#**#**#**#**#**#**#**#**#**#**#**#**#**#**#**#**#**#**#**#**#**#**#**#**#**#**#**#**#**#**#**#**#**#**#**#**#**#**

Environment:
      test-name: Verilator/t_lint_blksync_loop
   test-dirpath: ${SURELOG_DIR}/regression/Verilator/t_lint_blksync_loop
  uhdm-filepath: ${SURELOG_DIR}/regression/Verilator/t_lint_blksync_loop/surelog.uhdm
mounts-filepath: ${SURELOG_DIR}/regression/Verilator/t_lint_blksync_loop/mounts.json


{'result': {'coverage': 100.0,
            'error_count': 0,
            'file_count': 1,
            'files': {'$Output/lib/work/t_lint_blksync_loop.v': {'post_len': 0,
                                                                 'pre_len': 1196}},
            'post_len': 0,
            'pre_len': 1196,
            'test_name': 'Verilator/t_lint_blksync_loop'}}

+----------------------------------------+----------+-----------+
| INPUT                                  |   PRELEN |   POSTLEN |
+========================================+==========+===========+
| $Output/lib/work/t_lint_blksync_loop.v |     1196 |         0 |
+========================================+==========+===========+
|                                        |     1196 |         0 |
+----------------------------------------+----------+-----------+

[   ERROR] : 0
[COVERAGE] : 100.0


#**#**#**#**#**#**#**#**#**#**#**#**#**#**#**#**#**#**#**#**#**#**#**#**#**#**#**#**#**#**#**#**#**#**#**#**#**#**#**#**

COMMAND: ${SURELOG_DIR}/regression/Verilator/t_lint_blksync_loop/surelog.uhdm ${SURELOG_DIR}/regression/Verilator/t_lint_blksync_loop/reduced.uhdm

==================== BEGIN REDUCTION RESULT ====================
Name                            Before   After   Added   Removed
----------------------------------------------------------------
Constant                            50      50       9         9
Operation                           19      10       0         9
RefObj                              81      72       0         9
RefTypespec                         96      96       9         9
----------------------------------------------------------------
Others                             141     141       0         0
----------------------------------------------------------------
                                   387     369      18        36
===================== END REDUCTION RESULT =====================
