********************************************************************************
*                   Begin HLC SystemVerilog Compiler/Linter                    *
********************************************************************************
Copyright (c) 2020 Apotell,
http://www.apache.org/licenses/LICENSE-2.0
VERSION: 1.84
COMMAND: -wd ../../../../tests/ErrorCatalog/chapter-16 -timescale=1ns/1ns -d ast -d db 16--error_rules.sv -wd ${HLC_DIR}/third_party/UVM -I1800.2-2017-1.0/src -mt 0 -d dbstats -d cache -writepp -d db -nostdout -o ${HLC_DIR}/regression/ErrorCatalog/chapter-16/16--error_rules
[INF:CM5022] Creating log file "$Output/hlc.log".
[INF:PP5223] Preprocessing source file "$Source01/16--error_rules.sv".
[INF:PP5223] Preprocessing source file "$Scratch/0_builtin.sv".
[INF:PA5502] Parsing source file "$Source01/16--error_rules.sv".
[INF:PA5502] Parsing source file "$Scratch/0_builtin.sv".
[SNT:PA5508] $Source01/16--error_rules.sv:97:18: Syntax error: extraneous input 'event' expecting {')', 'virtual', 'type', 'untyped', 'local', 'enum', 'struct', 'union', 'string', 'chandle', '[', 'byte', 'shortint', 'int', 'longint', 'integer', 'time', 'bit', 'logic', 'reg', 'shortreal', 'real', 'realtime', 'signed', 'unsigned', DOLLAR_UNIT, '(*', 'sequence', 'this', 'randomize', 'sample', ESCAPED_IDENTIFIER, SIMPLE_IDENTIFIER},
  sequence r490_s(event ev); @(ev) a; endsequence
                  ^-- $Source01/16--error_rules.sv:97:18:.
AST_DEBUG_BEGIN
Count: 1606
LIB: work
FILE<0>:$Source01/16--error_rules.sv
n<$Source01/16--error_rules.sv> u<1605> t<Top_level_rule> c<1> l<11:1> el<182:1>
  n<> u<1> t<Null_rule> p<1605> s<2> l<11:1> el<11:1>
  n</*\n:name: chapter16_error_rules\n:description: IEEE 1800-2023 Clause 16 (Assertions) error scenarios\n:tags: 16.4 16.6 16.8 16.8.1 16.9.4 16.10 16.13.6 16.14.7 16.16\n*/> u<2> t<BLOCK_COMMENT> p<1605> s<3> l<11:1> el<181:10>
  n<// catalog row 468 | 16.4 | COMP> u<3> t<LINE_COMMENT> p<1605> s<4> l<7:1> el<7:33>
  n<// The pass and fail statements in a deferred immediate assertion's> u<4> t<LINE_COMMENT> p<1605> s<5> l<8:1> el<8:68>
  n<// action_block shall each consist of a single subroutine call; a begin-end> u<5> t<LINE_COMMENT> p<1605> s<6> l<9:1> el<9:76>
  n<// block is not a subroutine call and is therefore illegal.> u<6> t<LINE_COMMENT> p<1605> s<1604> l<10:1> el<10:60>
  n<> u<1604> t<Source_text> p<1605> c<76> l<11:1> el<181:10>
    n<> u<76> t<Description> p<1604> c<75> s<77> l<11:1> el<17:10>
      n<> u<75> t<Module_declaration> p<76> c<24> l<11:1> el<17:10>
        n<> u<24> t<Module_ansi_header> p<75> c<7> s<73> l<11:1> el<11:34>
          n<module> u<7> t<MODULE> p<24> s<8> l<11:1> el<11:7>
          n<r468_m> u<8> t<SIMPLE_IDENTIFIER> p<24> s<9> l<11:8> el<11:14>
          n<> u<9> t<Package_import_declaration_list> p<24> s<23> l<11:15> el<11:15>
          n<> u<23> t<Port_declaration_list> p<24> c<17> l<11:15> el<11:33>
            n<> u<17> t<Ansi_port_declaration> p<23> c<15> s<22> l<11:16> el<11:29>
              n<> u<15> t<Net_port_header> p<17> c<10> s<16> l<11:16> el<11:27>
                n<> u<10> t<INPUT> p<15> s<14> l<11:16> el<11:21>
                n<> u<14> t<Net_port_type> p<15> c<13> l<11:22> el<11:27>
                  n<> u<13> t<Data_type_or_implicit> p<14> c<12> l<11:22> el<11:27>
                    n<> u<12> t<Data_type> p<13> c<11> l<11:22> el<11:27>
                      n<> u<11> t<LOGIC> p<12> l<11:22> el<11:27>
              n<a> u<16> t<SIMPLE_IDENTIFIER> p<17> l<11:28> el<11:29>
            n<> u<22> t<Ansi_port_declaration> p<23> c<20> l<11:31> el<11:32>
              n<> u<20> t<Net_port_header> p<22> c<19> s<21> l<11:31> el<11:31>
                n<> u<19> t<Net_port_type> p<20> c<18> l<11:31> el<11:31>
                  n<> u<18> t<Data_type_or_implicit> p<19> l<11:31> el<11:31>
              n<b> u<21> t<SIMPLE_IDENTIFIER> p<22> l<11:31> el<11:32>
        n<> u<73> t<Non_port_module_item> p<75> c<72> s<74> l<12:3> el<16:6>
          n<> u<72> t<Module_or_generate_item> p<73> c<71> l<12:3> el<16:6>
            n<> u<71> t<Module_common_item> p<72> c<70> l<12:3> el<16:6>
              n<> u<70> t<Always_construct> p<71> c<25> l<12:3> el<16:6>
                n<> u<25> t<ALWAYS_COMB> p<70> s<69> l<12:3> el<12:14>
                n<> u<69> t<Statement> p<70> c<68> l<12:15> el<16:6>
                  n<> u<68> t<Statement_item> p<69> c<67> l<12:15> el<16:6>
                    n<> u<67> t<Seq_block> p<68> c<65> l<12:15> el<16:6>
                      n<> u<65> t<Statement_or_null> p<67> c<64> s<66> l<13:5> el<15:8>
                        n<> u<64> t<Statement> p<65> c<26> l<13:5> el<15:8>
                          n<r468_a1> u<26> t<SIMPLE_IDENTIFIER> p<64> s<63> l<13:5> el<13:12>
                          n<> u<63> t<Statement_item> p<64> c<62> l<13:14> el<15:8>
                            n<> u<62> t<Procedural_assertion_statement> p<63> c<61> l<13:14> el<15:8>
                              n<> u<61> t<Immediate_assertion_statement> p<62> c<60> l<13:14> el<15:8>
                                n<> u<60> t<Deferred_immediate_assertion_statement> p<61> c<59> l<13:14> el<15:8>
                                  n<> u<59> t<Deferred_immediate_assert_statement> p<60> c<58> l<13:14> el<15:8>
                                    n<#0> u<58> t<POUND_DELAY> p<59> s<36> l<13:21> el<13:23>
                                    n<> u<36> t<Expression> p<59> c<30> s<57> l<13:25> el<13:31>
                                      n<> u<30> t<Expression> p<36> c<29> s<35> l<13:25> el<13:26>
                                        n<> u<29> t<Primary> p<30> c<28> l<13:25> el<13:26>
                                          n<> u<28> t<Primary_literal> p<29> c<27> l<13:25> el<13:26>
                                            n<a> u<27> t<SIMPLE_IDENTIFIER> p<28> l<13:25> el<13:26>
                                      n<> u<35> t<EQUIV> p<36> s<34> l<13:27> el<13:29>
                                      n<> u<34> t<Expression> p<36> c<33> l<13:30> el<13:31>
                                        n<> u<33> t<Primary> p<34> c<32> l<13:30> el<13:31>
                                          n<> u<32> t<Primary_literal> p<33> c<31> l<13:30> el<13:31>
                                            n<b> u<31> t<SIMPLE_IDENTIFIER> p<32> l<13:30> el<13:31>
                                    n<> u<57> t<Action_block> p<59> c<56> l<13:33> el<15:8>
                                      n<> u<56> t<ELSE> p<57> s<55> l<13:33> el<13:37>
                                      n<> u<55> t<Statement_or_null> p<57> c<54> l<13:38> el<15:8>
                                        n<> u<54> t<Statement> p<55> c<53> l<13:38> el<15:8>
                                          n<> u<53> t<Statement_item> p<54> c<52> l<13:38> el<15:8>
                                            n<> u<52> t<Seq_block> p<53> c<50> l<13:38> el<15:8>
                                              n<> u<50> t<Statement_or_null> p<52> c<49> s<51> l<14:7> el<14:26>
                                                n<> u<49> t<Statement> p<50> c<48> l<14:7> el<14:26>
                                                  n<> u<48> t<Statement_item> p<49> c<47> l<14:7> el<14:26>
                                                    n<> u<47> t<Subroutine_call_statement> p<48> c<46> l<14:7> el<14:26>
                                                      n<> u<46> t<Subroutine_call> p<47> c<37> l<14:7> el<14:25>
                                                        n<$> u<37> t<DOLLAR> p<46> s<38> l<14:7> el<14:8>
                                                        n<error> u<38> t<SIMPLE_IDENTIFIER> p<46> s<44> l<14:8> el<14:13>
                                                        n<> u<44> t<OPEN_PARENS> p<46> s<43> l<14:13> el<14:14>
                                                        n<> u<43> t<Argument_list> p<46> c<42> s<45> l<14:14> el<14:24>
                                                          n<> u<42> t<Expression> p<43> c<41> l<14:14> el<14:24>
                                                            n<> u<41> t<Primary> p<42> c<40> l<14:14> el<14:24>
                                                              n<> u<40> t<Primary_literal> p<41> c<39> l<14:14> el<14:24>
                                                                n<"mismatch"> u<39> t<QUOTED_STRING> p<40> l<14:14> el<14:24>
                                                        n<> u<45> t<CLOSE_PARENS> p<46> l<14:24> el<14:25>
                                              n<> u<51> t<END> p<52> l<15:5> el<15:8>
                      n<> u<66> t<END> p<67> l<16:3> el<16:6>
        n<> u<74> t<ENDMODULE> p<75> l<17:1> el<17:10>
    n<// catalog row 474 | 16.6 | LINT> u<77> t<LINE_COMMENT> p<1604> s<78> l<19:1> el<19:33>
    n<// Expressions in concurrent assertions shall not reference non-static> u<78> t<LINE_COMMENT> p<1604> s<79> l<20:1> el<20:71>
    n<// class properties or methods.> u<79> t<LINE_COMMENT> p<1604> s<115> l<21:1> el<21:32>
    n<> u<115> t<Description> p<1604> c<114> s<174> l<22:1> el<25:9>
      n<> u<114> t<Package_item> p<115> c<113> l<22:1> el<25:9>
        n<> u<113> t<Package_or_generate_item_declaration> p<114> c<112> l<22:1> el<25:9>
          n<> u<112> t<Class_declaration> p<113> c<110> l<22:1> el<25:9>
            n<> u<110> t<CLASS> p<112> s<80> l<22:1> el<22:6>
            n<r474_c> u<80> t<SIMPLE_IDENTIFIER> p<112> s<89> l<22:7> el<22:13>
            n<> u<89> t<Class_item> p<112> c<88> s<109> l<23:3> el<23:9>
              n<> u<88> t<Class_property> p<89> c<87> l<23:3> el<23:9>
                n<> u<87> t<Data_declaration> p<88> c<86> l<23:3> el<23:9>
                  n<> u<86> t<Variable_declaration> p<87> c<82> l<23:3> el<23:9>
                    n<> u<82> t<Data_type> p<86> c<81> s<85> l<23:3> el<23:6>
                      n<> u<81> t<BIT> p<82> l<23:3> el<23:6>
                    n<> u<85> t<Variable_decl_assignment_list> p<86> c<84> l<23:7> el<23:8>
                      n<> u<84> t<Variable_decl_assignment> p<85> c<83> l<23:7> el<23:8>
                        n<p> u<83> t<SIMPLE_IDENTIFIER> p<84> l<23:7> el<23:8>
            n<> u<109> t<Class_item> p<112> c<108> s<111> l<24:3> el<24:44>
              n<> u<108> t<Class_method> p<109> c<107> l<24:3> el<24:44>
                n<> u<107> t<Function_declaration> p<108> c<106> l<24:3> el<24:44>
                  n<> u<106> t<Function_body_declaration> p<107> c<93> l<24:12> el<24:44>
                    n<> u<93> t<Function_data_type_or_implicit> p<106> c<92> s<94> l<24:12> el<24:15>
                      n<> u<92> t<Function_data_type> p<93> c<91> l<24:12> el<24:15>
                        n<> u<91> t<Data_type> p<92> c<90> l<24:12> el<24:15>
                          n<> u<90> t<BIT> p<91> l<24:12> el<24:15>
                    n<get> u<94> t<SIMPLE_IDENTIFIER> p<106> s<95> l<24:16> el<24:19>
                    n<> u<95> t<Tf_port_item_list> p<106> s<104> l<24:19> el<24:21>
                    n<> u<104> t<Function_statement_or_null> p<106> c<103> s<105> l<24:23> el<24:32>
                      n<> u<103> t<Statement> p<104> c<102> l<24:23> el<24:32>
                        n<> u<102> t<Statement_item> p<103> c<101> l<24:23> el<24:32>
                          n<> u<101> t<Jump_statement> p<102> c<100> l<24:23> el<24:32>
                            n<> u<100> t<RETURN> p<101> s<99> l<24:23> el<24:29>
                            n<> u<99> t<Expression> p<101> c<98> l<24:30> el<24:31>
                              n<> u<98> t<Primary> p<99> c<97> l<24:30> el<24:31>
                                n<> u<97> t<Primary_literal> p<98> c<96> l<24:30> el<24:31>
                                  n<p> u<96> t<SIMPLE_IDENTIFIER> p<97> l<24:30> el<24:31>
                    n<> u<105> t<ENDFUNCTION> p<106> l<24:33> el<24:44>
            n<> u<111> t<ENDCLASS> p<112> l<25:1> el<25:9>
    n<> u<174> t<Description> p<1604> c<173> s<175> l<26:1> el<29:10>
      n<> u<173> t<Module_declaration> p<174> c<128> l<26:1> el<29:10>
        n<> u<128> t<Module_ansi_header> p<173> c<116> s<142> l<26:1> el<26:33>
          n<module> u<116> t<MODULE> p<128> s<117> l<26:1> el<26:7>
          n<r474_m> u<117> t<SIMPLE_IDENTIFIER> p<128> s<118> l<26:8> el<26:14>
          n<> u<118> t<Package_import_declaration_list> p<128> s<127> l<26:15> el<26:15>
          n<> u<127> t<Port_declaration_list> p<128> c<126> l<26:15> el<26:32>
            n<> u<126> t<Ansi_port_declaration> p<127> c<124> l<26:16> el<26:31>
              n<> u<124> t<Net_port_header> p<126> c<119> s<125> l<26:16> el<26:27>
                n<> u<119> t<INPUT> p<124> s<123> l<26:16> el<26:21>
                n<> u<123> t<Net_port_type> p<124> c<122> l<26:22> el<26:27>
                  n<> u<122> t<Data_type_or_implicit> p<123> c<121> l<26:22> el<26:27>
                    n<> u<121> t<Data_type> p<122> c<120> l<26:22> el<26:27>
                      n<> u<120> t<LOGIC> p<121> l<26:22> el<26:27>
              n<clk> u<125> t<SIMPLE_IDENTIFIER> p<126> l<26:28> el<26:31>
        n<> u<142> t<Non_port_module_item> p<173> c<141> s<171> l<27:3> el<27:20>
          n<> u<141> t<Module_or_generate_item> p<142> c<140> l<27:3> el<27:20>
            n<> u<140> t<Module_common_item> p<141> c<139> l<27:3> el<27:20>
              n<> u<139> t<Module_or_generate_item_declaration> p<140> c<138> l<27:3> el<27:20>
                n<> u<138> t<Package_or_generate_item_declaration> p<139> c<137> l<27:3> el<27:20>
                  n<> u<137> t<Data_declaration> p<138> c<136> l<27:3> el<27:20>
                    n<> u<136> t<Variable_declaration> p<137> c<131> l<27:3> el<27:20>
                      n<> u<131> t<Data_type> p<136> c<130> s<135> l<27:3> el<27:9>
                        n<> u<130> t<Class_type> p<131> c<129> l<27:3> el<27:9>
                          n<r474_c> u<129> t<SIMPLE_IDENTIFIER> p<130> l<27:3> el<27:9>
                      n<> u<135> t<Variable_decl_assignment_list> p<136> c<134> l<27:10> el<27:19>
                        n<> u<134> t<Variable_decl_assignment> p<135> c<132> l<27:10> el<27:19>
                          n<obj> u<132> t<SIMPLE_IDENTIFIER> p<134> s<133> l<27:10> el<27:13>
                          n<> u<133> t<Class_new> p<134> l<27:16> el<27:19>
        n<> u<171> t<Non_port_module_item> p<173> c<170> s<172> l<28:3> el<28:51>
          n<> u<170> t<Module_or_generate_item> p<171> c<169> l<28:3> el<28:51>
            n<> u<169> t<Module_common_item> p<170> c<168> l<28:3> el<28:51>
              n<> u<168> t<Assertion_item> p<169> c<167> l<28:3> el<28:51>
                n<> u<167> t<Concurrent_assertion_item> p<168> c<143> l<28:3> el<28:51>
                  n<r474_a1> u<143> t<SIMPLE_IDENTIFIER> p<167> s<166> l<28:3> el<28:10>
                  n<> u<166> t<Concurrent_assertion_statement> p<167> c<165> l<28:12> el<28:51>
                    n<> u<165> t<Assert_property_statement> p<166> c<162> l<28:12> el<28:51>
                      n<> u<162> t<Property_spec> p<165> c<150> s<164> l<28:29> el<28:49>
                        n<> u<150> t<Clocking_event> p<162> c<149> s<161> l<28:29> el<28:43>
                          n<> u<149> t<Event_expression> p<150> c<144> l<28:31> el<28:42>
                            n<> u<144> t<POSEDGE> p<149> s<148> l<28:31> el<28:38>
                            n<> u<148> t<Expression> p<149> c<147> l<28:39> el<28:42>
                              n<> u<147> t<Primary> p<148> c<146> l<28:39> el<28:42>
                                n<> u<146> t<Primary_literal> p<147> c<145> l<28:39> el<28:42>
                                  n<clk> u<145> t<SIMPLE_IDENTIFIER> p<146> l<28:39> el<28:42>
                        n<> u<161> t<Property_expr> p<162> c<160> l<28:44> el<28:49>
                          n<> u<160> t<Sequence_expr> p<161> c<159> l<28:44> el<28:49>
                            n<> u<159> t<Expression_or_dist> p<160> c<158> l<28:44> el<28:49>
                              n<> u<158> t<Expression> p<159> c<157> l<28:44> el<28:49>
                                n<> u<157> t<Primary> p<158> c<156> l<28:44> el<28:49>
                                  n<> u<156> t<Subroutine_call> p<157> c<151> l<28:44> el<28:49>
                                    n<obj> u<151> t<SIMPLE_IDENTIFIER> p<156> s<152> l<28:44> el<28:47>
                                    n<> u<152> t<Constant_bit_select> p<156> s<153> l<28:47> el<28:47>
                                    n<p> u<153> t<SIMPLE_IDENTIFIER> p<156> s<155> l<28:48> el<28:49>
                                    n<> u<155> t<Select> p<156> c<154> l<28:49> el<28:49>
                                      n<> u<154> t<Bit_select> p<155> l<28:49> el<28:49>
                      n<> u<164> t<Action_block> p<165> c<163> l<28:50> el<28:51>
                        n<> u<163> t<Statement_or_null> p<164> l<28:50> el<28:51>
        n<> u<172> t<ENDMODULE> p<173> l<29:1> el<29:10>
    n<// catalog row 476 | 16.6 | COMP> u<175> t<LINE_COMMENT> p<1604> s<176> l<31:1> el<31:33>
    n<// Evaluation of an expression in a concurrent assertion shall not have any> u<176> t<LINE_COMMENT> p<1604> s<177> l<32:1> el<32:76>
    n<// side effects (e.g., increment and decrement operators are not allowed); only> u<177> t<LINE_COMMENT> p<1604> s<178> l<33:1> el<33:80>
    n<// sequence match items whose variable_lvalue is a local variable may use the C> u<178> t<LINE_COMMENT> p<1604> s<179> l<34:1> el<34:80>
    n<// assignment, increment, and decrement operators.> u<179> t<LINE_COMMENT> p<1604> s<242> l<35:1> el<35:51>
    n<> u<242> t<Description> p<1604> c<241> s<243> l<36:1> el<39:10>
      n<> u<241> t<Module_declaration> p<242> c<192> l<36:1> el<39:10>
        n<> u<192> t<Module_ansi_header> p<241> c<180> s<204> l<36:1> el<36:33>
          n<module> u<180> t<MODULE> p<192> s<181> l<36:1> el<36:7>
          n<r476_m> u<181> t<SIMPLE_IDENTIFIER> p<192> s<182> l<36:8> el<36:14>
          n<> u<182> t<Package_import_declaration_list> p<192> s<191> l<36:15> el<36:15>
          n<> u<191> t<Port_declaration_list> p<192> c<190> l<36:15> el<36:32>
            n<> u<190> t<Ansi_port_declaration> p<191> c<188> l<36:16> el<36:31>
              n<> u<188> t<Net_port_header> p<190> c<183> s<189> l<36:16> el<36:27>
                n<> u<183> t<INPUT> p<188> s<187> l<36:16> el<36:21>
                n<> u<187> t<Net_port_type> p<188> c<186> l<36:22> el<36:27>
                  n<> u<186> t<Data_type_or_implicit> p<187> c<185> l<36:22> el<36:27>
                    n<> u<185> t<Data_type> p<186> c<184> l<36:22> el<36:27>
                      n<> u<184> t<LOGIC> p<185> l<36:22> el<36:27>
              n<clk> u<189> t<SIMPLE_IDENTIFIER> p<190> l<36:28> el<36:31>
        n<> u<204> t<Non_port_module_item> p<241> c<203> s<239> l<37:3> el<37:11>
          n<> u<203> t<Module_or_generate_item> p<204> c<202> l<37:3> el<37:11>
            n<> u<202> t<Module_common_item> p<203> c<201> l<37:3> el<37:11>
              n<> u<201> t<Module_or_generate_item_declaration> p<202> c<200> l<37:3> el<37:11>
                n<> u<200> t<Package_or_generate_item_declaration> p<201> c<199> l<37:3> el<37:11>
                  n<> u<199> t<Data_declaration> p<200> c<198> l<37:3> el<37:11>
                    n<> u<198> t<Variable_declaration> p<199> c<194> l<37:3> el<37:11>
                      n<> u<194> t<Data_type> p<198> c<193> s<197> l<37:3> el<37:6>
                        n<> u<193> t<INT> p<194> l<37:3> el<37:6>
                      n<> u<197> t<Variable_decl_assignment_list> p<198> c<196> l<37:7> el<37:10>
                        n<> u<196> t<Variable_decl_assignment> p<197> c<195> l<37:7> el<37:10>
                          n<cnt> u<195> t<SIMPLE_IDENTIFIER> p<196> l<37:7> el<37:10>
        n<> u<239> t<Non_port_module_item> p<241> c<238> s<240> l<38:3> el<38:57>
          n<> u<238> t<Module_or_generate_item> p<239> c<237> l<38:3> el<38:57>
            n<> u<237> t<Module_common_item> p<238> c<236> l<38:3> el<38:57>
              n<> u<236> t<Assertion_item> p<237> c<235> l<38:3> el<38:57>
                n<> u<235> t<Concurrent_assertion_item> p<236> c<205> l<38:3> el<38:57>
                  n<r476_a1> u<205> t<SIMPLE_IDENTIFIER> p<235> s<234> l<38:3> el<38:10>
                  n<> u<234> t<Concurrent_assertion_statement> p<235> c<233> l<38:12> el<38:57>
                    n<> u<233> t<Assert_property_statement> p<234> c<230> l<38:12> el<38:57>
                      n<> u<230> t<Property_spec> p<233> c<212> s<232> l<38:29> el<38:55>
                        n<> u<212> t<Clocking_event> p<230> c<211> s<229> l<38:29> el<38:43>
                          n<> u<211> t<Event_expression> p<212> c<206> l<38:31> el<38:42>
                            n<> u<206> t<POSEDGE> p<211> s<210> l<38:31> el<38:38>
                            n<> u<210> t<Expression> p<211> c<209> l<38:39> el<38:42>
                              n<> u<209> t<Primary> p<210> c<208> l<38:39> el<38:42>
                                n<> u<208> t<Primary_literal> p<209> c<207> l<38:39> el<38:42>
                                  n<clk> u<207> t<SIMPLE_IDENTIFIER> p<208> l<38:39> el<38:42>
                        n<> u<229> t<Property_expr> p<230> c<228> l<38:44> el<38:55>
                          n<> u<228> t<Property_expr> p<229> c<227> l<38:45> el<38:54>
                            n<> u<227> t<Sequence_expr> p<228> c<226> l<38:45> el<38:54>
                              n<> u<226> t<Expression_or_dist> p<227> c<225> l<38:45> el<38:54>
                                n<> u<225> t<Expression> p<226> c<219> l<38:45> el<38:54>
                                  n<> u<219> t<Expression> p<225> c<217> s<224> l<38:45> el<38:50>
                                    n<> u<217> t<Variable_lvalue> p<219> c<214> s<218> l<38:45> el<38:48>
                                      n<> u<214> t<Ps_or_hierarchical_identifier> p<217> c<213> s<216> l<38:45> el<38:48>
                                        n<cnt> u<213> t<SIMPLE_IDENTIFIER> p<214> l<38:45> el<38:48>
                                      n<> u<216> t<Select> p<217> c<215> l<38:48> el<38:48>
                                        n<> u<215> t<Bit_select> p<216> l<38:48> el<38:48>
                                    n<> u<218> t<PLUSPLUS> p<219> l<38:48> el<38:50>
                                  n<> u<224> t<LESS> p<225> s<223> l<38:51> el<38:52>
                                  n<> u<223> t<Expression> p<225> c<222> l<38:53> el<38:54>
                                    n<> u<222> t<Primary> p<223> c<221> l<38:53> el<38:54>
                                      n<> u<221> t<Primary_literal> p<222> c<220> l<38:53> el<38:54>
                                        n<4> u<220> t<INTEGRAL_NUMBER> p<221> l<38:53> el<38:54>
                      n<> u<232> t<Action_block> p<233> c<231> l<38:56> el<38:57>
                        n<> u<231> t<Statement_or_null> p<232> l<38:56> el<38:57>
        n<> u<240> t<ENDMODULE> p<241> l<39:1> el<39:10>
    n<// catalog row 477 | 16.6 | LINT> u<243> t<LINE_COMMENT> p<1604> s<244> l<41:1> el<41:33>
    n<// Functions that appear in concurrent assertion expressions shall not> u<244> t<LINE_COMMENT> p<1604> s<245> l<42:1> el<42:71>
    n<// contain output, inout, or ref arguments (const ref is allowed).> u<245> t<LINE_COMMENT> p<1604> s<356> l<43:1> el<43:67>
    n<> u<356> t<Description> p<1604> c<355> s<357> l<44:1> el<48:10>
      n<> u<355> t<Module_declaration> p<356> c<266> l<44:1> el<48:10>
        n<> u<266> t<Module_ansi_header> p<355> c<246> s<309> l<44:1> el<44:48>
          n<module> u<246> t<MODULE> p<266> s<247> l<44:1> el<44:7>
          n<r477_m> u<247> t<SIMPLE_IDENTIFIER> p<266> s<248> l<44:8> el<44:14>
          n<> u<248> t<Package_import_declaration_list> p<266> s<265> l<44:15> el<44:15>
          n<> u<265> t<Port_declaration_list> p<266> c<256> l<44:15> el<44:47>
            n<> u<256> t<Ansi_port_declaration> p<265> c<254> s<264> l<44:16> el<44:31>
              n<> u<254> t<Net_port_header> p<256> c<249> s<255> l<44:16> el<44:27>
                n<> u<249> t<INPUT> p<254> s<253> l<44:16> el<44:21>
                n<> u<253> t<Net_port_type> p<254> c<252> l<44:22> el<44:27>
                  n<> u<252> t<Data_type_or_implicit> p<253> c<251> l<44:22> el<44:27>
                    n<> u<251> t<Data_type> p<252> c<250> l<44:22> el<44:27>
                      n<> u<250> t<LOGIC> p<251> l<44:22> el<44:27>
              n<clk> u<255> t<SIMPLE_IDENTIFIER> p<256> l<44:28> el<44:31>
            n<> u<264> t<Ansi_port_declaration> p<265> c<262> l<44:33> el<44:46>
              n<> u<262> t<Net_port_header> p<264> c<257> s<263> l<44:33> el<44:44>
                n<> u<257> t<INPUT> p<262> s<261> l<44:33> el<44:38>
                n<> u<261> t<Net_port_type> p<262> c<260> l<44:39> el<44:44>
                  n<> u<260> t<Data_type_or_implicit> p<261> c<259> l<44:39> el<44:44>
                    n<> u<259> t<Data_type> p<260> c<258> l<44:39> el<44:44>
                      n<> u<258> t<LOGIC> p<259> l<44:39> el<44:44>
              n<a> u<263> t<SIMPLE_IDENTIFIER> p<264> l<44:45> el<44:46>
        n<> u<309> t<Non_port_module_item> p<355> c<308> s<321> l<45:3> el<45:61>
          n<> u<308> t<Module_or_generate_item> p<309> c<307> l<45:3> el<45:61>
            n<> u<307> t<Module_common_item> p<308> c<306> l<45:3> el<45:61>
              n<> u<306> t<Module_or_generate_item_declaration> p<307> c<305> l<45:3> el<45:61>
                n<> u<305> t<Package_or_generate_item_declaration> p<306> c<304> l<45:3> el<45:61>
                  n<> u<304> t<Function_declaration> p<305> c<303> l<45:3> el<45:61>
                    n<> u<303> t<Function_body_declaration> p<304> c<270> l<45:12> el<45:61>
                      n<> u<270> t<Function_data_type_or_implicit> p<303> c<269> s<271> l<45:12> el<45:15>
                        n<> u<269> t<Function_data_type> p<270> c<268> l<45:12> el<45:15>
                          n<> u<268> t<Data_type> p<269> c<267> l<45:12> el<45:15>
                            n<> u<267> t<BIT> p<268> l<45:12> el<45:15>
                      n<f> u<271> t<SIMPLE_IDENTIFIER> p<303> s<278> l<45:16> el<45:17>
                      n<> u<278> t<Tf_port_item_list> p<303> c<277> s<292> l<45:17> el<45:31>
                        n<> u<277> t<Tf_port_item> p<278> c<272> l<45:18> el<45:30>
                          n<> u<272> t<OUTPUT> p<277> s<275> l<45:18> el<45:24>
                          n<> u<275> t<Data_type_or_implicit> p<277> c<274> s<276> l<45:25> el<45:28>
                            n<> u<274> t<Data_type> p<275> c<273> l<45:25> el<45:28>
                              n<> u<273> t<BIT> p<274> l<45:25> el<45:28>
                          n<o> u<276> t<SIMPLE_IDENTIFIER> p<277> l<45:29> el<45:30>
                      n<> u<292> t<Function_statement_or_null> p<303> c<291> s<301> l<45:33> el<45:39>
                        n<> u<291> t<Statement> p<292> c<290> l<45:33> el<45:39>
                          n<> u<290> t<Statement_item> p<291> c<289> l<45:33> el<45:39>
                            n<> u<289> t<Blocking_assignment> p<290> c<288> l<45:33> el<45:38>
                              n<> u<288> t<Variable_assignment> p<289> c<283> l<45:33> el<45:38>
                                n<> u<283> t<Variable_lvalue> p<288> c<280> s<287> l<45:33> el<45:34>
                                  n<> u<280> t<Ps_or_hierarchical_identifier> p<283> c<279> s<282> l<45:33> el<45:34>
                                    n<o> u<279> t<SIMPLE_IDENTIFIER> p<280> l<45:33> el<45:34>
                                  n<> u<282> t<Select> p<283> c<281> l<45:35> el<45:35>
                                    n<> u<281> t<Bit_select> p<282> l<45:35> el<45:35>
                                n<> u<287> t<Expression> p<288> c<286> l<45:37> el<45:38>
                                  n<> u<286> t<Primary> p<287> c<285> l<45:37> el<45:38>
                                    n<> u<285> t<Primary_literal> p<286> c<284> l<45:37> el<45:38>
                                      n<1> u<284> t<INTEGRAL_NUMBER> p<285> l<45:37> el<45:38>
                      n<> u<301> t<Function_statement_or_null> p<303> c<300> s<302> l<45:40> el<45:49>
                        n<> u<300> t<Statement> p<301> c<299> l<45:40> el<45:49>
                          n<> u<299> t<Statement_item> p<300> c<298> l<45:40> el<45:49>
                            n<> u<298> t<Jump_statement> p<299> c<297> l<45:40> el<45:49>
                              n<> u<297> t<RETURN> p<298> s<296> l<45:40> el<45:46>
                              n<> u<296> t<Expression> p<298> c<295> l<45:47> el<45:48>
                                n<> u<295> t<Primary> p<296> c<294> l<45:47> el<45:48>
                                  n<> u<294> t<Primary_literal> p<295> c<293> l<45:47> el<45:48>
                                    n<a> u<293> t<SIMPLE_IDENTIFIER> p<294> l<45:47> el<45:48>
                      n<> u<302> t<ENDFUNCTION> p<303> l<45:50> el<45:61>
        n<> u<321> t<Non_port_module_item> p<355> c<320> s<353> l<46:3> el<46:9>
          n<> u<320> t<Module_or_generate_item> p<321> c<319> l<46:3> el<46:9>
            n<> u<319> t<Module_common_item> p<320> c<318> l<46:3> el<46:9>
              n<> u<318> t<Module_or_generate_item_declaration> p<319> c<317> l<46:3> el<46:9>
                n<> u<317> t<Package_or_generate_item_declaration> p<318> c<316> l<46:3> el<46:9>
                  n<> u<316> t<Data_declaration> p<317> c<315> l<46:3> el<46:9>
                    n<> u<315> t<Variable_declaration> p<316> c<311> l<46:3> el<46:9>
                      n<> u<311> t<Data_type> p<315> c<310> s<314> l<46:3> el<46:6>
                        n<> u<310> t<BIT> p<311> l<46:3> el<46:6>
                      n<> u<314> t<Variable_decl_assignment_list> p<315> c<313> l<46:7> el<46:8>
                        n<> u<313> t<Variable_decl_assignment> p<314> c<312> l<46:7> el<46:8>
                          n<o> u<312> t<SIMPLE_IDENTIFIER> p<313> l<46:7> el<46:8>
        n<> u<353> t<Non_port_module_item> p<355> c<352> s<354> l<47:3> el<47:50>
          n<> u<352> t<Module_or_generate_item> p<353> c<351> l<47:3> el<47:50>
            n<> u<351> t<Module_common_item> p<352> c<350> l<47:3> el<47:50>
              n<> u<350> t<Assertion_item> p<351> c<349> l<47:3> el<47:50>
                n<> u<349> t<Concurrent_assertion_item> p<350> c<322> l<47:3> el<47:50>
                  n<r477_a1> u<322> t<SIMPLE_IDENTIFIER> p<349> s<348> l<47:3> el<47:10>
                  n<> u<348> t<Concurrent_assertion_statement> p<349> c<347> l<47:12> el<47:50>
                    n<> u<347> t<Assert_property_statement> p<348> c<344> l<47:12> el<47:50>
                      n<> u<344> t<Property_spec> p<347> c<329> s<346> l<47:29> el<47:48>
                        n<> u<329> t<Clocking_event> p<344> c<328> s<343> l<47:29> el<47:43>
                          n<> u<328> t<Event_expression> p<329> c<323> l<47:31> el<47:42>
                            n<> u<323> t<POSEDGE> p<328> s<327> l<47:31> el<47:38>
                            n<> u<327> t<Expression> p<328> c<326> l<47:39> el<47:42>
                              n<> u<326> t<Primary> p<327> c<325> l<47:39> el<47:42>
                                n<> u<325> t<Primary_literal> p<326> c<324> l<47:39> el<47:42>
                                  n<clk> u<324> t<SIMPLE_IDENTIFIER> p<325> l<47:39> el<47:42>
                        n<> u<343> t<Property_expr> p<344> c<342> l<47:44> el<47:48>
                          n<> u<342> t<Sequence_expr> p<343> c<341> l<47:44> el<47:48>
                            n<> u<341> t<Expression_or_dist> p<342> c<340> l<47:44> el<47:48>
                              n<> u<340> t<Expression> p<341> c<339> l<47:44> el<47:48>
                                n<> u<339> t<Primary> p<340> c<338> l<47:44> el<47:48>
                                  n<> u<338> t<Subroutine_call> p<339> c<330> l<47:44> el<47:48>
                                    n<f> u<330> t<SIMPLE_IDENTIFIER> p<338> s<336> l<47:44> el<47:45>
                                    n<> u<336> t<OPEN_PARENS> p<338> s<335> l<47:45> el<47:46>
                                    n<> u<335> t<Argument_list> p<338> c<334> s<337> l<47:46> el<47:47>
                                      n<> u<334> t<Expression> p<335> c<333> l<47:46> el<47:47>
                                        n<> u<333> t<Primary> p<334> c<332> l<47:46> el<47:47>
                                          n<> u<332> t<Primary_literal> p<333> c<331> l<47:46> el<47:47>
                                            n<o> u<331> t<SIMPLE_IDENTIFIER> p<332> l<47:46> el<47:47>
                                    n<> u<337> t<CLOSE_PARENS> p<338> l<47:47> el<47:48>
                      n<> u<346> t<Action_block> p<347> c<345> l<47:49> el<47:50>
                        n<> u<345> t<Statement_or_null> p<346> l<47:49> el<47:50>
        n<> u<354> t<ENDMODULE> p<355> l<48:1> el<48:10>
    n<// catalog row 478 | 16.6 | LINT> u<357> t<LINE_COMMENT> p<1604> s<358> l<50:1> el<50:33>
    n<// Functions appearing in concurrent assertion expressions shall be> u<358> t<LINE_COMMENT> p<1604> s<359> l<51:1> el<51:68>
    n<// automatic (or preserve no state information) and have no side effects.> u<359> t<LINE_COMMENT> p<1604> s<457> l<52:1> el<52:74>
    n<> u<457> t<Description> p<1604> c<456> s<458> l<53:1> el<60:10>
      n<> u<456> t<Module_declaration> p<457> c<380> l<53:1> el<60:10>
        n<> u<380> t<Module_ansi_header> p<456> c<360> s<426> l<53:1> el<53:48>
          n<module> u<360> t<MODULE> p<380> s<361> l<53:1> el<53:7>
          n<r478_m> u<361> t<SIMPLE_IDENTIFIER> p<380> s<362> l<53:8> el<53:14>
          n<> u<362> t<Package_import_declaration_list> p<380> s<379> l<53:15> el<53:15>
          n<> u<379> t<Port_declaration_list> p<380> c<370> l<53:15> el<53:47>
            n<> u<370> t<Ansi_port_declaration> p<379> c<368> s<378> l<53:16> el<53:31>
              n<> u<368> t<Net_port_header> p<370> c<363> s<369> l<53:16> el<53:27>
                n<> u<363> t<INPUT> p<368> s<367> l<53:16> el<53:21>
                n<> u<367> t<Net_port_type> p<368> c<366> l<53:22> el<53:27>
                  n<> u<366> t<Data_type_or_implicit> p<367> c<365> l<53:22> el<53:27>
                    n<> u<365> t<Data_type> p<366> c<364> l<53:22> el<53:27>
                      n<> u<364> t<LOGIC> p<365> l<53:22> el<53:27>
              n<clk> u<369> t<SIMPLE_IDENTIFIER> p<370> l<53:28> el<53:31>
            n<> u<378> t<Ansi_port_declaration> p<379> c<376> l<53:33> el<53:46>
              n<> u<376> t<Net_port_header> p<378> c<371> s<377> l<53:33> el<53:44>
                n<> u<371> t<INPUT> p<376> s<375> l<53:33> el<53:38>
                n<> u<375> t<Net_port_type> p<376> c<374> l<53:39> el<53:44>
                  n<> u<374> t<Data_type_or_implicit> p<375> c<373> l<53:39> el<53:44>
                    n<> u<373> t<Data_type> p<374> c<372> l<53:39> el<53:44>
                      n<> u<372> t<LOGIC> p<373> l<53:39> el<53:44>
              n<a> u<377> t<SIMPLE_IDENTIFIER> p<378> l<53:45> el<53:46>
        n<> u<426> t<Non_port_module_item> p<456> c<425> s<454> l<54:3> el<58:14>
          n<> u<425> t<Module_or_generate_item> p<426> c<424> l<54:3> el<58:14>
            n<> u<424> t<Module_common_item> p<425> c<423> l<54:3> el<58:14>
              n<> u<423> t<Module_or_generate_item_declaration> p<424> c<422> l<54:3> el<58:14>
                n<> u<422> t<Package_or_generate_item_declaration> p<423> c<421> l<54:3> el<58:14>
                  n<> u<421> t<Function_declaration> p<422> c<420> l<54:3> el<58:14>
                    n<> u<420> t<Function_body_declaration> p<421> c<384> l<54:12> el<58:14>
                      n<> u<384> t<Function_data_type_or_implicit> p<420> c<383> s<385> l<54:12> el<54:15>
                        n<> u<383> t<Function_data_type> p<384> c<382> l<54:12> el<54:15>
                          n<> u<382> t<Data_type> p<383> c<381> l<54:12> el<54:15>
                            n<> u<381> t<BIT> p<382> l<54:12> el<54:15>
                      n<f> u<385> t<SIMPLE_IDENTIFIER> p<420> s<386> l<54:16> el<54:17>
                      n<> u<386> t<Tf_port_item_list> p<420> s<399> l<54:17> el<54:19>
                      n<> u<399> t<Block_item_declaration> p<420> c<398> s<409> l<55:5> el<55:26>
                        n<> u<398> t<Data_declaration> p<399> c<387> l<55:5> el<55:26>
                          n<> u<387> t<STATIC> p<398> s<397> l<55:5> el<55:11>
                          n<> u<397> t<Variable_declaration> p<398> c<389> l<55:12> el<55:26>
                            n<> u<389> t<Data_type> p<397> c<388> s<396> l<55:12> el<55:15>
                              n<> u<388> t<INT> p<389> l<55:12> el<55:15>
                            n<> u<396> t<Variable_decl_assignment_list> p<397> c<395> l<55:16> el<55:25>
                              n<> u<395> t<Variable_decl_assignment> p<396> c<390> l<55:16> el<55:25>
                                n<calls> u<390> t<SIMPLE_IDENTIFIER> p<395> s<394> l<55:16> el<55:21>
                                n<> u<394> t<Expression> p<395> c<393> l<55:24> el<55:25>
                                  n<> u<393> t<Primary> p<394> c<392> l<55:24> el<55:25>
                                    n<> u<392> t<Primary_literal> p<393> c<391> l<55:24> el<55:25>
                                      n<0> u<391> t<INTEGRAL_NUMBER> p<392> l<55:24> el<55:25>
                      n<> u<409> t<Function_statement_or_null> p<420> c<408> s<418> l<56:5> el<56:13>
                        n<> u<408> t<Statement> p<409> c<407> l<56:5> el<56:13>
                          n<> u<407> t<Statement_item> p<408> c<406> l<56:5> el<56:13>
                            n<> u<406> t<Inc_or_dec_expression> p<407> c<404> l<56:5> el<56:12>
                              n<> u<404> t<Variable_lvalue> p<406> c<401> s<405> l<56:5> el<56:10>
                                n<> u<401> t<Ps_or_hierarchical_identifier> p<404> c<400> s<403> l<56:5> el<56:10>
                                  n<calls> u<400> t<SIMPLE_IDENTIFIER> p<401> l<56:5> el<56:10>
                                n<> u<403> t<Select> p<404> c<402> l<56:10> el<56:10>
                                  n<> u<402> t<Bit_select> p<403> l<56:10> el<56:10>
                              n<> u<405> t<PLUSPLUS> p<406> l<56:10> el<56:12>
                      n<> u<418> t<Function_statement_or_null> p<420> c<417> s<419> l<57:5> el<57:14>
                        n<> u<417> t<Statement> p<418> c<416> l<57:5> el<57:14>
                          n<> u<416> t<Statement_item> p<417> c<415> l<57:5> el<57:14>
                            n<> u<415> t<Jump_statement> p<416> c<414> l<57:5> el<57:14>
                              n<> u<414> t<RETURN> p<415> s<413> l<57:5> el<57:11>
                              n<> u<413> t<Expression> p<415> c<412> l<57:12> el<57:13>
                                n<> u<412> t<Primary> p<413> c<411> l<57:12> el<57:13>
                                  n<> u<411> t<Primary_literal> p<412> c<410> l<57:12> el<57:13>
                                    n<a> u<410> t<SIMPLE_IDENTIFIER> p<411> l<57:12> el<57:13>
                      n<> u<419> t<ENDFUNCTION> p<420> l<58:3> el<58:14>
        n<> u<454> t<Non_port_module_item> p<456> c<453> s<455> l<59:3> el<59:49>
          n<> u<453> t<Module_or_generate_item> p<454> c<452> l<59:3> el<59:49>
            n<> u<452> t<Module_common_item> p<453> c<451> l<59:3> el<59:49>
              n<> u<451> t<Assertion_item> p<452> c<450> l<59:3> el<59:49>
                n<> u<450> t<Concurrent_assertion_item> p<451> c<427> l<59:3> el<59:49>
                  n<r478_a1> u<427> t<SIMPLE_IDENTIFIER> p<450> s<449> l<59:3> el<59:10>
                  n<> u<449> t<Concurrent_assertion_statement> p<450> c<448> l<59:12> el<59:49>
                    n<> u<448> t<Assert_property_statement> p<449> c<445> l<59:12> el<59:49>
                      n<> u<445> t<Property_spec> p<448> c<434> s<447> l<59:29> el<59:47>
                        n<> u<434> t<Clocking_event> p<445> c<433> s<444> l<59:29> el<59:43>
                          n<> u<433> t<Event_expression> p<434> c<428> l<59:31> el<59:42>
                            n<> u<428> t<POSEDGE> p<433> s<432> l<59:31> el<59:38>
                            n<> u<432> t<Expression> p<433> c<431> l<59:39> el<59:42>
                              n<> u<431> t<Primary> p<432> c<430> l<59:39> el<59:42>
                                n<> u<430> t<Primary_literal> p<431> c<429> l<59:39> el<59:42>
                                  n<clk> u<429> t<SIMPLE_IDENTIFIER> p<430> l<59:39> el<59:42>
                        n<> u<444> t<Property_expr> p<445> c<443> l<59:44> el<59:47>
                          n<> u<443> t<Sequence_expr> p<444> c<442> l<59:44> el<59:47>
                            n<> u<442> t<Expression_or_dist> p<443> c<441> l<59:44> el<59:47>
                              n<> u<441> t<Expression> p<442> c<440> l<59:44> el<59:47>
                                n<> u<440> t<Primary> p<441> c<439> l<59:44> el<59:47>
                                  n<> u<439> t<Subroutine_call> p<440> c<435> l<59:44> el<59:47>
                                    n<f> u<435> t<SIMPLE_IDENTIFIER> p<439> s<437> l<59:44> el<59:45>
                                    n<> u<437> t<OPEN_PARENS> p<439> s<436> l<59:45> el<59:46>
                                    n<> u<436> t<Argument_list> p<439> s<438> l<59:46> el<59:46>
                                    n<> u<438> t<CLOSE_PARENS> p<439> l<59:46> el<59:47>
                      n<> u<447> t<Action_block> p<448> c<446> l<59:48> el<59:49>
                        n<> u<446> t<Statement_or_null> p<447> l<59:48> el<59:49>
        n<> u<455> t<ENDMODULE> p<456> l<60:1> el<60:10>
    n<// catalog row 483 | 16.8 | COMP> u<458> t<LINE_COMMENT> p<1604> s<459> l<62:1> el<62:33>
    n<// An instance of a named sequence shall provide an actual argument in the> u<459> t<LINE_COMMENT> p<1604> s<460> l<63:1> el<63:75>
    n<// list of arguments for each formal argument that does not have a default> u<460> t<LINE_COMMENT> p<1604> s<461> l<64:1> el<64:75>
    n<// actual argument declared.> u<461> t<LINE_COMMENT> p<1604> s<554> l<65:1> el<65:29>
    n<> u<554> t<Description> p<1604> c<553> s<555> l<66:1> el<69:10>
      n<> u<553> t<Module_declaration> p<554> c<486> l<66:1> el<69:10>
        n<> u<486> t<Module_ansi_header> p<553> c<462> s<519> l<66:1> el<66:45>
          n<module> u<462> t<MODULE> p<486> s<463> l<66:1> el<66:7>
          n<r483_m> u<463> t<SIMPLE_IDENTIFIER> p<486> s<464> l<66:8> el<66:14>
          n<> u<464> t<Package_import_declaration_list> p<486> s<485> l<66:15> el<66:15>
          n<> u<485> t<Port_declaration_list> p<486> c<472> l<66:15> el<66:44>
            n<> u<472> t<Ansi_port_declaration> p<485> c<470> s<479> l<66:16> el<66:31>
              n<> u<470> t<Net_port_header> p<472> c<465> s<471> l<66:16> el<66:27>
                n<> u<465> t<INPUT> p<470> s<469> l<66:16> el<66:21>
                n<> u<469> t<Net_port_type> p<470> c<468> l<66:22> el<66:27>
                  n<> u<468> t<Data_type_or_implicit> p<469> c<467> l<66:22> el<66:27>
                    n<> u<467> t<Data_type> p<468> c<466> l<66:22> el<66:27>
                      n<> u<466> t<LOGIC> p<467> l<66:22> el<66:27>
              n<clk> u<471> t<SIMPLE_IDENTIFIER> p<472> l<66:28> el<66:31>
            n<> u<479> t<Ansi_port_declaration> p<485> c<477> s<484> l<66:33> el<66:40>
              n<> u<477> t<Net_port_header> p<479> c<476> s<478> l<66:33> el<66:38>
                n<> u<476> t<Net_port_type> p<477> c<475> l<66:33> el<66:38>
                  n<> u<475> t<Data_type_or_implicit> p<476> c<474> l<66:33> el<66:38>
                    n<> u<474> t<Data_type> p<475> c<473> l<66:33> el<66:38>
                      n<> u<473> t<LOGIC> p<474> l<66:33> el<66:38>
              n<a> u<478> t<SIMPLE_IDENTIFIER> p<479> l<66:39> el<66:40>
            n<> u<484> t<Ansi_port_declaration> p<485> c<482> l<66:42> el<66:43>
              n<> u<482> t<Net_port_header> p<484> c<481> s<483> l<66:42> el<66:42>
                n<> u<481> t<Net_port_type> p<482> c<480> l<66:42> el<66:42>
                  n<> u<480> t<Data_type_or_implicit> p<481> l<66:42> el<66:42>
              n<b> u<483> t<SIMPLE_IDENTIFIER> p<484> l<66:42> el<66:43>
        n<> u<519> t<Non_port_module_item> p<553> c<518> s<551> l<67:3> el<67:46>
          n<> u<518> t<Module_or_generate_item> p<519> c<517> l<67:3> el<67:46>
            n<> u<517> t<Module_common_item> p<518> c<516> l<67:3> el<67:46>
              n<> u<516> t<Module_or_generate_item_declaration> p<517> c<515> l<67:3> el<67:46>
                n<> u<515> t<Package_or_generate_item_declaration> p<516> c<514> l<67:3> el<67:46>
                  n<> u<514> t<Assertion_item_declaration> p<515> c<513> l<67:3> el<67:46>
                    n<> u<513> t<Sequence_declaration> p<514> c<487> l<67:3> el<67:46>
                      n<r483_s> u<487> t<SIMPLE_IDENTIFIER> p<513> s<496> l<67:12> el<67:18>
                      n<> u<496> t<Sequence_port_list> p<513> c<491> s<511> l<67:19> el<67:23>
                        n<> u<491> t<Sequence_port_item> p<496> c<489> s<495> l<67:19> el<67:20>
                          n<> u<489> t<Data_type_or_implicit> p<491> c<488> s<490> l<67:19> el<67:19>
                            n<> u<488> t<Data_type_or_implicit> p<489> l<67:19> el<67:19>
                          n<x> u<490> t<SIMPLE_IDENTIFIER> p<491> l<67:19> el<67:20>
                        n<> u<495> t<Sequence_port_item> p<496> c<493> l<67:22> el<67:23>
                          n<> u<493> t<Data_type_or_implicit> p<495> c<492> s<494> l<67:22> el<67:22>
                            n<> u<492> t<Data_type_or_implicit> p<493> l<67:22> el<67:22>
                          n<y> u<494> t<SIMPLE_IDENTIFIER> p<495> l<67:22> el<67:23>
                      n<> u<511> t<Sequence_expr> p<513> c<502> s<512> l<67:26> el<67:33>
                        n<> u<502> t<Sequence_expr> p<511> c<501> s<504> l<67:26> el<67:27>
                          n<> u<501> t<Expression_or_dist> p<502> c<500> l<67:26> el<67:27>
                            n<> u<500> t<Expression> p<501> c<499> l<67:26> el<67:27>
                              n<> u<499> t<Primary> p<500> c<498> l<67:26> el<67:27>
                                n<> u<498> t<Primary_literal> p<499> c<497> l<67:26> el<67:27>
                                  n<x> u<497> t<SIMPLE_IDENTIFIER> p<498> l<67:26> el<67:27>
                        n<> u<504> t<Cycle_delay_range> p<511> c<503> s<510> l<67:28> el<67:31>
                          n<##1> u<503> t<POUND_POUND_DELAY> p<504> l<67:28> el<67:31>
                        n<> u<510> t<Sequence_expr> p<511> c<509> l<67:32> el<67:33>
                          n<> u<509> t<Expression_or_dist> p<510> c<508> l<67:32> el<67:33>
                            n<> u<508> t<Expression> p<509> c<507> l<67:32> el<67:33>
                              n<> u<507> t<Primary> p<508> c<506> l<67:32> el<67:33>
                                n<> u<506> t<Primary_literal> p<507> c<505> l<67:32> el<67:33>
                                  n<y> u<505> t<SIMPLE_IDENTIFIER> p<506> l<67:32> el<67:33>
                      n<> u<512> t<ENDSEQUENCE> p<513> l<67:35> el<67:46>
        n<> u<551> t<Non_port_module_item> p<553> c<550> s<552> l<68:3> el<68:55>
          n<> u<550> t<Module_or_generate_item> p<551> c<549> l<68:3> el<68:55>
            n<> u<549> t<Module_common_item> p<550> c<548> l<68:3> el<68:55>
              n<> u<548> t<Assertion_item> p<549> c<547> l<68:3> el<68:55>
                n<> u<547> t<Concurrent_assertion_item> p<548> c<520> l<68:3> el<68:55>
                  n<r483_a1> u<520> t<SIMPLE_IDENTIFIER> p<547> s<546> l<68:3> el<68:10>
                  n<> u<546> t<Concurrent_assertion_statement> p<547> c<545> l<68:12> el<68:55>
                    n<> u<545> t<Assert_property_statement> p<546> c<542> l<68:12> el<68:55>
                      n<> u<542> t<Property_spec> p<545> c<527> s<544> l<68:29> el<68:53>
                        n<> u<527> t<Clocking_event> p<542> c<526> s<541> l<68:29> el<68:43>
                          n<> u<526> t<Event_expression> p<527> c<521> l<68:31> el<68:42>
                            n<> u<521> t<POSEDGE> p<526> s<525> l<68:31> el<68:38>
                            n<> u<525> t<Expression> p<526> c<524> l<68:39> el<68:42>
                              n<> u<524> t<Primary> p<525> c<523> l<68:39> el<68:42>
                                n<> u<523> t<Primary_literal> p<524> c<522> l<68:39> el<68:42>
                                  n<clk> u<522> t<SIMPLE_IDENTIFIER> p<523> l<68:39> el<68:42>
                        n<> u<541> t<Property_expr> p<542> c<540> l<68:44> el<68:53>
                          n<> u<540> t<Sequence_expr> p<541> c<539> l<68:44> el<68:53>
                            n<> u<539> t<Sequence_instance> p<540> c<530> l<68:44> el<68:53>
                              n<> u<530> t<Ps_or_hierarchical_sequence_identifier> p<539> c<529> s<538> l<68:44> el<68:50>
                                n<> u<529> t<Ps_or_hierarchical_array_identifier> p<530> c<528> l<68:44> el<68:50>
                                  n<r483_s> u<528> t<SIMPLE_IDENTIFIER> p<529> l<68:44> el<68:50>
                              n<> u<538> t<Sequence_argument_list> p<539> c<537> l<68:51> el<68:52>
                                n<> u<537> t<Sequence_arg> p<538> c<536> l<68:51> el<68:52>
                                  n<> u<536> t<Sequence_actual_arg> p<537> c<535> l<68:51> el<68:52>
                                    n<> u<535> t<Event_expression> p<536> c<534> l<68:51> el<68:52>
                                      n<> u<534> t<Expression> p<535> c<533> l<68:51> el<68:52>
                                        n<> u<533> t<Primary> p<534> c<532> l<68:51> el<68:52>
                                          n<> u<532> t<Primary_literal> p<533> c<531> l<68:51> el<68:52>
                                            n<a> u<531> t<SIMPLE_IDENTIFIER> p<532> l<68:51> el<68:52>
                      n<> u<544> t<Action_block> p<545> c<543> l<68:54> el<68:55>
                        n<> u<543> t<Statement_or_null> p<544> l<68:54> el<68:55>
        n<> u<552> t<ENDMODULE> p<553> l<69:1> el<69:10>
    n<// catalog row 484 | 16.8 | LINT> u<555> t<LINE_COMMENT> p<1604> s<556> l<71:1> el<71:33>
    n<// If the terminal $ is an actual argument of a named sequence instance,> u<556> t<LINE_COMMENT> p<1604> s<557> l<72:1> el<72:73>
    n<// the corresponding formal argument shall be untyped and each of its> u<557> t<LINE_COMMENT> p<1604> s<558> l<73:1> el<73:70>
    n<// references shall either be an upper bound in a> u<558> t<LINE_COMMENT> p<1604> s<559> l<74:1> el<74:50>
    n<// cycle_delay_const_range_expression or itself be an actual argument in an> u<559> t<LINE_COMMENT> p<1604> s<560> l<75:1> el<75:76>
    n<// instance of a named sequence.> u<560> t<LINE_COMMENT> p<1604> s<660> l<76:1> el<76:33>
    n<> u<660> t<Description> p<1604> c<659> s<661> l<77:1> el<80:10>
      n<> u<659> t<Module_declaration> p<660> c<585> l<77:1> el<80:10>
        n<> u<585> t<Module_ansi_header> p<659> c<561> s<618> l<77:1> el<77:45>
          n<module> u<561> t<MODULE> p<585> s<562> l<77:1> el<77:7>
          n<r484_m> u<562> t<SIMPLE_IDENTIFIER> p<585> s<563> l<77:8> el<77:14>
          n<> u<563> t<Package_import_declaration_list> p<585> s<584> l<77:15> el<77:15>
          n<> u<584> t<Port_declaration_list> p<585> c<571> l<77:15> el<77:44>
            n<> u<571> t<Ansi_port_declaration> p<584> c<569> s<578> l<77:16> el<77:31>
              n<> u<569> t<Net_port_header> p<571> c<564> s<570> l<77:16> el<77:27>
                n<> u<564> t<INPUT> p<569> s<568> l<77:16> el<77:21>
                n<> u<568> t<Net_port_type> p<569> c<567> l<77:22> el<77:27>
                  n<> u<567> t<Data_type_or_implicit> p<568> c<566> l<77:22> el<77:27>
                    n<> u<566> t<Data_type> p<567> c<565> l<77:22> el<77:27>
                      n<> u<565> t<LOGIC> p<566> l<77:22> el<77:27>
              n<clk> u<570> t<SIMPLE_IDENTIFIER> p<571> l<77:28> el<77:31>
            n<> u<578> t<Ansi_port_declaration> p<584> c<576> s<583> l<77:33> el<77:40>
              n<> u<576> t<Net_port_header> p<578> c<575> s<577> l<77:33> el<77:38>
                n<> u<575> t<Net_port_type> p<576> c<574> l<77:33> el<77:38>
                  n<> u<574> t<Data_type_or_implicit> p<575> c<573> l<77:33> el<77:38>
                    n<> u<573> t<Data_type> p<574> c<572> l<77:33> el<77:38>
                      n<> u<572> t<LOGIC> p<573> l<77:33> el<77:38>
              n<a> u<577> t<SIMPLE_IDENTIFIER> p<578> l<77:39> el<77:40>
            n<> u<583> t<Ansi_port_declaration> p<584> c<581> l<77:42> el<77:43>
              n<> u<581> t<Net_port_header> p<583> c<580> s<582> l<77:42> el<77:42>
                n<> u<580> t<Net_port_type> p<581> c<579> l<77:42> el<77:42>
                  n<> u<579> t<Data_type_or_implicit> p<580> l<77:42> el<77:42>
              n<b> u<582> t<SIMPLE_IDENTIFIER> p<583> l<77:42> el<77:43>
        n<> u<618> t<Non_port_module_item> p<659> c<617> s<657> l<78:3> el<78:46>
          n<> u<617> t<Module_or_generate_item> p<618> c<616> l<78:3> el<78:46>
            n<> u<616> t<Module_common_item> p<617> c<615> l<78:3> el<78:46>
              n<> u<615> t<Module_or_generate_item_declaration> p<616> c<614> l<78:3> el<78:46>
                n<> u<614> t<Package_or_generate_item_declaration> p<615> c<613> l<78:3> el<78:46>
                  n<> u<613> t<Assertion_item_declaration> p<614> c<612> l<78:3> el<78:46>
                    n<> u<612> t<Sequence_declaration> p<613> c<586> l<78:3> el<78:46>
                      n<r484_s> u<586> t<SIMPLE_IDENTIFIER> p<612> s<595> l<78:12> el<78:18>
                      n<> u<595> t<Sequence_port_list> p<612> c<590> s<610> l<78:19> el<78:23>
                        n<> u<590> t<Sequence_port_item> p<595> c<588> s<594> l<78:19> el<78:20>
                          n<> u<588> t<Data_type_or_implicit> p<590> c<587> s<589> l<78:19> el<78:19>
                            n<> u<587> t<Data_type_or_implicit> p<588> l<78:19> el<78:19>
                          n<x> u<589> t<SIMPLE_IDENTIFIER> p<590> l<78:19> el<78:20>
                        n<> u<594> t<Sequence_port_item> p<595> c<592> l<78:22> el<78:23>
                          n<> u<592> t<Data_type_or_implicit> p<594> c<591> s<593> l<78:22> el<78:22>
                            n<> u<591> t<Data_type_or_implicit> p<592> l<78:22> el<78:22>
                          n<y> u<593> t<SIMPLE_IDENTIFIER> p<594> l<78:22> el<78:23>
                      n<> u<610> t<Sequence_expr> p<612> c<601> s<611> l<78:26> el<78:33>
                        n<> u<601> t<Sequence_expr> p<610> c<600> s<603> l<78:26> el<78:27>
                          n<> u<600> t<Expression_or_dist> p<601> c<599> l<78:26> el<78:27>
                            n<> u<599> t<Expression> p<600> c<598> l<78:26> el<78:27>
                              n<> u<598> t<Primary> p<599> c<597> l<78:26> el<78:27>
                                n<> u<597> t<Primary_literal> p<598> c<596> l<78:26> el<78:27>
                                  n<x> u<596> t<SIMPLE_IDENTIFIER> p<597> l<78:26> el<78:27>
                        n<> u<603> t<Cycle_delay_range> p<610> c<602> s<609> l<78:28> el<78:31>
                          n<##1> u<602> t<POUND_POUND_DELAY> p<603> l<78:28> el<78:31>
                        n<> u<609> t<Sequence_expr> p<610> c<608> l<78:32> el<78:33>
                          n<> u<608> t<Expression_or_dist> p<609> c<607> l<78:32> el<78:33>
                            n<> u<607> t<Expression> p<608> c<606> l<78:32> el<78:33>
                              n<> u<606> t<Primary> p<607> c<605> l<78:32> el<78:33>
                                n<> u<605> t<Primary_literal> p<606> c<604> l<78:32> el<78:33>
                                  n<y> u<604> t<SIMPLE_IDENTIFIER> p<605> l<78:32> el<78:33>
                      n<> u<611> t<ENDSEQUENCE> p<612> l<78:35> el<78:46>
        n<> u<657> t<Non_port_module_item> p<659> c<656> s<658> l<79:3> el<79:58>
          n<> u<656> t<Module_or_generate_item> p<657> c<655> l<79:3> el<79:58>
            n<> u<655> t<Module_common_item> p<656> c<654> l<79:3> el<79:58>
              n<> u<654> t<Assertion_item> p<655> c<653> l<79:3> el<79:58>
                n<> u<653> t<Concurrent_assertion_item> p<654> c<619> l<79:3> el<79:58>
                  n<r484_a1> u<619> t<SIMPLE_IDENTIFIER> p<653> s<652> l<79:3> el<79:10>
                  n<> u<652> t<Concurrent_assertion_statement> p<653> c<651> l<79:12> el<79:58>
                    n<> u<651> t<Assert_property_statement> p<652> c<648> l<79:12> el<79:58>
                      n<> u<648> t<Property_spec> p<651> c<626> s<650> l<79:29> el<79:56>
                        n<> u<626> t<Clocking_event> p<648> c<625> s<647> l<79:29> el<79:43>
                          n<> u<625> t<Event_expression> p<626> c<620> l<79:31> el<79:42>
                            n<> u<620> t<POSEDGE> p<625> s<624> l<79:31> el<79:38>
                            n<> u<624> t<Expression> p<625> c<623> l<79:39> el<79:42>
                              n<> u<623> t<Primary> p<624> c<622> l<79:39> el<79:42>
                                n<> u<622> t<Primary_literal> p<623> c<621> l<79:39> el<79:42>
                                  n<clk> u<621> t<SIMPLE_IDENTIFIER> p<622> l<79:39> el<79:42>
                        n<> u<647> t<Property_expr> p<648> c<646> l<79:44> el<79:56>
                          n<> u<646> t<Sequence_expr> p<647> c<645> l<79:44> el<79:56>
                            n<> u<645> t<Sequence_instance> p<646> c<629> l<79:44> el<79:56>
                              n<> u<629> t<Ps_or_hierarchical_sequence_identifier> p<645> c<628> s<644> l<79:44> el<79:50>
                                n<> u<628> t<Ps_or_hierarchical_array_identifier> p<629> c<627> l<79:44> el<79:50>
                                  n<r484_s> u<627> t<SIMPLE_IDENTIFIER> p<628> l<79:44> el<79:50>
                              n<> u<644> t<Sequence_argument_list> p<645> c<642> l<79:51> el<79:55>
                                n<> u<642> t<Sequence_arg> p<644> c<634> s<643> l<79:51> el<79:55>
                                  n<> u<634> t<Event_expression> p<642> c<633> l<79:51> el<79:52>
                                    n<> u<633> t<Expression> p<634> c<632> l<79:51> el<79:52>
                                      n<> u<632> t<Primary> p<633> c<631> l<79:51> el<79:52>
                                        n<> u<631> t<Primary_literal> p<632> c<630> l<79:51> el<79:52>
                                          n<a> u<630> t<SIMPLE_IDENTIFIER> p<631> l<79:51> el<79:52>
                                n<> u<643> t<Sequence_arg> p<644> c<639> l<79:51> el<79:55>
                                  n<> u<639> t<Event_expression> p<643> c<638> l<79:54> el<79:55>
                                    n<> u<638> t<Expression> p<639> c<637> l<79:54> el<79:55>
                                      n<> u<637> t<Primary> p<638> c<636> l<79:54> el<79:55>
                                        n<$> u<636> t<DOLLAR> p<637> l<79:54> el<79:55>
                      n<> u<650> t<Action_block> p<651> c<649> l<79:57> el<79:58>
                        n<> u<649> t<Statement_or_null> p<650> l<79:57> el<79:58>
        n<> u<658> t<ENDMODULE> p<659> l<80:1> el<80:10>
    n<// catalog row 489 | 16.8.1 | LINT> u<661> t<LINE_COMMENT> p<1604> s<662> l<82:1> el<82:35>
    n<// If a formal argument is of type sequence, the actual argument shall be a> u<662> t<LINE_COMMENT> p<1604> s<663> l<83:1> el<83:76>
    n<// sequence_expr, and each reference to the formal shall be in a place> u<663> t<LINE_COMMENT> p<1604> s<664> l<84:1> el<84:71>
    n<// where a sequence_expr is legal or as an operand of the sequence methods> u<664> t<LINE_COMMENT> p<1604> s<665> l<85:1> el<85:75>
    n<// triggered or matched.> u<665> t<LINE_COMMENT> p<1604> s<761> l<86:1> el<86:25>
    n<> u<761> t<Description> p<1604> c<760> s<762> l<87:1> el<90:10>
      n<> u<760> t<Module_declaration> p<761> c<690> l<87:1> el<90:10>
        n<> u<690> t<Module_ansi_header> p<760> c<666> s<716> l<87:1> el<87:45>
          n<module> u<666> t<MODULE> p<690> s<667> l<87:1> el<87:7>
          n<r489_m> u<667> t<SIMPLE_IDENTIFIER> p<690> s<668> l<87:8> el<87:14>
          n<> u<668> t<Package_import_declaration_list> p<690> s<689> l<87:15> el<87:15>
          n<> u<689> t<Port_declaration_list> p<690> c<676> l<87:15> el<87:44>
            n<> u<676> t<Ansi_port_declaration> p<689> c<674> s<683> l<87:16> el<87:31>
              n<> u<674> t<Net_port_header> p<676> c<669> s<675> l<87:16> el<87:27>
                n<> u<669> t<INPUT> p<674> s<673> l<87:16> el<87:21>
                n<> u<673> t<Net_port_type> p<674> c<672> l<87:22> el<87:27>
                  n<> u<672> t<Data_type_or_implicit> p<673> c<671> l<87:22> el<87:27>
                    n<> u<671> t<Data_type> p<672> c<670> l<87:22> el<87:27>
                      n<> u<670> t<LOGIC> p<671> l<87:22> el<87:27>
              n<clk> u<675> t<SIMPLE_IDENTIFIER> p<676> l<87:28> el<87:31>
            n<> u<683> t<Ansi_port_declaration> p<689> c<681> s<688> l<87:33> el<87:40>
              n<> u<681> t<Net_port_header> p<683> c<680> s<682> l<87:33> el<87:38>
                n<> u<680> t<Net_port_type> p<681> c<679> l<87:33> el<87:38>
                  n<> u<679> t<Data_type_or_implicit> p<680> c<678> l<87:33> el<87:38>
                    n<> u<678> t<Data_type> p<679> c<677> l<87:33> el<87:38>
                      n<> u<677> t<LOGIC> p<678> l<87:33> el<87:38>
              n<a> u<682> t<SIMPLE_IDENTIFIER> p<683> l<87:39> el<87:40>
            n<> u<688> t<Ansi_port_declaration> p<689> c<686> l<87:42> el<87:43>
              n<> u<686> t<Net_port_header> p<688> c<685> s<687> l<87:42> el<87:42>
                n<> u<685> t<Net_port_type> p<686> c<684> l<87:42> el<87:42>
                  n<> u<684> t<Data_type_or_implicit> p<685> l<87:42> el<87:42>
              n<b> u<687> t<SIMPLE_IDENTIFIER> p<688> l<87:42> el<87:43>
        n<> u<716> t<Non_port_module_item> p<760> c<715> s<758> l<88:3> el<88:51>
          n<> u<715> t<Module_or_generate_item> p<716> c<714> l<88:3> el<88:51>
            n<> u<714> t<Module_common_item> p<715> c<713> l<88:3> el<88:51>
              n<> u<713> t<Module_or_generate_item_declaration> p<714> c<712> l<88:3> el<88:51>
                n<> u<712> t<Package_or_generate_item_declaration> p<713> c<711> l<88:3> el<88:51>
                  n<> u<711> t<Assertion_item_declaration> p<712> c<710> l<88:3> el<88:51>
                    n<> u<710> t<Sequence_declaration> p<711> c<691> l<88:3> el<88:51>
                      n<r489_s> u<691> t<SIMPLE_IDENTIFIER> p<710> s<695> l<88:12> el<88:18>
                      n<> u<695> t<Sequence_port_list> p<710> c<694> s<708> l<88:19> el<88:29>
                        n<> u<694> t<Sequence_port_item> p<695> c<692> l<88:19> el<88:29>
                          n<> u<692> t<SEQUENCE> p<694> s<693> l<88:19> el<88:27>
                          n<q> u<693> t<SIMPLE_IDENTIFIER> p<694> l<88:28> el<88:29>
                      n<> u<708> t<Sequence_expr> p<710> c<700> s<709> l<88:32> el<88:38>
                        n<> u<700> t<Expression_or_dist> p<708> c<699> s<707> l<88:32> el<88:33>
                          n<> u<699> t<Expression> p<700> c<698> l<88:32> el<88:33>
                            n<> u<698> t<Primary> p<699> c<697> l<88:32> el<88:33>
                              n<> u<697> t<Primary_literal> p<698> c<696> l<88:32> el<88:33>
                                n<q> u<696> t<SIMPLE_IDENTIFIER> p<697> l<88:32> el<88:33>
                        n<> u<707> t<Boolean_abbrev> p<708> c<706> l<88:33> el<88:38>
                          n<> u<706> t<Goto_repetition> p<707> c<705> l<88:33> el<88:38>
                            n<> u<705> t<Const_or_range_expression> p<706> c<704> l<88:36> el<88:37>
                              n<> u<704> t<Constant_expression> p<705> c<703> l<88:36> el<88:37>
                                n<> u<703> t<Constant_primary> p<704> c<702> l<88:36> el<88:37>
                                  n<> u<702> t<Primary_literal> p<703> c<701> l<88:36> el<88:37>
                                    n<2> u<701> t<INTEGRAL_NUMBER> p<702> l<88:36> el<88:37>
                      n<> u<709> t<ENDSEQUENCE> p<710> l<88:40> el<88:51>
        n<> u<758> t<Non_port_module_item> p<760> c<757> s<759> l<89:3> el<89:61>
          n<> u<757> t<Module_or_generate_item> p<758> c<756> l<89:3> el<89:61>
            n<> u<756> t<Module_common_item> p<757> c<755> l<89:3> el<89:61>
              n<> u<755> t<Assertion_item> p<756> c<754> l<89:3> el<89:61>
                n<> u<754> t<Concurrent_assertion_item> p<755> c<717> l<89:3> el<89:61>
                  n<r489_a1> u<717> t<SIMPLE_IDENTIFIER> p<754> s<753> l<89:3> el<89:10>
                  n<> u<753> t<Concurrent_assertion_statement> p<754> c<752> l<89:12> el<89:61>
                    n<> u<752> t<Assert_property_statement> p<753> c<749> l<89:12> el<89:61>
                      n<> u<749> t<Property_spec> p<752> c<724> s<751> l<89:29> el<89:59>
                        n<> u<724> t<Clocking_event> p<749> c<723> s<748> l<89:29> el<89:43>
                          n<> u<723> t<Event_expression> p<724> c<718> l<89:31> el<89:42>
                            n<> u<718> t<POSEDGE> p<723> s<722> l<89:31> el<89:38>
                            n<> u<722> t<Expression> p<723> c<721> l<89:39> el<89:42>
                              n<> u<721> t<Primary> p<722> c<720> l<89:39> el<89:42>
                                n<> u<720> t<Primary_literal> p<721> c<719> l<89:39> el<89:42>
                                  n<clk> u<719> t<SIMPLE_IDENTIFIER> p<720> l<89:39> el<89:42>
                        n<> u<748> t<Property_expr> p<749> c<747> l<89:44> el<89:59>
                          n<> u<747> t<Sequence_expr> p<748> c<746> l<89:44> el<89:59>
                            n<> u<746> t<Sequence_instance> p<747> c<727> l<89:44> el<89:59>
                              n<> u<727> t<Ps_or_hierarchical_sequence_identifier> p<746> c<726> s<745> l<89:44> el<89:50>
                                n<> u<726> t<Ps_or_hierarchical_array_identifier> p<727> c<725> l<89:44> el<89:50>
                                  n<r489_s> u<725> t<SIMPLE_IDENTIFIER> p<726> l<89:44> el<89:50>
                              n<> u<745> t<Sequence_argument_list> p<746> c<744> l<89:51> el<89:58>
                                n<> u<744> t<Sequence_arg> p<745> c<743> l<89:51> el<89:58>
                                  n<> u<743> t<Sequence_actual_arg> p<744> c<742> l<89:51> el<89:58>
                                    n<> u<742> t<Sequence_expr> p<743> c<733> l<89:51> el<89:58>
                                      n<> u<733> t<Sequence_expr> p<742> c<732> s<735> l<89:51> el<89:52>
                                        n<> u<732> t<Expression_or_dist> p<733> c<731> l<89:51> el<89:52>
                                          n<> u<731> t<Expression> p<732> c<730> l<89:51> el<89:52>
                                            n<> u<730> t<Primary> p<731> c<729> l<89:51> el<89:52>
                                              n<> u<729> t<Primary_literal> p<730> c<728> l<89:51> el<89:52>
                                                n<a> u<728> t<SIMPLE_IDENTIFIER> p<729> l<89:51> el<89:52>
                                      n<> u<735> t<Cycle_delay_range> p<742> c<734> s<741> l<89:53> el<89:56>
                                        n<##1> u<734> t<POUND_POUND_DELAY> p<735> l<89:53> el<89:56>
                                      n<> u<741> t<Sequence_expr> p<742> c<740> l<89:57> el<89:58>
                                        n<> u<740> t<Expression_or_dist> p<741> c<739> l<89:57> el<89:58>
                                          n<> u<739> t<Expression> p<740> c<738> l<89:57> el<89:58>
                                            n<> u<738> t<Primary> p<739> c<737> l<89:57> el<89:58>
                                              n<> u<737> t<Primary_literal> p<738> c<736> l<89:57> el<89:58>
                                                n<b> u<736> t<SIMPLE_IDENTIFIER> p<737> l<89:57> el<89:58>
                      n<> u<751> t<Action_block> p<752> c<750> l<89:60> el<89:61>
                        n<> u<750> t<Statement_or_null> p<751> l<89:60> el<89:61>
        n<> u<759> t<ENDMODULE> p<760> l<90:1> el<90:10>
    n<// catalog row 490 | 16.8.1 | LINT> u<762> t<LINE_COMMENT> p<1604> s<763> l<92:1> el<92:35>
    n<// If a formal argument is of type event, the actual argument shall be an> u<763> t<LINE_COMMENT> p<1604> s<764> l<93:1> el<93:74>
    n<// event_expression and each reference to the formal shall be in a place> u<764> t<LINE_COMMENT> p<1604> s<765> l<94:1> el<94:73>
    n<// where an event_expression may be written.> u<765> t<LINE_COMMENT> p<1604> s<840> l<95:1> el<95:45>
    n<> u<840> t<Description> p<1604> c<839> s<841> l<96:1> el<99:10>
      n<> u<839> t<Module_declaration> p<840> c<785> l<96:1> el<99:10>
        n<> u<785> t<Module_ansi_header> p<839> c<766> s<812> l<96:1> el<96:42>
          n<module> u<766> t<MODULE> p<785> s<767> l<96:1> el<96:7>
          n<r490_m> u<767> t<SIMPLE_IDENTIFIER> p<785> s<768> l<96:8> el<96:14>
          n<> u<768> t<Package_import_declaration_list> p<785> s<784> l<96:15> el<96:15>
          n<> u<784> t<Port_declaration_list> p<785> c<776> l<96:15> el<96:41>
            n<> u<776> t<Ansi_port_declaration> p<784> c<774> s<783> l<96:16> el<96:31>
              n<> u<774> t<Net_port_header> p<776> c<769> s<775> l<96:16> el<96:27>
                n<> u<769> t<INPUT> p<774> s<773> l<96:16> el<96:21>
                n<> u<773> t<Net_port_type> p<774> c<772> l<96:22> el<96:27>
                  n<> u<772> t<Data_type_or_implicit> p<773> c<771> l<96:22> el<96:27>
                    n<> u<771> t<Data_type> p<772> c<770> l<96:22> el<96:27>
                      n<> u<770> t<LOGIC> p<771> l<96:22> el<96:27>
              n<clk> u<775> t<SIMPLE_IDENTIFIER> p<776> l<96:28> el<96:31>
            n<> u<783> t<Ansi_port_declaration> p<784> c<781> l<96:33> el<96:40>
              n<> u<781> t<Net_port_header> p<783> c<780> s<782> l<96:33> el<96:38>
                n<> u<780> t<Net_port_type> p<781> c<779> l<96:33> el<96:38>
                  n<> u<779> t<Data_type_or_implicit> p<780> c<778> l<96:33> el<96:38>
                    n<> u<778> t<Data_type> p<779> c<777> l<96:33> el<96:38>
                      n<> u<777> t<LOGIC> p<778> l<96:33> el<96:38>
              n<a> u<782> t<SIMPLE_IDENTIFIER> p<783> l<96:39> el<96:40>
        n<> u<812> t<Non_port_module_item> p<839> c<811> s<837> l<97:3> el<97:50>
          n<> u<811> t<Module_or_generate_item> p<812> c<810> l<97:3> el<97:50>
            n<> u<810> t<Module_common_item> p<811> c<809> l<97:3> el<97:50>
              n<> u<809> t<Module_or_generate_item_declaration> p<810> c<808> l<97:3> el<97:50>
                n<> u<808> t<Package_or_generate_item_declaration> p<809> c<807> l<97:3> el<97:50>
                  n<> u<807> t<Assertion_item_declaration> p<808> c<806> l<97:3> el<97:50>
                    n<> u<806> t<Sequence_declaration> p<807> c<786> l<97:3> el<97:50>
                      n<r490_s> u<786> t<SIMPLE_IDENTIFIER> p<806> s<791> l<97:12> el<97:18>
                      n<> u<791> t<Sequence_port_list> p<806> c<790> s<804> l<97:25> el<97:27>
                        n<> u<790> t<Sequence_port_item> p<791> c<788> l<97:25> el<97:27>
                          n<> u<788> t<Data_type_or_implicit> p<790> c<787> s<789> l<97:25> el<97:25>
                            n<> u<787> t<Data_type_or_implicit> p<788> l<97:25> el<97:25>
                          n<ev> u<789> t<SIMPLE_IDENTIFIER> p<790> l<97:25> el<97:27>
                      n<> u<804> t<Sequence_expr> p<806> c<797> s<805> l<97:30> el<97:37>
                        n<> u<797> t<Clocking_event> p<804> c<796> s<803> l<97:30> el<97:35>
                          n<> u<796> t<Event_expression> p<797> c<795> l<97:32> el<97:34>
                            n<> u<795> t<Expression> p<796> c<794> l<97:32> el<97:34>
                              n<> u<794> t<Primary> p<795> c<793> l<97:32> el<97:34>
                                n<> u<793> t<Primary_literal> p<794> c<792> l<97:32> el<97:34>
                                  n<ev> u<792> t<SIMPLE_IDENTIFIER> p<793> l<97:32> el<97:34>
                        n<> u<803> t<Sequence_expr> p<804> c<802> l<97:36> el<97:37>
                          n<> u<802> t<Expression_or_dist> p<803> c<801> l<97:36> el<97:37>
                            n<> u<801> t<Expression> p<802> c<800> l<97:36> el<97:37>
                              n<> u<800> t<Primary> p<801> c<799> l<97:36> el<97:37>
                                n<> u<799> t<Primary_literal> p<800> c<798> l<97:36> el<97:37>
                                  n<a> u<798> t<SIMPLE_IDENTIFIER> p<799> l<97:36> el<97:37>
                      n<> u<805> t<ENDSEQUENCE> p<806> l<97:39> el<97:50>
        n<> u<837> t<Non_port_module_item> p<839> c<836> s<838> l<98:3> el<98:42>
          n<> u<836> t<Module_or_generate_item> p<837> c<835> l<98:3> el<98:42>
            n<> u<835> t<Module_common_item> p<836> c<834> l<98:3> el<98:42>
              n<> u<834> t<Assertion_item> p<835> c<833> l<98:3> el<98:42>
                n<> u<833> t<Concurrent_assertion_item> p<834> c<813> l<98:3> el<98:42>
                  n<r490_a1> u<813> t<SIMPLE_IDENTIFIER> p<833> s<832> l<98:3> el<98:10>
                  n<> u<832> t<Concurrent_assertion_statement> p<833> c<831> l<98:12> el<98:42>
                    n<> u<831> t<Assert_property_statement> p<832> c<828> l<98:12> el<98:42>
                      n<> u<828> t<Property_spec> p<831> c<827> s<830> l<98:29> el<98:40>
                        n<> u<827> t<Property_expr> p<828> c<826> l<98:29> el<98:40>
                          n<> u<826> t<Sequence_expr> p<827> c<825> l<98:29> el<98:40>
                            n<> u<825> t<Sequence_instance> p<826> c<816> l<98:29> el<98:40>
                              n<> u<816> t<Ps_or_hierarchical_sequence_identifier> p<825> c<815> s<824> l<98:29> el<98:35>
                                n<> u<815> t<Ps_or_hierarchical_array_identifier> p<816> c<814> l<98:29> el<98:35>
                                  n<r490_s> u<814> t<SIMPLE_IDENTIFIER> p<815> l<98:29> el<98:35>
                              n<> u<824> t<Sequence_argument_list> p<825> c<823> l<98:36> el<98:39>
                                n<> u<823> t<Sequence_arg> p<824> c<822> l<98:36> el<98:39>
                                  n<> u<822> t<Sequence_actual_arg> p<823> c<821> l<98:36> el<98:39>
                                    n<> u<821> t<Event_expression> p<822> c<820> l<98:36> el<98:39>
                                      n<> u<820> t<Expression> p<821> c<819> l<98:36> el<98:39>
                                        n<> u<819> t<Primary> p<820> c<818> l<98:36> el<98:39>
                                          n<> u<818> t<Primary_literal> p<819> c<817> l<98:36> el<98:39>
                                            n<clk> u<817> t<SIMPLE_IDENTIFIER> p<818> l<98:36> el<98:39>
                      n<> u<830> t<Action_block> p<831> c<829> l<98:41> el<98:42>
                        n<> u<829> t<Statement_or_null> p<830> l<98:41> el<98:42>
        n<> u<838> t<ENDMODULE> p<839> l<99:1> el<99:10>
    n<// catalog row 511 | 16.9.4 | ELAB> u<841> t<LINE_COMMENT> p<1604> s<842> l<101:1> el<101:35>
    n<// The global clocking past and future sampled value functions may be used> u<842> t<LINE_COMMENT> p<1604> s<843> l<102:1> el<102:75>
    n<// only if global clocking is defined by a global clocking declaration.> u<843> t<LINE_COMMENT> p<1604> s<899> l<103:1> el<103:72>
    n<> u<899> t<Description> p<1604> c<898> s<900> l<104:1> el<106:10>
      n<> u<898> t<Module_declaration> p<899> c<863> l<104:1> el<106:10>
        n<> u<863> t<Module_ansi_header> p<898> c<844> s<896> l<104:1> el<104:42>
          n<module> u<844> t<MODULE> p<863> s<845> l<104:1> el<104:7>
          n<r511_m> u<845> t<SIMPLE_IDENTIFIER> p<863> s<846> l<104:8> el<104:14>
          n<> u<846> t<Package_import_declaration_list> p<863> s<862> l<104:15> el<104:15>
          n<> u<862> t<Port_declaration_list> p<863> c<854> l<104:15> el<104:41>
            n<> u<854> t<Ansi_port_declaration> p<862> c<852> s<861> l<104:16> el<104:31>
              n<> u<852> t<Net_port_header> p<854> c<847> s<853> l<104:16> el<104:27>
                n<> u<847> t<INPUT> p<852> s<851> l<104:16> el<104:21>
                n<> u<851> t<Net_port_type> p<852> c<850> l<104:22> el<104:27>
                  n<> u<850> t<Data_type_or_implicit> p<851> c<849> l<104:22> el<104:27>
                    n<> u<849> t<Data_type> p<850> c<848> l<104:22> el<104:27>
                      n<> u<848> t<LOGIC> p<849> l<104:22> el<104:27>
              n<clk> u<853> t<SIMPLE_IDENTIFIER> p<854> l<104:28> el<104:31>
            n<> u<861> t<Ansi_port_declaration> p<862> c<859> l<104:33> el<104:40>
              n<> u<859> t<Net_port_header> p<861> c<858> s<860> l<104:33> el<104:38>
                n<> u<858> t<Net_port_type> p<859> c<857> l<104:33> el<104:38>
                  n<> u<857> t<Data_type_or_implicit> p<858> c<856> l<104:33> el<104:38>
                    n<> u<856> t<Data_type> p<857> c<855> l<104:33> el<104:38>
                      n<> u<855> t<LOGIC> p<856> l<104:33> el<104:38>
              n<a> u<860> t<SIMPLE_IDENTIFIER> p<861> l<104:39> el<104:40>
        n<> u<896> t<Non_port_module_item> p<898> c<895> s<897> l<105:3> el<105:59>
          n<> u<895> t<Module_or_generate_item> p<896> c<894> l<105:3> el<105:59>
            n<> u<894> t<Module_common_item> p<895> c<893> l<105:3> el<105:59>
              n<> u<893> t<Assertion_item> p<894> c<892> l<105:3> el<105:59>
                n<> u<892> t<Concurrent_assertion_item> p<893> c<864> l<105:3> el<105:59>
                  n<r511_a1> u<864> t<SIMPLE_IDENTIFIER> p<892> s<891> l<105:3> el<105:10>
                  n<> u<891> t<Concurrent_assertion_statement> p<892> c<890> l<105:12> el<105:59>
                    n<> u<890> t<Assert_property_statement> p<891> c<887> l<105:12> el<105:59>
                      n<> u<887> t<Property_spec> p<890> c<871> s<889> l<105:29> el<105:57>
                        n<> u<871> t<Clocking_event> p<887> c<870> s<886> l<105:29> el<105:43>
                          n<> u<870> t<Event_expression> p<871> c<865> l<105:31> el<105:42>
                            n<> u<865> t<POSEDGE> p<870> s<869> l<105:31> el<105:38>
                            n<> u<869> t<Expression> p<870> c<868> l<105:39> el<105:42>
                              n<> u<868> t<Primary> p<869> c<867> l<105:39> el<105:42>
                                n<> u<867> t<Primary_literal> p<868> c<866> l<105:39> el<105:42>
                                  n<clk> u<866> t<SIMPLE_IDENTIFIER> p<867> l<105:39> el<105:42>
                        n<> u<886> t<Property_expr> p<887> c<885> l<105:44> el<105:57>
                          n<> u<885> t<Sequence_expr> p<886> c<884> l<105:44> el<105:57>
                            n<> u<884> t<Expression_or_dist> p<885> c<883> l<105:44> el<105:57>
                              n<> u<883> t<Expression> p<884> c<882> l<105:44> el<105:57>
                                n<> u<882> t<Primary> p<883> c<881> l<105:44> el<105:57>
                                  n<> u<881> t<Subroutine_call> p<882> c<872> l<105:44> el<105:57>
                                    n<$> u<872> t<DOLLAR> p<881> s<873> l<105:44> el<105:45>
                                    n<rose_gclk> u<873> t<SIMPLE_IDENTIFIER> p<881> s<879> l<105:45> el<105:54>
                                    n<> u<879> t<OPEN_PARENS> p<881> s<878> l<105:54> el<105:55>
                                    n<> u<878> t<Argument_list> p<881> c<877> s<880> l<105:55> el<105:56>
                                      n<> u<877> t<Expression> p<878> c<876> l<105:55> el<105:56>
                                        n<> u<876> t<Primary> p<877> c<875> l<105:55> el<105:56>
                                          n<> u<875> t<Primary_literal> p<876> c<874> l<105:55> el<105:56>
                                            n<a> u<874> t<SIMPLE_IDENTIFIER> p<875> l<105:55> el<105:56>
                                    n<> u<880> t<CLOSE_PARENS> p<881> l<105:56> el<105:57>
                      n<> u<889> t<Action_block> p<890> c<888> l<105:58> el<105:59>
                        n<> u<888> t<Statement_or_null> p<889> l<105:58> el<105:59>
        n<> u<897> t<ENDMODULE> p<898> l<106:1> el<106:10>
    n<// catalog row 512 | 16.9.4 | LINT> u<900> t<LINE_COMMENT> p<1604> s<901> l<108:1> el<108:35>
    n<// The global clocking future sampled value functions may be invoked only> u<901> t<LINE_COMMENT> p<1604> s<902> l<109:1> el<109:74>
    n<// in a property_expr or a sequence_expr; in particular they shall not be> u<902> t<LINE_COMMENT> p<1604> s<903> l<110:1> el<110:74>
    n<// used in assertion action blocks.> u<903> t<LINE_COMMENT> p<1604> s<997> l<111:1> el<111:36>
    n<> u<997> t<Description> p<1604> c<996> s<998> l<112:1> el<116:10>
      n<> u<996> t<Module_declaration> p<997> c<928> l<112:1> el<116:10>
        n<> u<928> t<Module_ansi_header> p<996> c<904> s<942> l<112:1> el<112:47>
          n<module> u<904> t<MODULE> p<928> s<905> l<112:1> el<112:7>
          n<r512_m> u<905> t<SIMPLE_IDENTIFIER> p<928> s<906> l<112:8> el<112:14>
          n<> u<906> t<Package_import_declaration_list> p<928> s<927> l<112:15> el<112:15>
          n<> u<927> t<Port_declaration_list> p<928> c<914> l<112:15> el<112:46>
            n<> u<914> t<Ansi_port_declaration> p<927> c<912> s<921> l<112:16> el<112:31>
              n<> u<912> t<Net_port_header> p<914> c<907> s<913> l<112:16> el<112:27>
                n<> u<907> t<INPUT> p<912> s<911> l<112:16> el<112:21>
                n<> u<911> t<Net_port_type> p<912> c<910> l<112:22> el<112:27>
                  n<> u<910> t<Data_type_or_implicit> p<911> c<909> l<112:22> el<112:27>
                    n<> u<909> t<Data_type> p<910> c<908> l<112:22> el<112:27>
                      n<> u<908> t<LOGIC> p<909> l<112:22> el<112:27>
              n<clk> u<913> t<SIMPLE_IDENTIFIER> p<914> l<112:28> el<112:31>
            n<> u<921> t<Ansi_port_declaration> p<927> c<919> s<926> l<112:33> el<112:40>
              n<> u<919> t<Net_port_header> p<921> c<918> s<920> l<112:33> el<112:38>
                n<> u<918> t<Net_port_type> p<919> c<917> l<112:33> el<112:38>
                  n<> u<917> t<Data_type_or_implicit> p<918> c<916> l<112:33> el<112:38>
                    n<> u<916> t<Data_type> p<917> c<915> l<112:33> el<112:38>
                      n<> u<915> t<LOGIC> p<916> l<112:33> el<112:38>
              n<a> u<920> t<SIMPLE_IDENTIFIER> p<921> l<112:39> el<112:40>
            n<> u<926> t<Ansi_port_declaration> p<927> c<924> l<112:42> el<112:45>
              n<> u<924> t<Net_port_header> p<926> c<923> s<925> l<112:42> el<112:42>
                n<> u<923> t<Net_port_type> p<924> c<922> l<112:42> el<112:42>
                  n<> u<922> t<Data_type_or_implicit> p<923> l<112:42> el<112:42>
              n<sig> u<925> t<SIMPLE_IDENTIFIER> p<926> l<112:42> el<112:45>
        n<> u<942> t<Non_port_module_item> p<996> c<941> s<994> l<113:3> el<113:46>
          n<> u<941> t<Module_or_generate_item> p<942> c<940> l<113:3> el<113:46>
            n<> u<940> t<Module_common_item> p<941> c<939> l<113:3> el<113:46>
              n<> u<939> t<Module_or_generate_item_declaration> p<940> c<938> l<113:3> el<113:46>
                n<> u<938> t<Clocking_declaration> p<939> c<936> l<113:3> el<113:46>
                  n<> u<936> t<GLOBAL> p<938> s<935> l<113:3> el<113:9>
                  n<> u<935> t<Clocking_event> p<938> c<934> s<937> l<113:19> el<113:33>
                    n<> u<934> t<Event_expression> p<935> c<929> l<113:21> el<113:32>
                      n<> u<929> t<POSEDGE> p<934> s<933> l<113:21> el<113:28>
                      n<> u<933> t<Expression> p<934> c<932> l<113:29> el<113:32>
                        n<> u<932> t<Primary> p<933> c<931> l<113:29> el<113:32>
                          n<> u<931> t<Primary_literal> p<932> c<930> l<113:29> el<113:32>
                            n<clk> u<930> t<SIMPLE_IDENTIFIER> p<931> l<113:29> el<113:32>
                  n<> u<937> t<ENDCLOCKING> p<938> l<113:35> el<113:46>
        n<> u<994> t<Non_port_module_item> p<996> c<993> s<995> l<114:3> el<115:42>
          n<> u<993> t<Module_or_generate_item> p<994> c<992> l<114:3> el<115:42>
            n<> u<992> t<Module_common_item> p<993> c<991> l<114:3> el<115:42>
              n<> u<991> t<Assertion_item> p<992> c<990> l<114:3> el<115:42>
                n<> u<990> t<Concurrent_assertion_item> p<991> c<943> l<114:3> el<115:42>
                  n<r512_a1> u<943> t<SIMPLE_IDENTIFIER> p<990> s<989> l<114:3> el<114:10>
                  n<> u<989> t<Concurrent_assertion_statement> p<990> c<988> l<114:12> el<115:42>
                    n<> u<988> t<Assert_property_statement> p<989> c<958> l<114:12> el<115:42>
                      n<> u<958> t<Property_spec> p<988> c<950> s<987> l<114:29> el<114:45>
                        n<> u<950> t<Clocking_event> p<958> c<949> s<957> l<114:29> el<114:43>
                          n<> u<949> t<Event_expression> p<950> c<944> l<114:31> el<114:42>
                            n<> u<944> t<POSEDGE> p<949> s<948> l<114:31> el<114:38>
                            n<> u<948> t<Expression> p<949> c<947> l<114:39> el<114:42>
                              n<> u<947> t<Primary> p<948> c<946> l<114:39> el<114:42>
                                n<> u<946> t<Primary_literal> p<947> c<945> l<114:39> el<114:42>
                                  n<clk> u<945> t<SIMPLE_IDENTIFIER> p<946> l<114:39> el<114:42>
                        n<> u<957> t<Property_expr> p<958> c<956> l<114:44> el<114:45>
                          n<> u<956> t<Sequence_expr> p<957> c<955> l<114:44> el<114:45>
                            n<> u<955> t<Expression_or_dist> p<956> c<954> l<114:44> el<114:45>
                              n<> u<954> t<Expression> p<955> c<953> l<114:44> el<114:45>
                                n<> u<953> t<Primary> p<954> c<952> l<114:44> el<114:45>
                                  n<> u<952> t<Primary_literal> p<953> c<951> l<114:44> el<114:45>
                                    n<a> u<951> t<SIMPLE_IDENTIFIER> p<952> l<114:44> el<114:45>
                      n<> u<987> t<Action_block> p<988> c<986> l<115:5> el<115:42>
                        n<> u<986> t<ELSE> p<987> s<985> l<115:5> el<115:9>
                        n<> u<985> t<Statement_or_null> p<987> c<984> l<115:10> el<115:42>
                          n<> u<984> t<Statement> p<985> c<983> l<115:10> el<115:42>
                            n<> u<983> t<Statement_item> p<984> c<982> l<115:10> el<115:42>
                              n<> u<982> t<Subroutine_call_statement> p<983> c<981> l<115:10> el<115:42>
                                n<> u<981> t<Subroutine_call> p<982> c<959> l<115:10> el<115:41>
                                  n<$> u<959> t<DOLLAR> p<981> s<960> l<115:10> el<115:11>
                                  n<error> u<960> t<SIMPLE_IDENTIFIER> p<981> s<979> l<115:11> el<115:16>
                                  n<> u<979> t<OPEN_PARENS> p<981> s<978> l<115:16> el<115:17>
                                  n<> u<978> t<Argument_list> p<981> c<964> s<980> l<115:17> el<115:40>
                                    n<> u<964> t<Expression> p<978> c<963> s<977> l<115:17> el<115:21>
                                      n<> u<963> t<Primary> p<964> c<962> l<115:17> el<115:21>
                                        n<> u<962> t<Primary_literal> p<963> c<961> l<115:17> el<115:21>
                                          n<"%b"> u<961> t<QUOTED_STRING> p<962> l<115:17> el<115:21>
                                    n<> u<977> t<Argument> p<978> c<976> l<115:23> el<115:40>
                                      n<> u<976> t<Expression> p<977> c<975> l<115:23> el<115:40>
                                        n<> u<975> t<Primary> p<976> c<974> l<115:23> el<115:40>
                                          n<> u<974> t<Subroutine_call> p<975> c<965> l<115:23> el<115:40>
                                            n<$> u<965> t<DOLLAR> p<974> s<966> l<115:23> el<115:24>
                                            n<future_gclk> u<966> t<SIMPLE_IDENTIFIER> p<974> s<972> l<115:24> el<115:35>
                                            n<> u<972> t<OPEN_PARENS> p<974> s<971> l<115:35> el<115:36>
                                            n<> u<971> t<Argument_list> p<974> c<970> s<973> l<115:36> el<115:39>
                                              n<> u<970> t<Expression> p<971> c<969> l<115:36> el<115:39>
                                                n<> u<969> t<Primary> p<970> c<968> l<115:36> el<115:39>
                                                  n<> u<968> t<Primary_literal> p<969> c<967> l<115:36> el<115:39>
                                                    n<sig> u<967> t<SIMPLE_IDENTIFIER> p<968> l<115:36> el<115:39>
                                            n<> u<973> t<CLOSE_PARENS> p<974> l<115:39> el<115:40>
                                  n<> u<980> t<CLOSE_PARENS> p<981> l<115:40> el<115:41>
        n<> u<995> t<ENDMODULE> p<996> l<116:1> el<116:10>
    n<// catalog row 513 | 16.9.4 | COMP> u<998> t<LINE_COMMENT> p<1604> s<999> l<118:1> el<118:35>
    n<// The global clocking future sampled value functions shall not be nested.> u<999> t<LINE_COMMENT> p<1604> s<1088> l<119:1> el<119:75>
    n<> u<1088> t<Description> p<1604> c<1087> s<1089> l<120:1> el<123:10>
      n<> u<1087> t<Module_declaration> p<1088> c<1024> l<120:1> el<123:10>
        n<> u<1024> t<Module_ansi_header> p<1087> c<1000> s<1038> l<120:1> el<120:45>
          n<module> u<1000> t<MODULE> p<1024> s<1001> l<120:1> el<120:7>
          n<r513_m> u<1001> t<SIMPLE_IDENTIFIER> p<1024> s<1002> l<120:8> el<120:14>
          n<> u<1002> t<Package_import_declaration_list> p<1024> s<1023> l<120:15> el<120:15>
          n<> u<1023> t<Port_declaration_list> p<1024> c<1010> l<120:15> el<120:44>
            n<> u<1010> t<Ansi_port_declaration> p<1023> c<1008> s<1017> l<120:16> el<120:31>
              n<> u<1008> t<Net_port_header> p<1010> c<1003> s<1009> l<120:16> el<120:27>
                n<> u<1003> t<INPUT> p<1008> s<1007> l<120:16> el<120:21>
                n<> u<1007> t<Net_port_type> p<1008> c<1006> l<120:22> el<120:27>
                  n<> u<1006> t<Data_type_or_implicit> p<1007> c<1005> l<120:22> el<120:27>
                    n<> u<1005> t<Data_type> p<1006> c<1004> l<120:22> el<120:27>
                      n<> u<1004> t<LOGIC> p<1005> l<120:22> el<120:27>
              n<clk> u<1009> t<SIMPLE_IDENTIFIER> p<1010> l<120:28> el<120:31>
            n<> u<1017> t<Ansi_port_declaration> p<1023> c<1015> s<1022> l<120:33> el<120:40>
              n<> u<1015> t<Net_port_header> p<1017> c<1014> s<1016> l<120:33> el<120:38>
                n<> u<1014> t<Net_port_type> p<1015> c<1013> l<120:33> el<120:38>
                  n<> u<1013> t<Data_type_or_implicit> p<1014> c<1012> l<120:33> el<120:38>
                    n<> u<1012> t<Data_type> p<1013> c<1011> l<120:33> el<120:38>
                      n<> u<1011> t<LOGIC> p<1012> l<120:33> el<120:38>
              n<a> u<1016> t<SIMPLE_IDENTIFIER> p<1017> l<120:39> el<120:40>
            n<> u<1022> t<Ansi_port_declaration> p<1023> c<1020> l<120:42> el<120:43>
              n<> u<1020> t<Net_port_header> p<1022> c<1019> s<1021> l<120:42> el<120:42>
                n<> u<1019> t<Net_port_type> p<1020> c<1018> l<120:42> el<120:42>
                  n<> u<1018> t<Data_type_or_implicit> p<1019> l<120:42> el<120:42>
              n<b> u<1021> t<SIMPLE_IDENTIFIER> p<1022> l<120:42> el<120:43>
        n<> u<1038> t<Non_port_module_item> p<1087> c<1037> s<1085> l<121:3> el<121:46>
          n<> u<1037> t<Module_or_generate_item> p<1038> c<1036> l<121:3> el<121:46>
            n<> u<1036> t<Module_common_item> p<1037> c<1035> l<121:3> el<121:46>
              n<> u<1035> t<Module_or_generate_item_declaration> p<1036> c<1034> l<121:3> el<121:46>
                n<> u<1034> t<Clocking_declaration> p<1035> c<1032> l<121:3> el<121:46>
                  n<> u<1032> t<GLOBAL> p<1034> s<1031> l<121:3> el<121:9>
                  n<> u<1031> t<Clocking_event> p<1034> c<1030> s<1033> l<121:19> el<121:33>
                    n<> u<1030> t<Event_expression> p<1031> c<1025> l<121:21> el<121:32>
                      n<> u<1025> t<POSEDGE> p<1030> s<1029> l<121:21> el<121:28>
                      n<> u<1029> t<Expression> p<1030> c<1028> l<121:29> el<121:32>
                        n<> u<1028> t<Primary> p<1029> c<1027> l<121:29> el<121:32>
                          n<> u<1027> t<Primary_literal> p<1028> c<1026> l<121:29> el<121:32>
                            n<clk> u<1026> t<SIMPLE_IDENTIFIER> p<1027> l<121:29> el<121:32>
                  n<> u<1033> t<ENDCLOCKING> p<1034> l<121:35> el<121:46>
        n<> u<1085> t<Non_port_module_item> p<1087> c<1084> s<1086> l<122:3> el<122:80>
          n<> u<1084> t<Module_or_generate_item> p<1085> c<1083> l<122:3> el<122:80>
            n<> u<1083> t<Module_common_item> p<1084> c<1082> l<122:3> el<122:80>
              n<> u<1082> t<Assertion_item> p<1083> c<1081> l<122:3> el<122:80>
                n<> u<1081> t<Concurrent_assertion_item> p<1082> c<1039> l<122:3> el<122:80>
                  n<r513_a1> u<1039> t<SIMPLE_IDENTIFIER> p<1081> s<1080> l<122:3> el<122:10>
                  n<> u<1080> t<Concurrent_assertion_statement> p<1081> c<1079> l<122:12> el<122:80>
                    n<> u<1079> t<Assert_property_statement> p<1080> c<1076> l<122:12> el<122:80>
                      n<> u<1076> t<Property_spec> p<1079> c<1046> s<1078> l<122:29> el<122:78>
                        n<> u<1046> t<Clocking_event> p<1076> c<1045> s<1075> l<122:29> el<122:43>
                          n<> u<1045> t<Event_expression> p<1046> c<1040> l<122:31> el<122:42>
                            n<> u<1040> t<POSEDGE> p<1045> s<1044> l<122:31> el<122:38>
                            n<> u<1044> t<Expression> p<1045> c<1043> l<122:39> el<122:42>
                              n<> u<1043> t<Primary> p<1044> c<1042> l<122:39> el<122:42>
                                n<> u<1042> t<Primary_literal> p<1043> c<1041> l<122:39> el<122:42>
                                  n<clk> u<1041> t<SIMPLE_IDENTIFIER> p<1042> l<122:39> el<122:42>
                        n<> u<1075> t<Property_expr> p<1076> c<1074> l<122:44> el<122:78>
                          n<> u<1074> t<Sequence_expr> p<1075> c<1073> l<122:44> el<122:78>
                            n<> u<1073> t<Expression_or_dist> p<1074> c<1072> l<122:44> el<122:78>
                              n<> u<1072> t<Expression> p<1073> c<1071> l<122:44> el<122:78>
                                n<> u<1071> t<Primary> p<1072> c<1070> l<122:44> el<122:78>
                                  n<> u<1070> t<Subroutine_call> p<1071> c<1047> l<122:44> el<122:78>
                                    n<$> u<1047> t<DOLLAR> p<1070> s<1048> l<122:44> el<122:45>
                                    n<future_gclk> u<1048> t<SIMPLE_IDENTIFIER> p<1070> s<1068> l<122:45> el<122:56>
                                    n<> u<1068> t<OPEN_PARENS> p<1070> s<1067> l<122:56> el<122:57>
                                    n<> u<1067> t<Argument_list> p<1070> c<1066> s<1069> l<122:57> el<122:77>
                                      n<> u<1066> t<Expression> p<1067> c<1052> l<122:57> el<122:77>
                                        n<> u<1052> t<Expression> p<1066> c<1051> s<1065> l<122:57> el<122:58>
                                          n<> u<1051> t<Primary> p<1052> c<1050> l<122:57> el<122:58>
                                            n<> u<1050> t<Primary_literal> p<1051> c<1049> l<122:57> el<122:58>
                                              n<a> u<1049> t<SIMPLE_IDENTIFIER> p<1050> l<122:57> el<122:58>
                                        n<> u<1065> t<LOGICAL_OR> p<1066> s<1064> l<122:59> el<122:61>
                                        n<> u<1064> t<Expression> p<1066> c<1063> l<122:62> el<122:77>
                                          n<> u<1063> t<Primary> p<1064> c<1062> l<122:62> el<122:77>
                                            n<> u<1062> t<Subroutine_call> p<1063> c<1053> l<122:62> el<122:77>
                                              n<$> u<1053> t<DOLLAR> p<1062> s<1054> l<122:62> el<122:63>
                                              n<rising_gclk> u<1054> t<SIMPLE_IDENTIFIER> p<1062> s<1060> l<122:63> el<122:74>
                                              n<> u<1060> t<OPEN_PARENS> p<1062> s<1059> l<122:74> el<122:75>
                                              n<> u<1059> t<Argument_list> p<1062> c<1058> s<1061> l<122:75> el<122:76>
                                                n<> u<1058> t<Expression> p<1059> c<1057> l<122:75> el<122:76>
                                                  n<> u<1057> t<Primary> p<1058> c<1056> l<122:75> el<122:76>
                                                    n<> u<1056> t<Primary_literal> p<1057> c<1055> l<122:75> el<122:76>
                                                      n<b> u<1055> t<SIMPLE_IDENTIFIER> p<1056> l<122:75> el<122:76>
                                              n<> u<1061> t<CLOSE_PARENS> p<1062> l<122:76> el<122:77>
                                    n<> u<1069> t<CLOSE_PARENS> p<1070> l<122:77> el<122:78>
                      n<> u<1078> t<Action_block> p<1079> c<1077> l<122:79> el<122:80>
                        n<> u<1077> t<Statement_or_null> p<1078> l<122:79> el<122:80>
        n<> u<1086> t<ENDMODULE> p<1087> l<123:1> el<123:10>
    n<// catalog row 514 | 16.9.4 | LINT> u<1089> t<LINE_COMMENT> p<1604> s<1090> l<125:1> el<125:35>
    n<// The global clocking future sampled value functions shall not be used in> u<1090> t<LINE_COMMENT> p<1604> s<1091> l<126:1> el<126:75>
    n<// assertions containing sequence match items.> u<1091> t<LINE_COMMENT> p<1604> s<1232> l<127:1> el<127:47>
    n<> u<1232> t<Description> p<1604> c<1231> s<1233> l<128:1> el<135:10>
      n<> u<1231> t<Module_declaration> p<1232> c<1121> l<128:1> el<135:10>
        n<> u<1121> t<Module_ansi_header> p<1231> c<1092> s<1135> l<128:1> el<128:48>
          n<module> u<1092> t<MODULE> p<1121> s<1093> l<128:1> el<128:7>
          n<r514_m> u<1093> t<SIMPLE_IDENTIFIER> p<1121> s<1094> l<128:8> el<128:14>
          n<> u<1094> t<Package_import_declaration_list> p<1121> s<1120> l<128:15> el<128:15>
          n<> u<1120> t<Port_declaration_list> p<1121> c<1102> l<128:15> el<128:47>
            n<> u<1102> t<Ansi_port_declaration> p<1120> c<1100> s<1109> l<128:16> el<128:31>
              n<> u<1100> t<Net_port_header> p<1102> c<1095> s<1101> l<128:16> el<128:27>
                n<> u<1095> t<INPUT> p<1100> s<1099> l<128:16> el<128:21>
                n<> u<1099> t<Net_port_type> p<1100> c<1098> l<128:22> el<128:27>
                  n<> u<1098> t<Data_type_or_implicit> p<1099> c<1097> l<128:22> el<128:27>
                    n<> u<1097> t<Data_type> p<1098> c<1096> l<128:22> el<128:27>
                      n<> u<1096> t<LOGIC> p<1097> l<128:22> el<128:27>
              n<clk> u<1101> t<SIMPLE_IDENTIFIER> p<1102> l<128:28> el<128:31>
            n<> u<1109> t<Ansi_port_declaration> p<1120> c<1107> s<1114> l<128:33> el<128:40>
              n<> u<1107> t<Net_port_header> p<1109> c<1106> s<1108> l<128:33> el<128:38>
                n<> u<1106> t<Net_port_type> p<1107> c<1105> l<128:33> el<128:38>
                  n<> u<1105> t<Data_type_or_implicit> p<1106> c<1104> l<128:33> el<128:38>
                    n<> u<1104> t<Data_type> p<1105> c<1103> l<128:33> el<128:38>
                      n<> u<1103> t<LOGIC> p<1104> l<128:33> el<128:38>
              n<a> u<1108> t<SIMPLE_IDENTIFIER> p<1109> l<128:39> el<128:40>
            n<> u<1114> t<Ansi_port_declaration> p<1120> c<1112> s<1119> l<128:42> el<128:43>
              n<> u<1112> t<Net_port_header> p<1114> c<1111> s<1113> l<128:42> el<128:42>
                n<> u<1111> t<Net_port_type> p<1112> c<1110> l<128:42> el<128:42>
                  n<> u<1110> t<Data_type_or_implicit> p<1111> l<128:42> el<128:42>
              n<b> u<1113> t<SIMPLE_IDENTIFIER> p<1114> l<128:42> el<128:43>
            n<> u<1119> t<Ansi_port_declaration> p<1120> c<1117> l<128:45> el<128:46>
              n<> u<1117> t<Net_port_header> p<1119> c<1116> s<1118> l<128:45> el<128:45>
                n<> u<1116> t<Net_port_type> p<1117> c<1115> l<128:45> el<128:45>
                  n<> u<1115> t<Data_type_or_implicit> p<1116> l<128:45> el<128:45>
              n<c> u<1118> t<SIMPLE_IDENTIFIER> p<1119> l<128:45> el<128:46>
        n<> u<1135> t<Non_port_module_item> p<1231> c<1134> s<1189> l<129:3> el<129:46>
          n<> u<1134> t<Module_or_generate_item> p<1135> c<1133> l<129:3> el<129:46>
            n<> u<1133> t<Module_common_item> p<1134> c<1132> l<129:3> el<129:46>
              n<> u<1132> t<Module_or_generate_item_declaration> p<1133> c<1131> l<129:3> el<129:46>
                n<> u<1131> t<Clocking_declaration> p<1132> c<1129> l<129:3> el<129:46>
                  n<> u<1129> t<GLOBAL> p<1131> s<1128> l<129:3> el<129:9>
                  n<> u<1128> t<Clocking_event> p<1131> c<1127> s<1130> l<129:19> el<129:33>
                    n<> u<1127> t<Event_expression> p<1128> c<1122> l<129:21> el<129:32>
                      n<> u<1122> t<POSEDGE> p<1127> s<1126> l<129:21> el<129:28>
                      n<> u<1126> t<Expression> p<1127> c<1125> l<129:29> el<129:32>
                        n<> u<1125> t<Primary> p<1126> c<1124> l<129:29> el<129:32>
                          n<> u<1124> t<Primary_literal> p<1125> c<1123> l<129:29> el<129:32>
                            n<clk> u<1123> t<SIMPLE_IDENTIFIER> p<1124> l<129:29> el<129:32>
                  n<> u<1130> t<ENDCLOCKING> p<1131> l<129:35> el<129:46>
        n<> u<1189> t<Non_port_module_item> p<1231> c<1188> s<1229> l<130:3> el<133:14>
          n<> u<1188> t<Module_or_generate_item> p<1189> c<1187> l<130:3> el<133:14>
            n<> u<1187> t<Module_common_item> p<1188> c<1186> l<130:3> el<133:14>
              n<> u<1186> t<Module_or_generate_item_declaration> p<1187> c<1185> l<130:3> el<133:14>
                n<> u<1185> t<Package_or_generate_item_declaration> p<1186> c<1184> l<130:3> el<133:14>
                  n<> u<1184> t<Assertion_item_declaration> p<1185> c<1183> l<130:3> el<133:14>
                    n<> u<1183> t<Sequence_declaration> p<1184> c<1136> l<130:3> el<133:14>
                      n<r514_s> u<1136> t<SIMPLE_IDENTIFIER> p<1183> s<1141> l<130:12> el<130:18>
                      n<> u<1141> t<Assertion_variable_declaration> p<1183> c<1138> s<1181> l<131:5> el<131:11>
                        n<> u<1138> t<Data_type> p<1141> c<1137> s<1140> l<131:5> el<131:8>
                          n<> u<1137> t<BIT> p<1138> l<131:5> el<131:8>
                        n<> u<1140> t<Variable_identifier_list> p<1141> c<1139> l<131:9> el<131:10>
                          n<v> u<1139> t<SIMPLE_IDENTIFIER> p<1140> l<131:9> el<131:10>
                      n<> u<1181> t<Sequence_expr> p<1183> c<1158> s<1182> l<132:5> el<132:33>
                        n<> u<1158> t<Sequence_expr> p<1181> c<1146> s<1160> l<132:5> el<132:15>
                          n<> u<1146> t<Expression_or_dist> p<1158> c<1145> s<1157> l<132:6> el<132:7>
                            n<> u<1145> t<Expression> p<1146> c<1144> l<132:6> el<132:7>
                              n<> u<1144> t<Primary> p<1145> c<1143> l<132:6> el<132:7>
                                n<> u<1143> t<Primary_literal> p<1144> c<1142> l<132:6> el<132:7>
                                  n<a> u<1142> t<SIMPLE_IDENTIFIER> p<1143> l<132:6> el<132:7>
                          n<> u<1157> t<Sequence_match_item> p<1158> c<1156> l<132:9> el<132:14>
                            n<> u<1156> t<Variable_assignment> p<1157> c<1151> l<132:9> el<132:14>
                              n<> u<1151> t<Variable_lvalue> p<1156> c<1148> s<1155> l<132:9> el<132:10>
                                n<> u<1148> t<Ps_or_hierarchical_identifier> p<1151> c<1147> s<1150> l<132:9> el<132:10>
                                  n<v> u<1147> t<SIMPLE_IDENTIFIER> p<1148> l<132:9> el<132:10>
                                n<> u<1150> t<Select> p<1151> c<1149> l<132:11> el<132:11>
                                  n<> u<1149> t<Bit_select> p<1150> l<132:11> el<132:11>
                              n<> u<1155> t<Expression> p<1156> c<1154> l<132:13> el<132:14>
                                n<> u<1154> t<Primary> p<1155> c<1153> l<132:13> el<132:14>
                                  n<> u<1153> t<Primary_literal> p<1154> c<1152> l<132:13> el<132:14>
                                    n<a> u<1152> t<SIMPLE_IDENTIFIER> p<1153> l<132:13> el<132:14>
                        n<> u<1160> t<Cycle_delay_range> p<1181> c<1159> s<1180> l<132:16> el<132:19>
                          n<##1> u<1159> t<POUND_POUND_DELAY> p<1160> l<132:16> el<132:19>
                        n<> u<1180> t<Sequence_expr> p<1181> c<1172> l<132:20> el<132:33>
                          n<> u<1172> t<Expression_or_dist> p<1180> c<1171> s<1179> l<132:20> el<132:28>
                            n<> u<1171> t<Expression> p<1172> c<1170> l<132:20> el<132:28>
                              n<> u<1170> t<Expression> p<1171> c<1164> l<132:21> el<132:27>
                                n<> u<1164> t<Expression> p<1170> c<1163> s<1169> l<132:21> el<132:22>
                                  n<> u<1163> t<Primary> p<1164> c<1162> l<132:21> el<132:22>
                                    n<> u<1162> t<Primary_literal> p<1163> c<1161> l<132:21> el<132:22>
                                      n<b> u<1161> t<SIMPLE_IDENTIFIER> p<1162> l<132:21> el<132:22>
                                n<> u<1169> t<EQUIV> p<1170> s<1168> l<132:23> el<132:25>
                                n<> u<1168> t<Expression> p<1170> c<1167> l<132:26> el<132:27>
                                  n<> u<1167> t<Primary> p<1168> c<1166> l<132:26> el<132:27>
                                    n<> u<1166> t<Primary_literal> p<1167> c<1165> l<132:26> el<132:27>
                                      n<v> u<1165> t<SIMPLE_IDENTIFIER> p<1166> l<132:26> el<132:27>
                          n<> u<1179> t<Boolean_abbrev> p<1180> c<1178> l<132:28> el<132:33>
                            n<> u<1178> t<Goto_repetition> p<1179> c<1177> l<132:28> el<132:33>
                              n<> u<1177> t<Const_or_range_expression> p<1178> c<1176> l<132:31> el<132:32>
                                n<> u<1176> t<Constant_expression> p<1177> c<1175> l<132:31> el<132:32>
                                  n<> u<1175> t<Constant_primary> p<1176> c<1174> l<132:31> el<132:32>
                                    n<> u<1174> t<Primary_literal> p<1175> c<1173> l<132:31> el<132:32>
                                      n<1> u<1173> t<INTEGRAL_NUMBER> p<1174> l<132:31> el<132:32>
                      n<> u<1182> t<ENDSEQUENCE> p<1183> l<133:3> el<133:14>
        n<> u<1229> t<Non_port_module_item> p<1231> c<1228> s<1230> l<134:3> el<134:72>
          n<> u<1228> t<Module_or_generate_item> p<1229> c<1227> l<134:3> el<134:72>
            n<> u<1227> t<Module_common_item> p<1228> c<1226> l<134:3> el<134:72>
              n<> u<1226> t<Assertion_item> p<1227> c<1225> l<134:3> el<134:72>
                n<> u<1225> t<Concurrent_assertion_item> p<1226> c<1190> l<134:3> el<134:72>
                  n<r514_a1> u<1190> t<SIMPLE_IDENTIFIER> p<1225> s<1224> l<134:3> el<134:10>
                  n<> u<1224> t<Concurrent_assertion_statement> p<1225> c<1223> l<134:12> el<134:72>
                    n<> u<1223> t<Assert_property_statement> p<1224> c<1220> l<134:12> el<134:72>
                      n<> u<1220> t<Property_spec> p<1223> c<1197> s<1222> l<134:29> el<134:70>
                        n<> u<1197> t<Clocking_event> p<1220> c<1196> s<1219> l<134:29> el<134:43>
                          n<> u<1196> t<Event_expression> p<1197> c<1191> l<134:31> el<134:42>
                            n<> u<1191> t<POSEDGE> p<1196> s<1195> l<134:31> el<134:38>
                            n<> u<1195> t<Expression> p<1196> c<1194> l<134:39> el<134:42>
                              n<> u<1194> t<Primary> p<1195> c<1193> l<134:39> el<134:42>
                                n<> u<1193> t<Primary_literal> p<1194> c<1192> l<134:39> el<134:42>
                                  n<clk> u<1192> t<SIMPLE_IDENTIFIER> p<1193> l<134:39> el<134:42>
                        n<> u<1219> t<Property_expr> p<1220> c<1202> l<134:44> el<134:70>
                          n<> u<1202> t<Sequence_expr> p<1219> c<1201> s<1218> l<134:44> el<134:50>
                            n<> u<1201> t<Sequence_instance> p<1202> c<1200> l<134:44> el<134:50>
                              n<> u<1200> t<Ps_or_hierarchical_sequence_identifier> p<1201> c<1199> l<134:44> el<134:50>
                                n<> u<1199> t<Ps_or_hierarchical_array_identifier> p<1200> c<1198> l<134:44> el<134:50>
                                  n<r514_s> u<1198> t<SIMPLE_IDENTIFIER> p<1199> l<134:44> el<134:50>
                          n<> u<1218> t<NON_OVERLAP_IMPLY> p<1219> s<1217> l<134:51> el<134:54>
                          n<> u<1217> t<Property_expr> p<1219> c<1216> l<134:55> el<134:70>
                            n<> u<1216> t<Sequence_expr> p<1217> c<1215> l<134:55> el<134:70>
                              n<> u<1215> t<Expression_or_dist> p<1216> c<1214> l<134:55> el<134:70>
                                n<> u<1214> t<Expression> p<1215> c<1213> l<134:55> el<134:70>
                                  n<> u<1213> t<Primary> p<1214> c<1212> l<134:55> el<134:70>
                                    n<> u<1212> t<Subroutine_call> p<1213> c<1203> l<134:55> el<134:70>
                                      n<$> u<1203> t<DOLLAR> p<1212> s<1204> l<134:55> el<134:56>
                                      n<future_gclk> u<1204> t<SIMPLE_IDENTIFIER> p<1212> s<1210> l<134:56> el<134:67>
                                      n<> u<1210> t<OPEN_PARENS> p<1212> s<1209> l<134:67> el<134:68>
                                      n<> u<1209> t<Argument_list> p<1212> c<1208> s<1211> l<134:68> el<134:69>
                                        n<> u<1208> t<Expression> p<1209> c<1207> l<134:68> el<134:69>
                                          n<> u<1207> t<Primary> p<1208> c<1206> l<134:68> el<134:69>
                                            n<> u<1206> t<Primary_literal> p<1207> c<1205> l<134:68> el<134:69>
                                              n<c> u<1205> t<SIMPLE_IDENTIFIER> p<1206> l<134:68> el<134:69>
                                      n<> u<1211> t<CLOSE_PARENS> p<1212> l<134:69> el<134:70>
                      n<> u<1222> t<Action_block> p<1223> c<1221> l<134:71> el<134:72>
                        n<> u<1221> t<Statement_or_null> p<1222> l<134:71> el<134:72>
        n<> u<1230> t<ENDMODULE> p<1231> l<135:1> el<135:10>
    n<// catalog row 515 | 16.10 | COMP> u<1233> t<LINE_COMMENT> p<1604> s<1234> l<137:1> el<137:34>
    n<// The data type of an assertion variable declaration shall be specified> u<1234> t<LINE_COMMENT> p<1604> s<1235> l<138:1> el<138:73>
    n<// explicitly and shall be one of the types allowed within assertions as> u<1235> t<LINE_COMMENT> p<1604> s<1236> l<139:1> el<139:73>
    n<// defined in 16.6.> u<1236> t<LINE_COMMENT> p<1604> s<1317> l<140:1> el<140:20>
    n<> u<1317> t<Description> p<1604> c<1316> s<1318> l<141:1> el<147:10>
      n<> u<1316> t<Module_declaration> p<1317> c<1261> l<141:1> el<147:10>
        n<> u<1261> t<Module_ansi_header> p<1316> c<1237> s<1290> l<141:1> el<141:45>
          n<module> u<1237> t<MODULE> p<1261> s<1238> l<141:1> el<141:7>
          n<r515_m> u<1238> t<SIMPLE_IDENTIFIER> p<1261> s<1239> l<141:8> el<141:14>
          n<> u<1239> t<Package_import_declaration_list> p<1261> s<1260> l<141:15> el<141:15>
          n<> u<1260> t<Port_declaration_list> p<1261> c<1247> l<141:15> el<141:44>
            n<> u<1247> t<Ansi_port_declaration> p<1260> c<1245> s<1254> l<141:16> el<141:31>
              n<> u<1245> t<Net_port_header> p<1247> c<1240> s<1246> l<141:16> el<141:27>
                n<> u<1240> t<INPUT> p<1245> s<1244> l<141:16> el<141:21>
                n<> u<1244> t<Net_port_type> p<1245> c<1243> l<141:22> el<141:27>
                  n<> u<1243> t<Data_type_or_implicit> p<1244> c<1242> l<141:22> el<141:27>
                    n<> u<1242> t<Data_type> p<1243> c<1241> l<141:22> el<141:27>
                      n<> u<1241> t<LOGIC> p<1242> l<141:22> el<141:27>
              n<clk> u<1246> t<SIMPLE_IDENTIFIER> p<1247> l<141:28> el<141:31>
            n<> u<1254> t<Ansi_port_declaration> p<1260> c<1252> s<1259> l<141:33> el<141:40>
              n<> u<1252> t<Net_port_header> p<1254> c<1251> s<1253> l<141:33> el<141:38>
                n<> u<1251> t<Net_port_type> p<1252> c<1250> l<141:33> el<141:38>
                  n<> u<1250> t<Data_type_or_implicit> p<1251> c<1249> l<141:33> el<141:38>
                    n<> u<1249> t<Data_type> p<1250> c<1248> l<141:33> el<141:38>
                      n<> u<1248> t<LOGIC> p<1249> l<141:33> el<141:38>
              n<a> u<1253> t<SIMPLE_IDENTIFIER> p<1254> l<141:39> el<141:40>
            n<> u<1259> t<Ansi_port_declaration> p<1260> c<1257> l<141:42> el<141:43>
              n<> u<1257> t<Net_port_header> p<1259> c<1256> s<1258> l<141:42> el<141:42>
                n<> u<1256> t<Net_port_type> p<1257> c<1255> l<141:42> el<141:42>
                  n<> u<1255> t<Data_type_or_implicit> p<1256> l<141:42> el<141:42>
              n<b> u<1258> t<SIMPLE_IDENTIFIER> p<1259> l<141:42> el<141:43>
        n<> u<1290> t<Non_port_module_item> p<1316> c<1289> s<1314> l<142:3> el<145:14>
          n<> u<1289> t<Module_or_generate_item> p<1290> c<1288> l<142:3> el<145:14>
            n<> u<1288> t<Module_common_item> p<1289> c<1287> l<142:3> el<145:14>
              n<> u<1287> t<Module_or_generate_item_declaration> p<1288> c<1286> l<142:3> el<145:14>
                n<> u<1286> t<Package_or_generate_item_declaration> p<1287> c<1285> l<142:3> el<145:14>
                  n<> u<1285> t<Assertion_item_declaration> p<1286> c<1284> l<142:3> el<145:14>
                    n<> u<1284> t<Sequence_declaration> p<1285> c<1262> l<142:3> el<145:14>
                      n<r515_s> u<1262> t<SIMPLE_IDENTIFIER> p<1284> s<1267> l<142:12> el<142:18>
                      n<> u<1267> t<Assertion_variable_declaration> p<1284> c<1264> s<1282> l<143:5> el<143:15>
                        n<> u<1264> t<Data_type> p<1267> c<1263> s<1266> l<143:5> el<143:12>
                          n<> u<1263> t<CHANDLE> p<1264> l<143:5> el<143:12>
                        n<> u<1266> t<Variable_identifier_list> p<1267> c<1265> l<143:13> el<143:14>
                          n<h> u<1265> t<SIMPLE_IDENTIFIER> p<1266> l<143:13> el<143:14>
                      n<> u<1282> t<Sequence_expr> p<1284> c<1273> s<1283> l<144:5> el<144:12>
                        n<> u<1273> t<Sequence_expr> p<1282> c<1272> s<1275> l<144:5> el<144:6>
                          n<> u<1272> t<Expression_or_dist> p<1273> c<1271> l<144:5> el<144:6>
                            n<> u<1271> t<Expression> p<1272> c<1270> l<144:5> el<144:6>
                              n<> u<1270> t<Primary> p<1271> c<1269> l<144:5> el<144:6>
                                n<> u<1269> t<Primary_literal> p<1270> c<1268> l<144:5> el<144:6>
                                  n<a> u<1268> t<SIMPLE_IDENTIFIER> p<1269> l<144:5> el<144:6>
                        n<> u<1275> t<Cycle_delay_range> p<1282> c<1274> s<1281> l<144:7> el<144:10>
                          n<##1> u<1274> t<POUND_POUND_DELAY> p<1275> l<144:7> el<144:10>
                        n<> u<1281> t<Sequence_expr> p<1282> c<1280> l<144:11> el<144:12>
                          n<> u<1280> t<Expression_or_dist> p<1281> c<1279> l<144:11> el<144:12>
                            n<> u<1279> t<Expression> p<1280> c<1278> l<144:11> el<144:12>
                              n<> u<1278> t<Primary> p<1279> c<1277> l<144:11> el<144:12>
                                n<> u<1277> t<Primary_literal> p<1278> c<1276> l<144:11> el<144:12>
                                  n<b> u<1276> t<SIMPLE_IDENTIFIER> p<1277> l<144:11> el<144:12>
                      n<> u<1283> t<ENDSEQUENCE> p<1284> l<145:3> el<145:14>
        n<> u<1314> t<Non_port_module_item> p<1316> c<1313> s<1315> l<146:3> el<146:52>
          n<> u<1313> t<Module_or_generate_item> p<1314> c<1312> l<146:3> el<146:52>
            n<> u<1312> t<Module_common_item> p<1313> c<1311> l<146:3> el<146:52>
              n<> u<1311> t<Assertion_item> p<1312> c<1310> l<146:3> el<146:52>
                n<> u<1310> t<Concurrent_assertion_item> p<1311> c<1291> l<146:3> el<146:52>
                  n<r515_a1> u<1291> t<SIMPLE_IDENTIFIER> p<1310> s<1309> l<146:3> el<146:10>
                  n<> u<1309> t<Concurrent_assertion_statement> p<1310> c<1308> l<146:12> el<146:52>
                    n<> u<1308> t<Assert_property_statement> p<1309> c<1305> l<146:12> el<146:52>
                      n<> u<1305> t<Property_spec> p<1308> c<1298> s<1307> l<146:29> el<146:50>
                        n<> u<1298> t<Clocking_event> p<1305> c<1297> s<1304> l<146:29> el<146:43>
                          n<> u<1297> t<Event_expression> p<1298> c<1292> l<146:31> el<146:42>
                            n<> u<1292> t<POSEDGE> p<1297> s<1296> l<146:31> el<146:38>
                            n<> u<1296> t<Expression> p<1297> c<1295> l<146:39> el<146:42>
                              n<> u<1295> t<Primary> p<1296> c<1294> l<146:39> el<146:42>
                                n<> u<1294> t<Primary_literal> p<1295> c<1293> l<146:39> el<146:42>
                                  n<clk> u<1293> t<SIMPLE_IDENTIFIER> p<1294> l<146:39> el<146:42>
                        n<> u<1304> t<Property_expr> p<1305> c<1303> l<146:44> el<146:50>
                          n<> u<1303> t<Sequence_expr> p<1304> c<1302> l<146:44> el<146:50>
                            n<> u<1302> t<Sequence_instance> p<1303> c<1301> l<146:44> el<146:50>
                              n<> u<1301> t<Ps_or_hierarchical_sequence_identifier> p<1302> c<1300> l<146:44> el<146:50>
                                n<> u<1300> t<Ps_or_hierarchical_array_identifier> p<1301> c<1299> l<146:44> el<146:50>
                                  n<r515_s> u<1299> t<SIMPLE_IDENTIFIER> p<1300> l<146:44> el<146:50>
                      n<> u<1307> t<Action_block> p<1308> c<1306> l<146:51> el<146:52>
                        n<> u<1306> t<Statement_or_null> p<1307> l<146:51> el<146:52>
        n<> u<1315> t<ENDMODULE> p<1316> l<147:1> el<147:10>
    n<// catalog row 554 | 16.13.6 | LINT> u<1318> t<LINE_COMMENT> p<1604> s<1319> l<149:1> el<149:36>
    n<// The matched method can only be used in sequence expressions.> u<1319> t<LINE_COMMENT> p<1604> s<1406> l<150:1> el<150:64>
    n<> u<1406> t<Description> p<1604> c<1405> s<1407> l<151:1> el<156:10>
      n<> u<1405> t<Module_declaration> p<1406> c<1349> l<151:1> el<156:10>
        n<> u<1349> t<Module_ansi_header> p<1405> c<1320> s<1381> l<151:1> el<151:53>
          n<module> u<1320> t<MODULE> p<1349> s<1321> l<151:1> el<151:7>
          n<r554_m> u<1321> t<SIMPLE_IDENTIFIER> p<1349> s<1322> l<151:8> el<151:14>
          n<> u<1322> t<Package_import_declaration_list> p<1349> s<1348> l<151:15> el<151:15>
          n<> u<1348> t<Port_declaration_list> p<1349> c<1330> l<151:15> el<151:52>
            n<> u<1330> t<Ansi_port_declaration> p<1348> c<1328> s<1335> l<151:16> el<151:31>
              n<> u<1328> t<Net_port_header> p<1330> c<1323> s<1329> l<151:16> el<151:27>
                n<> u<1323> t<INPUT> p<1328> s<1327> l<151:16> el<151:21>
                n<> u<1327> t<Net_port_type> p<1328> c<1326> l<151:22> el<151:27>
                  n<> u<1326> t<Data_type_or_implicit> p<1327> c<1325> l<151:22> el<151:27>
                    n<> u<1325> t<Data_type> p<1326> c<1324> l<151:22> el<151:27>
                      n<> u<1324> t<LOGIC> p<1325> l<151:22> el<151:27>
              n<clk> u<1329> t<SIMPLE_IDENTIFIER> p<1330> l<151:28> el<151:31>
            n<> u<1335> t<Ansi_port_declaration> p<1348> c<1333> s<1342> l<151:33> el<151:39>
              n<> u<1333> t<Net_port_header> p<1335> c<1332> s<1334> l<151:33> el<151:33>
                n<> u<1332> t<Net_port_type> p<1333> c<1331> l<151:33> el<151:33>
                  n<> u<1331> t<Data_type_or_implicit> p<1332> l<151:33> el<151:33>
              n<sysclk> u<1334> t<SIMPLE_IDENTIFIER> p<1335> l<151:33> el<151:39>
            n<> u<1342> t<Ansi_port_declaration> p<1348> c<1340> s<1347> l<151:41> el<151:48>
              n<> u<1340> t<Net_port_header> p<1342> c<1339> s<1341> l<151:41> el<151:46>
                n<> u<1339> t<Net_port_type> p<1340> c<1338> l<151:41> el<151:46>
                  n<> u<1338> t<Data_type_or_implicit> p<1339> c<1337> l<151:41> el<151:46>
                    n<> u<1337> t<Data_type> p<1338> c<1336> l<151:41> el<151:46>
                      n<> u<1336> t<LOGIC> p<1337> l<151:41> el<151:46>
              n<a> u<1341> t<SIMPLE_IDENTIFIER> p<1342> l<151:47> el<151:48>
            n<> u<1347> t<Ansi_port_declaration> p<1348> c<1345> l<151:50> el<151:51>
              n<> u<1345> t<Net_port_header> p<1347> c<1344> s<1346> l<151:50> el<151:50>
                n<> u<1344> t<Net_port_type> p<1345> c<1343> l<151:50> el<151:50>
                  n<> u<1343> t<Data_type_or_implicit> p<1344> l<151:50> el<151:50>
              n<b> u<1346> t<SIMPLE_IDENTIFIER> p<1347> l<151:50> el<151:51>
        n<> u<1381> t<Non_port_module_item> p<1405> c<1380> s<1403> l<152:3> el<152:56>
          n<> u<1380> t<Module_or_generate_item> p<1381> c<1379> l<152:3> el<152:56>
            n<> u<1379> t<Module_common_item> p<1380> c<1378> l<152:3> el<152:56>
              n<> u<1378> t<Module_or_generate_item_declaration> p<1379> c<1377> l<152:3> el<152:56>
                n<> u<1377> t<Package_or_generate_item_declaration> p<1378> c<1376> l<152:3> el<152:56>
                  n<> u<1376> t<Assertion_item_declaration> p<1377> c<1375> l<152:3> el<152:56>
                    n<> u<1375> t<Sequence_declaration> p<1376> c<1350> l<152:3> el<152:56>
                      n<r554_e1> u<1350> t<SIMPLE_IDENTIFIER> p<1375> s<1373> l<152:12> el<152:19>
                      n<> u<1373> t<Sequence_expr> p<1375> c<1357> s<1374> l<152:21> el<152:43>
                        n<> u<1357> t<Clocking_event> p<1373> c<1356> s<1372> l<152:21> el<152:35>
                          n<> u<1356> t<Event_expression> p<1357> c<1351> l<152:23> el<152:34>
                            n<> u<1351> t<POSEDGE> p<1356> s<1355> l<152:23> el<152:30>
                            n<> u<1355> t<Expression> p<1356> c<1354> l<152:31> el<152:34>
                              n<> u<1354> t<Primary> p<1355> c<1353> l<152:31> el<152:34>
                                n<> u<1353> t<Primary_literal> p<1354> c<1352> l<152:31> el<152:34>
                                  n<clk> u<1352> t<SIMPLE_IDENTIFIER> p<1353> l<152:31> el<152:34>
                        n<> u<1372> t<Sequence_expr> p<1373> c<1363> l<152:36> el<152:43>
                          n<> u<1363> t<Sequence_expr> p<1372> c<1362> s<1365> l<152:36> el<152:37>
                            n<> u<1362> t<Expression_or_dist> p<1363> c<1361> l<152:36> el<152:37>
                              n<> u<1361> t<Expression> p<1362> c<1360> l<152:36> el<152:37>
                                n<> u<1360> t<Primary> p<1361> c<1359> l<152:36> el<152:37>
                                  n<> u<1359> t<Primary_literal> p<1360> c<1358> l<152:36> el<152:37>
                                    n<a> u<1358> t<SIMPLE_IDENTIFIER> p<1359> l<152:36> el<152:37>
                          n<> u<1365> t<Cycle_delay_range> p<1372> c<1364> s<1371> l<152:38> el<152:41>
                            n<##1> u<1364> t<POUND_POUND_DELAY> p<1365> l<152:38> el<152:41>
                          n<> u<1371> t<Sequence_expr> p<1372> c<1370> l<152:42> el<152:43>
                            n<> u<1370> t<Expression_or_dist> p<1371> c<1369> l<152:42> el<152:43>
                              n<> u<1369> t<Expression> p<1370> c<1368> l<152:42> el<152:43>
                                n<> u<1368> t<Primary> p<1369> c<1367> l<152:42> el<152:43>
                                  n<> u<1367> t<Primary_literal> p<1368> c<1366> l<152:42> el<152:43>
                                    n<b> u<1366> t<SIMPLE_IDENTIFIER> p<1367> l<152:42> el<152:43>
                      n<> u<1374> t<ENDSEQUENCE> p<1375> l<152:45> el<152:56>
        n<> u<1403> t<Non_port_module_item> p<1405> c<1402> s<1404> l<153:3> el<155:6>
          n<> u<1402> t<Module_or_generate_item> p<1403> c<1401> l<153:3> el<155:6>
            n<> u<1401> t<Module_common_item> p<1402> c<1400> l<153:3> el<155:6>
              n<> u<1400> t<Initial_construct> p<1401> c<1399> l<153:3> el<155:6>
                n<> u<1399> t<Statement_or_null> p<1400> c<1398> l<153:11> el<155:6>
                  n<> u<1398> t<Statement> p<1399> c<1397> l<153:11> el<155:6>
                    n<> u<1397> t<Statement_item> p<1398> c<1396> l<153:11> el<155:6>
                      n<> u<1396> t<Seq_block> p<1397> c<1394> l<153:11> el<155:6>
                        n<> u<1394> t<Statement_or_null> p<1396> c<1393> s<1395> l<154:5> el<154:28>
                          n<> u<1393> t<Statement> p<1394> c<1392> l<154:5> el<154:28>
                            n<> u<1392> t<Statement_item> p<1393> c<1391> l<154:5> el<154:28>
                              n<> u<1391> t<Wait_statement> p<1392> c<1389> l<154:5> el<154:28>
                                n<> u<1389> t<Expression> p<1391> c<1388> s<1390> l<154:11> el<154:26>
                                  n<> u<1388> t<Primary> p<1389> c<1387> l<154:11> el<154:26>
                                    n<> u<1387> t<Subroutine_call> p<1388> c<1382> l<154:11> el<154:26>
                                      n<r554_e1> u<1382> t<SIMPLE_IDENTIFIER> p<1387> s<1383> l<154:11> el<154:18>
                                      n<> u<1383> t<Constant_bit_select> p<1387> s<1384> l<154:18> el<154:18>
                                      n<matched> u<1384> t<SIMPLE_IDENTIFIER> p<1387> s<1386> l<154:19> el<154:26>
                                      n<> u<1386> t<Select> p<1387> c<1385> l<154:26> el<154:26>
                                        n<> u<1385> t<Bit_select> p<1386> l<154:26> el<154:26>
                                n<> u<1390> t<Statement_or_null> p<1391> l<154:27> el<154:28>
                        n<> u<1395> t<END> p<1396> l<155:3> el<155:6>
        n<> u<1404> t<ENDMODULE> p<1405> l<156:1> el<156:10>
    n<// catalog row 560 | 16.14.7 | COMP> u<1407> t<LINE_COMMENT> p<1604> s<1408> l<158:1> el<158:36>
    n<// An inferred clocking or disable function ($inferred_clock,> u<1408> t<LINE_COMMENT> p<1604> s<1409> l<159:1> el<159:62>
    n<// $inferred_disable) shall only be used as the entire default value> u<1409> t<LINE_COMMENT> p<1604> s<1410> l<160:1> el<160:69>
    n<// expression for a formal argument to a property, sequence, or checker> u<1410> t<LINE_COMMENT> p<1604> s<1411> l<161:1> el<161:72>
    n<// declaration.> u<1411> t<LINE_COMMENT> p<1604> s<1535> l<162:1> el<162:16>
    n<> u<1535> t<Description> p<1604> c<1534> s<1536> l<163:1> el<169:10>
      n<> u<1534> t<Module_declaration> p<1535> c<1441> l<163:1> el<169:10>
        n<> u<1441> t<Module_ansi_header> p<1534> c<1412> s<1456> l<163:1> el<163:50>
          n<module> u<1412> t<MODULE> p<1441> s<1413> l<163:1> el<163:7>
          n<r560_m> u<1413> t<SIMPLE_IDENTIFIER> p<1441> s<1414> l<163:8> el<163:14>
          n<> u<1414> t<Package_import_declaration_list> p<1441> s<1440> l<163:15> el<163:15>
          n<> u<1440> t<Port_declaration_list> p<1441> c<1422> l<163:15> el<163:49>
            n<> u<1422> t<Ansi_port_declaration> p<1440> c<1420> s<1429> l<163:16> el<163:31>
              n<> u<1420> t<Net_port_header> p<1422> c<1415> s<1421> l<163:16> el<163:27>
                n<> u<1415> t<INPUT> p<1420> s<1419> l<163:16> el<163:21>
                n<> u<1419> t<Net_port_type> p<1420> c<1418> l<163:22> el<163:27>
                  n<> u<1418> t<Data_type_or_implicit> p<1419> c<1417> l<163:22> el<163:27>
                    n<> u<1417> t<Data_type> p<1418> c<1416> l<163:22> el<163:27>
                      n<> u<1416> t<LOGIC> p<1417> l<163:22> el<163:27>
              n<clk> u<1421> t<SIMPLE_IDENTIFIER> p<1422> l<163:28> el<163:31>
            n<> u<1429> t<Ansi_port_declaration> p<1440> c<1427> s<1434> l<163:33> el<163:40>
              n<> u<1427> t<Net_port_header> p<1429> c<1426> s<1428> l<163:33> el<163:38>
                n<> u<1426> t<Net_port_type> p<1427> c<1425> l<163:33> el<163:38>
                  n<> u<1425> t<Data_type_or_implicit> p<1426> c<1424> l<163:33> el<163:38>
                    n<> u<1424> t<Data_type> p<1425> c<1423> l<163:33> el<163:38>
                      n<> u<1423> t<LOGIC> p<1424> l<163:33> el<163:38>
              n<a> u<1428> t<SIMPLE_IDENTIFIER> p<1429> l<163:39> el<163:40>
            n<> u<1434> t<Ansi_port_declaration> p<1440> c<1432> s<1439> l<163:42> el<163:43>
              n<> u<1432> t<Net_port_header> p<1434> c<1431> s<1433> l<163:42> el<163:42>
                n<> u<1431> t<Net_port_type> p<1432> c<1430> l<163:42> el<163:42>
                  n<> u<1430> t<Data_type_or_implicit> p<1431> l<163:42> el<163:42>
              n<b> u<1433> t<SIMPLE_IDENTIFIER> p<1434> l<163:42> el<163:43>
            n<> u<1439> t<Ansi_port_declaration> p<1440> c<1437> l<163:45> el<163:48>
              n<> u<1437> t<Net_port_header> p<1439> c<1436> s<1438> l<163:45> el<163:45>
                n<> u<1436> t<Net_port_type> p<1437> c<1435> l<163:45> el<163:45>
                  n<> u<1435> t<Data_type_or_implicit> p<1436> l<163:45> el<163:45>
              n<rst> u<1438> t<SIMPLE_IDENTIFIER> p<1439> l<163:45> el<163:48>
        n<> u<1456> t<Non_port_module_item> p<1534> c<1455> s<1501> l<164:3> el<164:55>
          n<> u<1455> t<Module_or_generate_item> p<1456> c<1454> l<164:3> el<164:55>
            n<> u<1454> t<Module_common_item> p<1455> c<1453> l<164:3> el<164:55>
              n<> u<1453> t<Module_or_generate_item_declaration> p<1454> c<1452> l<164:3> el<164:55>
                n<> u<1452> t<Clocking_declaration> p<1453> c<1450> l<164:3> el<164:55>
                  n<> u<1450> t<DEFAULT> p<1452> s<1442> l<164:3> el<164:10>
                  n<r560_cb> u<1442> t<SIMPLE_IDENTIFIER> p<1452> s<1449> l<164:20> el<164:27>
                  n<> u<1449> t<Clocking_event> p<1452> c<1448> s<1451> l<164:28> el<164:42>
                    n<> u<1448> t<Event_expression> p<1449> c<1443> l<164:30> el<164:41>
                      n<> u<1443> t<POSEDGE> p<1448> s<1447> l<164:30> el<164:37>
                      n<> u<1447> t<Expression> p<1448> c<1446> l<164:38> el<164:41>
                        n<> u<1446> t<Primary> p<1447> c<1445> l<164:38> el<164:41>
                          n<> u<1445> t<Primary_literal> p<1446> c<1444> l<164:38> el<164:41>
                            n<clk> u<1444> t<SIMPLE_IDENTIFIER> p<1445> l<164:38> el<164:41>
                  n<> u<1451> t<ENDCLOCKING> p<1452> l<164:44> el<164:55>
        n<> u<1501> t<Non_port_module_item> p<1534> c<1500> s<1532> l<165:3> el<167:14>
          n<> u<1500> t<Module_or_generate_item> p<1501> c<1499> l<165:3> el<167:14>
            n<> u<1499> t<Module_common_item> p<1500> c<1498> l<165:3> el<167:14>
              n<> u<1498> t<Module_or_generate_item_declaration> p<1499> c<1497> l<165:3> el<167:14>
                n<> u<1497> t<Package_or_generate_item_declaration> p<1498> c<1496> l<165:3> el<167:14>
                  n<> u<1496> t<Assertion_item_declaration> p<1497> c<1495> l<165:3> el<167:14>
                    n<> u<1495> t<Property_declaration> p<1496> c<1457> l<165:3> el<167:14>
                      n<r560_p> u<1457> t<SIMPLE_IDENTIFIER> p<1495> s<1468> l<165:12> el<165:18>
                      n<> u<1468> t<Property_port_list> p<1495> c<1462> s<1493> l<165:19> el<165:36>
                        n<> u<1462> t<Property_port_item> p<1468> c<1460> s<1467> l<165:19> el<165:30>
                          n<> u<1460> t<Property_formal_type> p<1462> c<1459> s<1461> l<165:19> el<165:19>
                            n<> u<1459> t<Data_type_or_implicit> p<1460> c<1458> l<165:19> el<165:19>
                              n<> u<1458> t<Data_type_or_implicit> p<1459> l<165:19> el<165:19>
                          n<start_event> u<1461> t<SIMPLE_IDENTIFIER> p<1462> l<165:19> el<165:30>
                        n<> u<1467> t<Property_port_item> p<1468> c<1465> l<165:32> el<165:36>
                          n<> u<1465> t<Property_formal_type> p<1467> c<1464> s<1466> l<165:32> el<165:32>
                            n<> u<1464> t<Data_type_or_implicit> p<1465> c<1463> l<165:32> el<165:32>
                              n<> u<1463> t<Data_type_or_implicit> p<1464> l<165:32> el<165:32>
                          n<form> u<1466> t<SIMPLE_IDENTIFIER> p<1467> l<165:32> el<165:36>
                      n<> u<1493> t<Property_spec> p<1495> c<1477> s<1494> l<166:5> el<166:44>
                        n<> u<1477> t<Clocking_event> p<1493> c<1476> s<1492> l<166:5> el<166:23>
                          n<> u<1476> t<Event_expression> p<1477> c<1475> l<166:7> el<166:22>
                            n<> u<1475> t<Expression> p<1476> c<1474> l<166:7> el<166:22>
                              n<> u<1474> t<Primary> p<1475> c<1473> l<166:7> el<166:22>
                                n<> u<1473> t<Subroutine_call> p<1474> c<1469> l<166:7> el<166:22>
                                  n<$> u<1469> t<DOLLAR> p<1473> s<1470> l<166:7> el<166:8>
                                  n<inferred_clock> u<1470> t<SIMPLE_IDENTIFIER> p<1473> s<1472> l<166:8> el<166:22>
                                  n<> u<1472> t<Select> p<1473> c<1471> l<166:22> el<166:22>
                                    n<> u<1471> t<Bit_select> p<1472> l<166:22> el<166:22>
                        n<> u<1492> t<Property_expr> p<1493> c<1483> l<166:24> el<166:44>
                          n<> u<1483> t<Sequence_expr> p<1492> c<1482> s<1491> l<166:24> el<166:35>
                            n<> u<1482> t<Expression_or_dist> p<1483> c<1481> l<166:24> el<166:35>
                              n<> u<1481> t<Expression> p<1482> c<1480> l<166:24> el<166:35>
                                n<> u<1480> t<Primary> p<1481> c<1479> l<166:24> el<166:35>
                                  n<> u<1479> t<Primary_literal> p<1480> c<1478> l<166:24> el<166:35>
                                    n<start_event> u<1478> t<SIMPLE_IDENTIFIER> p<1479> l<166:24> el<166:35>
                          n<> u<1491> t<NON_OVERLAP_IMPLY> p<1492> s<1490> l<166:36> el<166:39>
                          n<> u<1490> t<Property_expr> p<1492> c<1489> l<166:40> el<166:44>
                            n<> u<1489> t<Sequence_expr> p<1490> c<1488> l<166:40> el<166:44>
                              n<> u<1488> t<Expression_or_dist> p<1489> c<1487> l<166:40> el<166:44>
                                n<> u<1487> t<Expression> p<1488> c<1486> l<166:40> el<166:44>
                                  n<> u<1486> t<Primary> p<1487> c<1485> l<166:40> el<166:44>
                                    n<> u<1485> t<Primary_literal> p<1486> c<1484> l<166:40> el<166:44>
                                      n<form> u<1484> t<SIMPLE_IDENTIFIER> p<1485> l<166:40> el<166:44>
                      n<> u<1494> t<ENDPROPERTY> p<1495> l<167:3> el<167:14>
        n<> u<1532> t<Non_port_module_item> p<1534> c<1531> s<1533> l<168:3> el<168:43>
          n<> u<1531> t<Module_or_generate_item> p<1532> c<1530> l<168:3> el<168:43>
            n<> u<1530> t<Module_common_item> p<1531> c<1529> l<168:3> el<168:43>
              n<> u<1529> t<Assertion_item> p<1530> c<1528> l<168:3> el<168:43>
                n<> u<1528> t<Concurrent_assertion_item> p<1529> c<1502> l<168:3> el<168:43>
                  n<r560_a1> u<1502> t<SIMPLE_IDENTIFIER> p<1528> s<1527> l<168:3> el<168:10>
                  n<> u<1527> t<Concurrent_assertion_statement> p<1528> c<1526> l<168:12> el<168:43>
                    n<> u<1526> t<Assert_property_statement> p<1527> c<1523> l<168:12> el<168:43>
                      n<> u<1523> t<Property_spec> p<1526> c<1522> s<1525> l<168:29> el<168:41>
                        n<> u<1522> t<Property_expr> p<1523> c<1521> l<168:29> el<168:41>
                          n<> u<1521> t<Property_instance> p<1522> c<1505> l<168:29> el<168:41>
                            n<> u<1505> t<Ps_or_hierarchical_sequence_identifier> p<1521> c<1504> s<1520> l<168:29> el<168:35>
                              n<> u<1504> t<Ps_or_hierarchical_array_identifier> p<1505> c<1503> l<168:29> el<168:35>
                                n<r560_p> u<1503> t<SIMPLE_IDENTIFIER> p<1504> l<168:29> el<168:35>
                            n<> u<1520> t<Actual_arg_list> p<1521> c<1518> l<168:36> el<168:40>
                              n<> u<1518> t<Actual_arg_expr> p<1520> c<1510> s<1519> l<168:36> el<168:40>
                                n<> u<1510> t<Event_expression> p<1518> c<1509> l<168:36> el<168:37>
                                  n<> u<1509> t<Expression> p<1510> c<1508> l<168:36> el<168:37>
                                    n<> u<1508> t<Primary> p<1509> c<1507> l<168:36> el<168:37>
                                      n<> u<1507> t<Primary_literal> p<1508> c<1506> l<168:36> el<168:37>
                                        n<a> u<1506> t<SIMPLE_IDENTIFIER> p<1507> l<168:36> el<168:37>
                              n<> u<1519> t<Actual_arg_expr> p<1520> c<1516> l<168:36> el<168:40>
                                n<> u<1516> t<Event_expression> p<1519> c<1515> l<168:39> el<168:40>
                                  n<> u<1515> t<Expression> p<1516> c<1514> l<168:39> el<168:40>
                                    n<> u<1514> t<Primary> p<1515> c<1513> l<168:39> el<168:40>
                                      n<> u<1513> t<Primary_literal> p<1514> c<1512> l<168:39> el<168:40>
                                        n<b> u<1512> t<SIMPLE_IDENTIFIER> p<1513> l<168:39> el<168:40>
                      n<> u<1525> t<Action_block> p<1526> c<1524> l<168:42> el<168:43>
                        n<> u<1524> t<Statement_or_null> p<1525> l<168:42> el<168:43>
        n<> u<1533> t<ENDMODULE> p<1534> l<169:1> el<169:10>
    n<// catalog row 563 | 16.16 | COMP> u<1536> t<LINE_COMMENT> p<1604> s<1537> l<171:1> el<171:34>
    n<// No explicit clocking event is allowed in any property or sequence> u<1537> t<LINE_COMMENT> p<1604> s<1538> l<172:1> el<172:69>
    n<// declaration within a clocking block; all such declarations take the> u<1538> t<LINE_COMMENT> p<1604> s<1539> l<173:1> el<173:71>
    n<// clocking block's clocking event as their leading clocking event.> u<1539> t<LINE_COMMENT> p<1604> s<1603> l<174:1> el<174:68>
    n<> u<1603> t<Description> p<1604> c<1602> l<175:1> el<181:10>
      n<> u<1602> t<Module_declaration> p<1603> c<1559> l<175:1> el<181:10>
        n<> u<1559> t<Module_ansi_header> p<1602> c<1540> s<1600> l<175:1> el<175:42>
          n<module> u<1540> t<MODULE> p<1559> s<1541> l<175:1> el<175:7>
          n<r563_m> u<1541> t<SIMPLE_IDENTIFIER> p<1559> s<1542> l<175:8> el<175:14>
          n<> u<1542> t<Package_import_declaration_list> p<1559> s<1558> l<175:15> el<175:15>
          n<> u<1558> t<Port_declaration_list> p<1559> c<1550> l<175:15> el<175:41>
            n<> u<1550> t<Ansi_port_declaration> p<1558> c<1548> s<1557> l<175:16> el<175:31>
              n<> u<1548> t<Net_port_header> p<1550> c<1543> s<1549> l<175:16> el<175:27>
                n<> u<1543> t<INPUT> p<1548> s<1547> l<175:16> el<175:21>
                n<> u<1547> t<Net_port_type> p<1548> c<1546> l<175:22> el<175:27>
                  n<> u<1546> t<Data_type_or_implicit> p<1547> c<1545> l<175:22> el<175:27>
                    n<> u<1545> t<Data_type> p<1546> c<1544> l<175:22> el<175:27>
                      n<> u<1544> t<LOGIC> p<1545> l<175:22> el<175:27>
              n<clk> u<1549> t<SIMPLE_IDENTIFIER> p<1550> l<175:28> el<175:31>
            n<> u<1557> t<Ansi_port_declaration> p<1558> c<1555> l<175:33> el<175:40>
              n<> u<1555> t<Net_port_header> p<1557> c<1554> s<1556> l<175:33> el<175:38>
                n<> u<1554> t<Net_port_type> p<1555> c<1553> l<175:33> el<175:38>
                  n<> u<1553> t<Data_type_or_implicit> p<1554> c<1552> l<175:33> el<175:38>
                    n<> u<1552> t<Data_type> p<1553> c<1551> l<175:33> el<175:38>
                      n<> u<1551> t<LOGIC> p<1552> l<175:33> el<175:38>
              n<b> u<1556> t<SIMPLE_IDENTIFIER> p<1557> l<175:39> el<175:40>
        n<> u<1600> t<Non_port_module_item> p<1602> c<1599> s<1601> l<176:3> el<180:14>
          n<> u<1599> t<Module_or_generate_item> p<1600> c<1598> l<176:3> el<180:14>
            n<> u<1598> t<Module_common_item> p<1599> c<1597> l<176:3> el<180:14>
              n<> u<1597> t<Module_or_generate_item_declaration> p<1598> c<1596> l<176:3> el<180:14>
                n<> u<1596> t<Clocking_declaration> p<1597> c<1594> l<176:3> el<180:14>
                  n<> u<1594> t<DEFAULT> p<1596> s<1560> l<176:3> el<176:10>
                  n<r563_posedge_clk> u<1560> t<SIMPLE_IDENTIFIER> p<1596> s<1567> l<176:20> el<176:36>
                  n<> u<1567> t<Clocking_event> p<1596> c<1566> s<1593> l<176:37> el<176:51>
                    n<> u<1566> t<Event_expression> p<1567> c<1561> l<176:39> el<176:50>
                      n<> u<1561> t<POSEDGE> p<1566> s<1565> l<176:39> el<176:46>
                      n<> u<1565> t<Expression> p<1566> c<1564> l<176:47> el<176:50>
                        n<> u<1564> t<Primary> p<1565> c<1563> l<176:47> el<176:50>
                          n<> u<1563> t<Primary_literal> p<1564> c<1562> l<176:47> el<176:50>
                            n<clk> u<1562> t<SIMPLE_IDENTIFIER> p<1563> l<176:47> el<176:50>
                  n<> u<1593> t<Clocking_item> p<1596> c<1592> s<1595> l<177:5> el<179:16>
                    n<> u<1592> t<Concurrent_assertion_item_declaration> p<1593> c<1591> l<177:5> el<179:16>
                      n<> u<1591> t<Sequence_declaration> p<1592> c<1568> l<177:5> el<179:16>
                        n<r563_s1> u<1568> t<SIMPLE_IDENTIFIER> p<1591> s<1589> l<177:14> el<177:21>
                        n<> u<1589> t<Sequence_expr> p<1591> c<1575> s<1590> l<178:7> el<178:27>
                          n<> u<1575> t<Clocking_event> p<1589> c<1574> s<1588> l<178:7> el<178:21>
                            n<> u<1574> t<Event_expression> p<1575> c<1569> l<178:9> el<178:20>
                              n<> u<1569> t<POSEDGE> p<1574> s<1573> l<178:9> el<178:16>
                              n<> u<1573> t<Expression> p<1574> c<1572> l<178:17> el<178:20>
                                n<> u<1572> t<Primary> p<1573> c<1571> l<178:17> el<178:20>
                                  n<> u<1571> t<Primary_literal> p<1572> c<1570> l<178:17> el<178:20>
                                    n<clk> u<1570> t<SIMPLE_IDENTIFIER> p<1571> l<178:17> el<178:20>
                          n<> u<1588> t<Sequence_expr> p<1589> c<1580> l<178:22> el<178:27>
                            n<> u<1580> t<Expression_or_dist> p<1588> c<1579> s<1587> l<178:22> el<178:23>
                              n<> u<1579> t<Expression> p<1580> c<1578> l<178:22> el<178:23>
                                n<> u<1578> t<Primary> p<1579> c<1577> l<178:22> el<178:23>
                                  n<> u<1577> t<Primary_literal> p<1578> c<1576> l<178:22> el<178:23>
                                    n<b> u<1576> t<SIMPLE_IDENTIFIER> p<1577> l<178:22> el<178:23>
                            n<> u<1587> t<Boolean_abbrev> p<1588> c<1586> l<178:23> el<178:27>
                              n<> u<1586> t<Consecutive_repetition> p<1587> c<1585> l<178:23> el<178:27>
                                n<> u<1585> t<Const_or_range_expression> p<1586> c<1584> l<178:25> el<178:26>
                                  n<> u<1584> t<Constant_expression> p<1585> c<1583> l<178:25> el<178:26>
                                    n<> u<1583> t<Constant_primary> p<1584> c<1582> l<178:25> el<178:26>
                                      n<> u<1582> t<Primary_literal> p<1583> c<1581> l<178:25> el<178:26>
                                        n<3> u<1581> t<INTEGRAL_NUMBER> p<1582> l<178:25> el<178:26>
                        n<> u<1590> t<ENDSEQUENCE> p<1591> l<179:5> el<179:16>
                  n<> u<1595> t<ENDCLOCKING> p<1596> l<180:3> el<180:14>
        n<> u<1601> t<ENDMODULE> p<1602> l<181:1> el<181:10>
AST_DEBUG_END
[INF:CP5804] $Source01/16--error_rules.sv:11:1: Compile module "r468_m".
[INF:CP5804] $Source01/16--error_rules.sv:26:1: Compile module "r474_m".
[INF:CP5804] $Source01/16--error_rules.sv:36:1: Compile module "r476_m".
[INF:CP5804] $Source01/16--error_rules.sv:44:1: Compile module "r477_m".
[INF:CP5804] $Source01/16--error_rules.sv:53:1: Compile module "r478_m".
[INF:CP5804] $Source01/16--error_rules.sv:66:1: Compile module "r483_m".
[WRN:CP5811] $Source01/16--error_rules.sv:66:39: Port "a" definition missing its direction (input, output, inout).
[INF:CP5804] $Source01/16--error_rules.sv:77:1: Compile module "r484_m".
[WRN:CP5811] $Source01/16--error_rules.sv:77:39: Port "a" definition missing its direction (input, output, inout).
[INF:CP5804] $Source01/16--error_rules.sv:87:1: Compile module "r489_m".
[WRN:CP5811] $Source01/16--error_rules.sv:87:39: Port "a" definition missing its direction (input, output, inout).
[INF:CP5804] $Source01/16--error_rules.sv:96:1: Compile module "r490_m".
[WRN:CP5811] $Source01/16--error_rules.sv:96:39: Port "a" definition missing its direction (input, output, inout).
[INF:CP5804] $Source01/16--error_rules.sv:104:1: Compile module "r511_m".
[WRN:CP5811] $Source01/16--error_rules.sv:104:39: Port "a" definition missing its direction (input, output, inout).
[INF:CP5804] $Source01/16--error_rules.sv:112:1: Compile module "r512_m".
[WRN:CP5811] $Source01/16--error_rules.sv:112:39: Port "a" definition missing its direction (input, output, inout).
[INF:CP5804] $Source01/16--error_rules.sv:120:1: Compile module "r513_m".
[WRN:CP5811] $Source01/16--error_rules.sv:120:39: Port "a" definition missing its direction (input, output, inout).
[INF:CP5804] $Source01/16--error_rules.sv:128:1: Compile module "r514_m".
[WRN:CP5811] $Source01/16--error_rules.sv:128:39: Port "a" definition missing its direction (input, output, inout).
[INF:CP5804] $Source01/16--error_rules.sv:141:1: Compile module "r515_m".
[WRN:CP5811] $Source01/16--error_rules.sv:141:39: Port "a" definition missing its direction (input, output, inout).
[INF:CP5804] $Source01/16--error_rules.sv:151:1: Compile module "r554_m".
[WRN:CP5811] $Source01/16--error_rules.sv:151:47: Port "a" definition missing its direction (input, output, inout).
[INF:CP5804] $Source01/16--error_rules.sv:163:1: Compile module "r560_m".
[WRN:CP5811] $Source01/16--error_rules.sv:163:39: Port "a" definition missing its direction (input, output, inout).
[INF:CP5804] $Source01/16--error_rules.sv:175:1: Compile module "r563_m".
[WRN:CP5811] $Source01/16--error_rules.sv:175:39: Port "b" definition missing its direction (input, output, inout).
[INF:CM5028] Using global timescale: "1ns/1ns".
[ERR:CP5953] $Source01/16--error_rules.sv:13:38: Illegal action block: r468_a1.
[ERR:CP5929] $Source01/16--error_rules.sv:47:44: Illegal expression in this context: r477_m.
[ERR:CP5950] $Source01/16--error_rules.sv:105:44: No default or global clocking in scope for $rose_gclk.
[ERR:DB2030] $Source01/16--error_rules.sv:114:44: Unresolved property "a".
[ERR:CP5929] $Source01/16--error_rules.sv:115:23: Illegal expression in this context: r512_m.
[ERR:CP5929] $Source01/16--error_rules.sv:122:62: Illegal expression in this context: r513_m.
[ERR:CP5957] $Source01/16--error_rules.sv:143:13: Illegal declared type for h.
[ERR:CP5929] $Source01/16--error_rules.sv:154:11: Illegal expression in this context: r554_m.
[ERR:CP5929] $Source01/16--error_rules.sv:166:7: Illegal expression in this context: r560_m.
[ERR:CP5929] $Source01/16--error_rules.sv:177:5: Illegal expression in this context: r563_m.
====== HLDB =======
Design name:unnamed:
  vpiName: unnamed
  vpiSourceFile (1 items):
    SourceFile name:16--error_rules.sv file:$Source01/16--error_rules.sv:
      vpiParent: Design name:unnamed
      vpiName: "16--error_rules.sv"
      vpiPreprocFile: "$Output/lib/work/16--error_rules.sv"
  vpiAllClasses (1 items):
    ClassDefn name:r474_c file:$Source01/16--error_rules.sv start:22:1 end:25:9:
      vpiParent: Design name:unnamed
      vpiName Identifier name:r474_c start:22:7 end:22:13:
      vpiFullName: r474_c
      vpiVariable (1 items):
        Variable name:p start:23:7 end:23:8:
          vpiParent: ClassDefn name:r474_c
          vpiTypespec RefTypespec start:23:3 end:23:6:
            vpiParent: Variable name:p
            vpiFullName: r474_c::p
            vpiActual: BitTypespec
          vpiName: p
          vpiFullName: r474_c::p
          vpiAutomatic: true
          vpiRandType: (1)
          vpiScalar: true
          vpiVisibility: public (1)
      vpiTypespec (1 items):
        BitTypespec:
          vpiParent: ClassDefn name:r474_c
      vpiDefName: r474_c
      vpiAutomatic: true
      vpiClassType: userdefined class (3)
      vpiLibrary RefObj name:work start:22:7 end:22:13:
        vpiParent: ClassDefn name:r474_c
        vpiName: work
        vpiFullName: r474_c::work
        vpiActual: Library name:work
      vpiCell: r474_c
      vpiMethod (1 items):
        Function name:get start:24:3 end:24:44:
          vpiParent: ClassDefn name:r474_c
          vpiName Identifier name:get start:24:16 end:24:19:
          vpiFullName: r474_c::get
          vpiTypespec (1 items):
            BitTypespec:
              vpiParent: Function name:get
          vpiMethod: true
          vpiVisibility: public (1)
          vpiStmt ReturnStmt start:24:23 end:24:32:
            vpiParent: Function name:get
            vpiCondition RefObj name:p start:24:30 end:24:31:
              vpiParent: ReturnStmt
              vpiName: p
              vpiFullName: r474_c::get::p
              vpiActual: Variable name:p
          vpiReturn RefTypespec start:24:12 end:24:15:
            vpiParent: Function name:get
            vpiFullName: r474_c::get
            vpiActual: BitTypespec
  vpiAllModules (17 items):
    Module name:r468_m file:$Source01/16--error_rules.sv start:11:1 end:17:10:
      vpiParent: Design name:unnamed
      vpiName Identifier name:r468_m start:11:8 end:11:14:
      vpiFullName: r468_m
      vpiTypespec (1 items):
        LogicTypespec:
          vpiParent: Module name:r468_m
      vpiDefName: r468_m
      vpiDefNetType: wire (1)
      vpiDefDelayMode: none (1)
      vpiUnconnDrive: highz (1)
      vpiLibrary RefObj name:work start:11:8 end:11:14:
        vpiParent: Module name:r468_m
        vpiName: work
        vpiFullName: r468_m.work
        vpiActual: Library name:work
      vpiCell: r468_m
      vpiNet (2 items):
        Net name:a start:11:28 end:11:29:
          vpiParent: Module name:r468_m
          vpiTypespec RefTypespec start:11:22 end:11:27:
            vpiParent: Net name:a
            vpiFullName: r468_m.a
            vpiActual: LogicTypespec
          vpiName: a
          vpiFullName: r468_m.a
          vpiNetType: wire (1)
          vpiScalar: true
        Net name:b start:11:31 end:11:32:
          vpiParent: Module name:r468_m
          vpiTypespec RefTypespec:
            vpiParent: Net name:b
            vpiFullName: r468_m.b
            vpiActual: LogicTypespec
          vpiName: b
          vpiFullName: r468_m.b
          vpiNetType: wire (1)
          vpiScalar: true
      vpiPort (2 items):
        Port name:a start:11:28 end:11:29:
          vpiParent: Module name:r468_m
          vpiName: a
          vpiDirection: input (1)
          vpiLowConn RefObj name:a start:11:28 end:11:29:
            vpiParent: Port name:a
            vpiName: a
            vpiFullName: r468_m.a.a
            vpiActual: Net name:a
          vpiTypespec RefTypespec start:11:22 end:11:27:
            vpiParent: Port name:a
            vpiFullName: r468_m.a
            vpiActual: LogicTypespec
        Port name:b start:11:31 end:11:32:
          vpiParent: Module name:r468_m
          vpiName: b
          vpiDirection: input (1)
          vpiLowConn RefObj name:b start:11:31 end:11:32:
            vpiParent: Port name:b
            vpiName: b
            vpiFullName: r468_m.b.b
            vpiActual: Net name:b
          vpiTypespec RefTypespec:
            vpiParent: Port name:b
            vpiFullName: r468_m.b
            vpiActual: LogicTypespec
      vpiProcess (1 items):
        Always start:12:3 end:16:6:
          vpiParent: Module name:r468_m
          vpiStmt Begin start:12:15 end:16:6:
            vpiParent: Always
            vpiFullName: r468_m
            vpiStmt (1 items):
              ImmediateAssert start:13:14 end:15:8:
                vpiParent: Begin
                vpiLabel Identifier name:r468_a1 start:13:5 end:13:12:
                vpiIsDeferred: true
                vpiExpr Operation start:13:25 end:13:31:
                  vpiParent: ImmediateAssert
                  vpiOpType: equal (14)
                  vpiOperand (2 items):
                    RefObj name:a start:13:25 end:13:26:
                      vpiParent: Operation
                      vpiName: a
                      vpiFullName: r468_m.a
                      vpiActual: Net name:a
                    RefObj name:b start:13:30 end:13:31:
                      vpiParent: Operation
                      vpiName: b
                      vpiFullName: r468_m.b
                      vpiActual: Net name:b
                vpiElseStmt Begin start:13:38 end:15:8:
                  vpiParent: ImmediateAssert
                  vpiFullName: r468_m
                  vpiStmt (1 items):
                    SysTaskCall name:$error start:14:7 end:14:25:
                      vpiParent: Begin
                      vpiName Identifier name:$error start:14:7 end:14:13:
                      vpiTaskFunc: Task name:$error
                      vpiArgument (1 items):
                        Constant start:14:14 end:14:24:
                          vpiParent: SysTaskCall name:$error
                          vpiTypespec RefTypespec:
                            vpiParent: Constant
                            vpiFullName: r468_m
                            vpiActual: StringTypespec
                          vpiConstType: string (6)
                          vpiSize: 64
                          vpiDecompile: "\"mismatch\""
                          vpiValue: mismatch
          vpiAlwaysType: comb (2)
    Module name:r474_m file:$Source01/16--error_rules.sv start:26:1 end:29:10:
      vpiParent: Design name:unnamed
      vpiName Identifier name:r474_m start:26:8 end:26:14:
      vpiFullName: r474_m
      vpiConcurrentAssertions (1 items):
        Assert start:28:12 end:28:51:
          vpiParent: Module name:r474_m
          vpiLabel Identifier name:r474_a1 start:28:3 end:28:10:
          vpiProperty PropertySpec start:28:29 end:28:49:
            vpiParent: Assert
            vpiClockingEvent Operation start:28:31 end:28:42:
              vpiParent: PropertySpec
              vpiOpType: posedge (39)
              vpiOperand (1 items):
                RefObj name:clk start:28:39 end:28:42:
                  vpiParent: Operation
                  vpiName: clk
                  vpiFullName: r474_m.clk
                  vpiActual: Net name:clk
            vpiPropertyExpr RefObj name:obj.p start:28:44 end:28:49:
              vpiParent: PropertySpec
              vpiName: obj.p
              vpiFullName: r474_m.obj.p
              vpiPathElem (2 items):
                RefObj name:obj start:28:44 end:28:47:
                  vpiParent: RefObj name:obj.p
                  vpiName: obj
                  vpiFullName: r474_m.obj
                  vpiActual: Variable name:obj
                RefObj name:p start:28:48 end:28:49:
                  vpiParent: RefObj name:obj.p
                  vpiName: p
                  vpiFullName: r474_m.p
                  vpiActual: Variable name:p
              vpiActual: Variable name:p
      vpiVariable (1 items):
        Variable name:obj start:27:10 end:27:13:
          vpiParent: Module name:r474_m
          vpiTypespec RefTypespec name:r474_c start:27:3 end:27:9:
            vpiParent: Variable name:obj
            vpiName: r474_c
            vpiFullName: r474_m.obj.r474_c
            vpiActual: ClassTypespec name:r474_c
          vpiName: obj
          vpiFullName: r474_m.obj
          vpiValue MethodFuncCall name:new start:27:16 end:27:19:
            vpiParent: Variable name:obj
            vpiName Identifier name:new:
            vpiIsProperty: true
      vpiTypespec (2 items):
        LogicTypespec:
          vpiParent: Module name:r474_m
        ClassTypespec name:r474_c start:27:3 end:27:9:
          vpiParent: Module name:r474_m
          vpiName Identifier name:r474_c start:27:3 end:27:9:
          vpiDefName: r474_c
          vpiClassDefn: ClassDefn name:r474_c
      vpiDefName: r474_m
      vpiDefNetType: wire (1)
      vpiDefDelayMode: none (1)
      vpiUnconnDrive: highz (1)
      vpiLibrary RefObj name:work start:26:8 end:26:14:
        vpiParent: Module name:r474_m
        vpiName: work
        vpiFullName: r474_m.work
        vpiActual: Library name:work
      vpiCell: r474_m
      vpiNet (1 items):
        Net name:clk start:26:28 end:26:31:
          vpiParent: Module name:r474_m
          vpiTypespec RefTypespec start:26:22 end:26:27:
            vpiParent: Net name:clk
            vpiFullName: r474_m.clk
            vpiActual: LogicTypespec
          vpiName: clk
          vpiFullName: r474_m.clk
          vpiNetType: wire (1)
          vpiScalar: true
      vpiPort (1 items):
        Port name:clk start:26:28 end:26:31:
          vpiParent: Module name:r474_m
          vpiName: clk
          vpiDirection: input (1)
          vpiLowConn RefObj name:clk start:26:28 end:26:31:
            vpiParent: Port name:clk
            vpiName: clk
            vpiFullName: r474_m.clk.clk
            vpiActual: Net name:clk
          vpiTypespec RefTypespec start:26:22 end:26:27:
            vpiParent: Port name:clk
            vpiFullName: r474_m.clk
            vpiActual: LogicTypespec
    Module name:r476_m file:$Source01/16--error_rules.sv start:36:1 end:39:10:
      vpiParent: Design name:unnamed
      vpiName Identifier name:r476_m start:36:8 end:36:14:
      vpiFullName: r476_m
      vpiConcurrentAssertions (1 items):
        Assert start:38:12 end:38:57:
          vpiParent: Module name:r476_m
          vpiLabel Identifier name:r476_a1 start:38:3 end:38:10:
          vpiProperty PropertySpec start:38:29 end:38:55:
            vpiParent: Assert
            vpiClockingEvent Operation start:38:31 end:38:42:
              vpiParent: PropertySpec
              vpiOpType: posedge (39)
              vpiOperand (1 items):
                RefObj name:clk start:38:39 end:38:42:
                  vpiParent: Operation
                  vpiName: clk
                  vpiFullName: r476_m.clk
                  vpiActual: Net name:clk
            vpiPropertyExpr Operation start:38:45 end:38:54:
              vpiParent: PropertySpec
              vpiOpType: less than (20)
              vpiOperand (2 items):
                Operation start:38:45 end:38:50:
                  vpiParent: Operation
                  vpiOpType: post inc (64)
                  vpiOperand (1 items):
                    RefObj name:cnt start:38:45 end:38:48:
                      vpiParent: Operation
                      vpiName: cnt
                      vpiFullName: r476_m.cnt
                      vpiActual: Variable name:cnt
                Constant start:38:53 end:38:54:
                  vpiParent: Operation
                  vpiTypespec RefTypespec:
                    vpiParent: Constant
                    vpiFullName: r476_m
                    vpiActual: IntTypespec
                  vpiConstType: unsigned int (9)
                  vpiSize: 64
                  vpiDecompile: "4"
                  vpiValue: 4
      vpiVariable (1 items):
        Variable name:cnt start:37:7 end:37:10:
          vpiParent: Module name:r476_m
          vpiTypespec RefTypespec start:37:3 end:37:6:
            vpiParent: Variable name:cnt
            vpiFullName: r476_m.cnt
            vpiActual: IntTypespec
          vpiName: cnt
          vpiFullName: r476_m.cnt
      vpiTypespec (1 items):
        LogicTypespec:
          vpiParent: Module name:r476_m
      vpiDefName: r476_m
      vpiDefNetType: wire (1)
      vpiDefDelayMode: none (1)
      vpiUnconnDrive: highz (1)
      vpiLibrary RefObj name:work start:36:8 end:36:14:
        vpiParent: Module name:r476_m
        vpiName: work
        vpiFullName: r476_m.work
        vpiActual: Library name:work
      vpiCell: r476_m
      vpiNet (1 items):
        Net name:clk start:36:28 end:36:31:
          vpiParent: Module name:r476_m
          vpiTypespec RefTypespec start:36:22 end:36:27:
            vpiParent: Net name:clk
            vpiFullName: r476_m.clk
            vpiActual: LogicTypespec
          vpiName: clk
          vpiFullName: r476_m.clk
          vpiNetType: wire (1)
          vpiScalar: true
      vpiPort (1 items):
        Port name:clk start:36:28 end:36:31:
          vpiParent: Module name:r476_m
          vpiName: clk
          vpiDirection: input (1)
          vpiLowConn RefObj name:clk start:36:28 end:36:31:
            vpiParent: Port name:clk
            vpiName: clk
            vpiFullName: r476_m.clk.clk
            vpiActual: Net name:clk
          vpiTypespec RefTypespec start:36:22 end:36:27:
            vpiParent: Port name:clk
            vpiFullName: r476_m.clk
            vpiActual: LogicTypespec
    Module name:r477_m file:$Source01/16--error_rules.sv start:44:1 end:48:10:
      vpiParent: Design name:unnamed
      vpiName Identifier name:r477_m start:44:8 end:44:14:
      vpiFullName: r477_m
      vpiConcurrentAssertions (1 items):
        Assert start:47:12 end:47:50:
          vpiParent: Module name:r477_m
          vpiLabel Identifier name:r477_a1 start:47:3 end:47:10:
          vpiProperty PropertySpec start:47:29 end:47:48:
            vpiParent: Assert
            vpiClockingEvent Operation start:47:31 end:47:42:
              vpiParent: PropertySpec
              vpiOpType: posedge (39)
              vpiOperand (1 items):
                RefObj name:clk start:47:39 end:47:42:
                  vpiParent: Operation
                  vpiName: clk
                  vpiFullName: r477_m.clk
                  vpiActual: Net name:clk
            vpiPropertyExpr MethodFuncCall name:f start:47:44 end:47:48:
              vpiParent: PropertySpec
              vpiName Identifier name:f start:47:44 end:47:45:
              vpiTaskFunc: Function name:f
              vpiArgument (1 items):
                RefObj name:o start:47:46 end:47:47:
                  vpiParent: MethodFuncCall name:f
                  vpiName: o
                  vpiFullName: r477_m.o
                  vpiActual: Variable name:o
      vpiVariable (1 items):
        Variable name:o start:46:7 end:46:8:
          vpiParent: Module name:r477_m
          vpiTypespec RefTypespec start:46:3 end:46:6:
            vpiParent: Variable name:o
            vpiFullName: r477_m.o
            vpiActual: BitTypespec
          vpiName: o
          vpiFullName: r477_m.o
          vpiScalar: true
      vpiTypespec (2 items):
        LogicTypespec:
          vpiParent: Module name:r477_m
        BitTypespec:
          vpiParent: Module name:r477_m
      vpiDefName: r477_m
      vpiDefNetType: wire (1)
      vpiDefDelayMode: none (1)
      vpiUnconnDrive: highz (1)
      vpiLibrary RefObj name:work start:44:8 end:44:14:
        vpiParent: Module name:r477_m
        vpiName: work
        vpiFullName: r477_m.work
        vpiActual: Library name:work
      vpiCell: r477_m
      vpiTaskFunc (1 items):
        Function name:f start:45:3 end:45:61:
          vpiParent: Module name:r477_m
          vpiName Identifier name:f start:45:16 end:45:17:
          vpiFullName: r477_m.f
          vpiVisibility: public (1)
          vpiIODecl (1 items):
            IODecl name:o start:45:29 end:45:30:
              vpiParent: Function name:f
              vpiName: o
              vpiDirection: output (2)
              vpiTypespec RefTypespec start:45:25 end:45:28:
                vpiParent: IODecl name:o
                vpiFullName: r477_m.f.o
                vpiActual: BitTypespec
          vpiStmt Begin:
            vpiParent: Function name:f
            vpiFullName: r477_m.f
            vpiTypespec (1 items):
              BitTypespec:
                vpiParent: Begin
            vpiStmt (2 items):
              Assignment start:45:33 end:45:38:
                vpiParent: Begin
                vpiBlocking: true
                vpiLhs RefObj name:o start:45:33 end:45:34:
                  vpiParent: Assignment
                  vpiName: o
                  vpiFullName: r477_m.f.o
                  vpiActual: IODecl name:o
                vpiRhs Constant start:45:37 end:45:38:
                  vpiParent: Assignment
                  vpiTypespec RefTypespec:
                    vpiParent: Constant
                    vpiFullName: r477_m.f
                    vpiActual: IntTypespec
                  vpiConstType: unsigned int (9)
                  vpiSize: 64
                  vpiDecompile: "1"
                  vpiValue: 1
              ReturnStmt start:45:40 end:45:49:
                vpiParent: Begin
                vpiCondition RefObj name:a start:45:47 end:45:48:
                  vpiParent: ReturnStmt
                  vpiName: a
                  vpiFullName: r477_m.f.a
                  vpiActual: Net name:a
          vpiReturn RefTypespec start:45:12 end:45:15:
            vpiParent: Function name:f
            vpiFullName: r477_m.f
            vpiActual: BitTypespec
      vpiNet (2 items):
        Net name:clk start:44:28 end:44:31:
          vpiParent: Module name:r477_m
          vpiTypespec RefTypespec start:44:22 end:44:27:
            vpiParent: Net name:clk
            vpiFullName: r477_m.clk
            vpiActual: LogicTypespec
          vpiName: clk
          vpiFullName: r477_m.clk
          vpiNetType: wire (1)
          vpiScalar: true
        Net name:a start:44:45 end:44:46:
          vpiParent: Module name:r477_m
          vpiTypespec RefTypespec start:44:39 end:44:44:
            vpiParent: Net name:a
            vpiFullName: r477_m.a
            vpiActual: LogicTypespec
          vpiName: a
          vpiFullName: r477_m.a
          vpiNetType: wire (1)
          vpiScalar: true
      vpiPort (2 items):
        Port name:clk start:44:28 end:44:31:
          vpiParent: Module name:r477_m
          vpiName: clk
          vpiDirection: input (1)
          vpiLowConn RefObj name:clk start:44:28 end:44:31:
            vpiParent: Port name:clk
            vpiName: clk
            vpiFullName: r477_m.clk.clk
            vpiActual: Net name:clk
          vpiTypespec RefTypespec start:44:22 end:44:27:
            vpiParent: Port name:clk
            vpiFullName: r477_m.clk
            vpiActual: LogicTypespec
        Port name:a start:44:45 end:44:46:
          vpiParent: Module name:r477_m
          vpiName: a
          vpiDirection: input (1)
          vpiLowConn RefObj name:a start:44:45 end:44:46:
            vpiParent: Port name:a
            vpiName: a
            vpiFullName: r477_m.a.a
            vpiActual: Net name:a
          vpiTypespec RefTypespec start:44:39 end:44:44:
            vpiParent: Port name:a
            vpiFullName: r477_m.a
            vpiActual: LogicTypespec
    Module name:r478_m file:$Source01/16--error_rules.sv start:53:1 end:60:10:
      vpiParent: Design name:unnamed
      vpiName Identifier name:r478_m start:53:8 end:53:14:
      vpiFullName: r478_m
      vpiConcurrentAssertions (1 items):
        Assert start:59:12 end:59:49:
          vpiParent: Module name:r478_m
          vpiLabel Identifier name:r478_a1 start:59:3 end:59:10:
          vpiProperty PropertySpec start:59:29 end:59:47:
            vpiParent: Assert
            vpiClockingEvent Operation start:59:31 end:59:42:
              vpiParent: PropertySpec
              vpiOpType: posedge (39)
              vpiOperand (1 items):
                RefObj name:clk start:59:39 end:59:42:
                  vpiParent: Operation
                  vpiName: clk
                  vpiFullName: r478_m.clk
                  vpiActual: Net name:clk
            vpiPropertyExpr MethodFuncCall name:f start:59:44 end:59:47:
              vpiParent: PropertySpec
              vpiName Identifier name:f start:59:44 end:59:45:
              vpiTaskFunc: Function name:f
      vpiTypespec (1 items):
        LogicTypespec:
          vpiParent: Module name:r478_m
      vpiDefName: r478_m
      vpiDefNetType: wire (1)
      vpiDefDelayMode: none (1)
      vpiUnconnDrive: highz (1)
      vpiLibrary RefObj name:work start:53:8 end:53:14:
        vpiParent: Module name:r478_m
        vpiName: work
        vpiFullName: r478_m.work
        vpiActual: Library name:work
      vpiCell: r478_m
      vpiTaskFunc (1 items):
        Function name:f start:54:3 end:58:14:
          vpiParent: Module name:r478_m
          vpiName Identifier name:f start:54:16 end:54:17:
          vpiFullName: r478_m.f
          vpiVisibility: public (1)
          vpiStmt Begin:
            vpiParent: Function name:f
            vpiFullName: r478_m.f
            vpiVariable (1 items):
              Variable name:calls start:55:16 end:55:21:
                vpiParent: Begin
                vpiTypespec RefTypespec start:55:12 end:55:15:
                  vpiParent: Variable name:calls
                  vpiFullName: r478_m.f.calls
                  vpiActual: IntTypespec
                vpiName: calls
                vpiFullName: r478_m.f.calls
                vpiValue Constant start:55:24 end:55:25:
                  vpiParent: Variable name:calls
                  vpiTypespec RefTypespec:
                    vpiParent: Constant
                    vpiFullName: r478_m.f.calls
                    vpiActual: IntTypespec
                  vpiConstType: unsigned int (9)
                  vpiSize: 64
                  vpiDecompile: "0"
                  vpiValue: 0
            vpiTypespec (1 items):
              BitTypespec:
                vpiParent: Begin
            vpiStmt (3 items):
              Variable name:calls:
              Operation start:56:5 end:56:12:
                vpiParent: Begin
                vpiOpType: post inc (64)
                vpiOperand (1 items):
                  RefObj name:calls start:56:5 end:56:10:
                    vpiParent: Operation
                    vpiName: calls
                    vpiFullName: r478_m.f.calls
                    vpiActual: Variable name:calls
              ReturnStmt start:57:5 end:57:14:
                vpiParent: Begin
                vpiCondition RefObj name:a start:57:12 end:57:13:
                  vpiParent: ReturnStmt
                  vpiName: a
                  vpiFullName: r478_m.f.a
                  vpiActual: Net name:a
          vpiReturn RefTypespec start:54:12 end:54:15:
            vpiParent: Function name:f
            vpiFullName: r478_m.f
            vpiActual: BitTypespec
      vpiNet (2 items):
        Net name:clk start:53:28 end:53:31:
          vpiParent: Module name:r478_m
          vpiTypespec RefTypespec start:53:22 end:53:27:
            vpiParent: Net name:clk
            vpiFullName: r478_m.clk
            vpiActual: LogicTypespec
          vpiName: clk
          vpiFullName: r478_m.clk
          vpiNetType: wire (1)
          vpiScalar: true
        Net name:a start:53:45 end:53:46:
          vpiParent: Module name:r478_m
          vpiTypespec RefTypespec start:53:39 end:53:44:
            vpiParent: Net name:a
            vpiFullName: r478_m.a
            vpiActual: LogicTypespec
          vpiName: a
          vpiFullName: r478_m.a
          vpiNetType: wire (1)
          vpiScalar: true
      vpiPort (2 items):
        Port name:clk start:53:28 end:53:31:
          vpiParent: Module name:r478_m
          vpiName: clk
          vpiDirection: input (1)
          vpiLowConn RefObj name:clk start:53:28 end:53:31:
            vpiParent: Port name:clk
            vpiName: clk
            vpiFullName: r478_m.clk.clk
            vpiActual: Net name:clk
          vpiTypespec RefTypespec start:53:22 end:53:27:
            vpiParent: Port name:clk
            vpiFullName: r478_m.clk
            vpiActual: LogicTypespec
        Port name:a start:53:45 end:53:46:
          vpiParent: Module name:r478_m
          vpiName: a
          vpiDirection: input (1)
          vpiLowConn RefObj name:a start:53:45 end:53:46:
            vpiParent: Port name:a
            vpiName: a
            vpiFullName: r478_m.a.a
            vpiActual: Net name:a
          vpiTypespec RefTypespec start:53:39 end:53:44:
            vpiParent: Port name:a
            vpiFullName: r478_m.a
            vpiActual: LogicTypespec
    Module name:r483_m file:$Source01/16--error_rules.sv start:66:1 end:69:10:
      vpiParent: Design name:unnamed
      vpiName Identifier name:r483_m start:66:8 end:66:14:
      vpiFullName: r483_m
      vpiSequenceDecl (1 items):
        SequenceDecl name:r483_s start:67:3 end:67:46:
          vpiParent: Module name:r483_m
          vpiName Identifier name:r483_s start:67:12 end:67:18:
          vpiFullName: r483_m.r483_s
          vpiExpr Operation start:67:26 end:67:33:
            vpiParent: SequenceDecl name:r483_s
            vpiOpType: binary cycle delay (71)
            vpiOperand (3 items):
              RefObj name:x start:67:26 end:67:27:
                vpiParent: Operation
                vpiName: x
                vpiFullName: r483_m.r483_s.x
                vpiActual: SeqFormalDecl name:x
              Constant start:67:30 end:67:31:
                vpiParent: Operation
                vpiTypespec RefTypespec:
                  vpiParent: Constant
                  vpiFullName: r483_m.r483_s
                  vpiActual: IntTypespec
                vpiConstType: int (7)
                vpiSize: 32
                vpiDecompile: "1"
                vpiValue: 1
              RefObj name:y start:67:32 end:67:33:
                vpiParent: Operation
                vpiName: y
                vpiFullName: r483_m.r483_s.y
                vpiActual: SeqFormalDecl name:y
          vpiSeqFormalDecl (2 items):
            SeqFormalDecl name:x start:67:19 end:67:20:
              vpiParent: SequenceDecl name:r483_s
              vpiName Identifier name:x start:67:19 end:67:20:
              vpiTypespec RefTypespec:
                vpiParent: SeqFormalDecl name:x
                vpiFullName: r483_m.r483_s.x
                vpiActual: LogicTypespec
              vpiFormalType: data (1)
            SeqFormalDecl name:y start:67:22 end:67:23:
              vpiParent: SequenceDecl name:r483_s
              vpiName Identifier name:y start:67:22 end:67:23:
              vpiTypespec RefTypespec:
                vpiParent: SeqFormalDecl name:y
                vpiFullName: r483_m.r483_s.y
                vpiActual: LogicTypespec
              vpiFormalType: data (1)
      vpiConcurrentAssertions (1 items):
        Assert start:68:12 end:68:55:
          vpiParent: Module name:r483_m
          vpiLabel Identifier name:r483_a1 start:68:3 end:68:10:
          vpiProperty PropertySpec start:68:29 end:68:53:
            vpiParent: Assert
            vpiClockingEvent Operation start:68:31 end:68:42:
              vpiParent: PropertySpec
              vpiOpType: posedge (39)
              vpiOperand (1 items):
                RefObj name:clk start:68:39 end:68:42:
                  vpiParent: Operation
                  vpiName: clk
                  vpiFullName: r483_m.clk
                  vpiActual: Net name:clk
            vpiPropertyExpr SequenceInst name:r483_s start:68:44 end:68:53:
              vpiParent: PropertySpec
              vpiName: r483_s
              vpiSequenceDecl: SequenceDecl name:r483_s
              vpiArgument (1 items):
                NamedArgument start:68:51 end:68:52:
                  vpiParent: SequenceInst name:r483_s
                  vpiLowConn RefObj name:x:
                    vpiParent: NamedArgument
                    vpiName: x
                    vpiFullName: r483_m.r483_s.x
                    vpiActual: SeqFormalDecl name:x
                  vpiHighConn RefObj name:a start:68:51 end:68:52:
                    vpiParent: NamedArgument
                    vpiName: a
                    vpiFullName: r483_m.r483_s.a
                    vpiActual: Net name:a
      vpiTypespec (2 items):
        LogicTypespec:
          vpiParent: Module name:r483_m
        SequenceTypespec name:r483_s:
          vpiParent: Module name:r483_m
          vpiName: r483_s
          vpiSequenceDecl: SequenceDecl name:r483_s
      vpiDefName: r483_m
      vpiDefNetType: wire (1)
      vpiDefDelayMode: none (1)
      vpiUnconnDrive: highz (1)
      vpiLibrary RefObj name:work start:66:8 end:66:14:
        vpiParent: Module name:r483_m
        vpiName: work
        vpiFullName: r483_m.work
        vpiActual: Library name:work
      vpiCell: r483_m
      vpiNet (3 items):
        Net name:clk start:66:28 end:66:31:
          vpiParent: Module name:r483_m
          vpiTypespec RefTypespec start:66:22 end:66:27:
            vpiParent: Net name:clk
            vpiFullName: r483_m.clk
            vpiActual: LogicTypespec
          vpiName: clk
          vpiFullName: r483_m.clk
          vpiNetType: wire (1)
          vpiScalar: true
        Net name:a start:66:39 end:66:40:
          vpiParent: Module name:r483_m
          vpiTypespec RefTypespec start:66:33 end:66:38:
            vpiParent: Net name:a
            vpiFullName: r483_m.a
            vpiActual: LogicTypespec
          vpiName: a
          vpiFullName: r483_m.a
          vpiNetType: wire (1)
          vpiScalar: true
        Net name:b start:66:42 end:66:43:
          vpiParent: Module name:r483_m
          vpiTypespec RefTypespec:
            vpiParent: Net name:b
            vpiFullName: r483_m.b
            vpiActual: LogicTypespec
          vpiName: b
          vpiFullName: r483_m.b
          vpiNetType: wire (1)
          vpiScalar: true
      vpiPort (3 items):
        Port name:clk start:66:28 end:66:31:
          vpiParent: Module name:r483_m
          vpiName: clk
          vpiDirection: input (1)
          vpiLowConn RefObj name:clk start:66:28 end:66:31:
            vpiParent: Port name:clk
            vpiName: clk
            vpiFullName: r483_m.clk.clk
            vpiActual: Net name:clk
          vpiTypespec RefTypespec start:66:22 end:66:27:
            vpiParent: Port name:clk
            vpiFullName: r483_m.clk
            vpiActual: LogicTypespec
        Port name:a start:66:39 end:66:40:
          vpiParent: Module name:r483_m
          vpiName: a
          vpiDirection: input (1)
          vpiLowConn RefObj name:a start:66:39 end:66:40:
            vpiParent: Port name:a
            vpiName: a
            vpiFullName: r483_m.a.a
            vpiActual: Net name:a
          vpiTypespec RefTypespec start:66:33 end:66:38:
            vpiParent: Port name:a
            vpiFullName: r483_m.a
            vpiActual: LogicTypespec
        Port name:b start:66:42 end:66:43:
          vpiParent: Module name:r483_m
          vpiName: b
          vpiDirection: input (1)
          vpiLowConn RefObj name:b start:66:42 end:66:43:
            vpiParent: Port name:b
            vpiName: b
            vpiFullName: r483_m.b.b
            vpiActual: Net name:b
          vpiTypespec RefTypespec:
            vpiParent: Port name:b
            vpiFullName: r483_m.b
            vpiActual: LogicTypespec
    Module name:r484_m file:$Source01/16--error_rules.sv start:77:1 end:80:10:
      vpiParent: Design name:unnamed
      vpiName Identifier name:r484_m start:77:8 end:77:14:
      vpiFullName: r484_m
      vpiSequenceDecl (1 items):
        SequenceDecl name:r484_s start:78:3 end:78:46:
          vpiParent: Module name:r484_m
          vpiName Identifier name:r484_s start:78:12 end:78:18:
          vpiFullName: r484_m.r484_s
          vpiExpr Operation start:78:26 end:78:33:
            vpiParent: SequenceDecl name:r484_s
            vpiOpType: binary cycle delay (71)
            vpiOperand (3 items):
              RefObj name:x start:78:26 end:78:27:
                vpiParent: Operation
                vpiName: x
                vpiFullName: r484_m.r484_s.x
                vpiActual: SeqFormalDecl name:x
              Constant start:78:30 end:78:31:
                vpiParent: Operation
                vpiTypespec RefTypespec:
                  vpiParent: Constant
                  vpiFullName: r484_m.r484_s
                  vpiActual: IntTypespec
                vpiConstType: int (7)
                vpiSize: 32
                vpiDecompile: "1"
                vpiValue: 1
              RefObj name:y start:78:32 end:78:33:
                vpiParent: Operation
                vpiName: y
                vpiFullName: r484_m.r484_s.y
                vpiActual: SeqFormalDecl name:y
          vpiSeqFormalDecl (2 items):
            SeqFormalDecl name:x start:78:19 end:78:20:
              vpiParent: SequenceDecl name:r484_s
              vpiName Identifier name:x start:78:19 end:78:20:
              vpiTypespec RefTypespec:
                vpiParent: SeqFormalDecl name:x
                vpiFullName: r484_m.r484_s.x
                vpiActual: LogicTypespec
              vpiFormalType: data (1)
            SeqFormalDecl name:y start:78:22 end:78:23:
              vpiParent: SequenceDecl name:r484_s
              vpiName Identifier name:y start:78:22 end:78:23:
              vpiTypespec RefTypespec:
                vpiParent: SeqFormalDecl name:y
                vpiFullName: r484_m.r484_s.y
                vpiActual: LogicTypespec
              vpiFormalType: data (1)
      vpiConcurrentAssertions (1 items):
        Assert start:79:12 end:79:58:
          vpiParent: Module name:r484_m
          vpiLabel Identifier name:r484_a1 start:79:3 end:79:10:
          vpiProperty PropertySpec start:79:29 end:79:56:
            vpiParent: Assert
            vpiClockingEvent Operation start:79:31 end:79:42:
              vpiParent: PropertySpec
              vpiOpType: posedge (39)
              vpiOperand (1 items):
                RefObj name:clk start:79:39 end:79:42:
                  vpiParent: Operation
                  vpiName: clk
                  vpiFullName: r484_m.clk
                  vpiActual: Net name:clk
            vpiPropertyExpr SequenceInst name:r484_s start:79:44 end:79:56:
              vpiParent: PropertySpec
              vpiName: r484_s
              vpiSequenceDecl: SequenceDecl name:r484_s
              vpiArgument (2 items):
                NamedArgument start:79:51 end:79:55:
                  vpiParent: SequenceInst name:r484_s
                  vpiLowConn RefObj name:x:
                    vpiParent: NamedArgument
                    vpiName: x
                    vpiFullName: r484_m.r484_s.x
                    vpiActual: SeqFormalDecl name:x
                  vpiHighConn RefObj name:a start:79:51 end:79:52:
                    vpiParent: NamedArgument
                    vpiName: a
                    vpiFullName: r484_m.r484_s.a
                    vpiActual: Net name:a
                NamedArgument start:79:51 end:79:55:
                  vpiParent: SequenceInst name:r484_s
                  vpiLowConn RefObj name:y:
                    vpiParent: NamedArgument
                    vpiName: y
                    vpiFullName: r484_m.r484_s.y
                    vpiActual: SeqFormalDecl name:y
                  vpiHighConn Constant start:79:54 end:79:55:
                    vpiParent: NamedArgument
                    vpiTypespec RefTypespec:
                      vpiParent: Constant
                      vpiFullName: r484_m.r484_s
                      vpiActual: StringTypespec
                    vpiConstType: unbounded (11)
                    vpiDecompile: "$"
                    vpiValue: "$"
      vpiTypespec (2 items):
        LogicTypespec:
          vpiParent: Module name:r484_m
        SequenceTypespec name:r484_s:
          vpiParent: Module name:r484_m
          vpiName: r484_s
          vpiSequenceDecl: SequenceDecl name:r484_s
      vpiDefName: r484_m
      vpiDefNetType: wire (1)
      vpiDefDelayMode: none (1)
      vpiUnconnDrive: highz (1)
      vpiLibrary RefObj name:work start:77:8 end:77:14:
        vpiParent: Module name:r484_m
        vpiName: work
        vpiFullName: r484_m.work
        vpiActual: Library name:work
      vpiCell: r484_m
      vpiNet (3 items):
        Net name:clk start:77:28 end:77:31:
          vpiParent: Module name:r484_m
          vpiTypespec RefTypespec start:77:22 end:77:27:
            vpiParent: Net name:clk
            vpiFullName: r484_m.clk
            vpiActual: LogicTypespec
          vpiName: clk
          vpiFullName: r484_m.clk
          vpiNetType: wire (1)
          vpiScalar: true
        Net name:a start:77:39 end:77:40:
          vpiParent: Module name:r484_m
          vpiTypespec RefTypespec start:77:33 end:77:38:
            vpiParent: Net name:a
            vpiFullName: r484_m.a
            vpiActual: LogicTypespec
          vpiName: a
          vpiFullName: r484_m.a
          vpiNetType: wire (1)
          vpiScalar: true
        Net name:b start:77:42 end:77:43:
          vpiParent: Module name:r484_m
          vpiTypespec RefTypespec:
            vpiParent: Net name:b
            vpiFullName: r484_m.b
            vpiActual: LogicTypespec
          vpiName: b
          vpiFullName: r484_m.b
          vpiNetType: wire (1)
          vpiScalar: true
      vpiPort (3 items):
        Port name:clk start:77:28 end:77:31:
          vpiParent: Module name:r484_m
          vpiName: clk
          vpiDirection: input (1)
          vpiLowConn RefObj name:clk start:77:28 end:77:31:
            vpiParent: Port name:clk
            vpiName: clk
            vpiFullName: r484_m.clk.clk
            vpiActual: Net name:clk
          vpiTypespec RefTypespec start:77:22 end:77:27:
            vpiParent: Port name:clk
            vpiFullName: r484_m.clk
            vpiActual: LogicTypespec
        Port name:a start:77:39 end:77:40:
          vpiParent: Module name:r484_m
          vpiName: a
          vpiDirection: input (1)
          vpiLowConn RefObj name:a start:77:39 end:77:40:
            vpiParent: Port name:a
            vpiName: a
            vpiFullName: r484_m.a.a
            vpiActual: Net name:a
          vpiTypespec RefTypespec start:77:33 end:77:38:
            vpiParent: Port name:a
            vpiFullName: r484_m.a
            vpiActual: LogicTypespec
        Port name:b start:77:42 end:77:43:
          vpiParent: Module name:r484_m
          vpiName: b
          vpiDirection: input (1)
          vpiLowConn RefObj name:b start:77:42 end:77:43:
            vpiParent: Port name:b
            vpiName: b
            vpiFullName: r484_m.b.b
            vpiActual: Net name:b
          vpiTypespec RefTypespec:
            vpiParent: Port name:b
            vpiFullName: r484_m.b
            vpiActual: LogicTypespec
    Module name:r489_m file:$Source01/16--error_rules.sv start:87:1 end:90:10:
      vpiParent: Design name:unnamed
      vpiName Identifier name:r489_m start:87:8 end:87:14:
      vpiFullName: r489_m
      vpiSequenceDecl (1 items):
        SequenceDecl name:r489_s start:88:3 end:88:51:
          vpiParent: Module name:r489_m
          vpiName Identifier name:r489_s start:88:12 end:88:18:
          vpiFullName: r489_m.r489_s
          vpiExpr Operation start:88:33 end:88:38:
            vpiParent: SequenceDecl name:r489_s
            vpiOpType: goto repeat (78)
            vpiOperand (2 items):
              RefObj name:q start:88:32 end:88:33:
                vpiParent: Operation
                vpiName: q
                vpiFullName: r489_m.r489_s.q
                vpiActual: SeqFormalDecl name:q
              Constant start:88:36 end:88:37:
                vpiParent: Operation
                vpiTypespec RefTypespec:
                  vpiParent: Constant
                  vpiFullName: r489_m.r489_s
                  vpiActual: IntTypespec
                vpiConstType: unsigned int (9)
                vpiSize: 64
                vpiDecompile: "2"
                vpiValue: 2
          vpiSeqFormalDecl (1 items):
            SeqFormalDecl name:q start:88:19 end:88:29:
              vpiParent: SequenceDecl name:r489_s
              vpiName Identifier name:q start:88:28 end:88:29:
              vpiFormalType: sequence (2)
      vpiConcurrentAssertions (1 items):
        Assert start:89:12 end:89:61:
          vpiParent: Module name:r489_m
          vpiLabel Identifier name:r489_a1 start:89:3 end:89:10:
          vpiProperty PropertySpec start:89:29 end:89:59:
            vpiParent: Assert
            vpiClockingEvent Operation start:89:31 end:89:42:
              vpiParent: PropertySpec
              vpiOpType: posedge (39)
              vpiOperand (1 items):
                RefObj name:clk start:89:39 end:89:42:
                  vpiParent: Operation
                  vpiName: clk
                  vpiFullName: r489_m.clk
                  vpiActual: Net name:clk
            vpiPropertyExpr SequenceInst name:r489_s start:89:44 end:89:59:
              vpiParent: PropertySpec
              vpiName: r489_s
              vpiSequenceDecl: SequenceDecl name:r489_s
              vpiArgument (1 items):
                NamedArgument start:89:51 end:89:58:
                  vpiParent: SequenceInst name:r489_s
                  vpiLowConn RefObj name:q:
                    vpiParent: NamedArgument
                    vpiName: q
                    vpiFullName: r489_m.r489_s.q
                    vpiActual: SeqFormalDecl name:q
                  vpiHighConn Operation start:89:51 end:89:58:
                    vpiParent: NamedArgument
                    vpiOpType: binary cycle delay (71)
                    vpiOperand (3 items):
                      RefObj name:a start:89:51 end:89:52:
                        vpiParent: Operation
                        vpiName: a
                        vpiFullName: r489_m.r489_s.a
                        vpiActual: Net name:a
                      Constant start:89:55 end:89:56:
                        vpiParent: Operation
                        vpiTypespec RefTypespec:
                          vpiParent: Constant
                          vpiFullName: r489_m.r489_s
                          vpiActual: IntTypespec
                        vpiConstType: int (7)
                        vpiSize: 32
                        vpiDecompile: "1"
                        vpiValue: 1
                      RefObj name:b start:89:57 end:89:58:
                        vpiParent: Operation
                        vpiName: b
                        vpiFullName: r489_m.r489_s.b
                        vpiActual: Net name:b
      vpiTypespec (2 items):
        LogicTypespec:
          vpiParent: Module name:r489_m
        SequenceTypespec name:r489_s:
          vpiParent: Module name:r489_m
          vpiName: r489_s
          vpiSequenceDecl: SequenceDecl name:r489_s
      vpiDefName: r489_m
      vpiDefNetType: wire (1)
      vpiDefDelayMode: none (1)
      vpiUnconnDrive: highz (1)
      vpiLibrary RefObj name:work start:87:8 end:87:14:
        vpiParent: Module name:r489_m
        vpiName: work
        vpiFullName: r489_m.work
        vpiActual: Library name:work
      vpiCell: r489_m
      vpiNet (3 items):
        Net name:clk start:87:28 end:87:31:
          vpiParent: Module name:r489_m
          vpiTypespec RefTypespec start:87:22 end:87:27:
            vpiParent: Net name:clk
            vpiFullName: r489_m.clk
            vpiActual: LogicTypespec
          vpiName: clk
          vpiFullName: r489_m.clk
          vpiNetType: wire (1)
          vpiScalar: true
        Net name:a start:87:39 end:87:40:
          vpiParent: Module name:r489_m
          vpiTypespec RefTypespec start:87:33 end:87:38:
            vpiParent: Net name:a
            vpiFullName: r489_m.a
            vpiActual: LogicTypespec
          vpiName: a
          vpiFullName: r489_m.a
          vpiNetType: wire (1)
          vpiScalar: true
        Net name:b start:87:42 end:87:43:
          vpiParent: Module name:r489_m
          vpiTypespec RefTypespec:
            vpiParent: Net name:b
            vpiFullName: r489_m.b
            vpiActual: LogicTypespec
          vpiName: b
          vpiFullName: r489_m.b
          vpiNetType: wire (1)
          vpiScalar: true
      vpiPort (3 items):
        Port name:clk start:87:28 end:87:31:
          vpiParent: Module name:r489_m
          vpiName: clk
          vpiDirection: input (1)
          vpiLowConn RefObj name:clk start:87:28 end:87:31:
            vpiParent: Port name:clk
            vpiName: clk
            vpiFullName: r489_m.clk.clk
            vpiActual: Net name:clk
          vpiTypespec RefTypespec start:87:22 end:87:27:
            vpiParent: Port name:clk
            vpiFullName: r489_m.clk
            vpiActual: LogicTypespec
        Port name:a start:87:39 end:87:40:
          vpiParent: Module name:r489_m
          vpiName: a
          vpiDirection: input (1)
          vpiLowConn RefObj name:a start:87:39 end:87:40:
            vpiParent: Port name:a
            vpiName: a
            vpiFullName: r489_m.a.a
            vpiActual: Net name:a
          vpiTypespec RefTypespec start:87:33 end:87:38:
            vpiParent: Port name:a
            vpiFullName: r489_m.a
            vpiActual: LogicTypespec
        Port name:b start:87:42 end:87:43:
          vpiParent: Module name:r489_m
          vpiName: b
          vpiDirection: input (1)
          vpiLowConn RefObj name:b start:87:42 end:87:43:
            vpiParent: Port name:b
            vpiName: b
            vpiFullName: r489_m.b.b
            vpiActual: Net name:b
          vpiTypespec RefTypespec:
            vpiParent: Port name:b
            vpiFullName: r489_m.b
            vpiActual: LogicTypespec
    Module name:r490_m file:$Source01/16--error_rules.sv start:96:1 end:99:10:
      vpiParent: Design name:unnamed
      vpiName Identifier name:r490_m start:96:8 end:96:14:
      vpiFullName: r490_m
      vpiSequenceDecl (1 items):
        SequenceDecl name:r490_s start:97:3 end:97:50:
          vpiParent: Module name:r490_m
          vpiName Identifier name:r490_s start:97:12 end:97:18:
          vpiFullName: r490_m.r490_s
          vpiExpr ClockedSeq start:97:30 end:97:37:
            vpiParent: SequenceDecl name:r490_s
            vpiClockingEvent RefObj name:ev start:97:32 end:97:34:
              vpiParent: ClockedSeq
              vpiName: ev
              vpiFullName: r490_m.r490_s.ev
              vpiActual: SeqFormalDecl name:ev
            vpiSequenceExpr RefObj name:a start:97:36 end:97:37:
              vpiParent: ClockedSeq
              vpiName: a
              vpiFullName: r490_m.r490_s.a
              vpiActual: Net name:a
          vpiSeqFormalDecl (1 items):
            SeqFormalDecl name:ev start:97:25 end:97:27:
              vpiParent: SequenceDecl name:r490_s
              vpiName Identifier name:ev start:97:25 end:97:27:
              vpiTypespec RefTypespec:
                vpiParent: SeqFormalDecl name:ev
                vpiFullName: r490_m.r490_s.ev
                vpiActual: LogicTypespec
              vpiFormalType: data (1)
      vpiConcurrentAssertions (1 items):
        Assert start:98:12 end:98:42:
          vpiParent: Module name:r490_m
          vpiLabel Identifier name:r490_a1 start:98:3 end:98:10:
          vpiProperty PropertySpec start:98:29 end:98:40:
            vpiParent: Assert
            vpiPropertyExpr SequenceInst name:r490_s start:98:29 end:98:40:
              vpiParent: PropertySpec
              vpiName: r490_s
              vpiSequenceDecl: SequenceDecl name:r490_s
              vpiArgument (1 items):
                NamedArgument start:98:36 end:98:39:
                  vpiParent: SequenceInst name:r490_s
                  vpiLowConn RefObj name:ev:
                    vpiParent: NamedArgument
                    vpiName: ev
                    vpiFullName: r490_m.r490_s.ev
                    vpiActual: SeqFormalDecl name:ev
                  vpiHighConn RefObj name:clk start:98:36 end:98:39:
                    vpiParent: NamedArgument
                    vpiName: clk
                    vpiFullName: r490_m.r490_s.clk
                    vpiActual: Net name:clk
      vpiTypespec (2 items):
        LogicTypespec:
          vpiParent: Module name:r490_m
        SequenceTypespec name:r490_s:
          vpiParent: Module name:r490_m
          vpiName: r490_s
          vpiSequenceDecl: SequenceDecl name:r490_s
      vpiDefName: r490_m
      vpiDefNetType: wire (1)
      vpiDefDelayMode: none (1)
      vpiUnconnDrive: highz (1)
      vpiLibrary RefObj name:work start:96:8 end:96:14:
        vpiParent: Module name:r490_m
        vpiName: work
        vpiFullName: r490_m.work
        vpiActual: Library name:work
      vpiCell: r490_m
      vpiNet (2 items):
        Net name:clk start:96:28 end:96:31:
          vpiParent: Module name:r490_m
          vpiTypespec RefTypespec start:96:22 end:96:27:
            vpiParent: Net name:clk
            vpiFullName: r490_m.clk
            vpiActual: LogicTypespec
          vpiName: clk
          vpiFullName: r490_m.clk
          vpiNetType: wire (1)
          vpiScalar: true
        Net name:a start:96:39 end:96:40:
          vpiParent: Module name:r490_m
          vpiTypespec RefTypespec start:96:33 end:96:38:
            vpiParent: Net name:a
            vpiFullName: r490_m.a
            vpiActual: LogicTypespec
          vpiName: a
          vpiFullName: r490_m.a
          vpiNetType: wire (1)
          vpiScalar: true
      vpiPort (2 items):
        Port name:clk start:96:28 end:96:31:
          vpiParent: Module name:r490_m
          vpiName: clk
          vpiDirection: input (1)
          vpiLowConn RefObj name:clk start:96:28 end:96:31:
            vpiParent: Port name:clk
            vpiName: clk
            vpiFullName: r490_m.clk.clk
            vpiActual: Net name:clk
          vpiTypespec RefTypespec start:96:22 end:96:27:
            vpiParent: Port name:clk
            vpiFullName: r490_m.clk
            vpiActual: LogicTypespec
        Port name:a start:96:39 end:96:40:
          vpiParent: Module name:r490_m
          vpiName: a
          vpiDirection: input (1)
          vpiLowConn RefObj name:a start:96:39 end:96:40:
            vpiParent: Port name:a
            vpiName: a
            vpiFullName: r490_m.a.a
            vpiActual: Net name:a
          vpiTypespec RefTypespec start:96:33 end:96:38:
            vpiParent: Port name:a
            vpiFullName: r490_m.a
            vpiActual: LogicTypespec
    Module name:r511_m file:$Source01/16--error_rules.sv start:104:1 end:106:10:
      vpiParent: Design name:unnamed
      vpiName Identifier name:r511_m start:104:8 end:104:14:
      vpiFullName: r511_m
      vpiConcurrentAssertions (1 items):
        Assert start:105:12 end:105:59:
          vpiParent: Module name:r511_m
          vpiLabel Identifier name:r511_a1 start:105:3 end:105:10:
          vpiProperty PropertySpec start:105:29 end:105:57:
            vpiParent: Assert
            vpiClockingEvent Operation start:105:31 end:105:42:
              vpiParent: PropertySpec
              vpiOpType: posedge (39)
              vpiOperand (1 items):
                RefObj name:clk start:105:39 end:105:42:
                  vpiParent: Operation
                  vpiName: clk
                  vpiFullName: r511_m.clk
                  vpiActual: Net name:clk
            vpiPropertyExpr SysFuncCall name:$rose_gclk start:105:44 end:105:57:
              vpiParent: PropertySpec
              vpiName Identifier name:$rose_gclk start:105:44 end:105:54:
              vpiTaskFunc: Function name:$rose_gclk
              vpiArgument (1 items):
                RefObj name:a start:105:55 end:105:56:
                  vpiParent: SysFuncCall name:$rose_gclk
                  vpiName: a
                  vpiFullName: r511_m.a
                  vpiActual: Net name:a
      vpiTypespec (1 items):
        LogicTypespec:
          vpiParent: Module name:r511_m
      vpiDefName: r511_m
      vpiDefNetType: wire (1)
      vpiDefDelayMode: none (1)
      vpiUnconnDrive: highz (1)
      vpiLibrary RefObj name:work start:104:8 end:104:14:
        vpiParent: Module name:r511_m
        vpiName: work
        vpiFullName: r511_m.work
        vpiActual: Library name:work
      vpiCell: r511_m
      vpiNet (2 items):
        Net name:clk start:104:28 end:104:31:
          vpiParent: Module name:r511_m
          vpiTypespec RefTypespec start:104:22 end:104:27:
            vpiParent: Net name:clk
            vpiFullName: r511_m.clk
            vpiActual: LogicTypespec
          vpiName: clk
          vpiFullName: r511_m.clk
          vpiNetType: wire (1)
          vpiScalar: true
        Net name:a start:104:39 end:104:40:
          vpiParent: Module name:r511_m
          vpiTypespec RefTypespec start:104:33 end:104:38:
            vpiParent: Net name:a
            vpiFullName: r511_m.a
            vpiActual: LogicTypespec
          vpiName: a
          vpiFullName: r511_m.a
          vpiNetType: wire (1)
          vpiScalar: true
      vpiPort (2 items):
        Port name:clk start:104:28 end:104:31:
          vpiParent: Module name:r511_m
          vpiName: clk
          vpiDirection: input (1)
          vpiLowConn RefObj name:clk start:104:28 end:104:31:
            vpiParent: Port name:clk
            vpiName: clk
            vpiFullName: r511_m.clk.clk
            vpiActual: Net name:clk
          vpiTypespec RefTypespec start:104:22 end:104:27:
            vpiParent: Port name:clk
            vpiFullName: r511_m.clk
            vpiActual: LogicTypespec
        Port name:a start:104:39 end:104:40:
          vpiParent: Module name:r511_m
          vpiName: a
          vpiDirection: input (1)
          vpiLowConn RefObj name:a start:104:39 end:104:40:
            vpiParent: Port name:a
            vpiName: a
            vpiFullName: r511_m.a.a
            vpiActual: Net name:a
          vpiTypespec RefTypespec start:104:33 end:104:38:
            vpiParent: Port name:a
            vpiFullName: r511_m.a
            vpiActual: LogicTypespec
    Module name:r512_m file:$Source01/16--error_rules.sv start:112:1 end:116:10:
      vpiParent: Design name:unnamed
      vpiName Identifier name:r512_m start:112:8 end:112:14:
      vpiFullName: r512_m
      vpiConcurrentAssertions (1 items):
        Assert start:114:12 end:115:42:
          vpiParent: Module name:r512_m
          vpiLabel Identifier name:r512_a1 start:114:3 end:114:10:
          vpiProperty PropertySpec start:114:29 end:114:45:
            vpiParent: Assert
            vpiClockingEvent Operation start:114:31 end:114:42:
              vpiParent: PropertySpec
              vpiOpType: posedge (39)
              vpiOperand (1 items):
                RefObj name:clk start:114:39 end:114:42:
                  vpiParent: Operation
                  vpiName: clk
                  vpiFullName: r512_m.clk
                  vpiActual: Net name:clk
            vpiPropertyExpr RefObj name:a start:114:44 end:114:45:
              vpiParent: PropertySpec
              vpiName: a
              vpiFullName: r512_m.a
              vpiActual: Net name:a
          vpiElseStmt SysTaskCall name:$error start:115:10 end:115:41:
            vpiParent: Assert
            vpiName Identifier name:$error start:115:10 end:115:16:
            vpiTaskFunc: Task name:$error
            vpiArgument (2 items):
              Constant start:115:17 end:115:21:
                vpiParent: SysTaskCall name:$error
                vpiTypespec RefTypespec:
                  vpiParent: Constant
                  vpiFullName: r512_m
                  vpiActual: StringTypespec
                vpiConstType: string (6)
                vpiSize: 16
                vpiDecompile: "\"%b\""
                vpiValue: "%b"
              SysFuncCall name:$future_gclk start:115:23 end:115:40:
                vpiParent: SysTaskCall name:$error
                vpiName Identifier name:$future_gclk start:115:23 end:115:35:
                vpiArgument (1 items):
                  RefObj name:sig start:115:36 end:115:39:
                    vpiParent: SysFuncCall name:$future_gclk
                    vpiName: sig
                    vpiFullName: r512_m.sig
                    vpiActual: Net name:sig
      vpiTypespec (2 items):
        LogicTypespec:
          vpiParent: Module name:r512_m
        ClockingBlockTypespec:
          vpiParent: Module name:r512_m
          vpiClockingBlock: ClockingBlock
      vpiDefName: r512_m
      vpiDefNetType: wire (1)
      vpiDefDelayMode: none (1)
      vpiUnconnDrive: highz (1)
      vpiLibrary RefObj name:work start:112:8 end:112:14:
        vpiParent: Module name:r512_m
        vpiName: work
        vpiFullName: r512_m.work
        vpiActual: Library name:work
      vpiCell: r512_m
      vpiNet (3 items):
        Net name:clk start:112:28 end:112:31:
          vpiParent: Module name:r512_m
          vpiTypespec RefTypespec start:112:22 end:112:27:
            vpiParent: Net name:clk
            vpiFullName: r512_m.clk
            vpiActual: LogicTypespec
          vpiName: clk
          vpiFullName: r512_m.clk
          vpiNetType: wire (1)
          vpiScalar: true
        Net name:a start:112:39 end:112:40:
          vpiParent: Module name:r512_m
          vpiTypespec RefTypespec start:112:33 end:112:38:
            vpiParent: Net name:a
            vpiFullName: r512_m.a
            vpiActual: LogicTypespec
          vpiName: a
          vpiFullName: r512_m.a
          vpiNetType: wire (1)
          vpiScalar: true
        Net name:sig start:112:42 end:112:45:
          vpiParent: Module name:r512_m
          vpiTypespec RefTypespec:
            vpiParent: Net name:sig
            vpiFullName: r512_m.sig
            vpiActual: LogicTypespec
          vpiName: sig
          vpiFullName: r512_m.sig
          vpiNetType: wire (1)
          vpiScalar: true
      vpiGlobalClocking ClockingBlock start:113:3 end:113:46:
        vpiParent: Module name:r512_m
        vpiFullName: r512_m
        vpiClockingEvent EventControl start:113:19 end:113:33:
          vpiParent: ClockingBlock
          vpiCondition Operation start:113:21 end:113:32:
            vpiParent: EventControl
            vpiOpType: posedge (39)
            vpiOperand (1 items):
              RefObj name:clk start:113:29 end:113:32:
                vpiParent: Operation
                vpiName: clk
                vpiFullName: r512_m.clk
                vpiActual: Net name:clk
      vpiPort (3 items):
        Port name:clk start:112:28 end:112:31:
          vpiParent: Module name:r512_m
          vpiName: clk
          vpiDirection: input (1)
          vpiLowConn RefObj name:clk start:112:28 end:112:31:
            vpiParent: Port name:clk
            vpiName: clk
            vpiFullName: r512_m.clk.clk
            vpiActual: Net name:clk
          vpiTypespec RefTypespec start:112:22 end:112:27:
            vpiParent: Port name:clk
            vpiFullName: r512_m.clk
            vpiActual: LogicTypespec
        Port name:a start:112:39 end:112:40:
          vpiParent: Module name:r512_m
          vpiName: a
          vpiDirection: input (1)
          vpiLowConn RefObj name:a start:112:39 end:112:40:
            vpiParent: Port name:a
            vpiName: a
            vpiFullName: r512_m.a.a
            vpiActual: Net name:a
          vpiTypespec RefTypespec start:112:33 end:112:38:
            vpiParent: Port name:a
            vpiFullName: r512_m.a
            vpiActual: LogicTypespec
        Port name:sig start:112:42 end:112:45:
          vpiParent: Module name:r512_m
          vpiName: sig
          vpiDirection: input (1)
          vpiLowConn RefObj name:sig start:112:42 end:112:45:
            vpiParent: Port name:sig
            vpiName: sig
            vpiFullName: r512_m.sig.sig
            vpiActual: Net name:sig
          vpiTypespec RefTypespec:
            vpiParent: Port name:sig
            vpiFullName: r512_m.sig
            vpiActual: LogicTypespec
      vpiClockingBlock (1 items):
        ClockingBlock:
    Module name:r513_m file:$Source01/16--error_rules.sv start:120:1 end:123:10:
      vpiParent: Design name:unnamed
      vpiName Identifier name:r513_m start:120:8 end:120:14:
      vpiFullName: r513_m
      vpiConcurrentAssertions (1 items):
        Assert start:122:12 end:122:80:
          vpiParent: Module name:r513_m
          vpiLabel Identifier name:r513_a1 start:122:3 end:122:10:
          vpiProperty PropertySpec start:122:29 end:122:78:
            vpiParent: Assert
            vpiClockingEvent Operation start:122:31 end:122:42:
              vpiParent: PropertySpec
              vpiOpType: posedge (39)
              vpiOperand (1 items):
                RefObj name:clk start:122:39 end:122:42:
                  vpiParent: Operation
                  vpiName: clk
                  vpiFullName: r513_m.clk
                  vpiActual: Net name:clk
            vpiPropertyExpr SysFuncCall name:$future_gclk start:122:44 end:122:78:
              vpiParent: PropertySpec
              vpiName Identifier name:$future_gclk start:122:44 end:122:56:
              vpiArgument (1 items):
                Operation start:122:57 end:122:77:
                  vpiParent: SysFuncCall name:$future_gclk
                  vpiOpType: logical or (27)
                  vpiOperand (2 items):
                    RefObj name:a start:122:57 end:122:58:
                      vpiParent: Operation
                      vpiName: a
                      vpiFullName: r513_m.a
                      vpiActual: Net name:a
                    SysFuncCall name:$rising_gclk start:122:62 end:122:77:
                      vpiParent: Operation
                      vpiName Identifier name:$rising_gclk start:122:62 end:122:74:
                      vpiTaskFunc: Function name:$rising_gclk
                      vpiArgument (1 items):
                        RefObj name:b start:122:75 end:122:76:
                          vpiParent: SysFuncCall name:$rising_gclk
                          vpiName: b
                          vpiFullName: r513_m.b
                          vpiActual: Net name:b
      vpiTypespec (2 items):
        LogicTypespec:
          vpiParent: Module name:r513_m
        ClockingBlockTypespec:
          vpiParent: Module name:r513_m
          vpiClockingBlock: ClockingBlock
      vpiDefName: r513_m
      vpiDefNetType: wire (1)
      vpiDefDelayMode: none (1)
      vpiUnconnDrive: highz (1)
      vpiLibrary RefObj name:work start:120:8 end:120:14:
        vpiParent: Module name:r513_m
        vpiName: work
        vpiFullName: r513_m.work
        vpiActual: Library name:work
      vpiCell: r513_m
      vpiNet (3 items):
        Net name:clk start:120:28 end:120:31:
          vpiParent: Module name:r513_m
          vpiTypespec RefTypespec start:120:22 end:120:27:
            vpiParent: Net name:clk
            vpiFullName: r513_m.clk
            vpiActual: LogicTypespec
          vpiName: clk
          vpiFullName: r513_m.clk
          vpiNetType: wire (1)
          vpiScalar: true
        Net name:a start:120:39 end:120:40:
          vpiParent: Module name:r513_m
          vpiTypespec RefTypespec start:120:33 end:120:38:
            vpiParent: Net name:a
            vpiFullName: r513_m.a
            vpiActual: LogicTypespec
          vpiName: a
          vpiFullName: r513_m.a
          vpiNetType: wire (1)
          vpiScalar: true
        Net name:b start:120:42 end:120:43:
          vpiParent: Module name:r513_m
          vpiTypespec RefTypespec:
            vpiParent: Net name:b
            vpiFullName: r513_m.b
            vpiActual: LogicTypespec
          vpiName: b
          vpiFullName: r513_m.b
          vpiNetType: wire (1)
          vpiScalar: true
      vpiGlobalClocking ClockingBlock start:121:3 end:121:46:
        vpiParent: Module name:r513_m
        vpiFullName: r513_m
        vpiClockingEvent EventControl start:121:19 end:121:33:
          vpiParent: ClockingBlock
          vpiCondition Operation start:121:21 end:121:32:
            vpiParent: EventControl
            vpiOpType: posedge (39)
            vpiOperand (1 items):
              RefObj name:clk start:121:29 end:121:32:
                vpiParent: Operation
                vpiName: clk
                vpiFullName: r513_m.clk
                vpiActual: Net name:clk
      vpiPort (3 items):
        Port name:clk start:120:28 end:120:31:
          vpiParent: Module name:r513_m
          vpiName: clk
          vpiDirection: input (1)
          vpiLowConn RefObj name:clk start:120:28 end:120:31:
            vpiParent: Port name:clk
            vpiName: clk
            vpiFullName: r513_m.clk.clk
            vpiActual: Net name:clk
          vpiTypespec RefTypespec start:120:22 end:120:27:
            vpiParent: Port name:clk
            vpiFullName: r513_m.clk
            vpiActual: LogicTypespec
        Port name:a start:120:39 end:120:40:
          vpiParent: Module name:r513_m
          vpiName: a
          vpiDirection: input (1)
          vpiLowConn RefObj name:a start:120:39 end:120:40:
            vpiParent: Port name:a
            vpiName: a
            vpiFullName: r513_m.a.a
            vpiActual: Net name:a
          vpiTypespec RefTypespec start:120:33 end:120:38:
            vpiParent: Port name:a
            vpiFullName: r513_m.a
            vpiActual: LogicTypespec
        Port name:b start:120:42 end:120:43:
          vpiParent: Module name:r513_m
          vpiName: b
          vpiDirection: input (1)
          vpiLowConn RefObj name:b start:120:42 end:120:43:
            vpiParent: Port name:b
            vpiName: b
            vpiFullName: r513_m.b.b
            vpiActual: Net name:b
          vpiTypespec RefTypespec:
            vpiParent: Port name:b
            vpiFullName: r513_m.b
            vpiActual: LogicTypespec
      vpiClockingBlock (1 items):
        ClockingBlock:
    Module name:r514_m file:$Source01/16--error_rules.sv start:128:1 end:135:10:
      vpiParent: Design name:unnamed
      vpiName Identifier name:r514_m start:128:8 end:128:14:
      vpiFullName: r514_m
      vpiSequenceDecl (1 items):
        SequenceDecl name:r514_s start:130:3 end:133:14:
          vpiParent: Module name:r514_m
          vpiName Identifier name:r514_s start:130:12 end:130:18:
          vpiFullName: r514_m.r514_s
          vpiVariable (1 items):
            Variable name:v start:131:9 end:131:10:
              vpiParent: SequenceDecl name:r514_s
              vpiTypespec RefTypespec start:131:5 end:131:8:
                vpiParent: Variable name:v
                vpiFullName: r514_m.r514_s.v
                vpiActual: BitTypespec
              vpiName: v
              vpiFullName: r514_m.r514_s.v
          vpiExpr Operation start:132:5 end:132:33:
            vpiParent: SequenceDecl name:r514_s
            vpiOpType: binary cycle delay (71)
            vpiOperand (3 items):
              Operation start:132:5 end:132:15:
                vpiParent: Operation
                vpiOpType: list (37)
                vpiOperand (2 items):
                  RefObj name:a start:132:6 end:132:7:
                    vpiParent: Operation
                    vpiName: a
                    vpiFullName: r514_m.r514_s.a
                    vpiActual: Net name:a
                  Assignment start:132:9 end:132:14:
                    vpiParent: Operation
                    vpiBlocking: true
                    vpiLhs RefObj name:v start:132:9 end:132:10:
                      vpiParent: Assignment
                      vpiName: v
                      vpiFullName: r514_m.r514_s.v
                      vpiActual: Variable name:v
                    vpiRhs RefObj name:a start:132:13 end:132:14:
                      vpiParent: Assignment
                      vpiName: a
                      vpiFullName: r514_m.r514_s.a
                      vpiActual: Net name:a
              Constant start:132:18 end:132:19:
                vpiParent: Operation
                vpiTypespec RefTypespec:
                  vpiParent: Constant
                  vpiFullName: r514_m.r514_s
                  vpiActual: IntTypespec
                vpiConstType: int (7)
                vpiSize: 32
                vpiDecompile: "1"
                vpiValue: 1
              Operation start:132:28 end:132:33:
                vpiParent: Operation
                vpiOpType: goto repeat (78)
                vpiOperand (2 items):
                  Operation start:132:21 end:132:27:
                    vpiParent: Operation
                    vpiOpType: equal (14)
                    vpiOperand (2 items):
                      RefObj name:b start:132:21 end:132:22:
                        vpiParent: Operation
                        vpiName: b
                        vpiFullName: r514_m.r514_s.b
                        vpiActual: Net name:b
                      RefObj name:v start:132:26 end:132:27:
                        vpiParent: Operation
                        vpiName: v
                        vpiFullName: r514_m.r514_s.v
                        vpiActual: Variable name:v
                  Constant start:132:31 end:132:32:
                    vpiParent: Operation
                    vpiTypespec RefTypespec:
                      vpiParent: Constant
                      vpiFullName: r514_m.r514_s
                      vpiActual: IntTypespec
                    vpiConstType: unsigned int (9)
                    vpiSize: 64
                    vpiDecompile: "1"
                    vpiValue: 1
      vpiConcurrentAssertions (1 items):
        Assert start:134:12 end:134:72:
          vpiParent: Module name:r514_m
          vpiLabel Identifier name:r514_a1 start:134:3 end:134:10:
          vpiProperty PropertySpec start:134:29 end:134:70:
            vpiParent: Assert
            vpiClockingEvent Operation start:134:31 end:134:42:
              vpiParent: PropertySpec
              vpiOpType: posedge (39)
              vpiOperand (1 items):
                RefObj name:clk start:134:39 end:134:42:
                  vpiParent: Operation
                  vpiName: clk
                  vpiFullName: r514_m.clk
                  vpiActual: Net name:clk
            vpiPropertyExpr Operation start:134:44 end:134:70:
              vpiParent: PropertySpec
              vpiOpType: non overlap imply (51)
              vpiOperand (2 items):
                SequenceInst name:r514_s start:134:44 end:134:50:
                  vpiParent: Operation
                  vpiName: r514_s
                  vpiSequenceDecl: SequenceDecl name:r514_s
                SysFuncCall name:$future_gclk start:134:55 end:134:70:
                  vpiParent: Operation
                  vpiName Identifier name:$future_gclk start:134:55 end:134:67:
                  vpiArgument (1 items):
                    RefObj name:c start:134:68 end:134:69:
                      vpiParent: SysFuncCall name:$future_gclk
                      vpiName: c
                      vpiFullName: r514_m.c
                      vpiActual: Net name:c
      vpiTypespec (4 items):
        LogicTypespec:
          vpiParent: Module name:r514_m
        ClockingBlockTypespec:
          vpiParent: Module name:r514_m
          vpiClockingBlock: ClockingBlock
        SequenceTypespec name:r514_s:
          vpiParent: Module name:r514_m
          vpiName: r514_s
          vpiSequenceDecl: SequenceDecl name:r514_s
        BitTypespec:
          vpiParent: Module name:r514_m
      vpiDefName: r514_m
      vpiDefNetType: wire (1)
      vpiDefDelayMode: none (1)
      vpiUnconnDrive: highz (1)
      vpiLibrary RefObj name:work start:128:8 end:128:14:
        vpiParent: Module name:r514_m
        vpiName: work
        vpiFullName: r514_m.work
        vpiActual: Library name:work
      vpiCell: r514_m
      vpiNet (4 items):
        Net name:clk start:128:28 end:128:31:
          vpiParent: Module name:r514_m
          vpiTypespec RefTypespec start:128:22 end:128:27:
            vpiParent: Net name:clk
            vpiFullName: r514_m.clk
            vpiActual: LogicTypespec
          vpiName: clk
          vpiFullName: r514_m.clk
          vpiNetType: wire (1)
          vpiScalar: true
        Net name:a start:128:39 end:128:40:
          vpiParent: Module name:r514_m
          vpiTypespec RefTypespec start:128:33 end:128:38:
            vpiParent: Net name:a
            vpiFullName: r514_m.a
            vpiActual: LogicTypespec
          vpiName: a
          vpiFullName: r514_m.a
          vpiNetType: wire (1)
          vpiScalar: true
        Net name:b start:128:42 end:128:43:
          vpiParent: Module name:r514_m
          vpiTypespec RefTypespec:
            vpiParent: Net name:b
            vpiFullName: r514_m.b
            vpiActual: LogicTypespec
          vpiName: b
          vpiFullName: r514_m.b
          vpiNetType: wire (1)
          vpiScalar: true
        Net name:c start:128:45 end:128:46:
          vpiParent: Module name:r514_m
          vpiTypespec RefTypespec:
            vpiParent: Net name:c
            vpiFullName: r514_m.c
            vpiActual: LogicTypespec
          vpiName: c
          vpiFullName: r514_m.c
          vpiNetType: wire (1)
          vpiScalar: true
      vpiGlobalClocking ClockingBlock start:129:3 end:129:46:
        vpiParent: Module name:r514_m
        vpiFullName: r514_m
        vpiClockingEvent EventControl start:129:19 end:129:33:
          vpiParent: ClockingBlock
          vpiCondition Operation start:129:21 end:129:32:
            vpiParent: EventControl
            vpiOpType: posedge (39)
            vpiOperand (1 items):
              RefObj name:clk start:129:29 end:129:32:
                vpiParent: Operation
                vpiName: clk
                vpiFullName: r514_m.clk
                vpiActual: Net name:clk
      vpiPort (4 items):
        Port name:clk start:128:28 end:128:31:
          vpiParent: Module name:r514_m
          vpiName: clk
          vpiDirection: input (1)
          vpiLowConn RefObj name:clk start:128:28 end:128:31:
            vpiParent: Port name:clk
            vpiName: clk
            vpiFullName: r514_m.clk.clk
            vpiActual: Net name:clk
          vpiTypespec RefTypespec start:128:22 end:128:27:
            vpiParent: Port name:clk
            vpiFullName: r514_m.clk
            vpiActual: LogicTypespec
        Port name:a start:128:39 end:128:40:
          vpiParent: Module name:r514_m
          vpiName: a
          vpiDirection: input (1)
          vpiLowConn RefObj name:a start:128:39 end:128:40:
            vpiParent: Port name:a
            vpiName: a
            vpiFullName: r514_m.a.a
            vpiActual: Net name:a
          vpiTypespec RefTypespec start:128:33 end:128:38:
            vpiParent: Port name:a
            vpiFullName: r514_m.a
            vpiActual: LogicTypespec
        Port name:b start:128:42 end:128:43:
          vpiParent: Module name:r514_m
          vpiName: b
          vpiDirection: input (1)
          vpiLowConn RefObj name:b start:128:42 end:128:43:
            vpiParent: Port name:b
            vpiName: b
            vpiFullName: r514_m.b.b
            vpiActual: Net name:b
          vpiTypespec RefTypespec:
            vpiParent: Port name:b
            vpiFullName: r514_m.b
            vpiActual: LogicTypespec
        Port name:c start:128:45 end:128:46:
          vpiParent: Module name:r514_m
          vpiName: c
          vpiDirection: input (1)
          vpiLowConn RefObj name:c start:128:45 end:128:46:
            vpiParent: Port name:c
            vpiName: c
            vpiFullName: r514_m.c.c
            vpiActual: Net name:c
          vpiTypespec RefTypespec:
            vpiParent: Port name:c
            vpiFullName: r514_m.c
            vpiActual: LogicTypespec
      vpiClockingBlock (1 items):
        ClockingBlock:
    Module name:r515_m file:$Source01/16--error_rules.sv start:141:1 end:147:10:
      vpiParent: Design name:unnamed
      vpiName Identifier name:r515_m start:141:8 end:141:14:
      vpiFullName: r515_m
      vpiSequenceDecl (1 items):
        SequenceDecl name:r515_s start:142:3 end:145:14:
          vpiParent: Module name:r515_m
          vpiName Identifier name:r515_s start:142:12 end:142:18:
          vpiFullName: r515_m.r515_s
          vpiVariable (1 items):
            Variable name:h start:143:13 end:143:14:
              vpiParent: SequenceDecl name:r515_s
              vpiTypespec RefTypespec start:143:5 end:143:12:
                vpiParent: Variable name:h
                vpiFullName: r515_m.r515_s.h
                vpiActual: ChandleTypespec
              vpiName: h
              vpiFullName: r515_m.r515_s.h
          vpiExpr Operation start:144:5 end:144:12:
            vpiParent: SequenceDecl name:r515_s
            vpiOpType: binary cycle delay (71)
            vpiOperand (3 items):
              RefObj name:a start:144:5 end:144:6:
                vpiParent: Operation
                vpiName: a
                vpiFullName: r515_m.r515_s.a
                vpiActual: Net name:a
              Constant start:144:9 end:144:10:
                vpiParent: Operation
                vpiTypespec RefTypespec:
                  vpiParent: Constant
                  vpiFullName: r515_m.r515_s
                  vpiActual: IntTypespec
                vpiConstType: int (7)
                vpiSize: 32
                vpiDecompile: "1"
                vpiValue: 1
              RefObj name:b start:144:11 end:144:12:
                vpiParent: Operation
                vpiName: b
                vpiFullName: r515_m.r515_s.b
                vpiActual: Net name:b
      vpiConcurrentAssertions (1 items):
        Assert start:146:12 end:146:52:
          vpiParent: Module name:r515_m
          vpiLabel Identifier name:r515_a1 start:146:3 end:146:10:
          vpiProperty PropertySpec start:146:29 end:146:50:
            vpiParent: Assert
            vpiClockingEvent Operation start:146:31 end:146:42:
              vpiParent: PropertySpec
              vpiOpType: posedge (39)
              vpiOperand (1 items):
                RefObj name:clk start:146:39 end:146:42:
                  vpiParent: Operation
                  vpiName: clk
                  vpiFullName: r515_m.clk
                  vpiActual: Net name:clk
            vpiPropertyExpr SequenceInst name:r515_s start:146:44 end:146:50:
              vpiParent: PropertySpec
              vpiName: r515_s
              vpiSequenceDecl: SequenceDecl name:r515_s
      vpiTypespec (3 items):
        LogicTypespec:
          vpiParent: Module name:r515_m
        SequenceTypespec name:r515_s:
          vpiParent: Module name:r515_m
          vpiName: r515_s
          vpiSequenceDecl: SequenceDecl name:r515_s
        ChandleTypespec start:143:5 end:143:12:
          vpiParent: Module name:r515_m
      vpiDefName: r515_m
      vpiDefNetType: wire (1)
      vpiDefDelayMode: none (1)
      vpiUnconnDrive: highz (1)
      vpiLibrary RefObj name:work start:141:8 end:141:14:
        vpiParent: Module name:r515_m
        vpiName: work
        vpiFullName: r515_m.work
        vpiActual: Library name:work
      vpiCell: r515_m
      vpiNet (3 items):
        Net name:clk start:141:28 end:141:31:
          vpiParent: Module name:r515_m
          vpiTypespec RefTypespec start:141:22 end:141:27:
            vpiParent: Net name:clk
            vpiFullName: r515_m.clk
            vpiActual: LogicTypespec
          vpiName: clk
          vpiFullName: r515_m.clk
          vpiNetType: wire (1)
          vpiScalar: true
        Net name:a start:141:39 end:141:40:
          vpiParent: Module name:r515_m
          vpiTypespec RefTypespec start:141:33 end:141:38:
            vpiParent: Net name:a
            vpiFullName: r515_m.a
            vpiActual: LogicTypespec
          vpiName: a
          vpiFullName: r515_m.a
          vpiNetType: wire (1)
          vpiScalar: true
        Net name:b start:141:42 end:141:43:
          vpiParent: Module name:r515_m
          vpiTypespec RefTypespec:
            vpiParent: Net name:b
            vpiFullName: r515_m.b
            vpiActual: LogicTypespec
          vpiName: b
          vpiFullName: r515_m.b
          vpiNetType: wire (1)
          vpiScalar: true
      vpiPort (3 items):
        Port name:clk start:141:28 end:141:31:
          vpiParent: Module name:r515_m
          vpiName: clk
          vpiDirection: input (1)
          vpiLowConn RefObj name:clk start:141:28 end:141:31:
            vpiParent: Port name:clk
            vpiName: clk
            vpiFullName: r515_m.clk.clk
            vpiActual: Net name:clk
          vpiTypespec RefTypespec start:141:22 end:141:27:
            vpiParent: Port name:clk
            vpiFullName: r515_m.clk
            vpiActual: LogicTypespec
        Port name:a start:141:39 end:141:40:
          vpiParent: Module name:r515_m
          vpiName: a
          vpiDirection: input (1)
          vpiLowConn RefObj name:a start:141:39 end:141:40:
            vpiParent: Port name:a
            vpiName: a
            vpiFullName: r515_m.a.a
            vpiActual: Net name:a
          vpiTypespec RefTypespec start:141:33 end:141:38:
            vpiParent: Port name:a
            vpiFullName: r515_m.a
            vpiActual: LogicTypespec
        Port name:b start:141:42 end:141:43:
          vpiParent: Module name:r515_m
          vpiName: b
          vpiDirection: input (1)
          vpiLowConn RefObj name:b start:141:42 end:141:43:
            vpiParent: Port name:b
            vpiName: b
            vpiFullName: r515_m.b.b
            vpiActual: Net name:b
          vpiTypespec RefTypespec:
            vpiParent: Port name:b
            vpiFullName: r515_m.b
            vpiActual: LogicTypespec
    Module name:r554_m file:$Source01/16--error_rules.sv start:151:1 end:156:10:
      vpiParent: Design name:unnamed
      vpiName Identifier name:r554_m start:151:8 end:151:14:
      vpiFullName: r554_m
      vpiSequenceDecl (1 items):
        SequenceDecl name:r554_e1 start:152:3 end:152:56:
          vpiParent: Module name:r554_m
          vpiName Identifier name:r554_e1 start:152:12 end:152:19:
          vpiFullName: r554_m.r554_e1
          vpiExpr ClockedSeq start:152:21 end:152:43:
            vpiParent: SequenceDecl name:r554_e1
            vpiClockingEvent Operation start:152:23 end:152:34:
              vpiParent: ClockedSeq
              vpiOpType: posedge (39)
              vpiOperand (1 items):
                RefObj name:clk start:152:31 end:152:34:
                  vpiParent: Operation
                  vpiName: clk
                  vpiFullName: r554_m.r554_e1.clk
                  vpiActual: Net name:clk
            vpiSequenceExpr Operation start:152:36 end:152:43:
              vpiParent: ClockedSeq
              vpiOpType: binary cycle delay (71)
              vpiOperand (3 items):
                RefObj name:a start:152:36 end:152:37:
                  vpiParent: Operation
                  vpiName: a
                  vpiFullName: r554_m.r554_e1.a
                  vpiActual: Net name:a
                Constant start:152:40 end:152:41:
                  vpiParent: Operation
                  vpiTypespec RefTypespec:
                    vpiParent: Constant
                    vpiFullName: r554_m.r554_e1
                    vpiActual: IntTypespec
                  vpiConstType: int (7)
                  vpiSize: 32
                  vpiDecompile: "1"
                  vpiValue: 1
                RefObj name:b start:152:42 end:152:43:
                  vpiParent: Operation
                  vpiName: b
                  vpiFullName: r554_m.r554_e1.b
                  vpiActual: Net name:b
      vpiTypespec (2 items):
        LogicTypespec:
          vpiParent: Module name:r554_m
        SequenceTypespec name:r554_e1:
          vpiParent: Module name:r554_m
          vpiName: r554_e1
          vpiSequenceDecl: SequenceDecl name:r554_e1
      vpiDefName: r554_m
      vpiDefNetType: wire (1)
      vpiDefDelayMode: none (1)
      vpiUnconnDrive: highz (1)
      vpiLibrary RefObj name:work start:151:8 end:151:14:
        vpiParent: Module name:r554_m
        vpiName: work
        vpiFullName: r554_m.work
        vpiActual: Library name:work
      vpiCell: r554_m
      vpiNet (4 items):
        Net name:clk start:151:28 end:151:31:
          vpiParent: Module name:r554_m
          vpiTypespec RefTypespec start:151:22 end:151:27:
            vpiParent: Net name:clk
            vpiFullName: r554_m.clk
            vpiActual: LogicTypespec
          vpiName: clk
          vpiFullName: r554_m.clk
          vpiNetType: wire (1)
          vpiScalar: true
        Net name:a start:151:47 end:151:48:
          vpiParent: Module name:r554_m
          vpiTypespec RefTypespec start:151:41 end:151:46:
            vpiParent: Net name:a
            vpiFullName: r554_m.a
            vpiActual: LogicTypespec
          vpiName: a
          vpiFullName: r554_m.a
          vpiNetType: wire (1)
          vpiScalar: true
        Net name:sysclk start:151:33 end:151:39:
          vpiParent: Module name:r554_m
          vpiTypespec RefTypespec:
            vpiParent: Net name:sysclk
            vpiFullName: r554_m.sysclk
            vpiActual: LogicTypespec
          vpiName: sysclk
          vpiFullName: r554_m.sysclk
          vpiNetType: wire (1)
          vpiScalar: true
        Net name:b start:151:50 end:151:51:
          vpiParent: Module name:r554_m
          vpiTypespec RefTypespec:
            vpiParent: Net name:b
            vpiFullName: r554_m.b
            vpiActual: LogicTypespec
          vpiName: b
          vpiFullName: r554_m.b
          vpiNetType: wire (1)
          vpiScalar: true
      vpiPort (4 items):
        Port name:clk start:151:28 end:151:31:
          vpiParent: Module name:r554_m
          vpiName: clk
          vpiDirection: input (1)
          vpiLowConn RefObj name:clk start:151:28 end:151:31:
            vpiParent: Port name:clk
            vpiName: clk
            vpiFullName: r554_m.clk.clk
            vpiActual: Net name:clk
          vpiTypespec RefTypespec start:151:22 end:151:27:
            vpiParent: Port name:clk
            vpiFullName: r554_m.clk
            vpiActual: LogicTypespec
        Port name:sysclk start:151:33 end:151:39:
          vpiParent: Module name:r554_m
          vpiName: sysclk
          vpiDirection: input (1)
          vpiLowConn RefObj name:sysclk start:151:33 end:151:39:
            vpiParent: Port name:sysclk
            vpiName: sysclk
            vpiFullName: r554_m.sysclk.sysclk
            vpiActual: Net name:sysclk
          vpiTypespec RefTypespec:
            vpiParent: Port name:sysclk
            vpiFullName: r554_m.sysclk
            vpiActual: LogicTypespec
        Port name:a start:151:47 end:151:48:
          vpiParent: Module name:r554_m
          vpiName: a
          vpiDirection: input (1)
          vpiLowConn RefObj name:a start:151:47 end:151:48:
            vpiParent: Port name:a
            vpiName: a
            vpiFullName: r554_m.a.a
            vpiActual: Net name:a
          vpiTypespec RefTypespec start:151:41 end:151:46:
            vpiParent: Port name:a
            vpiFullName: r554_m.a
            vpiActual: LogicTypespec
        Port name:b start:151:50 end:151:51:
          vpiParent: Module name:r554_m
          vpiName: b
          vpiDirection: input (1)
          vpiLowConn RefObj name:b start:151:50 end:151:51:
            vpiParent: Port name:b
            vpiName: b
            vpiFullName: r554_m.b.b
            vpiActual: Net name:b
          vpiTypespec RefTypespec:
            vpiParent: Port name:b
            vpiFullName: r554_m.b
            vpiActual: LogicTypespec
      vpiProcess (1 items):
        Initial start:153:3 end:155:6:
          vpiParent: Module name:r554_m
          vpiStmt Begin start:153:11 end:155:6:
            vpiParent: Initial
            vpiFullName: r554_m
            vpiStmt (1 items):
              WaitStmt start:154:5 end:154:28:
                vpiParent: Begin
                vpiCondition RefObj name:r554_e1.matched start:154:11 end:154:26:
                  vpiParent: WaitStmt
                  vpiName: r554_e1.matched
                  vpiFullName: r554_m.r554_e1.matched
                  vpiPathElem (2 items):
                    RefObj name:r554_e1 start:154:11 end:154:18:
                      vpiParent: RefObj name:r554_e1.matched
                      vpiName: r554_e1
                      vpiFullName: r554_m.r554_e1
                      vpiActual: SequenceDecl name:r554_e1
                    MethodFuncCall name:matched start:154:19 end:154:26:
                      vpiParent: RefObj name:r554_e1.matched
                      vpiName Identifier name:matched start:154:19 end:154:26:
                      vpiIsProperty: true
                      vpiTaskFunc: Function name:matched
                  vpiActual: MethodFuncCall name:matched
    Module name:r560_m file:$Source01/16--error_rules.sv start:163:1 end:169:10:
      vpiParent: Design name:unnamed
      vpiName Identifier name:r560_m start:163:8 end:163:14:
      vpiFullName: r560_m
      vpiPropertyDecl (1 items):
        PropertyDecl name:r560_p start:165:3 end:167:14:
          vpiParent: Module name:r560_m
          vpiName Identifier name:r560_p start:165:12 end:165:18:
          vpiFullName: r560_m.r560_p
          vpiPropFormalDecl (2 items):
            PropFormalDecl name:start_event start:165:19 end:165:30:
              vpiParent: PropertyDecl name:r560_p
              vpiName: start_event
              vpiTypespec RefTypespec:
                vpiParent: PropFormalDecl name:start_event
                vpiFullName: r560_m.r560_p.start_event
                vpiActual: LogicTypespec
              vpiFormalType: data (1)
            PropFormalDecl name:form start:165:32 end:165:36:
              vpiParent: PropertyDecl name:r560_p
              vpiName: form
              vpiTypespec RefTypespec:
                vpiParent: PropFormalDecl name:form
                vpiFullName: r560_m.r560_p.form
                vpiActual: LogicTypespec
              vpiFormalType: data (1)
          vpiPropertySpec PropertySpec start:166:5 end:166:44:
            vpiParent: PropertyDecl name:r560_p
            vpiClockingEvent SysFuncCall name:$inferred_clock start:166:7 end:166:22:
              vpiParent: PropertySpec
              vpiName Identifier name:$inferred_clock start:166:7 end:166:22:
              vpiIsProperty: true
            vpiPropertyExpr Operation start:166:24 end:166:44:
              vpiParent: PropertySpec
              vpiOpType: non overlap imply (51)
              vpiOperand (2 items):
                RefObj name:start_event start:166:24 end:166:35:
                  vpiParent: Operation
                  vpiName: start_event
                  vpiFullName: r560_m.r560_p.start_event
                  vpiActual: PropFormalDecl name:start_event
                RefObj name:form start:166:40 end:166:44:
                  vpiParent: Operation
                  vpiName: form
                  vpiFullName: r560_m.r560_p.form
                  vpiActual: PropFormalDecl name:form
      vpiConcurrentAssertions (1 items):
        Assert start:168:12 end:168:43:
          vpiParent: Module name:r560_m
          vpiLabel Identifier name:r560_a1 start:168:3 end:168:10:
          vpiProperty PropertySpec start:168:29 end:168:41:
            vpiParent: Assert
            vpiPropertyExpr PropertyInst name:r560_p start:168:29 end:168:41:
              vpiParent: PropertySpec
              vpiName: r560_p
              vpiArgument (2 items):
                NamedArgument start:168:36 end:168:40:
                  vpiParent: PropertyInst name:r560_p
                  vpiLowConn RefObj name:start_event:
                    vpiParent: NamedArgument
                    vpiName: start_event
                    vpiFullName: r560_m.r560_p.start_event
                    vpiActual: PropFormalDecl name:start_event
                  vpiHighConn RefObj name:a start:168:36 end:168:37:
                    vpiParent: NamedArgument
                    vpiName: a
                    vpiFullName: r560_m.r560_p.a
                    vpiActual: Net name:a
                NamedArgument start:168:36 end:168:40:
                  vpiParent: PropertyInst name:r560_p
                  vpiLowConn RefObj name:form:
                    vpiParent: NamedArgument
                    vpiName: form
                    vpiFullName: r560_m.r560_p.form
                    vpiActual: PropFormalDecl name:form
                  vpiHighConn RefObj name:b start:168:39 end:168:40:
                    vpiParent: NamedArgument
                    vpiName: b
                    vpiFullName: r560_m.r560_p.b
                    vpiActual: Net name:b
              vpiPropertyDecl: PropertyDecl name:r560_p
      vpiTypespec (3 items):
        LogicTypespec:
          vpiParent: Module name:r560_m
        ClockingBlockTypespec name:r560_cb:
          vpiParent: Module name:r560_m
          vpiName: r560_cb
          vpiClockingBlock: ClockingBlock name:r560_cb
        PropertyTypespec name:r560_p:
          vpiParent: Module name:r560_m
          vpiName: r560_p
          vpiPropertyDecl: PropertyDecl name:r560_p
      vpiDefName: r560_m
      vpiDefNetType: wire (1)
      vpiDefDelayMode: none (1)
      vpiUnconnDrive: highz (1)
      vpiLibrary RefObj name:work start:163:8 end:163:14:
        vpiParent: Module name:r560_m
        vpiName: work
        vpiFullName: r560_m.work
        vpiActual: Library name:work
      vpiCell: r560_m
      vpiNet (4 items):
        Net name:clk start:163:28 end:163:31:
          vpiParent: Module name:r560_m
          vpiTypespec RefTypespec start:163:22 end:163:27:
            vpiParent: Net name:clk
            vpiFullName: r560_m.clk
            vpiActual: LogicTypespec
          vpiName: clk
          vpiFullName: r560_m.clk
          vpiNetType: wire (1)
          vpiScalar: true
        Net name:a start:163:39 end:163:40:
          vpiParent: Module name:r560_m
          vpiTypespec RefTypespec start:163:33 end:163:38:
            vpiParent: Net name:a
            vpiFullName: r560_m.a
            vpiActual: LogicTypespec
          vpiName: a
          vpiFullName: r560_m.a
          vpiNetType: wire (1)
          vpiScalar: true
        Net name:b start:163:42 end:163:43:
          vpiParent: Module name:r560_m
          vpiTypespec RefTypespec:
            vpiParent: Net name:b
            vpiFullName: r560_m.b
            vpiActual: LogicTypespec
          vpiName: b
          vpiFullName: r560_m.b
          vpiNetType: wire (1)
          vpiScalar: true
        Net name:rst start:163:45 end:163:48:
          vpiParent: Module name:r560_m
          vpiTypespec RefTypespec:
            vpiParent: Net name:rst
            vpiFullName: r560_m.rst
            vpiActual: LogicTypespec
          vpiName: rst
          vpiFullName: r560_m.rst
          vpiNetType: wire (1)
          vpiScalar: true
      vpiDefaultClocking ClockingBlock name:r560_cb start:164:3 end:164:55:
        vpiParent: Module name:r560_m
        vpiName Identifier name:r560_cb start:164:20 end:164:27:
        vpiFullName: r560_m.r560_cb
        vpiClockingEvent EventControl start:164:28 end:164:42:
          vpiParent: ClockingBlock name:r560_cb
          vpiCondition Operation start:164:30 end:164:41:
            vpiParent: EventControl
            vpiOpType: posedge (39)
            vpiOperand (1 items):
              RefObj name:clk start:164:38 end:164:41:
                vpiParent: Operation
                vpiName: clk
                vpiFullName: r560_m.r560_cb.clk
                vpiActual: Net name:clk
      vpiPort (4 items):
        Port name:clk start:163:28 end:163:31:
          vpiParent: Module name:r560_m
          vpiName: clk
          vpiDirection: input (1)
          vpiLowConn RefObj name:clk start:163:28 end:163:31:
            vpiParent: Port name:clk
            vpiName: clk
            vpiFullName: r560_m.clk.clk
            vpiActual: Net name:clk
          vpiTypespec RefTypespec start:163:22 end:163:27:
            vpiParent: Port name:clk
            vpiFullName: r560_m.clk
            vpiActual: LogicTypespec
        Port name:a start:163:39 end:163:40:
          vpiParent: Module name:r560_m
          vpiName: a
          vpiDirection: input (1)
          vpiLowConn RefObj name:a start:163:39 end:163:40:
            vpiParent: Port name:a
            vpiName: a
            vpiFullName: r560_m.a.a
            vpiActual: Net name:a
          vpiTypespec RefTypespec start:163:33 end:163:38:
            vpiParent: Port name:a
            vpiFullName: r560_m.a
            vpiActual: LogicTypespec
        Port name:b start:163:42 end:163:43:
          vpiParent: Module name:r560_m
          vpiName: b
          vpiDirection: input (1)
          vpiLowConn RefObj name:b start:163:42 end:163:43:
            vpiParent: Port name:b
            vpiName: b
            vpiFullName: r560_m.b.b
            vpiActual: Net name:b
          vpiTypespec RefTypespec:
            vpiParent: Port name:b
            vpiFullName: r560_m.b
            vpiActual: LogicTypespec
        Port name:rst start:163:45 end:163:48:
          vpiParent: Module name:r560_m
          vpiName: rst
          vpiDirection: input (1)
          vpiLowConn RefObj name:rst start:163:45 end:163:48:
            vpiParent: Port name:rst
            vpiName: rst
            vpiFullName: r560_m.rst.rst
            vpiActual: Net name:rst
          vpiTypespec RefTypespec:
            vpiParent: Port name:rst
            vpiFullName: r560_m.rst
            vpiActual: LogicTypespec
      vpiClockingBlock (1 items):
        ClockingBlock name:r560_cb:
    Module name:r563_m file:$Source01/16--error_rules.sv start:175:1 end:181:10:
      vpiParent: Design name:unnamed
      vpiName Identifier name:r563_m start:175:8 end:175:14:
      vpiFullName: r563_m
      vpiTypespec (2 items):
        LogicTypespec:
          vpiParent: Module name:r563_m
        ClockingBlockTypespec name:r563_posedge_clk:
          vpiParent: Module name:r563_m
          vpiName: r563_posedge_clk
          vpiClockingBlock: ClockingBlock name:r563_posedge_clk
      vpiDefName: r563_m
      vpiDefNetType: wire (1)
      vpiDefDelayMode: none (1)
      vpiUnconnDrive: highz (1)
      vpiLibrary RefObj name:work start:175:8 end:175:14:
        vpiParent: Module name:r563_m
        vpiName: work
        vpiFullName: r563_m.work
        vpiActual: Library name:work
      vpiCell: r563_m
      vpiNet (2 items):
        Net name:clk start:175:28 end:175:31:
          vpiParent: Module name:r563_m
          vpiTypespec RefTypespec start:175:22 end:175:27:
            vpiParent: Net name:clk
            vpiFullName: r563_m.clk
            vpiActual: LogicTypespec
          vpiName: clk
          vpiFullName: r563_m.clk
          vpiNetType: wire (1)
          vpiScalar: true
        Net name:b start:175:39 end:175:40:
          vpiParent: Module name:r563_m
          vpiTypespec RefTypespec start:175:33 end:175:38:
            vpiParent: Net name:b
            vpiFullName: r563_m.b
            vpiActual: LogicTypespec
          vpiName: b
          vpiFullName: r563_m.b
          vpiNetType: wire (1)
          vpiScalar: true
      vpiDefaultClocking ClockingBlock name:r563_posedge_clk start:176:3 end:180:14:
        vpiParent: Module name:r563_m
        vpiName Identifier name:r563_posedge_clk start:176:20 end:176:36:
        vpiFullName: r563_m.r563_posedge_clk
        vpiSequenceDecl (1 items):
          SequenceDecl name:r563_s1 start:177:5 end:179:16:
            vpiParent: ClockingBlock name:r563_posedge_clk
            vpiName Identifier name:r563_s1 start:177:14 end:177:21:
            vpiFullName: r563_m.r563_posedge_clk.r563_s1
            vpiExpr ClockedSeq start:178:7 end:178:27:
              vpiParent: SequenceDecl name:r563_s1
              vpiClockingEvent Operation start:178:9 end:178:20:
                vpiParent: ClockedSeq
                vpiOpType: posedge (39)
                vpiOperand (1 items):
                  RefObj name:clk start:178:17 end:178:20:
                    vpiParent: Operation
                    vpiName: clk
                    vpiFullName: r563_m.r563_posedge_clk.r563_s1.clk
                    vpiActual: Net name:clk
              vpiSequenceExpr Operation start:178:23 end:178:27:
                vpiParent: ClockedSeq
                vpiOpType: consecutive repeat (77)
                vpiOperand (2 items):
                  RefObj name:b start:178:22 end:178:23:
                    vpiParent: Operation
                    vpiName: b
                    vpiFullName: r563_m.r563_posedge_clk.r563_s1.b
                    vpiActual: Net name:b
                  Constant start:178:25 end:178:26:
                    vpiParent: Operation
                    vpiTypespec RefTypespec:
                      vpiParent: Constant
                      vpiFullName: r563_m.r563_posedge_clk.r563_s1
                      vpiActual: IntTypespec
                    vpiConstType: unsigned int (9)
                    vpiSize: 64
                    vpiDecompile: "3"
                    vpiValue: 3
        vpiTypespec (1 items):
          SequenceTypespec name:r563_s1:
            vpiParent: ClockingBlock name:r563_posedge_clk
            vpiName: r563_s1
            vpiSequenceDecl: SequenceDecl name:r563_s1
        vpiClockingEvent EventControl start:176:37 end:176:51:
          vpiParent: ClockingBlock name:r563_posedge_clk
          vpiCondition Operation start:176:39 end:176:50:
            vpiParent: EventControl
            vpiOpType: posedge (39)
            vpiOperand (1 items):
              RefObj name:clk start:176:47 end:176:50:
                vpiParent: Operation
                vpiName: clk
                vpiFullName: r563_m.r563_posedge_clk.clk
                vpiActual: Net name:clk
      vpiPort (2 items):
        Port name:clk start:175:28 end:175:31:
          vpiParent: Module name:r563_m
          vpiName: clk
          vpiDirection: input (1)
          vpiLowConn RefObj name:clk start:175:28 end:175:31:
            vpiParent: Port name:clk
            vpiName: clk
            vpiFullName: r563_m.clk.clk
            vpiActual: Net name:clk
          vpiTypespec RefTypespec start:175:22 end:175:27:
            vpiParent: Port name:clk
            vpiFullName: r563_m.clk
            vpiActual: LogicTypespec
        Port name:b start:175:39 end:175:40:
          vpiParent: Module name:r563_m
          vpiName: b
          vpiDirection: input (1)
          vpiLowConn RefObj name:b start:175:39 end:175:40:
            vpiParent: Port name:b
            vpiName: b
            vpiFullName: r563_m.b.b
            vpiActual: Net name:b
          vpiTypespec RefTypespec start:175:33 end:175:38:
            vpiParent: Port name:b
            vpiFullName: r563_m.b
            vpiActual: LogicTypespec
      vpiClockingBlock (1 items):
        ClockingBlock name:r563_posedge_clk:
  vpiTypespec (25 items):
    ModuleTypespec name:r468_m:
      vpiParent: Design name:unnamed
      vpiName Identifier name:r468_m start:11:8 end:11:14:
      vpiDefName: r468_m
      vpiModule: Module name:r468_m
    StringTypespec:
      vpiParent: Design name:unnamed
    ClassTypespec name:r474_c start:22:7 end:22:13:
      vpiParent: Design name:unnamed
      vpiName Identifier name:r474_c:
      vpiDefName: r474_c
      vpiClassDefn: ClassDefn name:r474_c
    ModuleTypespec name:r474_m:
      vpiParent: Design name:unnamed
      vpiName Identifier name:r474_m start:26:8 end:26:14:
      vpiDefName: r474_m
      vpiModule: Module name:r474_m
    ModuleTypespec name:r476_m:
      vpiParent: Design name:unnamed
      vpiName Identifier name:r476_m start:36:8 end:36:14:
      vpiDefName: r476_m
      vpiModule: Module name:r476_m
    IntTypespec:
      vpiParent: Design name:unnamed
      vpiSigned: true
    ModuleTypespec name:r477_m:
      vpiParent: Design name:unnamed
      vpiName Identifier name:r477_m start:44:8 end:44:14:
      vpiDefName: r477_m
      vpiModule: Module name:r477_m
    ModuleTypespec name:r478_m:
      vpiParent: Design name:unnamed
      vpiName Identifier name:r478_m start:53:8 end:53:14:
      vpiDefName: r478_m
      vpiModule: Module name:r478_m
    ModuleTypespec name:r483_m:
      vpiParent: Design name:unnamed
      vpiName Identifier name:r483_m start:66:8 end:66:14:
      vpiDefName: r483_m
      vpiModule: Module name:r483_m
    ModuleTypespec name:r484_m:
      vpiParent: Design name:unnamed
      vpiName Identifier name:r484_m start:77:8 end:77:14:
      vpiDefName: r484_m
      vpiModule: Module name:r484_m
    ModuleTypespec name:r489_m:
      vpiParent: Design name:unnamed
      vpiName Identifier name:r489_m start:87:8 end:87:14:
      vpiDefName: r489_m
      vpiModule: Module name:r489_m
    ModuleTypespec name:r490_m:
      vpiParent: Design name:unnamed
      vpiName Identifier name:r490_m start:96:8 end:96:14:
      vpiDefName: r490_m
      vpiModule: Module name:r490_m
    ModuleTypespec name:r511_m:
      vpiParent: Design name:unnamed
      vpiName Identifier name:r511_m start:104:8 end:104:14:
      vpiDefName: r511_m
      vpiModule: Module name:r511_m
    ModuleTypespec name:r512_m:
      vpiParent: Design name:unnamed
      vpiName Identifier name:r512_m start:112:8 end:112:14:
      vpiDefName: r512_m
      vpiModule: Module name:r512_m
    ModuleTypespec name:r513_m:
      vpiParent: Design name:unnamed
      vpiName Identifier name:r513_m start:120:8 end:120:14:
      vpiDefName: r513_m
      vpiModule: Module name:r513_m
    ModuleTypespec name:r514_m:
      vpiParent: Design name:unnamed
      vpiName Identifier name:r514_m start:128:8 end:128:14:
      vpiDefName: r514_m
      vpiModule: Module name:r514_m
    ModuleTypespec name:r515_m:
      vpiParent: Design name:unnamed
      vpiName Identifier name:r515_m start:141:8 end:141:14:
      vpiDefName: r515_m
      vpiModule: Module name:r515_m
    ModuleTypespec name:r554_m:
      vpiParent: Design name:unnamed
      vpiName Identifier name:r554_m start:151:8 end:151:14:
      vpiDefName: r554_m
      vpiModule: Module name:r554_m
    ModuleTypespec name:r560_m:
      vpiParent: Design name:unnamed
      vpiName Identifier name:r560_m start:163:8 end:163:14:
      vpiDefName: r560_m
      vpiModule: Module name:r560_m
    ModuleTypespec name:r563_m:
      vpiParent: Design name:unnamed
      vpiName Identifier name:r563_m start:175:8 end:175:14:
      vpiDefName: r563_m
      vpiModule: Module name:r563_m
    VoidTypespec:
      vpiParent: Design name:unnamed
    IntTypespec:
      vpiParent: Design name:unnamed
    RealTypespec:
      vpiParent: Design name:unnamed
    ShortRealTypespec:
      vpiParent: Design name:unnamed
    TimeTypespec:
      vpiParent: Design name:unnamed
  vpiLibrary (1 items):
    Library name:work:
      vpiParent: Design name:unnamed
      vpiName: work
===================
[  FATAL] : 0
[ SYNTAX] : 1
[  ERROR] : 10
[WARNING] : 12
[   NOTE] : 0
********************************************************************************
*                    End HLC SystemVerilog Compiler/Linter                     *
********************************************************************************

#**#**#**#**#**#**#**#**#**#**#**#**#**#**#**#**#**#**#**#**#**#**#**#**#**#**#**#**#**#**#**#**#**#**#**#**#**#**#**#**

Environment:
      test-name: ErrorCatalog/chapter-16/16--error_rules
   test-dirpath: ${HLC_DIR}/regression/ErrorCatalog/chapter-16/16--error_rules
  hldb-filepath: ${HLC_DIR}/regression/ErrorCatalog/chapter-16/16--error_rules/design.hldb
mounts-filepath: ${HLC_DIR}/regression/ErrorCatalog/chapter-16/16--error_rules/mounts.json


{'result': {'coverage': 99.96,
            'error_count': 0,
            'file_count': 1,
            'files': {'$Output/lib/work/16--error_rules.sv': {'post_len': 1,
                                                              'pre_len': 2710}},
            'post_len': 1,
            'pre_len': 2710,
            'test_name': 'ErrorCatalog/chapter-16/16--error_rules'}}

+-------------------------------------+----------+-----------+
| INPUT                               |   PRELEN |   POSTLEN |
+=====================================+==========+===========+
| $Output/lib/work/16--error_rules.sv |     2710 |         1 |
+=====================================+==========+===========+
|                                     |     2710 |         1 |
+-------------------------------------+----------+-----------+

[   ERROR] : 0
[COVERAGE] : 99.96


#**#**#**#**#**#**#**#**#**#**#**#**#**#**#**#**#**#**#**#**#**#**#**#**#**#**#**#**#**#**#**#**#**#**#**#**#**#**#**#**

COMMAND: ${HLC_DIR}/regression/ErrorCatalog/chapter-16/16--error_rules/design.hldb ${HLC_DIR}/regression/ErrorCatalog/chapter-16/16--error_rules/reduced.hldb

==================== BEGIN REDUCTION RESULT ====================
Name                            Before   After   Added   Removed
----------------------------------------------------------------
Constant                            29      30       1         0
Operation                           37      36       0         1
RefObj                             143     142       0         1
RefTypespec                        460     461       1         0
----------------------------------------------------------------
Others                            1365    1365       0         0
----------------------------------------------------------------
                                  2034    2034       2         2
===================== END REDUCTION RESULT =====================
