********************************************************************************
*                   Begin HLC SystemVerilog Compiler/Linter                    *
********************************************************************************
Copyright (c) 2020 Apotell,
http://www.apache.org/licenses/LICENSE-2.0
VERSION: 1.84
COMMAND: -wd ../../../tests/Verilator +incdir+. -nobuiltin -timescale=1ns/1ns -d ast -d db t_inside_wild.v -mt 0 -d dbstats -d cache -writepp -d db -nostdout -o ${HLC_DIR}/regression/Verilator/t_inside_wild
[INF:CM5022] Creating log file "$Output/hlc.log".
[INF:PP5223] Preprocessing source file "$Source01/t_inside_wild.v".
[INF:PA5502] Parsing source file "$Source01/t_inside_wild.v".
AST_DEBUG_BEGIN
Count: 736
LIB: work
FILE: f<15>:$Source01/t_inside_wild.v
n<$Source01/t_inside_wild.v> u<735> t<Top_level_rule> c<1> l<6:1> el<83:15>
  n<> u<1> t<Null_rule> p<735> s<2> l<6:1> el<6:1>
  n<// DESCRIPTION: Verilator: Verilog Test module> u<2> t<LINE_COMMENT> p<735> s<3> l<1:1> el<1:47>
  n<//> u<3> t<LINE_COMMENT> p<735> s<4> l<2:1> el<2:3>
  n<// This file ONLY is placed into the Public Domain, for any use,> u<4> t<LINE_COMMENT> p<735> s<5> l<3:1> el<3:65>
  n<// without warranty, 2014 by Wilson Snyder.> u<5> t<LINE_COMMENT> p<735> s<733> l<4:1> el<4:44>
  n<> u<733> t<Source_text> p<735> c<623> s<734> l<6:1> el<83:10>
    n<> u<623> t<Description> p<733> c<622> s<732> l<6:1> el<62:10>
      n<> u<622> t<Module_declaration> p<623> c<18> l<6:1> el<62:10>
        n<> u<18> t<Module_nonansi_header> p<622> c<6> s<25> l<6:1> el<9:6>
          n<module> u<6> t<MODULE> p<18> s<7> l<6:1> el<6:7>
          n<t> u<7> t<SIMPLE_IDENTIFIER> p<18> s<8> l<6:8> el<6:9>
          n<> u<8> t<Package_import_declaration_list> p<18> s<9> l<6:10> el<6:10>
          n</*AUTOARG*/> u<9> t<BLOCK_COMMENT> p<18> s<10> l<6:10> el<9:5>
          n<// Inputs> u<10> t<LINE_COMMENT> p<18> s<17> l<7:4> el<7:13>
          n<> u<17> t<Port_list> p<18> c<16> l<6:10> el<9:5>
            n<> u<16> t<Port> p<17> c<15> l<8:4> el<8:7>
              n<> u<15> t<Port_expression> p<16> c<14> l<8:4> el<8:7>
                n<> u<14> t<Port_reference> p<15> c<11> l<8:4> el<8:7>
                  n<clk> u<11> t<SIMPLE_IDENTIFIER> p<14> s<13> l<8:4> el<8:7>
                  n<> u<13> t<Constant_select> p<14> c<12> l<9:4> el<9:4>
                    n<> u<12> t<Constant_bit_select> p<13> l<9:4> el<9:4>
        n<> u<25> t<Module_item> p<622> c<24> s<42> l<10:4> el<10:14>
          n<> u<24> t<Port_declaration> p<25> c<23> l<10:4> el<10:13>
            n<> u<23> t<Input_declaration> p<24> c<20> l<10:4> el<10:13>
              n<> u<20> t<Net_port_type> p<23> c<19> s<22> l<10:10> el<10:10>
                n<> u<19> t<Data_type_or_implicit> p<20> l<10:10> el<10:10>
              n<> u<22> t<Port_identifier_list> p<23> c<21> l<10:10> el<10:13>
                n<clk> u<21> t<SIMPLE_IDENTIFIER> p<22> l<10:10> el<10:13>
        n<> u<42> t<Module_item> p<622> c<41> s<65> l<12:4> el<12:19>
          n<> u<41> t<Non_port_module_item> p<42> c<40> l<12:4> el<12:19>
            n<> u<40> t<Module_or_generate_item> p<41> c<39> l<12:4> el<12:19>
              n<> u<39> t<Module_common_item> p<40> c<38> l<12:4> el<12:19>
                n<> u<38> t<Module_or_generate_item_declaration> p<39> c<37> l<12:4> el<12:19>
                  n<> u<37> t<Package_or_generate_item_declaration> p<38> c<36> l<12:4> el<12:19>
                    n<> u<36> t<Data_declaration> p<37> c<35> l<12:4> el<12:19>
                      n<> u<35> t<Variable_declaration> p<36> c<27> l<12:4> el<12:19>
                        n<> u<27> t<Data_type> p<35> c<26> s<34> l<12:4> el<12:11>
                          n<> u<26> t<INTEGER> p<27> l<12:4> el<12:11>
                        n<> u<34> t<Variable_decl_assignment_list> p<35> c<33> l<12:13> el<12:18>
                          n<> u<33> t<Variable_decl_assignment> p<34> c<28> l<12:13> el<12:18>
                            n<cyc> u<28> t<SIMPLE_IDENTIFIER> p<33> s<32> l<12:13> el<12:16>
                            n<> u<32> t<Expression> p<33> c<31> l<12:17> el<12:18>
                              n<> u<31> t<Primary> p<32> c<30> l<12:17> el<12:18>
                                n<> u<30> t<Primary_literal> p<31> c<29> l<12:17> el<12:18>
                                  n<0> u<29> t<INTEGRAL_NUMBER> p<30> l<12:17> el<12:18>
        n<> u<65> t<Module_item> p<622> c<64> s<88> l<13:4> el<13:20>
          n<> u<64> t<Non_port_module_item> p<65> c<63> l<13:4> el<13:20>
            n<> u<63> t<Module_or_generate_item> p<64> c<62> l<13:4> el<13:20>
              n<> u<62> t<Module_common_item> p<63> c<61> l<13:4> el<13:20>
                n<> u<61> t<Module_or_generate_item_declaration> p<62> c<60> l<13:4> el<13:20>
                  n<> u<60> t<Package_or_generate_item_declaration> p<61> c<59> l<13:4> el<13:20>
                    n<> u<59> t<Data_declaration> p<60> c<58> l<13:4> el<13:20>
                      n<> u<58> t<Variable_declaration> p<59> c<54> l<13:4> el<13:20>
                        n<> u<54> t<Data_type> p<58> c<43> s<57> l<13:4> el<13:14>
                          n<> u<43> t<REG> p<54> s<53> l<13:4> el<13:7>
                          n<> u<53> t<Packed_dimension> p<54> c<52> l<13:8> el<13:14>
                            n<> u<52> t<Constant_range> p<53> c<47> l<13:9> el<13:13>
                              n<> u<47> t<Constant_expression> p<52> c<46> s<51> l<13:9> el<13:11>
                                n<> u<46> t<Constant_primary> p<47> c<45> l<13:9> el<13:11>
                                  n<> u<45> t<Primary_literal> p<46> c<44> l<13:9> el<13:11>
                                    n<63> u<44> t<INTEGRAL_NUMBER> p<45> l<13:9> el<13:11>
                              n<> u<51> t<Constant_expression> p<52> c<50> l<13:12> el<13:13>
                                n<> u<50> t<Constant_primary> p<51> c<49> l<13:12> el<13:13>
                                  n<> u<49> t<Primary_literal> p<50> c<48> l<13:12> el<13:13>
                                    n<0> u<48> t<INTEGRAL_NUMBER> p<49> l<13:12> el<13:13>
                        n<> u<57> t<Variable_decl_assignment_list> p<58> c<56> l<13:16> el<13:19>
                          n<> u<56> t<Variable_decl_assignment> p<57> c<55> l<13:16> el<13:19>
                            n<crc> u<55> t<SIMPLE_IDENTIFIER> p<56> l<13:16> el<13:19>
        n<> u<88> t<Module_item> p<622> c<87> s<126> l<14:4> el<14:20>
          n<> u<87> t<Non_port_module_item> p<88> c<86> l<14:4> el<14:20>
            n<> u<86> t<Module_or_generate_item> p<87> c<85> l<14:4> el<14:20>
              n<> u<85> t<Module_common_item> p<86> c<84> l<14:4> el<14:20>
                n<> u<84> t<Module_or_generate_item_declaration> p<85> c<83> l<14:4> el<14:20>
                  n<> u<83> t<Package_or_generate_item_declaration> p<84> c<82> l<14:4> el<14:20>
                    n<> u<82> t<Data_declaration> p<83> c<81> l<14:4> el<14:20>
                      n<> u<81> t<Variable_declaration> p<82> c<77> l<14:4> el<14:20>
                        n<> u<77> t<Data_type> p<81> c<66> s<80> l<14:4> el<14:14>
                          n<> u<66> t<REG> p<77> s<76> l<14:4> el<14:7>
                          n<> u<76> t<Packed_dimension> p<77> c<75> l<14:8> el<14:14>
                            n<> u<75> t<Constant_range> p<76> c<70> l<14:9> el<14:13>
                              n<> u<70> t<Constant_expression> p<75> c<69> s<74> l<14:9> el<14:11>
                                n<> u<69> t<Constant_primary> p<70> c<68> l<14:9> el<14:11>
                                  n<> u<68> t<Primary_literal> p<69> c<67> l<14:9> el<14:11>
                                    n<63> u<67> t<INTEGRAL_NUMBER> p<68> l<14:9> el<14:11>
                              n<> u<74> t<Constant_expression> p<75> c<73> l<14:12> el<14:13>
                                n<> u<73> t<Constant_primary> p<74> c<72> l<14:12> el<14:13>
                                  n<> u<72> t<Primary_literal> p<73> c<71> l<14:12> el<14:13>
                                    n<0> u<71> t<INTEGRAL_NUMBER> p<72> l<14:12> el<14:13>
                        n<> u<80> t<Variable_decl_assignment_list> p<81> c<79> l<14:16> el<14:19>
                          n<> u<79> t<Variable_decl_assignment> p<80> c<78> l<14:16> el<14:19>
                            n<sum> u<78> t<SIMPLE_IDENTIFIER> p<79> l<14:16> el<14:19>
        n<> u<126> t<Module_item> p<622> c<125> s<127> l<16:4> el<16:29>
          n<> u<125> t<Non_port_module_item> p<126> c<124> l<16:4> el<16:29>
            n<> u<124> t<Module_or_generate_item> p<125> c<123> l<16:4> el<16:29>
              n<> u<123> t<Module_common_item> p<124> c<122> l<16:4> el<16:29>
                n<> u<122> t<Module_or_generate_item_declaration> p<123> c<121> l<16:4> el<16:29>
                  n<> u<121> t<Package_or_generate_item_declaration> p<122> c<120> l<16:4> el<16:29>
                    n<> u<120> t<Net_declaration> p<121> c<89> l<16:4> el<16:29>
                      n<> u<89> t<WIRE> p<120> s<100> l<16:4> el<16:8>
                      n<> u<100> t<Data_type_or_implicit> p<120> c<99> s<119> l<16:9> el<16:14>
                        n<> u<99> t<Packed_dimension> p<100> c<98> l<16:9> el<16:14>
                          n<> u<98> t<Constant_range> p<99> c<93> l<16:10> el<16:13>
                            n<> u<93> t<Constant_expression> p<98> c<92> s<97> l<16:10> el<16:11>
                              n<> u<92> t<Constant_primary> p<93> c<91> l<16:10> el<16:11>
                                n<> u<91> t<Primary_literal> p<92> c<90> l<16:10> el<16:11>
                                  n<4> u<90> t<INTEGRAL_NUMBER> p<91> l<16:10> el<16:11>
                            n<> u<97> t<Constant_expression> p<98> c<96> l<16:12> el<16:13>
                              n<> u<96> t<Constant_primary> p<97> c<95> l<16:12> el<16:13>
                                n<> u<95> t<Primary_literal> p<96> c<94> l<16:12> el<16:13>
                                  n<0> u<94> t<INTEGRAL_NUMBER> p<95> l<16:12> el<16:13>
                      n<> u<119> t<Net_decl_assignment_list> p<120> c<118> l<16:15> el<16:28>
                        n<> u<118> t<Net_decl_assignment> p<119> c<101> l<16:15> el<16:28>
                          n<in> u<101> t<SIMPLE_IDENTIFIER> p<118> s<117> l<16:15> el<16:17>
                          n<> u<117> t<Expression> p<118> c<116> l<16:20> el<16:28>
                            n<> u<116> t<Primary> p<117> c<115> l<16:20> el<16:28>
                              n<> u<115> t<Subroutine_call> p<116> c<102> l<16:20> el<16:28>
                                n<crc> u<102> t<SIMPLE_IDENTIFIER> p<115> s<114> l<16:20> el<16:23>
                                n<> u<114> t<Select> p<115> c<103> l<16:23> el<16:28>
                                  n<> u<103> t<Bit_select> p<114> s<113> l<16:23> el<16:23>
                                  n<> u<113> t<Part_select_range> p<114> c<112> l<16:24> el<16:27>
                                    n<> u<112> t<Constant_range> p<113> c<107> l<16:24> el<16:27>
                                      n<> u<107> t<Constant_expression> p<112> c<106> s<111> l<16:24> el<16:25>
                                        n<> u<106> t<Constant_primary> p<107> c<105> l<16:24> el<16:25>
                                          n<> u<105> t<Primary_literal> p<106> c<104> l<16:24> el<16:25>
                                            n<4> u<104> t<INTEGRAL_NUMBER> p<105> l<16:24> el<16:25>
                                      n<> u<111> t<Constant_expression> p<112> c<110> l<16:26> el<16:27>
                                        n<> u<110> t<Constant_primary> p<111> c<109> l<16:26> el<16:27>
                                          n<> u<109> t<Primary_literal> p<110> c<108> l<16:26> el<16:27>
                                            n<0> u<108> t<INTEGRAL_NUMBER> p<109> l<16:26> el<16:27>
        n</*AUTOWIRE*/> u<127> t<BLOCK_COMMENT> p<622> s<128> l<20:4> el<20:15>
        n<// Beginning of automatic wires (for undeclared instantiated-module outputs)> u<128> t<LINE_COMMENT> p<622> s<135> l<19:4> el<19:80>
        n<> u<135> t<Module_item> p<622> c<134> s<136> l<20:4> el<20:15>
          n<> u<134> t<Port_declaration> p<135> c<133> l<20:4> el<20:14>
            n<> u<133> t<Interface_port_declaration> p<134> c<130> l<20:4> el<20:14>
              n<logic> u<130> t<Interface_identifier> p<133> c<129> s<132> l<20:4> el<20:9>
                n<logic> u<129> t<SIMPLE_IDENTIFIER> p<130> l<20:4> el<20:9>
              n<> u<132> t<Interface_identifier_list> p<133> c<131> l<20:11> el<20:14>
                n<out> u<131> t<SIMPLE_IDENTIFIER> p<132> l<20:11> el<20:14>
        n<// From test of Test.v> u<136> t<LINE_COMMENT> p<622> s<137> l<20:18> el<20:40>
        n<// End of automatics> u<137> t<LINE_COMMENT> p<622> s<185> l<21:4> el<21:24>
        n<> u<185> t<Module_item> p<622> c<184> s<186> l<23:4> el<28:25>
          n<> u<184> t<Non_port_module_item> p<185> c<183> l<23:4> el<28:25>
            n<> u<183> t<Module_or_generate_item> p<184> c<182> l<23:4> el<28:25>
              n<> u<182> t<Module_instantiation> p<183> c<138> l<23:4> el<28:25>
                n<Test> u<138> t<SIMPLE_IDENTIFIER> p<182> s<181> l<23:4> el<23:8>
                n<> u<181> t<Hierarchical_instance> p<182> c<140> l<23:9> el<28:24>
                  n<> u<140> t<Name_of_instance> p<181> c<139> s<141> l<23:9> el<23:13>
                    n<test> u<139> t<SIMPLE_IDENTIFIER> p<140> l<23:9> el<23:13>
                  n</*AUTOINST*/> u<141> t<BLOCK_COMMENT> p<181> s<142> l<25:8> el<28:23>
                  n<// Outputs> u<142> t<LINE_COMMENT> p<181> s<180> l<24:8> el<24:18>
                  n<> u<180> t<Port_connection_list> p<181> c<150> l<25:8> el<28:23>
                    n<> u<150> t<Named_port_connection> p<180> c<143> s<151> l<25:8> el<25:20>
                      n<out> u<143> t<SIMPLE_IDENTIFIER> p<150> s<148> l<25:9> el<25:12>
                      n<> u<148> t<OPEN_PARENS> p<150> s<147> l<25:15> el<25:16>
                      n<> u<147> t<Expression> p<150> c<146> s<149> l<25:16> el<25:19>
                        n<> u<146> t<Primary> p<147> c<145> l<25:16> el<25:19>
                          n<> u<145> t<Primary_literal> p<146> c<144> l<25:16> el<25:19>
                            n<out> u<144> t<SIMPLE_IDENTIFIER> p<145> l<25:16> el<25:19>
                      n<> u<149> t<CLOSE_PARENS> p<150> l<25:19> el<25:20>
                    n<// Inputs> u<151> t<LINE_COMMENT> p<180> s<159> l<26:8> el<26:17>
                    n<> u<159> t<Named_port_connection> p<180> c<152> s<179> l<27:8> el<27:20>
                      n<clk> u<152> t<SIMPLE_IDENTIFIER> p<159> s<157> l<27:9> el<27:12>
                      n<> u<157> t<OPEN_PARENS> p<159> s<156> l<27:15> el<27:16>
                      n<> u<156> t<Expression> p<159> c<155> s<158> l<27:16> el<27:19>
                        n<> u<155> t<Primary> p<156> c<154> l<27:16> el<27:19>
                          n<> u<154> t<Primary_literal> p<155> c<153> l<27:16> el<27:19>
                            n<clk> u<153> t<SIMPLE_IDENTIFIER> p<154> l<27:16> el<27:19>
                      n<> u<158> t<CLOSE_PARENS> p<159> l<27:19> el<27:20>
                    n<> u<179> t<Named_port_connection> p<180> c<160> l<28:8> el<28:23>
                      n<in> u<160> t<SIMPLE_IDENTIFIER> p<179> s<177> l<28:9> el<28:11>
                      n<> u<177> t<OPEN_PARENS> p<179> s<176> l<28:14> el<28:15>
                      n<> u<176> t<Expression> p<179> c<175> s<178> l<28:15> el<28:22>
                        n<> u<175> t<Primary> p<176> c<174> l<28:15> el<28:22>
                          n<> u<174> t<Subroutine_call> p<175> c<161> l<28:15> el<28:22>
                            n<in> u<161> t<SIMPLE_IDENTIFIER> p<174> s<173> l<28:15> el<28:17>
                            n<> u<173> t<Select> p<174> c<162> l<28:17> el<28:22>
                              n<> u<162> t<Bit_select> p<173> s<172> l<28:17> el<28:17>
                              n<> u<172> t<Part_select_range> p<173> c<171> l<28:18> el<28:21>
                                n<> u<171> t<Constant_range> p<172> c<166> l<28:18> el<28:21>
                                  n<> u<166> t<Constant_expression> p<171> c<165> s<170> l<28:18> el<28:19>
                                    n<> u<165> t<Constant_primary> p<166> c<164> l<28:18> el<28:19>
                                      n<> u<164> t<Primary_literal> p<165> c<163> l<28:18> el<28:19>
                                        n<4> u<163> t<INTEGRAL_NUMBER> p<164> l<28:18> el<28:19>
                                  n<> u<170> t<Constant_expression> p<171> c<169> l<28:20> el<28:21>
                                    n<> u<169> t<Constant_primary> p<170> c<168> l<28:20> el<28:21>
                                      n<> u<168> t<Primary_literal> p<169> c<167> l<28:20> el<28:21>
                                        n<0> u<167> t<INTEGRAL_NUMBER> p<168> l<28:20> el<28:21>
                      n<> u<178> t<CLOSE_PARENS> p<179> l<28:22> el<28:23>
        n<// Aggregate outputs into a single result vector> u<186> t<LINE_COMMENT> p<622> s<219> l<30:4> el<30:52>
        n<> u<219> t<Module_item> p<622> c<218> s<220> l<31:4> el<31:38>
          n<> u<218> t<Non_port_module_item> p<219> c<217> l<31:4> el<31:38>
            n<> u<217> t<Module_or_generate_item> p<218> c<216> l<31:4> el<31:38>
              n<> u<216> t<Module_common_item> p<217> c<215> l<31:4> el<31:38>
                n<> u<215> t<Module_or_generate_item_declaration> p<216> c<214> l<31:4> el<31:38>
                  n<> u<214> t<Package_or_generate_item_declaration> p<215> c<213> l<31:4> el<31:38>
                    n<> u<213> t<Net_declaration> p<214> c<187> l<31:4> el<31:38>
                      n<> u<187> t<WIRE> p<213> s<198> l<31:4> el<31:8>
                      n<> u<198> t<Data_type_or_implicit> p<213> c<197> s<212> l<31:9> el<31:15>
                        n<> u<197> t<Packed_dimension> p<198> c<196> l<31:9> el<31:15>
                          n<> u<196> t<Constant_range> p<197> c<191> l<31:10> el<31:14>
                            n<> u<191> t<Constant_expression> p<196> c<190> s<195> l<31:10> el<31:12>
                              n<> u<190> t<Constant_primary> p<191> c<189> l<31:10> el<31:12>
                                n<> u<189> t<Primary_literal> p<190> c<188> l<31:10> el<31:12>
                                  n<63> u<188> t<INTEGRAL_NUMBER> p<189> l<31:10> el<31:12>
                            n<> u<195> t<Constant_expression> p<196> c<194> l<31:13> el<31:14>
                              n<> u<194> t<Constant_primary> p<195> c<193> l<31:13> el<31:14>
                                n<> u<193> t<Primary_literal> p<194> c<192> l<31:13> el<31:14>
                                  n<0> u<192> t<INTEGRAL_NUMBER> p<193> l<31:13> el<31:14>
                      n<> u<212> t<Net_decl_assignment_list> p<213> c<211> l<31:16> el<31:37>
                        n<> u<211> t<Net_decl_assignment> p<212> c<199> l<31:16> el<31:37>
                          n<result> u<199> t<SIMPLE_IDENTIFIER> p<211> s<210> l<31:16> el<31:22>
                          n<> u<210> t<Expression> p<211> c<209> l<31:25> el<31:37>
                            n<> u<209> t<Primary> p<210> c<208> l<31:25> el<31:37>
                              n<> u<208> t<Concatenation> p<209> c<203> l<31:25> el<31:37>
                                n<> u<203> t<Expression> p<208> c<202> s<207> l<31:26> el<31:31>
                                  n<> u<202> t<Primary> p<203> c<201> l<31:26> el<31:31>
                                    n<> u<201> t<Primary_literal> p<202> c<200> l<31:26> el<31:31>
                                      n<63'h0> u<200> t<INTEGRAL_NUMBER> p<201> l<31:26> el<31:31>
                                n<> u<207> t<Expression> p<208> c<206> l<31:33> el<31:36>
                                  n<> u<206> t<Primary> p<207> c<205> l<31:33> el<31:36>
                                    n<> u<205> t<Primary_literal> p<206> c<204> l<31:33> el<31:36>
                                      n<out> u<204> t<SIMPLE_IDENTIFIER> p<205> l<31:33> el<31:36>
        n<// Test loop> u<220> t<LINE_COMMENT> p<622> s<620> l<33:4> el<33:16>
        n<> u<620> t<Module_item> p<622> c<619> s<621> l<34:4> el<60:7>
          n<> u<619> t<Non_port_module_item> p<620> c<618> l<34:4> el<60:7>
            n<> u<618> t<Module_or_generate_item> p<619> c<617> l<34:4> el<60:7>
              n<> u<617> t<Module_common_item> p<618> c<616> l<34:4> el<60:7>
                n<> u<616> t<Always_construct> p<617> c<221> l<34:4> el<60:7>
                  n<> u<221> t<ALWAYS> p<616> s<615> l<34:4> el<34:10>
                  n<> u<615> t<Statement> p<616> c<614> l<34:11> el<60:7>
                    n<> u<614> t<Statement_item> p<615> c<613> l<34:11> el<60:7>
                      n<> u<613> t<Procedural_timing_control_statement> p<614> c<229> l<34:11> el<60:7>
                        n<> u<229> t<Procedural_timing_control> p<613> c<228> s<612> l<34:11> el<34:26>
                          n<> u<228> t<Event_control> p<229> c<227> l<34:11> el<34:26>
                            n<> u<227> t<Event_expression> p<228> c<222> l<34:14> el<34:25>
                              n<> u<222> t<POSEDGE> p<227> s<226> l<34:14> el<34:21>
                              n<> u<226> t<Expression> p<227> c<225> l<34:22> el<34:25>
                                n<> u<225> t<Primary> p<226> c<224> l<34:22> el<34:25>
                                  n<> u<224> t<Primary_literal> p<225> c<223> l<34:22> el<34:25>
                                    n<clk> u<223> t<SIMPLE_IDENTIFIER> p<224> l<34:22> el<34:25>
                        n<> u<612> t<Statement_or_null> p<613> c<611> l<34:27> el<60:7>
                          n<> u<611> t<Statement> p<612> c<610> l<34:27> el<60:7>
                            n<> u<610> t<Statement_item> p<611> c<609> l<34:27> el<60:7>
                              n<> u<609> t<Seq_block> p<610> c<248> l<34:27> el<60:7>
                                n<> u<248> t<Statement_or_null> p<609> c<247> s<310> l<38:7> el<38:22>
                                  n<> u<247> t<Statement> p<248> c<246> l<38:7> el<38:22>
                                    n<> u<246> t<Statement_item> p<247> c<245> l<38:7> el<38:22>
                                      n<> u<245> t<Nonblocking_assignment> p<246> c<234> l<38:7> el<38:21>
                                        n<> u<234> t<Variable_lvalue> p<245> c<231> s<244> l<38:7> el<38:10>
                                          n<> u<231> t<Ps_or_hierarchical_identifier> p<234> c<230> s<233> l<38:7> el<38:10>
                                            n<cyc> u<230> t<SIMPLE_IDENTIFIER> p<231> l<38:7> el<38:10>
                                          n<> u<233> t<Select> p<234> c<232> l<38:11> el<38:11>
                                            n<> u<232> t<Bit_select> p<233> l<38:11> el<38:11>
                                        n<> u<244> t<Expression> p<245> c<238> l<38:14> el<38:21>
                                          n<> u<238> t<Expression> p<244> c<237> s<243> l<38:14> el<38:17>
                                            n<> u<237> t<Primary> p<238> c<236> l<38:14> el<38:17>
                                              n<> u<236> t<Primary_literal> p<237> c<235> l<38:14> el<38:17>
                                                n<cyc> u<235> t<SIMPLE_IDENTIFIER> p<236> l<38:14> el<38:17>
                                          n<> u<243> t<BinaryOp_Plus> p<244> s<242> l<38:18> el<38:19>
                                          n<> u<242> t<Expression> p<244> c<241> l<38:20> el<38:21>
                                            n<> u<241> t<Primary> p<242> c<240> l<38:20> el<38:21>
                                              n<> u<240> t<Primary_literal> p<241> c<239> l<38:20> el<38:21>
                                                n<1> u<239> t<INTEGRAL_NUMBER> p<240> l<38:20> el<38:21>
                                n<> u<310> t<Statement_or_null> p<609> c<309> s<378> l<39:7> el<39:49>
                                  n<> u<309> t<Statement> p<310> c<308> l<39:7> el<39:49>
                                    n<> u<308> t<Statement_item> p<309> c<307> l<39:7> el<39:49>
                                      n<> u<307> t<Nonblocking_assignment> p<308> c<253> l<39:7> el<39:48>
                                        n<> u<253> t<Variable_lvalue> p<307> c<250> s<306> l<39:7> el<39:10>
                                          n<> u<250> t<Ps_or_hierarchical_identifier> p<253> c<249> s<252> l<39:7> el<39:10>
                                            n<crc> u<249> t<SIMPLE_IDENTIFIER> p<250> l<39:7> el<39:10>
                                          n<> u<252> t<Select> p<253> c<251> l<39:11> el<39:11>
                                            n<> u<251> t<Bit_select> p<252> l<39:11> el<39:11>
                                        n<> u<306> t<Expression> p<307> c<305> l<39:14> el<39:48>
                                          n<> u<305> t<Primary> p<306> c<304> l<39:14> el<39:48>
                                            n<> u<304> t<Concatenation> p<305> c<269> l<39:14> el<39:48>
                                              n<> u<269> t<Expression> p<304> c<268> s<303> l<39:15> el<39:24>
                                                n<> u<268> t<Primary> p<269> c<267> l<39:15> el<39:24>
                                                  n<> u<267> t<Subroutine_call> p<268> c<254> l<39:15> el<39:24>
                                                    n<crc> u<254> t<SIMPLE_IDENTIFIER> p<267> s<266> l<39:15> el<39:18>
                                                    n<> u<266> t<Select> p<267> c<255> l<39:18> el<39:24>
                                                      n<> u<255> t<Bit_select> p<266> s<265> l<39:18> el<39:18>
                                                      n<> u<265> t<Part_select_range> p<266> c<264> l<39:19> el<39:23>
                                                        n<> u<264> t<Constant_range> p<265> c<259> l<39:19> el<39:23>
                                                          n<> u<259> t<Constant_expression> p<264> c<258> s<263> l<39:19> el<39:21>
                                                            n<> u<258> t<Constant_primary> p<259> c<257> l<39:19> el<39:21>
                                                              n<> u<257> t<Primary_literal> p<258> c<256> l<39:19> el<39:21>
                                                                n<62> u<256> t<INTEGRAL_NUMBER> p<257> l<39:19> el<39:21>
                                                          n<> u<263> t<Constant_expression> p<264> c<262> l<39:22> el<39:23>
                                                            n<> u<262> t<Constant_primary> p<263> c<261> l<39:22> el<39:23>
                                                              n<> u<261> t<Primary_literal> p<262> c<260> l<39:22> el<39:23>
                                                                n<0> u<260> t<INTEGRAL_NUMBER> p<261> l<39:22> el<39:23>
                                              n<> u<303> t<Expression> p<304> c<291> l<39:26> el<39:47>
                                                n<> u<291> t<Expression> p<303> c<279> s<302> l<39:26> el<39:40>
                                                  n<> u<279> t<Expression> p<291> c<278> s<290> l<39:26> el<39:33>
                                                    n<> u<278> t<Primary> p<279> c<277> l<39:26> el<39:33>
                                                      n<> u<277> t<Subroutine_call> p<278> c<270> l<39:26> el<39:33>
                                                        n<crc> u<270> t<SIMPLE_IDENTIFIER> p<277> s<276> l<39:26> el<39:29>
                                                        n<> u<276> t<Select> p<277> c<275> l<39:29> el<39:33>
                                                          n<> u<275> t<Bit_select> p<276> c<274> l<39:29> el<39:33>
                                                            n<> u<274> t<Expression> p<275> c<273> l<39:30> el<39:32>
                                                              n<> u<273> t<Primary> p<274> c<272> l<39:30> el<39:32>
                                                                n<> u<272> t<Primary_literal> p<273> c<271> l<39:30> el<39:32>
                                                                  n<63> u<271> t<INTEGRAL_NUMBER> p<272> l<39:30> el<39:32>
                                                  n<> u<290> t<BinaryOp_BitwXor> p<291> s<289> l<39:33> el<39:34>
                                                  n<> u<289> t<Expression> p<291> c<288> l<39:34> el<39:40>
                                                    n<> u<288> t<Primary> p<289> c<287> l<39:34> el<39:40>
                                                      n<> u<287> t<Subroutine_call> p<288> c<280> l<39:34> el<39:40>
                                                        n<crc> u<280> t<SIMPLE_IDENTIFIER> p<287> s<286> l<39:34> el<39:37>
                                                        n<> u<286> t<Select> p<287> c<285> l<39:37> el<39:40>
                                                          n<> u<285> t<Bit_select> p<286> c<284> l<39:37> el<39:40>
                                                            n<> u<284> t<Expression> p<285> c<283> l<39:38> el<39:39>
                                                              n<> u<283> t<Primary> p<284> c<282> l<39:38> el<39:39>
                                                                n<> u<282> t<Primary_literal> p<283> c<281> l<39:38> el<39:39>
                                                                  n<2> u<281> t<INTEGRAL_NUMBER> p<282> l<39:38> el<39:39>
                                                n<> u<302> t<BinaryOp_BitwXor> p<303> s<301> l<39:40> el<39:41>
                                                n<> u<301> t<Expression> p<303> c<300> l<39:41> el<39:47>
                                                  n<> u<300> t<Primary> p<301> c<299> l<39:41> el<39:47>
                                                    n<> u<299> t<Subroutine_call> p<300> c<292> l<39:41> el<39:47>
                                                      n<crc> u<292> t<SIMPLE_IDENTIFIER> p<299> s<298> l<39:41> el<39:44>
                                                      n<> u<298> t<Select> p<299> c<297> l<39:44> el<39:47>
                                                        n<> u<297> t<Bit_select> p<298> c<296> l<39:44> el<39:47>
                                                          n<> u<296> t<Expression> p<297> c<295> l<39:45> el<39:46>
                                                            n<> u<295> t<Primary> p<296> c<294> l<39:45> el<39:46>
                                                              n<> u<294> t<Primary_literal> p<295> c<293> l<39:45> el<39:46>
                                                                n<0> u<293> t<INTEGRAL_NUMBER> p<294> l<39:45> el<39:46>
                                n<> u<378> t<Statement_or_null> p<609> c<377> s<607> l<40:7> el<40:57>
                                  n<> u<377> t<Statement> p<378> c<376> l<40:7> el<40:57>
                                    n<> u<376> t<Statement_item> p<377> c<375> l<40:7> el<40:57>
                                      n<> u<375> t<Nonblocking_assignment> p<376> c<315> l<40:7> el<40:56>
                                        n<> u<315> t<Variable_lvalue> p<375> c<312> s<374> l<40:7> el<40:10>
                                          n<> u<312> t<Ps_or_hierarchical_identifier> p<315> c<311> s<314> l<40:7> el<40:10>
                                            n<sum> u<311> t<SIMPLE_IDENTIFIER> p<312> l<40:7> el<40:10>
                                          n<> u<314> t<Select> p<315> c<313> l<40:11> el<40:11>
                                            n<> u<313> t<Bit_select> p<314> l<40:11> el<40:11>
                                        n<> u<374> t<Expression> p<375> c<319> l<40:14> el<40:56>
                                          n<> u<319> t<Expression> p<374> c<318> s<373> l<40:14> el<40:20>
                                            n<> u<318> t<Primary> p<319> c<317> l<40:14> el<40:20>
                                              n<> u<317> t<Primary_literal> p<318> c<316> l<40:14> el<40:20>
                                                n<result> u<316> t<SIMPLE_IDENTIFIER> p<317> l<40:14> el<40:20>
                                          n<> u<373> t<BinaryOp_BitwXor> p<374> s<372> l<40:21> el<40:22>
                                          n<> u<372> t<Expression> p<374> c<371> l<40:23> el<40:56>
                                            n<> u<371> t<Primary> p<372> c<370> l<40:23> el<40:56>
                                              n<> u<370> t<Concatenation> p<371> c<335> l<40:23> el<40:56>
                                                n<> u<335> t<Expression> p<370> c<334> s<369> l<40:24> el<40:33>
                                                  n<> u<334> t<Primary> p<335> c<333> l<40:24> el<40:33>
                                                    n<> u<333> t<Subroutine_call> p<334> c<320> l<40:24> el<40:33>
                                                      n<sum> u<320> t<SIMPLE_IDENTIFIER> p<333> s<332> l<40:24> el<40:27>
                                                      n<> u<332> t<Select> p<333> c<321> l<40:27> el<40:33>
                                                        n<> u<321> t<Bit_select> p<332> s<331> l<40:27> el<40:27>
                                                        n<> u<331> t<Part_select_range> p<332> c<330> l<40:28> el<40:32>
                                                          n<> u<330> t<Constant_range> p<331> c<325> l<40:28> el<40:32>
                                                            n<> u<325> t<Constant_expression> p<330> c<324> s<329> l<40:28> el<40:30>
                                                              n<> u<324> t<Constant_primary> p<325> c<323> l<40:28> el<40:30>
                                                                n<> u<323> t<Primary_literal> p<324> c<322> l<40:28> el<40:30>
                                                                  n<62> u<322> t<INTEGRAL_NUMBER> p<323> l<40:28> el<40:30>
                                                            n<> u<329> t<Constant_expression> p<330> c<328> l<40:31> el<40:32>
                                                              n<> u<328> t<Constant_primary> p<329> c<327> l<40:31> el<40:32>
                                                                n<> u<327> t<Primary_literal> p<328> c<326> l<40:31> el<40:32>
                                                                  n<0> u<326> t<INTEGRAL_NUMBER> p<327> l<40:31> el<40:32>
                                                n<> u<369> t<Expression> p<370> c<357> l<40:34> el<40:55>
                                                  n<> u<357> t<Expression> p<369> c<345> s<368> l<40:34> el<40:48>
                                                    n<> u<345> t<Expression> p<357> c<344> s<356> l<40:34> el<40:41>
                                                      n<> u<344> t<Primary> p<345> c<343> l<40:34> el<40:41>
                                                        n<> u<343> t<Subroutine_call> p<344> c<336> l<40:34> el<40:41>
                                                          n<sum> u<336> t<SIMPLE_IDENTIFIER> p<343> s<342> l<40:34> el<40:37>
                                                          n<> u<342> t<Select> p<343> c<341> l<40:37> el<40:41>
                                                            n<> u<341> t<Bit_select> p<342> c<340> l<40:37> el<40:41>
                                                              n<> u<340> t<Expression> p<341> c<339> l<40:38> el<40:40>
                                                                n<> u<339> t<Primary> p<340> c<338> l<40:38> el<40:40>
                                                                  n<> u<338> t<Primary_literal> p<339> c<337> l<40:38> el<40:40>
                                                                    n<63> u<337> t<INTEGRAL_NUMBER> p<338> l<40:38> el<40:40>
                                                    n<> u<356> t<BinaryOp_BitwXor> p<357> s<355> l<40:41> el<40:42>
                                                    n<> u<355> t<Expression> p<357> c<354> l<40:42> el<40:48>
                                                      n<> u<354> t<Primary> p<355> c<353> l<40:42> el<40:48>
                                                        n<> u<353> t<Subroutine_call> p<354> c<346> l<40:42> el<40:48>
                                                          n<sum> u<346> t<SIMPLE_IDENTIFIER> p<353> s<352> l<40:42> el<40:45>
                                                          n<> u<352> t<Select> p<353> c<351> l<40:45> el<40:48>
                                                            n<> u<351> t<Bit_select> p<352> c<350> l<40:45> el<40:48>
                                                              n<> u<350> t<Expression> p<351> c<349> l<40:46> el<40:47>
                                                                n<> u<349> t<Primary> p<350> c<348> l<40:46> el<40:47>
                                                                  n<> u<348> t<Primary_literal> p<349> c<347> l<40:46> el<40:47>
                                                                    n<2> u<347> t<INTEGRAL_NUMBER> p<348> l<40:46> el<40:47>
                                                  n<> u<368> t<BinaryOp_BitwXor> p<369> s<367> l<40:48> el<40:49>
                                                  n<> u<367> t<Expression> p<369> c<366> l<40:49> el<40:55>
                                                    n<> u<366> t<Primary> p<367> c<365> l<40:49> el<40:55>
                                                      n<> u<365> t<Subroutine_call> p<366> c<358> l<40:49> el<40:55>
                                                        n<sum> u<358> t<SIMPLE_IDENTIFIER> p<365> s<364> l<40:49> el<40:52>
                                                        n<> u<364> t<Select> p<365> c<363> l<40:52> el<40:55>
                                                          n<> u<363> t<Bit_select> p<364> c<362> l<40:52> el<40:55>
                                                            n<> u<362> t<Expression> p<363> c<361> l<40:53> el<40:54>
                                                              n<> u<361> t<Primary> p<362> c<360> l<40:53> el<40:54>
                                                                n<> u<360> t<Primary_literal> p<361> c<359> l<40:53> el<40:54>
                                                                  n<0> u<359> t<INTEGRAL_NUMBER> p<360> l<40:53> el<40:54>
                                n<> u<607> t<Statement_or_null> p<609> c<606> s<608> l<41:7> el<59:10>
                                  n<> u<606> t<Statement> p<607> c<605> l<41:7> el<59:10>
                                    n<> u<605> t<Statement_item> p<606> c<604> l<41:7> el<59:10>
                                      n<> u<604> t<Conditional_statement> p<605> c<390> l<41:7> el<59:10>
                                        n<> u<390> t<Cond_predicate> p<604> c<389> s<422> l<41:11> el<41:17>
                                          n<> u<389> t<Expression_or_cond_pattern> p<390> c<388> l<41:11> el<41:17>
                                            n<> u<388> t<Expression> p<389> c<382> l<41:11> el<41:17>
                                              n<> u<382> t<Expression> p<388> c<381> s<387> l<41:11> el<41:14>
                                                n<> u<381> t<Primary> p<382> c<380> l<41:11> el<41:14>
                                                  n<> u<380> t<Primary_literal> p<381> c<379> l<41:11> el<41:14>
                                                    n<cyc> u<379> t<SIMPLE_IDENTIFIER> p<380> l<41:11> el<41:14>
                                              n<> u<387> t<EQUIV> p<388> s<386> l<41:14> el<41:16>
                                              n<> u<386> t<Expression> p<388> c<385> l<41:16> el<41:17>
                                                n<> u<385> t<Primary> p<386> c<384> l<41:16> el<41:17>
                                                  n<> u<384> t<Primary_literal> p<385> c<383> l<41:16> el<41:17>
                                                    n<0> u<383> t<INTEGRAL_NUMBER> p<384> l<41:16> el<41:17>
                                        n<> u<422> t<Statement_or_null> p<604> c<421> s<603> l<41:19> el<45:10>
                                          n<> u<421> t<Statement> p<422> c<420> l<41:19> el<45:10>
                                            n<> u<420> t<Statement_item> p<421> c<391> l<41:19> el<45:10>
                                              n<// Setup> u<391> t<LINE_COMMENT> p<420> s<419> l<42:3> el<42:11>
                                              n<> u<419> t<Seq_block> p<420> c<404> l<41:19> el<45:10>
                                                n<> u<404> t<Statement_or_null> p<419> c<403> s<417> l<43:3> el<43:32>
                                                  n<> u<403> t<Statement> p<404> c<402> l<43:3> el<43:32>
                                                    n<> u<402> t<Statement_item> p<403> c<401> l<43:3> el<43:32>
                                                      n<> u<401> t<Nonblocking_assignment> p<402> c<396> l<43:3> el<43:31>
                                                        n<> u<396> t<Variable_lvalue> p<401> c<393> s<400> l<43:3> el<43:6>
                                                          n<> u<393> t<Ps_or_hierarchical_identifier> p<396> c<392> s<395> l<43:3> el<43:6>
                                                            n<crc> u<392> t<SIMPLE_IDENTIFIER> p<393> l<43:3> el<43:6>
                                                          n<> u<395> t<Select> p<396> c<394> l<43:7> el<43:7>
                                                            n<> u<394> t<Bit_select> p<395> l<43:7> el<43:7>
                                                        n<> u<400> t<Expression> p<401> c<399> l<43:10> el<43:31>
                                                          n<> u<399> t<Primary> p<400> c<398> l<43:10> el<43:31>
                                                            n<> u<398> t<Primary_literal> p<399> c<397> l<43:10> el<43:31>
                                                              n<64'h5aef0c8d_d70a4497> u<397> t<INTEGRAL_NUMBER> p<398> l<43:10> el<43:31>
                                                n<> u<417> t<Statement_or_null> p<419> c<416> s<418> l<44:3> el<44:16>
                                                  n<> u<416> t<Statement> p<417> c<415> l<44:3> el<44:16>
                                                    n<> u<415> t<Statement_item> p<416> c<414> l<44:3> el<44:16>
                                                      n<> u<414> t<Nonblocking_assignment> p<415> c<409> l<44:3> el<44:15>
                                                        n<> u<409> t<Variable_lvalue> p<414> c<406> s<413> l<44:3> el<44:6>
                                                          n<> u<406> t<Ps_or_hierarchical_identifier> p<409> c<405> s<408> l<44:3> el<44:6>
                                                            n<sum> u<405> t<SIMPLE_IDENTIFIER> p<406> l<44:3> el<44:6>
                                                          n<> u<408> t<Select> p<409> c<407> l<44:7> el<44:7>
                                                            n<> u<407> t<Bit_select> p<408> l<44:7> el<44:7>
                                                        n<> u<413> t<Expression> p<414> c<412> l<44:10> el<44:15>
                                                          n<> u<412> t<Primary> p<413> c<411> l<44:10> el<44:15>
                                                            n<> u<411> t<Primary_literal> p<412> c<410> l<44:10> el<44:15>
                                                              n<64'h0> u<410> t<INTEGRAL_NUMBER> p<411> l<44:10> el<44:15>
                                                n<> u<418> t<END> p<419> l<45:7> el<45:10>
                                        n<> u<603> t<Statement_or_null> p<604> c<602> l<46:12> el<59:10>
                                          n<> u<602> t<Statement> p<603> c<601> l<46:12> el<59:10>
                                            n<> u<601> t<Statement_item> p<602> c<600> l<46:12> el<59:10>
                                              n<> u<600> t<Conditional_statement> p<601> c<434> l<46:12> el<59:10>
                                                n<> u<434> t<Cond_predicate> p<600> c<433> s<452> l<46:16> el<46:22>
                                                  n<> u<433> t<Expression_or_cond_pattern> p<434> c<432> l<46:16> el<46:22>
                                                    n<> u<432> t<Expression> p<433> c<426> l<46:16> el<46:22>
                                                      n<> u<426> t<Expression> p<432> c<425> s<431> l<46:16> el<46:19>
                                                        n<> u<425> t<Primary> p<426> c<424> l<46:16> el<46:19>
                                                          n<> u<424> t<Primary_literal> p<425> c<423> l<46:16> el<46:19>
                                                            n<cyc> u<423> t<SIMPLE_IDENTIFIER> p<424> l<46:16> el<46:19>
                                                      n<> u<431> t<LESS> p<432> s<430> l<46:19> el<46:20>
                                                      n<> u<430> t<Expression> p<432> c<429> l<46:20> el<46:22>
                                                        n<> u<429> t<Primary> p<430> c<428> l<46:20> el<46:22>
                                                          n<> u<428> t<Primary_literal> p<429> c<427> l<46:20> el<46:22>
                                                            n<10> u<427> t<INTEGRAL_NUMBER> p<428> l<46:20> el<46:22>
                                                n<> u<452> t<Statement_or_null> p<600> c<451> s<599> l<46:24> el<48:10>
                                                  n<> u<451> t<Statement> p<452> c<450> l<46:24> el<48:10>
                                                    n<> u<450> t<Statement_item> p<451> c<449> l<46:24> el<48:10>
                                                      n<> u<449> t<Seq_block> p<450> c<447> l<46:24> el<48:10>
                                                        n<> u<447> t<Statement_or_null> p<449> c<446> s<448> l<47:3> el<47:16>
                                                          n<> u<446> t<Statement> p<447> c<445> l<47:3> el<47:16>
                                                            n<> u<445> t<Statement_item> p<446> c<444> l<47:3> el<47:16>
                                                              n<> u<444> t<Nonblocking_assignment> p<445> c<439> l<47:3> el<47:15>
                                                                n<> u<439> t<Variable_lvalue> p<444> c<436> s<443> l<47:3> el<47:6>
                                                                  n<> u<436> t<Ps_or_hierarchical_identifier> p<439> c<435> s<438> l<47:3> el<47:6>
                                                                    n<sum> u<435> t<SIMPLE_IDENTIFIER> p<436> l<47:3> el<47:6>
                                                                  n<> u<438> t<Select> p<439> c<437> l<47:7> el<47:7>
                                                                    n<> u<437> t<Bit_select> p<438> l<47:7> el<47:7>
                                                                n<> u<443> t<Expression> p<444> c<442> l<47:10> el<47:15>
                                                                  n<> u<442> t<Primary> p<443> c<441> l<47:10> el<47:15>
                                                                    n<> u<441> t<Primary_literal> p<442> c<440> l<47:10> el<47:15>
                                                                      n<64'h0> u<440> t<INTEGRAL_NUMBER> p<441> l<47:10> el<47:15>
                                                        n<> u<448> t<END> p<449> l<48:7> el<48:10>
                                                n<> u<599> t<Statement_or_null> p<600> c<598> l<49:12> el<59:10>
                                                  n<> u<598> t<Statement> p<599> c<597> l<49:12> el<59:10>
                                                    n<> u<597> t<Statement_item> p<598> c<596> l<49:12> el<59:10>
                                                      n<> u<596> t<Conditional_statement> p<597> c<464> l<49:12> el<59:10>
                                                        n<> u<464> t<Cond_predicate> p<596> c<463> s<469> l<49:16> el<49:22>
                                                          n<> u<463> t<Expression_or_cond_pattern> p<464> c<462> l<49:16> el<49:22>
                                                            n<> u<462> t<Expression> p<463> c<456> l<49:16> el<49:22>
                                                              n<> u<456> t<Expression> p<462> c<455> s<461> l<49:16> el<49:19>
                                                                n<> u<455> t<Primary> p<456> c<454> l<49:16> el<49:19>
                                                                  n<> u<454> t<Primary_literal> p<455> c<453> l<49:16> el<49:19>
                                                                    n<cyc> u<453> t<SIMPLE_IDENTIFIER> p<454> l<49:16> el<49:19>
                                                              n<> u<461> t<LESS> p<462> s<460> l<49:19> el<49:20>
                                                              n<> u<460> t<Expression> p<462> c<459> l<49:20> el<49:22>
                                                                n<> u<459> t<Primary> p<460> c<458> l<49:20> el<49:22>
                                                                  n<> u<458> t<Primary_literal> p<459> c<457> l<49:20> el<49:22>
                                                                    n<90> u<457> t<INTEGRAL_NUMBER> p<458> l<49:20> el<49:22>
                                                        n<> u<469> t<Statement_or_null> p<596> c<468> s<595> l<49:24> el<50:10>
                                                          n<> u<468> t<Statement> p<469> c<467> l<49:24> el<50:10>
                                                            n<> u<467> t<Statement_item> p<468> c<466> l<49:24> el<50:10>
                                                              n<> u<466> t<Seq_block> p<467> c<465> l<49:24> el<50:10>
                                                                n<> u<465> t<END> p<466> l<50:7> el<50:10>
                                                        n<> u<595> t<Statement_or_null> p<596> c<594> l<51:12> el<59:10>
                                                          n<> u<594> t<Statement> p<595> c<593> l<51:12> el<59:10>
                                                            n<> u<593> t<Statement_item> p<594> c<592> l<51:12> el<59:10>
                                                              n<> u<592> t<Conditional_statement> p<593> c<481> l<51:12> el<59:10>
                                                                n<> u<481> t<Cond_predicate> p<592> c<480> s<591> l<51:16> el<51:23>
                                                                  n<> u<480> t<Expression_or_cond_pattern> p<481> c<479> l<51:16> el<51:23>
                                                                    n<> u<479> t<Expression> p<480> c<473> l<51:16> el<51:23>
                                                                      n<> u<473> t<Expression> p<479> c<472> s<478> l<51:16> el<51:19>
                                                                        n<> u<472> t<Primary> p<473> c<471> l<51:16> el<51:19>
                                                                          n<> u<471> t<Primary_literal> p<472> c<470> l<51:16> el<51:19>
                                                                            n<cyc> u<470> t<SIMPLE_IDENTIFIER> p<471> l<51:16> el<51:19>
                                                                      n<> u<478> t<EQUIV> p<479> s<477> l<51:19> el<51:21>
                                                                      n<> u<477> t<Expression> p<479> c<476> l<51:21> el<51:23>
                                                                        n<> u<476> t<Primary> p<477> c<475> l<51:21> el<51:23>
                                                                          n<> u<475> t<Primary_literal> p<476> c<474> l<51:21> el<51:23>
                                                                            n<99> u<474> t<INTEGRAL_NUMBER> p<475> l<51:21> el<51:23>
                                                                n<> u<591> t<Statement_or_null> p<592> c<590> l<51:25> el<59:10>
                                                                  n<> u<590> t<Statement> p<591> c<589> l<51:25> el<59:10>
                                                                    n<> u<589> t<Statement_item> p<590> c<588> l<51:25> el<59:10>
                                                                      n<> u<588> t<Seq_block> p<589> c<514> l<51:25> el<59:10>
                                                                        n<> u<514> t<Statement_or_null> p<588> c<513> s<539> l<52:3> el<52:65>
                                                                          n<> u<513> t<Statement> p<514> c<512> l<52:3> el<52:65>
                                                                            n<> u<512> t<Statement_item> p<513> c<511> l<52:3> el<52:65>
                                                                              n<> u<511> t<Subroutine_call_statement> p<512> c<510> l<52:3> el<52:65>
                                                                                n<> u<510> t<Subroutine_call> p<511> c<482> l<52:3> el<52:64>
                                                                                  n<$> u<482> t<DOLLAR> p<510> s<483> l<52:3> el<52:4>
                                                                                  n<write> u<483> t<SIMPLE_IDENTIFIER> p<510> s<509> l<52:4> el<52:9>
                                                                                  n<> u<509> t<Argument_list> p<510> c<487> l<52:10> el<52:63>
                                                                                    n<> u<487> t<Expression> p<509> c<486> s<493> l<52:10> el<52:42>
                                                                                      n<> u<486> t<Primary> p<487> c<485> l<52:10> el<52:42>
                                                                                        n<> u<485> t<Primary_literal> p<486> c<484> l<52:10> el<52:42>
                                                                                          n<"[%0t] cyc==%0d crc=%x sum=%x\n"> u<484> t<QUOTED_STRING> p<485> l<52:10> el<52:42>
                                                                                    n<> u<493> t<Argument> p<509> c<492> s<498> l<52:43> el<52:48>
                                                                                      n<> u<492> t<Expression> p<493> c<491> l<52:43> el<52:48>
                                                                                        n<> u<491> t<Primary> p<492> c<490> l<52:43> el<52:48>
                                                                                          n<> u<490> t<System_task> p<491> c<489> l<52:43> el<52:48>
                                                                                            n<> u<489> t<System_task_names> p<490> c<488> l<52:43> el<52:48>
                                                                                              n<$time> u<488> t<SIMPLE_IDENTIFIER> p<489> l<52:44> el<52:48>
                                                                                    n<> u<498> t<Argument> p<509> c<497> s<503> l<52:50> el<52:53>
                                                                                      n<> u<497> t<Expression> p<498> c<496> l<52:50> el<52:53>
                                                                                        n<> u<496> t<Primary> p<497> c<495> l<52:50> el<52:53>
                                                                                          n<> u<495> t<Primary_literal> p<496> c<494> l<52:50> el<52:53>
                                                                                            n<cyc> u<494> t<SIMPLE_IDENTIFIER> p<495> l<52:50> el<52:53>
                                                                                    n<> u<503> t<Argument> p<509> c<502> s<508> l<52:55> el<52:58>
                                                                                      n<> u<502> t<Expression> p<503> c<501> l<52:55> el<52:58>
                                                                                        n<> u<501> t<Primary> p<502> c<500> l<52:55> el<52:58>
                                                                                          n<> u<500> t<Primary_literal> p<501> c<499> l<52:55> el<52:58>
                                                                                            n<crc> u<499> t<SIMPLE_IDENTIFIER> p<500> l<52:55> el<52:58>
                                                                                    n<> u<508> t<Argument> p<509> c<507> l<52:60> el<52:63>
                                                                                      n<> u<507> t<Expression> p<508> c<506> l<52:60> el<52:63>
                                                                                        n<> u<506> t<Primary> p<507> c<505> l<52:60> el<52:63>
                                                                                          n<> u<505> t<Primary_literal> p<506> c<504> l<52:60> el<52:63>
                                                                                            n<sum> u<504> t<SIMPLE_IDENTIFIER> p<505> l<52:60> el<52:63>
                                                                        n<> u<539> t<Statement_or_null> p<588> c<538> s<540> l<53:3> el<53:43>
                                                                          n<> u<538> t<Statement> p<539> c<537> l<53:3> el<53:43>
                                                                            n<> u<537> t<Statement_item> p<538> c<536> l<53:3> el<53:43>
                                                                              n<> u<536> t<Conditional_statement> p<537> c<526> l<53:3> el<53:43>
                                                                                n<> u<526> t<Cond_predicate> p<536> c<525> s<535> l<53:7> el<53:35>
                                                                                  n<> u<525> t<Expression_or_cond_pattern> p<526> c<524> l<53:7> el<53:35>
                                                                                    n<> u<524> t<Expression> p<525> c<518> l<53:7> el<53:35>
                                                                                      n<> u<518> t<Expression> p<524> c<517> s<523> l<53:7> el<53:10>
                                                                                        n<> u<517> t<Primary> p<518> c<516> l<53:7> el<53:10>
                                                                                          n<> u<516> t<Primary_literal> p<517> c<515> l<53:7> el<53:10>
                                                                                            n<crc> u<515> t<SIMPLE_IDENTIFIER> p<516> l<53:7> el<53:10>
                                                                                      n<> u<523> t<FOUR_STATE_LOGIC_NOTEQUAL> p<524> s<522> l<53:11> el<53:14>
                                                                                      n<> u<522> t<Expression> p<524> c<521> l<53:15> el<53:35>
                                                                                        n<> u<521> t<Primary> p<522> c<520> l<53:15> el<53:35>
                                                                                          n<> u<520> t<Primary_literal> p<521> c<519> l<53:15> el<53:35>
                                                                                            n<64'hc77bb9b3784ea091> u<519> t<INTEGRAL_NUMBER> p<520> l<53:15> el<53:35>
                                                                                n<> u<535> t<Statement_or_null> p<536> c<534> l<53:37> el<53:43>
                                                                                  n<> u<534> t<Statement> p<535> c<533> l<53:37> el<53:43>
                                                                                    n<> u<533> t<Statement_item> p<534> c<532> l<53:37> el<53:43>
                                                                                      n<> u<532> t<Subroutine_call_statement> p<533> c<531> l<53:37> el<53:43>
                                                                                        n<> u<531> t<Subroutine_call> p<532> c<527> l<53:37> el<53:42>
                                                                                          n<$> u<527> t<DOLLAR> p<531> s<528> l<53:37> el<53:38>
                                                                                          n<stop> u<528> t<SIMPLE_IDENTIFIER> p<531> s<530> l<53:38> el<53:42>
                                                                                          n<> u<530> t<Select> p<531> c<529> l<53:42> el<53:42>
                                                                                            n<> u<529> t<Bit_select> p<530> l<53:42> el<53:42>
                                                                        n<// What checksum will we end up with (above print should match)> u<540> t<LINE_COMMENT> p<588> s<565> l<54:3> el<54:66>
                                                                        n<> u<565> t<Statement_or_null> p<588> c<564> s<577> l<56:3> el<56:36>
                                                                          n<> u<564> t<Statement> p<565> c<563> l<56:3> el<56:36>
                                                                            n<> u<563> t<Statement_item> p<564> c<562> l<56:3> el<56:36>
                                                                              n<> u<562> t<Conditional_statement> p<563> c<552> l<56:3> el<56:36>
                                                                                n<> u<552> t<Cond_predicate> p<562> c<551> s<561> l<56:7> el<56:28>
                                                                                  n<> u<551> t<Expression_or_cond_pattern> p<552> c<550> l<56:7> el<56:28>
                                                                                    n<> u<550> t<Expression> p<551> c<544> l<56:7> el<56:28>
                                                                                      n<> u<544> t<Expression> p<550> c<543> s<549> l<56:7> el<56:10>
                                                                                        n<> u<543> t<Primary> p<544> c<542> l<56:7> el<56:10>
                                                                                          n<> u<542> t<Primary_literal> p<543> c<541> l<56:7> el<56:10>
                                                                                            n<sum> u<541> t<SIMPLE_IDENTIFIER> p<542> l<56:7> el<56:10>
                                                                                      n<> u<549> t<FOUR_STATE_LOGIC_NOTEQUAL> p<550> s<548> l<56:11> el<56:14>
                                                                                      n<> u<548> t<Expression> p<550> c<547> l<55:22> el<55:42>
                                                                                        n<> u<547> t<Primary> p<548> c<546> l<55:22> el<55:42>
                                                                                          n<> u<546> t<Primary_literal> p<547> c<545> l<55:22> el<55:42>
                                                                                            n<64'h7a7bd4ee927e7cc3> u<545> t<INTEGRAL_NUMBER> p<546> l<55:22> el<55:42>
                                                                                n<> u<561> t<Statement_or_null> p<562> c<560> l<56:30> el<56:36>
                                                                                  n<> u<560> t<Statement> p<561> c<559> l<56:30> el<56:36>
                                                                                    n<> u<559> t<Statement_item> p<560> c<558> l<56:30> el<56:36>
                                                                                      n<> u<558> t<Subroutine_call_statement> p<559> c<557> l<56:30> el<56:36>
                                                                                        n<> u<557> t<Subroutine_call> p<558> c<553> l<56:30> el<56:35>
                                                                                          n<$> u<553> t<DOLLAR> p<557> s<554> l<56:30> el<56:31>
                                                                                          n<stop> u<554> t<SIMPLE_IDENTIFIER> p<557> s<556> l<56:31> el<56:35>
                                                                                          n<> u<556> t<Select> p<557> c<555> l<56:35> el<56:35>
                                                                                            n<> u<555> t<Bit_select> p<556> l<56:35> el<56:35>
                                                                        n<> u<577> t<Statement_or_null> p<588> c<576> s<586> l<57:3> el<57:36>
                                                                          n<> u<576> t<Statement> p<577> c<575> l<57:3> el<57:36>
                                                                            n<> u<575> t<Statement_item> p<576> c<574> l<57:3> el<57:36>
                                                                              n<> u<574> t<Subroutine_call_statement> p<575> c<573> l<57:3> el<57:36>
                                                                                n<> u<573> t<Subroutine_call> p<574> c<566> l<57:3> el<57:35>
                                                                                  n<$> u<566> t<DOLLAR> p<573> s<567> l<57:3> el<57:4>
                                                                                  n<write> u<567> t<SIMPLE_IDENTIFIER> p<573> s<572> l<57:4> el<57:9>
                                                                                  n<> u<572> t<Argument_list> p<573> c<571> l<57:10> el<57:34>
                                                                                    n<> u<571> t<Expression> p<572> c<570> l<57:10> el<57:34>
                                                                                      n<> u<570> t<Primary> p<571> c<569> l<57:10> el<57:34>
                                                                                        n<> u<569> t<Primary_literal> p<570> c<568> l<57:10> el<57:34>
                                                                                          n<"*-* All Finished *-*\n"> u<568> t<QUOTED_STRING> p<569> l<57:10> el<57:34>
                                                                        n<> u<586> t<Statement_or_null> p<588> c<585> s<587> l<58:3> el<58:11>
                                                                          n<> u<585> t<Statement> p<586> c<584> l<58:3> el<58:11>
                                                                            n<> u<584> t<Statement_item> p<585> c<583> l<58:3> el<58:11>
                                                                              n<> u<583> t<Subroutine_call_statement> p<584> c<582> l<58:3> el<58:11>
                                                                                n<> u<582> t<Subroutine_call> p<583> c<578> l<58:3> el<58:10>
                                                                                  n<$> u<578> t<DOLLAR> p<582> s<579> l<58:3> el<58:4>
                                                                                  n<finish> u<579> t<SIMPLE_IDENTIFIER> p<582> s<581> l<58:4> el<58:10>
                                                                                  n<> u<581> t<Select> p<582> c<580> l<58:10> el<58:10>
                                                                                    n<> u<580> t<Bit_select> p<581> l<58:10> el<58:10>
                                                                        n<> u<587> t<END> p<588> l<59:7> el<59:10>
                                n<> u<608> t<END> p<609> l<60:4> el<60:7>
        n<> u<621> t<ENDMODULE> p<622> l<62:1> el<62:10>
    n<> u<732> t<Description> p<733> c<731> l<64:1> el<83:10>
      n<> u<731> t<Module_declaration> p<732> c<649> l<64:1> el<83:10>
        n<> u<649> t<Module_nonansi_header> p<731> c<624> s<650> l<64:1> el<69:6>
          n<module> u<624> t<MODULE> p<649> s<625> l<64:1> el<64:7>
          n<Test> u<625> t<SIMPLE_IDENTIFIER> p<649> s<626> l<64:8> el<64:12>
          n<> u<626> t<Package_import_declaration_list> p<649> s<627> l<64:13> el<64:13>
          n</*AUTOARG*/> u<627> t<BLOCK_COMMENT> p<649> s<628> l<64:13> el<69:5>
          n<// Outputs> u<628> t<LINE_COMMENT> p<649> s<648> l<65:4> el<65:14>
          n<> u<648> t<Port_list> p<649> c<634> l<64:13> el<69:5>
            n<> u<634> t<Port> p<648> c<633> s<635> l<66:4> el<66:7>
              n<> u<633> t<Port_expression> p<634> c<632> l<66:4> el<66:7>
                n<> u<632> t<Port_reference> p<633> c<629> l<66:4> el<66:7>
                  n<out> u<629> t<SIMPLE_IDENTIFIER> p<632> s<631> l<66:4> el<66:7>
                  n<> u<631> t<Constant_select> p<632> c<630> l<66:7> el<66:7>
                    n<> u<630> t<Constant_bit_select> p<631> l<66:7> el<66:7>
            n<// Inputs> u<635> t<LINE_COMMENT> p<648> s<641> l<67:4> el<67:13>
            n<> u<641> t<Port> p<648> c<640> s<647> l<68:4> el<68:7>
              n<> u<640> t<Port_expression> p<641> c<639> l<68:4> el<68:7>
                n<> u<639> t<Port_reference> p<640> c<636> l<68:4> el<68:7>
                  n<clk> u<636> t<SIMPLE_IDENTIFIER> p<639> s<638> l<68:4> el<68:7>
                  n<> u<638> t<Constant_select> p<639> c<637> l<68:7> el<68:7>
                    n<> u<637> t<Constant_bit_select> p<638> l<68:7> el<68:7>
            n<> u<647> t<Port> p<648> c<646> l<68:9> el<68:11>
              n<> u<646> t<Port_expression> p<647> c<645> l<68:9> el<68:11>
                n<> u<645> t<Port_reference> p<646> c<642> l<68:9> el<68:11>
                  n<in> u<642> t<SIMPLE_IDENTIFIER> p<645> s<644> l<68:9> el<68:11>
                  n<> u<644> t<Constant_select> p<645> c<643> l<69:4> el<69:4>
                    n<> u<643> t<Constant_bit_select> p<644> l<69:4> el<69:4>
        n<//bug718> u<650> t<LINE_COMMENT> p<731> s<657> l<71:4> el<71:12>
        n<> u<657> t<Module_item> p<731> c<656> s<676> l<73:4> el<73:14>
          n<> u<656> t<Port_declaration> p<657> c<655> l<73:4> el<73:13>
            n<> u<655> t<Input_declaration> p<656> c<652> l<73:4> el<73:13>
              n<> u<652> t<Net_port_type> p<655> c<651> s<654> l<73:10> el<73:10>
                n<> u<651> t<Data_type_or_implicit> p<652> l<73:10> el<73:10>
              n<> u<654> t<Port_identifier_list> p<655> c<653> l<73:10> el<73:13>
                n<clk> u<653> t<SIMPLE_IDENTIFIER> p<654> l<73:10> el<73:13>
        n<> u<676> t<Module_item> p<731> c<675> s<685> l<75:4> el<75:25>
          n<> u<675> t<Port_declaration> p<676> c<674> l<75:4> el<75:24>
            n<> u<674> t<Input_declaration> p<675> c<671> l<75:4> el<75:24>
              n<> u<671> t<Net_port_type> p<674> c<670> s<673> l<75:10> el<75:21>
                n<> u<670> t<Data_type_or_implicit> p<671> c<669> l<75:10> el<75:21>
                  n<logic> u<669> t<Data_type> p<670> c<658> l<75:10> el<75:21>
                    n<logic> u<658> t<SIMPLE_IDENTIFIER> p<669> s<668> l<75:10> el<75:15>
                    n<> u<668> t<Packed_dimension> p<669> c<667> l<75:16> el<75:21>
                      n<> u<667> t<Constant_range> p<668> c<662> l<75:17> el<75:20>
                        n<> u<662> t<Constant_expression> p<667> c<661> s<666> l<75:17> el<75:18>
                          n<> u<661> t<Constant_primary> p<662> c<660> l<75:17> el<75:18>
                            n<> u<660> t<Primary_literal> p<661> c<659> l<75:17> el<75:18>
                              n<4> u<659> t<INTEGRAL_NUMBER> p<660> l<75:17> el<75:18>
                        n<> u<666> t<Constant_expression> p<667> c<665> l<75:19> el<75:20>
                          n<> u<665> t<Constant_primary> p<666> c<664> l<75:19> el<75:20>
                            n<> u<664> t<Primary_literal> p<665> c<663> l<75:19> el<75:20>
                              n<0> u<663> t<INTEGRAL_NUMBER> p<664> l<75:19> el<75:20>
              n<> u<673> t<Port_identifier_list> p<674> c<672> l<75:22> el<75:24>
                n<in> u<672> t<SIMPLE_IDENTIFIER> p<673> l<75:22> el<75:24>
        n<> u<685> t<Module_item> p<731> c<684> s<729> l<77:4> el<77:21>
          n<> u<684> t<Port_declaration> p<685> c<683> l<77:4> el<77:20>
            n<> u<683> t<Output_declaration> p<684> c<680> l<77:4> el<77:20>
              n<> u<680> t<Net_port_type> p<683> c<679> s<682> l<77:11> el<77:16>
                n<> u<679> t<Data_type_or_implicit> p<680> c<678> l<77:11> el<77:16>
                  n<logic> u<678> t<Data_type> p<679> c<677> l<77:11> el<77:16>
                    n<logic> u<677> t<SIMPLE_IDENTIFIER> p<678> l<77:11> el<77:16>
              n<> u<682> t<Output_port_identifier_list> p<683> c<681> l<77:17> el<77:20>
                n<out> u<681> t<SIMPLE_IDENTIFIER> p<682> l<77:17> el<77:20>
        n<> u<729> t<Module_item> p<731> c<728> s<730> l<79:4> el<81:7>
          n<> u<728> t<Non_port_module_item> p<729> c<727> l<79:4> el<81:7>
            n<> u<727> t<Module_or_generate_item> p<728> c<726> l<79:4> el<81:7>
              n<> u<726> t<Module_common_item> p<727> c<725> l<79:4> el<81:7>
                n<> u<725> t<Always_construct> p<726> c<686> l<79:4> el<81:7>
                  n<> u<686> t<ALWAYS> p<725> s<724> l<79:4> el<79:10>
                  n<> u<724> t<Statement> p<725> c<723> l<79:11> el<81:7>
                    n<> u<723> t<Statement_item> p<724> c<722> l<79:11> el<81:7>
                      n<> u<722> t<Procedural_timing_control_statement> p<723> c<694> l<79:11> el<81:7>
                        n<> u<694> t<Procedural_timing_control> p<722> c<693> s<721> l<79:11> el<79:25>
                          n<> u<693> t<Event_control> p<694> c<692> l<79:11> el<79:25>
                            n<> u<692> t<Event_expression> p<693> c<687> l<79:13> el<79:24>
                              n<> u<687> t<POSEDGE> p<692> s<691> l<79:13> el<79:20>
                              n<> u<691> t<Expression> p<692> c<690> l<79:21> el<79:24>
                                n<> u<690> t<Primary> p<691> c<689> l<79:21> el<79:24>
                                  n<> u<689> t<Primary_literal> p<690> c<688> l<79:21> el<79:24>
                                    n<clk> u<688> t<SIMPLE_IDENTIFIER> p<689> l<79:21> el<79:24>
                        n<> u<721> t<Statement_or_null> p<722> c<720> l<79:26> el<81:7>
                          n<> u<720> t<Statement> p<721> c<719> l<79:26> el<81:7>
                            n<> u<719> t<Statement_item> p<720> c<718> l<79:26> el<81:7>
                              n<> u<718> t<Seq_block> p<719> c<716> l<79:26> el<81:7>
                                n<> u<716> t<Statement_or_null> p<718> c<715> s<717> l<80:7> el<80:36>
                                  n<> u<715> t<Statement> p<716> c<714> l<80:7> el<80:36>
                                    n<> u<714> t<Statement_item> p<715> c<713> l<80:7> el<80:36>
                                      n<> u<713> t<Nonblocking_assignment> p<714> c<699> l<80:7> el<80:35>
                                        n<> u<699> t<Variable_lvalue> p<713> c<696> s<712> l<80:7> el<80:10>
                                          n<> u<696> t<Ps_or_hierarchical_identifier> p<699> c<695> s<698> l<80:7> el<80:10>
                                            n<out> u<695> t<SIMPLE_IDENTIFIER> p<696> l<80:7> el<80:10>
                                          n<> u<698> t<Select> p<699> c<697> l<80:11> el<80:11>
                                            n<> u<697> t<Bit_select> p<698> l<80:11> el<80:11>
                                        n<> u<712> t<Expression> p<713> c<703> l<80:14> el<80:35>
                                          n<> u<703> t<Expression> p<712> c<702> s<711> l<80:14> el<80:16>
                                            n<> u<702> t<Primary> p<703> c<701> l<80:14> el<80:16>
                                              n<> u<701> t<Primary_literal> p<702> c<700> l<80:14> el<80:16>
                                                n<in> u<700> t<SIMPLE_IDENTIFIER> p<701> l<80:14> el<80:16>
                                          n<> u<711> t<INSIDE> p<712> s<710> l<80:17> el<80:23>
                                          n<> u<710> t<Expression> p<712> c<709> l<80:24> el<80:35>
                                            n<> u<709> t<Primary> p<710> c<708> l<80:24> el<80:35>
                                              n<> u<708> t<Concatenation> p<709> c<707> l<80:24> el<80:35>
                                                n<> u<707> t<Expression> p<708> c<706> l<80:25> el<80:34>
                                                  n<> u<706> t<Primary> p<707> c<705> l<80:25> el<80:34>
                                                    n<> u<705> t<Primary_literal> p<706> c<704> l<80:25> el<80:34>
                                                      n<5'b1_1?1?> u<704> t<INTEGRAL_NUMBER> p<705> l<80:25> el<80:34>
                                n<> u<717> t<END> p<718> l<81:4> el<81:7>
        n<> u<730> t<ENDMODULE> p<731> l<83:1> el<83:10>
  n<// t> u<734> t<LINE_COMMENT> p<735> l<83:11> el<83:15>
AST_DEBUG_END
[INF:CP5804] $Source01/t_inside_wild.v:6:1: Compile module "t".
[INF:CP5804] $Source01/t_inside_wild.v:64:1: Compile module "Test".
[INF:CM5028] Using global timescale: "1ns/1ns".
====== HLDB =======
Design name:unnamed:
  vpiName: unnamed
  vpiSourceFile (1 items):
    SourceFile name:t_inside_wild.v file:$Source01/t_inside_wild.v:
      vpiParent: Design name:unnamed
      vpiName: t_inside_wild.v
      vpiPreprocFile: "$Output/lib/work/t_inside_wild.v"
      vpiPreprocMacroDefinition (1 items):
        PreprocMacroDefinition name:EXPECTED_SUM start:55:1 end:55:42:
          vpiParent: SourceFile name:t_inside_wild.v
          vpiName Identifier name:EXPECTED_SUM start:55:9 end:55:21:
            vpiParent: PreprocMacroDefinition name:EXPECTED_SUM
            vpiName: EXPECTED_SUM
          vpiPMDType: define (1)
          vpiPMDToken (1 items):
            "Identifier name:64'h7a7bd4ee927e7cc3 start:55:22 end:55:42":
              vpiParent: PreprocMacroDefinition name:EXPECTED_SUM
              vpiName: "64'h7a7bd4ee927e7cc3"
      vpiPreprocMacroInstance (1 items):
        PreprocMacroInstance name:EXPECTED_SUM file:$Source01/t_inside_wild.v start:56:15 end:56:28 ppstart:56:15 ppend:56:35:
          vpiParent: SourceFile name:t_inside_wild.v
          vpiName Identifier name:EXPECTED_SUM start:56:15 end:56:28:
            vpiParent: PreprocMacroInstance name:EXPECTED_SUM
            vpiName: EXPECTED_SUM
          vpiPreprocMacroDefinition: PreprocMacroDefinition name:EXPECTED_SUM
          "vpiPMIBody Identifier name:64'h7a7bd4ee927e7cc3 start:55:22 end:55:42":
            vpiParent: PreprocMacroInstance name:EXPECTED_SUM
            vpiName: "64'h7a7bd4ee927e7cc3"
  vpiAllModules (2 items):
    Module name:t file:$Source01/t_inside_wild.v start:6:1 end:62:10:
      vpiParent: Design name:unnamed
      vpiName Identifier name:t start:6:8 end:6:9:
        vpiParent: Module name:t
        vpiName: t
      vpiFullName: t
      vpiVariable (4 items):
        Variable name:cyc start:12:13 end:12:16:
          vpiParent: Module name:t
          vpiTypespec RefTypespec start:12:4 end:12:11:
            vpiParent: Variable name:cyc
            vpiFullName: t.cyc
            vpiActual: IntegerTypespec
          vpiName: cyc
          vpiFullName: t.cyc
          vpiValue Constant start:12:17 end:12:18:
            vpiParent: Variable name:cyc
            vpiTypespec RefTypespec:
              vpiParent: Constant
              vpiFullName: t.cyc
              vpiActual: IntTypespec
            vpiConstType: unsigned int (9)
            vpiSize: 64
            vpiDecompile: "0"
            vpiValue: 0
        Variable name:crc start:13:16 end:13:19:
          vpiParent: Module name:t
          vpiTypespec RefTypespec start:13:4 end:13:14:
            vpiParent: Variable name:crc
            vpiFullName: t.crc
            vpiActual: LogicTypespec
          vpiName: crc
          vpiFullName: t.crc
          vpiVector: true
        Variable name:sum start:14:16 end:14:19:
          vpiParent: Module name:t
          vpiTypespec RefTypespec start:14:4 end:14:14:
            vpiParent: Variable name:sum
            vpiFullName: t.sum
            vpiActual: LogicTypespec
          vpiName: sum
          vpiFullName: t.sum
          vpiVector: true
        Variable name:out start:20:11 end:20:14:
          vpiParent: Module name:t
          vpiTypespec RefTypespec name:logic start:20:4 end:20:9:
            vpiParent: Variable name:out
            vpiName: logic
            vpiFullName: t.out.logic
            vpiActual: UnsupportedTypespec name:logic
          vpiName: out
          vpiFullName: t.out
      vpiTypespec (8 items):
        LogicTypespec:
          vpiParent: Module name:t
        IntegerTypespec:
          vpiParent: Module name:t
          vpiSigned: true
        LogicTypespec:
          vpiParent: Module name:t
          vpiRange (1 items):
            Range start:13:8 end:13:14:
              vpiParent: LogicTypespec
              vpiLeftRange Constant start:13:9 end:13:11:
                vpiParent: Range
                vpiTypespec RefTypespec:
                  vpiParent: Constant
                  vpiFullName: t
                  vpiActual: IntTypespec
                vpiConstType: unsigned int (9)
                vpiSize: 64
                vpiDecompile: "63"
                vpiValue: 63
              vpiRightRange Constant start:13:12 end:13:13:
                vpiParent: Range
                vpiTypespec RefTypespec:
                  vpiParent: Constant
                  vpiFullName: t
                  vpiActual: IntTypespec
                vpiConstType: unsigned int (9)
                vpiSize: 64
                vpiDecompile: "0"
                vpiValue: 0
          vpiVector: true
        LogicTypespec:
          vpiParent: Module name:t
          vpiRange (1 items):
            Range start:14:8 end:14:14:
              vpiParent: LogicTypespec
              vpiLeftRange Constant start:14:9 end:14:11:
                vpiParent: Range
                vpiTypespec RefTypespec:
                  vpiParent: Constant
                  vpiFullName: t
                  vpiActual: IntTypespec
                vpiConstType: unsigned int (9)
                vpiSize: 64
                vpiDecompile: "63"
                vpiValue: 63
              vpiRightRange Constant start:14:12 end:14:13:
                vpiParent: Range
                vpiTypespec RefTypespec:
                  vpiParent: Constant
                  vpiFullName: t
                  vpiActual: IntTypespec
                vpiConstType: unsigned int (9)
                vpiSize: 64
                vpiDecompile: "0"
                vpiValue: 0
          vpiVector: true
        LogicTypespec:
          vpiParent: Module name:t
          vpiRange (1 items):
            Range start:16:9 end:16:14:
              vpiParent: LogicTypespec
              vpiLeftRange Constant start:16:10 end:16:11:
                vpiParent: Range
                vpiTypespec RefTypespec:
                  vpiParent: Constant
                  vpiFullName: t
                  vpiActual: IntTypespec
                vpiConstType: unsigned int (9)
                vpiSize: 64
                vpiDecompile: "4"
                vpiValue: 4
              vpiRightRange Constant start:16:12 end:16:13:
                vpiParent: Range
                vpiTypespec RefTypespec:
                  vpiParent: Constant
                  vpiFullName: t
                  vpiActual: IntTypespec
                vpiConstType: unsigned int (9)
                vpiSize: 64
                vpiDecompile: "0"
                vpiValue: 0
          vpiVector: true
        UnsupportedTypespec name:logic start:20:4 end:20:9:
          vpiParent: Module name:t
          vpiName Identifier name:logic start:20:4 end:20:9:
            vpiParent: UnsupportedTypespec name:logic
            vpiName: logic
        ModuleTypespec name:Test start:23:4 end:23:8:
          vpiParent: Module name:t
          vpiName Identifier name:Test start:23:4 end:23:8:
            vpiParent: ModuleTypespec name:Test
            vpiName: Test
          vpiModule: Module name:Test
        LogicTypespec:
          vpiParent: Module name:t
          vpiRange (1 items):
            Range start:31:9 end:31:15:
              vpiParent: LogicTypespec
              vpiLeftRange Constant start:31:10 end:31:12:
                vpiParent: Range
                vpiTypespec RefTypespec:
                  vpiParent: Constant
                  vpiFullName: t
                  vpiActual: IntTypespec
                vpiConstType: unsigned int (9)
                vpiSize: 64
                vpiDecompile: "63"
                vpiValue: 63
              vpiRightRange Constant start:31:13 end:31:14:
                vpiParent: Range
                vpiTypespec RefTypespec:
                  vpiParent: Constant
                  vpiFullName: t
                  vpiActual: IntTypespec
                vpiConstType: unsigned int (9)
                vpiSize: 64
                vpiDecompile: "0"
                vpiValue: 0
          vpiVector: true
      vpiDefName: t
      vpiDefNetType: wire (1)
      vpiLibrary RefObj name:work:
        vpiParent: Module name:t
        vpiName: work
        vpiFullName: t.work
      vpiCell: t
      vpiNet (3 items):
        Net name:clk start:10:10 end:10:13:
          vpiParent: Module name:t
          vpiTypespec RefTypespec start:10:10 end:10:10:
            vpiParent: Net name:clk
            vpiFullName: t.clk
            vpiActual: LogicTypespec
          vpiName: clk
          vpiFullName: t.clk
          vpiNetType: wire (1)
          vpiScalar: true
        Net name:in start:16:15 end:16:17:
          vpiParent: Module name:t
          vpiTypespec RefTypespec start:16:9 end:16:14:
            vpiParent: Net name:in
            vpiFullName: t.in
            vpiActual: LogicTypespec
          vpiName: in
          vpiFullName: t.in
          vpiNetType: wire (1)
          vpiVector: true
          vpiValue PartSelect name:crc[4:0] start:16:20 end:16:28:
            vpiParent: Net name:in
            vpiName: crc[4:0]
            vpiFullName: t.in.crc[4:0]
            vpiPrefix RefObj name:crc start:16:20 end:16:23:
              vpiParent: PartSelect name:crc[4:0]
              vpiName: crc
              vpiFullName: t.in.crc[4:0].crc
              vpiActual: Variable name:crc
            vpiRange Range start:16:24 end:16:27:
              vpiParent: PartSelect name:crc[4:0]
              vpiLeftRange Constant start:16:24 end:16:25:
                vpiParent: Range
                vpiTypespec RefTypespec:
                  vpiParent: Constant
                  vpiFullName: t.in.crc[4:0]
                  vpiActual: IntTypespec
                vpiConstType: unsigned int (9)
                vpiSize: 64
                vpiDecompile: "4"
                vpiValue: 4
              vpiRightRange Constant start:16:26 end:16:27:
                vpiParent: Range
                vpiTypespec RefTypespec:
                  vpiParent: Constant
                  vpiFullName: t.in.crc[4:0]
                  vpiActual: IntTypespec
                vpiConstType: unsigned int (9)
                vpiSize: 64
                vpiDecompile: "0"
                vpiValue: 0
        Net name:result start:31:16 end:31:22:
          vpiParent: Module name:t
          vpiTypespec RefTypespec start:31:9 end:31:15:
            vpiParent: Net name:result
            vpiFullName: t.result
            vpiActual: LogicTypespec
          vpiName: result
          vpiFullName: t.result
          vpiNetType: wire (1)
          vpiVector: true
          vpiValue Operation start:31:25 end:31:37:
            vpiParent: Net name:result
            vpiOpType: concatenation (33)
            vpiOperand (2 items):
              Constant start:31:26 end:31:31:
                vpiParent: Operation
                vpiTypespec RefTypespec:
                  vpiParent: Constant
                  vpiFullName: t.result
                  vpiActual: IntTypespec
                vpiConstType: hexadecimal (5)
                vpiSize: 63
                vpiDecompile: "63'h0"
                vpiValue: "0"
              RefObj name:out start:31:33 end:31:36:
                vpiParent: Operation
                vpiName: out
                vpiFullName: t.result.out
                vpiActual: Variable name:out
      vpiPort (1 items):
        Port name:clk start:8:4 end:8:7:
          vpiParent: Module name:t
          vpiName: clk
          vpiDirection: input (1)
          vpiLowConn RefObj name:clk start:10:10 end:10:13:
            vpiParent: Port name:clk
            vpiName: clk
            vpiFullName: t.clk.clk
            vpiActual: Net name:clk
          vpiTypespec RefTypespec start:10:10 end:10:10:
            vpiParent: Port name:clk
            vpiFullName: t.clk
            vpiActual: LogicTypespec
      vpiProcess (1 items):
        Always start:34:4 end:60:7:
          vpiParent: Module name:t
          vpiStmt EventControl start:34:11 end:60:7:
            vpiParent: Always
            vpiCondition Operation start:34:14 end:34:25:
              vpiParent: EventControl
              vpiOpType: posedge (39)
              vpiOperand (1 items):
                RefObj name:clk start:34:22 end:34:25:
                  vpiParent: Operation
                  vpiName: clk
                  vpiFullName: t.clk
                  vpiActual: Net name:clk
            vpiStmt Begin start:34:27 end:60:7:
              vpiParent: EventControl
              vpiFullName: t
              vpiStmt (4 items):
                Assignment start:38:7 end:38:21:
                  vpiParent: Begin
                  vpiLhs RefObj name:cyc start:38:7 end:38:10:
                    vpiParent: Assignment
                    vpiName: cyc
                    vpiFullName: t.cyc
                    vpiActual: Variable name:cyc
                  vpiRhs Operation start:38:14 end:38:21:
                    vpiParent: Assignment
                    vpiOpType: add (24)
                    vpiOperand (2 items):
                      RefObj name:cyc start:38:14 end:38:17:
                        vpiParent: Operation
                        vpiName: cyc
                        vpiFullName: t.cyc
                        vpiActual: Variable name:cyc
                      Constant start:38:20 end:38:21:
                        vpiParent: Operation
                        vpiTypespec RefTypespec:
                          vpiParent: Constant
                          vpiFullName: t
                          vpiActual: IntTypespec
                        vpiConstType: unsigned int (9)
                        vpiSize: 64
                        vpiDecompile: "1"
                        vpiValue: 1
                Assignment start:39:7 end:39:48:
                  vpiParent: Begin
                  vpiLhs RefObj name:crc start:39:7 end:39:10:
                    vpiParent: Assignment
                    vpiName: crc
                    vpiFullName: t.crc
                    vpiActual: Variable name:crc
                  vpiRhs Operation start:39:14 end:39:48:
                    vpiParent: Assignment
                    vpiOpType: concatenation (33)
                    vpiOperand (2 items):
                      PartSelect name:crc[62:0] start:39:15 end:39:24:
                        vpiParent: Operation
                        vpiName: crc[62:0]
                        vpiFullName: t.crc[62:0]
                        vpiPrefix RefObj name:crc start:39:15 end:39:18:
                          vpiParent: PartSelect name:crc[62:0]
                          vpiName: crc
                          vpiFullName: t.crc[62:0].crc
                          vpiActual: Variable name:crc
                        vpiRange Range start:39:19 end:39:23:
                          vpiParent: PartSelect name:crc[62:0]
                          vpiLeftRange Constant start:39:19 end:39:21:
                            vpiParent: Range
                            vpiTypespec RefTypespec:
                              vpiParent: Constant
                              vpiFullName: t.crc[62:0]
                              vpiActual: IntTypespec
                            vpiConstType: unsigned int (9)
                            vpiSize: 64
                            vpiDecompile: "62"
                            vpiValue: 62
                          vpiRightRange Constant start:39:22 end:39:23:
                            vpiParent: Range
                            vpiTypespec RefTypespec:
                              vpiParent: Constant
                              vpiFullName: t.crc[62:0]
                              vpiActual: IntTypespec
                            vpiConstType: unsigned int (9)
                            vpiSize: 64
                            vpiDecompile: "0"
                            vpiValue: 0
                      Operation start:39:26 end:39:47:
                        vpiParent: Operation
                        vpiOpType: bitwise xor (30)
                        vpiOperand (2 items):
                          Operation start:39:26 end:39:40:
                            vpiParent: Operation
                            vpiOpType: bitwise xor (30)
                            vpiOperand (2 items):
                              BitSelect name:crc[63] start:39:26 end:39:33:
                                vpiParent: Operation
                                vpiName: crc[63]
                                vpiFullName: t.crc[63]
                                vpiPrefix RefObj name:crc start:39:26 end:39:29:
                                  vpiParent: BitSelect name:crc[63]
                                  vpiName: crc
                                  vpiFullName: t.crc
                                  vpiActual: Variable name:crc
                                vpiIndex Constant start:39:30 end:39:32:
                                  vpiParent: BitSelect name:crc[63]
                                  vpiTypespec RefTypespec:
                                    vpiParent: Constant
                                    vpiFullName: t.crc[63]
                                    vpiActual: IntTypespec
                                  vpiConstType: unsigned int (9)
                                  vpiSize: 64
                                  vpiDecompile: "63"
                                  vpiValue: 63
                              BitSelect name:crc[2] start:39:34 end:39:40:
                                vpiParent: Operation
                                vpiName: crc[2]
                                vpiFullName: t.crc[2]
                                vpiPrefix RefObj name:crc start:39:34 end:39:37:
                                  vpiParent: BitSelect name:crc[2]
                                  vpiName: crc
                                  vpiFullName: t.crc
                                  vpiActual: Variable name:crc
                                vpiIndex Constant start:39:38 end:39:39:
                                  vpiParent: BitSelect name:crc[2]
                                  vpiTypespec RefTypespec:
                                    vpiParent: Constant
                                    vpiFullName: t.crc[2]
                                    vpiActual: IntTypespec
                                  vpiConstType: unsigned int (9)
                                  vpiSize: 64
                                  vpiDecompile: "2"
                                  vpiValue: 2
                          BitSelect name:crc[0] start:39:41 end:39:47:
                            vpiParent: Operation
                            vpiName: crc[0]
                            vpiFullName: t.crc[0]
                            vpiPrefix RefObj name:crc start:39:41 end:39:44:
                              vpiParent: BitSelect name:crc[0]
                              vpiName: crc
                              vpiFullName: t.crc
                              vpiActual: Variable name:crc
                            vpiIndex Constant start:39:45 end:39:46:
                              vpiParent: BitSelect name:crc[0]
                              vpiTypespec RefTypespec:
                                vpiParent: Constant
                                vpiFullName: t.crc[0]
                                vpiActual: IntTypespec
                              vpiConstType: unsigned int (9)
                              vpiSize: 64
                              vpiDecompile: "0"
                              vpiValue: 0
                Assignment start:40:7 end:40:56:
                  vpiParent: Begin
                  vpiLhs RefObj name:sum start:40:7 end:40:10:
                    vpiParent: Assignment
                    vpiName: sum
                    vpiFullName: t.sum
                    vpiActual: Variable name:sum
                  vpiRhs Operation start:40:14 end:40:56:
                    vpiParent: Assignment
                    vpiOpType: bitwise xor (30)
                    vpiOperand (2 items):
                      RefObj name:result start:40:14 end:40:20:
                        vpiParent: Operation
                        vpiName: result
                        vpiFullName: t.result
                        vpiActual: Net name:result
                      Operation start:40:23 end:40:56:
                        vpiParent: Operation
                        vpiOpType: concatenation (33)
                        vpiOperand (2 items):
                          PartSelect name:sum[62:0] start:40:24 end:40:33:
                            vpiParent: Operation
                            vpiName: sum[62:0]
                            vpiFullName: t.sum[62:0]
                            vpiPrefix RefObj name:sum start:40:24 end:40:27:
                              vpiParent: PartSelect name:sum[62:0]
                              vpiName: sum
                              vpiFullName: t.sum[62:0].sum
                              vpiActual: Variable name:sum
                            vpiRange Range start:40:28 end:40:32:
                              vpiParent: PartSelect name:sum[62:0]
                              vpiLeftRange Constant start:40:28 end:40:30:
                                vpiParent: Range
                                vpiTypespec RefTypespec:
                                  vpiParent: Constant
                                  vpiFullName: t.sum[62:0]
                                  vpiActual: IntTypespec
                                vpiConstType: unsigned int (9)
                                vpiSize: 64
                                vpiDecompile: "62"
                                vpiValue: 62
                              vpiRightRange Constant start:40:31 end:40:32:
                                vpiParent: Range
                                vpiTypespec RefTypespec:
                                  vpiParent: Constant
                                  vpiFullName: t.sum[62:0]
                                  vpiActual: IntTypespec
                                vpiConstType: unsigned int (9)
                                vpiSize: 64
                                vpiDecompile: "0"
                                vpiValue: 0
                          Operation start:40:34 end:40:55:
                            vpiParent: Operation
                            vpiOpType: bitwise xor (30)
                            vpiOperand (2 items):
                              Operation start:40:34 end:40:48:
                                vpiParent: Operation
                                vpiOpType: bitwise xor (30)
                                vpiOperand (2 items):
                                  BitSelect name:sum[63] start:40:34 end:40:41:
                                    vpiParent: Operation
                                    vpiName: sum[63]
                                    vpiFullName: t.sum[63]
                                    vpiPrefix RefObj name:sum start:40:34 end:40:37:
                                      vpiParent: BitSelect name:sum[63]
                                      vpiName: sum
                                      vpiFullName: t.sum
                                      vpiActual: Variable name:sum
                                    vpiIndex Constant start:40:38 end:40:40:
                                      vpiParent: BitSelect name:sum[63]
                                      vpiTypespec RefTypespec:
                                        vpiParent: Constant
                                        vpiFullName: t.sum[63]
                                        vpiActual: IntTypespec
                                      vpiConstType: unsigned int (9)
                                      vpiSize: 64
                                      vpiDecompile: "63"
                                      vpiValue: 63
                                  BitSelect name:sum[2] start:40:42 end:40:48:
                                    vpiParent: Operation
                                    vpiName: sum[2]
                                    vpiFullName: t.sum[2]
                                    vpiPrefix RefObj name:sum start:40:42 end:40:45:
                                      vpiParent: BitSelect name:sum[2]
                                      vpiName: sum
                                      vpiFullName: t.sum
                                      vpiActual: Variable name:sum
                                    vpiIndex Constant start:40:46 end:40:47:
                                      vpiParent: BitSelect name:sum[2]
                                      vpiTypespec RefTypespec:
                                        vpiParent: Constant
                                        vpiFullName: t.sum[2]
                                        vpiActual: IntTypespec
                                      vpiConstType: unsigned int (9)
                                      vpiSize: 64
                                      vpiDecompile: "2"
                                      vpiValue: 2
                              BitSelect name:sum[0] start:40:49 end:40:55:
                                vpiParent: Operation
                                vpiName: sum[0]
                                vpiFullName: t.sum[0]
                                vpiPrefix RefObj name:sum start:40:49 end:40:52:
                                  vpiParent: BitSelect name:sum[0]
                                  vpiName: sum
                                  vpiFullName: t.sum
                                  vpiActual: Variable name:sum
                                vpiIndex Constant start:40:53 end:40:54:
                                  vpiParent: BitSelect name:sum[0]
                                  vpiTypespec RefTypespec:
                                    vpiParent: Constant
                                    vpiFullName: t.sum[0]
                                    vpiActual: IntTypespec
                                  vpiConstType: unsigned int (9)
                                  vpiSize: 64
                                  vpiDecompile: "0"
                                  vpiValue: 0
                IfElse start:41:7 end:59:10:
                  vpiParent: Begin
                  vpiCondition Operation start:41:11 end:41:17:
                    vpiParent: IfElse
                    vpiOpType: equal (14)
                    vpiOperand (2 items):
                      RefObj name:cyc start:41:11 end:41:14:
                        vpiParent: Operation
                        vpiName: cyc
                        vpiFullName: t.cyc
                        vpiActual: Variable name:cyc
                      Constant start:41:16 end:41:17:
                        vpiParent: Operation
                        vpiTypespec RefTypespec:
                          vpiParent: Constant
                          vpiFullName: t
                          vpiActual: IntTypespec
                        vpiConstType: unsigned int (9)
                        vpiSize: 64
                        vpiDecompile: "0"
                        vpiValue: 0
                  vpiStmt Begin start:41:19 end:45:10:
                    vpiParent: IfElse
                    vpiFullName: t
                    vpiStmt (2 items):
                      Assignment start:43:3 end:43:31:
                        vpiParent: Begin
                        vpiLhs RefObj name:crc start:43:3 end:43:6:
                          vpiParent: Assignment
                          vpiName: crc
                          vpiFullName: t.crc
                          vpiActual: Variable name:crc
                        vpiRhs Constant start:43:10 end:43:31:
                          vpiParent: Assignment
                          vpiTypespec RefTypespec:
                            vpiParent: Constant
                            vpiFullName: t
                            vpiActual: LongIntTypespec
                          vpiConstType: hexadecimal (5)
                          vpiSize: 64
                          vpiDecompile: "64'h5aef0c8d_d70a4497"
                          vpiValue: "5aef0c8dd70a4497"
                      Assignment start:44:3 end:44:15:
                        vpiParent: Begin
                        vpiLhs RefObj name:sum start:44:3 end:44:6:
                          vpiParent: Assignment
                          vpiName: sum
                          vpiFullName: t.sum
                          vpiActual: Variable name:sum
                        vpiRhs Constant start:44:10 end:44:15:
                          vpiParent: Assignment
                          vpiTypespec RefTypespec:
                            vpiParent: Constant
                            vpiFullName: t
                            vpiActual: IntTypespec
                          vpiConstType: hexadecimal (5)
                          vpiSize: 64
                          vpiDecompile: "64'h0"
                          vpiValue: "0"
                  vpiElseStmt IfElse start:46:12 end:59:10:
                    vpiParent: IfElse
                    vpiCondition Operation start:46:16 end:46:22:
                      vpiParent: IfElse
                      vpiOpType: less than (20)
                      vpiOperand (2 items):
                        RefObj name:cyc start:46:16 end:46:19:
                          vpiParent: Operation
                          vpiName: cyc
                          vpiFullName: t.cyc
                          vpiActual: Variable name:cyc
                        Constant start:46:20 end:46:22:
                          vpiParent: Operation
                          vpiTypespec RefTypespec:
                            vpiParent: Constant
                            vpiFullName: t
                            vpiActual: IntTypespec
                          vpiConstType: unsigned int (9)
                          vpiSize: 64
                          vpiDecompile: "10"
                          vpiValue: 10
                    vpiStmt Begin start:46:24 end:48:10:
                      vpiParent: IfElse
                      vpiFullName: t
                      vpiStmt (1 items):
                        Assignment start:47:3 end:47:15:
                          vpiParent: Begin
                          vpiLhs RefObj name:sum start:47:3 end:47:6:
                            vpiParent: Assignment
                            vpiName: sum
                            vpiFullName: t.sum
                            vpiActual: Variable name:sum
                          vpiRhs Constant start:47:10 end:47:15:
                            vpiParent: Assignment
                            vpiTypespec RefTypespec:
                              vpiParent: Constant
                              vpiFullName: t
                              vpiActual: IntTypespec
                            vpiConstType: hexadecimal (5)
                            vpiSize: 64
                            vpiDecompile: "64'h0"
                            vpiValue: "0"
                    vpiElseStmt IfElse start:49:12 end:59:10:
                      vpiParent: IfElse
                      vpiCondition Operation start:49:16 end:49:22:
                        vpiParent: IfElse
                        vpiOpType: less than (20)
                        vpiOperand (2 items):
                          RefObj name:cyc start:49:16 end:49:19:
                            vpiParent: Operation
                            vpiName: cyc
                            vpiFullName: t.cyc
                            vpiActual: Variable name:cyc
                          Constant start:49:20 end:49:22:
                            vpiParent: Operation
                            vpiTypespec RefTypespec:
                              vpiParent: Constant
                              vpiFullName: t
                              vpiActual: IntTypespec
                            vpiConstType: unsigned int (9)
                            vpiSize: 64
                            vpiDecompile: "90"
                            vpiValue: 90
                      vpiStmt Begin start:49:24 end:50:10:
                        vpiParent: IfElse
                        vpiFullName: t
                      vpiElseStmt IfStmt start:51:12 end:59:10:
                        vpiParent: IfElse
                        vpiCondition Operation start:51:16 end:51:23:
                          vpiParent: IfStmt
                          vpiOpType: equal (14)
                          vpiOperand (2 items):
                            RefObj name:cyc start:51:16 end:51:19:
                              vpiParent: Operation
                              vpiName: cyc
                              vpiFullName: t.cyc
                              vpiActual: Variable name:cyc
                            Constant start:51:21 end:51:23:
                              vpiParent: Operation
                              vpiTypespec RefTypespec:
                                vpiParent: Constant
                                vpiFullName: t
                                vpiActual: IntTypespec
                              vpiConstType: unsigned int (9)
                              vpiSize: 64
                              vpiDecompile: "99"
                              vpiValue: 99
                        vpiStmt Begin start:51:25 end:59:10:
                          vpiParent: IfStmt
                          vpiFullName: t
                          vpiStmt (5 items):
                            SysTaskCall name:$write start:52:3 end:52:64:
                              vpiParent: Begin
                              vpiName Identifier name:$write start:52:3 end:52:9:
                                vpiParent: SysTaskCall name:$write
                                vpiName: "$write"
                              vpiArgument (5 items):
                                Constant start:52:10 end:52:42:
                                  vpiParent: SysTaskCall name:$write
                                  vpiTypespec RefTypespec:
                                    vpiParent: Constant
                                    vpiFullName: t
                                    vpiActual: StringTypespec
                                  vpiConstType: string (6)
                                  vpiSize: 232
                                  vpiDecompile: "\"[%0t] cyc==%0d crc=%x sum=%x\\n\""
                                  vpiValue: "[%0t] cyc==%0d crc=%x sum=%x\\n"
                                SysFuncCall name:$time start:52:43 end:52:48:
                                  vpiParent: SysTaskCall name:$write
                                  vpiName Identifier name:$time start:52:43 end:52:48:
                                    vpiParent: SysFuncCall name:$time
                                    vpiName: "$time"
                                RefObj name:cyc start:52:50 end:52:53:
                                  vpiParent: SysTaskCall name:$write
                                  vpiName: cyc
                                  vpiFullName: t.cyc
                                  vpiActual: Variable name:cyc
                                RefObj name:crc start:52:55 end:52:58:
                                  vpiParent: SysTaskCall name:$write
                                  vpiName: crc
                                  vpiFullName: t.crc
                                  vpiActual: Variable name:crc
                                RefObj name:sum start:52:60 end:52:63:
                                  vpiParent: SysTaskCall name:$write
                                  vpiName: sum
                                  vpiFullName: t.sum
                                  vpiActual: Variable name:sum
                            IfStmt start:53:3 end:53:43:
                              vpiParent: Begin
                              vpiCondition Operation start:53:7 end:53:35:
                                vpiParent: IfStmt
                                vpiOpType: case neq (17)
                                vpiOperand (2 items):
                                  RefObj name:crc start:53:7 end:53:10:
                                    vpiParent: Operation
                                    vpiName: crc
                                    vpiFullName: t.crc
                                    vpiActual: Variable name:crc
                                  Constant start:53:15 end:53:35:
                                    vpiParent: Operation
                                    vpiTypespec RefTypespec:
                                      vpiParent: Constant
                                      vpiFullName: t
                                      vpiActual: LongIntTypespec
                                    vpiConstType: hexadecimal (5)
                                    vpiSize: 64
                                    vpiDecompile: "64'hc77bb9b3784ea091"
                                    vpiValue: c77bb9b3784ea091
                              vpiStmt SysTaskCall name:$stop start:53:37 end:53:42:
                                vpiParent: IfStmt
                                vpiName Identifier name:$stop start:53:37 end:53:42:
                                  vpiParent: SysTaskCall name:$stop
                                  vpiName: "$stop"
                            IfStmt start:56:3 end:56:36:
                              vpiParent: Begin
                              vpiCondition Operation start:56:7 end:56:28:
                                vpiParent: IfStmt
                                vpiOpType: case neq (17)
                                vpiOperand (2 items):
                                  RefObj name:sum start:56:7 end:56:10:
                                    vpiParent: Operation
                                    vpiName: sum
                                    vpiFullName: t.sum
                                    vpiActual: Variable name:sum
                                  Constant start:55:22 end:55:42:
                                    vpiParent: Operation
                                    vpiTypespec RefTypespec:
                                      vpiParent: Constant
                                      vpiFullName: t
                                      vpiActual: LongIntTypespec
                                    vpiConstType: hexadecimal (5)
                                    vpiSize: 64
                                    vpiDecompile: "64'h7a7bd4ee927e7cc3"
                                    vpiValue: "7a7bd4ee927e7cc3"
                              vpiStmt SysTaskCall name:$stop start:56:30 end:56:35:
                                vpiParent: IfStmt
                                vpiName Identifier name:$stop start:56:30 end:56:35:
                                  vpiParent: SysTaskCall name:$stop
                                  vpiName: "$stop"
                            SysTaskCall name:$write start:57:3 end:57:35:
                              vpiParent: Begin
                              vpiName Identifier name:$write start:57:3 end:57:9:
                                vpiParent: SysTaskCall name:$write
                                vpiName: "$write"
                              vpiArgument (1 items):
                                Constant start:57:10 end:57:34:
                                  vpiParent: SysTaskCall name:$write
                                  vpiTypespec RefTypespec:
                                    vpiParent: Constant
                                    vpiFullName: t
                                    vpiActual: StringTypespec
                                  vpiConstType: string (6)
                                  vpiSize: 168
                                  vpiDecompile: "\"*-* All Finished *-*\\n\""
                                  vpiValue: "*-* All Finished *-*\\n"
                            SysTaskCall name:$finish start:58:3 end:58:10:
                              vpiParent: Begin
                              vpiName Identifier name:$finish start:58:3 end:58:10:
                                vpiParent: SysTaskCall name:$finish
                                vpiName: "$finish"
          vpiAlwaysType: always (1)
      vpiRefInstance (1 items):
        RefInstance name:test start:23:9 end:23:13:
          vpiParent: Module name:t
          vpiName: test
          vpiTypespec RefTypespec name:Test start:23:4 end:23:8:
            vpiParent: RefInstance name:test
            vpiName: Test
            vpiFullName: t.test.Test
            vpiActual: ModuleTypespec name:Test
          vpiPort (3 items):
            Port start:25:8 end:25:20:
              vpiParent: RefInstance name:test
              vpiLowConn RefObj name:out start:25:9 end:25:12:
                vpiParent: Port
                vpiName: out
                vpiFullName: t.test.out
                vpiActual: Port name:out
              vpiHighConn RefObj name:out start:25:16 end:25:19:
                vpiParent: Port
                vpiName: out
                vpiFullName: t.test.out
                vpiActual: Variable name:out
            Port start:27:8 end:27:20:
              vpiParent: RefInstance name:test
              vpiLowConn RefObj name:clk start:27:9 end:27:12:
                vpiParent: Port
                vpiName: clk
                vpiFullName: t.test.clk
                vpiActual: Port name:clk
              vpiHighConn RefObj name:clk start:27:16 end:27:19:
                vpiParent: Port
                vpiName: clk
                vpiFullName: t.test.clk
                vpiActual: Net name:clk
            Port start:28:8 end:28:23:
              vpiParent: RefInstance name:test
              vpiLowConn RefObj name:in start:28:9 end:28:11:
                vpiParent: Port
                vpiName: in
                vpiFullName: t.test.in
                vpiActual: Port name:in
              vpiHighConn PartSelect name:in[4:0] start:28:15 end:28:22:
                vpiParent: Port
                vpiName: in[4:0]
                vpiFullName: t.test.in[4:0]
                vpiPrefix RefObj name:in start:28:15 end:28:17:
                  vpiParent: PartSelect name:in[4:0]
                  vpiName: in
                  vpiFullName: t.test.in[4:0].in
                  vpiActual: Net name:in
                vpiRange Range start:28:18 end:28:21:
                  vpiParent: PartSelect name:in[4:0]
                  vpiLeftRange Constant start:28:18 end:28:19:
                    vpiParent: Range
                    vpiTypespec RefTypespec:
                      vpiParent: Constant
                      vpiFullName: t.test.in[4:0]
                      vpiActual: IntTypespec
                    vpiConstType: unsigned int (9)
                    vpiSize: 64
                    vpiDecompile: "4"
                    vpiValue: 4
                  vpiRightRange Constant start:28:20 end:28:21:
                    vpiParent: Range
                    vpiTypespec RefTypespec:
                      vpiParent: Constant
                      vpiFullName: t.test.in[4:0]
                      vpiActual: IntTypespec
                    vpiConstType: unsigned int (9)
                    vpiSize: 64
                    vpiDecompile: "0"
                    vpiValue: 0
    Module name:Test file:$Source01/t_inside_wild.v start:64:1 end:83:10:
      vpiParent: Design name:unnamed
      vpiName Identifier name:Test start:64:8 end:64:12:
        vpiParent: Module name:Test
        vpiName: Test
      vpiFullName: Test
      vpiVariable (1 items):
        Variable name:out start:77:17 end:77:20:
          vpiParent: Module name:Test
          vpiTypespec RefTypespec name:logic start:77:11 end:77:16:
            vpiParent: Variable name:out
            vpiName: logic
            vpiFullName: Test.out.logic
            vpiActual: UnsupportedTypespec name:logic
          vpiName: out
          vpiFullName: Test.out
      vpiTypespec (4 items):
        LogicTypespec:
          vpiParent: Module name:Test
        UnsupportedTypespec name:logic start:75:10 end:75:15:
          vpiParent: Module name:Test
          vpiName Identifier name:logic start:75:10 end:75:15:
            vpiParent: UnsupportedTypespec name:logic
            vpiName: logic
        ArrayTypespec:
          vpiParent: Module name:Test
          vpiArrayType: static (1)
          vpiPacked: true
          vpiRange Range start:75:16 end:75:21:
            vpiParent: ArrayTypespec
            vpiLeftRange Constant start:75:17 end:75:18:
              vpiParent: Range
              vpiTypespec RefTypespec:
                vpiParent: Constant
                vpiFullName: Test
                vpiActual: IntTypespec
              vpiConstType: unsigned int (9)
              vpiSize: 64
              vpiDecompile: "4"
              vpiValue: 4
            vpiRightRange Constant start:75:19 end:75:20:
              vpiParent: Range
              vpiTypespec RefTypespec:
                vpiParent: Constant
                vpiFullName: Test
                vpiActual: IntTypespec
              vpiConstType: unsigned int (9)
              vpiSize: 64
              vpiDecompile: "0"
              vpiValue: 0
          vpiElemTypespec RefTypespec name:logic:
            vpiParent: ArrayTypespec
            vpiName: logic
            vpiFullName: Test.logic
            vpiActual: UnsupportedTypespec name:logic
        UnsupportedTypespec name:logic start:77:11 end:77:16:
          vpiParent: Module name:Test
          vpiName Identifier name:logic start:77:11 end:77:16:
            vpiParent: UnsupportedTypespec name:logic
            vpiName: logic
      vpiDefName: Test
      vpiDefNetType: wire (1)
      vpiLibrary RefObj name:work:
        vpiParent: Module name:Test
        vpiName: work
        vpiFullName: Test.work
      vpiCell: Test
      vpiNet (2 items):
        Net name:clk start:73:10 end:73:13:
          vpiParent: Module name:Test
          vpiTypespec RefTypespec start:73:10 end:73:10:
            vpiParent: Net name:clk
            vpiFullName: Test.clk
            vpiActual: LogicTypespec
          vpiName: clk
          vpiFullName: Test.clk
          vpiNetType: wire (1)
          vpiScalar: true
        Net name:in start:75:22 end:75:24:
          vpiParent: Module name:Test
          vpiTypespec RefTypespec name:logic start:75:10 end:75:21:
            vpiParent: Net name:in
            vpiName: logic
            vpiFullName: Test.in.logic
            vpiActual: ArrayTypespec
          vpiName: in
          vpiFullName: Test.in
          vpiNetType: wire (1)
      vpiPort (3 items):
        Port name:out start:66:4 end:66:7:
          vpiParent: Module name:Test
          vpiName: out
          vpiDirection: output (2)
          vpiLowConn RefObj name:out start:77:17 end:77:20:
            vpiParent: Port name:out
            vpiName: out
            vpiFullName: Test.out.out
            vpiActual: Variable name:out
          vpiTypespec RefTypespec name:logic start:77:11 end:77:16:
            vpiParent: Port name:out
            vpiName: logic
            vpiFullName: Test.out.logic
            vpiActual: UnsupportedTypespec name:logic
        Port name:clk start:68:4 end:68:7:
          vpiParent: Module name:Test
          vpiName: clk
          vpiDirection: input (1)
          vpiLowConn RefObj name:clk start:73:10 end:73:13:
            vpiParent: Port name:clk
            vpiName: clk
            vpiFullName: Test.clk.clk
            vpiActual: Net name:clk
          vpiTypespec RefTypespec start:73:10 end:73:10:
            vpiParent: Port name:clk
            vpiFullName: Test.clk
            vpiActual: LogicTypespec
        Port name:in start:68:9 end:68:11:
          vpiParent: Module name:Test
          vpiName: in
          vpiDirection: input (1)
          vpiLowConn RefObj name:in start:75:22 end:75:24:
            vpiParent: Port name:in
            vpiName: in
            vpiFullName: Test.in.in
            vpiActual: Net name:in
          vpiTypespec RefTypespec name:logic start:75:10 end:75:21:
            vpiParent: Port name:in
            vpiName: logic
            vpiFullName: Test.in.logic
            vpiActual: ArrayTypespec
      vpiProcess (1 items):
        Always start:79:4 end:81:7:
          vpiParent: Module name:Test
          vpiStmt EventControl start:79:11 end:81:7:
            vpiParent: Always
            vpiCondition Operation start:79:13 end:79:24:
              vpiParent: EventControl
              vpiOpType: posedge (39)
              vpiOperand (1 items):
                RefObj name:clk start:79:21 end:79:24:
                  vpiParent: Operation
                  vpiName: clk
                  vpiFullName: Test.clk
                  vpiActual: Net name:clk
            vpiStmt Begin start:79:26 end:81:7:
              vpiParent: EventControl
              vpiFullName: Test
              vpiStmt (1 items):
                Assignment start:80:7 end:80:35:
                  vpiParent: Begin
                  vpiLhs RefObj name:out start:80:7 end:80:10:
                    vpiParent: Assignment
                    vpiName: out
                    vpiFullName: Test.out
                    vpiActual: Variable name:out
                  vpiRhs Operation start:80:14 end:80:35:
                    vpiParent: Assignment
                    vpiOpType: inside (94)
                    vpiOperand (2 items):
                      RefObj name:in start:80:14 end:80:16:
                        vpiParent: Operation
                        vpiName: in
                        vpiFullName: Test.in
                        vpiActual: Net name:in
                      Operation start:80:24 end:80:35:
                        vpiParent: Operation
                        vpiOpType: concatenation (33)
                        vpiOperand (1 items):
                          Constant start:80:25 end:80:34:
                            vpiParent: Operation
                            vpiTypespec RefTypespec:
                              vpiParent: Constant
                              vpiFullName: Test
                              vpiActual: LogicTypespec
                            vpiConstType: binary (3)
                            vpiSize: 5
                            vpiDecompile: "5'b1_1?1?"
                            vpiValue: "11?1?"
          vpiAlwaysType: always (1)
  vpiTypespec (7 items):
    ModuleTypespec name:t:
      vpiParent: Design name:unnamed
      vpiName Identifier name:t start:6:8 end:6:9:
        vpiParent: ModuleTypespec name:t
        vpiName: t
      vpiModule: Module name:t
    IntTypespec:
      vpiParent: Design name:unnamed
      vpiSigned: true
    IntTypespec:
      vpiParent: Design name:unnamed
    LongIntTypespec:
      vpiParent: Design name:unnamed
    StringTypespec:
      vpiParent: Design name:unnamed
    ModuleTypespec name:Test:
      vpiParent: Design name:unnamed
      vpiName Identifier name:Test start:64:8 end:64:12:
        vpiParent: ModuleTypespec name:Test
        vpiName: Test
      vpiModule: Module name:Test
    LogicTypespec:
      vpiParent: Design name:unnamed
===================
[  FATAL] : 0
[ SYNTAX] : 0
[  ERROR] : 0
[WARNING] : 0
[   NOTE] : 0
********************************************************************************
*                    End HLC SystemVerilog Compiler/Linter                     *
********************************************************************************

#**#**#**#**#**#**#**#**#**#**#**#**#**#**#**#**#**#**#**#**#**#**#**#**#**#**#**#**#**#**#**#**#**#**#**#**#**#**#**#**

Environment:
      test-name: Verilator/t_inside_wild
   test-dirpath: ${HLC_DIR}/regression/Verilator/t_inside_wild
  hldb-filepath: ${HLC_DIR}/regression/Verilator/t_inside_wild/design.hldb
mounts-filepath: ${HLC_DIR}/regression/Verilator/t_inside_wild/mounts.json


{'result': {'coverage': 100.0,
            'error_count': 0,
            'file_count': 1,
            'files': {'$Output/lib/work/t_inside_wild.v': {'post_len': 0,
                                                           'pre_len': 819}},
            'post_len': 0,
            'pre_len': 819,
            'test_name': 'Verilator/t_inside_wild'}}

+----------------------------------+----------+-----------+
| INPUT                            |   PRELEN |   POSTLEN |
+==================================+==========+===========+
| $Output/lib/work/t_inside_wild.v |      819 |         0 |
+==================================+==========+===========+
|                                  |      819 |         0 |
+----------------------------------+----------+-----------+

[   ERROR] : 0
[COVERAGE] : 100.0


#**#**#**#**#**#**#**#**#**#**#**#**#**#**#**#**#**#**#**#**#**#**#**#**#**#**#**#**#**#**#**#**#**#**#**#**#**#**#**#**

COMMAND: ${HLC_DIR}/regression/Verilator/t_inside_wild/design.hldb ${HLC_DIR}/regression/Verilator/t_inside_wild/reduced.hldb

==================== BEGIN REDUCTION RESULT ====================
Name                            Before   After   Added   Removed
----------------------------------------------------------------
Constant                            39      38       5         6
Operation                           19      13       0         6
RefObj                              43      38       0         5
RefTypespec                         55      54       5         6
----------------------------------------------------------------
Others                             109     109       0         0
----------------------------------------------------------------
                                   265     252      10        23
===================== END REDUCTION RESULT =====================
