********************************************************************************
*                   Begin HLC SystemVerilog Compiler/Linter                    *
********************************************************************************
Copyright (c) 2020 Apotell,
http://www.apache.org/licenses/LICENSE-2.0
VERSION: 1.84
COMMAND: -wd ../../../tests/Verilator +incdir+. -nobuiltin -timescale=1ns/1ns -d ast -d db t_clk_latchgate.v -mt 0 -d dbstats -d cache -writepp -d db -nostdout -o ${HLC_DIR}/regression/Verilator/t_clk_latchgate
[INF:CM5022] Creating log file "$Output/hlc.log".
[INF:PP5223] Preprocessing source file "$Source01/t_clk_latchgate.v".
[INF:PA5502] Parsing source file "$Source01/t_clk_latchgate.v".
AST_DEBUG_BEGIN
Count: 2017
LIB: work
FILE<0>:$Source01/t_clk_latchgate.v
n<$Source01/t_clk_latchgate.v> u<2016> t<Top_level_rule> c<1> l<24:1> el<179:1>
  n<> u<1> t<Null_rule> p<2016> s<2> l<24:1> el<24:1>
  n<// DESCRIPTION: Verilator: Verilog Test module> u<2> t<LINE_COMMENT> p<2016> s<3> l<1:1> el<1:47>
  n<//> u<3> t<LINE_COMMENT> p<2016> s<4> l<2:1> el<2:3>
  n<// This file ONLY is placed into the Public Domain, for any use,> u<4> t<LINE_COMMENT> p<2016> s<5> l<3:1> el<3:65>
  n<// without warranty, 2010 by Wilson Snyder.> u<5> t<LINE_COMMENT> p<2016> s<6> l<4:1> el<4:44>
  n<//> u<6> t<LINE_COMMENT> p<2016> s<7> l<5:1> el<5:3>
  n<//    --------------------------------------------------------> u<7> t<LINE_COMMENT> p<2016> s<8> l<6:1> el<6:63>
  n<//    Bug Description:> u<8> t<LINE_COMMENT> p<2016> s<9> l<7:1> el<7:23>
  n<//> u<9> t<LINE_COMMENT> p<2016> s<10> l<8:1> el<8:3>
  n<//    Issue:  The gated clock gclk_vld[0] toggles but dvld[0]> u<10> t<LINE_COMMENT> p<2016> s<11> l<9:1> el<9:62>
  n<//    input to the flop does not propagate to the output> u<11> t<LINE_COMMENT> p<2016> s<12> l<10:1> el<10:57>
  n<//    signal entry_vld[0] correctly. The value that propagates> u<12> t<LINE_COMMENT> p<2016> s<13> l<11:1> el<11:63>
  n<//    is the new value of dvld[0] not the one just before the> u<13> t<LINE_COMMENT> p<2016> s<14> l<12:1> el<12:62>
  n<//    posedge of gclk_vld[0].> u<14> t<LINE_COMMENT> p<2016> s<15> l<13:1> el<13:30>
  n<//    --------------------------------------------------------> u<15> t<LINE_COMMENT> p<2016> s<16> l<14:1> el<14:63>
  n<// Define to see the bug with test failing with gated clock 'gclk_vld'> u<16> t<LINE_COMMENT> p<2016> s<17> l<16:1> el<16:71>
  n<// Comment out the define to see the test passing with ungated clock 'clk'> u<17> t<LINE_COMMENT> p<2016> s<18> l<17:1> el<17:75>
  n<// A side effect of the problem is this warning, disabled by default> u<18> t<LINE_COMMENT> p<2016> s<19> l<20:1> el<20:69>
  n<//verilator lint_on IMPERFECTSCH> u<19> t<LINE_COMMENT> p<2016> s<20> l<21:1> el<21:33>
  n<// Test Bench> u<20> t<LINE_COMMENT> p<2016> s<2015> l<23:1> el<23:14>
  n<> u<2015> t<Source_text> p<2016> c<877> l<24:1> el<178:10>
    n<> u<877> t<Description> p<2015> c<876> s<1072> l<24:1> el<102:10>
      n<> u<876> t<Module_declaration> p<877> c<33> l<24:1> el<102:10>
        n<> u<33> t<Module_nonansi_header> p<876> c<21> s<40> l<24:1> el<27:6>
          n<module> u<21> t<MODULE> p<33> s<22> l<24:1> el<24:7>
          n<t> u<22> t<SIMPLE_IDENTIFIER> p<33> s<23> l<24:8> el<24:9>
          n<> u<23> t<Package_import_declaration_list> p<33> s<24> l<24:10> el<24:10>
          n</*AUTOARG*/> u<24> t<BLOCK_COMMENT> p<33> s<25> l<24:10> el<27:5>
          n<// Inputs> u<25> t<LINE_COMMENT> p<33> s<32> l<25:4> el<25:13>
          n<> u<32> t<Port_list> p<33> c<31> l<24:10> el<27:5>
            n<> u<31> t<Port> p<32> c<30> l<26:4> el<26:7>
              n<> u<30> t<Port_expression> p<31> c<29> l<26:4> el<26:7>
                n<> u<29> t<Port_reference> p<30> c<26> l<26:4> el<26:7>
                  n<clk> u<26> t<SIMPLE_IDENTIFIER> p<29> s<28> l<26:4> el<26:7>
                  n<> u<28> t<Constant_select> p<29> c<27> l<27:4> el<27:4>
                    n<> u<27> t<Constant_bit_select> p<28> l<27:4> el<27:4>
        n<> u<40> t<Module_item> p<876> c<39> s<57> l<28:4> el<28:14>
          n<> u<39> t<Port_declaration> p<40> c<38> l<28:4> el<28:13>
            n<> u<38> t<Input_declaration> p<39> c<35> l<28:4> el<28:13>
              n<> u<35> t<Net_port_type> p<38> c<34> s<37> l<28:10> el<28:10>
                n<> u<34> t<Data_type_or_implicit> p<35> l<28:10> el<28:10>
              n<> u<37> t<Port_identifier_list> p<38> c<36> l<28:10> el<28:13>
                n<clk> u<36> t<SIMPLE_IDENTIFIER> p<37> l<28:10> el<28:13>
        n<> u<57> t<Module_item> p<876> c<56> s<80> l<30:4> el<30:19>
          n<> u<56> t<Non_port_module_item> p<57> c<55> l<30:4> el<30:19>
            n<> u<55> t<Module_or_generate_item> p<56> c<54> l<30:4> el<30:19>
              n<> u<54> t<Module_common_item> p<55> c<53> l<30:4> el<30:19>
                n<> u<53> t<Module_or_generate_item_declaration> p<54> c<52> l<30:4> el<30:19>
                  n<> u<52> t<Package_or_generate_item_declaration> p<53> c<51> l<30:4> el<30:19>
                    n<> u<51> t<Data_declaration> p<52> c<50> l<30:4> el<30:19>
                      n<> u<50> t<Variable_declaration> p<51> c<42> l<30:4> el<30:19>
                        n<> u<42> t<Data_type> p<50> c<41> s<49> l<30:4> el<30:11>
                          n<> u<41> t<INTEGER> p<42> l<30:4> el<30:11>
                        n<> u<49> t<Variable_decl_assignment_list> p<50> c<48> l<30:13> el<30:18>
                          n<> u<48> t<Variable_decl_assignment> p<49> c<43> l<30:13> el<30:18>
                            n<cyc> u<43> t<SIMPLE_IDENTIFIER> p<48> s<47> l<30:13> el<30:16>
                            n<> u<47> t<Expression> p<48> c<46> l<30:17> el<30:18>
                              n<> u<46> t<Primary> p<47> c<45> l<30:17> el<30:18>
                                n<> u<45> t<Primary_literal> p<46> c<44> l<30:17> el<30:18>
                                  n<0> u<44> t<INTEGRAL_NUMBER> p<45> l<30:17> el<30:18>
        n<> u<80> t<Module_item> p<876> c<79> s<81> l<31:4> el<31:20>
          n<> u<79> t<Non_port_module_item> p<80> c<78> l<31:4> el<31:20>
            n<> u<78> t<Module_or_generate_item> p<79> c<77> l<31:4> el<31:20>
              n<> u<77> t<Module_common_item> p<78> c<76> l<31:4> el<31:20>
                n<> u<76> t<Module_or_generate_item_declaration> p<77> c<75> l<31:4> el<31:20>
                  n<> u<75> t<Package_or_generate_item_declaration> p<76> c<74> l<31:4> el<31:20>
                    n<> u<74> t<Data_declaration> p<75> c<73> l<31:4> el<31:20>
                      n<> u<73> t<Variable_declaration> p<74> c<69> l<31:4> el<31:20>
                        n<> u<69> t<Data_type> p<73> c<58> s<72> l<31:4> el<31:14>
                          n<> u<58> t<REG> p<69> s<68> l<31:4> el<31:7>
                          n<> u<68> t<Packed_dimension> p<69> c<67> l<31:8> el<31:14>
                            n<> u<67> t<Constant_range> p<68> c<62> l<31:9> el<31:13>
                              n<> u<62> t<Constant_expression> p<67> c<61> s<66> l<31:9> el<31:11>
                                n<> u<61> t<Constant_primary> p<62> c<60> l<31:9> el<31:11>
                                  n<> u<60> t<Primary_literal> p<61> c<59> l<31:9> el<31:11>
                                    n<63> u<59> t<INTEGRAL_NUMBER> p<60> l<31:9> el<31:11>
                              n<> u<66> t<Constant_expression> p<67> c<65> l<31:12> el<31:13>
                                n<> u<65> t<Constant_primary> p<66> c<64> l<31:12> el<31:13>
                                  n<> u<64> t<Primary_literal> p<65> c<63> l<31:12> el<31:13>
                                    n<0> u<63> t<INTEGRAL_NUMBER> p<64> l<31:12> el<31:13>
                        n<> u<72> t<Variable_decl_assignment_list> p<73> c<71> l<31:16> el<31:19>
                          n<> u<71> t<Variable_decl_assignment> p<72> c<70> l<31:16> el<31:19>
                            n<crc> u<70> t<SIMPLE_IDENTIFIER> p<71> l<31:16> el<31:19>
        n<// Take CRC data and apply to testblock inputs> u<81> t<LINE_COMMENT> p<876> s<119> l<33:4> el<33:50>
        n<> u<119> t<Module_item> p<876> c<118> s<157> l<34:4> el<34:32>
          n<> u<118> t<Non_port_module_item> p<119> c<117> l<34:4> el<34:32>
            n<> u<117> t<Module_or_generate_item> p<118> c<116> l<34:4> el<34:32>
              n<> u<116> t<Module_common_item> p<117> c<115> l<34:4> el<34:32>
                n<> u<115> t<Module_or_generate_item_declaration> p<116> c<114> l<34:4> el<34:32>
                  n<> u<114> t<Package_or_generate_item_declaration> p<115> c<113> l<34:4> el<34:32>
                    n<> u<113> t<Net_declaration> p<114> c<82> l<34:4> el<34:32>
                      n<> u<82> t<WIRE> p<113> s<93> l<34:4> el<34:8>
                      n<> u<93> t<Data_type_or_implicit> p<113> c<92> s<112> l<34:9> el<34:14>
                        n<> u<92> t<Packed_dimension> p<93> c<91> l<34:9> el<34:14>
                          n<> u<91> t<Constant_range> p<92> c<86> l<34:10> el<34:13>
                            n<> u<86> t<Constant_expression> p<91> c<85> s<90> l<34:10> el<34:11>
                              n<> u<85> t<Constant_primary> p<86> c<84> l<34:10> el<34:11>
                                n<> u<84> t<Primary_literal> p<85> c<83> l<34:10> el<34:11>
                                  n<7> u<83> t<INTEGRAL_NUMBER> p<84> l<34:10> el<34:11>
                            n<> u<90> t<Constant_expression> p<91> c<89> l<34:12> el<34:13>
                              n<> u<89> t<Constant_primary> p<90> c<88> l<34:12> el<34:13>
                                n<> u<88> t<Primary_literal> p<89> c<87> l<34:12> el<34:13>
                                  n<0> u<87> t<INTEGRAL_NUMBER> p<88> l<34:12> el<34:13>
                      n<> u<112> t<Net_decl_assignment_list> p<113> c<111> l<34:16> el<34:31>
                        n<> u<111> t<Net_decl_assignment> p<112> c<94> l<34:16> el<34:31>
                          n<dvld> u<94> t<SIMPLE_IDENTIFIER> p<111> s<110> l<34:16> el<34:20>
                          n<> u<110> t<Expression> p<111> c<109> l<34:23> el<34:31>
                            n<> u<109> t<Primary> p<110> c<108> l<34:23> el<34:31>
                              n<> u<108> t<Subroutine_call> p<109> c<95> l<34:23> el<34:31>
                                n<crc> u<95> t<SIMPLE_IDENTIFIER> p<108> s<107> l<34:23> el<34:26>
                                n<> u<107> t<Select> p<108> c<96> l<34:26> el<34:31>
                                  n<> u<96> t<Bit_select> p<107> s<106> l<34:26> el<34:26>
                                  n<> u<106> t<Part_select_range> p<107> c<105> l<34:27> el<34:30>
                                    n<> u<105> t<Constant_range> p<106> c<100> l<34:27> el<34:30>
                                      n<> u<100> t<Constant_expression> p<105> c<99> s<104> l<34:27> el<34:28>
                                        n<> u<99> t<Constant_primary> p<100> c<98> l<34:27> el<34:28>
                                          n<> u<98> t<Primary_literal> p<99> c<97> l<34:27> el<34:28>
                                            n<7> u<97> t<INTEGRAL_NUMBER> p<98> l<34:27> el<34:28>
                                      n<> u<104> t<Constant_expression> p<105> c<103> l<34:29> el<34:30>
                                        n<> u<103> t<Constant_primary> p<104> c<102> l<34:29> el<34:30>
                                          n<> u<102> t<Primary_literal> p<103> c<101> l<34:29> el<34:30>
                                            n<0> u<101> t<INTEGRAL_NUMBER> p<102> l<34:29> el<34:30>
        n<> u<157> t<Module_item> p<876> c<156> s<158> l<35:4> el<35:37>
          n<> u<156> t<Non_port_module_item> p<157> c<155> l<35:4> el<35:37>
            n<> u<155> t<Module_or_generate_item> p<156> c<154> l<35:4> el<35:37>
              n<> u<154> t<Module_common_item> p<155> c<153> l<35:4> el<35:37>
                n<> u<153> t<Module_or_generate_item_declaration> p<154> c<152> l<35:4> el<35:37>
                  n<> u<152> t<Package_or_generate_item_declaration> p<153> c<151> l<35:4> el<35:37>
                    n<> u<151> t<Net_declaration> p<152> c<120> l<35:4> el<35:37>
                      n<> u<120> t<WIRE> p<151> s<131> l<35:4> el<35:8>
                      n<> u<131> t<Data_type_or_implicit> p<151> c<130> s<150> l<35:9> el<35:14>
                        n<> u<130> t<Packed_dimension> p<131> c<129> l<35:9> el<35:14>
                          n<> u<129> t<Constant_range> p<130> c<124> l<35:10> el<35:13>
                            n<> u<124> t<Constant_expression> p<129> c<123> s<128> l<35:10> el<35:11>
                              n<> u<123> t<Constant_primary> p<124> c<122> l<35:10> el<35:11>
                                n<> u<122> t<Primary_literal> p<123> c<121> l<35:10> el<35:11>
                                  n<7> u<121> t<INTEGRAL_NUMBER> p<122> l<35:10> el<35:11>
                            n<> u<128> t<Constant_expression> p<129> c<127> l<35:12> el<35:13>
                              n<> u<127> t<Constant_primary> p<128> c<126> l<35:12> el<35:13>
                                n<> u<126> t<Primary_literal> p<127> c<125> l<35:12> el<35:13>
                                  n<0> u<125> t<INTEGRAL_NUMBER> p<126> l<35:12> el<35:13>
                      n<> u<150> t<Net_decl_assignment_list> p<151> c<149> l<35:16> el<35:36>
                        n<> u<149> t<Net_decl_assignment> p<150> c<132> l<35:16> el<35:36>
                          n<ff_en_e1> u<132> t<SIMPLE_IDENTIFIER> p<149> s<148> l<35:16> el<35:24>
                          n<> u<148> t<Expression> p<149> c<147> l<35:27> el<35:36>
                            n<> u<147> t<Primary> p<148> c<146> l<35:27> el<35:36>
                              n<> u<146> t<Subroutine_call> p<147> c<133> l<35:27> el<35:36>
                                n<crc> u<133> t<SIMPLE_IDENTIFIER> p<146> s<145> l<35:27> el<35:30>
                                n<> u<145> t<Select> p<146> c<134> l<35:30> el<35:36>
                                  n<> u<134> t<Bit_select> p<145> s<144> l<35:30> el<35:30>
                                  n<> u<144> t<Part_select_range> p<145> c<143> l<35:31> el<35:35>
                                    n<> u<143> t<Constant_range> p<144> c<138> l<35:31> el<35:35>
                                      n<> u<138> t<Constant_expression> p<143> c<137> s<142> l<35:31> el<35:33>
                                        n<> u<137> t<Constant_primary> p<138> c<136> l<35:31> el<35:33>
                                          n<> u<136> t<Primary_literal> p<137> c<135> l<35:31> el<35:33>
                                            n<15> u<135> t<INTEGRAL_NUMBER> p<136> l<35:31> el<35:33>
                                      n<> u<142> t<Constant_expression> p<143> c<141> l<35:34> el<35:35>
                                        n<> u<141> t<Constant_primary> p<142> c<140> l<35:34> el<35:35>
                                          n<> u<140> t<Primary_literal> p<141> c<139> l<35:34> el<35:35>
                                            n<8> u<139> t<INTEGRAL_NUMBER> p<140> l<35:34> el<35:35>
        n</*AUTOWIRE*/> u<158> t<BLOCK_COMMENT> p<876> s<159> l<39:4> el<39:26>
        n<// Beginning of automatic wires (for undeclared instantiated-module outputs)> u<159> t<LINE_COMMENT> p<876> s<181> l<38:4> el<38:80>
        n<> u<181> t<Module_item> p<876> c<180> s<182> l<39:4> el<39:26>
          n<> u<180> t<Non_port_module_item> p<181> c<179> l<39:4> el<39:26>
            n<> u<179> t<Module_or_generate_item> p<180> c<178> l<39:4> el<39:26>
              n<> u<178> t<Module_common_item> p<179> c<177> l<39:4> el<39:26>
                n<> u<177> t<Module_or_generate_item_declaration> p<178> c<176> l<39:4> el<39:26>
                  n<> u<176> t<Package_or_generate_item_declaration> p<177> c<175> l<39:4> el<39:26>
                    n<> u<175> t<Net_declaration> p<176> c<160> l<39:4> el<39:26>
                      n<> u<160> t<WIRE> p<175> s<171> l<39:4> el<39:8>
                      n<> u<171> t<Data_type_or_implicit> p<175> c<170> s<174> l<39:9> el<39:14>
                        n<> u<170> t<Packed_dimension> p<171> c<169> l<39:9> el<39:14>
                          n<> u<169> t<Constant_range> p<170> c<164> l<39:10> el<39:13>
                            n<> u<164> t<Constant_expression> p<169> c<163> s<168> l<39:10> el<39:11>
                              n<> u<163> t<Constant_primary> p<164> c<162> l<39:10> el<39:11>
                                n<> u<162> t<Primary_literal> p<163> c<161> l<39:10> el<39:11>
                                  n<7> u<161> t<INTEGRAL_NUMBER> p<162> l<39:10> el<39:11>
                            n<> u<168> t<Constant_expression> p<169> c<167> l<39:12> el<39:13>
                              n<> u<167> t<Constant_primary> p<168> c<166> l<39:12> el<39:13>
                                n<> u<166> t<Primary_literal> p<167> c<165> l<39:12> el<39:13>
                                  n<0> u<165> t<INTEGRAL_NUMBER> p<166> l<39:12> el<39:13>
                      n<> u<174> t<Net_decl_assignment_list> p<175> c<173> l<39:16> el<39:25>
                        n<> u<173> t<Net_decl_assignment> p<174> c<172> l<39:16> el<39:25>
                          n<entry_vld> u<172> t<SIMPLE_IDENTIFIER> p<173> l<39:16> el<39:25>
        n<// From test of Test.v> u<182> t<LINE_COMMENT> p<876> s<204> l<39:28> el<39:50>
        n<> u<204> t<Module_item> p<876> c<203> s<205> l<40:4> el<40:26>
          n<> u<203> t<Non_port_module_item> p<204> c<202> l<40:4> el<40:26>
            n<> u<202> t<Module_or_generate_item> p<203> c<201> l<40:4> el<40:26>
              n<> u<201> t<Module_common_item> p<202> c<200> l<40:4> el<40:26>
                n<> u<200> t<Module_or_generate_item_declaration> p<201> c<199> l<40:4> el<40:26>
                  n<> u<199> t<Package_or_generate_item_declaration> p<200> c<198> l<40:4> el<40:26>
                    n<> u<198> t<Net_declaration> p<199> c<183> l<40:4> el<40:26>
                      n<> u<183> t<WIRE> p<198> s<194> l<40:4> el<40:8>
                      n<> u<194> t<Data_type_or_implicit> p<198> c<193> s<197> l<40:9> el<40:14>
                        n<> u<193> t<Packed_dimension> p<194> c<192> l<40:9> el<40:14>
                          n<> u<192> t<Constant_range> p<193> c<187> l<40:10> el<40:13>
                            n<> u<187> t<Constant_expression> p<192> c<186> s<191> l<40:10> el<40:11>
                              n<> u<186> t<Constant_primary> p<187> c<185> l<40:10> el<40:11>
                                n<> u<185> t<Primary_literal> p<186> c<184> l<40:10> el<40:11>
                                  n<7> u<184> t<INTEGRAL_NUMBER> p<185> l<40:10> el<40:11>
                            n<> u<191> t<Constant_expression> p<192> c<190> l<40:12> el<40:13>
                              n<> u<190> t<Constant_primary> p<191> c<189> l<40:12> el<40:13>
                                n<> u<189> t<Primary_literal> p<190> c<188> l<40:12> el<40:13>
                                  n<0> u<188> t<INTEGRAL_NUMBER> p<189> l<40:12> el<40:13>
                      n<> u<197> t<Net_decl_assignment_list> p<198> c<196> l<40:16> el<40:25>
                        n<> u<196> t<Net_decl_assignment> p<197> c<195> l<40:16> el<40:25>
                          n<ff_en_vld> u<195> t<SIMPLE_IDENTIFIER> p<196> l<40:16> el<40:25>
        n<// From test of Test.v> u<205> t<LINE_COMMENT> p<876> s<206> l<40:28> el<40:50>
        n<// End of automatics> u<206> t<LINE_COMMENT> p<876> s<306> l<41:4> el<41:24>
        n<> u<306> t<Module_item> p<876> c<305> s<319> l<43:4> el<50:37>
          n<> u<305> t<Non_port_module_item> p<306> c<304> l<43:4> el<50:37>
            n<> u<304> t<Module_or_generate_item> p<305> c<303> l<43:4> el<50:37>
              n<> u<303> t<Module_instantiation> p<304> c<207> l<43:4> el<50:37>
                n<Test> u<207> t<SIMPLE_IDENTIFIER> p<303> s<302> l<43:4> el<43:8>
                n<> u<302> t<Hierarchical_instance> p<303> c<209> l<43:9> el<50:36>
                  n<> u<209> t<Name_of_instance> p<302> c<208> s<210> l<43:9> el<43:13>
                    n<test> u<208> t<SIMPLE_IDENTIFIER> p<209> l<43:9> el<43:13>
                  n</*AUTOINST*/> u<210> t<BLOCK_COMMENT> p<302> s<211> l<45:8> el<50:35>
                  n<// Outputs> u<211> t<LINE_COMMENT> p<302> s<301> l<44:8> el<44:18>
                  n<> u<301> t<Port_connection_list> p<302> c<231> l<45:8> el<50:35>
                    n<> u<231> t<Named_port_connection> p<301> c<212> s<251> l<45:8> el<45:36>
                      n<ff_en_vld> u<212> t<SIMPLE_IDENTIFIER> p<231> s<229> l<45:9> el<45:18>
                      n<> u<229> t<OPEN_PARENS> p<231> s<228> l<45:20> el<45:21>
                      n<> u<228> t<Expression> p<231> c<227> s<230> l<45:21> el<45:35>
                        n<> u<227> t<Primary> p<228> c<226> l<45:21> el<45:35>
                          n<> u<226> t<Subroutine_call> p<227> c<213> l<45:21> el<45:35>
                            n<ff_en_vld> u<213> t<SIMPLE_IDENTIFIER> p<226> s<225> l<45:21> el<45:30>
                            n<> u<225> t<Select> p<226> c<214> l<45:30> el<45:35>
                              n<> u<214> t<Bit_select> p<225> s<224> l<45:30> el<45:30>
                              n<> u<224> t<Part_select_range> p<225> c<223> l<45:31> el<45:34>
                                n<> u<223> t<Constant_range> p<224> c<218> l<45:31> el<45:34>
                                  n<> u<218> t<Constant_expression> p<223> c<217> s<222> l<45:31> el<45:32>
                                    n<> u<217> t<Constant_primary> p<218> c<216> l<45:31> el<45:32>
                                      n<> u<216> t<Primary_literal> p<217> c<215> l<45:31> el<45:32>
                                        n<7> u<215> t<INTEGRAL_NUMBER> p<216> l<45:31> el<45:32>
                                  n<> u<222> t<Constant_expression> p<223> c<221> l<45:33> el<45:34>
                                    n<> u<221> t<Constant_primary> p<222> c<220> l<45:33> el<45:34>
                                      n<> u<220> t<Primary_literal> p<221> c<219> l<45:33> el<45:34>
                                        n<0> u<219> t<INTEGRAL_NUMBER> p<220> l<45:33> el<45:34>
                      n<> u<230> t<CLOSE_PARENS> p<231> l<45:35> el<45:36>
                    n<> u<251> t<Named_port_connection> p<301> c<232> s<252> l<46:8> el<46:36>
                      n<entry_vld> u<232> t<SIMPLE_IDENTIFIER> p<251> s<249> l<46:9> el<46:18>
                      n<> u<249> t<OPEN_PARENS> p<251> s<248> l<46:20> el<46:21>
                      n<> u<248> t<Expression> p<251> c<247> s<250> l<46:21> el<46:35>
                        n<> u<247> t<Primary> p<248> c<246> l<46:21> el<46:35>
                          n<> u<246> t<Subroutine_call> p<247> c<233> l<46:21> el<46:35>
                            n<entry_vld> u<233> t<SIMPLE_IDENTIFIER> p<246> s<245> l<46:21> el<46:30>
                            n<> u<245> t<Select> p<246> c<234> l<46:30> el<46:35>
                              n<> u<234> t<Bit_select> p<245> s<244> l<46:30> el<46:30>
                              n<> u<244> t<Part_select_range> p<245> c<243> l<46:31> el<46:34>
                                n<> u<243> t<Constant_range> p<244> c<238> l<46:31> el<46:34>
                                  n<> u<238> t<Constant_expression> p<243> c<237> s<242> l<46:31> el<46:32>
                                    n<> u<237> t<Constant_primary> p<238> c<236> l<46:31> el<46:32>
                                      n<> u<236> t<Primary_literal> p<237> c<235> l<46:31> el<46:32>
                                        n<7> u<235> t<INTEGRAL_NUMBER> p<236> l<46:31> el<46:32>
                                  n<> u<242> t<Constant_expression> p<243> c<241> l<46:33> el<46:34>
                                    n<> u<241> t<Constant_primary> p<242> c<240> l<46:33> el<46:34>
                                      n<> u<240> t<Primary_literal> p<241> c<239> l<46:33> el<46:34>
                                        n<0> u<239> t<INTEGRAL_NUMBER> p<240> l<46:33> el<46:34>
                      n<> u<250> t<CLOSE_PARENS> p<251> l<46:35> el<46:36>
                    n<// Inputs> u<252> t<LINE_COMMENT> p<301> s<260> l<47:8> el<47:17>
                    n<> u<260> t<Named_port_connection> p<301> c<253> s<280> l<48:8> el<48:20>
                      n<clk> u<253> t<SIMPLE_IDENTIFIER> p<260> s<258> l<48:9> el<48:12>
                      n<> u<258> t<OPEN_PARENS> p<260> s<257> l<48:15> el<48:16>
                      n<> u<257> t<Expression> p<260> c<256> s<259> l<48:16> el<48:19>
                        n<> u<256> t<Primary> p<257> c<255> l<48:16> el<48:19>
                          n<> u<255> t<Primary_literal> p<256> c<254> l<48:16> el<48:19>
                            n<clk> u<254> t<SIMPLE_IDENTIFIER> p<255> l<48:16> el<48:19>
                      n<> u<259> t<CLOSE_PARENS> p<260> l<48:19> el<48:20>
                    n<> u<280> t<Named_port_connection> p<301> c<261> s<300> l<49:8> el<49:27>
                      n<dvld> u<261> t<SIMPLE_IDENTIFIER> p<280> s<278> l<49:9> el<49:13>
                      n<> u<278> t<OPEN_PARENS> p<280> s<277> l<49:16> el<49:17>
                      n<> u<277> t<Expression> p<280> c<276> s<279> l<49:17> el<49:26>
                        n<> u<276> t<Primary> p<277> c<275> l<49:17> el<49:26>
                          n<> u<275> t<Subroutine_call> p<276> c<262> l<49:17> el<49:26>
                            n<dvld> u<262> t<SIMPLE_IDENTIFIER> p<275> s<274> l<49:17> el<49:21>
                            n<> u<274> t<Select> p<275> c<263> l<49:21> el<49:26>
                              n<> u<263> t<Bit_select> p<274> s<273> l<49:21> el<49:21>
                              n<> u<273> t<Part_select_range> p<274> c<272> l<49:22> el<49:25>
                                n<> u<272> t<Constant_range> p<273> c<267> l<49:22> el<49:25>
                                  n<> u<267> t<Constant_expression> p<272> c<266> s<271> l<49:22> el<49:23>
                                    n<> u<266> t<Constant_primary> p<267> c<265> l<49:22> el<49:23>
                                      n<> u<265> t<Primary_literal> p<266> c<264> l<49:22> el<49:23>
                                        n<7> u<264> t<INTEGRAL_NUMBER> p<265> l<49:22> el<49:23>
                                  n<> u<271> t<Constant_expression> p<272> c<270> l<49:24> el<49:25>
                                    n<> u<270> t<Constant_primary> p<271> c<269> l<49:24> el<49:25>
                                      n<> u<269> t<Primary_literal> p<270> c<268> l<49:24> el<49:25>
                                        n<0> u<268> t<INTEGRAL_NUMBER> p<269> l<49:24> el<49:25>
                      n<> u<279> t<CLOSE_PARENS> p<280> l<49:26> el<49:27>
                    n<> u<300> t<Named_port_connection> p<301> c<281> l<50:8> el<50:35>
                      n<ff_en_e1> u<281> t<SIMPLE_IDENTIFIER> p<300> s<298> l<50:9> el<50:17>
                      n<> u<298> t<OPEN_PARENS> p<300> s<297> l<50:20> el<50:21>
                      n<> u<297> t<Expression> p<300> c<296> s<299> l<50:21> el<50:34>
                        n<> u<296> t<Primary> p<297> c<295> l<50:21> el<50:34>
                          n<> u<295> t<Subroutine_call> p<296> c<282> l<50:21> el<50:34>
                            n<ff_en_e1> u<282> t<SIMPLE_IDENTIFIER> p<295> s<294> l<50:21> el<50:29>
                            n<> u<294> t<Select> p<295> c<283> l<50:29> el<50:34>
                              n<> u<283> t<Bit_select> p<294> s<293> l<50:29> el<50:29>
                              n<> u<293> t<Part_select_range> p<294> c<292> l<50:30> el<50:33>
                                n<> u<292> t<Constant_range> p<293> c<287> l<50:30> el<50:33>
                                  n<> u<287> t<Constant_expression> p<292> c<286> s<291> l<50:30> el<50:31>
                                    n<> u<286> t<Constant_primary> p<287> c<285> l<50:30> el<50:31>
                                      n<> u<285> t<Primary_literal> p<286> c<284> l<50:30> el<50:31>
                                        n<7> u<284> t<INTEGRAL_NUMBER> p<285> l<50:30> el<50:31>
                                  n<> u<291> t<Constant_expression> p<292> c<290> l<50:32> el<50:33>
                                    n<> u<290> t<Constant_primary> p<291> c<289> l<50:32> el<50:33>
                                      n<> u<289> t<Primary_literal> p<290> c<288> l<50:32> el<50:33>
                                        n<0> u<288> t<INTEGRAL_NUMBER> p<289> l<50:32> el<50:33>
                      n<> u<299> t<CLOSE_PARENS> p<300> l<50:34> el<50:35>
        n<> u<319> t<Module_item> p<876> c<318> s<332> l<52:4> el<52:17>
          n<> u<318> t<Non_port_module_item> p<319> c<317> l<52:4> el<52:17>
            n<> u<317> t<Module_or_generate_item> p<318> c<316> l<52:4> el<52:17>
              n<> u<316> t<Module_common_item> p<317> c<315> l<52:4> el<52:17>
                n<> u<315> t<Module_or_generate_item_declaration> p<316> c<314> l<52:4> el<52:17>
                  n<> u<314> t<Package_or_generate_item_declaration> p<315> c<313> l<52:4> el<52:17>
                    n<> u<313> t<Data_declaration> p<314> c<312> l<52:4> el<52:17>
                      n<> u<312> t<Variable_declaration> p<313> c<308> l<52:4> el<52:17>
                        n<> u<308> t<Data_type> p<312> c<307> s<311> l<52:4> el<52:7>
                          n<> u<307> t<REG> p<308> l<52:4> el<52:7>
                        n<> u<311> t<Variable_decl_assignment_list> p<312> c<310> l<52:8> el<52:16>
                          n<> u<310> t<Variable_decl_assignment> p<311> c<309> l<52:8> el<52:16>
                            n<err_code> u<309> t<SIMPLE_IDENTIFIER> p<310> l<52:8> el<52:16>
        n<> u<332> t<Module_item> p<876> c<331> s<355> l<53:4> el<53:23>
          n<> u<331> t<Non_port_module_item> p<332> c<330> l<53:4> el<53:23>
            n<> u<330> t<Module_or_generate_item> p<331> c<329> l<53:4> el<53:23>
              n<> u<329> t<Module_common_item> p<330> c<328> l<53:4> el<53:23>
                n<> u<328> t<Module_or_generate_item_declaration> p<329> c<327> l<53:4> el<53:23>
                  n<> u<327> t<Package_or_generate_item_declaration> p<328> c<326> l<53:4> el<53:23>
                    n<> u<326> t<Data_declaration> p<327> c<325> l<53:4> el<53:23>
                      n<> u<325> t<Variable_declaration> p<326> c<321> l<53:4> el<53:23>
                        n<> u<321> t<Data_type> p<325> c<320> s<324> l<53:4> el<53:7>
                          n<> u<320> t<REG> p<321> l<53:4> el<53:7>
                        n<> u<324> t<Variable_decl_assignment_list> p<325> c<323> l<53:8> el<53:22>
                          n<> u<323> t<Variable_decl_assignment> p<324> c<322> l<53:8> el<53:22>
                            n<ffq_clk_active> u<322> t<SIMPLE_IDENTIFIER> p<323> l<53:8> el<53:22>
        n<> u<355> t<Module_item> p<876> c<354> s<393> l<54:4> el<54:23>
          n<> u<354> t<Non_port_module_item> p<355> c<353> l<54:4> el<54:23>
            n<> u<353> t<Module_or_generate_item> p<354> c<352> l<54:4> el<54:23>
              n<> u<352> t<Module_common_item> p<353> c<351> l<54:4> el<54:23>
                n<> u<351> t<Module_or_generate_item_declaration> p<352> c<350> l<54:4> el<54:23>
                  n<> u<350> t<Package_or_generate_item_declaration> p<351> c<349> l<54:4> el<54:23>
                    n<> u<349> t<Data_declaration> p<350> c<348> l<54:4> el<54:23>
                      n<> u<348> t<Variable_declaration> p<349> c<344> l<54:4> el<54:23>
                        n<> u<344> t<Data_type> p<348> c<333> s<347> l<54:4> el<54:13>
                          n<> u<333> t<REG> p<344> s<343> l<54:4> el<54:7>
                          n<> u<343> t<Packed_dimension> p<344> c<342> l<54:8> el<54:13>
                            n<> u<342> t<Constant_range> p<343> c<337> l<54:9> el<54:12>
                              n<> u<337> t<Constant_expression> p<342> c<336> s<341> l<54:9> el<54:10>
                                n<> u<336> t<Constant_primary> p<337> c<335> l<54:9> el<54:10>
                                  n<> u<335> t<Primary_literal> p<336> c<334> l<54:9> el<54:10>
                                    n<7> u<334> t<INTEGRAL_NUMBER> p<335> l<54:9> el<54:10>
                              n<> u<341> t<Constant_expression> p<342> c<340> l<54:11> el<54:12>
                                n<> u<340> t<Constant_primary> p<341> c<339> l<54:11> el<54:12>
                                  n<> u<339> t<Primary_literal> p<340> c<338> l<54:11> el<54:12>
                                    n<0> u<338> t<INTEGRAL_NUMBER> p<339> l<54:11> el<54:12>
                        n<> u<347> t<Variable_decl_assignment_list> p<348> c<346> l<54:14> el<54:22>
                          n<> u<346> t<Variable_decl_assignment> p<347> c<345> l<54:14> el<54:22>
                            n<prv_dvld> u<345> t<SIMPLE_IDENTIFIER> p<346> l<54:14> el<54:22>
        n<> u<393> t<Module_item> p<876> c<392> s<433> l<56:4> el<59:7>
          n<> u<392> t<Non_port_module_item> p<393> c<391> l<56:4> el<59:7>
            n<> u<391> t<Module_or_generate_item> p<392> c<390> l<56:4> el<59:7>
              n<> u<390> t<Module_common_item> p<391> c<389> l<56:4> el<59:7>
                n<> u<389> t<Initial_construct> p<390> c<388> l<56:4> el<59:7>
                  n<> u<388> t<Statement_or_null> p<389> c<387> l<56:12> el<59:7>
                    n<> u<387> t<Statement> p<388> c<386> l<56:12> el<59:7>
                      n<> u<386> t<Statement_item> p<387> c<385> l<56:12> el<59:7>
                        n<> u<385> t<Seq_block> p<386> c<369> l<56:12> el<59:7>
                          n<> u<369> t<Statement_or_null> p<385> c<368> s<383> l<57:6> el<57:19>
                            n<> u<368> t<Statement> p<369> c<367> l<57:6> el<57:19>
                              n<> u<367> t<Statement_item> p<368> c<366> l<57:6> el<57:19>
                                n<> u<366> t<Blocking_assignment> p<367> c<365> l<57:6> el<57:18>
                                  n<> u<365> t<Variable_assignment> p<366> c<360> l<57:6> el<57:18>
                                    n<> u<360> t<Variable_lvalue> p<365> c<357> s<364> l<57:6> el<57:14>
                                      n<> u<357> t<Ps_or_hierarchical_identifier> p<360> c<356> s<359> l<57:6> el<57:14>
                                        n<err_code> u<356> t<SIMPLE_IDENTIFIER> p<357> l<57:6> el<57:14>
                                      n<> u<359> t<Select> p<360> c<358> l<57:15> el<57:15>
                                        n<> u<358> t<Bit_select> p<359> l<57:15> el<57:15>
                                    n<> u<364> t<Expression> p<365> c<363> l<57:17> el<57:18>
                                      n<> u<363> t<Primary> p<364> c<362> l<57:17> el<57:18>
                                        n<> u<362> t<Primary_literal> p<363> c<361> l<57:17> el<57:18>
                                          n<0> u<361> t<INTEGRAL_NUMBER> p<362> l<57:17> el<57:18>
                          n<> u<383> t<Statement_or_null> p<385> c<382> s<384> l<58:6> el<58:25>
                            n<> u<382> t<Statement> p<383> c<381> l<58:6> el<58:25>
                              n<> u<381> t<Statement_item> p<382> c<380> l<58:6> el<58:25>
                                n<> u<380> t<Blocking_assignment> p<381> c<379> l<58:6> el<58:24>
                                  n<> u<379> t<Variable_assignment> p<380> c<374> l<58:6> el<58:24>
                                    n<> u<374> t<Variable_lvalue> p<379> c<371> s<378> l<58:6> el<58:20>
                                      n<> u<371> t<Ps_or_hierarchical_identifier> p<374> c<370> s<373> l<58:6> el<58:20>
                                        n<ffq_clk_active> u<370> t<SIMPLE_IDENTIFIER> p<371> l<58:6> el<58:20>
                                      n<> u<373> t<Select> p<374> c<372> l<58:21> el<58:21>
                                        n<> u<372> t<Bit_select> p<373> l<58:21> el<58:21>
                                    n<> u<378> t<Expression> p<379> c<377> l<58:23> el<58:24>
                                      n<> u<377> t<Primary> p<378> c<376> l<58:23> el<58:24>
                                        n<> u<376> t<Primary_literal> p<377> c<375> l<58:23> el<58:24>
                                          n<0> u<375> t<INTEGRAL_NUMBER> p<376> l<58:23> el<58:24>
                          n<> u<384> t<END> p<385> l<59:4> el<59:7>
        n<> u<433> t<Module_item> p<876> c<432> s<519> l<60:4> el<62:7>
          n<> u<432> t<Non_port_module_item> p<433> c<431> l<60:4> el<62:7>
            n<> u<431> t<Module_or_generate_item> p<432> c<430> l<60:4> el<62:7>
              n<> u<430> t<Module_common_item> p<431> c<429> l<60:4> el<62:7>
                n<> u<429> t<Always_construct> p<430> c<394> l<60:4> el<62:7>
                  n<> u<394> t<ALWAYS> p<429> s<428> l<60:4> el<60:10>
                  n<> u<428> t<Statement> p<429> c<427> l<60:11> el<62:7>
                    n<> u<427> t<Statement_item> p<428> c<426> l<60:11> el<62:7>
                      n<> u<426> t<Procedural_timing_control_statement> p<427> c<402> l<60:11> el<62:7>
                        n<> u<402> t<Procedural_timing_control> p<426> c<401> s<425> l<60:11> el<60:26>
                          n<> u<401> t<Event_control> p<402> c<400> l<60:11> el<60:26>
                            n<> u<400> t<Event_expression> p<401> c<395> l<60:14> el<60:25>
                              n<> u<395> t<POSEDGE> p<400> s<399> l<60:14> el<60:21>
                              n<> u<399> t<Expression> p<400> c<398> l<60:22> el<60:25>
                                n<> u<398> t<Primary> p<399> c<397> l<60:22> el<60:25>
                                  n<> u<397> t<Primary_literal> p<398> c<396> l<60:22> el<60:25>
                                    n<clk> u<396> t<SIMPLE_IDENTIFIER> p<397> l<60:22> el<60:25>
                        n<> u<425> t<Statement_or_null> p<426> c<424> l<60:27> el<62:7>
                          n<> u<424> t<Statement> p<425> c<423> l<60:27> el<62:7>
                            n<> u<423> t<Statement_item> p<424> c<422> l<60:27> el<62:7>
                              n<> u<422> t<Seq_block> p<423> c<420> l<60:27> el<62:7>
                                n<> u<420> t<Statement_or_null> p<422> c<419> s<421> l<61:6> el<61:27>
                                  n<> u<419> t<Statement> p<420> c<418> l<61:6> el<61:27>
                                    n<> u<418> t<Statement_item> p<419> c<417> l<61:6> el<61:27>
                                      n<> u<417> t<Blocking_assignment> p<418> c<416> l<61:6> el<61:26>
                                        n<> u<416> t<Variable_assignment> p<417> c<407> l<61:6> el<61:26>
                                          n<> u<407> t<Variable_lvalue> p<416> c<404> s<415> l<61:6> el<61:14>
                                            n<> u<404> t<Ps_or_hierarchical_identifier> p<407> c<403> s<406> l<61:6> el<61:14>
                                              n<prv_dvld> u<403> t<SIMPLE_IDENTIFIER> p<404> l<61:6> el<61:14>
                                            n<> u<406> t<Select> p<407> c<405> l<61:15> el<61:15>
                                              n<> u<405> t<Bit_select> p<406> l<61:15> el<61:15>
                                          n<> u<415> t<Expression> p<416> c<414> l<61:17> el<61:26>
                                            n<> u<414> t<Primary> p<415> c<413> l<61:17> el<61:26>
                                              n<> u<413> t<Subroutine_call> p<414> c<408> l<61:17> el<61:26>
                                                n<test> u<408> t<SIMPLE_IDENTIFIER> p<413> s<409> l<61:17> el<61:21>
                                                n<> u<409> t<Constant_bit_select> p<413> s<410> l<61:21> el<61:21>
                                                n<dvld> u<410> t<SIMPLE_IDENTIFIER> p<413> s<412> l<61:22> el<61:26>
                                                n<> u<412> t<Select> p<413> c<411> l<61:26> el<61:26>
                                                  n<> u<411> t<Bit_select> p<412> l<61:26> el<61:26>
                                n<> u<421> t<END> p<422> l<62:4> el<62:7>
        n<> u<519> t<Module_item> p<876> c<518> s<520> l<63:4> el<66:7>
          n<> u<518> t<Non_port_module_item> p<519> c<517> l<63:4> el<66:7>
            n<> u<517> t<Module_or_generate_item> p<518> c<516> l<63:4> el<66:7>
              n<> u<516> t<Module_common_item> p<517> c<515> l<63:4> el<66:7>
                n<> u<515> t<Always_construct> p<516> c<434> l<63:4> el<66:7>
                  n<> u<434> t<ALWAYS> p<515> s<514> l<63:4> el<63:10>
                  n<> u<514> t<Statement> p<515> c<513> l<63:11> el<66:7>
                    n<> u<513> t<Statement_item> p<514> c<512> l<63:11> el<66:7>
                      n<> u<512> t<Procedural_timing_control_statement> p<513> c<448> l<63:11> el<66:7>
                        n<> u<448> t<Procedural_timing_control> p<512> c<447> s<511> l<63:11> el<63:47>
                          n<> u<447> t<Event_control> p<448> c<446> l<63:11> el<63:47>
                            n<> u<446> t<Event_expression> p<447> c<435> l<63:14> el<63:46>
                              n<> u<435> t<NEGEDGE> p<446> s<445> l<63:14> el<63:21>
                              n<> u<445> t<Expression> p<446> c<444> l<63:22> el<63:46>
                                n<> u<444> t<Primary> p<445> c<443> l<63:22> el<63:46>
                                  n<> u<443> t<Subroutine_call> p<444> c<436> l<63:22> el<63:46>
                                    n<test> u<436> t<SIMPLE_IDENTIFIER> p<443> s<437> l<63:22> el<63:26>
                                    n<> u<437> t<Constant_bit_select> p<443> s<438> l<63:26> el<63:26>
                                    n<ff_entry_dvld_0> u<438> t<SIMPLE_IDENTIFIER> p<443> s<439> l<63:27> el<63:42>
                                    n<> u<439> t<Constant_bit_select> p<443> s<440> l<63:42> el<63:42>
                                    n<clk> u<440> t<SIMPLE_IDENTIFIER> p<443> s<442> l<63:43> el<63:46>
                                    n<> u<442> t<Select> p<443> c<441> l<63:46> el<63:46>
                                      n<> u<441> t<Bit_select> p<442> l<63:46> el<63:46>
                        n<> u<511> t<Statement_or_null> p<512> c<510> l<63:48> el<66:7>
                          n<> u<510> t<Statement> p<511> c<509> l<63:48> el<66:7>
                            n<> u<509> t<Statement_item> p<510> c<508> l<63:48> el<66:7>
                              n<> u<508> t<Seq_block> p<509> c<462> l<63:48> el<66:7>
                                n<> u<462> t<Statement_or_null> p<508> c<461> s<506> l<64:6> el<64:25>
                                  n<> u<461> t<Statement> p<462> c<460> l<64:6> el<64:25>
                                    n<> u<460> t<Statement_item> p<461> c<459> l<64:6> el<64:25>
                                      n<> u<459> t<Blocking_assignment> p<460> c<458> l<64:6> el<64:24>
                                        n<> u<458> t<Variable_assignment> p<459> c<453> l<64:6> el<64:24>
                                          n<> u<453> t<Variable_lvalue> p<458> c<450> s<457> l<64:6> el<64:20>
                                            n<> u<450> t<Ps_or_hierarchical_identifier> p<453> c<449> s<452> l<64:6> el<64:20>
                                              n<ffq_clk_active> u<449> t<SIMPLE_IDENTIFIER> p<450> l<64:6> el<64:20>
                                            n<> u<452> t<Select> p<453> c<451> l<64:21> el<64:21>
                                              n<> u<451> t<Bit_select> p<452> l<64:21> el<64:21>
                                          n<> u<457> t<Expression> p<458> c<456> l<64:23> el<64:24>
                                            n<> u<456> t<Primary> p<457> c<455> l<64:23> el<64:24>
                                              n<> u<455> t<Primary_literal> p<456> c<454> l<64:23> el<64:24>
                                                n<1> u<454> t<INTEGRAL_NUMBER> p<455> l<64:23> el<64:24>
                                n<> u<506> t<Statement_or_null> p<508> c<505> s<507> l<65:6> el<65:58>
                                  n<> u<505> t<Statement> p<506> c<504> l<65:6> el<65:58>
                                    n<> u<504> t<Statement_item> p<505> c<503> l<65:6> el<65:58>
                                      n<> u<503> t<Conditional_statement> p<504> c<488> l<65:6> el<65:58>
                                        n<> u<488> t<Cond_predicate> p<503> c<487> s<502> l<65:10> el<65:43>
                                          n<> u<487> t<Expression_or_cond_pattern> p<488> c<486> l<65:10> el<65:43>
                                            n<> u<486> t<Expression> p<487> c<474> l<65:10> el<65:43>
                                              n<> u<474> t<Expression> p<486> c<473> s<485> l<65:10> el<65:27>
                                                n<> u<473> t<Primary> p<474> c<472> l<65:10> el<65:27>
                                                  n<> u<472> t<Subroutine_call> p<473> c<463> l<65:10> el<65:27>
                                                    n<test> u<463> t<SIMPLE_IDENTIFIER> p<472> s<464> l<65:10> el<65:14>
                                                    n<> u<464> t<Constant_bit_select> p<472> s<465> l<65:14> el<65:14>
                                                    n<entry_vld> u<465> t<SIMPLE_IDENTIFIER> p<472> s<471> l<65:15> el<65:24>
                                                    n<> u<471> t<Select> p<472> c<470> l<65:24> el<65:27>
                                                      n<> u<470> t<Bit_select> p<471> c<469> l<65:24> el<65:27>
                                                        n<> u<469> t<Expression> p<470> c<468> l<65:25> el<65:26>
                                                          n<> u<468> t<Primary> p<469> c<467> l<65:25> el<65:26>
                                                            n<> u<467> t<Primary_literal> p<468> c<466> l<65:25> el<65:26>
                                                              n<0> u<466> t<INTEGRAL_NUMBER> p<467> l<65:25> el<65:26>
                                              n<> u<485> t<FOUR_STATE_LOGIC_NOTEQUAL> p<486> s<484> l<65:28> el<65:31>
                                              n<> u<484> t<Expression> p<486> c<483> l<65:32> el<65:43>
                                                n<> u<483> t<Primary> p<484> c<482> l<65:32> el<65:43>
                                                  n<> u<482> t<Subroutine_call> p<483> c<475> l<65:32> el<65:43>
                                                    n<prv_dvld> u<475> t<SIMPLE_IDENTIFIER> p<482> s<481> l<65:32> el<65:40>
                                                    n<> u<481> t<Select> p<482> c<480> l<65:40> el<65:43>
                                                      n<> u<480> t<Bit_select> p<481> c<479> l<65:40> el<65:43>
                                                        n<> u<479> t<Expression> p<480> c<478> l<65:41> el<65:42>
                                                          n<> u<478> t<Primary> p<479> c<477> l<65:41> el<65:42>
                                                            n<> u<477> t<Primary_literal> p<478> c<476> l<65:41> el<65:42>
                                                              n<0> u<476> t<INTEGRAL_NUMBER> p<477> l<65:41> el<65:42>
                                        n<> u<502> t<Statement_or_null> p<503> c<501> l<65:45> el<65:58>
                                          n<> u<501> t<Statement> p<502> c<500> l<65:45> el<65:58>
                                            n<> u<500> t<Statement_item> p<501> c<499> l<65:45> el<65:58>
                                              n<> u<499> t<Blocking_assignment> p<500> c<498> l<65:45> el<65:57>
                                                n<> u<498> t<Variable_assignment> p<499> c<493> l<65:45> el<65:57>
                                                  n<> u<493> t<Variable_lvalue> p<498> c<490> s<497> l<65:45> el<65:53>
                                                    n<> u<490> t<Ps_or_hierarchical_identifier> p<493> c<489> s<492> l<65:45> el<65:53>
                                                      n<err_code> u<489> t<SIMPLE_IDENTIFIER> p<490> l<65:45> el<65:53>
                                                    n<> u<492> t<Select> p<493> c<491> l<65:54> el<65:54>
                                                      n<> u<491> t<Bit_select> p<492> l<65:54> el<65:54>
                                                  n<> u<497> t<Expression> p<498> c<496> l<65:56> el<65:57>
                                                    n<> u<496> t<Primary> p<497> c<495> l<65:56> el<65:57>
                                                      n<> u<495> t<Primary_literal> p<496> c<494> l<65:56> el<65:57>
                                                        n<1> u<494> t<INTEGRAL_NUMBER> p<495> l<65:56> el<65:57>
                                n<> u<507> t<END> p<508> l<66:4> el<66:7>
        n<// Test loop> u<520> t<LINE_COMMENT> p<876> s<874> l<68:4> el<68:16>
        n<> u<874> t<Module_item> p<876> c<873> s<875> l<69:4> el<100:7>
          n<> u<873> t<Non_port_module_item> p<874> c<872> l<69:4> el<100:7>
            n<> u<872> t<Module_or_generate_item> p<873> c<871> l<69:4> el<100:7>
              n<> u<871> t<Module_common_item> p<872> c<870> l<69:4> el<100:7>
                n<> u<870> t<Always_construct> p<871> c<521> l<69:4> el<100:7>
                  n<> u<521> t<ALWAYS> p<870> s<869> l<69:4> el<69:10>
                  n<> u<869> t<Statement> p<870> c<868> l<69:11> el<100:7>
                    n<> u<868> t<Statement_item> p<869> c<867> l<69:11> el<100:7>
                      n<> u<867> t<Procedural_timing_control_statement> p<868> c<529> l<69:11> el<100:7>
                        n<> u<529> t<Procedural_timing_control> p<867> c<528> s<866> l<69:11> el<69:26>
                          n<> u<528> t<Event_control> p<529> c<527> l<69:11> el<69:26>
                            n<> u<527> t<Event_expression> p<528> c<522> l<69:14> el<69:25>
                              n<> u<522> t<POSEDGE> p<527> s<526> l<69:14> el<69:21>
                              n<> u<526> t<Expression> p<527> c<525> l<69:22> el<69:25>
                                n<> u<525> t<Primary> p<526> c<524> l<69:22> el<69:25>
                                  n<> u<524> t<Primary_literal> p<525> c<523> l<69:22> el<69:25>
                                    n<clk> u<523> t<SIMPLE_IDENTIFIER> p<524> l<69:22> el<69:25>
                        n<> u<866> t<Statement_or_null> p<867> c<865> l<69:27> el<100:7>
                          n<> u<865> t<Statement> p<866> c<864> l<69:27> el<100:7>
                            n<> u<864> t<Statement_item> p<865> c<863> l<69:27> el<100:7>
                              n<> u<863> t<Seq_block> p<864> c<548> l<69:27> el<100:7>
                                n<> u<548> t<Statement_or_null> p<863> c<547> s<610> l<76:7> el<76:22>
                                  n<> u<547> t<Statement> p<548> c<546> l<76:7> el<76:22>
                                    n<> u<546> t<Statement_item> p<547> c<545> l<76:7> el<76:22>
                                      n<> u<545> t<Nonblocking_assignment> p<546> c<534> l<76:7> el<76:21>
                                        n<> u<534> t<Variable_lvalue> p<545> c<531> s<544> l<76:7> el<76:10>
                                          n<> u<531> t<Ps_or_hierarchical_identifier> p<534> c<530> s<533> l<76:7> el<76:10>
                                            n<cyc> u<530> t<SIMPLE_IDENTIFIER> p<531> l<76:7> el<76:10>
                                          n<> u<533> t<Select> p<534> c<532> l<76:11> el<76:11>
                                            n<> u<532> t<Bit_select> p<533> l<76:11> el<76:11>
                                        n<> u<544> t<Expression> p<545> c<538> l<76:14> el<76:21>
                                          n<> u<538> t<Expression> p<544> c<537> s<543> l<76:14> el<76:17>
                                            n<> u<537> t<Primary> p<538> c<536> l<76:14> el<76:17>
                                              n<> u<536> t<Primary_literal> p<537> c<535> l<76:14> el<76:17>
                                                n<cyc> u<535> t<SIMPLE_IDENTIFIER> p<536> l<76:14> el<76:17>
                                          n<> u<543> t<BinaryOp_Plus> p<544> s<542> l<76:18> el<76:19>
                                          n<> u<542> t<Expression> p<544> c<541> l<76:20> el<76:21>
                                            n<> u<541> t<Primary> p<542> c<540> l<76:20> el<76:21>
                                              n<> u<540> t<Primary_literal> p<541> c<539> l<76:20> el<76:21>
                                                n<1> u<539> t<INTEGRAL_NUMBER> p<540> l<76:20> el<76:21>
                                n<> u<610> t<Statement_or_null> p<863> c<609> s<861> l<77:7> el<77:49>
                                  n<> u<609> t<Statement> p<610> c<608> l<77:7> el<77:49>
                                    n<> u<608> t<Statement_item> p<609> c<607> l<77:7> el<77:49>
                                      n<> u<607> t<Nonblocking_assignment> p<608> c<553> l<77:7> el<77:48>
                                        n<> u<553> t<Variable_lvalue> p<607> c<550> s<606> l<77:7> el<77:10>
                                          n<> u<550> t<Ps_or_hierarchical_identifier> p<553> c<549> s<552> l<77:7> el<77:10>
                                            n<crc> u<549> t<SIMPLE_IDENTIFIER> p<550> l<77:7> el<77:10>
                                          n<> u<552> t<Select> p<553> c<551> l<77:11> el<77:11>
                                            n<> u<551> t<Bit_select> p<552> l<77:11> el<77:11>
                                        n<> u<606> t<Expression> p<607> c<605> l<77:14> el<77:48>
                                          n<> u<605> t<Primary> p<606> c<604> l<77:14> el<77:48>
                                            n<> u<604> t<Concatenation> p<605> c<569> l<77:14> el<77:48>
                                              n<> u<569> t<Expression> p<604> c<568> s<603> l<77:15> el<77:24>
                                                n<> u<568> t<Primary> p<569> c<567> l<77:15> el<77:24>
                                                  n<> u<567> t<Subroutine_call> p<568> c<554> l<77:15> el<77:24>
                                                    n<crc> u<554> t<SIMPLE_IDENTIFIER> p<567> s<566> l<77:15> el<77:18>
                                                    n<> u<566> t<Select> p<567> c<555> l<77:18> el<77:24>
                                                      n<> u<555> t<Bit_select> p<566> s<565> l<77:18> el<77:18>
                                                      n<> u<565> t<Part_select_range> p<566> c<564> l<77:19> el<77:23>
                                                        n<> u<564> t<Constant_range> p<565> c<559> l<77:19> el<77:23>
                                                          n<> u<559> t<Constant_expression> p<564> c<558> s<563> l<77:19> el<77:21>
                                                            n<> u<558> t<Constant_primary> p<559> c<557> l<77:19> el<77:21>
                                                              n<> u<557> t<Primary_literal> p<558> c<556> l<77:19> el<77:21>
                                                                n<62> u<556> t<INTEGRAL_NUMBER> p<557> l<77:19> el<77:21>
                                                          n<> u<563> t<Constant_expression> p<564> c<562> l<77:22> el<77:23>
                                                            n<> u<562> t<Constant_primary> p<563> c<561> l<77:22> el<77:23>
                                                              n<> u<561> t<Primary_literal> p<562> c<560> l<77:22> el<77:23>
                                                                n<0> u<560> t<INTEGRAL_NUMBER> p<561> l<77:22> el<77:23>
                                              n<> u<603> t<Expression> p<604> c<591> l<77:26> el<77:47>
                                                n<> u<591> t<Expression> p<603> c<579> s<602> l<77:26> el<77:40>
                                                  n<> u<579> t<Expression> p<591> c<578> s<590> l<77:26> el<77:33>
                                                    n<> u<578> t<Primary> p<579> c<577> l<77:26> el<77:33>
                                                      n<> u<577> t<Subroutine_call> p<578> c<570> l<77:26> el<77:33>
                                                        n<crc> u<570> t<SIMPLE_IDENTIFIER> p<577> s<576> l<77:26> el<77:29>
                                                        n<> u<576> t<Select> p<577> c<575> l<77:29> el<77:33>
                                                          n<> u<575> t<Bit_select> p<576> c<574> l<77:29> el<77:33>
                                                            n<> u<574> t<Expression> p<575> c<573> l<77:30> el<77:32>
                                                              n<> u<573> t<Primary> p<574> c<572> l<77:30> el<77:32>
                                                                n<> u<572> t<Primary_literal> p<573> c<571> l<77:30> el<77:32>
                                                                  n<63> u<571> t<INTEGRAL_NUMBER> p<572> l<77:30> el<77:32>
                                                  n<> u<590> t<BinaryOp_BitwXor> p<591> s<589> l<77:33> el<77:34>
                                                  n<> u<589> t<Expression> p<591> c<588> l<77:34> el<77:40>
                                                    n<> u<588> t<Primary> p<589> c<587> l<77:34> el<77:40>
                                                      n<> u<587> t<Subroutine_call> p<588> c<580> l<77:34> el<77:40>
                                                        n<crc> u<580> t<SIMPLE_IDENTIFIER> p<587> s<586> l<77:34> el<77:37>
                                                        n<> u<586> t<Select> p<587> c<585> l<77:37> el<77:40>
                                                          n<> u<585> t<Bit_select> p<586> c<584> l<77:37> el<77:40>
                                                            n<> u<584> t<Expression> p<585> c<583> l<77:38> el<77:39>
                                                              n<> u<583> t<Primary> p<584> c<582> l<77:38> el<77:39>
                                                                n<> u<582> t<Primary_literal> p<583> c<581> l<77:38> el<77:39>
                                                                  n<2> u<581> t<INTEGRAL_NUMBER> p<582> l<77:38> el<77:39>
                                                n<> u<602> t<BinaryOp_BitwXor> p<603> s<601> l<77:40> el<77:41>
                                                n<> u<601> t<Expression> p<603> c<600> l<77:41> el<77:47>
                                                  n<> u<600> t<Primary> p<601> c<599> l<77:41> el<77:47>
                                                    n<> u<599> t<Subroutine_call> p<600> c<592> l<77:41> el<77:47>
                                                      n<crc> u<592> t<SIMPLE_IDENTIFIER> p<599> s<598> l<77:41> el<77:44>
                                                      n<> u<598> t<Select> p<599> c<597> l<77:44> el<77:47>
                                                        n<> u<597> t<Bit_select> p<598> c<596> l<77:44> el<77:47>
                                                          n<> u<596> t<Expression> p<597> c<595> l<77:45> el<77:46>
                                                            n<> u<595> t<Primary> p<596> c<594> l<77:45> el<77:46>
                                                              n<> u<594> t<Primary_literal> p<595> c<593> l<77:45> el<77:46>
                                                                n<0> u<593> t<INTEGRAL_NUMBER> p<594> l<77:45> el<77:46>
                                n<> u<861> t<Statement_or_null> p<863> c<860> s<862> l<78:7> el<99:10>
                                  n<> u<860> t<Statement> p<861> c<859> l<78:7> el<99:10>
                                    n<> u<859> t<Statement_item> p<860> c<858> l<78:7> el<99:10>
                                      n<> u<858> t<Conditional_statement> p<859> c<622> l<78:7> el<99:10>
                                        n<> u<622> t<Cond_predicate> p<858> c<621> s<640> l<78:11> el<78:16>
                                          n<> u<621> t<Expression_or_cond_pattern> p<622> c<620> l<78:11> el<78:16>
                                            n<> u<620> t<Expression> p<621> c<614> l<78:11> el<78:16>
                                              n<> u<614> t<Expression> p<620> c<613> s<619> l<78:11> el<78:14>
                                                n<> u<613> t<Primary> p<614> c<612> l<78:11> el<78:14>
                                                  n<> u<612> t<Primary_literal> p<613> c<611> l<78:11> el<78:14>
                                                    n<cyc> u<611> t<SIMPLE_IDENTIFIER> p<612> l<78:11> el<78:14>
                                              n<> u<619> t<LESS> p<620> s<618> l<78:14> el<78:15>
                                              n<> u<618> t<Expression> p<620> c<617> l<78:15> el<78:16>
                                                n<> u<617> t<Primary> p<618> c<616> l<78:15> el<78:16>
                                                  n<> u<616> t<Primary_literal> p<617> c<615> l<78:15> el<78:16>
                                                    n<3> u<615> t<INTEGRAL_NUMBER> p<616> l<78:15> el<78:16>
                                        n<> u<640> t<Statement_or_null> p<858> c<639> s<857> l<78:18> el<80:10>
                                          n<> u<639> t<Statement> p<640> c<638> l<78:18> el<80:10>
                                            n<> u<638> t<Statement_item> p<639> c<637> l<78:18> el<80:10>
                                              n<> u<637> t<Seq_block> p<638> c<635> l<78:18> el<80:10>
                                                n<> u<635> t<Statement_or_null> p<637> c<634> s<636> l<79:3> el<79:32>
                                                  n<> u<634> t<Statement> p<635> c<633> l<79:3> el<79:32>
                                                    n<> u<633> t<Statement_item> p<634> c<632> l<79:3> el<79:32>
                                                      n<> u<632> t<Nonblocking_assignment> p<633> c<627> l<79:3> el<79:31>
                                                        n<> u<627> t<Variable_lvalue> p<632> c<624> s<631> l<79:3> el<79:6>
                                                          n<> u<624> t<Ps_or_hierarchical_identifier> p<627> c<623> s<626> l<79:3> el<79:6>
                                                            n<crc> u<623> t<SIMPLE_IDENTIFIER> p<624> l<79:3> el<79:6>
                                                          n<> u<626> t<Select> p<627> c<625> l<79:7> el<79:7>
                                                            n<> u<625> t<Bit_select> p<626> l<79:7> el<79:7>
                                                        n<> u<631> t<Expression> p<632> c<630> l<79:10> el<79:31>
                                                          n<> u<630> t<Primary> p<631> c<629> l<79:10> el<79:31>
                                                            n<> u<629> t<Primary_literal> p<630> c<628> l<79:10> el<79:31>
                                                              n<64'h5aef0c8d_d70a4497> u<628> t<INTEGRAL_NUMBER> p<629> l<79:10> el<79:31>
                                                n<> u<636> t<END> p<637> l<80:7> el<80:10>
                                        n<> u<857> t<Statement_or_null> p<858> c<856> l<81:12> el<99:10>
                                          n<> u<856> t<Statement> p<857> c<855> l<81:12> el<99:10>
                                            n<> u<855> t<Statement_item> p<856> c<854> l<81:12> el<99:10>
                                              n<> u<854> t<Conditional_statement> p<855> c<652> l<81:12> el<99:10>
                                                n<> u<652> t<Cond_predicate> p<854> c<651> s<853> l<81:16> el<81:23>
                                                  n<> u<651> t<Expression_or_cond_pattern> p<652> c<650> l<81:16> el<81:23>
                                                    n<> u<650> t<Expression> p<651> c<644> l<81:16> el<81:23>
                                                      n<> u<644> t<Expression> p<650> c<643> s<649> l<81:16> el<81:19>
                                                        n<> u<643> t<Primary> p<644> c<642> l<81:16> el<81:19>
                                                          n<> u<642> t<Primary_literal> p<643> c<641> l<81:16> el<81:19>
                                                            n<cyc> u<641> t<SIMPLE_IDENTIFIER> p<642> l<81:16> el<81:19>
                                                      n<> u<649> t<EQUIV> p<650> s<648> l<81:19> el<81:21>
                                                      n<> u<648> t<Expression> p<650> c<647> l<81:21> el<81:23>
                                                        n<> u<647> t<Primary> p<648> c<646> l<81:21> el<81:23>
                                                          n<> u<646> t<Primary_literal> p<647> c<645> l<81:21> el<81:23>
                                                            n<99> u<645> t<INTEGRAL_NUMBER> p<646> l<81:21> el<81:23>
                                                n<> u<853> t<Statement_or_null> p<854> c<852> l<81:25> el<99:10>
                                                  n<> u<852> t<Statement> p<853> c<851> l<81:25> el<99:10>
                                                    n<> u<851> t<Statement_item> p<852> c<850> l<81:25> el<99:10>
                                                      n<> u<850> t<Seq_block> p<851> c<682> l<81:25> el<99:10>
                                                        n<> u<682> t<Statement_or_null> p<850> c<681> s<848> l<82:3> el<82:53>
                                                          n<> u<681> t<Statement> p<682> c<680> l<82:3> el<82:53>
                                                            n<> u<680> t<Statement_item> p<681> c<679> l<82:3> el<82:53>
                                                              n<> u<679> t<Subroutine_call_statement> p<680> c<678> l<82:3> el<82:53>
                                                                n<> u<678> t<Subroutine_call> p<679> c<653> l<82:3> el<82:52>
                                                                  n<$> u<653> t<DOLLAR> p<678> s<654> l<82:3> el<82:4>
                                                                  n<write> u<654> t<SIMPLE_IDENTIFIER> p<678> s<676> l<82:4> el<82:9>
                                                                  n<> u<676> t<OPEN_PARENS> p<678> s<675> l<82:9> el<82:10>
                                                                  n<> u<675> t<Argument_list> p<678> c<658> s<677> l<82:10> el<82:51>
                                                                    n<> u<658> t<Expression> p<675> c<657> s<664> l<82:10> el<82:35>
                                                                      n<> u<657> t<Primary> p<658> c<656> l<82:10> el<82:35>
                                                                        n<> u<656> t<Primary_literal> p<657> c<655> l<82:10> el<82:35>
                                                                          n<"[%0t] cyc==%0d crc=%x\n"> u<655> t<QUOTED_STRING> p<656> l<82:10> el<82:35>
                                                                    n<> u<664> t<Argument> p<675> c<663> s<669> l<82:36> el<82:41>
                                                                      n<> u<663> t<Expression> p<664> c<662> l<82:36> el<82:41>
                                                                        n<> u<662> t<Primary> p<663> c<661> l<82:36> el<82:41>
                                                                          n<> u<661> t<System_task> p<662> c<660> l<82:36> el<82:41>
                                                                            n<> u<660> t<System_task_names> p<661> c<659> l<82:36> el<82:41>
                                                                              n<$time> u<659> t<SIMPLE_IDENTIFIER> p<660> l<82:37> el<82:41>
                                                                    n<> u<669> t<Argument> p<675> c<668> s<674> l<82:43> el<82:46>
                                                                      n<> u<668> t<Expression> p<669> c<667> l<82:43> el<82:46>
                                                                        n<> u<667> t<Primary> p<668> c<666> l<82:43> el<82:46>
                                                                          n<> u<666> t<Primary_literal> p<667> c<665> l<82:43> el<82:46>
                                                                            n<cyc> u<665> t<SIMPLE_IDENTIFIER> p<666> l<82:43> el<82:46>
                                                                    n<> u<674> t<Argument> p<675> c<673> l<82:48> el<82:51>
                                                                      n<> u<673> t<Expression> p<674> c<672> l<82:48> el<82:51>
                                                                        n<> u<672> t<Primary> p<673> c<671> l<82:48> el<82:51>
                                                                          n<> u<671> t<Primary_literal> p<672> c<670> l<82:48> el<82:51>
                                                                            n<crc> u<670> t<SIMPLE_IDENTIFIER> p<671> l<82:48> el<82:51>
                                                                  n<> u<677> t<CLOSE_PARENS> p<678> l<82:51> el<82:52>
                                                        n<> u<848> t<Statement_or_null> p<850> c<847> s<849> l<83:10> el<98:12>
                                                          n<> u<847> t<Statement> p<848> c<846> l<83:10> el<98:12>
                                                            n<> u<846> t<Statement_item> p<847> c<845> l<83:10> el<98:12>
                                                              n<> u<845> t<Conditional_statement> p<846> c<694> l<83:10> el<98:12>
                                                                n<> u<694> t<Cond_predicate> p<845> c<693> s<750> l<83:14> el<83:33>
                                                                  n<> u<693> t<Expression_or_cond_pattern> p<694> c<692> l<83:14> el<83:33>
                                                                    n<> u<692> t<Expression> p<693> c<686> l<83:14> el<83:33>
                                                                      n<> u<686> t<Expression> p<692> c<685> s<691> l<83:14> el<83:28>
                                                                        n<> u<685> t<Primary> p<686> c<684> l<83:14> el<83:28>
                                                                          n<> u<684> t<Primary_literal> p<685> c<683> l<83:14> el<83:28>
                                                                            n<ffq_clk_active> u<683> t<SIMPLE_IDENTIFIER> p<684> l<83:14> el<83:28>
                                                                      n<> u<691> t<EQUIV> p<692> s<690> l<83:29> el<83:31>
                                                                      n<> u<690> t<Expression> p<692> c<689> l<83:32> el<83:33>
                                                                        n<> u<689> t<Primary> p<690> c<688> l<83:32> el<83:33>
                                                                          n<> u<688> t<Primary_literal> p<689> c<687> l<83:32> el<83:33>
                                                                            n<0> u<687> t<INTEGRAL_NUMBER> p<688> l<83:32> el<83:33>
                                                                n<> u<750> t<Statement_or_null> p<845> c<749> s<844> l<83:35> el<88:13>
                                                                  n<> u<749> t<Statement> p<750> c<748> l<83:35> el<88:13>
                                                                    n<> u<748> t<Statement_item> p<749> c<747> l<83:35> el<88:13>
                                                                      n<> u<747> t<Seq_block> p<748> c<708> l<83:35> el<88:13>
                                                                        n<> u<708> t<Statement_or_null> p<747> c<707> s<722> l<84:12> el<84:30>
                                                                          n<> u<707> t<Statement> p<708> c<706> l<84:12> el<84:30>
                                                                            n<> u<706> t<Statement_item> p<707> c<705> l<84:12> el<84:30>
                                                                              n<> u<705> t<Subroutine_call_statement> p<706> c<704> l<84:12> el<84:30>
                                                                                n<> u<704> t<Subroutine_call> p<705> c<695> l<84:12> el<84:29>
                                                                                  n<$> u<695> t<DOLLAR> p<704> s<696> l<84:12> el<84:13>
                                                                                  n<display> u<696> t<SIMPLE_IDENTIFIER> p<704> s<702> l<84:13> el<84:20>
                                                                                  n<> u<702> t<OPEN_PARENS> p<704> s<701> l<84:21> el<84:22>
                                                                                  n<> u<701> t<Argument_list> p<704> c<700> s<703> l<84:22> el<84:28>
                                                                                    n<> u<700> t<Expression> p<701> c<699> l<84:22> el<84:28>
                                                                                      n<> u<699> t<Primary> p<700> c<698> l<84:22> el<84:28>
                                                                                        n<> u<698> t<Primary_literal> p<699> c<697> l<84:22> el<84:28>
                                                                                          n<"----"> u<697> t<QUOTED_STRING> p<698> l<84:22> el<84:28>
                                                                                  n<> u<703> t<CLOSE_PARENS> p<704> l<84:28> el<84:29>
                                                                        n<> u<722> t<Statement_or_null> p<747> c<721> s<736> l<85:12> el<85:81>
                                                                          n<> u<721> t<Statement> p<722> c<720> l<85:12> el<85:81>
                                                                            n<> u<720> t<Statement_item> p<721> c<719> l<85:12> el<85:81>
                                                                              n<> u<719> t<Subroutine_call_statement> p<720> c<718> l<85:12> el<85:81>
                                                                                n<> u<718> t<Subroutine_call> p<719> c<709> l<85:12> el<85:80>
                                                                                  n<$> u<709> t<DOLLAR> p<718> s<710> l<85:12> el<85:13>
                                                                                  n<display> u<710> t<SIMPLE_IDENTIFIER> p<718> s<716> l<85:13> el<85:20>
                                                                                  n<> u<716> t<OPEN_PARENS> p<718> s<715> l<85:21> el<85:22>
                                                                                  n<> u<715> t<Argument_list> p<718> c<714> s<717> l<85:22> el<85:79>
                                                                                    n<> u<714> t<Expression> p<715> c<713> l<85:22> el<85:79>
                                                                                      n<> u<713> t<Primary> p<714> c<712> l<85:22> el<85:79>
                                                                                        n<> u<712> t<Primary_literal> p<713> c<711> l<85:22> el<85:79>
                                                                                          n<"%%Error: TESTCASE FAILED with no Clock arriving at FFQs"> u<711> t<QUOTED_STRING> p<712> l<85:22> el<85:79>
                                                                                  n<> u<717> t<CLOSE_PARENS> p<718> l<85:79> el<85:80>
                                                                        n<> u<736> t<Statement_or_null> p<747> c<735> s<745> l<86:12> el<86:30>
                                                                          n<> u<735> t<Statement> p<736> c<734> l<86:12> el<86:30>
                                                                            n<> u<734> t<Statement_item> p<735> c<733> l<86:12> el<86:30>
                                                                              n<> u<733> t<Subroutine_call_statement> p<734> c<732> l<86:12> el<86:30>
                                                                                n<> u<732> t<Subroutine_call> p<733> c<723> l<86:12> el<86:29>
                                                                                  n<$> u<723> t<DOLLAR> p<732> s<724> l<86:12> el<86:13>
                                                                                  n<display> u<724> t<SIMPLE_IDENTIFIER> p<732> s<730> l<86:13> el<86:20>
                                                                                  n<> u<730> t<OPEN_PARENS> p<732> s<729> l<86:21> el<86:22>
                                                                                  n<> u<729> t<Argument_list> p<732> c<728> s<731> l<86:22> el<86:28>
                                                                                    n<> u<728> t<Expression> p<729> c<727> l<86:22> el<86:28>
                                                                                      n<> u<727> t<Primary> p<728> c<726> l<86:22> el<86:28>
                                                                                        n<> u<726> t<Primary_literal> p<727> c<725> l<86:22> el<86:28>
                                                                                          n<"----"> u<725> t<QUOTED_STRING> p<726> l<86:22> el<86:28>
                                                                                  n<> u<731> t<CLOSE_PARENS> p<732> l<86:28> el<86:29>
                                                                        n<> u<745> t<Statement_or_null> p<747> c<744> s<746> l<87:12> el<87:18>
                                                                          n<> u<744> t<Statement> p<745> c<743> l<87:12> el<87:18>
                                                                            n<> u<743> t<Statement_item> p<744> c<742> l<87:12> el<87:18>
                                                                              n<> u<742> t<Subroutine_call_statement> p<743> c<741> l<87:12> el<87:18>
                                                                                n<> u<741> t<Subroutine_call> p<742> c<737> l<87:12> el<87:17>
                                                                                  n<$> u<737> t<DOLLAR> p<741> s<738> l<87:12> el<87:13>
                                                                                  n<stop> u<738> t<SIMPLE_IDENTIFIER> p<741> s<740> l<87:13> el<87:17>
                                                                                  n<> u<740> t<Select> p<741> c<739> l<87:17> el<87:17>
                                                                                    n<> u<739> t<Bit_select> p<740> l<87:17> el<87:17>
                                                                        n<> u<746> t<END> p<747> l<88:10> el<88:13>
                                                                n<> u<844> t<Statement_or_null> p<845> c<843> l<89:15> el<98:12>
                                                                  n<> u<843> t<Statement> p<844> c<842> l<89:15> el<98:12>
                                                                    n<> u<842> t<Statement_item> p<843> c<841> l<89:15> el<98:12>
                                                                      n<> u<841> t<Conditional_statement> p<842> c<756> l<89:15> el<98:12>
                                                                        n<> u<756> t<Cond_predicate> p<841> c<755> s<812> l<89:19> el<89:27>
                                                                          n<> u<755> t<Expression_or_cond_pattern> p<756> c<754> l<89:19> el<89:27>
                                                                            n<> u<754> t<Expression> p<755> c<753> l<89:19> el<89:27>
                                                                              n<> u<753> t<Primary> p<754> c<752> l<89:19> el<89:27>
                                                                                n<> u<752> t<Primary_literal> p<753> c<751> l<89:19> el<89:27>
                                                                                  n<err_code> u<751> t<SIMPLE_IDENTIFIER> p<752> l<89:19> el<89:27>
                                                                        n<> u<812> t<Statement_or_null> p<841> c<811> s<840> l<89:29> el<94:13>
                                                                          n<> u<811> t<Statement> p<812> c<810> l<89:29> el<94:13>
                                                                            n<> u<810> t<Statement_item> p<811> c<809> l<89:29> el<94:13>
                                                                              n<> u<809> t<Seq_block> p<810> c<770> l<89:29> el<94:13>
                                                                                n<> u<770> t<Statement_or_null> p<809> c<769> s<784> l<90:12> el<90:30>
                                                                                  n<> u<769> t<Statement> p<770> c<768> l<90:12> el<90:30>
                                                                                    n<> u<768> t<Statement_item> p<769> c<767> l<90:12> el<90:30>
                                                                                      n<> u<767> t<Subroutine_call_statement> p<768> c<766> l<90:12> el<90:30>
                                                                                        n<> u<766> t<Subroutine_call> p<767> c<757> l<90:12> el<90:29>
                                                                                          n<$> u<757> t<DOLLAR> p<766> s<758> l<90:12> el<90:13>
                                                                                          n<display> u<758> t<SIMPLE_IDENTIFIER> p<766> s<764> l<90:13> el<90:20>
                                                                                          n<> u<764> t<OPEN_PARENS> p<766> s<763> l<90:21> el<90:22>
                                                                                          n<> u<763> t<Argument_list> p<766> c<762> s<765> l<90:22> el<90:28>
                                                                                            n<> u<762> t<Expression> p<763> c<761> l<90:22> el<90:28>
                                                                                              n<> u<761> t<Primary> p<762> c<760> l<90:22> el<90:28>
                                                                                                n<> u<760> t<Primary_literal> p<761> c<759> l<90:22> el<90:28>
                                                                                                  n<"----"> u<759> t<QUOTED_STRING> p<760> l<90:22> el<90:28>
                                                                                          n<> u<765> t<CLOSE_PARENS> p<766> l<90:28> el<90:29>
                                                                                n<> u<784> t<Statement_or_null> p<809> c<783> s<798> l<91:12> el<91:97>
                                                                                  n<> u<783> t<Statement> p<784> c<782> l<91:12> el<91:97>
                                                                                    n<> u<782> t<Statement_item> p<783> c<781> l<91:12> el<91:97>
                                                                                      n<> u<781> t<Subroutine_call_statement> p<782> c<780> l<91:12> el<91:97>
                                                                                        n<> u<780> t<Subroutine_call> p<781> c<771> l<91:12> el<91:96>
                                                                                          n<$> u<771> t<DOLLAR> p<780> s<772> l<91:12> el<91:13>
                                                                                          n<display> u<772> t<SIMPLE_IDENTIFIER> p<780> s<778> l<91:13> el<91:20>
                                                                                          n<> u<778> t<OPEN_PARENS> p<780> s<777> l<91:21> el<91:22>
                                                                                          n<> u<777> t<Argument_list> p<780> c<776> s<779> l<91:22> el<91:95>
                                                                                            n<> u<776> t<Expression> p<777> c<775> l<91:22> el<91:95>
                                                                                              n<> u<775> t<Primary> p<776> c<774> l<91:22> el<91:95>
                                                                                                n<> u<774> t<Primary_literal> p<775> c<773> l<91:22> el<91:95>
                                                                                                  n<"%%Error: TESTCASE FAILED with invalid propagation of 'd' to 'q' of FFQs"> u<773> t<QUOTED_STRING> p<774> l<91:22> el<91:95>
                                                                                          n<> u<779> t<CLOSE_PARENS> p<780> l<91:95> el<91:96>
                                                                                n<> u<798> t<Statement_or_null> p<809> c<797> s<807> l<92:12> el<92:30>
                                                                                  n<> u<797> t<Statement> p<798> c<796> l<92:12> el<92:30>
                                                                                    n<> u<796> t<Statement_item> p<797> c<795> l<92:12> el<92:30>
                                                                                      n<> u<795> t<Subroutine_call_statement> p<796> c<794> l<92:12> el<92:30>
                                                                                        n<> u<794> t<Subroutine_call> p<795> c<785> l<92:12> el<92:29>
                                                                                          n<$> u<785> t<DOLLAR> p<794> s<786> l<92:12> el<92:13>
                                                                                          n<display> u<786> t<SIMPLE_IDENTIFIER> p<794> s<792> l<92:13> el<92:20>
                                                                                          n<> u<792> t<OPEN_PARENS> p<794> s<791> l<92:21> el<92:22>
                                                                                          n<> u<791> t<Argument_list> p<794> c<790> s<793> l<92:22> el<92:28>
                                                                                            n<> u<790> t<Expression> p<791> c<789> l<92:22> el<92:28>
                                                                                              n<> u<789> t<Primary> p<790> c<788> l<92:22> el<92:28>
                                                                                                n<> u<788> t<Primary_literal> p<789> c<787> l<92:22> el<92:28>
                                                                                                  n<"----"> u<787> t<QUOTED_STRING> p<788> l<92:22> el<92:28>
                                                                                          n<> u<793> t<CLOSE_PARENS> p<794> l<92:28> el<92:29>
                                                                                n<> u<807> t<Statement_or_null> p<809> c<806> s<808> l<93:12> el<93:18>
                                                                                  n<> u<806> t<Statement> p<807> c<805> l<93:12> el<93:18>
                                                                                    n<> u<805> t<Statement_item> p<806> c<804> l<93:12> el<93:18>
                                                                                      n<> u<804> t<Subroutine_call_statement> p<805> c<803> l<93:12> el<93:18>
                                                                                        n<> u<803> t<Subroutine_call> p<804> c<799> l<93:12> el<93:17>
                                                                                          n<$> u<799> t<DOLLAR> p<803> s<800> l<93:12> el<93:13>
                                                                                          n<stop> u<800> t<SIMPLE_IDENTIFIER> p<803> s<802> l<93:13> el<93:17>
                                                                                          n<> u<802> t<Select> p<803> c<801> l<93:17> el<93:17>
                                                                                            n<> u<801> t<Bit_select> p<802> l<93:17> el<93:17>
                                                                                n<> u<808> t<END> p<809> l<94:10> el<94:13>
                                                                        n<> u<840> t<Statement_or_null> p<841> c<839> l<95:15> el<98:12>
                                                                          n<> u<839> t<Statement> p<840> c<838> l<95:15> el<98:12>
                                                                            n<> u<838> t<Statement_item> p<839> c<837> l<95:15> el<98:12>
                                                                              n<> u<837> t<Seq_block> p<838> c<826> l<95:15> el<98:12>
                                                                                n<> u<826> t<Statement_or_null> p<837> c<825> s<835> l<96:5> el<96:38>
                                                                                  n<> u<825> t<Statement> p<826> c<824> l<96:5> el<96:38>
                                                                                    n<> u<824> t<Statement_item> p<825> c<823> l<96:5> el<96:38>
                                                                                      n<> u<823> t<Subroutine_call_statement> p<824> c<822> l<96:5> el<96:38>
                                                                                        n<> u<822> t<Subroutine_call> p<823> c<813> l<96:5> el<96:37>
                                                                                          n<$> u<813> t<DOLLAR> p<822> s<814> l<96:5> el<96:6>
                                                                                          n<write> u<814> t<SIMPLE_IDENTIFIER> p<822> s<820> l<96:6> el<96:11>
                                                                                          n<> u<820> t<OPEN_PARENS> p<822> s<819> l<96:11> el<96:12>
                                                                                          n<> u<819> t<Argument_list> p<822> c<818> s<821> l<96:12> el<96:36>
                                                                                            n<> u<818> t<Expression> p<819> c<817> l<96:12> el<96:36>
                                                                                              n<> u<817> t<Primary> p<818> c<816> l<96:12> el<96:36>
                                                                                                n<> u<816> t<Primary_literal> p<817> c<815> l<96:12> el<96:36>
                                                                                                  n<"*-* All Finished *-*\n"> u<815> t<QUOTED_STRING> p<816> l<96:12> el<96:36>
                                                                                          n<> u<821> t<CLOSE_PARENS> p<822> l<96:36> el<96:37>
                                                                                n<> u<835> t<Statement_or_null> p<837> c<834> s<836> l<97:5> el<97:13>
                                                                                  n<> u<834> t<Statement> p<835> c<833> l<97:5> el<97:13>
                                                                                    n<> u<833> t<Statement_item> p<834> c<832> l<97:5> el<97:13>
                                                                                      n<> u<832> t<Subroutine_call_statement> p<833> c<831> l<97:5> el<97:13>
                                                                                        n<> u<831> t<Subroutine_call> p<832> c<827> l<97:5> el<97:12>
                                                                                          n<$> u<827> t<DOLLAR> p<831> s<828> l<97:5> el<97:6>
                                                                                          n<finish> u<828> t<SIMPLE_IDENTIFIER> p<831> s<830> l<97:6> el<97:12>
                                                                                          n<> u<830> t<Select> p<831> c<829> l<97:12> el<97:12>
                                                                                            n<> u<829> t<Bit_select> p<830> l<97:12> el<97:12>
                                                                                n<> u<836> t<END> p<837> l<98:9> el<98:12>
                                                        n<> u<849> t<END> p<850> l<99:7> el<99:10>
                                n<> u<862> t<END> p<863> l<100:4> el<100:7>
        n<> u<875> t<ENDMODULE> p<876> l<102:1> el<102:10>
    n<> u<1072> t<Description> p<2015> c<1071> s<1243> l<104:1> el<121:10>
      n<> u<1071> t<Module_declaration> p<1072> c<900> l<104:1> el<121:10>
        n<> u<900> t<Module_nonansi_header> p<1071> c<878> s<917> l<104:1> el<104:24>
          n<module> u<878> t<MODULE> p<900> s<879> l<104:1> el<104:7>
          n<llq> u<879> t<SIMPLE_IDENTIFIER> p<900> s<880> l<104:8> el<104:11>
          n<> u<880> t<Package_import_declaration_list> p<900> s<899> l<104:12> el<104:12>
          n<> u<899> t<Port_list> p<900> c<886> l<104:12> el<104:23>
            n<> u<886> t<Port> p<899> c<885> s<892> l<104:13> el<104:16>
              n<> u<885> t<Port_expression> p<886> c<884> l<104:13> el<104:16>
                n<> u<884> t<Port_reference> p<885> c<881> l<104:13> el<104:16>
                  n<clk> u<881> t<SIMPLE_IDENTIFIER> p<884> s<883> l<104:13> el<104:16>
                  n<> u<883> t<Constant_select> p<884> c<882> l<104:16> el<104:16>
                    n<> u<882> t<Constant_bit_select> p<883> l<104:16> el<104:16>
            n<> u<892> t<Port> p<899> c<891> s<898> l<104:18> el<104:19>
              n<> u<891> t<Port_expression> p<892> c<890> l<104:18> el<104:19>
                n<> u<890> t<Port_reference> p<891> c<887> l<104:18> el<104:19>
                  n<d> u<887> t<SIMPLE_IDENTIFIER> p<890> s<889> l<104:18> el<104:19>
                  n<> u<889> t<Constant_select> p<890> c<888> l<104:19> el<104:19>
                    n<> u<888> t<Constant_bit_select> p<889> l<104:19> el<104:19>
            n<> u<898> t<Port> p<899> c<897> l<104:21> el<104:22>
              n<> u<897> t<Port_expression> p<898> c<896> l<104:21> el<104:22>
                n<> u<896> t<Port_reference> p<897> c<893> l<104:21> el<104:22>
                  n<q> u<893> t<SIMPLE_IDENTIFIER> p<896> s<895> l<104:21> el<104:22>
                  n<> u<895> t<Constant_select> p<896> c<894> l<104:22> el<104:22>
                    n<> u<894> t<Constant_bit_select> p<895> l<104:22> el<104:22>
        n<> u<917> t<Module_item> p<1071> c<916> s<924> l<105:4> el<105:25>
          n<> u<916> t<Non_port_module_item> p<917> c<915> l<105:4> el<105:25>
            n<> u<915> t<Module_or_generate_item> p<916> c<914> l<105:4> el<105:25>
              n<> u<914> t<Module_common_item> p<915> c<913> l<105:4> el<105:25>
                n<> u<913> t<Module_or_generate_item_declaration> p<914> c<912> l<105:4> el<105:25>
                  n<> u<912> t<Package_or_generate_item_declaration> p<913> c<911> l<105:4> el<105:25>
                    n<> u<911> t<Parameter_declaration> p<912> c<901> l<105:4> el<105:24>
                      n<> u<901> t<Data_type_or_implicit> p<911> s<910> l<105:14> el<105:14>
                      n<> u<910> t<Param_assignment_list> p<911> c<909> l<105:14> el<105:24>
                        n<> u<909> t<Param_assignment> p<910> c<902> l<105:14> el<105:24>
                          n<WIDTH> u<902> t<SIMPLE_IDENTIFIER> p<909> s<908> l<105:14> el<105:19>
                          n<> u<908> t<Constant_param_expression> p<909> c<907> l<105:22> el<105:24>
                            n<> u<907> t<Constant_mintypmax_expression> p<908> c<906> l<105:22> el<105:24>
                              n<> u<906> t<Constant_expression> p<907> c<905> l<105:22> el<105:24>
                                n<> u<905> t<Constant_primary> p<906> c<904> l<105:22> el<105:24>
                                  n<> u<904> t<Primary_literal> p<905> c<903> l<105:22> el<105:24>
                                    n<32> u<903> t<INTEGRAL_NUMBER> p<904> l<105:22> el<105:24>
        n<> u<924> t<Module_item> p<1071> c<923> s<947> l<106:4> el<106:14>
          n<> u<923> t<Port_declaration> p<924> c<922> l<106:4> el<106:13>
            n<> u<922> t<Input_declaration> p<923> c<919> l<106:4> el<106:13>
              n<> u<919> t<Net_port_type> p<922> c<918> s<921> l<106:10> el<106:10>
                n<> u<918> t<Data_type_or_implicit> p<919> l<106:10> el<106:10>
              n<> u<921> t<Port_identifier_list> p<922> c<920> l<106:10> el<106:13>
                n<clk> u<920> t<SIMPLE_IDENTIFIER> p<921> l<106:10> el<106:13>
        n<> u<947> t<Module_item> p<1071> c<946> s<970> l<107:4> el<107:24>
          n<> u<946> t<Port_declaration> p<947> c<945> l<107:4> el<107:23>
            n<> u<945> t<Input_declaration> p<946> c<942> l<107:4> el<107:23>
              n<> u<942> t<Net_port_type> p<945> c<941> s<944> l<107:10> el<107:21>
                n<> u<941> t<Data_type_or_implicit> p<942> c<940> l<107:10> el<107:21>
                  n<> u<940> t<Packed_dimension> p<941> c<939> l<107:10> el<107:21>
                    n<> u<939> t<Constant_range> p<940> c<934> l<107:11> el<107:20>
                      n<> u<934> t<Constant_expression> p<939> c<928> s<938> l<107:11> el<107:18>
                        n<> u<928> t<Constant_expression> p<934> c<927> s<933> l<107:11> el<107:16>
                          n<> u<927> t<Constant_primary> p<928> c<926> l<107:11> el<107:16>
                            n<> u<926> t<Primary_literal> p<927> c<925> l<107:11> el<107:16>
                              n<WIDTH> u<925> t<SIMPLE_IDENTIFIER> p<926> l<107:11> el<107:16>
                        n<> u<933> t<BinaryOp_Minus> p<934> s<932> l<107:16> el<107:17>
                        n<> u<932> t<Constant_expression> p<934> c<931> l<107:17> el<107:18>
                          n<> u<931> t<Constant_primary> p<932> c<930> l<107:17> el<107:18>
                            n<> u<930> t<Primary_literal> p<931> c<929> l<107:17> el<107:18>
                              n<1> u<929> t<INTEGRAL_NUMBER> p<930> l<107:17> el<107:18>
                      n<> u<938> t<Constant_expression> p<939> c<937> l<107:19> el<107:20>
                        n<> u<937> t<Constant_primary> p<938> c<936> l<107:19> el<107:20>
                          n<> u<936> t<Primary_literal> p<937> c<935> l<107:19> el<107:20>
                            n<0> u<935> t<INTEGRAL_NUMBER> p<936> l<107:19> el<107:20>
              n<> u<944> t<Port_identifier_list> p<945> c<943> l<107:22> el<107:23>
                n<d> u<943> t<SIMPLE_IDENTIFIER> p<944> l<107:22> el<107:23>
        n<> u<970> t<Module_item> p<1071> c<969> s<999> l<108:4> el<108:25>
          n<> u<969> t<Port_declaration> p<970> c<968> l<108:4> el<108:24>
            n<> u<968> t<Output_declaration> p<969> c<965> l<108:4> el<108:24>
              n<> u<965> t<Net_port_type> p<968> c<964> s<967> l<108:11> el<108:22>
                n<> u<964> t<Data_type_or_implicit> p<965> c<963> l<108:11> el<108:22>
                  n<> u<963> t<Packed_dimension> p<964> c<962> l<108:11> el<108:22>
                    n<> u<962> t<Constant_range> p<963> c<957> l<108:12> el<108:21>
                      n<> u<957> t<Constant_expression> p<962> c<951> s<961> l<108:12> el<108:19>
                        n<> u<951> t<Constant_expression> p<957> c<950> s<956> l<108:12> el<108:17>
                          n<> u<950> t<Constant_primary> p<951> c<949> l<108:12> el<108:17>
                            n<> u<949> t<Primary_literal> p<950> c<948> l<108:12> el<108:17>
                              n<WIDTH> u<948> t<SIMPLE_IDENTIFIER> p<949> l<108:12> el<108:17>
                        n<> u<956> t<BinaryOp_Minus> p<957> s<955> l<108:17> el<108:18>
                        n<> u<955> t<Constant_expression> p<957> c<954> l<108:18> el<108:19>
                          n<> u<954> t<Constant_primary> p<955> c<953> l<108:18> el<108:19>
                            n<> u<953> t<Primary_literal> p<954> c<952> l<108:18> el<108:19>
                              n<1> u<952> t<INTEGRAL_NUMBER> p<953> l<108:18> el<108:19>
                      n<> u<961> t<Constant_expression> p<962> c<960> l<108:20> el<108:21>
                        n<> u<960> t<Constant_primary> p<961> c<959> l<108:20> el<108:21>
                          n<> u<959> t<Primary_literal> p<960> c<958> l<108:20> el<108:21>
                            n<0> u<958> t<INTEGRAL_NUMBER> p<959> l<108:20> el<108:21>
              n<> u<967> t<Output_port_identifier_list> p<968> c<966> l<108:23> el<108:24>
                n<q> u<966> t<SIMPLE_IDENTIFIER> p<967> l<108:23> el<108:24>
        n<> u<999> t<Module_item> p<1071> c<998> s<1000> l<110:4> el<110:26>
          n<> u<998> t<Non_port_module_item> p<999> c<997> l<110:4> el<110:26>
            n<> u<997> t<Module_or_generate_item> p<998> c<996> l<110:4> el<110:26>
              n<> u<996> t<Module_common_item> p<997> c<995> l<110:4> el<110:26>
                n<> u<995> t<Module_or_generate_item_declaration> p<996> c<994> l<110:4> el<110:26>
                  n<> u<994> t<Package_or_generate_item_declaration> p<995> c<993> l<110:4> el<110:26>
                    n<> u<993> t<Data_declaration> p<994> c<992> l<110:4> el<110:26>
                      n<> u<992> t<Variable_declaration> p<993> c<988> l<110:4> el<110:26>
                        n<> u<988> t<Data_type> p<992> c<971> s<991> l<110:4> el<110:19>
                          n<> u<971> t<REG> p<988> s<987> l<110:4> el<110:7>
                          n<> u<987> t<Packed_dimension> p<988> c<986> l<110:8> el<110:19>
                            n<> u<986> t<Constant_range> p<987> c<981> l<110:9> el<110:18>
                              n<> u<981> t<Constant_expression> p<986> c<975> s<985> l<110:9> el<110:16>
                                n<> u<975> t<Constant_expression> p<981> c<974> s<980> l<110:9> el<110:14>
                                  n<> u<974> t<Constant_primary> p<975> c<973> l<110:9> el<110:14>
                                    n<> u<973> t<Primary_literal> p<974> c<972> l<110:9> el<110:14>
                                      n<WIDTH> u<972> t<SIMPLE_IDENTIFIER> p<973> l<110:9> el<110:14>
                                n<> u<980> t<BinaryOp_Minus> p<981> s<979> l<110:14> el<110:15>
                                n<> u<979> t<Constant_expression> p<981> c<978> l<110:15> el<110:16>
                                  n<> u<978> t<Constant_primary> p<979> c<977> l<110:15> el<110:16>
                                    n<> u<977> t<Primary_literal> p<978> c<976> l<110:15> el<110:16>
                                      n<1> u<976> t<INTEGRAL_NUMBER> p<977> l<110:15> el<110:16>
                              n<> u<985> t<Constant_expression> p<986> c<984> l<110:17> el<110:18>
                                n<> u<984> t<Constant_primary> p<985> c<983> l<110:17> el<110:18>
                                  n<> u<983> t<Primary_literal> p<984> c<982> l<110:17> el<110:18>
                                    n<0> u<982> t<INTEGRAL_NUMBER> p<983> l<110:17> el<110:18>
                        n<> u<991> t<Variable_decl_assignment_list> p<992> c<990> l<110:23> el<110:25>
                          n<> u<990> t<Variable_decl_assignment> p<991> c<989> l<110:23> el<110:25>
                            n<qr> u<989> t<SIMPLE_IDENTIFIER> p<990> l<110:23> el<110:25>
        n</* verilator lint_off COMBDLY */> u<1000> t<BLOCK_COMMENT> p<1071> s<1052> l<114:4> el<116:16>
        n<> u<1052> t<Module_item> p<1071> c<1051> s<1053> l<114:4> el<116:16>
          n<> u<1051> t<Non_port_module_item> p<1052> c<1050> l<114:4> el<116:16>
            n<> u<1050> t<Module_or_generate_item> p<1051> c<1049> l<114:4> el<116:16>
              n<> u<1049> t<Module_common_item> p<1050> c<1048> l<114:4> el<116:16>
                n<> u<1048> t<Always_construct> p<1049> c<1001> l<114:4> el<116:16>
                  n<> u<1001> t<ALWAYS> p<1048> s<1047> l<114:4> el<114:10>
                  n<> u<1047> t<Statement> p<1048> c<1046> l<114:11> el<116:16>
                    n<> u<1046> t<Statement_item> p<1047> c<1045> l<114:11> el<116:16>
                      n<> u<1045> t<Procedural_timing_control_statement> p<1046> c<1015> l<114:11> el<116:16>
                        n<> u<1015> t<Procedural_timing_control> p<1045> c<1014> s<1044> l<114:11> el<114:22>
                          n<> u<1014> t<Event_control> p<1015> c<1013> l<114:11> el<114:22>
                            n<> u<1013> t<Event_expression> p<1014> c<1006> l<114:13> el<114:21>
                              n<> u<1006> t<Event_expression> p<1013> c<1005> s<1012> l<114:13> el<114:16>
                                n<> u<1005> t<Expression> p<1006> c<1004> l<114:13> el<114:16>
                                  n<> u<1004> t<Primary> p<1005> c<1003> l<114:13> el<114:16>
                                    n<> u<1003> t<Primary_literal> p<1004> c<1002> l<114:13> el<114:16>
                                      n<clk> u<1002> t<SIMPLE_IDENTIFIER> p<1003> l<114:13> el<114:16>
                              n<> u<1012> t<Event_expression> p<1013> c<1011> s<1007> l<114:20> el<114:21>
                                n<> u<1011> t<Expression> p<1012> c<1010> l<114:20> el<114:21>
                                  n<> u<1010> t<Primary> p<1011> c<1009> l<114:20> el<114:21>
                                    n<> u<1009> t<Primary_literal> p<1010> c<1008> l<114:20> el<114:21>
                                      n<d> u<1008> t<SIMPLE_IDENTIFIER> p<1009> l<114:20> el<114:21>
                              n<> u<1007> t<Or_operator> p<1013> l<114:17> el<114:19>
                        n<> u<1044> t<Statement_or_null> p<1045> c<1043> l<115:6> el<116:16>
                          n<> u<1043> t<Statement> p<1044> c<1042> l<115:6> el<116:16>
                            n<> u<1042> t<Statement_item> p<1043> c<1041> l<115:6> el<116:16>
                              n<> u<1041> t<Conditional_statement> p<1042> c<1027> l<115:6> el<116:16>
                                n<> u<1027> t<Cond_predicate> p<1041> c<1026> s<1040> l<115:10> el<115:21>
                                  n<> u<1026> t<Expression_or_cond_pattern> p<1027> c<1025> l<115:10> el<115:21>
                                    n<> u<1025> t<Expression> p<1026> c<1019> l<115:10> el<115:21>
                                      n<> u<1019> t<Expression> p<1025> c<1018> s<1024> l<115:10> el<115:13>
                                        n<> u<1018> t<Primary> p<1019> c<1017> l<115:10> el<115:13>
                                          n<> u<1017> t<Primary_literal> p<1018> c<1016> l<115:10> el<115:13>
                                            n<clk> u<1016> t<SIMPLE_IDENTIFIER> p<1017> l<115:10> el<115:13>
                                      n<> u<1024> t<EQUIV> p<1025> s<1023> l<115:14> el<115:16>
                                      n<> u<1023> t<Expression> p<1025> c<1022> l<115:17> el<115:21>
                                        n<> u<1022> t<Primary> p<1023> c<1021> l<115:17> el<115:21>
                                          n<> u<1021> t<Primary_literal> p<1022> c<1020> l<115:17> el<115:21>
                                            n<> u<1020> t<ONE_TICK_b0> p<1021> l<115:17> el<115:21>
                                n<> u<1040> t<Statement_or_null> p<1041> c<1039> l<116:8> el<116:16>
                                  n<> u<1039> t<Statement> p<1040> c<1038> l<116:8> el<116:16>
                                    n<> u<1038> t<Statement_item> p<1039> c<1037> l<116:8> el<116:16>
                                      n<> u<1037> t<Nonblocking_assignment> p<1038> c<1032> l<116:8> el<116:15>
                                        n<> u<1032> t<Variable_lvalue> p<1037> c<1029> s<1036> l<116:8> el<116:10>
                                          n<> u<1029> t<Ps_or_hierarchical_identifier> p<1032> c<1028> s<1031> l<116:8> el<116:10>
                                            n<qr> u<1028> t<SIMPLE_IDENTIFIER> p<1029> l<116:8> el<116:10>
                                          n<> u<1031> t<Select> p<1032> c<1030> l<116:11> el<116:11>
                                            n<> u<1030> t<Bit_select> p<1031> l<116:11> el<116:11>
                                        n<> u<1036> t<Expression> p<1037> c<1035> l<116:14> el<116:15>
                                          n<> u<1035> t<Primary> p<1036> c<1034> l<116:14> el<116:15>
                                            n<> u<1034> t<Primary_literal> p<1035> c<1033> l<116:14> el<116:15>
                                              n<d> u<1033> t<SIMPLE_IDENTIFIER> p<1034> l<116:14> el<116:15>
        n</* verilator lint_on COMBDLY */> u<1053> t<BLOCK_COMMENT> p<1071> s<1069> l<120:4> el<120:18>
        n<> u<1069> t<Module_item> p<1071> c<1068> s<1070> l<120:4> el<120:18>
          n<> u<1068> t<Non_port_module_item> p<1069> c<1067> l<120:4> el<120:18>
            n<> u<1067> t<Module_or_generate_item> p<1068> c<1066> l<120:4> el<120:18>
              n<> u<1066> t<Module_common_item> p<1067> c<1065> l<120:4> el<120:18>
                n<> u<1065> t<Continuous_assign> p<1066> c<1064> l<120:4> el<120:18>
                  n<> u<1064> t<Net_assignment_list> p<1065> c<1063> l<120:11> el<120:17>
                    n<> u<1063> t<Net_assignment> p<1064> c<1058> l<120:11> el<120:17>
                      n<> u<1058> t<Net_lvalue> p<1063> c<1055> s<1062> l<120:11> el<120:12>
                        n<> u<1055> t<Ps_or_hierarchical_identifier> p<1058> c<1054> s<1057> l<120:11> el<120:12>
                          n<q> u<1054> t<SIMPLE_IDENTIFIER> p<1055> l<120:11> el<120:12>
                        n<> u<1057> t<Constant_select> p<1058> c<1056> l<120:13> el<120:13>
                          n<> u<1056> t<Constant_bit_select> p<1057> l<120:13> el<120:13>
                      n<> u<1062> t<Expression> p<1063> c<1061> l<120:15> el<120:17>
                        n<> u<1061> t<Primary> p<1062> c<1060> l<120:15> el<120:17>
                          n<> u<1060> t<Primary_literal> p<1061> c<1059> l<120:15> el<120:17>
                            n<qr> u<1059> t<SIMPLE_IDENTIFIER> p<1060> l<120:15> el<120:17>
        n<> u<1070> t<ENDMODULE> p<1071> l<121:1> el<121:10>
    n<> u<1243> t<Description> p<2015> c<1242> s<1244> l<123:1> el<135:10>
      n<> u<1242> t<Module_declaration> p<1243> c<1095> l<123:1> el<135:10>
        n<> u<1095> t<Module_nonansi_header> p<1242> c<1073> s<1112> l<123:1> el<123:24>
          n<module> u<1073> t<MODULE> p<1095> s<1074> l<123:1> el<123:7>
          n<ffq> u<1074> t<SIMPLE_IDENTIFIER> p<1095> s<1075> l<123:8> el<123:11>
          n<> u<1075> t<Package_import_declaration_list> p<1095> s<1094> l<123:12> el<123:12>
          n<> u<1094> t<Port_list> p<1095> c<1081> l<123:12> el<123:23>
            n<> u<1081> t<Port> p<1094> c<1080> s<1087> l<123:13> el<123:16>
              n<> u<1080> t<Port_expression> p<1081> c<1079> l<123:13> el<123:16>
                n<> u<1079> t<Port_reference> p<1080> c<1076> l<123:13> el<123:16>
                  n<clk> u<1076> t<SIMPLE_IDENTIFIER> p<1079> s<1078> l<123:13> el<123:16>
                  n<> u<1078> t<Constant_select> p<1079> c<1077> l<123:16> el<123:16>
                    n<> u<1077> t<Constant_bit_select> p<1078> l<123:16> el<123:16>
            n<> u<1087> t<Port> p<1094> c<1086> s<1093> l<123:18> el<123:19>
              n<> u<1086> t<Port_expression> p<1087> c<1085> l<123:18> el<123:19>
                n<> u<1085> t<Port_reference> p<1086> c<1082> l<123:18> el<123:19>
                  n<d> u<1082> t<SIMPLE_IDENTIFIER> p<1085> s<1084> l<123:18> el<123:19>
                  n<> u<1084> t<Constant_select> p<1085> c<1083> l<123:19> el<123:19>
                    n<> u<1083> t<Constant_bit_select> p<1084> l<123:19> el<123:19>
            n<> u<1093> t<Port> p<1094> c<1092> l<123:21> el<123:22>
              n<> u<1092> t<Port_expression> p<1093> c<1091> l<123:21> el<123:22>
                n<> u<1091> t<Port_reference> p<1092> c<1088> l<123:21> el<123:22>
                  n<q> u<1088> t<SIMPLE_IDENTIFIER> p<1091> s<1090> l<123:21> el<123:22>
                  n<> u<1090> t<Constant_select> p<1091> c<1089> l<123:22> el<123:22>
                    n<> u<1089> t<Constant_bit_select> p<1090> l<123:22> el<123:22>
        n<> u<1112> t<Module_item> p<1242> c<1111> s<1119> l<124:4> el<124:25>
          n<> u<1111> t<Non_port_module_item> p<1112> c<1110> l<124:4> el<124:25>
            n<> u<1110> t<Module_or_generate_item> p<1111> c<1109> l<124:4> el<124:25>
              n<> u<1109> t<Module_common_item> p<1110> c<1108> l<124:4> el<124:25>
                n<> u<1108> t<Module_or_generate_item_declaration> p<1109> c<1107> l<124:4> el<124:25>
                  n<> u<1107> t<Package_or_generate_item_declaration> p<1108> c<1106> l<124:4> el<124:25>
                    n<> u<1106> t<Parameter_declaration> p<1107> c<1096> l<124:4> el<124:24>
                      n<> u<1096> t<Data_type_or_implicit> p<1106> s<1105> l<124:14> el<124:14>
                      n<> u<1105> t<Param_assignment_list> p<1106> c<1104> l<124:14> el<124:24>
                        n<> u<1104> t<Param_assignment> p<1105> c<1097> l<124:14> el<124:24>
                          n<WIDTH> u<1097> t<SIMPLE_IDENTIFIER> p<1104> s<1103> l<124:14> el<124:19>
                          n<> u<1103> t<Constant_param_expression> p<1104> c<1102> l<124:22> el<124:24>
                            n<> u<1102> t<Constant_mintypmax_expression> p<1103> c<1101> l<124:22> el<124:24>
                              n<> u<1101> t<Constant_expression> p<1102> c<1100> l<124:22> el<124:24>
                                n<> u<1100> t<Constant_primary> p<1101> c<1099> l<124:22> el<124:24>
                                  n<> u<1099> t<Primary_literal> p<1100> c<1098> l<124:22> el<124:24>
                                    n<32> u<1098> t<INTEGRAL_NUMBER> p<1099> l<124:22> el<124:24>
        n<> u<1119> t<Module_item> p<1242> c<1118> s<1142> l<125:4> el<125:14>
          n<> u<1118> t<Port_declaration> p<1119> c<1117> l<125:4> el<125:13>
            n<> u<1117> t<Input_declaration> p<1118> c<1114> l<125:4> el<125:13>
              n<> u<1114> t<Net_port_type> p<1117> c<1113> s<1116> l<125:10> el<125:10>
                n<> u<1113> t<Data_type_or_implicit> p<1114> l<125:10> el<125:10>
              n<> u<1116> t<Port_identifier_list> p<1117> c<1115> l<125:10> el<125:13>
                n<clk> u<1115> t<SIMPLE_IDENTIFIER> p<1116> l<125:10> el<125:13>
        n<> u<1142> t<Module_item> p<1242> c<1141> s<1165> l<126:4> el<126:24>
          n<> u<1141> t<Port_declaration> p<1142> c<1140> l<126:4> el<126:23>
            n<> u<1140> t<Input_declaration> p<1141> c<1137> l<126:4> el<126:23>
              n<> u<1137> t<Net_port_type> p<1140> c<1136> s<1139> l<126:10> el<126:21>
                n<> u<1136> t<Data_type_or_implicit> p<1137> c<1135> l<126:10> el<126:21>
                  n<> u<1135> t<Packed_dimension> p<1136> c<1134> l<126:10> el<126:21>
                    n<> u<1134> t<Constant_range> p<1135> c<1129> l<126:11> el<126:20>
                      n<> u<1129> t<Constant_expression> p<1134> c<1123> s<1133> l<126:11> el<126:18>
                        n<> u<1123> t<Constant_expression> p<1129> c<1122> s<1128> l<126:11> el<126:16>
                          n<> u<1122> t<Constant_primary> p<1123> c<1121> l<126:11> el<126:16>
                            n<> u<1121> t<Primary_literal> p<1122> c<1120> l<126:11> el<126:16>
                              n<WIDTH> u<1120> t<SIMPLE_IDENTIFIER> p<1121> l<126:11> el<126:16>
                        n<> u<1128> t<BinaryOp_Minus> p<1129> s<1127> l<126:16> el<126:17>
                        n<> u<1127> t<Constant_expression> p<1129> c<1126> l<126:17> el<126:18>
                          n<> u<1126> t<Constant_primary> p<1127> c<1125> l<126:17> el<126:18>
                            n<> u<1125> t<Primary_literal> p<1126> c<1124> l<126:17> el<126:18>
                              n<1> u<1124> t<INTEGRAL_NUMBER> p<1125> l<126:17> el<126:18>
                      n<> u<1133> t<Constant_expression> p<1134> c<1132> l<126:19> el<126:20>
                        n<> u<1132> t<Constant_primary> p<1133> c<1131> l<126:19> el<126:20>
                          n<> u<1131> t<Primary_literal> p<1132> c<1130> l<126:19> el<126:20>
                            n<0> u<1130> t<INTEGRAL_NUMBER> p<1131> l<126:19> el<126:20>
              n<> u<1139> t<Port_identifier_list> p<1140> c<1138> l<126:22> el<126:23>
                n<d> u<1138> t<SIMPLE_IDENTIFIER> p<1139> l<126:22> el<126:23>
        n<> u<1165> t<Module_item> p<1242> c<1164> s<1194> l<127:4> el<127:25>
          n<> u<1164> t<Port_declaration> p<1165> c<1163> l<127:4> el<127:24>
            n<> u<1163> t<Output_declaration> p<1164> c<1160> l<127:4> el<127:24>
              n<> u<1160> t<Net_port_type> p<1163> c<1159> s<1162> l<127:11> el<127:22>
                n<> u<1159> t<Data_type_or_implicit> p<1160> c<1158> l<127:11> el<127:22>
                  n<> u<1158> t<Packed_dimension> p<1159> c<1157> l<127:11> el<127:22>
                    n<> u<1157> t<Constant_range> p<1158> c<1152> l<127:12> el<127:21>
                      n<> u<1152> t<Constant_expression> p<1157> c<1146> s<1156> l<127:12> el<127:19>
                        n<> u<1146> t<Constant_expression> p<1152> c<1145> s<1151> l<127:12> el<127:17>
                          n<> u<1145> t<Constant_primary> p<1146> c<1144> l<127:12> el<127:17>
                            n<> u<1144> t<Primary_literal> p<1145> c<1143> l<127:12> el<127:17>
                              n<WIDTH> u<1143> t<SIMPLE_IDENTIFIER> p<1144> l<127:12> el<127:17>
                        n<> u<1151> t<BinaryOp_Minus> p<1152> s<1150> l<127:17> el<127:18>
                        n<> u<1150> t<Constant_expression> p<1152> c<1149> l<127:18> el<127:19>
                          n<> u<1149> t<Constant_primary> p<1150> c<1148> l<127:18> el<127:19>
                            n<> u<1148> t<Primary_literal> p<1149> c<1147> l<127:18> el<127:19>
                              n<1> u<1147> t<INTEGRAL_NUMBER> p<1148> l<127:18> el<127:19>
                      n<> u<1156> t<Constant_expression> p<1157> c<1155> l<127:20> el<127:21>
                        n<> u<1155> t<Constant_primary> p<1156> c<1154> l<127:20> el<127:21>
                          n<> u<1154> t<Primary_literal> p<1155> c<1153> l<127:20> el<127:21>
                            n<0> u<1153> t<INTEGRAL_NUMBER> p<1154> l<127:20> el<127:21>
              n<> u<1162> t<Output_port_identifier_list> p<1163> c<1161> l<127:23> el<127:24>
                n<q> u<1161> t<SIMPLE_IDENTIFIER> p<1162> l<127:23> el<127:24>
        n<> u<1194> t<Module_item> p<1242> c<1193> s<1224> l<129:4> el<129:26>
          n<> u<1193> t<Non_port_module_item> p<1194> c<1192> l<129:4> el<129:26>
            n<> u<1192> t<Module_or_generate_item> p<1193> c<1191> l<129:4> el<129:26>
              n<> u<1191> t<Module_common_item> p<1192> c<1190> l<129:4> el<129:26>
                n<> u<1190> t<Module_or_generate_item_declaration> p<1191> c<1189> l<129:4> el<129:26>
                  n<> u<1189> t<Package_or_generate_item_declaration> p<1190> c<1188> l<129:4> el<129:26>
                    n<> u<1188> t<Data_declaration> p<1189> c<1187> l<129:4> el<129:26>
                      n<> u<1187> t<Variable_declaration> p<1188> c<1183> l<129:4> el<129:26>
                        n<> u<1183> t<Data_type> p<1187> c<1166> s<1186> l<129:4> el<129:19>
                          n<> u<1166> t<REG> p<1183> s<1182> l<129:4> el<129:7>
                          n<> u<1182> t<Packed_dimension> p<1183> c<1181> l<129:8> el<129:19>
                            n<> u<1181> t<Constant_range> p<1182> c<1176> l<129:9> el<129:18>
                              n<> u<1176> t<Constant_expression> p<1181> c<1170> s<1180> l<129:9> el<129:16>
                                n<> u<1170> t<Constant_expression> p<1176> c<1169> s<1175> l<129:9> el<129:14>
                                  n<> u<1169> t<Constant_primary> p<1170> c<1168> l<129:9> el<129:14>
                                    n<> u<1168> t<Primary_literal> p<1169> c<1167> l<129:9> el<129:14>
                                      n<WIDTH> u<1167> t<SIMPLE_IDENTIFIER> p<1168> l<129:9> el<129:14>
                                n<> u<1175> t<BinaryOp_Minus> p<1176> s<1174> l<129:14> el<129:15>
                                n<> u<1174> t<Constant_expression> p<1176> c<1173> l<129:15> el<129:16>
                                  n<> u<1173> t<Constant_primary> p<1174> c<1172> l<129:15> el<129:16>
                                    n<> u<1172> t<Primary_literal> p<1173> c<1171> l<129:15> el<129:16>
                                      n<1> u<1171> t<INTEGRAL_NUMBER> p<1172> l<129:15> el<129:16>
                              n<> u<1180> t<Constant_expression> p<1181> c<1179> l<129:17> el<129:18>
                                n<> u<1179> t<Constant_primary> p<1180> c<1178> l<129:17> el<129:18>
                                  n<> u<1178> t<Primary_literal> p<1179> c<1177> l<129:17> el<129:18>
                                    n<0> u<1177> t<INTEGRAL_NUMBER> p<1178> l<129:17> el<129:18>
                        n<> u<1186> t<Variable_decl_assignment_list> p<1187> c<1185> l<129:23> el<129:25>
                          n<> u<1185> t<Variable_decl_assignment> p<1186> c<1184> l<129:23> el<129:25>
                            n<qr> u<1184> t<SIMPLE_IDENTIFIER> p<1185> l<129:23> el<129:25>
        n<> u<1224> t<Module_item> p<1242> c<1223> s<1240> l<131:4> el<132:14>
          n<> u<1223> t<Non_port_module_item> p<1224> c<1222> l<131:4> el<132:14>
            n<> u<1222> t<Module_or_generate_item> p<1223> c<1221> l<131:4> el<132:14>
              n<> u<1221> t<Module_common_item> p<1222> c<1220> l<131:4> el<132:14>
                n<> u<1220> t<Always_construct> p<1221> c<1195> l<131:4> el<132:14>
                  n<> u<1195> t<ALWAYS> p<1220> s<1219> l<131:4> el<131:10>
                  n<> u<1219> t<Statement> p<1220> c<1218> l<131:11> el<132:14>
                    n<> u<1218> t<Statement_item> p<1219> c<1217> l<131:11> el<132:14>
                      n<> u<1217> t<Procedural_timing_control_statement> p<1218> c<1203> l<131:11> el<132:14>
                        n<> u<1203> t<Procedural_timing_control> p<1217> c<1202> s<1216> l<131:11> el<131:25>
                          n<> u<1202> t<Event_control> p<1203> c<1201> l<131:11> el<131:25>
                            n<> u<1201> t<Event_expression> p<1202> c<1196> l<131:13> el<131:24>
                              n<> u<1196> t<POSEDGE> p<1201> s<1200> l<131:13> el<131:20>
                              n<> u<1200> t<Expression> p<1201> c<1199> l<131:21> el<131:24>
                                n<> u<1199> t<Primary> p<1200> c<1198> l<131:21> el<131:24>
                                  n<> u<1198> t<Primary_literal> p<1199> c<1197> l<131:21> el<131:24>
                                    n<clk> u<1197> t<SIMPLE_IDENTIFIER> p<1198> l<131:21> el<131:24>
                        n<> u<1216> t<Statement_or_null> p<1217> c<1215> l<132:6> el<132:14>
                          n<> u<1215> t<Statement> p<1216> c<1214> l<132:6> el<132:14>
                            n<> u<1214> t<Statement_item> p<1215> c<1213> l<132:6> el<132:14>
                              n<> u<1213> t<Nonblocking_assignment> p<1214> c<1208> l<132:6> el<132:13>
                                n<> u<1208> t<Variable_lvalue> p<1213> c<1205> s<1212> l<132:6> el<132:8>
                                  n<> u<1205> t<Ps_or_hierarchical_identifier> p<1208> c<1204> s<1207> l<132:6> el<132:8>
                                    n<qr> u<1204> t<SIMPLE_IDENTIFIER> p<1205> l<132:6> el<132:8>
                                  n<> u<1207> t<Select> p<1208> c<1206> l<132:9> el<132:9>
                                    n<> u<1206> t<Bit_select> p<1207> l<132:9> el<132:9>
                                n<> u<1212> t<Expression> p<1213> c<1211> l<132:12> el<132:13>
                                  n<> u<1211> t<Primary> p<1212> c<1210> l<132:12> el<132:13>
                                    n<> u<1210> t<Primary_literal> p<1211> c<1209> l<132:12> el<132:13>
                                      n<d> u<1209> t<SIMPLE_IDENTIFIER> p<1210> l<132:12> el<132:13>
        n<> u<1240> t<Module_item> p<1242> c<1239> s<1241> l<134:4> el<134:18>
          n<> u<1239> t<Non_port_module_item> p<1240> c<1238> l<134:4> el<134:18>
            n<> u<1238> t<Module_or_generate_item> p<1239> c<1237> l<134:4> el<134:18>
              n<> u<1237> t<Module_common_item> p<1238> c<1236> l<134:4> el<134:18>
                n<> u<1236> t<Continuous_assign> p<1237> c<1235> l<134:4> el<134:18>
                  n<> u<1235> t<Net_assignment_list> p<1236> c<1234> l<134:11> el<134:17>
                    n<> u<1234> t<Net_assignment> p<1235> c<1229> l<134:11> el<134:17>
                      n<> u<1229> t<Net_lvalue> p<1234> c<1226> s<1233> l<134:11> el<134:12>
                        n<> u<1226> t<Ps_or_hierarchical_identifier> p<1229> c<1225> s<1228> l<134:11> el<134:12>
                          n<q> u<1225> t<SIMPLE_IDENTIFIER> p<1226> l<134:11> el<134:12>
                        n<> u<1228> t<Constant_select> p<1229> c<1227> l<134:13> el<134:13>
                          n<> u<1227> t<Constant_bit_select> p<1228> l<134:13> el<134:13>
                      n<> u<1233> t<Expression> p<1234> c<1232> l<134:15> el<134:17>
                        n<> u<1232> t<Primary> p<1233> c<1231> l<134:15> el<134:17>
                          n<> u<1231> t<Primary_literal> p<1232> c<1230> l<134:15> el<134:17>
                            n<qr> u<1230> t<SIMPLE_IDENTIFIER> p<1231> l<134:15> el<134:17>
        n<> u<1241> t<ENDMODULE> p<1242> l<135:1> el<135:10>
    n<// DUT module> u<1244> t<LINE_COMMENT> p<2015> s<2014> l<137:1> el<137:14>
    n<> u<2014> t<Description> p<2015> c<2013> l<138:1> el<178:10>
      n<> u<2013> t<Module_declaration> p<2014> c<1282> l<138:1> el<178:10>
        n<> u<1282> t<Module_nonansi_header> p<2013> c<1245> s<1289> l<138:1> el<143:6>
          n<module> u<1245> t<MODULE> p<1282> s<1246> l<138:1> el<138:7>
          n<Test> u<1246> t<SIMPLE_IDENTIFIER> p<1282> s<1247> l<138:8> el<138:12>
          n<> u<1247> t<Package_import_declaration_list> p<1282> s<1248> l<138:13> el<138:13>
          n</*AUTOARG*/> u<1248> t<BLOCK_COMMENT> p<1282> s<1249> l<138:13> el<143:5>
          n<// Outputs> u<1249> t<LINE_COMMENT> p<1282> s<1281> l<139:4> el<139:14>
          n<> u<1281> t<Port_list> p<1282> c<1255> l<138:13> el<143:5>
            n<> u<1255> t<Port> p<1281> c<1254> s<1261> l<140:4> el<140:13>
              n<> u<1254> t<Port_expression> p<1255> c<1253> l<140:4> el<140:13>
                n<> u<1253> t<Port_reference> p<1254> c<1250> l<140:4> el<140:13>
                  n<ff_en_vld> u<1250> t<SIMPLE_IDENTIFIER> p<1253> s<1252> l<140:4> el<140:13>
                  n<> u<1252> t<Constant_select> p<1253> c<1251> l<140:13> el<140:13>
                    n<> u<1251> t<Constant_bit_select> p<1252> l<140:13> el<140:13>
            n<> u<1261> t<Port> p<1281> c<1260> s<1262> l<140:15> el<140:24>
              n<> u<1260> t<Port_expression> p<1261> c<1259> l<140:15> el<140:24>
                n<> u<1259> t<Port_reference> p<1260> c<1256> l<140:15> el<140:24>
                  n<entry_vld> u<1256> t<SIMPLE_IDENTIFIER> p<1259> s<1258> l<140:15> el<140:24>
                  n<> u<1258> t<Constant_select> p<1259> c<1257> l<140:24> el<140:24>
                    n<> u<1257> t<Constant_bit_select> p<1258> l<140:24> el<140:24>
            n<// Inputs> u<1262> t<LINE_COMMENT> p<1281> s<1268> l<141:4> el<141:13>
            n<> u<1268> t<Port> p<1281> c<1267> s<1274> l<142:4> el<142:7>
              n<> u<1267> t<Port_expression> p<1268> c<1266> l<142:4> el<142:7>
                n<> u<1266> t<Port_reference> p<1267> c<1263> l<142:4> el<142:7>
                  n<clk> u<1263> t<SIMPLE_IDENTIFIER> p<1266> s<1265> l<142:4> el<142:7>
                  n<> u<1265> t<Constant_select> p<1266> c<1264> l<142:7> el<142:7>
                    n<> u<1264> t<Constant_bit_select> p<1265> l<142:7> el<142:7>
            n<> u<1274> t<Port> p<1281> c<1273> s<1280> l<142:9> el<142:13>
              n<> u<1273> t<Port_expression> p<1274> c<1272> l<142:9> el<142:13>
                n<> u<1272> t<Port_reference> p<1273> c<1269> l<142:9> el<142:13>
                  n<dvld> u<1269> t<SIMPLE_IDENTIFIER> p<1272> s<1271> l<142:9> el<142:13>
                  n<> u<1271> t<Constant_select> p<1272> c<1270> l<142:13> el<142:13>
                    n<> u<1270> t<Constant_bit_select> p<1271> l<142:13> el<142:13>
            n<> u<1280> t<Port> p<1281> c<1279> l<142:15> el<142:23>
              n<> u<1279> t<Port_expression> p<1280> c<1278> l<142:15> el<142:23>
                n<> u<1278> t<Port_reference> p<1279> c<1275> l<142:15> el<142:23>
                  n<ff_en_e1> u<1275> t<SIMPLE_IDENTIFIER> p<1278> s<1277> l<142:15> el<142:23>
                  n<> u<1277> t<Constant_select> p<1278> c<1276> l<143:4> el<143:4>
                    n<> u<1276> t<Constant_bit_select> p<1277> l<143:4> el<143:4>
        n<> u<1289> t<Module_item> p<2013> c<1288> s<1306> l<144:4> el<144:14>
          n<> u<1288> t<Port_declaration> p<1289> c<1287> l<144:4> el<144:13>
            n<> u<1287> t<Input_declaration> p<1288> c<1284> l<144:4> el<144:13>
              n<> u<1284> t<Net_port_type> p<1287> c<1283> s<1286> l<144:10> el<144:10>
                n<> u<1283> t<Data_type_or_implicit> p<1284> l<144:10> el<144:10>
              n<> u<1286> t<Port_identifier_list> p<1287> c<1285> l<144:10> el<144:13>
                n<clk> u<1285> t<SIMPLE_IDENTIFIER> p<1286> l<144:10> el<144:13>
        n<> u<1306> t<Module_item> p<2013> c<1305> s<1323> l<146:4> el<146:21>
          n<> u<1305> t<Port_declaration> p<1306> c<1304> l<146:4> el<146:20>
            n<> u<1304> t<Input_declaration> p<1305> c<1301> l<146:4> el<146:20>
              n<> u<1301> t<Net_port_type> p<1304> c<1300> s<1303> l<146:10> el<146:15>
                n<> u<1300> t<Data_type_or_implicit> p<1301> c<1299> l<146:10> el<146:15>
                  n<> u<1299> t<Packed_dimension> p<1300> c<1298> l<146:10> el<146:15>
                    n<> u<1298> t<Constant_range> p<1299> c<1293> l<146:11> el<146:14>
                      n<> u<1293> t<Constant_expression> p<1298> c<1292> s<1297> l<146:11> el<146:12>
                        n<> u<1292> t<Constant_primary> p<1293> c<1291> l<146:11> el<146:12>
                          n<> u<1291> t<Primary_literal> p<1292> c<1290> l<146:11> el<146:12>
                            n<7> u<1290> t<INTEGRAL_NUMBER> p<1291> l<146:11> el<146:12>
                      n<> u<1297> t<Constant_expression> p<1298> c<1296> l<146:13> el<146:14>
                        n<> u<1296> t<Constant_primary> p<1297> c<1295> l<146:13> el<146:14>
                          n<> u<1295> t<Primary_literal> p<1296> c<1294> l<146:13> el<146:14>
                            n<0> u<1294> t<INTEGRAL_NUMBER> p<1295> l<146:13> el<146:14>
              n<> u<1303> t<Port_identifier_list> p<1304> c<1302> l<146:16> el<146:20>
                n<dvld> u<1302> t<SIMPLE_IDENTIFIER> p<1303> l<146:16> el<146:20>
        n<> u<1323> t<Module_item> p<2013> c<1322> s<1340> l<147:4> el<147:25>
          n<> u<1322> t<Port_declaration> p<1323> c<1321> l<147:4> el<147:24>
            n<> u<1321> t<Input_declaration> p<1322> c<1318> l<147:4> el<147:24>
              n<> u<1318> t<Net_port_type> p<1321> c<1317> s<1320> l<147:10> el<147:15>
                n<> u<1317> t<Data_type_or_implicit> p<1318> c<1316> l<147:10> el<147:15>
                  n<> u<1316> t<Packed_dimension> p<1317> c<1315> l<147:10> el<147:15>
                    n<> u<1315> t<Constant_range> p<1316> c<1310> l<147:11> el<147:14>
                      n<> u<1310> t<Constant_expression> p<1315> c<1309> s<1314> l<147:11> el<147:12>
                        n<> u<1309> t<Constant_primary> p<1310> c<1308> l<147:11> el<147:12>
                          n<> u<1308> t<Primary_literal> p<1309> c<1307> l<147:11> el<147:12>
                            n<7> u<1307> t<INTEGRAL_NUMBER> p<1308> l<147:11> el<147:12>
                      n<> u<1314> t<Constant_expression> p<1315> c<1313> l<147:13> el<147:14>
                        n<> u<1313> t<Constant_primary> p<1314> c<1312> l<147:13> el<147:14>
                          n<> u<1312> t<Primary_literal> p<1313> c<1311> l<147:13> el<147:14>
                            n<0> u<1311> t<INTEGRAL_NUMBER> p<1312> l<147:13> el<147:14>
              n<> u<1320> t<Port_identifier_list> p<1321> c<1319> l<147:16> el<147:24>
                n<ff_en_e1> u<1319> t<SIMPLE_IDENTIFIER> p<1320> l<147:16> el<147:24>
        n<> u<1340> t<Module_item> p<2013> c<1339> s<1358> l<149:4> el<149:27>
          n<> u<1339> t<Port_declaration> p<1340> c<1338> l<149:4> el<149:26>
            n<> u<1338> t<Output_declaration> p<1339> c<1335> l<149:4> el<149:26>
              n<> u<1335> t<Net_port_type> p<1338> c<1334> s<1337> l<149:11> el<149:16>
                n<> u<1334> t<Data_type_or_implicit> p<1335> c<1333> l<149:11> el<149:16>
                  n<> u<1333> t<Packed_dimension> p<1334> c<1332> l<149:11> el<149:16>
                    n<> u<1332> t<Constant_range> p<1333> c<1327> l<149:12> el<149:15>
                      n<> u<1327> t<Constant_expression> p<1332> c<1326> s<1331> l<149:12> el<149:13>
                        n<> u<1326> t<Constant_primary> p<1327> c<1325> l<149:12> el<149:13>
                          n<> u<1325> t<Primary_literal> p<1326> c<1324> l<149:12> el<149:13>
                            n<7> u<1324> t<INTEGRAL_NUMBER> p<1325> l<149:12> el<149:13>
                      n<> u<1331> t<Constant_expression> p<1332> c<1330> l<149:14> el<149:15>
                        n<> u<1330> t<Constant_primary> p<1331> c<1329> l<149:14> el<149:15>
                          n<> u<1329> t<Primary_literal> p<1330> c<1328> l<149:14> el<149:15>
                            n<0> u<1328> t<INTEGRAL_NUMBER> p<1329> l<149:14> el<149:15>
              n<> u<1337> t<Output_port_identifier_list> p<1338> c<1336> l<149:17> el<149:26>
                n<ff_en_vld> u<1336> t<SIMPLE_IDENTIFIER> p<1337> l<149:17> el<149:26>
        n<> u<1358> t<Module_item> p<2013> c<1357> s<1380> l<150:4> el<150:32>
          n<> u<1357> t<Port_declaration> p<1358> c<1356> l<150:4> el<150:31>
            n<> u<1356> t<Output_declaration> p<1357> c<1353> l<150:4> el<150:31>
              n<> u<1353> t<Net_port_type> p<1356> c<1341> s<1355> l<150:11> el<150:21>
                n<> u<1341> t<WIRE> p<1353> s<1352> l<150:11> el<150:15>
                n<> u<1352> t<Data_type_or_implicit> p<1353> c<1351> l<150:16> el<150:21>
                  n<> u<1351> t<Packed_dimension> p<1352> c<1350> l<150:16> el<150:21>
                    n<> u<1350> t<Constant_range> p<1351> c<1345> l<150:17> el<150:20>
                      n<> u<1345> t<Constant_expression> p<1350> c<1344> s<1349> l<150:17> el<150:18>
                        n<> u<1344> t<Constant_primary> p<1345> c<1343> l<150:17> el<150:18>
                          n<> u<1343> t<Primary_literal> p<1344> c<1342> l<150:17> el<150:18>
                            n<7> u<1342> t<INTEGRAL_NUMBER> p<1343> l<150:17> el<150:18>
                      n<> u<1349> t<Constant_expression> p<1350> c<1348> l<150:19> el<150:20>
                        n<> u<1348> t<Constant_primary> p<1349> c<1347> l<150:19> el<150:20>
                          n<> u<1347> t<Primary_literal> p<1348> c<1346> l<150:19> el<150:20>
                            n<0> u<1346> t<INTEGRAL_NUMBER> p<1347> l<150:19> el<150:20>
              n<> u<1355> t<Output_port_identifier_list> p<1356> c<1354> l<150:22> el<150:31>
                n<entry_vld> u<1354> t<SIMPLE_IDENTIFIER> p<1355> l<150:22> el<150:31>
        n<> u<1380> t<Module_item> p<2013> c<1379> s<1403> l<152:4> el<152:24>
          n<> u<1379> t<Non_port_module_item> p<1380> c<1378> l<152:4> el<152:24>
            n<> u<1378> t<Module_or_generate_item> p<1379> c<1377> l<152:4> el<152:24>
              n<> u<1377> t<Module_common_item> p<1378> c<1376> l<152:4> el<152:24>
                n<> u<1376> t<Module_or_generate_item_declaration> p<1377> c<1375> l<152:4> el<152:24>
                  n<> u<1375> t<Package_or_generate_item_declaration> p<1376> c<1374> l<152:4> el<152:24>
                    n<> u<1374> t<Net_declaration> p<1375> c<1359> l<152:4> el<152:24>
                      n<> u<1359> t<WIRE> p<1374> s<1370> l<152:4> el<152:8>
                      n<> u<1370> t<Data_type_or_implicit> p<1374> c<1369> s<1373> l<152:9> el<152:14>
                        n<> u<1369> t<Packed_dimension> p<1370> c<1368> l<152:9> el<152:14>
                          n<> u<1368> t<Constant_range> p<1369> c<1363> l<152:10> el<152:13>
                            n<> u<1363> t<Constant_expression> p<1368> c<1362> s<1367> l<152:10> el<152:11>
                              n<> u<1362> t<Constant_primary> p<1363> c<1361> l<152:10> el<152:11>
                                n<> u<1361> t<Primary_literal> p<1362> c<1360> l<152:10> el<152:11>
                                  n<7> u<1360> t<INTEGRAL_NUMBER> p<1361> l<152:10> el<152:11>
                            n<> u<1367> t<Constant_expression> p<1368> c<1366> l<152:12> el<152:13>
                              n<> u<1366> t<Constant_primary> p<1367> c<1365> l<152:12> el<152:13>
                                n<> u<1365> t<Primary_literal> p<1366> c<1364> l<152:12> el<152:13>
                                  n<0> u<1364> t<INTEGRAL_NUMBER> p<1365> l<152:12> el<152:13>
                      n<> u<1373> t<Net_decl_assignment_list> p<1374> c<1372> l<152:15> el<152:23>
                        n<> u<1372> t<Net_decl_assignment> p<1373> c<1371> l<152:15> el<152:23>
                          n<gclk_vld> u<1371> t<SIMPLE_IDENTIFIER> p<1372> l<152:15> el<152:23>
        n<> u<1403> t<Module_item> p<2013> c<1402> s<1426> l<153:4> el<153:52>
          n<> u<1402> t<Non_port_module_item> p<1403> c<1401> l<153:4> el<153:52>
            n<> u<1401> t<Module_or_generate_item> p<1402> c<1400> l<153:4> el<153:52>
              n<> u<1400> t<Module_common_item> p<1401> c<1399> l<153:4> el<153:52>
                n<> u<1399> t<Module_or_generate_item_declaration> p<1400> c<1398> l<153:4> el<153:52>
                  n<> u<1398> t<Package_or_generate_item_declaration> p<1399> c<1397> l<153:4> el<153:52>
                    n<> u<1397> t<Net_declaration> p<1398> c<1381> l<153:4> el<153:52>
                      n<> u<1381> t<WIRE> p<1397> s<1392> l<153:4> el<153:8>
                      n<> u<1392> t<Data_type_or_implicit> p<1397> c<1391> s<1395> l<153:9> el<153:14>
                        n<> u<1391> t<Packed_dimension> p<1392> c<1390> l<153:9> el<153:14>
                          n<> u<1390> t<Constant_range> p<1391> c<1385> l<153:10> el<153:13>
                            n<> u<1385> t<Constant_expression> p<1390> c<1384> s<1389> l<153:10> el<153:11>
                              n<> u<1384> t<Constant_primary> p<1385> c<1383> l<153:10> el<153:11>
                                n<> u<1383> t<Primary_literal> p<1384> c<1382> l<153:10> el<153:11>
                                  n<7> u<1382> t<INTEGRAL_NUMBER> p<1383> l<153:10> el<153:11>
                            n<> u<1389> t<Constant_expression> p<1390> c<1388> l<153:12> el<153:13>
                              n<> u<1388> t<Constant_primary> p<1389> c<1387> l<153:12> el<153:13>
                                n<> u<1387> t<Primary_literal> p<1388> c<1386> l<153:12> el<153:13>
                                  n<0> u<1386> t<INTEGRAL_NUMBER> p<1387> l<153:12> el<153:13>
                      n<> u<1395> t<Net_decl_assignment_list> p<1397> c<1394> s<1396> l<153:15> el<153:24>
                        n<> u<1394> t<Net_decl_assignment> p<1395> c<1393> l<153:15> el<153:24>
                          n<ff_en_vld> u<1393> t<SIMPLE_IDENTIFIER> p<1394> l<153:15> el<153:24>
                      n</*verilator clock_enable*/> u<1396> t<BLOCK_COMMENT> p<1397> l<153:15> el<153:24>
        n<> u<1426> t<Module_item> p<2013> c<1425> s<1456> l<154:4> el<154:26>
          n<> u<1425> t<Non_port_module_item> p<1426> c<1424> l<154:4> el<154:26>
            n<> u<1424> t<Module_or_generate_item> p<1425> c<1423> l<154:4> el<154:26>
              n<> u<1423> t<Module_common_item> p<1424> c<1422> l<154:4> el<154:26>
                n<> u<1422> t<Module_or_generate_item_declaration> p<1423> c<1421> l<154:4> el<154:26>
                  n<> u<1421> t<Package_or_generate_item_declaration> p<1422> c<1420> l<154:4> el<154:26>
                    n<> u<1420> t<Data_declaration> p<1421> c<1419> l<154:4> el<154:26>
                      n<> u<1419> t<Variable_declaration> p<1420> c<1415> l<154:4> el<154:26>
                        n<> u<1415> t<Data_type> p<1419> c<1404> s<1418> l<154:4> el<154:13>
                          n<> u<1404> t<REG> p<1415> s<1414> l<154:4> el<154:7>
                          n<> u<1414> t<Packed_dimension> p<1415> c<1413> l<154:8> el<154:13>
                            n<> u<1413> t<Constant_range> p<1414> c<1408> l<154:9> el<154:12>
                              n<> u<1408> t<Constant_expression> p<1413> c<1407> s<1412> l<154:9> el<154:10>
                                n<> u<1407> t<Constant_primary> p<1408> c<1406> l<154:9> el<154:10>
                                  n<> u<1406> t<Primary_literal> p<1407> c<1405> l<154:9> el<154:10>
                                    n<7> u<1405> t<INTEGRAL_NUMBER> p<1406> l<154:9> el<154:10>
                              n<> u<1412> t<Constant_expression> p<1413> c<1411> l<154:11> el<154:12>
                                n<> u<1411> t<Constant_primary> p<1412> c<1410> l<154:11> el<154:12>
                                  n<> u<1410> t<Primary_literal> p<1411> c<1409> l<154:11> el<154:12>
                                    n<0> u<1409> t<INTEGRAL_NUMBER> p<1410> l<154:11> el<154:12>
                        n<> u<1418> t<Variable_decl_assignment_list> p<1419> c<1417> l<154:14> el<154:25>
                          n<> u<1417> t<Variable_decl_assignment> p<1418> c<1416> l<154:14> el<154:25>
                            n<flop_en_vld> u<1416> t<SIMPLE_IDENTIFIER> p<1417> l<154:14> el<154:25>
        n<> u<1456> t<Module_item> p<2013> c<1455> s<1457> l<156:4> el<156:50>
          n<> u<1455> t<Non_port_module_item> p<1456> c<1454> l<156:4> el<156:50>
            n<> u<1454> t<Module_or_generate_item> p<1455> c<1453> l<156:4> el<156:50>
              n<> u<1453> t<Module_common_item> p<1454> c<1452> l<156:4> el<156:50>
                n<> u<1452> t<Always_construct> p<1453> c<1427> l<156:4> el<156:50>
                  n<> u<1427> t<ALWAYS> p<1452> s<1451> l<156:4> el<156:10>
                  n<> u<1451> t<Statement> p<1452> c<1450> l<156:11> el<156:50>
                    n<> u<1450> t<Statement_item> p<1451> c<1449> l<156:11> el<156:50>
                      n<> u<1449> t<Procedural_timing_control_statement> p<1450> c<1435> l<156:11> el<156:50>
                        n<> u<1435> t<Procedural_timing_control> p<1449> c<1434> s<1448> l<156:11> el<156:25>
                          n<> u<1434> t<Event_control> p<1435> c<1433> l<156:11> el<156:25>
                            n<> u<1433> t<Event_expression> p<1434> c<1428> l<156:13> el<156:24>
                              n<> u<1428> t<POSEDGE> p<1433> s<1432> l<156:13> el<156:20>
                              n<> u<1432> t<Expression> p<1433> c<1431> l<156:21> el<156:24>
                                n<> u<1431> t<Primary> p<1432> c<1430> l<156:21> el<156:24>
                                  n<> u<1430> t<Primary_literal> p<1431> c<1429> l<156:21> el<156:24>
                                    n<clk> u<1429> t<SIMPLE_IDENTIFIER> p<1430> l<156:21> el<156:24>
                        n<> u<1448> t<Statement_or_null> p<1449> c<1447> l<156:26> el<156:50>
                          n<> u<1447> t<Statement> p<1448> c<1446> l<156:26> el<156:50>
                            n<> u<1446> t<Statement_item> p<1447> c<1445> l<156:26> el<156:50>
                              n<> u<1445> t<Nonblocking_assignment> p<1446> c<1440> l<156:26> el<156:49>
                                n<> u<1440> t<Variable_lvalue> p<1445> c<1437> s<1444> l<156:26> el<156:37>
                                  n<> u<1437> t<Ps_or_hierarchical_identifier> p<1440> c<1436> s<1439> l<156:26> el<156:37>
                                    n<flop_en_vld> u<1436> t<SIMPLE_IDENTIFIER> p<1437> l<156:26> el<156:37>
                                  n<> u<1439> t<Select> p<1440> c<1438> l<156:38> el<156:38>
                                    n<> u<1438> t<Bit_select> p<1439> l<156:38> el<156:38>
                                n<> u<1444> t<Expression> p<1445> c<1443> l<156:41> el<156:49>
                                  n<> u<1443> t<Primary> p<1444> c<1442> l<156:41> el<156:49>
                                    n<> u<1442> t<Primary_literal> p<1443> c<1441> l<156:41> el<156:49>
                                      n<ff_en_e1> u<1441> t<SIMPLE_IDENTIFIER> p<1442> l<156:41> el<156:49>
        n<// clock gating> u<1457> t<LINE_COMMENT> p<2013> s<1487> l<158:4> el<158:19>
        n<> u<1487> t<Module_item> p<2013> c<1486> s<1488> l<160:4> el<160:43>
          n<> u<1486> t<Non_port_module_item> p<1487> c<1485> l<160:4> el<160:43>
            n<> u<1485> t<Module_or_generate_item> p<1486> c<1484> l<160:4> el<160:43>
              n<> u<1484> t<Module_common_item> p<1485> c<1483> l<160:4> el<160:43>
                n<> u<1483> t<Continuous_assign> p<1484> c<1482> l<160:4> el<160:43>
                  n<> u<1482> t<Net_assignment_list> p<1483> c<1481> l<160:11> el<160:42>
                    n<> u<1481> t<Net_assignment> p<1482> c<1462> l<160:11> el<160:42>
                      n<> u<1462> t<Net_lvalue> p<1481> c<1459> s<1480> l<160:11> el<160:19>
                        n<> u<1459> t<Ps_or_hierarchical_identifier> p<1462> c<1458> s<1461> l<160:11> el<160:19>
                          n<gclk_vld> u<1458> t<SIMPLE_IDENTIFIER> p<1459> l<160:11> el<160:19>
                        n<> u<1461> t<Constant_select> p<1462> c<1460> l<160:20> el<160:20>
                          n<> u<1460> t<Constant_bit_select> p<1461> l<160:20> el<160:20>
                      n<> u<1480> t<Expression> p<1481> c<1474> l<160:22> el<160:42>
                        n<> u<1474> t<Expression> p<1480> c<1473> s<1479> l<160:22> el<160:30>
                          n<> u<1473> t<Primary> p<1474> c<1472> l<160:22> el<160:30>
                            n<> u<1472> t<Multiple_concatenation> p<1473> c<1466> l<160:22> el<160:30>
                              n<> u<1466> t<Expression> p<1472> c<1465> s<1471> l<160:23> el<160:24>
                                n<> u<1465> t<Primary> p<1466> c<1464> l<160:23> el<160:24>
                                  n<> u<1464> t<Primary_literal> p<1465> c<1463> l<160:23> el<160:24>
                                    n<8> u<1463> t<INTEGRAL_NUMBER> p<1464> l<160:23> el<160:24>
                              n<> u<1471> t<Concatenation> p<1472> c<1470> l<160:24> el<160:29>
                                n<> u<1470> t<Expression> p<1471> c<1469> l<160:25> el<160:28>
                                  n<> u<1469> t<Primary> p<1470> c<1468> l<160:25> el<160:28>
                                    n<> u<1468> t<Primary_literal> p<1469> c<1467> l<160:25> el<160:28>
                                      n<clk> u<1467> t<SIMPLE_IDENTIFIER> p<1468> l<160:25> el<160:28>
                        n<> u<1479> t<BinaryOp_BitwAnd> p<1480> s<1478> l<160:31> el<160:32>
                        n<> u<1478> t<Expression> p<1480> c<1477> l<160:33> el<160:42>
                          n<> u<1477> t<Primary> p<1478> c<1476> l<160:33> el<160:42>
                            n<> u<1476> t<Primary_literal> p<1477> c<1475> l<160:33> el<160:42>
                              n<ff_en_vld> u<1475> t<SIMPLE_IDENTIFIER> p<1476> l<160:33> el<160:42>
        n<// latch for avoiding glitch on the clock gating control> u<1488> t<LINE_COMMENT> p<2013> s<1530> l<165:4> el<165:60>
        n<> u<1530> t<Module_item> p<2013> c<1529> s<1531> l<166:4> el<166:72>
          n<> u<1529> t<Non_port_module_item> p<1530> c<1528> l<166:4> el<166:72>
            n<> u<1528> t<Module_or_generate_item> p<1529> c<1527> l<166:4> el<166:72>
              n<> u<1527> t<Module_instantiation> p<1528> c<1489> l<166:4> el<166:72>
                n<llq> u<1489> t<SIMPLE_IDENTIFIER> p<1527> s<1498> l<166:4> el<166:7>
                n<> u<1498> t<Parameter_value_assignment> p<1527> c<1497> s<1526> l<166:9> el<166:13>
                  n<> u<1497> t<Parameter_assignment_list> p<1498> c<1496> l<166:11> el<166:12>
                    n<> u<1496> t<Ordered_parameter_assignment> p<1497> c<1495> l<166:11> el<166:12>
                      n<> u<1495> t<Param_expression> p<1496> c<1494> l<166:11> el<166:12>
                        n<> u<1494> t<Mintypmax_expression> p<1495> c<1493> l<166:11> el<166:12>
                          n<> u<1493> t<Expression> p<1494> c<1492> l<166:11> el<166:12>
                            n<> u<1492> t<Primary> p<1493> c<1491> l<166:11> el<166:12>
                              n<> u<1491> t<Primary_literal> p<1492> c<1490> l<166:11> el<166:12>
                                n<8> u<1490> t<INTEGRAL_NUMBER> p<1491> l<166:11> el<166:12>
                n<> u<1526> t<Hierarchical_instance> p<1527> c<1500> l<166:15> el<166:71>
                  n<> u<1500> t<Name_of_instance> p<1526> c<1499> s<1525> l<166:15> el<166:27>
                    n<dp_ff_en_vld> u<1499> t<SIMPLE_IDENTIFIER> p<1500> l<166:15> el<166:27>
                  n<> u<1525> t<Port_connection_list> p<1526> c<1508> l<166:29> el<166:70>
                    n<> u<1508> t<Named_port_connection> p<1525> c<1501> s<1516> l<166:29> el<166:38>
                      n<clk> u<1501> t<SIMPLE_IDENTIFIER> p<1508> s<1506> l<166:30> el<166:33>
                      n<> u<1506> t<OPEN_PARENS> p<1508> s<1505> l<166:33> el<166:34>
                      n<> u<1505> t<Expression> p<1508> c<1504> s<1507> l<166:34> el<166:37>
                        n<> u<1504> t<Primary> p<1505> c<1503> l<166:34> el<166:37>
                          n<> u<1503> t<Primary_literal> p<1504> c<1502> l<166:34> el<166:37>
                            n<clk> u<1502> t<SIMPLE_IDENTIFIER> p<1503> l<166:34> el<166:37>
                      n<> u<1507> t<CLOSE_PARENS> p<1508> l<166:37> el<166:38>
                    n<> u<1516> t<Named_port_connection> p<1525> c<1509> s<1524> l<166:40> el<166:55>
                      n<d> u<1509> t<SIMPLE_IDENTIFIER> p<1516> s<1514> l<166:41> el<166:42>
                      n<> u<1514> t<OPEN_PARENS> p<1516> s<1513> l<166:42> el<166:43>
                      n<> u<1513> t<Expression> p<1516> c<1512> s<1515> l<166:43> el<166:54>
                        n<> u<1512> t<Primary> p<1513> c<1511> l<166:43> el<166:54>
                          n<> u<1511> t<Primary_literal> p<1512> c<1510> l<166:43> el<166:54>
                            n<flop_en_vld> u<1510> t<SIMPLE_IDENTIFIER> p<1511> l<166:43> el<166:54>
                      n<> u<1515> t<CLOSE_PARENS> p<1516> l<166:54> el<166:55>
                    n<> u<1524> t<Named_port_connection> p<1525> c<1517> l<166:57> el<166:70>
                      n<q> u<1517> t<SIMPLE_IDENTIFIER> p<1524> s<1522> l<166:58> el<166:59>
                      n<> u<1522> t<OPEN_PARENS> p<1524> s<1521> l<166:59> el<166:60>
                      n<> u<1521> t<Expression> p<1524> c<1520> s<1523> l<166:60> el<166:69>
                        n<> u<1520> t<Primary> p<1521> c<1519> l<166:60> el<166:69>
                          n<> u<1519> t<Primary_literal> p<1520> c<1518> l<166:60> el<166:69>
                            n<ff_en_vld> u<1518> t<SIMPLE_IDENTIFIER> p<1519> l<166:60> el<166:69>
                      n<> u<1523> t<CLOSE_PARENS> p<1524> l<166:69> el<166:70>
        n<// flops that use the gated clock signal> u<1531> t<LINE_COMMENT> p<2013> s<1591> l<168:4> el<168:44>
        n<> u<1591> t<Module_item> p<2013> c<1590> s<1651> l<169:4> el<169:82>
          n<> u<1590> t<Non_port_module_item> p<1591> c<1589> l<169:4> el<169:82>
            n<> u<1589> t<Module_or_generate_item> p<1590> c<1588> l<169:4> el<169:82>
              n<> u<1588> t<Module_instantiation> p<1589> c<1532> l<169:4> el<169:82>
                n<ffq> u<1532> t<SIMPLE_IDENTIFIER> p<1588> s<1541> l<169:4> el<169:7>
                n<> u<1541> t<Parameter_value_assignment> p<1588> c<1540> s<1587> l<169:9> el<169:13>
                  n<> u<1540> t<Parameter_assignment_list> p<1541> c<1539> l<169:11> el<169:12>
                    n<> u<1539> t<Ordered_parameter_assignment> p<1540> c<1538> l<169:11> el<169:12>
                      n<> u<1538> t<Param_expression> p<1539> c<1537> l<169:11> el<169:12>
                        n<> u<1537> t<Mintypmax_expression> p<1538> c<1536> l<169:11> el<169:12>
                          n<> u<1536> t<Expression> p<1537> c<1535> l<169:11> el<169:12>
                            n<> u<1535> t<Primary> p<1536> c<1534> l<169:11> el<169:12>
                              n<> u<1534> t<Primary_literal> p<1535> c<1533> l<169:11> el<169:12>
                                n<1> u<1533> t<INTEGRAL_NUMBER> p<1534> l<169:11> el<169:12>
                n<> u<1587> t<Hierarchical_instance> p<1588> c<1543> l<169:15> el<169:81>
                  n<> u<1543> t<Name_of_instance> p<1587> c<1542> s<1586> l<169:15> el<169:30>
                    n<ff_entry_dvld_0> u<1542> t<SIMPLE_IDENTIFIER> p<1543> l<169:15> el<169:30>
                  n<> u<1586> t<Port_connection_list> p<1587> c<1557> l<169:32> el<169:80>
                    n<> u<1557> t<Named_port_connection> p<1586> c<1544> s<1571> l<169:32> el<169:49>
                      n<clk> u<1544> t<SIMPLE_IDENTIFIER> p<1557> s<1555> l<169:33> el<169:36>
                      n<> u<1555> t<OPEN_PARENS> p<1557> s<1554> l<169:36> el<169:37>
                      n<> u<1554> t<Expression> p<1557> c<1553> s<1556> l<169:37> el<169:48>
                        n<> u<1553> t<Primary> p<1554> c<1552> l<169:37> el<169:48>
                          n<> u<1552> t<Subroutine_call> p<1553> c<1545> l<169:37> el<169:48>
                            n<gclk_vld> u<1545> t<SIMPLE_IDENTIFIER> p<1552> s<1551> l<169:37> el<169:45>
                            n<> u<1551> t<Select> p<1552> c<1550> l<169:45> el<169:48>
                              n<> u<1550> t<Bit_select> p<1551> c<1549> l<169:45> el<169:48>
                                n<> u<1549> t<Expression> p<1550> c<1548> l<169:46> el<169:47>
                                  n<> u<1548> t<Primary> p<1549> c<1547> l<169:46> el<169:47>
                                    n<> u<1547> t<Primary_literal> p<1548> c<1546> l<169:46> el<169:47>
                                      n<0> u<1546> t<INTEGRAL_NUMBER> p<1547> l<169:46> el<169:47>
                      n<> u<1556> t<CLOSE_PARENS> p<1557> l<169:48> el<169:49>
                    n<> u<1571> t<Named_port_connection> p<1586> c<1558> s<1585> l<169:51> el<169:62>
                      n<d> u<1558> t<SIMPLE_IDENTIFIER> p<1571> s<1569> l<169:52> el<169:53>
                      n<> u<1569> t<OPEN_PARENS> p<1571> s<1568> l<169:53> el<169:54>
                      n<> u<1568> t<Expression> p<1571> c<1567> s<1570> l<169:54> el<169:61>
                        n<> u<1567> t<Primary> p<1568> c<1566> l<169:54> el<169:61>
                          n<> u<1566> t<Subroutine_call> p<1567> c<1559> l<169:54> el<169:61>
                            n<dvld> u<1559> t<SIMPLE_IDENTIFIER> p<1566> s<1565> l<169:54> el<169:58>
                            n<> u<1565> t<Select> p<1566> c<1564> l<169:58> el<169:61>
                              n<> u<1564> t<Bit_select> p<1565> c<1563> l<169:58> el<169:61>
                                n<> u<1563> t<Expression> p<1564> c<1562> l<169:59> el<169:60>
                                  n<> u<1562> t<Primary> p<1563> c<1561> l<169:59> el<169:60>
                                    n<> u<1561> t<Primary_literal> p<1562> c<1560> l<169:59> el<169:60>
                                      n<0> u<1560> t<INTEGRAL_NUMBER> p<1561> l<169:59> el<169:60>
                      n<> u<1570> t<CLOSE_PARENS> p<1571> l<169:61> el<169:62>
                    n<> u<1585> t<Named_port_connection> p<1586> c<1572> l<169:64> el<169:80>
                      n<q> u<1572> t<SIMPLE_IDENTIFIER> p<1585> s<1583> l<169:65> el<169:66>
                      n<> u<1583> t<OPEN_PARENS> p<1585> s<1582> l<169:66> el<169:67>
                      n<> u<1582> t<Expression> p<1585> c<1581> s<1584> l<169:67> el<169:79>
                        n<> u<1581> t<Primary> p<1582> c<1580> l<169:67> el<169:79>
                          n<> u<1580> t<Subroutine_call> p<1581> c<1573> l<169:67> el<169:79>
                            n<entry_vld> u<1573> t<SIMPLE_IDENTIFIER> p<1580> s<1579> l<169:67> el<169:76>
                            n<> u<1579> t<Select> p<1580> c<1578> l<169:76> el<169:79>
                              n<> u<1578> t<Bit_select> p<1579> c<1577> l<169:76> el<169:79>
                                n<> u<1577> t<Expression> p<1578> c<1576> l<169:77> el<169:78>
                                  n<> u<1576> t<Primary> p<1577> c<1575> l<169:77> el<169:78>
                                    n<> u<1575> t<Primary_literal> p<1576> c<1574> l<169:77> el<169:78>
                                      n<0> u<1574> t<INTEGRAL_NUMBER> p<1575> l<169:77> el<169:78>
                      n<> u<1584> t<CLOSE_PARENS> p<1585> l<169:79> el<169:80>
        n<> u<1651> t<Module_item> p<2013> c<1650> s<1711> l<170:4> el<170:82>
          n<> u<1650> t<Non_port_module_item> p<1651> c<1649> l<170:4> el<170:82>
            n<> u<1649> t<Module_or_generate_item> p<1650> c<1648> l<170:4> el<170:82>
              n<> u<1648> t<Module_instantiation> p<1649> c<1592> l<170:4> el<170:82>
                n<ffq> u<1592> t<SIMPLE_IDENTIFIER> p<1648> s<1601> l<170:4> el<170:7>
                n<> u<1601> t<Parameter_value_assignment> p<1648> c<1600> s<1647> l<170:9> el<170:13>
                  n<> u<1600> t<Parameter_assignment_list> p<1601> c<1599> l<170:11> el<170:12>
                    n<> u<1599> t<Ordered_parameter_assignment> p<1600> c<1598> l<170:11> el<170:12>
                      n<> u<1598> t<Param_expression> p<1599> c<1597> l<170:11> el<170:12>
                        n<> u<1597> t<Mintypmax_expression> p<1598> c<1596> l<170:11> el<170:12>
                          n<> u<1596> t<Expression> p<1597> c<1595> l<170:11> el<170:12>
                            n<> u<1595> t<Primary> p<1596> c<1594> l<170:11> el<170:12>
                              n<> u<1594> t<Primary_literal> p<1595> c<1593> l<170:11> el<170:12>
                                n<1> u<1593> t<INTEGRAL_NUMBER> p<1594> l<170:11> el<170:12>
                n<> u<1647> t<Hierarchical_instance> p<1648> c<1603> l<170:15> el<170:81>
                  n<> u<1603> t<Name_of_instance> p<1647> c<1602> s<1646> l<170:15> el<170:30>
                    n<ff_entry_dvld_1> u<1602> t<SIMPLE_IDENTIFIER> p<1603> l<170:15> el<170:30>
                  n<> u<1646> t<Port_connection_list> p<1647> c<1617> l<170:32> el<170:80>
                    n<> u<1617> t<Named_port_connection> p<1646> c<1604> s<1631> l<170:32> el<170:49>
                      n<clk> u<1604> t<SIMPLE_IDENTIFIER> p<1617> s<1615> l<170:33> el<170:36>
                      n<> u<1615> t<OPEN_PARENS> p<1617> s<1614> l<170:36> el<170:37>
                      n<> u<1614> t<Expression> p<1617> c<1613> s<1616> l<170:37> el<170:48>
                        n<> u<1613> t<Primary> p<1614> c<1612> l<170:37> el<170:48>
                          n<> u<1612> t<Subroutine_call> p<1613> c<1605> l<170:37> el<170:48>
                            n<gclk_vld> u<1605> t<SIMPLE_IDENTIFIER> p<1612> s<1611> l<170:37> el<170:45>
                            n<> u<1611> t<Select> p<1612> c<1610> l<170:45> el<170:48>
                              n<> u<1610> t<Bit_select> p<1611> c<1609> l<170:45> el<170:48>
                                n<> u<1609> t<Expression> p<1610> c<1608> l<170:46> el<170:47>
                                  n<> u<1608> t<Primary> p<1609> c<1607> l<170:46> el<170:47>
                                    n<> u<1607> t<Primary_literal> p<1608> c<1606> l<170:46> el<170:47>
                                      n<1> u<1606> t<INTEGRAL_NUMBER> p<1607> l<170:46> el<170:47>
                      n<> u<1616> t<CLOSE_PARENS> p<1617> l<170:48> el<170:49>
                    n<> u<1631> t<Named_port_connection> p<1646> c<1618> s<1645> l<170:51> el<170:62>
                      n<d> u<1618> t<SIMPLE_IDENTIFIER> p<1631> s<1629> l<170:52> el<170:53>
                      n<> u<1629> t<OPEN_PARENS> p<1631> s<1628> l<170:53> el<170:54>
                      n<> u<1628> t<Expression> p<1631> c<1627> s<1630> l<170:54> el<170:61>
                        n<> u<1627> t<Primary> p<1628> c<1626> l<170:54> el<170:61>
                          n<> u<1626> t<Subroutine_call> p<1627> c<1619> l<170:54> el<170:61>
                            n<dvld> u<1619> t<SIMPLE_IDENTIFIER> p<1626> s<1625> l<170:54> el<170:58>
                            n<> u<1625> t<Select> p<1626> c<1624> l<170:58> el<170:61>
                              n<> u<1624> t<Bit_select> p<1625> c<1623> l<170:58> el<170:61>
                                n<> u<1623> t<Expression> p<1624> c<1622> l<170:59> el<170:60>
                                  n<> u<1622> t<Primary> p<1623> c<1621> l<170:59> el<170:60>
                                    n<> u<1621> t<Primary_literal> p<1622> c<1620> l<170:59> el<170:60>
                                      n<1> u<1620> t<INTEGRAL_NUMBER> p<1621> l<170:59> el<170:60>
                      n<> u<1630> t<CLOSE_PARENS> p<1631> l<170:61> el<170:62>
                    n<> u<1645> t<Named_port_connection> p<1646> c<1632> l<170:64> el<170:80>
                      n<q> u<1632> t<SIMPLE_IDENTIFIER> p<1645> s<1643> l<170:65> el<170:66>
                      n<> u<1643> t<OPEN_PARENS> p<1645> s<1642> l<170:66> el<170:67>
                      n<> u<1642> t<Expression> p<1645> c<1641> s<1644> l<170:67> el<170:79>
                        n<> u<1641> t<Primary> p<1642> c<1640> l<170:67> el<170:79>
                          n<> u<1640> t<Subroutine_call> p<1641> c<1633> l<170:67> el<170:79>
                            n<entry_vld> u<1633> t<SIMPLE_IDENTIFIER> p<1640> s<1639> l<170:67> el<170:76>
                            n<> u<1639> t<Select> p<1640> c<1638> l<170:76> el<170:79>
                              n<> u<1638> t<Bit_select> p<1639> c<1637> l<170:76> el<170:79>
                                n<> u<1637> t<Expression> p<1638> c<1636> l<170:77> el<170:78>
                                  n<> u<1636> t<Primary> p<1637> c<1635> l<170:77> el<170:78>
                                    n<> u<1635> t<Primary_literal> p<1636> c<1634> l<170:77> el<170:78>
                                      n<1> u<1634> t<INTEGRAL_NUMBER> p<1635> l<170:77> el<170:78>
                      n<> u<1644> t<CLOSE_PARENS> p<1645> l<170:79> el<170:80>
        n<> u<1711> t<Module_item> p<2013> c<1710> s<1771> l<171:4> el<171:82>
          n<> u<1710> t<Non_port_module_item> p<1711> c<1709> l<171:4> el<171:82>
            n<> u<1709> t<Module_or_generate_item> p<1710> c<1708> l<171:4> el<171:82>
              n<> u<1708> t<Module_instantiation> p<1709> c<1652> l<171:4> el<171:82>
                n<ffq> u<1652> t<SIMPLE_IDENTIFIER> p<1708> s<1661> l<171:4> el<171:7>
                n<> u<1661> t<Parameter_value_assignment> p<1708> c<1660> s<1707> l<171:9> el<171:13>
                  n<> u<1660> t<Parameter_assignment_list> p<1661> c<1659> l<171:11> el<171:12>
                    n<> u<1659> t<Ordered_parameter_assignment> p<1660> c<1658> l<171:11> el<171:12>
                      n<> u<1658> t<Param_expression> p<1659> c<1657> l<171:11> el<171:12>
                        n<> u<1657> t<Mintypmax_expression> p<1658> c<1656> l<171:11> el<171:12>
                          n<> u<1656> t<Expression> p<1657> c<1655> l<171:11> el<171:12>
                            n<> u<1655> t<Primary> p<1656> c<1654> l<171:11> el<171:12>
                              n<> u<1654> t<Primary_literal> p<1655> c<1653> l<171:11> el<171:12>
                                n<1> u<1653> t<INTEGRAL_NUMBER> p<1654> l<171:11> el<171:12>
                n<> u<1707> t<Hierarchical_instance> p<1708> c<1663> l<171:15> el<171:81>
                  n<> u<1663> t<Name_of_instance> p<1707> c<1662> s<1706> l<171:15> el<171:30>
                    n<ff_entry_dvld_2> u<1662> t<SIMPLE_IDENTIFIER> p<1663> l<171:15> el<171:30>
                  n<> u<1706> t<Port_connection_list> p<1707> c<1677> l<171:32> el<171:80>
                    n<> u<1677> t<Named_port_connection> p<1706> c<1664> s<1691> l<171:32> el<171:49>
                      n<clk> u<1664> t<SIMPLE_IDENTIFIER> p<1677> s<1675> l<171:33> el<171:36>
                      n<> u<1675> t<OPEN_PARENS> p<1677> s<1674> l<171:36> el<171:37>
                      n<> u<1674> t<Expression> p<1677> c<1673> s<1676> l<171:37> el<171:48>
                        n<> u<1673> t<Primary> p<1674> c<1672> l<171:37> el<171:48>
                          n<> u<1672> t<Subroutine_call> p<1673> c<1665> l<171:37> el<171:48>
                            n<gclk_vld> u<1665> t<SIMPLE_IDENTIFIER> p<1672> s<1671> l<171:37> el<171:45>
                            n<> u<1671> t<Select> p<1672> c<1670> l<171:45> el<171:48>
                              n<> u<1670> t<Bit_select> p<1671> c<1669> l<171:45> el<171:48>
                                n<> u<1669> t<Expression> p<1670> c<1668> l<171:46> el<171:47>
                                  n<> u<1668> t<Primary> p<1669> c<1667> l<171:46> el<171:47>
                                    n<> u<1667> t<Primary_literal> p<1668> c<1666> l<171:46> el<171:47>
                                      n<2> u<1666> t<INTEGRAL_NUMBER> p<1667> l<171:46> el<171:47>
                      n<> u<1676> t<CLOSE_PARENS> p<1677> l<171:48> el<171:49>
                    n<> u<1691> t<Named_port_connection> p<1706> c<1678> s<1705> l<171:51> el<171:62>
                      n<d> u<1678> t<SIMPLE_IDENTIFIER> p<1691> s<1689> l<171:52> el<171:53>
                      n<> u<1689> t<OPEN_PARENS> p<1691> s<1688> l<171:53> el<171:54>
                      n<> u<1688> t<Expression> p<1691> c<1687> s<1690> l<171:54> el<171:61>
                        n<> u<1687> t<Primary> p<1688> c<1686> l<171:54> el<171:61>
                          n<> u<1686> t<Subroutine_call> p<1687> c<1679> l<171:54> el<171:61>
                            n<dvld> u<1679> t<SIMPLE_IDENTIFIER> p<1686> s<1685> l<171:54> el<171:58>
                            n<> u<1685> t<Select> p<1686> c<1684> l<171:58> el<171:61>
                              n<> u<1684> t<Bit_select> p<1685> c<1683> l<171:58> el<171:61>
                                n<> u<1683> t<Expression> p<1684> c<1682> l<171:59> el<171:60>
                                  n<> u<1682> t<Primary> p<1683> c<1681> l<171:59> el<171:60>
                                    n<> u<1681> t<Primary_literal> p<1682> c<1680> l<171:59> el<171:60>
                                      n<2> u<1680> t<INTEGRAL_NUMBER> p<1681> l<171:59> el<171:60>
                      n<> u<1690> t<CLOSE_PARENS> p<1691> l<171:61> el<171:62>
                    n<> u<1705> t<Named_port_connection> p<1706> c<1692> l<171:64> el<171:80>
                      n<q> u<1692> t<SIMPLE_IDENTIFIER> p<1705> s<1703> l<171:65> el<171:66>
                      n<> u<1703> t<OPEN_PARENS> p<1705> s<1702> l<171:66> el<171:67>
                      n<> u<1702> t<Expression> p<1705> c<1701> s<1704> l<171:67> el<171:79>
                        n<> u<1701> t<Primary> p<1702> c<1700> l<171:67> el<171:79>
                          n<> u<1700> t<Subroutine_call> p<1701> c<1693> l<171:67> el<171:79>
                            n<entry_vld> u<1693> t<SIMPLE_IDENTIFIER> p<1700> s<1699> l<171:67> el<171:76>
                            n<> u<1699> t<Select> p<1700> c<1698> l<171:76> el<171:79>
                              n<> u<1698> t<Bit_select> p<1699> c<1697> l<171:76> el<171:79>
                                n<> u<1697> t<Expression> p<1698> c<1696> l<171:77> el<171:78>
                                  n<> u<1696> t<Primary> p<1697> c<1695> l<171:77> el<171:78>
                                    n<> u<1695> t<Primary_literal> p<1696> c<1694> l<171:77> el<171:78>
                                      n<2> u<1694> t<INTEGRAL_NUMBER> p<1695> l<171:77> el<171:78>
                      n<> u<1704> t<CLOSE_PARENS> p<1705> l<171:79> el<171:80>
        n<> u<1771> t<Module_item> p<2013> c<1770> s<1831> l<172:4> el<172:82>
          n<> u<1770> t<Non_port_module_item> p<1771> c<1769> l<172:4> el<172:82>
            n<> u<1769> t<Module_or_generate_item> p<1770> c<1768> l<172:4> el<172:82>
              n<> u<1768> t<Module_instantiation> p<1769> c<1712> l<172:4> el<172:82>
                n<ffq> u<1712> t<SIMPLE_IDENTIFIER> p<1768> s<1721> l<172:4> el<172:7>
                n<> u<1721> t<Parameter_value_assignment> p<1768> c<1720> s<1767> l<172:9> el<172:13>
                  n<> u<1720> t<Parameter_assignment_list> p<1721> c<1719> l<172:11> el<172:12>
                    n<> u<1719> t<Ordered_parameter_assignment> p<1720> c<1718> l<172:11> el<172:12>
                      n<> u<1718> t<Param_expression> p<1719> c<1717> l<172:11> el<172:12>
                        n<> u<1717> t<Mintypmax_expression> p<1718> c<1716> l<172:11> el<172:12>
                          n<> u<1716> t<Expression> p<1717> c<1715> l<172:11> el<172:12>
                            n<> u<1715> t<Primary> p<1716> c<1714> l<172:11> el<172:12>
                              n<> u<1714> t<Primary_literal> p<1715> c<1713> l<172:11> el<172:12>
                                n<1> u<1713> t<INTEGRAL_NUMBER> p<1714> l<172:11> el<172:12>
                n<> u<1767> t<Hierarchical_instance> p<1768> c<1723> l<172:15> el<172:81>
                  n<> u<1723> t<Name_of_instance> p<1767> c<1722> s<1766> l<172:15> el<172:30>
                    n<ff_entry_dvld_3> u<1722> t<SIMPLE_IDENTIFIER> p<1723> l<172:15> el<172:30>
                  n<> u<1766> t<Port_connection_list> p<1767> c<1737> l<172:32> el<172:80>
                    n<> u<1737> t<Named_port_connection> p<1766> c<1724> s<1751> l<172:32> el<172:49>
                      n<clk> u<1724> t<SIMPLE_IDENTIFIER> p<1737> s<1735> l<172:33> el<172:36>
                      n<> u<1735> t<OPEN_PARENS> p<1737> s<1734> l<172:36> el<172:37>
                      n<> u<1734> t<Expression> p<1737> c<1733> s<1736> l<172:37> el<172:48>
                        n<> u<1733> t<Primary> p<1734> c<1732> l<172:37> el<172:48>
                          n<> u<1732> t<Subroutine_call> p<1733> c<1725> l<172:37> el<172:48>
                            n<gclk_vld> u<1725> t<SIMPLE_IDENTIFIER> p<1732> s<1731> l<172:37> el<172:45>
                            n<> u<1731> t<Select> p<1732> c<1730> l<172:45> el<172:48>
                              n<> u<1730> t<Bit_select> p<1731> c<1729> l<172:45> el<172:48>
                                n<> u<1729> t<Expression> p<1730> c<1728> l<172:46> el<172:47>
                                  n<> u<1728> t<Primary> p<1729> c<1727> l<172:46> el<172:47>
                                    n<> u<1727> t<Primary_literal> p<1728> c<1726> l<172:46> el<172:47>
                                      n<3> u<1726> t<INTEGRAL_NUMBER> p<1727> l<172:46> el<172:47>
                      n<> u<1736> t<CLOSE_PARENS> p<1737> l<172:48> el<172:49>
                    n<> u<1751> t<Named_port_connection> p<1766> c<1738> s<1765> l<172:51> el<172:62>
                      n<d> u<1738> t<SIMPLE_IDENTIFIER> p<1751> s<1749> l<172:52> el<172:53>
                      n<> u<1749> t<OPEN_PARENS> p<1751> s<1748> l<172:53> el<172:54>
                      n<> u<1748> t<Expression> p<1751> c<1747> s<1750> l<172:54> el<172:61>
                        n<> u<1747> t<Primary> p<1748> c<1746> l<172:54> el<172:61>
                          n<> u<1746> t<Subroutine_call> p<1747> c<1739> l<172:54> el<172:61>
                            n<dvld> u<1739> t<SIMPLE_IDENTIFIER> p<1746> s<1745> l<172:54> el<172:58>
                            n<> u<1745> t<Select> p<1746> c<1744> l<172:58> el<172:61>
                              n<> u<1744> t<Bit_select> p<1745> c<1743> l<172:58> el<172:61>
                                n<> u<1743> t<Expression> p<1744> c<1742> l<172:59> el<172:60>
                                  n<> u<1742> t<Primary> p<1743> c<1741> l<172:59> el<172:60>
                                    n<> u<1741> t<Primary_literal> p<1742> c<1740> l<172:59> el<172:60>
                                      n<3> u<1740> t<INTEGRAL_NUMBER> p<1741> l<172:59> el<172:60>
                      n<> u<1750> t<CLOSE_PARENS> p<1751> l<172:61> el<172:62>
                    n<> u<1765> t<Named_port_connection> p<1766> c<1752> l<172:64> el<172:80>
                      n<q> u<1752> t<SIMPLE_IDENTIFIER> p<1765> s<1763> l<172:65> el<172:66>
                      n<> u<1763> t<OPEN_PARENS> p<1765> s<1762> l<172:66> el<172:67>
                      n<> u<1762> t<Expression> p<1765> c<1761> s<1764> l<172:67> el<172:79>
                        n<> u<1761> t<Primary> p<1762> c<1760> l<172:67> el<172:79>
                          n<> u<1760> t<Subroutine_call> p<1761> c<1753> l<172:67> el<172:79>
                            n<entry_vld> u<1753> t<SIMPLE_IDENTIFIER> p<1760> s<1759> l<172:67> el<172:76>
                            n<> u<1759> t<Select> p<1760> c<1758> l<172:76> el<172:79>
                              n<> u<1758> t<Bit_select> p<1759> c<1757> l<172:76> el<172:79>
                                n<> u<1757> t<Expression> p<1758> c<1756> l<172:77> el<172:78>
                                  n<> u<1756> t<Primary> p<1757> c<1755> l<172:77> el<172:78>
                                    n<> u<1755> t<Primary_literal> p<1756> c<1754> l<172:77> el<172:78>
                                      n<3> u<1754> t<INTEGRAL_NUMBER> p<1755> l<172:77> el<172:78>
                      n<> u<1764> t<CLOSE_PARENS> p<1765> l<172:79> el<172:80>
        n<> u<1831> t<Module_item> p<2013> c<1830> s<1891> l<173:4> el<173:82>
          n<> u<1830> t<Non_port_module_item> p<1831> c<1829> l<173:4> el<173:82>
            n<> u<1829> t<Module_or_generate_item> p<1830> c<1828> l<173:4> el<173:82>
              n<> u<1828> t<Module_instantiation> p<1829> c<1772> l<173:4> el<173:82>
                n<ffq> u<1772> t<SIMPLE_IDENTIFIER> p<1828> s<1781> l<173:4> el<173:7>
                n<> u<1781> t<Parameter_value_assignment> p<1828> c<1780> s<1827> l<173:9> el<173:13>
                  n<> u<1780> t<Parameter_assignment_list> p<1781> c<1779> l<173:11> el<173:12>
                    n<> u<1779> t<Ordered_parameter_assignment> p<1780> c<1778> l<173:11> el<173:12>
                      n<> u<1778> t<Param_expression> p<1779> c<1777> l<173:11> el<173:12>
                        n<> u<1777> t<Mintypmax_expression> p<1778> c<1776> l<173:11> el<173:12>
                          n<> u<1776> t<Expression> p<1777> c<1775> l<173:11> el<173:12>
                            n<> u<1775> t<Primary> p<1776> c<1774> l<173:11> el<173:12>
                              n<> u<1774> t<Primary_literal> p<1775> c<1773> l<173:11> el<173:12>
                                n<1> u<1773> t<INTEGRAL_NUMBER> p<1774> l<173:11> el<173:12>
                n<> u<1827> t<Hierarchical_instance> p<1828> c<1783> l<173:15> el<173:81>
                  n<> u<1783> t<Name_of_instance> p<1827> c<1782> s<1826> l<173:15> el<173:30>
                    n<ff_entry_dvld_4> u<1782> t<SIMPLE_IDENTIFIER> p<1783> l<173:15> el<173:30>
                  n<> u<1826> t<Port_connection_list> p<1827> c<1797> l<173:32> el<173:80>
                    n<> u<1797> t<Named_port_connection> p<1826> c<1784> s<1811> l<173:32> el<173:49>
                      n<clk> u<1784> t<SIMPLE_IDENTIFIER> p<1797> s<1795> l<173:33> el<173:36>
                      n<> u<1795> t<OPEN_PARENS> p<1797> s<1794> l<173:36> el<173:37>
                      n<> u<1794> t<Expression> p<1797> c<1793> s<1796> l<173:37> el<173:48>
                        n<> u<1793> t<Primary> p<1794> c<1792> l<173:37> el<173:48>
                          n<> u<1792> t<Subroutine_call> p<1793> c<1785> l<173:37> el<173:48>
                            n<gclk_vld> u<1785> t<SIMPLE_IDENTIFIER> p<1792> s<1791> l<173:37> el<173:45>
                            n<> u<1791> t<Select> p<1792> c<1790> l<173:45> el<173:48>
                              n<> u<1790> t<Bit_select> p<1791> c<1789> l<173:45> el<173:48>
                                n<> u<1789> t<Expression> p<1790> c<1788> l<173:46> el<173:47>
                                  n<> u<1788> t<Primary> p<1789> c<1787> l<173:46> el<173:47>
                                    n<> u<1787> t<Primary_literal> p<1788> c<1786> l<173:46> el<173:47>
                                      n<4> u<1786> t<INTEGRAL_NUMBER> p<1787> l<173:46> el<173:47>
                      n<> u<1796> t<CLOSE_PARENS> p<1797> l<173:48> el<173:49>
                    n<> u<1811> t<Named_port_connection> p<1826> c<1798> s<1825> l<173:51> el<173:62>
                      n<d> u<1798> t<SIMPLE_IDENTIFIER> p<1811> s<1809> l<173:52> el<173:53>
                      n<> u<1809> t<OPEN_PARENS> p<1811> s<1808> l<173:53> el<173:54>
                      n<> u<1808> t<Expression> p<1811> c<1807> s<1810> l<173:54> el<173:61>
                        n<> u<1807> t<Primary> p<1808> c<1806> l<173:54> el<173:61>
                          n<> u<1806> t<Subroutine_call> p<1807> c<1799> l<173:54> el<173:61>
                            n<dvld> u<1799> t<SIMPLE_IDENTIFIER> p<1806> s<1805> l<173:54> el<173:58>
                            n<> u<1805> t<Select> p<1806> c<1804> l<173:58> el<173:61>
                              n<> u<1804> t<Bit_select> p<1805> c<1803> l<173:58> el<173:61>
                                n<> u<1803> t<Expression> p<1804> c<1802> l<173:59> el<173:60>
                                  n<> u<1802> t<Primary> p<1803> c<1801> l<173:59> el<173:60>
                                    n<> u<1801> t<Primary_literal> p<1802> c<1800> l<173:59> el<173:60>
                                      n<4> u<1800> t<INTEGRAL_NUMBER> p<1801> l<173:59> el<173:60>
                      n<> u<1810> t<CLOSE_PARENS> p<1811> l<173:61> el<173:62>
                    n<> u<1825> t<Named_port_connection> p<1826> c<1812> l<173:64> el<173:80>
                      n<q> u<1812> t<SIMPLE_IDENTIFIER> p<1825> s<1823> l<173:65> el<173:66>
                      n<> u<1823> t<OPEN_PARENS> p<1825> s<1822> l<173:66> el<173:67>
                      n<> u<1822> t<Expression> p<1825> c<1821> s<1824> l<173:67> el<173:79>
                        n<> u<1821> t<Primary> p<1822> c<1820> l<173:67> el<173:79>
                          n<> u<1820> t<Subroutine_call> p<1821> c<1813> l<173:67> el<173:79>
                            n<entry_vld> u<1813> t<SIMPLE_IDENTIFIER> p<1820> s<1819> l<173:67> el<173:76>
                            n<> u<1819> t<Select> p<1820> c<1818> l<173:76> el<173:79>
                              n<> u<1818> t<Bit_select> p<1819> c<1817> l<173:76> el<173:79>
                                n<> u<1817> t<Expression> p<1818> c<1816> l<173:77> el<173:78>
                                  n<> u<1816> t<Primary> p<1817> c<1815> l<173:77> el<173:78>
                                    n<> u<1815> t<Primary_literal> p<1816> c<1814> l<173:77> el<173:78>
                                      n<4> u<1814> t<INTEGRAL_NUMBER> p<1815> l<173:77> el<173:78>
                      n<> u<1824> t<CLOSE_PARENS> p<1825> l<173:79> el<173:80>
        n<> u<1891> t<Module_item> p<2013> c<1890> s<1951> l<174:4> el<174:82>
          n<> u<1890> t<Non_port_module_item> p<1891> c<1889> l<174:4> el<174:82>
            n<> u<1889> t<Module_or_generate_item> p<1890> c<1888> l<174:4> el<174:82>
              n<> u<1888> t<Module_instantiation> p<1889> c<1832> l<174:4> el<174:82>
                n<ffq> u<1832> t<SIMPLE_IDENTIFIER> p<1888> s<1841> l<174:4> el<174:7>
                n<> u<1841> t<Parameter_value_assignment> p<1888> c<1840> s<1887> l<174:9> el<174:13>
                  n<> u<1840> t<Parameter_assignment_list> p<1841> c<1839> l<174:11> el<174:12>
                    n<> u<1839> t<Ordered_parameter_assignment> p<1840> c<1838> l<174:11> el<174:12>
                      n<> u<1838> t<Param_expression> p<1839> c<1837> l<174:11> el<174:12>
                        n<> u<1837> t<Mintypmax_expression> p<1838> c<1836> l<174:11> el<174:12>
                          n<> u<1836> t<Expression> p<1837> c<1835> l<174:11> el<174:12>
                            n<> u<1835> t<Primary> p<1836> c<1834> l<174:11> el<174:12>
                              n<> u<1834> t<Primary_literal> p<1835> c<1833> l<174:11> el<174:12>
                                n<1> u<1833> t<INTEGRAL_NUMBER> p<1834> l<174:11> el<174:12>
                n<> u<1887> t<Hierarchical_instance> p<1888> c<1843> l<174:15> el<174:81>
                  n<> u<1843> t<Name_of_instance> p<1887> c<1842> s<1886> l<174:15> el<174:30>
                    n<ff_entry_dvld_5> u<1842> t<SIMPLE_IDENTIFIER> p<1843> l<174:15> el<174:30>
                  n<> u<1886> t<Port_connection_list> p<1887> c<1857> l<174:32> el<174:80>
                    n<> u<1857> t<Named_port_connection> p<1886> c<1844> s<1871> l<174:32> el<174:49>
                      n<clk> u<1844> t<SIMPLE_IDENTIFIER> p<1857> s<1855> l<174:33> el<174:36>
                      n<> u<1855> t<OPEN_PARENS> p<1857> s<1854> l<174:36> el<174:37>
                      n<> u<1854> t<Expression> p<1857> c<1853> s<1856> l<174:37> el<174:48>
                        n<> u<1853> t<Primary> p<1854> c<1852> l<174:37> el<174:48>
                          n<> u<1852> t<Subroutine_call> p<1853> c<1845> l<174:37> el<174:48>
                            n<gclk_vld> u<1845> t<SIMPLE_IDENTIFIER> p<1852> s<1851> l<174:37> el<174:45>
                            n<> u<1851> t<Select> p<1852> c<1850> l<174:45> el<174:48>
                              n<> u<1850> t<Bit_select> p<1851> c<1849> l<174:45> el<174:48>
                                n<> u<1849> t<Expression> p<1850> c<1848> l<174:46> el<174:47>
                                  n<> u<1848> t<Primary> p<1849> c<1847> l<174:46> el<174:47>
                                    n<> u<1847> t<Primary_literal> p<1848> c<1846> l<174:46> el<174:47>
                                      n<5> u<1846> t<INTEGRAL_NUMBER> p<1847> l<174:46> el<174:47>
                      n<> u<1856> t<CLOSE_PARENS> p<1857> l<174:48> el<174:49>
                    n<> u<1871> t<Named_port_connection> p<1886> c<1858> s<1885> l<174:51> el<174:62>
                      n<d> u<1858> t<SIMPLE_IDENTIFIER> p<1871> s<1869> l<174:52> el<174:53>
                      n<> u<1869> t<OPEN_PARENS> p<1871> s<1868> l<174:53> el<174:54>
                      n<> u<1868> t<Expression> p<1871> c<1867> s<1870> l<174:54> el<174:61>
                        n<> u<1867> t<Primary> p<1868> c<1866> l<174:54> el<174:61>
                          n<> u<1866> t<Subroutine_call> p<1867> c<1859> l<174:54> el<174:61>
                            n<dvld> u<1859> t<SIMPLE_IDENTIFIER> p<1866> s<1865> l<174:54> el<174:58>
                            n<> u<1865> t<Select> p<1866> c<1864> l<174:58> el<174:61>
                              n<> u<1864> t<Bit_select> p<1865> c<1863> l<174:58> el<174:61>
                                n<> u<1863> t<Expression> p<1864> c<1862> l<174:59> el<174:60>
                                  n<> u<1862> t<Primary> p<1863> c<1861> l<174:59> el<174:60>
                                    n<> u<1861> t<Primary_literal> p<1862> c<1860> l<174:59> el<174:60>
                                      n<5> u<1860> t<INTEGRAL_NUMBER> p<1861> l<174:59> el<174:60>
                      n<> u<1870> t<CLOSE_PARENS> p<1871> l<174:61> el<174:62>
                    n<> u<1885> t<Named_port_connection> p<1886> c<1872> l<174:64> el<174:80>
                      n<q> u<1872> t<SIMPLE_IDENTIFIER> p<1885> s<1883> l<174:65> el<174:66>
                      n<> u<1883> t<OPEN_PARENS> p<1885> s<1882> l<174:66> el<174:67>
                      n<> u<1882> t<Expression> p<1885> c<1881> s<1884> l<174:67> el<174:79>
                        n<> u<1881> t<Primary> p<1882> c<1880> l<174:67> el<174:79>
                          n<> u<1880> t<Subroutine_call> p<1881> c<1873> l<174:67> el<174:79>
                            n<entry_vld> u<1873> t<SIMPLE_IDENTIFIER> p<1880> s<1879> l<174:67> el<174:76>
                            n<> u<1879> t<Select> p<1880> c<1878> l<174:76> el<174:79>
                              n<> u<1878> t<Bit_select> p<1879> c<1877> l<174:76> el<174:79>
                                n<> u<1877> t<Expression> p<1878> c<1876> l<174:77> el<174:78>
                                  n<> u<1876> t<Primary> p<1877> c<1875> l<174:77> el<174:78>
                                    n<> u<1875> t<Primary_literal> p<1876> c<1874> l<174:77> el<174:78>
                                      n<5> u<1874> t<INTEGRAL_NUMBER> p<1875> l<174:77> el<174:78>
                      n<> u<1884> t<CLOSE_PARENS> p<1885> l<174:79> el<174:80>
        n<> u<1951> t<Module_item> p<2013> c<1950> s<2011> l<175:4> el<175:82>
          n<> u<1950> t<Non_port_module_item> p<1951> c<1949> l<175:4> el<175:82>
            n<> u<1949> t<Module_or_generate_item> p<1950> c<1948> l<175:4> el<175:82>
              n<> u<1948> t<Module_instantiation> p<1949> c<1892> l<175:4> el<175:82>
                n<ffq> u<1892> t<SIMPLE_IDENTIFIER> p<1948> s<1901> l<175:4> el<175:7>
                n<> u<1901> t<Parameter_value_assignment> p<1948> c<1900> s<1947> l<175:9> el<175:13>
                  n<> u<1900> t<Parameter_assignment_list> p<1901> c<1899> l<175:11> el<175:12>
                    n<> u<1899> t<Ordered_parameter_assignment> p<1900> c<1898> l<175:11> el<175:12>
                      n<> u<1898> t<Param_expression> p<1899> c<1897> l<175:11> el<175:12>
                        n<> u<1897> t<Mintypmax_expression> p<1898> c<1896> l<175:11> el<175:12>
                          n<> u<1896> t<Expression> p<1897> c<1895> l<175:11> el<175:12>
                            n<> u<1895> t<Primary> p<1896> c<1894> l<175:11> el<175:12>
                              n<> u<1894> t<Primary_literal> p<1895> c<1893> l<175:11> el<175:12>
                                n<1> u<1893> t<INTEGRAL_NUMBER> p<1894> l<175:11> el<175:12>
                n<> u<1947> t<Hierarchical_instance> p<1948> c<1903> l<175:15> el<175:81>
                  n<> u<1903> t<Name_of_instance> p<1947> c<1902> s<1946> l<175:15> el<175:30>
                    n<ff_entry_dvld_6> u<1902> t<SIMPLE_IDENTIFIER> p<1903> l<175:15> el<175:30>
                  n<> u<1946> t<Port_connection_list> p<1947> c<1917> l<175:32> el<175:80>
                    n<> u<1917> t<Named_port_connection> p<1946> c<1904> s<1931> l<175:32> el<175:49>
                      n<clk> u<1904> t<SIMPLE_IDENTIFIER> p<1917> s<1915> l<175:33> el<175:36>
                      n<> u<1915> t<OPEN_PARENS> p<1917> s<1914> l<175:36> el<175:37>
                      n<> u<1914> t<Expression> p<1917> c<1913> s<1916> l<175:37> el<175:48>
                        n<> u<1913> t<Primary> p<1914> c<1912> l<175:37> el<175:48>
                          n<> u<1912> t<Subroutine_call> p<1913> c<1905> l<175:37> el<175:48>
                            n<gclk_vld> u<1905> t<SIMPLE_IDENTIFIER> p<1912> s<1911> l<175:37> el<175:45>
                            n<> u<1911> t<Select> p<1912> c<1910> l<175:45> el<175:48>
                              n<> u<1910> t<Bit_select> p<1911> c<1909> l<175:45> el<175:48>
                                n<> u<1909> t<Expression> p<1910> c<1908> l<175:46> el<175:47>
                                  n<> u<1908> t<Primary> p<1909> c<1907> l<175:46> el<175:47>
                                    n<> u<1907> t<Primary_literal> p<1908> c<1906> l<175:46> el<175:47>
                                      n<6> u<1906> t<INTEGRAL_NUMBER> p<1907> l<175:46> el<175:47>
                      n<> u<1916> t<CLOSE_PARENS> p<1917> l<175:48> el<175:49>
                    n<> u<1931> t<Named_port_connection> p<1946> c<1918> s<1945> l<175:51> el<175:62>
                      n<d> u<1918> t<SIMPLE_IDENTIFIER> p<1931> s<1929> l<175:52> el<175:53>
                      n<> u<1929> t<OPEN_PARENS> p<1931> s<1928> l<175:53> el<175:54>
                      n<> u<1928> t<Expression> p<1931> c<1927> s<1930> l<175:54> el<175:61>
                        n<> u<1927> t<Primary> p<1928> c<1926> l<175:54> el<175:61>
                          n<> u<1926> t<Subroutine_call> p<1927> c<1919> l<175:54> el<175:61>
                            n<dvld> u<1919> t<SIMPLE_IDENTIFIER> p<1926> s<1925> l<175:54> el<175:58>
                            n<> u<1925> t<Select> p<1926> c<1924> l<175:58> el<175:61>
                              n<> u<1924> t<Bit_select> p<1925> c<1923> l<175:58> el<175:61>
                                n<> u<1923> t<Expression> p<1924> c<1922> l<175:59> el<175:60>
                                  n<> u<1922> t<Primary> p<1923> c<1921> l<175:59> el<175:60>
                                    n<> u<1921> t<Primary_literal> p<1922> c<1920> l<175:59> el<175:60>
                                      n<6> u<1920> t<INTEGRAL_NUMBER> p<1921> l<175:59> el<175:60>
                      n<> u<1930> t<CLOSE_PARENS> p<1931> l<175:61> el<175:62>
                    n<> u<1945> t<Named_port_connection> p<1946> c<1932> l<175:64> el<175:80>
                      n<q> u<1932> t<SIMPLE_IDENTIFIER> p<1945> s<1943> l<175:65> el<175:66>
                      n<> u<1943> t<OPEN_PARENS> p<1945> s<1942> l<175:66> el<175:67>
                      n<> u<1942> t<Expression> p<1945> c<1941> s<1944> l<175:67> el<175:79>
                        n<> u<1941> t<Primary> p<1942> c<1940> l<175:67> el<175:79>
                          n<> u<1940> t<Subroutine_call> p<1941> c<1933> l<175:67> el<175:79>
                            n<entry_vld> u<1933> t<SIMPLE_IDENTIFIER> p<1940> s<1939> l<175:67> el<175:76>
                            n<> u<1939> t<Select> p<1940> c<1938> l<175:76> el<175:79>
                              n<> u<1938> t<Bit_select> p<1939> c<1937> l<175:76> el<175:79>
                                n<> u<1937> t<Expression> p<1938> c<1936> l<175:77> el<175:78>
                                  n<> u<1936> t<Primary> p<1937> c<1935> l<175:77> el<175:78>
                                    n<> u<1935> t<Primary_literal> p<1936> c<1934> l<175:77> el<175:78>
                                      n<6> u<1934> t<INTEGRAL_NUMBER> p<1935> l<175:77> el<175:78>
                      n<> u<1944> t<CLOSE_PARENS> p<1945> l<175:79> el<175:80>
        n<> u<2011> t<Module_item> p<2013> c<2010> s<2012> l<176:4> el<176:82>
          n<> u<2010> t<Non_port_module_item> p<2011> c<2009> l<176:4> el<176:82>
            n<> u<2009> t<Module_or_generate_item> p<2010> c<2008> l<176:4> el<176:82>
              n<> u<2008> t<Module_instantiation> p<2009> c<1952> l<176:4> el<176:82>
                n<ffq> u<1952> t<SIMPLE_IDENTIFIER> p<2008> s<1961> l<176:4> el<176:7>
                n<> u<1961> t<Parameter_value_assignment> p<2008> c<1960> s<2007> l<176:9> el<176:13>
                  n<> u<1960> t<Parameter_assignment_list> p<1961> c<1959> l<176:11> el<176:12>
                    n<> u<1959> t<Ordered_parameter_assignment> p<1960> c<1958> l<176:11> el<176:12>
                      n<> u<1958> t<Param_expression> p<1959> c<1957> l<176:11> el<176:12>
                        n<> u<1957> t<Mintypmax_expression> p<1958> c<1956> l<176:11> el<176:12>
                          n<> u<1956> t<Expression> p<1957> c<1955> l<176:11> el<176:12>
                            n<> u<1955> t<Primary> p<1956> c<1954> l<176:11> el<176:12>
                              n<> u<1954> t<Primary_literal> p<1955> c<1953> l<176:11> el<176:12>
                                n<1> u<1953> t<INTEGRAL_NUMBER> p<1954> l<176:11> el<176:12>
                n<> u<2007> t<Hierarchical_instance> p<2008> c<1963> l<176:15> el<176:81>
                  n<> u<1963> t<Name_of_instance> p<2007> c<1962> s<2006> l<176:15> el<176:30>
                    n<ff_entry_dvld_7> u<1962> t<SIMPLE_IDENTIFIER> p<1963> l<176:15> el<176:30>
                  n<> u<2006> t<Port_connection_list> p<2007> c<1977> l<176:32> el<176:80>
                    n<> u<1977> t<Named_port_connection> p<2006> c<1964> s<1991> l<176:32> el<176:49>
                      n<clk> u<1964> t<SIMPLE_IDENTIFIER> p<1977> s<1975> l<176:33> el<176:36>
                      n<> u<1975> t<OPEN_PARENS> p<1977> s<1974> l<176:36> el<176:37>
                      n<> u<1974> t<Expression> p<1977> c<1973> s<1976> l<176:37> el<176:48>
                        n<> u<1973> t<Primary> p<1974> c<1972> l<176:37> el<176:48>
                          n<> u<1972> t<Subroutine_call> p<1973> c<1965> l<176:37> el<176:48>
                            n<gclk_vld> u<1965> t<SIMPLE_IDENTIFIER> p<1972> s<1971> l<176:37> el<176:45>
                            n<> u<1971> t<Select> p<1972> c<1970> l<176:45> el<176:48>
                              n<> u<1970> t<Bit_select> p<1971> c<1969> l<176:45> el<176:48>
                                n<> u<1969> t<Expression> p<1970> c<1968> l<176:46> el<176:47>
                                  n<> u<1968> t<Primary> p<1969> c<1967> l<176:46> el<176:47>
                                    n<> u<1967> t<Primary_literal> p<1968> c<1966> l<176:46> el<176:47>
                                      n<7> u<1966> t<INTEGRAL_NUMBER> p<1967> l<176:46> el<176:47>
                      n<> u<1976> t<CLOSE_PARENS> p<1977> l<176:48> el<176:49>
                    n<> u<1991> t<Named_port_connection> p<2006> c<1978> s<2005> l<176:51> el<176:62>
                      n<d> u<1978> t<SIMPLE_IDENTIFIER> p<1991> s<1989> l<176:52> el<176:53>
                      n<> u<1989> t<OPEN_PARENS> p<1991> s<1988> l<176:53> el<176:54>
                      n<> u<1988> t<Expression> p<1991> c<1987> s<1990> l<176:54> el<176:61>
                        n<> u<1987> t<Primary> p<1988> c<1986> l<176:54> el<176:61>
                          n<> u<1986> t<Subroutine_call> p<1987> c<1979> l<176:54> el<176:61>
                            n<dvld> u<1979> t<SIMPLE_IDENTIFIER> p<1986> s<1985> l<176:54> el<176:58>
                            n<> u<1985> t<Select> p<1986> c<1984> l<176:58> el<176:61>
                              n<> u<1984> t<Bit_select> p<1985> c<1983> l<176:58> el<176:61>
                                n<> u<1983> t<Expression> p<1984> c<1982> l<176:59> el<176:60>
                                  n<> u<1982> t<Primary> p<1983> c<1981> l<176:59> el<176:60>
                                    n<> u<1981> t<Primary_literal> p<1982> c<1980> l<176:59> el<176:60>
                                      n<7> u<1980> t<INTEGRAL_NUMBER> p<1981> l<176:59> el<176:60>
                      n<> u<1990> t<CLOSE_PARENS> p<1991> l<176:61> el<176:62>
                    n<> u<2005> t<Named_port_connection> p<2006> c<1992> l<176:64> el<176:80>
                      n<q> u<1992> t<SIMPLE_IDENTIFIER> p<2005> s<2003> l<176:65> el<176:66>
                      n<> u<2003> t<OPEN_PARENS> p<2005> s<2002> l<176:66> el<176:67>
                      n<> u<2002> t<Expression> p<2005> c<2001> s<2004> l<176:67> el<176:79>
                        n<> u<2001> t<Primary> p<2002> c<2000> l<176:67> el<176:79>
                          n<> u<2000> t<Subroutine_call> p<2001> c<1993> l<176:67> el<176:79>
                            n<entry_vld> u<1993> t<SIMPLE_IDENTIFIER> p<2000> s<1999> l<176:67> el<176:76>
                            n<> u<1999> t<Select> p<2000> c<1998> l<176:76> el<176:79>
                              n<> u<1998> t<Bit_select> p<1999> c<1997> l<176:76> el<176:79>
                                n<> u<1997> t<Expression> p<1998> c<1996> l<176:77> el<176:78>
                                  n<> u<1996> t<Primary> p<1997> c<1995> l<176:77> el<176:78>
                                    n<> u<1995> t<Primary_literal> p<1996> c<1994> l<176:77> el<176:78>
                                      n<7> u<1994> t<INTEGRAL_NUMBER> p<1995> l<176:77> el<176:78>
                      n<> u<2004> t<CLOSE_PARENS> p<2005> l<176:79> el<176:80>
        n<> u<2012> t<ENDMODULE> p<2013> l<178:1> el<178:10>
AST_DEBUG_END
[INF:CP5804] $Source01/t_clk_latchgate.v:24:1: Compile module "t".
[INF:CP5804] $Source01/t_clk_latchgate.v:104:1: Compile module "llq".
[INF:CP5804] $Source01/t_clk_latchgate.v:123:1: Compile module "ffq".
[INF:CP5804] $Source01/t_clk_latchgate.v:138:1: Compile module "Test".
[INF:CM5028] Using global timescale: "1ns/1ns".
====== HLDB =======
Design name:unnamed:
  vpiName: unnamed
  vpiSourceFile (1 items):
    SourceFile name:t_clk_latchgate.v file:$Source01/t_clk_latchgate.v:
      vpiParent: Design name:unnamed
      vpiName: t_clk_latchgate.v
      vpiPreprocFile: "$Output/lib/work/t_clk_latchgate.v"
      vpiPreprocMacroDefinition (1 items):
        PreprocMacroDefinition name:GATED_CLK_TESTCASE start:18:1 end:18:29:
          vpiParent: SourceFile name:t_clk_latchgate.v
          vpiName Identifier name:GATED_CLK_TESTCASE start:18:9 end:18:27:
          vpiPMDType: define (1)
          vpiPMDToken (1 items):
            Identifier name:1 start:18:28 end:18:29:
  vpiAllModules (4 items):
    Module name:t file:$Source01/t_clk_latchgate.v start:24:1 end:102:10:
      vpiParent: Design name:unnamed
      vpiName Identifier name:t start:24:8 end:24:9:
      vpiFullName: t
      vpiVariable (5 items):
        Variable name:cyc start:30:13 end:30:16:
          vpiParent: Module name:t
          vpiTypespec RefTypespec start:30:4 end:30:11:
            vpiParent: Variable name:cyc
            vpiFullName: t.cyc
            vpiActual: IntegerTypespec
          vpiName: cyc
          vpiFullName: t.cyc
          vpiValue Constant start:30:17 end:30:18:
            vpiParent: Variable name:cyc
            vpiTypespec RefTypespec:
              vpiParent: Constant
              vpiFullName: t.cyc
              vpiActual: IntTypespec
            vpiConstType: unsigned int (9)
            vpiSize: 64
            vpiDecompile: "0"
            vpiValue: 0
        Variable name:crc start:31:16 end:31:19:
          vpiParent: Module name:t
          vpiTypespec RefTypespec start:31:4 end:31:14:
            vpiParent: Variable name:crc
            vpiFullName: t.crc
            vpiActual: LogicTypespec
          vpiName: crc
          vpiFullName: t.crc
          vpiVector: true
        Variable name:err_code start:52:8 end:52:16:
          vpiParent: Module name:t
          vpiTypespec RefTypespec start:52:4 end:52:7:
            vpiParent: Variable name:err_code
            vpiFullName: t.err_code
            vpiActual: LogicTypespec
          vpiName: err_code
          vpiFullName: t.err_code
          vpiScalar: true
        Variable name:ffq_clk_active start:53:8 end:53:22:
          vpiParent: Module name:t
          vpiTypespec RefTypespec start:53:4 end:53:7:
            vpiParent: Variable name:ffq_clk_active
            vpiFullName: t.ffq_clk_active
            vpiActual: LogicTypespec
          vpiName: ffq_clk_active
          vpiFullName: t.ffq_clk_active
          vpiScalar: true
        Variable name:prv_dvld start:54:14 end:54:22:
          vpiParent: Module name:t
          vpiTypespec RefTypespec start:54:4 end:54:13:
            vpiParent: Variable name:prv_dvld
            vpiFullName: t.prv_dvld
            vpiActual: LogicTypespec
          vpiName: prv_dvld
          vpiFullName: t.prv_dvld
          vpiVector: true
      vpiTypespec (9 items):
        LogicTypespec:
          vpiParent: Module name:t
        IntegerTypespec:
          vpiParent: Module name:t
          vpiSigned: true
        LogicTypespec:
          vpiParent: Module name:t
          vpiRange (1 items):
            Range start:31:8 end:31:14:
              vpiParent: LogicTypespec
              vpiLeftRange Constant start:31:9 end:31:11:
                vpiParent: Range
                vpiTypespec RefTypespec:
                  vpiParent: Constant
                  vpiFullName: t
                  vpiActual: IntTypespec
                vpiConstType: unsigned int (9)
                vpiSize: 64
                vpiDecompile: "63"
                vpiValue: 63
              vpiRightRange Constant start:31:12 end:31:13:
                vpiParent: Range
                vpiTypespec RefTypespec:
                  vpiParent: Constant
                  vpiFullName: t
                  vpiActual: IntTypespec
                vpiConstType: unsigned int (9)
                vpiSize: 64
                vpiDecompile: "0"
                vpiValue: 0
          vpiVector: true
        LogicTypespec:
          vpiParent: Module name:t
          vpiRange (1 items):
            Range start:34:9 end:34:14:
              vpiParent: LogicTypespec
              vpiLeftRange Constant start:34:10 end:34:11:
                vpiParent: Range
                vpiTypespec RefTypespec:
                  vpiParent: Constant
                  vpiFullName: t
                  vpiActual: IntTypespec
                vpiConstType: unsigned int (9)
                vpiSize: 64
                vpiDecompile: "7"
                vpiValue: 7
              vpiRightRange Constant start:34:12 end:34:13:
                vpiParent: Range
                vpiTypespec RefTypespec:
                  vpiParent: Constant
                  vpiFullName: t
                  vpiActual: IntTypespec
                vpiConstType: unsigned int (9)
                vpiSize: 64
                vpiDecompile: "0"
                vpiValue: 0
          vpiVector: true
        LogicTypespec:
          vpiParent: Module name:t
          vpiRange (1 items):
            Range start:35:9 end:35:14:
              vpiParent: LogicTypespec
              vpiLeftRange Constant start:35:10 end:35:11:
                vpiParent: Range
                vpiTypespec RefTypespec:
                  vpiParent: Constant
                  vpiFullName: t
                  vpiActual: IntTypespec
                vpiConstType: unsigned int (9)
                vpiSize: 64
                vpiDecompile: "7"
                vpiValue: 7
              vpiRightRange Constant start:35:12 end:35:13:
                vpiParent: Range
                vpiTypespec RefTypespec:
                  vpiParent: Constant
                  vpiFullName: t
                  vpiActual: IntTypespec
                vpiConstType: unsigned int (9)
                vpiSize: 64
                vpiDecompile: "0"
                vpiValue: 0
          vpiVector: true
        LogicTypespec:
          vpiParent: Module name:t
          vpiRange (1 items):
            Range start:39:9 end:39:14:
              vpiParent: LogicTypespec
              vpiLeftRange Constant start:39:10 end:39:11:
                vpiParent: Range
                vpiTypespec RefTypespec:
                  vpiParent: Constant
                  vpiFullName: t
                  vpiActual: IntTypespec
                vpiConstType: unsigned int (9)
                vpiSize: 64
                vpiDecompile: "7"
                vpiValue: 7
              vpiRightRange Constant start:39:12 end:39:13:
                vpiParent: Range
                vpiTypespec RefTypespec:
                  vpiParent: Constant
                  vpiFullName: t
                  vpiActual: IntTypespec
                vpiConstType: unsigned int (9)
                vpiSize: 64
                vpiDecompile: "0"
                vpiValue: 0
          vpiVector: true
        LogicTypespec:
          vpiParent: Module name:t
          vpiRange (1 items):
            Range start:40:9 end:40:14:
              vpiParent: LogicTypespec
              vpiLeftRange Constant start:40:10 end:40:11:
                vpiParent: Range
                vpiTypespec RefTypespec:
                  vpiParent: Constant
                  vpiFullName: t
                  vpiActual: IntTypespec
                vpiConstType: unsigned int (9)
                vpiSize: 64
                vpiDecompile: "7"
                vpiValue: 7
              vpiRightRange Constant start:40:12 end:40:13:
                vpiParent: Range
                vpiTypespec RefTypespec:
                  vpiParent: Constant
                  vpiFullName: t
                  vpiActual: IntTypespec
                vpiConstType: unsigned int (9)
                vpiSize: 64
                vpiDecompile: "0"
                vpiValue: 0
          vpiVector: true
        ModuleTypespec name:Test start:43:4 end:43:8:
          vpiParent: Module name:t
          vpiName Identifier name:Test start:43:4 end:43:8:
          vpiDefName: Test
          vpiModule: Module name:Test
        LogicTypespec:
          vpiParent: Module name:t
          vpiRange (1 items):
            Range start:54:8 end:54:13:
              vpiParent: LogicTypespec
              vpiLeftRange Constant start:54:9 end:54:10:
                vpiParent: Range
                vpiTypespec RefTypespec:
                  vpiParent: Constant
                  vpiFullName: t
                  vpiActual: IntTypespec
                vpiConstType: unsigned int (9)
                vpiSize: 64
                vpiDecompile: "7"
                vpiValue: 7
              vpiRightRange Constant start:54:11 end:54:12:
                vpiParent: Range
                vpiTypespec RefTypespec:
                  vpiParent: Constant
                  vpiFullName: t
                  vpiActual: IntTypespec
                vpiConstType: unsigned int (9)
                vpiSize: 64
                vpiDecompile: "0"
                vpiValue: 0
          vpiVector: true
      vpiDefName: t
      vpiDefNetType: wire (1)
      vpiDefDelayMode: none (1)
      vpiUnconnDrive: highz (1)
      vpiLibrary RefObj name:work start:24:8 end:24:9:
        vpiParent: Module name:t
        vpiName: work
        vpiFullName: t.work
        vpiActual: Library name:work
      vpiCell: t
      vpiNet (5 items):
        Net name:clk start:28:10 end:28:13:
          vpiParent: Module name:t
          vpiTypespec RefTypespec:
            vpiParent: Net name:clk
            vpiFullName: t.clk
            vpiActual: LogicTypespec
          vpiName: clk
          vpiFullName: t.clk
          vpiNetType: wire (1)
          vpiScalar: true
        Net name:dvld start:34:16 end:34:20:
          vpiParent: Module name:t
          vpiTypespec RefTypespec start:34:9 end:34:14:
            vpiParent: Net name:dvld
            vpiFullName: t.dvld
            vpiActual: LogicTypespec
          vpiName: dvld
          vpiFullName: t.dvld
          vpiNetDeclAssign: true
          vpiNetType: wire (1)
          vpiVector: true
          vpiValue PartSelect name:crc[7:0] start:34:23 end:34:31:
            vpiParent: Net name:dvld
            vpiName: crc[7:0]
            vpiFullName: t.dvld.crc[7:0]
            vpiPrefix RefObj name:crc start:34:23 end:34:26:
              vpiParent: PartSelect name:crc[7:0]
              vpiName: crc
              vpiFullName: t.dvld.crc[7:0].crc
              vpiActual: Variable name:crc
            vpiRange Range start:34:27 end:34:30:
              vpiParent: PartSelect name:crc[7:0]
              vpiLeftRange Constant start:34:27 end:34:28:
                vpiParent: Range
                vpiTypespec RefTypespec:
                  vpiParent: Constant
                  vpiFullName: t.dvld.crc[7:0]
                  vpiActual: IntTypespec
                vpiConstType: unsigned int (9)
                vpiSize: 64
                vpiDecompile: "7"
                vpiValue: 7
              vpiRightRange Constant start:34:29 end:34:30:
                vpiParent: Range
                vpiTypespec RefTypespec:
                  vpiParent: Constant
                  vpiFullName: t.dvld.crc[7:0]
                  vpiActual: IntTypespec
                vpiConstType: unsigned int (9)
                vpiSize: 64
                vpiDecompile: "0"
                vpiValue: 0
        Net name:ff_en_e1 start:35:16 end:35:24:
          vpiParent: Module name:t
          vpiTypespec RefTypespec start:35:9 end:35:14:
            vpiParent: Net name:ff_en_e1
            vpiFullName: t.ff_en_e1
            vpiActual: LogicTypespec
          vpiName: ff_en_e1
          vpiFullName: t.ff_en_e1
          vpiNetDeclAssign: true
          vpiNetType: wire (1)
          vpiVector: true
          vpiValue PartSelect name:crc[15:8] start:35:27 end:35:36:
            vpiParent: Net name:ff_en_e1
            vpiName: crc[15:8]
            vpiFullName: t.ff_en_e1.crc[15:8]
            vpiPrefix RefObj name:crc start:35:27 end:35:30:
              vpiParent: PartSelect name:crc[15:8]
              vpiName: crc
              vpiFullName: t.ff_en_e1.crc[15:8].crc
              vpiActual: Variable name:crc
            vpiRange Range start:35:31 end:35:35:
              vpiParent: PartSelect name:crc[15:8]
              vpiLeftRange Constant start:35:31 end:35:33:
                vpiParent: Range
                vpiTypespec RefTypespec:
                  vpiParent: Constant
                  vpiFullName: t.ff_en_e1.crc[15:8]
                  vpiActual: IntTypespec
                vpiConstType: unsigned int (9)
                vpiSize: 64
                vpiDecompile: "15"
                vpiValue: 15
              vpiRightRange Constant start:35:34 end:35:35:
                vpiParent: Range
                vpiTypespec RefTypespec:
                  vpiParent: Constant
                  vpiFullName: t.ff_en_e1.crc[15:8]
                  vpiActual: IntTypespec
                vpiConstType: unsigned int (9)
                vpiSize: 64
                vpiDecompile: "8"
                vpiValue: 8
        Net name:entry_vld start:39:16 end:39:25:
          vpiParent: Module name:t
          vpiTypespec RefTypespec start:39:9 end:39:14:
            vpiParent: Net name:entry_vld
            vpiFullName: t.entry_vld
            vpiActual: LogicTypespec
          vpiName: entry_vld
          vpiFullName: t.entry_vld
          vpiNetDeclAssign: true
          vpiNetType: wire (1)
          vpiVector: true
        Net name:ff_en_vld start:40:16 end:40:25:
          vpiParent: Module name:t
          vpiTypespec RefTypespec start:40:9 end:40:14:
            vpiParent: Net name:ff_en_vld
            vpiFullName: t.ff_en_vld
            vpiActual: LogicTypespec
          vpiName: ff_en_vld
          vpiFullName: t.ff_en_vld
          vpiNetDeclAssign: true
          vpiNetType: wire (1)
          vpiVector: true
      vpiPort (1 items):
        Port name:clk start:26:4 end:26:7:
          vpiParent: Module name:t
          vpiName: clk
          vpiDirection: input (1)
          vpiLowConn RefObj name:clk start:28:10 end:28:13:
            vpiParent: Port name:clk
            vpiName: clk
            vpiFullName: t.clk.clk
            vpiActual: Net name:clk
          vpiTypespec RefTypespec:
            vpiParent: Port name:clk
            vpiFullName: t.clk
            vpiActual: LogicTypespec
      vpiProcess (4 items):
        Initial start:56:4 end:59:7:
          vpiParent: Module name:t
          vpiStmt Begin start:56:12 end:59:7:
            vpiParent: Initial
            vpiFullName: t
            vpiStmt (2 items):
              Assignment start:57:6 end:57:18:
                vpiParent: Begin
                vpiBlocking: true
                vpiLhs RefObj name:err_code start:57:6 end:57:14:
                  vpiParent: Assignment
                  vpiName: err_code
                  vpiFullName: t.err_code
                  vpiActual: Variable name:err_code
                vpiRhs Constant start:57:17 end:57:18:
                  vpiParent: Assignment
                  vpiTypespec RefTypespec:
                    vpiParent: Constant
                    vpiFullName: t
                    vpiActual: IntTypespec
                  vpiConstType: unsigned int (9)
                  vpiSize: 64
                  vpiDecompile: "0"
                  vpiValue: 0
              Assignment start:58:6 end:58:24:
                vpiParent: Begin
                vpiBlocking: true
                vpiLhs RefObj name:ffq_clk_active start:58:6 end:58:20:
                  vpiParent: Assignment
                  vpiName: ffq_clk_active
                  vpiFullName: t.ffq_clk_active
                  vpiActual: Variable name:ffq_clk_active
                vpiRhs Constant start:58:23 end:58:24:
                  vpiParent: Assignment
                  vpiTypespec RefTypespec:
                    vpiParent: Constant
                    vpiFullName: t
                    vpiActual: IntTypespec
                  vpiConstType: unsigned int (9)
                  vpiSize: 64
                  vpiDecompile: "0"
                  vpiValue: 0
        Always start:60:4 end:62:7:
          vpiParent: Module name:t
          vpiStmt EventControl start:60:11 end:62:7:
            vpiParent: Always
            vpiCondition Operation start:60:14 end:60:25:
              vpiParent: EventControl
              vpiOpType: posedge (39)
              vpiOperand (1 items):
                RefObj name:clk start:60:22 end:60:25:
                  vpiParent: Operation
                  vpiName: clk
                  vpiFullName: t.clk
                  vpiActual: Net name:clk
            vpiStmt Begin start:60:27 end:62:7:
              vpiParent: EventControl
              vpiFullName: t
              vpiStmt (1 items):
                Assignment start:61:6 end:61:26:
                  vpiParent: Begin
                  vpiBlocking: true
                  vpiLhs RefObj name:prv_dvld start:61:6 end:61:14:
                    vpiParent: Assignment
                    vpiName: prv_dvld
                    vpiFullName: t.prv_dvld
                    vpiActual: Variable name:prv_dvld
                  vpiRhs RefObj name:test.dvld start:61:17 end:61:26:
                    vpiParent: Assignment
                    vpiName: test.dvld
                    vpiFullName: t.test.dvld
                    vpiPathElem (2 items):
                      RefObj name:test start:61:17 end:61:21:
                        vpiParent: RefObj name:test.dvld
                        vpiName: test
                        vpiFullName: t.test
                        vpiActual: RefInstance name:test
                      RefObj name:dvld start:61:22 end:61:26:
                        vpiParent: RefObj name:test.dvld
                        vpiName: dvld
                        vpiFullName: t.dvld
                        vpiActual: Net name:dvld
                    vpiActual: Net name:dvld
          vpiAlwaysType: always (1)
        Always start:63:4 end:66:7:
          vpiParent: Module name:t
          vpiStmt EventControl start:63:11 end:66:7:
            vpiParent: Always
            vpiCondition Operation start:63:14 end:63:46:
              vpiParent: EventControl
              vpiOpType: negedge (40)
              vpiOperand (1 items):
                RefObj name:test.ff_entry_dvld_0.clk start:63:22 end:63:46:
                  vpiParent: Operation
                  vpiName: test.ff_entry_dvld_0.clk
                  vpiFullName: t.test.ff_entry_dvld_0.clk
                  vpiPathElem (3 items):
                    RefObj name:test start:63:22 end:63:26:
                      vpiParent: RefObj name:test.ff_entry_dvld_0.clk
                      vpiName: test
                      vpiFullName: t.test
                      vpiActual: RefInstance name:test
                    RefObj name:ff_entry_dvld_0 start:63:27 end:63:42:
                      vpiParent: RefObj name:test.ff_entry_dvld_0.clk
                      vpiName: ff_entry_dvld_0
                      vpiFullName: t.ff_entry_dvld_0
                      vpiActual: RefInstance name:ff_entry_dvld_0
                    RefObj name:clk start:63:43 end:63:46:
                      vpiParent: RefObj name:test.ff_entry_dvld_0.clk
                      vpiName: clk
                      vpiFullName: t.clk
                      vpiActual: Net name:clk
                  vpiActual: Net name:clk
            vpiStmt Begin start:63:48 end:66:7:
              vpiParent: EventControl
              vpiFullName: t
              vpiStmt (2 items):
                Assignment start:64:6 end:64:24:
                  vpiParent: Begin
                  vpiBlocking: true
                  vpiLhs RefObj name:ffq_clk_active start:64:6 end:64:20:
                    vpiParent: Assignment
                    vpiName: ffq_clk_active
                    vpiFullName: t.ffq_clk_active
                    vpiActual: Variable name:ffq_clk_active
                  vpiRhs Constant start:64:23 end:64:24:
                    vpiParent: Assignment
                    vpiTypespec RefTypespec:
                      vpiParent: Constant
                      vpiFullName: t
                      vpiActual: IntTypespec
                    vpiConstType: unsigned int (9)
                    vpiSize: 64
                    vpiDecompile: "1"
                    vpiValue: 1
                IfStmt start:65:6 end:65:58:
                  vpiParent: Begin
                  vpiCondition Operation start:65:10 end:65:43:
                    vpiParent: IfStmt
                    vpiOpType: case neq (17)
                    vpiOperand (2 items):
                      RefObj name:test.entry_vld[0] start:65:10 end:65:27:
                        vpiParent: Operation
                        vpiName: test.entry_vld[0]
                        vpiFullName: t.test.entry_vld[0]
                        vpiPathElem (2 items):
                          RefObj name:test start:65:10 end:65:14:
                            vpiParent: RefObj name:test.entry_vld[0]
                            vpiName: test
                            vpiFullName: t.test
                            vpiActual: RefInstance name:test
                          BitSelect name:entry_vld[0] start:65:15 end:65:26:
                            vpiParent: RefObj name:test.entry_vld[0]
                            vpiName: entry_vld[0]
                            vpiFullName: t.test.entry_vld[0].entry_vld[0]
                            vpiPrefix RefObj name:entry_vld start:65:15 end:65:24:
                              vpiParent: BitSelect name:entry_vld[0]
                              vpiName: entry_vld
                              vpiFullName: t.test.entry_vld[0].entry_vld
                              vpiActual: Net name:entry_vld
                            vpiIndex Constant start:65:25 end:65:26:
                              vpiParent: BitSelect name:entry_vld[0]
                              vpiTypespec RefTypespec:
                                vpiParent: Constant
                                vpiFullName: t.test.entry_vld[0].entry_vld[0]
                                vpiActual: IntTypespec
                              vpiConstType: unsigned int (9)
                              vpiSize: 64
                              vpiDecompile: "0"
                              vpiValue: 0
                        vpiActual: BitSelect name:entry_vld[0]
                      BitSelect name:prv_dvld[0] start:65:32 end:65:43:
                        vpiParent: Operation
                        vpiName: prv_dvld[0]
                        vpiFullName: t.prv_dvld[0]
                        vpiPrefix RefObj name:prv_dvld start:65:32 end:65:40:
                          vpiParent: BitSelect name:prv_dvld[0]
                          vpiName: prv_dvld
                          vpiFullName: t.prv_dvld
                          vpiActual: Variable name:prv_dvld
                        vpiIndex Constant start:65:41 end:65:42:
                          vpiParent: BitSelect name:prv_dvld[0]
                          vpiTypespec RefTypespec:
                            vpiParent: Constant
                            vpiFullName: t.prv_dvld[0]
                            vpiActual: IntTypespec
                          vpiConstType: unsigned int (9)
                          vpiSize: 64
                          vpiDecompile: "0"
                          vpiValue: 0
                  vpiStmt Assignment start:65:45 end:65:57:
                    vpiParent: IfStmt
                    vpiBlocking: true
                    vpiLhs RefObj name:err_code start:65:45 end:65:53:
                      vpiParent: Assignment
                      vpiName: err_code
                      vpiFullName: t.err_code
                      vpiActual: Variable name:err_code
                    vpiRhs Constant start:65:56 end:65:57:
                      vpiParent: Assignment
                      vpiTypespec RefTypespec:
                        vpiParent: Constant
                        vpiFullName: t
                        vpiActual: IntTypespec
                      vpiConstType: unsigned int (9)
                      vpiSize: 64
                      vpiDecompile: "1"
                      vpiValue: 1
          vpiAlwaysType: always (1)
        Always start:69:4 end:100:7:
          vpiParent: Module name:t
          vpiStmt EventControl start:69:11 end:100:7:
            vpiParent: Always
            vpiCondition Operation start:69:14 end:69:25:
              vpiParent: EventControl
              vpiOpType: posedge (39)
              vpiOperand (1 items):
                RefObj name:clk start:69:22 end:69:25:
                  vpiParent: Operation
                  vpiName: clk
                  vpiFullName: t.clk
                  vpiActual: Net name:clk
            vpiStmt Begin start:69:27 end:100:7:
              vpiParent: EventControl
              vpiFullName: t
              vpiStmt (3 items):
                Assignment start:76:7 end:76:21:
                  vpiParent: Begin
                  vpiLhs RefObj name:cyc start:76:7 end:76:10:
                    vpiParent: Assignment
                    vpiName: cyc
                    vpiFullName: t.cyc
                    vpiActual: Variable name:cyc
                  vpiRhs Operation start:76:14 end:76:21:
                    vpiParent: Assignment
                    vpiOpType: add (24)
                    vpiOperand (2 items):
                      RefObj name:cyc start:76:14 end:76:17:
                        vpiParent: Operation
                        vpiName: cyc
                        vpiFullName: t.cyc
                        vpiActual: Variable name:cyc
                      Constant start:76:20 end:76:21:
                        vpiParent: Operation
                        vpiTypespec RefTypespec:
                          vpiParent: Constant
                          vpiFullName: t
                          vpiActual: IntTypespec
                        vpiConstType: unsigned int (9)
                        vpiSize: 64
                        vpiDecompile: "1"
                        vpiValue: 1
                Assignment start:77:7 end:77:48:
                  vpiParent: Begin
                  vpiLhs RefObj name:crc start:77:7 end:77:10:
                    vpiParent: Assignment
                    vpiName: crc
                    vpiFullName: t.crc
                    vpiActual: Variable name:crc
                  vpiRhs Operation start:77:14 end:77:48:
                    vpiParent: Assignment
                    vpiOpType: concatenation (33)
                    vpiOperand (2 items):
                      PartSelect name:crc[62:0] start:77:15 end:77:24:
                        vpiParent: Operation
                        vpiName: crc[62:0]
                        vpiFullName: t.crc[62:0]
                        vpiPrefix RefObj name:crc start:77:15 end:77:18:
                          vpiParent: PartSelect name:crc[62:0]
                          vpiName: crc
                          vpiFullName: t.crc[62:0].crc
                          vpiActual: Variable name:crc
                        vpiRange Range start:77:19 end:77:23:
                          vpiParent: PartSelect name:crc[62:0]
                          vpiLeftRange Constant start:77:19 end:77:21:
                            vpiParent: Range
                            vpiTypespec RefTypespec:
                              vpiParent: Constant
                              vpiFullName: t.crc[62:0]
                              vpiActual: IntTypespec
                            vpiConstType: unsigned int (9)
                            vpiSize: 64
                            vpiDecompile: "62"
                            vpiValue: 62
                          vpiRightRange Constant start:77:22 end:77:23:
                            vpiParent: Range
                            vpiTypespec RefTypespec:
                              vpiParent: Constant
                              vpiFullName: t.crc[62:0]
                              vpiActual: IntTypespec
                            vpiConstType: unsigned int (9)
                            vpiSize: 64
                            vpiDecompile: "0"
                            vpiValue: 0
                      Operation start:77:26 end:77:47:
                        vpiParent: Operation
                        vpiOpType: bitwise xor (30)
                        vpiOperand (2 items):
                          Operation start:77:26 end:77:40:
                            vpiParent: Operation
                            vpiOpType: bitwise xor (30)
                            vpiOperand (2 items):
                              BitSelect name:crc[63] start:77:26 end:77:33:
                                vpiParent: Operation
                                vpiName: crc[63]
                                vpiFullName: t.crc[63]
                                vpiPrefix RefObj name:crc start:77:26 end:77:29:
                                  vpiParent: BitSelect name:crc[63]
                                  vpiName: crc
                                  vpiFullName: t.crc
                                  vpiActual: Variable name:crc
                                vpiIndex Constant start:77:30 end:77:32:
                                  vpiParent: BitSelect name:crc[63]
                                  vpiTypespec RefTypespec:
                                    vpiParent: Constant
                                    vpiFullName: t.crc[63]
                                    vpiActual: IntTypespec
                                  vpiConstType: unsigned int (9)
                                  vpiSize: 64
                                  vpiDecompile: "63"
                                  vpiValue: 63
                              BitSelect name:crc[2] start:77:34 end:77:40:
                                vpiParent: Operation
                                vpiName: crc[2]
                                vpiFullName: t.crc[2]
                                vpiPrefix RefObj name:crc start:77:34 end:77:37:
                                  vpiParent: BitSelect name:crc[2]
                                  vpiName: crc
                                  vpiFullName: t.crc
                                  vpiActual: Variable name:crc
                                vpiIndex Constant start:77:38 end:77:39:
                                  vpiParent: BitSelect name:crc[2]
                                  vpiTypespec RefTypespec:
                                    vpiParent: Constant
                                    vpiFullName: t.crc[2]
                                    vpiActual: IntTypespec
                                  vpiConstType: unsigned int (9)
                                  vpiSize: 64
                                  vpiDecompile: "2"
                                  vpiValue: 2
                          BitSelect name:crc[0] start:77:41 end:77:47:
                            vpiParent: Operation
                            vpiName: crc[0]
                            vpiFullName: t.crc[0]
                            vpiPrefix RefObj name:crc start:77:41 end:77:44:
                              vpiParent: BitSelect name:crc[0]
                              vpiName: crc
                              vpiFullName: t.crc
                              vpiActual: Variable name:crc
                            vpiIndex Constant start:77:45 end:77:46:
                              vpiParent: BitSelect name:crc[0]
                              vpiTypespec RefTypespec:
                                vpiParent: Constant
                                vpiFullName: t.crc[0]
                                vpiActual: IntTypespec
                              vpiConstType: unsigned int (9)
                              vpiSize: 64
                              vpiDecompile: "0"
                              vpiValue: 0
                IfElse start:78:7 end:99:10:
                  vpiParent: Begin
                  vpiCondition Operation start:78:11 end:78:16:
                    vpiParent: IfElse
                    vpiOpType: less than (20)
                    vpiOperand (2 items):
                      RefObj name:cyc start:78:11 end:78:14:
                        vpiParent: Operation
                        vpiName: cyc
                        vpiFullName: t.cyc
                        vpiActual: Variable name:cyc
                      Constant start:78:15 end:78:16:
                        vpiParent: Operation
                        vpiTypespec RefTypespec:
                          vpiParent: Constant
                          vpiFullName: t
                          vpiActual: IntTypespec
                        vpiConstType: unsigned int (9)
                        vpiSize: 64
                        vpiDecompile: "3"
                        vpiValue: 3
                  vpiStmt Begin start:78:18 end:80:10:
                    vpiParent: IfElse
                    vpiFullName: t
                    vpiStmt (1 items):
                      Assignment start:79:3 end:79:31:
                        vpiParent: Begin
                        vpiLhs RefObj name:crc start:79:3 end:79:6:
                          vpiParent: Assignment
                          vpiName: crc
                          vpiFullName: t.crc
                          vpiActual: Variable name:crc
                        vpiRhs Constant start:79:10 end:79:31:
                          vpiParent: Assignment
                          vpiTypespec RefTypespec:
                            vpiParent: Constant
                            vpiFullName: t
                            vpiActual: LongIntTypespec
                          vpiConstType: hexadecimal (5)
                          vpiSize: 64
                          vpiDecompile: "64'h5aef0c8d_d70a4497"
                          vpiValue: "5aef0c8dd70a4497"
                  vpiElseStmt IfStmt start:81:12 end:99:10:
                    vpiParent: IfElse
                    vpiCondition Operation start:81:16 end:81:23:
                      vpiParent: IfStmt
                      vpiOpType: equal (14)
                      vpiOperand (2 items):
                        RefObj name:cyc start:81:16 end:81:19:
                          vpiParent: Operation
                          vpiName: cyc
                          vpiFullName: t.cyc
                          vpiActual: Variable name:cyc
                        Constant start:81:21 end:81:23:
                          vpiParent: Operation
                          vpiTypespec RefTypespec:
                            vpiParent: Constant
                            vpiFullName: t
                            vpiActual: IntTypespec
                          vpiConstType: unsigned int (9)
                          vpiSize: 64
                          vpiDecompile: "99"
                          vpiValue: 99
                    vpiStmt Begin start:81:25 end:99:10:
                      vpiParent: IfStmt
                      vpiFullName: t
                      vpiStmt (2 items):
                        SysTaskCall name:$write start:82:3 end:82:52:
                          vpiParent: Begin
                          vpiName Identifier name:$write start:82:3 end:82:9:
                          vpiArgument (4 items):
                            Constant start:82:10 end:82:35:
                              vpiParent: SysTaskCall name:$write
                              vpiTypespec RefTypespec:
                                vpiParent: Constant
                                vpiFullName: t
                                vpiActual: StringTypespec
                              vpiConstType: string (6)
                              vpiSize: 176
                              vpiDecompile: "\"[%0t] cyc==%0d crc=%x\\n\""
                              vpiValue: "[%0t] cyc==%0d crc=%x\\n"
                            SysFuncCall name:$time start:82:36 end:82:41:
                              vpiParent: SysTaskCall name:$write
                              vpiName Identifier name:$time start:82:36 end:82:41:
                            RefObj name:cyc start:82:43 end:82:46:
                              vpiParent: SysTaskCall name:$write
                              vpiName: cyc
                              vpiFullName: t.cyc
                              vpiActual: Variable name:cyc
                            RefObj name:crc start:82:48 end:82:51:
                              vpiParent: SysTaskCall name:$write
                              vpiName: crc
                              vpiFullName: t.crc
                              vpiActual: Variable name:crc
                        IfElse start:83:10 end:98:12:
                          vpiParent: Begin
                          vpiCondition Operation start:83:14 end:83:33:
                            vpiParent: IfElse
                            vpiOpType: equal (14)
                            vpiOperand (2 items):
                              RefObj name:ffq_clk_active start:83:14 end:83:28:
                                vpiParent: Operation
                                vpiName: ffq_clk_active
                                vpiFullName: t.ffq_clk_active
                                vpiActual: Variable name:ffq_clk_active
                              Constant start:83:32 end:83:33:
                                vpiParent: Operation
                                vpiTypespec RefTypespec:
                                  vpiParent: Constant
                                  vpiFullName: t
                                  vpiActual: IntTypespec
                                vpiConstType: unsigned int (9)
                                vpiSize: 64
                                vpiDecompile: "0"
                                vpiValue: 0
                          vpiStmt Begin start:83:35 end:88:13:
                            vpiParent: IfElse
                            vpiFullName: t
                            vpiStmt (4 items):
                              SysTaskCall name:$display start:84:12 end:84:29:
                                vpiParent: Begin
                                vpiName Identifier name:$display start:84:12 end:84:20:
                                vpiArgument (1 items):
                                  Constant start:84:22 end:84:28:
                                    vpiParent: SysTaskCall name:$display
                                    vpiTypespec RefTypespec:
                                      vpiParent: Constant
                                      vpiFullName: t
                                      vpiActual: StringTypespec
                                    vpiConstType: string (6)
                                    vpiSize: 32
                                    vpiDecompile: "\"----\""
                                    vpiValue: "----"
                              SysTaskCall name:$display start:85:12 end:85:80:
                                vpiParent: Begin
                                vpiName Identifier name:$display start:85:12 end:85:20:
                                vpiArgument (1 items):
                                  Constant start:85:22 end:85:79:
                                    vpiParent: SysTaskCall name:$display
                                    vpiTypespec RefTypespec:
                                      vpiParent: Constant
                                      vpiFullName: t
                                      vpiActual: StringTypespec
                                    vpiConstType: string (6)
                                    vpiSize: 440
                                    vpiDecompile: "\"%%Error: TESTCASE FAILED with no Clock arriving at FFQs\""
                                    vpiValue: "%%Error: TESTCASE FAILED with no Clock arriving at FFQs"
                              SysTaskCall name:$display start:86:12 end:86:29:
                                vpiParent: Begin
                                vpiName Identifier name:$display start:86:12 end:86:20:
                                vpiArgument (1 items):
                                  Constant start:86:22 end:86:28:
                                    vpiParent: SysTaskCall name:$display
                                    vpiTypespec RefTypespec:
                                      vpiParent: Constant
                                      vpiFullName: t
                                      vpiActual: StringTypespec
                                    vpiConstType: string (6)
                                    vpiSize: 32
                                    vpiDecompile: "\"----\""
                                    vpiValue: "----"
                              SysTaskCall name:$stop start:87:12 end:87:17:
                                vpiParent: Begin
                                vpiName Identifier name:$stop start:87:12 end:87:17:
                                vpiIsProperty: true
                          vpiElseStmt IfElse start:89:15 end:98:12:
                            vpiParent: IfElse
                            vpiCondition RefObj name:err_code start:89:19 end:89:27:
                              vpiParent: IfElse
                              vpiName: err_code
                              vpiFullName: t.err_code
                              vpiActual: Variable name:err_code
                            vpiStmt Begin start:89:29 end:94:13:
                              vpiParent: IfElse
                              vpiFullName: t
                              vpiStmt (4 items):
                                SysTaskCall name:$display start:90:12 end:90:29:
                                  vpiParent: Begin
                                  vpiName Identifier name:$display start:90:12 end:90:20:
                                  vpiArgument (1 items):
                                    Constant start:90:22 end:90:28:
                                      vpiParent: SysTaskCall name:$display
                                      vpiTypespec RefTypespec:
                                        vpiParent: Constant
                                        vpiFullName: t
                                        vpiActual: StringTypespec
                                      vpiConstType: string (6)
                                      vpiSize: 32
                                      vpiDecompile: "\"----\""
                                      vpiValue: "----"
                                SysTaskCall name:$display start:91:12 end:91:96:
                                  vpiParent: Begin
                                  vpiName Identifier name:$display start:91:12 end:91:20:
                                  vpiArgument (1 items):
                                    Constant start:91:22 end:91:95:
                                      vpiParent: SysTaskCall name:$display
                                      vpiTypespec RefTypespec:
                                        vpiParent: Constant
                                        vpiFullName: t
                                        vpiActual: StringTypespec
                                      vpiConstType: string (6)
                                      vpiSize: 568
                                      vpiDecompile: "\"%%Error: TESTCASE FAILED with invalid propagation of 'd' to 'q' of FFQs\""
                                      vpiValue: "%%Error: TESTCASE FAILED with invalid propagation of 'd' to 'q' of FFQs"
                                SysTaskCall name:$display start:92:12 end:92:29:
                                  vpiParent: Begin
                                  vpiName Identifier name:$display start:92:12 end:92:20:
                                  vpiArgument (1 items):
                                    Constant start:92:22 end:92:28:
                                      vpiParent: SysTaskCall name:$display
                                      vpiTypespec RefTypespec:
                                        vpiParent: Constant
                                        vpiFullName: t
                                        vpiActual: StringTypespec
                                      vpiConstType: string (6)
                                      vpiSize: 32
                                      vpiDecompile: "\"----\""
                                      vpiValue: "----"
                                SysTaskCall name:$stop start:93:12 end:93:17:
                                  vpiParent: Begin
                                  vpiName Identifier name:$stop start:93:12 end:93:17:
                                  vpiIsProperty: true
                            vpiElseStmt Begin start:95:15 end:98:12:
                              vpiParent: IfElse
                              vpiFullName: t
                              vpiStmt (2 items):
                                SysTaskCall name:$write start:96:5 end:96:37:
                                  vpiParent: Begin
                                  vpiName Identifier name:$write start:96:5 end:96:11:
                                  vpiArgument (1 items):
                                    Constant start:96:12 end:96:36:
                                      vpiParent: SysTaskCall name:$write
                                      vpiTypespec RefTypespec:
                                        vpiParent: Constant
                                        vpiFullName: t
                                        vpiActual: StringTypespec
                                      vpiConstType: string (6)
                                      vpiSize: 168
                                      vpiDecompile: "\"*-* All Finished *-*\\n\""
                                      vpiValue: "*-* All Finished *-*\\n"
                                SysTaskCall name:$finish start:97:5 end:97:12:
                                  vpiParent: Begin
                                  vpiName Identifier name:$finish start:97:5 end:97:12:
                                  vpiIsProperty: true
          vpiAlwaysType: always (1)
      vpiRefInstance (1 items):
        RefInstance name:test start:43:9 end:43:13:
          vpiParent: Module name:t
          vpiName: test
          vpiTypespec RefTypespec name:Test start:43:4 end:43:8:
            vpiParent: RefInstance name:test
            vpiName: Test
            vpiFullName: t.test.Test
            vpiActual: ModuleTypespec name:Test
          vpiPort (5 items):
            Port start:45:8 end:45:36:
              vpiParent: RefInstance name:test
              vpiLowConn RefObj name:ff_en_vld start:45:9 end:45:18:
                vpiParent: Port
                vpiName: ff_en_vld
                vpiFullName: t.test.ff_en_vld
                vpiActual: Net name:ff_en_vld
              vpiHighConn PartSelect name:ff_en_vld[7:0] start:45:21 end:45:35:
                vpiParent: Port
                vpiName: ff_en_vld[7:0]
                vpiFullName: t.test.ff_en_vld[7:0]
                vpiPrefix RefObj name:ff_en_vld start:45:21 end:45:30:
                  vpiParent: PartSelect name:ff_en_vld[7:0]
                  vpiName: ff_en_vld
                  vpiFullName: t.test.ff_en_vld[7:0].ff_en_vld
                  vpiActual: Net name:ff_en_vld
                vpiRange Range start:45:31 end:45:34:
                  vpiParent: PartSelect name:ff_en_vld[7:0]
                  vpiLeftRange Constant start:45:31 end:45:32:
                    vpiParent: Range
                    vpiTypespec RefTypespec:
                      vpiParent: Constant
                      vpiFullName: t.test.ff_en_vld[7:0]
                      vpiActual: IntTypespec
                    vpiConstType: unsigned int (9)
                    vpiSize: 64
                    vpiDecompile: "7"
                    vpiValue: 7
                  vpiRightRange Constant start:45:33 end:45:34:
                    vpiParent: Range
                    vpiTypespec RefTypespec:
                      vpiParent: Constant
                      vpiFullName: t.test.ff_en_vld[7:0]
                      vpiActual: IntTypespec
                    vpiConstType: unsigned int (9)
                    vpiSize: 64
                    vpiDecompile: "0"
                    vpiValue: 0
            Port start:46:8 end:46:36:
              vpiParent: RefInstance name:test
              vpiLowConn RefObj name:entry_vld start:46:9 end:46:18:
                vpiParent: Port
                vpiName: entry_vld
                vpiFullName: t.test.entry_vld
                vpiActual: Net name:entry_vld
              vpiHighConn PartSelect name:entry_vld[7:0] start:46:21 end:46:35:
                vpiParent: Port
                vpiName: entry_vld[7:0]
                vpiFullName: t.test.entry_vld[7:0]
                vpiPrefix RefObj name:entry_vld start:46:21 end:46:30:
                  vpiParent: PartSelect name:entry_vld[7:0]
                  vpiName: entry_vld
                  vpiFullName: t.test.entry_vld[7:0].entry_vld
                  vpiActual: Net name:entry_vld
                vpiRange Range start:46:31 end:46:34:
                  vpiParent: PartSelect name:entry_vld[7:0]
                  vpiLeftRange Constant start:46:31 end:46:32:
                    vpiParent: Range
                    vpiTypespec RefTypespec:
                      vpiParent: Constant
                      vpiFullName: t.test.entry_vld[7:0]
                      vpiActual: IntTypespec
                    vpiConstType: unsigned int (9)
                    vpiSize: 64
                    vpiDecompile: "7"
                    vpiValue: 7
                  vpiRightRange Constant start:46:33 end:46:34:
                    vpiParent: Range
                    vpiTypespec RefTypespec:
                      vpiParent: Constant
                      vpiFullName: t.test.entry_vld[7:0]
                      vpiActual: IntTypespec
                    vpiConstType: unsigned int (9)
                    vpiSize: 64
                    vpiDecompile: "0"
                    vpiValue: 0
            Port start:48:8 end:48:20:
              vpiParent: RefInstance name:test
              vpiLowConn RefObj name:clk start:48:9 end:48:12:
                vpiParent: Port
                vpiName: clk
                vpiFullName: t.test.clk
                vpiActual: Net name:clk
              vpiHighConn RefObj name:clk start:48:16 end:48:19:
                vpiParent: Port
                vpiName: clk
                vpiFullName: t.test.clk
                vpiActual: Net name:clk
            Port start:49:8 end:49:27:
              vpiParent: RefInstance name:test
              vpiLowConn RefObj name:dvld start:49:9 end:49:13:
                vpiParent: Port
                vpiName: dvld
                vpiFullName: t.test.dvld
                vpiActual: Net name:dvld
              vpiHighConn PartSelect name:dvld[7:0] start:49:17 end:49:26:
                vpiParent: Port
                vpiName: dvld[7:0]
                vpiFullName: t.test.dvld[7:0]
                vpiPrefix RefObj name:dvld start:49:17 end:49:21:
                  vpiParent: PartSelect name:dvld[7:0]
                  vpiName: dvld
                  vpiFullName: t.test.dvld[7:0].dvld
                  vpiActual: Net name:dvld
                vpiRange Range start:49:22 end:49:25:
                  vpiParent: PartSelect name:dvld[7:0]
                  vpiLeftRange Constant start:49:22 end:49:23:
                    vpiParent: Range
                    vpiTypespec RefTypespec:
                      vpiParent: Constant
                      vpiFullName: t.test.dvld[7:0]
                      vpiActual: IntTypespec
                    vpiConstType: unsigned int (9)
                    vpiSize: 64
                    vpiDecompile: "7"
                    vpiValue: 7
                  vpiRightRange Constant start:49:24 end:49:25:
                    vpiParent: Range
                    vpiTypespec RefTypespec:
                      vpiParent: Constant
                      vpiFullName: t.test.dvld[7:0]
                      vpiActual: IntTypespec
                    vpiConstType: unsigned int (9)
                    vpiSize: 64
                    vpiDecompile: "0"
                    vpiValue: 0
            Port start:50:8 end:50:35:
              vpiParent: RefInstance name:test
              vpiLowConn RefObj name:ff_en_e1 start:50:9 end:50:17:
                vpiParent: Port
                vpiName: ff_en_e1
                vpiFullName: t.test.ff_en_e1
                vpiActual: Net name:ff_en_e1
              vpiHighConn PartSelect name:ff_en_e1[7:0] start:50:21 end:50:34:
                vpiParent: Port
                vpiName: ff_en_e1[7:0]
                vpiFullName: t.test.ff_en_e1[7:0]
                vpiPrefix RefObj name:ff_en_e1 start:50:21 end:50:29:
                  vpiParent: PartSelect name:ff_en_e1[7:0]
                  vpiName: ff_en_e1
                  vpiFullName: t.test.ff_en_e1[7:0].ff_en_e1
                  vpiActual: Net name:ff_en_e1
                vpiRange Range start:50:30 end:50:33:
                  vpiParent: PartSelect name:ff_en_e1[7:0]
                  vpiLeftRange Constant start:50:30 end:50:31:
                    vpiParent: Range
                    vpiTypespec RefTypespec:
                      vpiParent: Constant
                      vpiFullName: t.test.ff_en_e1[7:0]
                      vpiActual: IntTypespec
                    vpiConstType: unsigned int (9)
                    vpiSize: 64
                    vpiDecompile: "7"
                    vpiValue: 7
                  vpiRightRange Constant start:50:32 end:50:33:
                    vpiParent: Range
                    vpiTypespec RefTypespec:
                      vpiParent: Constant
                      vpiFullName: t.test.ff_en_e1[7:0]
                      vpiActual: IntTypespec
                    vpiConstType: unsigned int (9)
                    vpiSize: 64
                    vpiDecompile: "0"
                    vpiValue: 0
    Module name:llq file:$Source01/t_clk_latchgate.v start:104:1 end:121:10:
      vpiParent: Design name:unnamed
      vpiName Identifier name:llq start:104:8 end:104:11:
      vpiFullName: llq
      vpiVariable (1 items):
        Variable name:qr start:110:23 end:110:25:
          vpiParent: Module name:llq
          vpiTypespec RefTypespec start:110:4 end:110:19:
            vpiParent: Variable name:qr
            vpiFullName: llq.qr
            vpiActual: LogicTypespec
          vpiName: qr
          vpiFullName: llq.qr
          vpiVector: true
      vpiParameter (1 items):
        Parameter name:WIDTH start:105:14 end:105:19:
          vpiParent: Module name:llq
          vpiTypespec RefTypespec:
            vpiParent: Parameter name:WIDTH
            vpiFullName: llq.WIDTH
            vpiActual: LogicTypespec
          vpiName: WIDTH
          vpiFullName: llq.WIDTH
      vpiParamAssign (1 items):
        ParamAssign start:105:14 end:105:24:
          vpiParent: Module name:llq
          vpiLhs RefObj name:WIDTH start:105:14 end:105:19:
            vpiParent: ParamAssign
            vpiName: WIDTH
            vpiFullName: llq.WIDTH
            vpiActual: Parameter name:WIDTH
          vpiRhs Constant start:105:22 end:105:24:
            vpiParent: ParamAssign
            vpiTypespec RefTypespec:
              vpiParent: Constant
              vpiFullName: llq
              vpiActual: IntTypespec
            vpiConstType: unsigned int (9)
            vpiSize: 64
            vpiDecompile: "32"
            vpiValue: 32
      vpiTypespec (5 items):
        LogicTypespec:
          vpiParent: Module name:llq
        LogicTypespec:
          vpiParent: Module name:llq
          vpiRange (1 items):
            Range start:107:10 end:107:21:
              vpiParent: LogicTypespec
              vpiLeftRange Operation start:107:11 end:107:18:
                vpiParent: Range
                vpiOpType: subtract (11)
                vpiOperand (2 items):
                  RefObj name:WIDTH start:107:11 end:107:16:
                    vpiParent: Operation
                    vpiName: WIDTH
                    vpiFullName: llq.WIDTH
                    vpiActual: Parameter name:WIDTH
                  Constant start:107:17 end:107:18:
                    vpiParent: Operation
                    vpiTypespec RefTypespec:
                      vpiParent: Constant
                      vpiFullName: llq
                      vpiActual: IntTypespec
                    vpiConstType: unsigned int (9)
                    vpiSize: 64
                    vpiDecompile: "1"
                    vpiValue: 1
              vpiRightRange Constant start:107:19 end:107:20:
                vpiParent: Range
                vpiTypespec RefTypespec:
                  vpiParent: Constant
                  vpiFullName: llq
                  vpiActual: IntTypespec
                vpiConstType: unsigned int (9)
                vpiSize: 64
                vpiDecompile: "0"
                vpiValue: 0
          vpiVector: true
        LogicTypespec:
          vpiParent: Module name:llq
          vpiRange (1 items):
            Range start:108:11 end:108:22:
              vpiParent: LogicTypespec
              vpiLeftRange Operation start:108:12 end:108:19:
                vpiParent: Range
                vpiOpType: subtract (11)
                vpiOperand (2 items):
                  RefObj name:WIDTH start:108:12 end:108:17:
                    vpiParent: Operation
                    vpiName: WIDTH
                    vpiFullName: llq.WIDTH
                    vpiActual: Parameter name:WIDTH
                  Constant start:108:18 end:108:19:
                    vpiParent: Operation
                    vpiTypespec RefTypespec:
                      vpiParent: Constant
                      vpiFullName: llq
                      vpiActual: IntTypespec
                    vpiConstType: unsigned int (9)
                    vpiSize: 64
                    vpiDecompile: "1"
                    vpiValue: 1
              vpiRightRange Constant start:108:20 end:108:21:
                vpiParent: Range
                vpiTypespec RefTypespec:
                  vpiParent: Constant
                  vpiFullName: llq
                  vpiActual: IntTypespec
                vpiConstType: unsigned int (9)
                vpiSize: 64
                vpiDecompile: "0"
                vpiValue: 0
          vpiVector: true
        LogicTypespec:
          vpiParent: Module name:llq
          vpiRange (1 items):
            Range start:110:8 end:110:19:
              vpiParent: LogicTypespec
              vpiLeftRange Operation start:110:9 end:110:16:
                vpiParent: Range
                vpiOpType: subtract (11)
                vpiOperand (2 items):
                  RefObj name:WIDTH start:110:9 end:110:14:
                    vpiParent: Operation
                    vpiName: WIDTH
                    vpiFullName: llq.WIDTH
                    vpiActual: Parameter name:WIDTH
                  Constant start:110:15 end:110:16:
                    vpiParent: Operation
                    vpiTypespec RefTypespec:
                      vpiParent: Constant
                      vpiFullName: llq
                      vpiActual: IntTypespec
                    vpiConstType: unsigned int (9)
                    vpiSize: 64
                    vpiDecompile: "1"
                    vpiValue: 1
              vpiRightRange Constant start:110:17 end:110:18:
                vpiParent: Range
                vpiTypespec RefTypespec:
                  vpiParent: Constant
                  vpiFullName: llq
                  vpiActual: IntTypespec
                vpiConstType: unsigned int (9)
                vpiSize: 64
                vpiDecompile: "0"
                vpiValue: 0
          vpiVector: true
        BitTypespec:
          vpiParent: Module name:llq
      vpiDefName: llq
      vpiDefNetType: wire (1)
      vpiDefDelayMode: none (1)
      vpiUnconnDrive: highz (1)
      vpiLibrary RefObj name:work start:104:8 end:104:11:
        vpiParent: Module name:llq
        vpiName: work
        vpiFullName: llq.work
        vpiActual: Library name:work
      vpiCell: llq
      vpiNet (3 items):
        Net name:clk start:106:10 end:106:13:
          vpiParent: Module name:llq
          vpiTypespec RefTypespec:
            vpiParent: Net name:clk
            vpiFullName: llq.clk
            vpiActual: LogicTypespec
          vpiName: clk
          vpiFullName: llq.clk
          vpiNetType: wire (1)
          vpiScalar: true
        Net name:d start:107:22 end:107:23:
          vpiParent: Module name:llq
          vpiTypespec RefTypespec start:107:10 end:107:21:
            vpiParent: Net name:d
            vpiFullName: llq.d
            vpiActual: LogicTypespec
          vpiName: d
          vpiFullName: llq.d
          vpiNetType: wire (1)
          vpiVector: true
        Net name:q start:108:23 end:108:24:
          vpiParent: Module name:llq
          vpiTypespec RefTypespec start:108:11 end:108:22:
            vpiParent: Net name:q
            vpiFullName: llq.q
            vpiActual: LogicTypespec
          vpiName: q
          vpiFullName: llq.q
          vpiNetType: wire (1)
          vpiVector: true
      vpiPort (3 items):
        Port name:clk start:104:13 end:104:16:
          vpiParent: Module name:llq
          vpiName: clk
          vpiDirection: input (1)
          vpiLowConn RefObj name:clk start:106:10 end:106:13:
            vpiParent: Port name:clk
            vpiName: clk
            vpiFullName: llq.clk.clk
            vpiActual: Net name:clk
          vpiTypespec RefTypespec:
            vpiParent: Port name:clk
            vpiFullName: llq.clk
            vpiActual: LogicTypespec
        Port name:d start:104:18 end:104:19:
          vpiParent: Module name:llq
          vpiName: d
          vpiDirection: input (1)
          vpiLowConn RefObj name:d start:107:22 end:107:23:
            vpiParent: Port name:d
            vpiName: d
            vpiFullName: llq.d.d
            vpiActual: Net name:d
          vpiTypespec RefTypespec start:107:10 end:107:21:
            vpiParent: Port name:d
            vpiFullName: llq.d
            vpiActual: LogicTypespec
        Port name:q start:104:21 end:104:22:
          vpiParent: Module name:llq
          vpiName: q
          vpiDirection: output (2)
          vpiLowConn RefObj name:q start:108:23 end:108:24:
            vpiParent: Port name:q
            vpiName: q
            vpiFullName: llq.q.q
            vpiActual: Net name:q
          vpiTypespec RefTypespec start:108:11 end:108:22:
            vpiParent: Port name:q
            vpiFullName: llq.q
            vpiActual: LogicTypespec
      vpiProcess (1 items):
        Always start:114:4 end:116:16:
          vpiParent: Module name:llq
          vpiStmt EventControl start:114:11 end:116:16:
            vpiParent: Always
            vpiCondition Operation start:114:13 end:114:21:
              vpiParent: EventControl
              vpiOpType: event or (35)
              vpiOperand (2 items):
                RefObj name:clk start:114:13 end:114:16:
                  vpiParent: Operation
                  vpiName: clk
                  vpiFullName: llq.clk
                  vpiActual: Net name:clk
                RefObj name:d start:114:20 end:114:21:
                  vpiParent: Operation
                  vpiName: d
                  vpiFullName: llq.d
                  vpiActual: Net name:d
            vpiStmt IfStmt start:115:6 end:116:16:
              vpiParent: EventControl
              vpiCondition Operation start:115:10 end:115:21:
                vpiParent: IfStmt
                vpiOpType: equal (14)
                vpiOperand (2 items):
                  RefObj name:clk start:115:10 end:115:13:
                    vpiParent: Operation
                    vpiName: clk
                    vpiFullName: llq.clk
                    vpiActual: Net name:clk
                  Constant start:115:17 end:115:21:
                    vpiParent: Operation
                    vpiTypespec RefTypespec:
                      vpiParent: Constant
                      vpiFullName: llq
                      vpiActual: BitTypespec
                    vpiConstType: binary (3)
                    vpiSize: 1
                    vpiDecompile: "1'b0"
                    vpiValue: "0"
              vpiStmt Assignment start:116:8 end:116:15:
                vpiParent: IfStmt
                vpiLhs RefObj name:qr start:116:8 end:116:10:
                  vpiParent: Assignment
                  vpiName: qr
                  vpiFullName: llq.qr
                  vpiActual: Variable name:qr
                vpiRhs RefObj name:d start:116:14 end:116:15:
                  vpiParent: Assignment
                  vpiName: d
                  vpiFullName: llq.d
                  vpiActual: Net name:d
          vpiAlwaysType: always (1)
      vpiContAssign (1 items):
        ContAssign start:120:11 end:120:17:
          vpiParent: Module name:llq
          vpiLhs RefObj name:q start:120:11 end:120:12:
            vpiParent: ContAssign
            vpiName: q
            vpiFullName: llq.q
            vpiActual: Net name:q
          vpiRhs RefObj name:qr start:120:15 end:120:17:
            vpiParent: ContAssign
            vpiName: qr
            vpiFullName: llq.qr
            vpiActual: Variable name:qr
    Module name:ffq file:$Source01/t_clk_latchgate.v start:123:1 end:135:10:
      vpiParent: Design name:unnamed
      vpiName Identifier name:ffq start:123:8 end:123:11:
      vpiFullName: ffq
      vpiVariable (1 items):
        Variable name:qr start:129:23 end:129:25:
          vpiParent: Module name:ffq
          vpiTypespec RefTypespec start:129:4 end:129:19:
            vpiParent: Variable name:qr
            vpiFullName: ffq.qr
            vpiActual: LogicTypespec
          vpiName: qr
          vpiFullName: ffq.qr
          vpiVector: true
      vpiParameter (1 items):
        Parameter name:WIDTH start:124:14 end:124:19:
          vpiParent: Module name:ffq
          vpiTypespec RefTypespec:
            vpiParent: Parameter name:WIDTH
            vpiFullName: ffq.WIDTH
            vpiActual: LogicTypespec
          vpiName: WIDTH
          vpiFullName: ffq.WIDTH
      vpiParamAssign (1 items):
        ParamAssign start:124:14 end:124:24:
          vpiParent: Module name:ffq
          vpiLhs RefObj name:WIDTH start:124:14 end:124:19:
            vpiParent: ParamAssign
            vpiName: WIDTH
            vpiFullName: ffq.WIDTH
            vpiActual: Parameter name:WIDTH
          vpiRhs Constant start:124:22 end:124:24:
            vpiParent: ParamAssign
            vpiTypespec RefTypespec:
              vpiParent: Constant
              vpiFullName: ffq
              vpiActual: IntTypespec
            vpiConstType: unsigned int (9)
            vpiSize: 64
            vpiDecompile: "32"
            vpiValue: 32
      vpiTypespec (4 items):
        LogicTypespec:
          vpiParent: Module name:ffq
        LogicTypespec:
          vpiParent: Module name:ffq
          vpiRange (1 items):
            Range start:126:10 end:126:21:
              vpiParent: LogicTypespec
              vpiLeftRange Operation start:126:11 end:126:18:
                vpiParent: Range
                vpiOpType: subtract (11)
                vpiOperand (2 items):
                  RefObj name:WIDTH start:126:11 end:126:16:
                    vpiParent: Operation
                    vpiName: WIDTH
                    vpiFullName: ffq.WIDTH
                    vpiActual: Parameter name:WIDTH
                  Constant start:126:17 end:126:18:
                    vpiParent: Operation
                    vpiTypespec RefTypespec:
                      vpiParent: Constant
                      vpiFullName: ffq
                      vpiActual: IntTypespec
                    vpiConstType: unsigned int (9)
                    vpiSize: 64
                    vpiDecompile: "1"
                    vpiValue: 1
              vpiRightRange Constant start:126:19 end:126:20:
                vpiParent: Range
                vpiTypespec RefTypespec:
                  vpiParent: Constant
                  vpiFullName: ffq
                  vpiActual: IntTypespec
                vpiConstType: unsigned int (9)
                vpiSize: 64
                vpiDecompile: "0"
                vpiValue: 0
          vpiVector: true
        LogicTypespec:
          vpiParent: Module name:ffq
          vpiRange (1 items):
            Range start:127:11 end:127:22:
              vpiParent: LogicTypespec
              vpiLeftRange Operation start:127:12 end:127:19:
                vpiParent: Range
                vpiOpType: subtract (11)
                vpiOperand (2 items):
                  RefObj name:WIDTH start:127:12 end:127:17:
                    vpiParent: Operation
                    vpiName: WIDTH
                    vpiFullName: ffq.WIDTH
                    vpiActual: Parameter name:WIDTH
                  Constant start:127:18 end:127:19:
                    vpiParent: Operation
                    vpiTypespec RefTypespec:
                      vpiParent: Constant
                      vpiFullName: ffq
                      vpiActual: IntTypespec
                    vpiConstType: unsigned int (9)
                    vpiSize: 64
                    vpiDecompile: "1"
                    vpiValue: 1
              vpiRightRange Constant start:127:20 end:127:21:
                vpiParent: Range
                vpiTypespec RefTypespec:
                  vpiParent: Constant
                  vpiFullName: ffq
                  vpiActual: IntTypespec
                vpiConstType: unsigned int (9)
                vpiSize: 64
                vpiDecompile: "0"
                vpiValue: 0
          vpiVector: true
        LogicTypespec:
          vpiParent: Module name:ffq
          vpiRange (1 items):
            Range start:129:8 end:129:19:
              vpiParent: LogicTypespec
              vpiLeftRange Operation start:129:9 end:129:16:
                vpiParent: Range
                vpiOpType: subtract (11)
                vpiOperand (2 items):
                  RefObj name:WIDTH start:129:9 end:129:14:
                    vpiParent: Operation
                    vpiName: WIDTH
                    vpiFullName: ffq.WIDTH
                    vpiActual: Parameter name:WIDTH
                  Constant start:129:15 end:129:16:
                    vpiParent: Operation
                    vpiTypespec RefTypespec:
                      vpiParent: Constant
                      vpiFullName: ffq
                      vpiActual: IntTypespec
                    vpiConstType: unsigned int (9)
                    vpiSize: 64
                    vpiDecompile: "1"
                    vpiValue: 1
              vpiRightRange Constant start:129:17 end:129:18:
                vpiParent: Range
                vpiTypespec RefTypespec:
                  vpiParent: Constant
                  vpiFullName: ffq
                  vpiActual: IntTypespec
                vpiConstType: unsigned int (9)
                vpiSize: 64
                vpiDecompile: "0"
                vpiValue: 0
          vpiVector: true
      vpiDefName: ffq
      vpiDefNetType: wire (1)
      vpiDefDelayMode: none (1)
      vpiUnconnDrive: highz (1)
      vpiLibrary RefObj name:work start:123:8 end:123:11:
        vpiParent: Module name:ffq
        vpiName: work
        vpiFullName: ffq.work
        vpiActual: Library name:work
      vpiCell: ffq
      vpiNet (3 items):
        Net name:clk start:125:10 end:125:13:
          vpiParent: Module name:ffq
          vpiTypespec RefTypespec:
            vpiParent: Net name:clk
            vpiFullName: ffq.clk
            vpiActual: LogicTypespec
          vpiName: clk
          vpiFullName: ffq.clk
          vpiNetType: wire (1)
          vpiScalar: true
        Net name:d start:126:22 end:126:23:
          vpiParent: Module name:ffq
          vpiTypespec RefTypespec start:126:10 end:126:21:
            vpiParent: Net name:d
            vpiFullName: ffq.d
            vpiActual: LogicTypespec
          vpiName: d
          vpiFullName: ffq.d
          vpiNetType: wire (1)
          vpiVector: true
        Net name:q start:127:23 end:127:24:
          vpiParent: Module name:ffq
          vpiTypespec RefTypespec start:127:11 end:127:22:
            vpiParent: Net name:q
            vpiFullName: ffq.q
            vpiActual: LogicTypespec
          vpiName: q
          vpiFullName: ffq.q
          vpiNetType: wire (1)
          vpiVector: true
      vpiPort (3 items):
        Port name:clk start:123:13 end:123:16:
          vpiParent: Module name:ffq
          vpiName: clk
          vpiDirection: input (1)
          vpiLowConn RefObj name:clk start:125:10 end:125:13:
            vpiParent: Port name:clk
            vpiName: clk
            vpiFullName: ffq.clk.clk
            vpiActual: Net name:clk
          vpiTypespec RefTypespec:
            vpiParent: Port name:clk
            vpiFullName: ffq.clk
            vpiActual: LogicTypespec
        Port name:d start:123:18 end:123:19:
          vpiParent: Module name:ffq
          vpiName: d
          vpiDirection: input (1)
          vpiLowConn RefObj name:d start:126:22 end:126:23:
            vpiParent: Port name:d
            vpiName: d
            vpiFullName: ffq.d.d
            vpiActual: Net name:d
          vpiTypespec RefTypespec start:126:10 end:126:21:
            vpiParent: Port name:d
            vpiFullName: ffq.d
            vpiActual: LogicTypespec
        Port name:q start:123:21 end:123:22:
          vpiParent: Module name:ffq
          vpiName: q
          vpiDirection: output (2)
          vpiLowConn RefObj name:q start:127:23 end:127:24:
            vpiParent: Port name:q
            vpiName: q
            vpiFullName: ffq.q.q
            vpiActual: Net name:q
          vpiTypespec RefTypespec start:127:11 end:127:22:
            vpiParent: Port name:q
            vpiFullName: ffq.q
            vpiActual: LogicTypespec
      vpiProcess (1 items):
        Always start:131:4 end:132:14:
          vpiParent: Module name:ffq
          vpiStmt EventControl start:131:11 end:132:14:
            vpiParent: Always
            vpiCondition Operation start:131:13 end:131:24:
              vpiParent: EventControl
              vpiOpType: posedge (39)
              vpiOperand (1 items):
                RefObj name:clk start:131:21 end:131:24:
                  vpiParent: Operation
                  vpiName: clk
                  vpiFullName: ffq.clk
                  vpiActual: Net name:clk
            vpiStmt Assignment start:132:6 end:132:13:
              vpiParent: EventControl
              vpiLhs RefObj name:qr start:132:6 end:132:8:
                vpiParent: Assignment
                vpiName: qr
                vpiFullName: ffq.qr
                vpiActual: Variable name:qr
              vpiRhs RefObj name:d start:132:12 end:132:13:
                vpiParent: Assignment
                vpiName: d
                vpiFullName: ffq.d
                vpiActual: Net name:d
          vpiAlwaysType: always (1)
      vpiContAssign (1 items):
        ContAssign start:134:11 end:134:17:
          vpiParent: Module name:ffq
          vpiLhs RefObj name:q start:134:11 end:134:12:
            vpiParent: ContAssign
            vpiName: q
            vpiFullName: ffq.q
            vpiActual: Net name:q
          vpiRhs RefObj name:qr start:134:15 end:134:17:
            vpiParent: ContAssign
            vpiName: qr
            vpiFullName: ffq.qr
            vpiActual: Variable name:qr
    Module name:Test file:$Source01/t_clk_latchgate.v start:138:1 end:178:10:
      vpiParent: Design name:unnamed
      vpiName Identifier name:Test start:138:8 end:138:12:
      vpiFullName: Test
      vpiVariable (1 items):
        Variable name:flop_en_vld start:154:14 end:154:25:
          vpiParent: Module name:Test
          vpiTypespec RefTypespec start:154:4 end:154:13:
            vpiParent: Variable name:flop_en_vld
            vpiFullName: Test.flop_en_vld
            vpiActual: LogicTypespec
          vpiName: flop_en_vld
          vpiFullName: Test.flop_en_vld
          vpiVector: true
      vpiTypespec (16 items):
        LogicTypespec:
          vpiParent: Module name:Test
        LogicTypespec:
          vpiParent: Module name:Test
          vpiRange (1 items):
            Range start:146:10 end:146:15:
              vpiParent: LogicTypespec
              vpiLeftRange Constant start:146:11 end:146:12:
                vpiParent: Range
                vpiTypespec RefTypespec:
                  vpiParent: Constant
                  vpiFullName: Test
                  vpiActual: IntTypespec
                vpiConstType: unsigned int (9)
                vpiSize: 64
                vpiDecompile: "7"
                vpiValue: 7
              vpiRightRange Constant start:146:13 end:146:14:
                vpiParent: Range
                vpiTypespec RefTypespec:
                  vpiParent: Constant
                  vpiFullName: Test
                  vpiActual: IntTypespec
                vpiConstType: unsigned int (9)
                vpiSize: 64
                vpiDecompile: "0"
                vpiValue: 0
          vpiVector: true
        LogicTypespec:
          vpiParent: Module name:Test
          vpiRange (1 items):
            Range start:147:10 end:147:15:
              vpiParent: LogicTypespec
              vpiLeftRange Constant start:147:11 end:147:12:
                vpiParent: Range
                vpiTypespec RefTypespec:
                  vpiParent: Constant
                  vpiFullName: Test
                  vpiActual: IntTypespec
                vpiConstType: unsigned int (9)
                vpiSize: 64
                vpiDecompile: "7"
                vpiValue: 7
              vpiRightRange Constant start:147:13 end:147:14:
                vpiParent: Range
                vpiTypespec RefTypespec:
                  vpiParent: Constant
                  vpiFullName: Test
                  vpiActual: IntTypespec
                vpiConstType: unsigned int (9)
                vpiSize: 64
                vpiDecompile: "0"
                vpiValue: 0
          vpiVector: true
        LogicTypespec:
          vpiParent: Module name:Test
          vpiRange (1 items):
            Range start:150:16 end:150:21:
              vpiParent: LogicTypespec
              vpiLeftRange Constant start:150:17 end:150:18:
                vpiParent: Range
                vpiTypespec RefTypespec:
                  vpiParent: Constant
                  vpiFullName: Test
                  vpiActual: IntTypespec
                vpiConstType: unsigned int (9)
                vpiSize: 64
                vpiDecompile: "7"
                vpiValue: 7
              vpiRightRange Constant start:150:19 end:150:20:
                vpiParent: Range
                vpiTypespec RefTypespec:
                  vpiParent: Constant
                  vpiFullName: Test
                  vpiActual: IntTypespec
                vpiConstType: unsigned int (9)
                vpiSize: 64
                vpiDecompile: "0"
                vpiValue: 0
          vpiVector: true
        LogicTypespec:
          vpiParent: Module name:Test
          vpiRange (1 items):
            Range start:152:9 end:152:14:
              vpiParent: LogicTypespec
              vpiLeftRange Constant start:152:10 end:152:11:
                vpiParent: Range
                vpiTypespec RefTypespec:
                  vpiParent: Constant
                  vpiFullName: Test
                  vpiActual: IntTypespec
                vpiConstType: unsigned int (9)
                vpiSize: 64
                vpiDecompile: "7"
                vpiValue: 7
              vpiRightRange Constant start:152:12 end:152:13:
                vpiParent: Range
                vpiTypespec RefTypespec:
                  vpiParent: Constant
                  vpiFullName: Test
                  vpiActual: IntTypespec
                vpiConstType: unsigned int (9)
                vpiSize: 64
                vpiDecompile: "0"
                vpiValue: 0
          vpiVector: true
        LogicTypespec:
          vpiParent: Module name:Test
          vpiRange (1 items):
            Range start:153:9 end:153:14:
              vpiParent: LogicTypespec
              vpiLeftRange Constant start:153:10 end:153:11:
                vpiParent: Range
                vpiTypespec RefTypespec:
                  vpiParent: Constant
                  vpiFullName: Test
                  vpiActual: IntTypespec
                vpiConstType: unsigned int (9)
                vpiSize: 64
                vpiDecompile: "7"
                vpiValue: 7
              vpiRightRange Constant start:153:12 end:153:13:
                vpiParent: Range
                vpiTypespec RefTypespec:
                  vpiParent: Constant
                  vpiFullName: Test
                  vpiActual: IntTypespec
                vpiConstType: unsigned int (9)
                vpiSize: 64
                vpiDecompile: "0"
                vpiValue: 0
          vpiVector: true
        LogicTypespec:
          vpiParent: Module name:Test
          vpiRange (1 items):
            Range start:154:8 end:154:13:
              vpiParent: LogicTypespec
              vpiLeftRange Constant start:154:9 end:154:10:
                vpiParent: Range
                vpiTypespec RefTypespec:
                  vpiParent: Constant
                  vpiFullName: Test
                  vpiActual: IntTypespec
                vpiConstType: unsigned int (9)
                vpiSize: 64
                vpiDecompile: "7"
                vpiValue: 7
              vpiRightRange Constant start:154:11 end:154:12:
                vpiParent: Range
                vpiTypespec RefTypespec:
                  vpiParent: Constant
                  vpiFullName: Test
                  vpiActual: IntTypespec
                vpiConstType: unsigned int (9)
                vpiSize: 64
                vpiDecompile: "0"
                vpiValue: 0
          vpiVector: true
        ModuleTypespec name:llq start:166:4 end:166:7:
          vpiParent: Module name:Test
          vpiName Identifier name:llq start:166:4 end:166:7:
          vpiDefName: llq
          vpiParamAssign (1 items):
            ParamAssign start:166:11 end:166:12:
              vpiParent: ModuleTypespec name:llq
              vpiOverridden: true
              vpiRhs Constant start:166:11 end:166:12:
                vpiParent: ParamAssign
                vpiTypespec RefTypespec:
                  vpiParent: Constant
                  vpiFullName: Test.llq
                  vpiActual: IntTypespec
                vpiConstType: unsigned int (9)
                vpiSize: 64
                vpiDecompile: "8"
                vpiValue: 8
          vpiModule: Module name:llq
        ModuleTypespec name:ffq start:169:4 end:169:7:
          vpiParent: Module name:Test
          vpiName Identifier name:ffq start:169:4 end:169:7:
          vpiDefName: ffq
          vpiParamAssign (1 items):
            ParamAssign start:169:11 end:169:12:
              vpiParent: ModuleTypespec name:ffq
              vpiOverridden: true
              vpiRhs Constant start:169:11 end:169:12:
                vpiParent: ParamAssign
                vpiTypespec RefTypespec:
                  vpiParent: Constant
                  vpiFullName: Test.ffq
                  vpiActual: IntTypespec
                vpiConstType: unsigned int (9)
                vpiSize: 64
                vpiDecompile: "1"
                vpiValue: 1
          vpiModule: Module name:ffq
        ModuleTypespec name:ffq start:170:4 end:170:7:
          vpiParent: Module name:Test
          vpiName Identifier name:ffq start:170:4 end:170:7:
          vpiDefName: ffq
          vpiParamAssign (1 items):
            ParamAssign start:170:11 end:170:12:
              vpiParent: ModuleTypespec name:ffq
              vpiOverridden: true
              vpiRhs Constant start:170:11 end:170:12:
                vpiParent: ParamAssign
                vpiTypespec RefTypespec:
                  vpiParent: Constant
                  vpiFullName: Test.ffq
                  vpiActual: IntTypespec
                vpiConstType: unsigned int (9)
                vpiSize: 64
                vpiDecompile: "1"
                vpiValue: 1
          vpiModule: Module name:ffq
        ModuleTypespec name:ffq start:171:4 end:171:7:
          vpiParent: Module name:Test
          vpiName Identifier name:ffq start:171:4 end:171:7:
          vpiDefName: ffq
          vpiParamAssign (1 items):
            ParamAssign start:171:11 end:171:12:
              vpiParent: ModuleTypespec name:ffq
              vpiOverridden: true
              vpiRhs Constant start:171:11 end:171:12:
                vpiParent: ParamAssign
                vpiTypespec RefTypespec:
                  vpiParent: Constant
                  vpiFullName: Test.ffq
                  vpiActual: IntTypespec
                vpiConstType: unsigned int (9)
                vpiSize: 64
                vpiDecompile: "1"
                vpiValue: 1
          vpiModule: Module name:ffq
        ModuleTypespec name:ffq start:172:4 end:172:7:
          vpiParent: Module name:Test
          vpiName Identifier name:ffq start:172:4 end:172:7:
          vpiDefName: ffq
          vpiParamAssign (1 items):
            ParamAssign start:172:11 end:172:12:
              vpiParent: ModuleTypespec name:ffq
              vpiOverridden: true
              vpiRhs Constant start:172:11 end:172:12:
                vpiParent: ParamAssign
                vpiTypespec RefTypespec:
                  vpiParent: Constant
                  vpiFullName: Test.ffq
                  vpiActual: IntTypespec
                vpiConstType: unsigned int (9)
                vpiSize: 64
                vpiDecompile: "1"
                vpiValue: 1
          vpiModule: Module name:ffq
        ModuleTypespec name:ffq start:173:4 end:173:7:
          vpiParent: Module name:Test
          vpiName Identifier name:ffq start:173:4 end:173:7:
          vpiDefName: ffq
          vpiParamAssign (1 items):
            ParamAssign start:173:11 end:173:12:
              vpiParent: ModuleTypespec name:ffq
              vpiOverridden: true
              vpiRhs Constant start:173:11 end:173:12:
                vpiParent: ParamAssign
                vpiTypespec RefTypespec:
                  vpiParent: Constant
                  vpiFullName: Test.ffq
                  vpiActual: IntTypespec
                vpiConstType: unsigned int (9)
                vpiSize: 64
                vpiDecompile: "1"
                vpiValue: 1
          vpiModule: Module name:ffq
        ModuleTypespec name:ffq start:174:4 end:174:7:
          vpiParent: Module name:Test
          vpiName Identifier name:ffq start:174:4 end:174:7:
          vpiDefName: ffq
          vpiParamAssign (1 items):
            ParamAssign start:174:11 end:174:12:
              vpiParent: ModuleTypespec name:ffq
              vpiOverridden: true
              vpiRhs Constant start:174:11 end:174:12:
                vpiParent: ParamAssign
                vpiTypespec RefTypespec:
                  vpiParent: Constant
                  vpiFullName: Test.ffq
                  vpiActual: IntTypespec
                vpiConstType: unsigned int (9)
                vpiSize: 64
                vpiDecompile: "1"
                vpiValue: 1
          vpiModule: Module name:ffq
        ModuleTypespec name:ffq start:175:4 end:175:7:
          vpiParent: Module name:Test
          vpiName Identifier name:ffq start:175:4 end:175:7:
          vpiDefName: ffq
          vpiParamAssign (1 items):
            ParamAssign start:175:11 end:175:12:
              vpiParent: ModuleTypespec name:ffq
              vpiOverridden: true
              vpiRhs Constant start:175:11 end:175:12:
                vpiParent: ParamAssign
                vpiTypespec RefTypespec:
                  vpiParent: Constant
                  vpiFullName: Test.ffq
                  vpiActual: IntTypespec
                vpiConstType: unsigned int (9)
                vpiSize: 64
                vpiDecompile: "1"
                vpiValue: 1
          vpiModule: Module name:ffq
        ModuleTypespec name:ffq start:176:4 end:176:7:
          vpiParent: Module name:Test
          vpiName Identifier name:ffq start:176:4 end:176:7:
          vpiDefName: ffq
          vpiParamAssign (1 items):
            ParamAssign start:176:11 end:176:12:
              vpiParent: ModuleTypespec name:ffq
              vpiOverridden: true
              vpiRhs Constant start:176:11 end:176:12:
                vpiParent: ParamAssign
                vpiTypespec RefTypespec:
                  vpiParent: Constant
                  vpiFullName: Test.ffq
                  vpiActual: IntTypespec
                vpiConstType: unsigned int (9)
                vpiSize: 64
                vpiDecompile: "1"
                vpiValue: 1
          vpiModule: Module name:ffq
      vpiDefName: Test
      vpiDefNetType: wire (1)
      vpiDefDelayMode: none (1)
      vpiUnconnDrive: highz (1)
      vpiLibrary RefObj name:work start:138:8 end:138:12:
        vpiParent: Module name:Test
        vpiName: work
        vpiFullName: Test.work
        vpiActual: Library name:work
      vpiCell: Test
      vpiNet (6 items):
        Net name:clk start:144:10 end:144:13:
          vpiParent: Module name:Test
          vpiTypespec RefTypespec:
            vpiParent: Net name:clk
            vpiFullName: Test.clk
            vpiActual: LogicTypespec
          vpiName: clk
          vpiFullName: Test.clk
          vpiNetType: wire (1)
          vpiScalar: true
        Net name:dvld start:146:16 end:146:20:
          vpiParent: Module name:Test
          vpiTypespec RefTypespec start:146:10 end:146:15:
            vpiParent: Net name:dvld
            vpiFullName: Test.dvld
            vpiActual: LogicTypespec
          vpiName: dvld
          vpiFullName: Test.dvld
          vpiNetType: wire (1)
          vpiVector: true
        Net name:ff_en_e1 start:147:16 end:147:24:
          vpiParent: Module name:Test
          vpiTypespec RefTypespec start:147:10 end:147:15:
            vpiParent: Net name:ff_en_e1
            vpiFullName: Test.ff_en_e1
            vpiActual: LogicTypespec
          vpiName: ff_en_e1
          vpiFullName: Test.ff_en_e1
          vpiNetType: wire (1)
          vpiVector: true
        Net name:ff_en_vld start:149:17 end:149:26:
          vpiParent: Module name:Test
          vpiTypespec RefTypespec start:153:9 end:153:14:
            vpiParent: Net name:ff_en_vld
            vpiFullName: Test.ff_en_vld
            vpiActual: LogicTypespec
          vpiName: ff_en_vld
          vpiFullName: Test.ff_en_vld
          vpiNetDeclAssign: true
          vpiNetType: wire (1)
          vpiVector: true
        Net name:entry_vld start:150:22 end:150:31:
          vpiParent: Module name:Test
          vpiTypespec RefTypespec start:150:16 end:150:21:
            vpiParent: Net name:entry_vld
            vpiFullName: Test.entry_vld
            vpiActual: LogicTypespec
          vpiName: entry_vld
          vpiFullName: Test.entry_vld
          vpiNetType: wire (1)
          vpiVector: true
        Net name:gclk_vld start:152:15 end:152:23:
          vpiParent: Module name:Test
          vpiTypespec RefTypespec start:152:9 end:152:14:
            vpiParent: Net name:gclk_vld
            vpiFullName: Test.gclk_vld
            vpiActual: LogicTypespec
          vpiName: gclk_vld
          vpiFullName: Test.gclk_vld
          vpiNetDeclAssign: true
          vpiNetType: wire (1)
          vpiVector: true
      vpiPort (5 items):
        Port name:ff_en_vld start:140:4 end:140:13:
          vpiParent: Module name:Test
          vpiName: ff_en_vld
          vpiDirection: output (2)
          vpiLowConn RefObj name:ff_en_vld start:149:17 end:149:26:
            vpiParent: Port name:ff_en_vld
            vpiName: ff_en_vld
            vpiFullName: Test.ff_en_vld.ff_en_vld
            vpiActual: Net name:ff_en_vld
        Port name:entry_vld start:140:15 end:140:24:
          vpiParent: Module name:Test
          vpiName: entry_vld
          vpiDirection: output (2)
          vpiLowConn RefObj name:entry_vld start:150:22 end:150:31:
            vpiParent: Port name:entry_vld
            vpiName: entry_vld
            vpiFullName: Test.entry_vld.entry_vld
            vpiActual: Net name:entry_vld
          vpiTypespec RefTypespec start:150:16 end:150:21:
            vpiParent: Port name:entry_vld
            vpiFullName: Test.entry_vld
            vpiActual: LogicTypespec
        Port name:clk start:142:4 end:142:7:
          vpiParent: Module name:Test
          vpiName: clk
          vpiDirection: input (1)
          vpiLowConn RefObj name:clk start:144:10 end:144:13:
            vpiParent: Port name:clk
            vpiName: clk
            vpiFullName: Test.clk.clk
            vpiActual: Net name:clk
          vpiTypespec RefTypespec:
            vpiParent: Port name:clk
            vpiFullName: Test.clk
            vpiActual: LogicTypespec
        Port name:dvld start:142:9 end:142:13:
          vpiParent: Module name:Test
          vpiName: dvld
          vpiDirection: input (1)
          vpiLowConn RefObj name:dvld start:146:16 end:146:20:
            vpiParent: Port name:dvld
            vpiName: dvld
            vpiFullName: Test.dvld.dvld
            vpiActual: Net name:dvld
          vpiTypespec RefTypespec start:146:10 end:146:15:
            vpiParent: Port name:dvld
            vpiFullName: Test.dvld
            vpiActual: LogicTypespec
        Port name:ff_en_e1 start:142:15 end:142:23:
          vpiParent: Module name:Test
          vpiName: ff_en_e1
          vpiDirection: input (1)
          vpiLowConn RefObj name:ff_en_e1 start:147:16 end:147:24:
            vpiParent: Port name:ff_en_e1
            vpiName: ff_en_e1
            vpiFullName: Test.ff_en_e1.ff_en_e1
            vpiActual: Net name:ff_en_e1
          vpiTypespec RefTypespec start:147:10 end:147:15:
            vpiParent: Port name:ff_en_e1
            vpiFullName: Test.ff_en_e1
            vpiActual: LogicTypespec
      vpiProcess (1 items):
        Always start:156:4 end:156:50:
          vpiParent: Module name:Test
          vpiStmt EventControl start:156:11 end:156:50:
            vpiParent: Always
            vpiCondition Operation start:156:13 end:156:24:
              vpiParent: EventControl
              vpiOpType: posedge (39)
              vpiOperand (1 items):
                RefObj name:clk start:156:21 end:156:24:
                  vpiParent: Operation
                  vpiName: clk
                  vpiFullName: Test.clk
                  vpiActual: Net name:clk
            vpiStmt Assignment start:156:26 end:156:49:
              vpiParent: EventControl
              vpiLhs RefObj name:flop_en_vld start:156:26 end:156:37:
                vpiParent: Assignment
                vpiName: flop_en_vld
                vpiFullName: Test.flop_en_vld
                vpiActual: Variable name:flop_en_vld
              vpiRhs RefObj name:ff_en_e1 start:156:41 end:156:49:
                vpiParent: Assignment
                vpiName: ff_en_e1
                vpiFullName: Test.ff_en_e1
                vpiActual: Net name:ff_en_e1
          vpiAlwaysType: always (1)
      vpiContAssign (1 items):
        ContAssign start:160:11 end:160:42:
          vpiParent: Module name:Test
          vpiLhs RefObj name:gclk_vld start:160:11 end:160:19:
            vpiParent: ContAssign
            vpiName: gclk_vld
            vpiFullName: Test.gclk_vld
            vpiActual: Net name:gclk_vld
          vpiRhs Operation start:160:22 end:160:42:
            vpiParent: ContAssign
            vpiOpType: bitwise and (28)
            vpiOperand (2 items):
              Operation start:160:22 end:160:30:
                vpiParent: Operation
                vpiOpType: multi-concatenation (34)
                vpiOperand (2 items):
                  Constant start:160:23 end:160:24:
                    vpiParent: Operation
                    vpiTypespec RefTypespec:
                      vpiParent: Constant
                      vpiFullName: Test
                      vpiActual: IntTypespec
                    vpiConstType: unsigned int (9)
                    vpiSize: 64
                    vpiDecompile: "8"
                    vpiValue: 8
                  Operation start:160:24 end:160:29:
                    vpiParent: Operation
                    vpiOpType: concatenation (33)
                    vpiOperand (1 items):
                      RefObj name:clk start:160:25 end:160:28:
                        vpiParent: Operation
                        vpiName: clk
                        vpiFullName: Test.clk
                        vpiActual: Net name:clk
              RefObj name:ff_en_vld start:160:33 end:160:42:
                vpiParent: Operation
                vpiName: ff_en_vld
                vpiFullName: Test.ff_en_vld
                vpiActual: Net name:ff_en_vld
      vpiRefInstance (9 items):
        RefInstance name:dp_ff_en_vld start:166:15 end:166:27:
          vpiParent: Module name:Test
          vpiName: dp_ff_en_vld
          vpiTypespec RefTypespec name:llq start:166:4 end:166:7:
            vpiParent: RefInstance name:dp_ff_en_vld
            vpiName: llq
            vpiFullName: Test.dp_ff_en_vld.llq
            vpiActual: ModuleTypespec name:llq
          vpiPort (3 items):
            Port start:166:29 end:166:38:
              vpiParent: RefInstance name:dp_ff_en_vld
              vpiLowConn RefObj name:clk start:166:30 end:166:33:
                vpiParent: Port
                vpiName: clk
                vpiFullName: Test.dp_ff_en_vld.clk
                vpiActual: Net name:clk
              vpiHighConn RefObj name:clk start:166:34 end:166:37:
                vpiParent: Port
                vpiName: clk
                vpiFullName: Test.dp_ff_en_vld.clk
                vpiActual: Net name:clk
            Port start:166:40 end:166:55:
              vpiParent: RefInstance name:dp_ff_en_vld
              vpiLowConn RefObj name:d start:166:41 end:166:42:
                vpiParent: Port
                vpiName: d
                vpiFullName: Test.dp_ff_en_vld.d
                vpiActual: Port name:d
              vpiHighConn RefObj name:flop_en_vld start:166:43 end:166:54:
                vpiParent: Port
                vpiName: flop_en_vld
                vpiFullName: Test.dp_ff_en_vld.flop_en_vld
                vpiActual: Variable name:flop_en_vld
            Port start:166:57 end:166:70:
              vpiParent: RefInstance name:dp_ff_en_vld
              vpiLowConn RefObj name:q start:166:58 end:166:59:
                vpiParent: Port
                vpiName: q
                vpiFullName: Test.dp_ff_en_vld.q
                vpiActual: Port name:q
              vpiHighConn RefObj name:ff_en_vld start:166:60 end:166:69:
                vpiParent: Port
                vpiName: ff_en_vld
                vpiFullName: Test.dp_ff_en_vld.ff_en_vld
                vpiActual: Net name:ff_en_vld
        RefInstance name:ff_entry_dvld_0 start:169:15 end:169:30:
          vpiParent: Module name:Test
          vpiName: ff_entry_dvld_0
          vpiTypespec RefTypespec name:ffq start:169:4 end:169:7:
            vpiParent: RefInstance name:ff_entry_dvld_0
            vpiName: ffq
            vpiFullName: Test.ff_entry_dvld_0.ffq
            vpiActual: ModuleTypespec name:ffq
          vpiPort (3 items):
            Port start:169:32 end:169:49:
              vpiParent: RefInstance name:ff_entry_dvld_0
              vpiLowConn RefObj name:clk start:169:33 end:169:36:
                vpiParent: Port
                vpiName: clk
                vpiFullName: Test.ff_entry_dvld_0.clk
                vpiActual: Net name:clk
              vpiHighConn BitSelect name:gclk_vld[0] start:169:37 end:169:48:
                vpiParent: Port
                vpiName: gclk_vld[0]
                vpiFullName: Test.ff_entry_dvld_0.gclk_vld[0]
                vpiPrefix RefObj name:gclk_vld start:169:37 end:169:45:
                  vpiParent: BitSelect name:gclk_vld[0]
                  vpiName: gclk_vld
                  vpiFullName: Test.ff_entry_dvld_0.gclk_vld
                  vpiActual: Net name:gclk_vld
                vpiIndex Constant start:169:46 end:169:47:
                  vpiParent: BitSelect name:gclk_vld[0]
                  vpiTypespec RefTypespec:
                    vpiParent: Constant
                    vpiFullName: Test.ff_entry_dvld_0.gclk_vld[0]
                    vpiActual: IntTypespec
                  vpiConstType: unsigned int (9)
                  vpiSize: 64
                  vpiDecompile: "0"
                  vpiValue: 0
            Port start:169:51 end:169:62:
              vpiParent: RefInstance name:ff_entry_dvld_0
              vpiLowConn RefObj name:d start:169:52 end:169:53:
                vpiParent: Port
                vpiName: d
                vpiFullName: Test.ff_entry_dvld_0.d
                vpiActual: Port name:d
              vpiHighConn BitSelect name:dvld[0] start:169:54 end:169:61:
                vpiParent: Port
                vpiName: dvld[0]
                vpiFullName: Test.ff_entry_dvld_0.dvld[0]
                vpiPrefix RefObj name:dvld start:169:54 end:169:58:
                  vpiParent: BitSelect name:dvld[0]
                  vpiName: dvld
                  vpiFullName: Test.ff_entry_dvld_0.dvld
                  vpiActual: Net name:dvld
                vpiIndex Constant start:169:59 end:169:60:
                  vpiParent: BitSelect name:dvld[0]
                  vpiTypespec RefTypespec:
                    vpiParent: Constant
                    vpiFullName: Test.ff_entry_dvld_0.dvld[0]
                    vpiActual: IntTypespec
                  vpiConstType: unsigned int (9)
                  vpiSize: 64
                  vpiDecompile: "0"
                  vpiValue: 0
            Port start:169:64 end:169:80:
              vpiParent: RefInstance name:ff_entry_dvld_0
              vpiLowConn RefObj name:q start:169:65 end:169:66:
                vpiParent: Port
                vpiName: q
                vpiFullName: Test.ff_entry_dvld_0.q
                vpiActual: Port name:q
              vpiHighConn BitSelect name:entry_vld[0] start:169:67 end:169:79:
                vpiParent: Port
                vpiName: entry_vld[0]
                vpiFullName: Test.ff_entry_dvld_0.entry_vld[0]
                vpiPrefix RefObj name:entry_vld start:169:67 end:169:76:
                  vpiParent: BitSelect name:entry_vld[0]
                  vpiName: entry_vld
                  vpiFullName: Test.ff_entry_dvld_0.entry_vld
                  vpiActual: Net name:entry_vld
                vpiIndex Constant start:169:77 end:169:78:
                  vpiParent: BitSelect name:entry_vld[0]
                  vpiTypespec RefTypespec:
                    vpiParent: Constant
                    vpiFullName: Test.ff_entry_dvld_0.entry_vld[0]
                    vpiActual: IntTypespec
                  vpiConstType: unsigned int (9)
                  vpiSize: 64
                  vpiDecompile: "0"
                  vpiValue: 0
        RefInstance name:ff_entry_dvld_1 start:170:15 end:170:30:
          vpiParent: Module name:Test
          vpiName: ff_entry_dvld_1
          vpiTypespec RefTypespec name:ffq start:170:4 end:170:7:
            vpiParent: RefInstance name:ff_entry_dvld_1
            vpiName: ffq
            vpiFullName: Test.ff_entry_dvld_1.ffq
            vpiActual: ModuleTypespec name:ffq
          vpiPort (3 items):
            Port start:170:32 end:170:49:
              vpiParent: RefInstance name:ff_entry_dvld_1
              vpiLowConn RefObj name:clk start:170:33 end:170:36:
                vpiParent: Port
                vpiName: clk
                vpiFullName: Test.ff_entry_dvld_1.clk
                vpiActual: Net name:clk
              vpiHighConn BitSelect name:gclk_vld[1] start:170:37 end:170:48:
                vpiParent: Port
                vpiName: gclk_vld[1]
                vpiFullName: Test.ff_entry_dvld_1.gclk_vld[1]
                vpiPrefix RefObj name:gclk_vld start:170:37 end:170:45:
                  vpiParent: BitSelect name:gclk_vld[1]
                  vpiName: gclk_vld
                  vpiFullName: Test.ff_entry_dvld_1.gclk_vld
                  vpiActual: Net name:gclk_vld
                vpiIndex Constant start:170:46 end:170:47:
                  vpiParent: BitSelect name:gclk_vld[1]
                  vpiTypespec RefTypespec:
                    vpiParent: Constant
                    vpiFullName: Test.ff_entry_dvld_1.gclk_vld[1]
                    vpiActual: IntTypespec
                  vpiConstType: unsigned int (9)
                  vpiSize: 64
                  vpiDecompile: "1"
                  vpiValue: 1
            Port start:170:51 end:170:62:
              vpiParent: RefInstance name:ff_entry_dvld_1
              vpiLowConn RefObj name:d start:170:52 end:170:53:
                vpiParent: Port
                vpiName: d
                vpiFullName: Test.ff_entry_dvld_1.d
                vpiActual: Port name:d
              vpiHighConn BitSelect name:dvld[1] start:170:54 end:170:61:
                vpiParent: Port
                vpiName: dvld[1]
                vpiFullName: Test.ff_entry_dvld_1.dvld[1]
                vpiPrefix RefObj name:dvld start:170:54 end:170:58:
                  vpiParent: BitSelect name:dvld[1]
                  vpiName: dvld
                  vpiFullName: Test.ff_entry_dvld_1.dvld
                  vpiActual: Net name:dvld
                vpiIndex Constant start:170:59 end:170:60:
                  vpiParent: BitSelect name:dvld[1]
                  vpiTypespec RefTypespec:
                    vpiParent: Constant
                    vpiFullName: Test.ff_entry_dvld_1.dvld[1]
                    vpiActual: IntTypespec
                  vpiConstType: unsigned int (9)
                  vpiSize: 64
                  vpiDecompile: "1"
                  vpiValue: 1
            Port start:170:64 end:170:80:
              vpiParent: RefInstance name:ff_entry_dvld_1
              vpiLowConn RefObj name:q start:170:65 end:170:66:
                vpiParent: Port
                vpiName: q
                vpiFullName: Test.ff_entry_dvld_1.q
                vpiActual: Port name:q
              vpiHighConn BitSelect name:entry_vld[1] start:170:67 end:170:79:
                vpiParent: Port
                vpiName: entry_vld[1]
                vpiFullName: Test.ff_entry_dvld_1.entry_vld[1]
                vpiPrefix RefObj name:entry_vld start:170:67 end:170:76:
                  vpiParent: BitSelect name:entry_vld[1]
                  vpiName: entry_vld
                  vpiFullName: Test.ff_entry_dvld_1.entry_vld
                  vpiActual: Net name:entry_vld
                vpiIndex Constant start:170:77 end:170:78:
                  vpiParent: BitSelect name:entry_vld[1]
                  vpiTypespec RefTypespec:
                    vpiParent: Constant
                    vpiFullName: Test.ff_entry_dvld_1.entry_vld[1]
                    vpiActual: IntTypespec
                  vpiConstType: unsigned int (9)
                  vpiSize: 64
                  vpiDecompile: "1"
                  vpiValue: 1
        RefInstance name:ff_entry_dvld_2 start:171:15 end:171:30:
          vpiParent: Module name:Test
          vpiName: ff_entry_dvld_2
          vpiTypespec RefTypespec name:ffq start:171:4 end:171:7:
            vpiParent: RefInstance name:ff_entry_dvld_2
            vpiName: ffq
            vpiFullName: Test.ff_entry_dvld_2.ffq
            vpiActual: ModuleTypespec name:ffq
          vpiPort (3 items):
            Port start:171:32 end:171:49:
              vpiParent: RefInstance name:ff_entry_dvld_2
              vpiLowConn RefObj name:clk start:171:33 end:171:36:
                vpiParent: Port
                vpiName: clk
                vpiFullName: Test.ff_entry_dvld_2.clk
                vpiActual: Net name:clk
              vpiHighConn BitSelect name:gclk_vld[2] start:171:37 end:171:48:
                vpiParent: Port
                vpiName: gclk_vld[2]
                vpiFullName: Test.ff_entry_dvld_2.gclk_vld[2]
                vpiPrefix RefObj name:gclk_vld start:171:37 end:171:45:
                  vpiParent: BitSelect name:gclk_vld[2]
                  vpiName: gclk_vld
                  vpiFullName: Test.ff_entry_dvld_2.gclk_vld
                  vpiActual: Net name:gclk_vld
                vpiIndex Constant start:171:46 end:171:47:
                  vpiParent: BitSelect name:gclk_vld[2]
                  vpiTypespec RefTypespec:
                    vpiParent: Constant
                    vpiFullName: Test.ff_entry_dvld_2.gclk_vld[2]
                    vpiActual: IntTypespec
                  vpiConstType: unsigned int (9)
                  vpiSize: 64
                  vpiDecompile: "2"
                  vpiValue: 2
            Port start:171:51 end:171:62:
              vpiParent: RefInstance name:ff_entry_dvld_2
              vpiLowConn RefObj name:d start:171:52 end:171:53:
                vpiParent: Port
                vpiName: d
                vpiFullName: Test.ff_entry_dvld_2.d
                vpiActual: Port name:d
              vpiHighConn BitSelect name:dvld[2] start:171:54 end:171:61:
                vpiParent: Port
                vpiName: dvld[2]
                vpiFullName: Test.ff_entry_dvld_2.dvld[2]
                vpiPrefix RefObj name:dvld start:171:54 end:171:58:
                  vpiParent: BitSelect name:dvld[2]
                  vpiName: dvld
                  vpiFullName: Test.ff_entry_dvld_2.dvld
                  vpiActual: Net name:dvld
                vpiIndex Constant start:171:59 end:171:60:
                  vpiParent: BitSelect name:dvld[2]
                  vpiTypespec RefTypespec:
                    vpiParent: Constant
                    vpiFullName: Test.ff_entry_dvld_2.dvld[2]
                    vpiActual: IntTypespec
                  vpiConstType: unsigned int (9)
                  vpiSize: 64
                  vpiDecompile: "2"
                  vpiValue: 2
            Port start:171:64 end:171:80:
              vpiParent: RefInstance name:ff_entry_dvld_2
              vpiLowConn RefObj name:q start:171:65 end:171:66:
                vpiParent: Port
                vpiName: q
                vpiFullName: Test.ff_entry_dvld_2.q
                vpiActual: Port name:q
              vpiHighConn BitSelect name:entry_vld[2] start:171:67 end:171:79:
                vpiParent: Port
                vpiName: entry_vld[2]
                vpiFullName: Test.ff_entry_dvld_2.entry_vld[2]
                vpiPrefix RefObj name:entry_vld start:171:67 end:171:76:
                  vpiParent: BitSelect name:entry_vld[2]
                  vpiName: entry_vld
                  vpiFullName: Test.ff_entry_dvld_2.entry_vld
                  vpiActual: Net name:entry_vld
                vpiIndex Constant start:171:77 end:171:78:
                  vpiParent: BitSelect name:entry_vld[2]
                  vpiTypespec RefTypespec:
                    vpiParent: Constant
                    vpiFullName: Test.ff_entry_dvld_2.entry_vld[2]
                    vpiActual: IntTypespec
                  vpiConstType: unsigned int (9)
                  vpiSize: 64
                  vpiDecompile: "2"
                  vpiValue: 2
        RefInstance name:ff_entry_dvld_3 start:172:15 end:172:30:
          vpiParent: Module name:Test
          vpiName: ff_entry_dvld_3
          vpiTypespec RefTypespec name:ffq start:172:4 end:172:7:
            vpiParent: RefInstance name:ff_entry_dvld_3
            vpiName: ffq
            vpiFullName: Test.ff_entry_dvld_3.ffq
            vpiActual: ModuleTypespec name:ffq
          vpiPort (3 items):
            Port start:172:32 end:172:49:
              vpiParent: RefInstance name:ff_entry_dvld_3
              vpiLowConn RefObj name:clk start:172:33 end:172:36:
                vpiParent: Port
                vpiName: clk
                vpiFullName: Test.ff_entry_dvld_3.clk
                vpiActual: Net name:clk
              vpiHighConn BitSelect name:gclk_vld[3] start:172:37 end:172:48:
                vpiParent: Port
                vpiName: gclk_vld[3]
                vpiFullName: Test.ff_entry_dvld_3.gclk_vld[3]
                vpiPrefix RefObj name:gclk_vld start:172:37 end:172:45:
                  vpiParent: BitSelect name:gclk_vld[3]
                  vpiName: gclk_vld
                  vpiFullName: Test.ff_entry_dvld_3.gclk_vld
                  vpiActual: Net name:gclk_vld
                vpiIndex Constant start:172:46 end:172:47:
                  vpiParent: BitSelect name:gclk_vld[3]
                  vpiTypespec RefTypespec:
                    vpiParent: Constant
                    vpiFullName: Test.ff_entry_dvld_3.gclk_vld[3]
                    vpiActual: IntTypespec
                  vpiConstType: unsigned int (9)
                  vpiSize: 64
                  vpiDecompile: "3"
                  vpiValue: 3
            Port start:172:51 end:172:62:
              vpiParent: RefInstance name:ff_entry_dvld_3
              vpiLowConn RefObj name:d start:172:52 end:172:53:
                vpiParent: Port
                vpiName: d
                vpiFullName: Test.ff_entry_dvld_3.d
                vpiActual: Port name:d
              vpiHighConn BitSelect name:dvld[3] start:172:54 end:172:61:
                vpiParent: Port
                vpiName: dvld[3]
                vpiFullName: Test.ff_entry_dvld_3.dvld[3]
                vpiPrefix RefObj name:dvld start:172:54 end:172:58:
                  vpiParent: BitSelect name:dvld[3]
                  vpiName: dvld
                  vpiFullName: Test.ff_entry_dvld_3.dvld
                  vpiActual: Net name:dvld
                vpiIndex Constant start:172:59 end:172:60:
                  vpiParent: BitSelect name:dvld[3]
                  vpiTypespec RefTypespec:
                    vpiParent: Constant
                    vpiFullName: Test.ff_entry_dvld_3.dvld[3]
                    vpiActual: IntTypespec
                  vpiConstType: unsigned int (9)
                  vpiSize: 64
                  vpiDecompile: "3"
                  vpiValue: 3
            Port start:172:64 end:172:80:
              vpiParent: RefInstance name:ff_entry_dvld_3
              vpiLowConn RefObj name:q start:172:65 end:172:66:
                vpiParent: Port
                vpiName: q
                vpiFullName: Test.ff_entry_dvld_3.q
                vpiActual: Port name:q
              vpiHighConn BitSelect name:entry_vld[3] start:172:67 end:172:79:
                vpiParent: Port
                vpiName: entry_vld[3]
                vpiFullName: Test.ff_entry_dvld_3.entry_vld[3]
                vpiPrefix RefObj name:entry_vld start:172:67 end:172:76:
                  vpiParent: BitSelect name:entry_vld[3]
                  vpiName: entry_vld
                  vpiFullName: Test.ff_entry_dvld_3.entry_vld
                  vpiActual: Net name:entry_vld
                vpiIndex Constant start:172:77 end:172:78:
                  vpiParent: BitSelect name:entry_vld[3]
                  vpiTypespec RefTypespec:
                    vpiParent: Constant
                    vpiFullName: Test.ff_entry_dvld_3.entry_vld[3]
                    vpiActual: IntTypespec
                  vpiConstType: unsigned int (9)
                  vpiSize: 64
                  vpiDecompile: "3"
                  vpiValue: 3
        RefInstance name:ff_entry_dvld_4 start:173:15 end:173:30:
          vpiParent: Module name:Test
          vpiName: ff_entry_dvld_4
          vpiTypespec RefTypespec name:ffq start:173:4 end:173:7:
            vpiParent: RefInstance name:ff_entry_dvld_4
            vpiName: ffq
            vpiFullName: Test.ff_entry_dvld_4.ffq
            vpiActual: ModuleTypespec name:ffq
          vpiPort (3 items):
            Port start:173:32 end:173:49:
              vpiParent: RefInstance name:ff_entry_dvld_4
              vpiLowConn RefObj name:clk start:173:33 end:173:36:
                vpiParent: Port
                vpiName: clk
                vpiFullName: Test.ff_entry_dvld_4.clk
                vpiActual: Net name:clk
              vpiHighConn BitSelect name:gclk_vld[4] start:173:37 end:173:48:
                vpiParent: Port
                vpiName: gclk_vld[4]
                vpiFullName: Test.ff_entry_dvld_4.gclk_vld[4]
                vpiPrefix RefObj name:gclk_vld start:173:37 end:173:45:
                  vpiParent: BitSelect name:gclk_vld[4]
                  vpiName: gclk_vld
                  vpiFullName: Test.ff_entry_dvld_4.gclk_vld
                  vpiActual: Net name:gclk_vld
                vpiIndex Constant start:173:46 end:173:47:
                  vpiParent: BitSelect name:gclk_vld[4]
                  vpiTypespec RefTypespec:
                    vpiParent: Constant
                    vpiFullName: Test.ff_entry_dvld_4.gclk_vld[4]
                    vpiActual: IntTypespec
                  vpiConstType: unsigned int (9)
                  vpiSize: 64
                  vpiDecompile: "4"
                  vpiValue: 4
            Port start:173:51 end:173:62:
              vpiParent: RefInstance name:ff_entry_dvld_4
              vpiLowConn RefObj name:d start:173:52 end:173:53:
                vpiParent: Port
                vpiName: d
                vpiFullName: Test.ff_entry_dvld_4.d
                vpiActual: Port name:d
              vpiHighConn BitSelect name:dvld[4] start:173:54 end:173:61:
                vpiParent: Port
                vpiName: dvld[4]
                vpiFullName: Test.ff_entry_dvld_4.dvld[4]
                vpiPrefix RefObj name:dvld start:173:54 end:173:58:
                  vpiParent: BitSelect name:dvld[4]
                  vpiName: dvld
                  vpiFullName: Test.ff_entry_dvld_4.dvld
                  vpiActual: Net name:dvld
                vpiIndex Constant start:173:59 end:173:60:
                  vpiParent: BitSelect name:dvld[4]
                  vpiTypespec RefTypespec:
                    vpiParent: Constant
                    vpiFullName: Test.ff_entry_dvld_4.dvld[4]
                    vpiActual: IntTypespec
                  vpiConstType: unsigned int (9)
                  vpiSize: 64
                  vpiDecompile: "4"
                  vpiValue: 4
            Port start:173:64 end:173:80:
              vpiParent: RefInstance name:ff_entry_dvld_4
              vpiLowConn RefObj name:q start:173:65 end:173:66:
                vpiParent: Port
                vpiName: q
                vpiFullName: Test.ff_entry_dvld_4.q
                vpiActual: Port name:q
              vpiHighConn BitSelect name:entry_vld[4] start:173:67 end:173:79:
                vpiParent: Port
                vpiName: entry_vld[4]
                vpiFullName: Test.ff_entry_dvld_4.entry_vld[4]
                vpiPrefix RefObj name:entry_vld start:173:67 end:173:76:
                  vpiParent: BitSelect name:entry_vld[4]
                  vpiName: entry_vld
                  vpiFullName: Test.ff_entry_dvld_4.entry_vld
                  vpiActual: Net name:entry_vld
                vpiIndex Constant start:173:77 end:173:78:
                  vpiParent: BitSelect name:entry_vld[4]
                  vpiTypespec RefTypespec:
                    vpiParent: Constant
                    vpiFullName: Test.ff_entry_dvld_4.entry_vld[4]
                    vpiActual: IntTypespec
                  vpiConstType: unsigned int (9)
                  vpiSize: 64
                  vpiDecompile: "4"
                  vpiValue: 4
        RefInstance name:ff_entry_dvld_5 start:174:15 end:174:30:
          vpiParent: Module name:Test
          vpiName: ff_entry_dvld_5
          vpiTypespec RefTypespec name:ffq start:174:4 end:174:7:
            vpiParent: RefInstance name:ff_entry_dvld_5
            vpiName: ffq
            vpiFullName: Test.ff_entry_dvld_5.ffq
            vpiActual: ModuleTypespec name:ffq
          vpiPort (3 items):
            Port start:174:32 end:174:49:
              vpiParent: RefInstance name:ff_entry_dvld_5
              vpiLowConn RefObj name:clk start:174:33 end:174:36:
                vpiParent: Port
                vpiName: clk
                vpiFullName: Test.ff_entry_dvld_5.clk
                vpiActual: Net name:clk
              vpiHighConn BitSelect name:gclk_vld[5] start:174:37 end:174:48:
                vpiParent: Port
                vpiName: gclk_vld[5]
                vpiFullName: Test.ff_entry_dvld_5.gclk_vld[5]
                vpiPrefix RefObj name:gclk_vld start:174:37 end:174:45:
                  vpiParent: BitSelect name:gclk_vld[5]
                  vpiName: gclk_vld
                  vpiFullName: Test.ff_entry_dvld_5.gclk_vld
                  vpiActual: Net name:gclk_vld
                vpiIndex Constant start:174:46 end:174:47:
                  vpiParent: BitSelect name:gclk_vld[5]
                  vpiTypespec RefTypespec:
                    vpiParent: Constant
                    vpiFullName: Test.ff_entry_dvld_5.gclk_vld[5]
                    vpiActual: IntTypespec
                  vpiConstType: unsigned int (9)
                  vpiSize: 64
                  vpiDecompile: "5"
                  vpiValue: 5
            Port start:174:51 end:174:62:
              vpiParent: RefInstance name:ff_entry_dvld_5
              vpiLowConn RefObj name:d start:174:52 end:174:53:
                vpiParent: Port
                vpiName: d
                vpiFullName: Test.ff_entry_dvld_5.d
                vpiActual: Port name:d
              vpiHighConn BitSelect name:dvld[5] start:174:54 end:174:61:
                vpiParent: Port
                vpiName: dvld[5]
                vpiFullName: Test.ff_entry_dvld_5.dvld[5]
                vpiPrefix RefObj name:dvld start:174:54 end:174:58:
                  vpiParent: BitSelect name:dvld[5]
                  vpiName: dvld
                  vpiFullName: Test.ff_entry_dvld_5.dvld
                  vpiActual: Net name:dvld
                vpiIndex Constant start:174:59 end:174:60:
                  vpiParent: BitSelect name:dvld[5]
                  vpiTypespec RefTypespec:
                    vpiParent: Constant
                    vpiFullName: Test.ff_entry_dvld_5.dvld[5]
                    vpiActual: IntTypespec
                  vpiConstType: unsigned int (9)
                  vpiSize: 64
                  vpiDecompile: "5"
                  vpiValue: 5
            Port start:174:64 end:174:80:
              vpiParent: RefInstance name:ff_entry_dvld_5
              vpiLowConn RefObj name:q start:174:65 end:174:66:
                vpiParent: Port
                vpiName: q
                vpiFullName: Test.ff_entry_dvld_5.q
                vpiActual: Port name:q
              vpiHighConn BitSelect name:entry_vld[5] start:174:67 end:174:79:
                vpiParent: Port
                vpiName: entry_vld[5]
                vpiFullName: Test.ff_entry_dvld_5.entry_vld[5]
                vpiPrefix RefObj name:entry_vld start:174:67 end:174:76:
                  vpiParent: BitSelect name:entry_vld[5]
                  vpiName: entry_vld
                  vpiFullName: Test.ff_entry_dvld_5.entry_vld
                  vpiActual: Net name:entry_vld
                vpiIndex Constant start:174:77 end:174:78:
                  vpiParent: BitSelect name:entry_vld[5]
                  vpiTypespec RefTypespec:
                    vpiParent: Constant
                    vpiFullName: Test.ff_entry_dvld_5.entry_vld[5]
                    vpiActual: IntTypespec
                  vpiConstType: unsigned int (9)
                  vpiSize: 64
                  vpiDecompile: "5"
                  vpiValue: 5
        RefInstance name:ff_entry_dvld_6 start:175:15 end:175:30:
          vpiParent: Module name:Test
          vpiName: ff_entry_dvld_6
          vpiTypespec RefTypespec name:ffq start:175:4 end:175:7:
            vpiParent: RefInstance name:ff_entry_dvld_6
            vpiName: ffq
            vpiFullName: Test.ff_entry_dvld_6.ffq
            vpiActual: ModuleTypespec name:ffq
          vpiPort (3 items):
            Port start:175:32 end:175:49:
              vpiParent: RefInstance name:ff_entry_dvld_6
              vpiLowConn RefObj name:clk start:175:33 end:175:36:
                vpiParent: Port
                vpiName: clk
                vpiFullName: Test.ff_entry_dvld_6.clk
                vpiActual: Net name:clk
              vpiHighConn BitSelect name:gclk_vld[6] start:175:37 end:175:48:
                vpiParent: Port
                vpiName: gclk_vld[6]
                vpiFullName: Test.ff_entry_dvld_6.gclk_vld[6]
                vpiPrefix RefObj name:gclk_vld start:175:37 end:175:45:
                  vpiParent: BitSelect name:gclk_vld[6]
                  vpiName: gclk_vld
                  vpiFullName: Test.ff_entry_dvld_6.gclk_vld
                  vpiActual: Net name:gclk_vld
                vpiIndex Constant start:175:46 end:175:47:
                  vpiParent: BitSelect name:gclk_vld[6]
                  vpiTypespec RefTypespec:
                    vpiParent: Constant
                    vpiFullName: Test.ff_entry_dvld_6.gclk_vld[6]
                    vpiActual: IntTypespec
                  vpiConstType: unsigned int (9)
                  vpiSize: 64
                  vpiDecompile: "6"
                  vpiValue: 6
            Port start:175:51 end:175:62:
              vpiParent: RefInstance name:ff_entry_dvld_6
              vpiLowConn RefObj name:d start:175:52 end:175:53:
                vpiParent: Port
                vpiName: d
                vpiFullName: Test.ff_entry_dvld_6.d
                vpiActual: Port name:d
              vpiHighConn BitSelect name:dvld[6] start:175:54 end:175:61:
                vpiParent: Port
                vpiName: dvld[6]
                vpiFullName: Test.ff_entry_dvld_6.dvld[6]
                vpiPrefix RefObj name:dvld start:175:54 end:175:58:
                  vpiParent: BitSelect name:dvld[6]
                  vpiName: dvld
                  vpiFullName: Test.ff_entry_dvld_6.dvld
                  vpiActual: Net name:dvld
                vpiIndex Constant start:175:59 end:175:60:
                  vpiParent: BitSelect name:dvld[6]
                  vpiTypespec RefTypespec:
                    vpiParent: Constant
                    vpiFullName: Test.ff_entry_dvld_6.dvld[6]
                    vpiActual: IntTypespec
                  vpiConstType: unsigned int (9)
                  vpiSize: 64
                  vpiDecompile: "6"
                  vpiValue: 6
            Port start:175:64 end:175:80:
              vpiParent: RefInstance name:ff_entry_dvld_6
              vpiLowConn RefObj name:q start:175:65 end:175:66:
                vpiParent: Port
                vpiName: q
                vpiFullName: Test.ff_entry_dvld_6.q
                vpiActual: Port name:q
              vpiHighConn BitSelect name:entry_vld[6] start:175:67 end:175:79:
                vpiParent: Port
                vpiName: entry_vld[6]
                vpiFullName: Test.ff_entry_dvld_6.entry_vld[6]
                vpiPrefix RefObj name:entry_vld start:175:67 end:175:76:
                  vpiParent: BitSelect name:entry_vld[6]
                  vpiName: entry_vld
                  vpiFullName: Test.ff_entry_dvld_6.entry_vld
                  vpiActual: Net name:entry_vld
                vpiIndex Constant start:175:77 end:175:78:
                  vpiParent: BitSelect name:entry_vld[6]
                  vpiTypespec RefTypespec:
                    vpiParent: Constant
                    vpiFullName: Test.ff_entry_dvld_6.entry_vld[6]
                    vpiActual: IntTypespec
                  vpiConstType: unsigned int (9)
                  vpiSize: 64
                  vpiDecompile: "6"
                  vpiValue: 6
        RefInstance name:ff_entry_dvld_7 start:176:15 end:176:30:
          vpiParent: Module name:Test
          vpiName: ff_entry_dvld_7
          vpiTypespec RefTypespec name:ffq start:176:4 end:176:7:
            vpiParent: RefInstance name:ff_entry_dvld_7
            vpiName: ffq
            vpiFullName: Test.ff_entry_dvld_7.ffq
            vpiActual: ModuleTypespec name:ffq
          vpiPort (3 items):
            Port start:176:32 end:176:49:
              vpiParent: RefInstance name:ff_entry_dvld_7
              vpiLowConn RefObj name:clk start:176:33 end:176:36:
                vpiParent: Port
                vpiName: clk
                vpiFullName: Test.ff_entry_dvld_7.clk
                vpiActual: Net name:clk
              vpiHighConn BitSelect name:gclk_vld[7] start:176:37 end:176:48:
                vpiParent: Port
                vpiName: gclk_vld[7]
                vpiFullName: Test.ff_entry_dvld_7.gclk_vld[7]
                vpiPrefix RefObj name:gclk_vld start:176:37 end:176:45:
                  vpiParent: BitSelect name:gclk_vld[7]
                  vpiName: gclk_vld
                  vpiFullName: Test.ff_entry_dvld_7.gclk_vld
                  vpiActual: Net name:gclk_vld
                vpiIndex Constant start:176:46 end:176:47:
                  vpiParent: BitSelect name:gclk_vld[7]
                  vpiTypespec RefTypespec:
                    vpiParent: Constant
                    vpiFullName: Test.ff_entry_dvld_7.gclk_vld[7]
                    vpiActual: IntTypespec
                  vpiConstType: unsigned int (9)
                  vpiSize: 64
                  vpiDecompile: "7"
                  vpiValue: 7
            Port start:176:51 end:176:62:
              vpiParent: RefInstance name:ff_entry_dvld_7
              vpiLowConn RefObj name:d start:176:52 end:176:53:
                vpiParent: Port
                vpiName: d
                vpiFullName: Test.ff_entry_dvld_7.d
                vpiActual: Port name:d
              vpiHighConn BitSelect name:dvld[7] start:176:54 end:176:61:
                vpiParent: Port
                vpiName: dvld[7]
                vpiFullName: Test.ff_entry_dvld_7.dvld[7]
                vpiPrefix RefObj name:dvld start:176:54 end:176:58:
                  vpiParent: BitSelect name:dvld[7]
                  vpiName: dvld
                  vpiFullName: Test.ff_entry_dvld_7.dvld
                  vpiActual: Net name:dvld
                vpiIndex Constant start:176:59 end:176:60:
                  vpiParent: BitSelect name:dvld[7]
                  vpiTypespec RefTypespec:
                    vpiParent: Constant
                    vpiFullName: Test.ff_entry_dvld_7.dvld[7]
                    vpiActual: IntTypespec
                  vpiConstType: unsigned int (9)
                  vpiSize: 64
                  vpiDecompile: "7"
                  vpiValue: 7
            Port start:176:64 end:176:80:
              vpiParent: RefInstance name:ff_entry_dvld_7
              vpiLowConn RefObj name:q start:176:65 end:176:66:
                vpiParent: Port
                vpiName: q
                vpiFullName: Test.ff_entry_dvld_7.q
                vpiActual: Port name:q
              vpiHighConn BitSelect name:entry_vld[7] start:176:67 end:176:79:
                vpiParent: Port
                vpiName: entry_vld[7]
                vpiFullName: Test.ff_entry_dvld_7.entry_vld[7]
                vpiPrefix RefObj name:entry_vld start:176:67 end:176:76:
                  vpiParent: BitSelect name:entry_vld[7]
                  vpiName: entry_vld
                  vpiFullName: Test.ff_entry_dvld_7.entry_vld
                  vpiActual: Net name:entry_vld
                vpiIndex Constant start:176:77 end:176:78:
                  vpiParent: BitSelect name:entry_vld[7]
                  vpiTypespec RefTypespec:
                    vpiParent: Constant
                    vpiFullName: Test.ff_entry_dvld_7.entry_vld[7]
                    vpiActual: IntTypespec
                  vpiConstType: unsigned int (9)
                  vpiSize: 64
                  vpiDecompile: "7"
                  vpiValue: 7
  vpiTypespec (7 items):
    ModuleTypespec name:t:
      vpiParent: Design name:unnamed
      vpiName Identifier name:t start:24:8 end:24:9:
      vpiDefName: t
      vpiModule: Module name:t
    IntTypespec:
      vpiParent: Design name:unnamed
      vpiSigned: true
    LongIntTypespec:
      vpiParent: Design name:unnamed
    StringTypespec:
      vpiParent: Design name:unnamed
    ModuleTypespec name:llq:
      vpiParent: Design name:unnamed
      vpiName Identifier name:llq start:104:8 end:104:11:
      vpiDefName: llq
      vpiModule: Module name:llq
    ModuleTypespec name:ffq:
      vpiParent: Design name:unnamed
      vpiName Identifier name:ffq start:123:8 end:123:11:
      vpiDefName: ffq
      vpiModule: Module name:ffq
    ModuleTypespec name:Test:
      vpiParent: Design name:unnamed
      vpiName Identifier name:Test start:138:8 end:138:12:
      vpiDefName: Test
      vpiModule: Module name:Test
  vpiLibrary (1 items):
    Library name:work:
      vpiParent: Design name:unnamed
      vpiName: work
===================
[  FATAL] : 0
[ SYNTAX] : 0
[  ERROR] : 0
[WARNING] : 0
[   NOTE] : 0
********************************************************************************
*                    End HLC SystemVerilog Compiler/Linter                     *
********************************************************************************

#**#**#**#**#**#**#**#**#**#**#**#**#**#**#**#**#**#**#**#**#**#**#**#**#**#**#**#**#**#**#**#**#**#**#**#**#**#**#**#**

Environment:
      test-name: Verilator/t_clk_latchgate
   test-dirpath: ${HLC_DIR}/regression/Verilator/t_clk_latchgate
  hldb-filepath: ${HLC_DIR}/regression/Verilator/t_clk_latchgate/design.hldb
mounts-filepath: ${HLC_DIR}/regression/Verilator/t_clk_latchgate/mounts.json


{'result': {'coverage': 99.52,
            'error_count': 0,
            'file_count': 1,
            'files': {'$Output/lib/work/t_clk_latchgate.v': {'post_len': 12,
                                                             'pre_len': 2520}},
            'post_len': 12,
            'pre_len': 2520,
            'test_name': 'Verilator/t_clk_latchgate'}}

+------------------------------------+----------+-----------+
| INPUT                              |   PRELEN |   POSTLEN |
+====================================+==========+===========+
| $Output/lib/work/t_clk_latchgate.v |     2520 |        12 |
+====================================+==========+===========+
|                                    |     2520 |        12 |
+------------------------------------+----------+-----------+

[   ERROR] : 0
[COVERAGE] : 99.52


#**#**#**#**#**#**#**#**#**#**#**#**#**#**#**#**#**#**#**#**#**#**#**#**#**#**#**#**#**#**#**#**#**#**#**#**#**#**#**#**

COMMAND: ${HLC_DIR}/regression/Verilator/t_clk_latchgate/design.hldb ${HLC_DIR}/regression/Verilator/t_clk_latchgate/reduced.hldb

==================== BEGIN REDUCTION RESULT ====================
Name                            Before   After   Added   Removed
----------------------------------------------------------------
Constant                           110     110       9         9
Operation                           24      15       0         9
RefObj                             140     131       0         9
RefTypespec                        158     158       9         9
----------------------------------------------------------------
Others                             288     288       0         0
----------------------------------------------------------------
                                   720     702      18        36
===================== END REDUCTION RESULT =====================
