[INF:CM0023] Creating log file "$Output/hlc.log".
AST_DEBUG_BEGIN
Count: 1504
LIB: work
FILE: $Source01/t_select_lhs_oob.v
n<$Source01/t_select_lhs_oob.v> u<1503> t<Top_level_rule> c<1> l<6:1> el<93:1>
  n<> u<1> t<Null_rule> p<1503> s<2> l<6:1> el<6:1>
  n<// DESCRIPTION: Verilator: Verilog Test module> u<2> t<LINE_COMMENT> p<1503> s<3> l<1:1> el<1:47>
  n<//> u<3> t<LINE_COMMENT> p<1503> s<4> l<2:1> el<2:3>
  n<// This file ONLY is placed into the Public Domain, for any use,> u<4> t<LINE_COMMENT> p<1503> s<5> l<3:1> el<3:65>
  n<// without warranty, 2009 by Wilson Snyder.> u<5> t<LINE_COMMENT> p<1503> s<1502> l<4:1> el<4:44>
  n<> u<1502> t<Source_text> p<1503> c<1501> l<6:1> el<92:10>
    n<> u<1501> t<Description> p<1502> c<1500> l<6:1> el<92:10>
      n<> u<1500> t<Module_declaration> p<1501> c<18> l<6:1> el<92:10>
        n<> u<18> t<Module_nonansi_header> p<1500> c<6> s<25> l<6:1> el<9:6>
          n<module> u<6> t<Module_keyword> p<18> s<7> l<6:1> el<6:7>
          n<t> u<7> t<SIMPLE_IDENTIFIER> p<18> s<8> l<6:8> el<6:9>
          n<> u<8> t<Package_import_declaration_list> p<18> s<9> l<6:10> el<6:10>
          n</*AUTOARG*/> u<9> t<BLOCK_COMMENT> p<18> s<10> l<6:10> el<9:5>
          n<// Inputs> u<10> t<LINE_COMMENT> p<18> s<17> l<7:4> el<7:13>
          n<> u<17> t<Port_list> p<18> c<16> l<6:10> el<9:5>
            n<> u<16> t<Port> p<17> c<15> l<8:4> el<8:7>
              n<> u<15> t<Port_expression> p<16> c<14> l<8:4> el<8:7>
                n<> u<14> t<Port_reference> p<15> c<11> l<8:4> el<8:7>
                  n<clk> u<11> t<SIMPLE_IDENTIFIER> p<14> s<13> l<8:4> el<8:7>
                  n<> u<13> t<Constant_select> p<14> c<12> l<9:4> el<9:4>
                    n<> u<12> t<Constant_bit_select> p<13> l<9:4> el<9:4>
        n<> u<25> t<Module_item> p<1500> c<24> s<42> l<10:4> el<10:14>
          n<> u<24> t<Port_declaration> p<25> c<23> l<10:4> el<10:13>
            n<> u<23> t<Input_declaration> p<24> c<20> l<10:4> el<10:13>
              n<> u<20> t<Net_port_type> p<23> c<19> s<22> l<10:10> el<10:10>
                n<> u<19> t<Data_type_or_implicit> p<20> l<10:10> el<10:10>
              n<> u<22> t<Port_identifier_list> p<23> c<21> l<10:10> el<10:13>
                n<clk> u<21> t<SIMPLE_IDENTIFIER> p<22> l<10:10> el<10:13>
        n<> u<42> t<Module_item> p<1500> c<41> s<65> l<11:4> el<11:19>
          n<> u<41> t<Non_port_module_item> p<42> c<40> l<11:4> el<11:19>
            n<> u<40> t<Module_or_generate_item> p<41> c<39> l<11:4> el<11:19>
              n<> u<39> t<Module_common_item> p<40> c<38> l<11:4> el<11:19>
                n<> u<38> t<Module_or_generate_item_declaration> p<39> c<37> l<11:4> el<11:19>
                  n<> u<37> t<Package_or_generate_item_declaration> p<38> c<36> l<11:4> el<11:19>
                    n<> u<36> t<Data_declaration> p<37> c<35> l<11:4> el<11:19>
                      n<> u<35> t<Variable_declaration> p<36> c<27> l<11:4> el<11:19>
                        n<> u<27> t<Data_type> p<35> c<26> s<34> l<11:4> el<11:11>
                          n<> u<26> t<INTEGER> p<27> l<11:4> el<11:11>
                        n<> u<34> t<Variable_decl_assignment_list> p<35> c<33> l<11:13> el<11:18>
                          n<> u<33> t<Variable_decl_assignment> p<34> c<28> l<11:13> el<11:18>
                            n<cyc> u<28> t<SIMPLE_IDENTIFIER> p<33> s<32> l<11:13> el<11:16>
                            n<> u<32> t<Expression> p<33> c<31> l<11:17> el<11:18>
                              n<> u<31> t<Primary> p<32> c<30> l<11:17> el<11:18>
                                n<> u<30> t<Primary_literal> p<31> c<29> l<11:17> el<11:18>
                                  n<0> u<29> t<INTEGRAL_NUMBER> p<30> l<11:17> el<11:18>
        n<> u<65> t<Module_item> p<1500> c<64> s<99> l<13:4> el<13:20>
          n<> u<64> t<Non_port_module_item> p<65> c<63> l<13:4> el<13:20>
            n<> u<63> t<Module_or_generate_item> p<64> c<62> l<13:4> el<13:20>
              n<> u<62> t<Module_common_item> p<63> c<61> l<13:4> el<13:20>
                n<> u<61> t<Module_or_generate_item_declaration> p<62> c<60> l<13:4> el<13:20>
                  n<> u<60> t<Package_or_generate_item_declaration> p<61> c<59> l<13:4> el<13:20>
                    n<> u<59> t<Data_declaration> p<60> c<58> l<13:4> el<13:20>
                      n<> u<58> t<Variable_declaration> p<59> c<54> l<13:4> el<13:20>
                        n<> u<54> t<Data_type> p<58> c<43> s<57> l<13:4> el<13:13>
                          n<> u<43> t<REG> p<54> s<53> l<13:4> el<13:7>
                          n<> u<53> t<Packed_dimension> p<54> c<52> l<13:8> el<13:13>
                            n<> u<52> t<Constant_range> p<53> c<47> l<13:9> el<13:12>
                              n<> u<47> t<Constant_expression> p<52> c<46> s<51> l<13:9> el<13:10>
                                n<> u<46> t<Constant_primary> p<47> c<45> l<13:9> el<13:10>
                                  n<> u<45> t<Primary_literal> p<46> c<44> l<13:9> el<13:10>
                                    n<6> u<44> t<INTEGRAL_NUMBER> p<45> l<13:9> el<13:10>
                              n<> u<51> t<Constant_expression> p<52> c<50> l<13:11> el<13:12>
                                n<> u<50> t<Constant_primary> p<51> c<49> l<13:11> el<13:12>
                                  n<> u<49> t<Primary_literal> p<50> c<48> l<13:11> el<13:12>
                                    n<0> u<48> t<INTEGRAL_NUMBER> p<49> l<13:11> el<13:12>
                        n<> u<57> t<Variable_decl_assignment_list> p<58> c<56> l<13:14> el<13:19>
                          n<> u<56> t<Variable_decl_assignment> p<57> c<55> l<13:14> el<13:19>
                            n<mem1d> u<55> t<SIMPLE_IDENTIFIER> p<56> l<13:14> el<13:19>
        n<> u<99> t<Module_item> p<1500> c<98> s<144> l<14:4> el<14:26>
          n<> u<98> t<Non_port_module_item> p<99> c<97> l<14:4> el<14:26>
            n<> u<97> t<Module_or_generate_item> p<98> c<96> l<14:4> el<14:26>
              n<> u<96> t<Module_common_item> p<97> c<95> l<14:4> el<14:26>
                n<> u<95> t<Module_or_generate_item_declaration> p<96> c<94> l<14:4> el<14:26>
                  n<> u<94> t<Package_or_generate_item_declaration> p<95> c<93> l<14:4> el<14:26>
                    n<> u<93> t<Data_declaration> p<94> c<92> l<14:4> el<14:26>
                      n<> u<92> t<Variable_declaration> p<93> c<77> l<14:4> el<14:26>
                        n<> u<77> t<Data_type> p<92> c<66> s<91> l<14:4> el<14:13>
                          n<> u<66> t<REG> p<77> s<76> l<14:4> el<14:7>
                          n<> u<76> t<Packed_dimension> p<77> c<75> l<14:8> el<14:13>
                            n<> u<75> t<Constant_range> p<76> c<70> l<14:9> el<14:12>
                              n<> u<70> t<Constant_expression> p<75> c<69> s<74> l<14:9> el<14:10>
                                n<> u<69> t<Constant_primary> p<70> c<68> l<14:9> el<14:10>
                                  n<> u<68> t<Primary_literal> p<69> c<67> l<14:9> el<14:10>
                                    n<6> u<67> t<INTEGRAL_NUMBER> p<68> l<14:9> el<14:10>
                              n<> u<74> t<Constant_expression> p<75> c<73> l<14:11> el<14:12>
                                n<> u<73> t<Constant_primary> p<74> c<72> l<14:11> el<14:12>
                                  n<> u<72> t<Primary_literal> p<73> c<71> l<14:11> el<14:12>
                                    n<0> u<71> t<INTEGRAL_NUMBER> p<72> l<14:11> el<14:12>
                        n<> u<91> t<Variable_decl_assignment_list> p<92> c<90> l<14:14> el<14:25>
                          n<> u<90> t<Variable_decl_assignment> p<91> c<78> l<14:14> el<14:25>
                            n<mem2d> u<78> t<SIMPLE_IDENTIFIER> p<90> s<89> l<14:14> el<14:19>
                            n<> u<89> t<Variable_dimension> p<90> c<88> l<14:20> el<14:25>
                              n<> u<88> t<Unpacked_dimension> p<89> c<87> l<14:20> el<14:25>
                                n<> u<87> t<Constant_range> p<88> c<82> l<14:21> el<14:24>
                                  n<> u<82> t<Constant_expression> p<87> c<81> s<86> l<14:21> el<14:22>
                                    n<> u<81> t<Constant_primary> p<82> c<80> l<14:21> el<14:22>
                                      n<> u<80> t<Primary_literal> p<81> c<79> l<14:21> el<14:22>
                                        n<5> u<79> t<INTEGRAL_NUMBER> p<80> l<14:21> el<14:22>
                                  n<> u<86> t<Constant_expression> p<87> c<85> l<14:23> el<14:24>
                                    n<> u<85> t<Constant_primary> p<86> c<84> l<14:23> el<14:24>
                                      n<> u<84> t<Primary_literal> p<85> c<83> l<14:23> el<14:24>
                                        n<0> u<83> t<INTEGRAL_NUMBER> p<84> l<14:23> el<14:24>
        n<> u<144> t<Module_item> p<1500> c<143> s<161> l<15:4> el<15:31>
          n<> u<143> t<Non_port_module_item> p<144> c<142> l<15:4> el<15:31>
            n<> u<142> t<Module_or_generate_item> p<143> c<141> l<15:4> el<15:31>
              n<> u<141> t<Module_common_item> p<142> c<140> l<15:4> el<15:31>
                n<> u<140> t<Module_or_generate_item_declaration> p<141> c<139> l<15:4> el<15:31>
                  n<> u<139> t<Package_or_generate_item_declaration> p<140> c<138> l<15:4> el<15:31>
                    n<> u<138> t<Data_declaration> p<139> c<137> l<15:4> el<15:31>
                      n<> u<137> t<Variable_declaration> p<138> c<111> l<15:4> el<15:31>
                        n<> u<111> t<Data_type> p<137> c<100> s<136> l<15:4> el<15:13>
                          n<> u<100> t<REG> p<111> s<110> l<15:4> el<15:7>
                          n<> u<110> t<Packed_dimension> p<111> c<109> l<15:8> el<15:13>
                            n<> u<109> t<Constant_range> p<110> c<104> l<15:9> el<15:12>
                              n<> u<104> t<Constant_expression> p<109> c<103> s<108> l<15:9> el<15:10>
                                n<> u<103> t<Constant_primary> p<104> c<102> l<15:9> el<15:10>
                                  n<> u<102> t<Primary_literal> p<103> c<101> l<15:9> el<15:10>
                                    n<6> u<101> t<INTEGRAL_NUMBER> p<102> l<15:9> el<15:10>
                              n<> u<108> t<Constant_expression> p<109> c<107> l<15:11> el<15:12>
                                n<> u<107> t<Constant_primary> p<108> c<106> l<15:11> el<15:12>
                                  n<> u<106> t<Primary_literal> p<107> c<105> l<15:11> el<15:12>
                                    n<0> u<105> t<INTEGRAL_NUMBER> p<106> l<15:11> el<15:12>
                        n<> u<136> t<Variable_decl_assignment_list> p<137> c<135> l<15:14> el<15:30>
                          n<> u<135> t<Variable_decl_assignment> p<136> c<112> l<15:14> el<15:30>
                            n<mem3d> u<112> t<SIMPLE_IDENTIFIER> p<135> s<123> l<15:14> el<15:19>
                            n<> u<123> t<Variable_dimension> p<135> c<122> s<134> l<15:20> el<15:25>
                              n<> u<122> t<Unpacked_dimension> p<123> c<121> l<15:20> el<15:25>
                                n<> u<121> t<Constant_range> p<122> c<116> l<15:21> el<15:24>
                                  n<> u<116> t<Constant_expression> p<121> c<115> s<120> l<15:21> el<15:22>
                                    n<> u<115> t<Constant_primary> p<116> c<114> l<15:21> el<15:22>
                                      n<> u<114> t<Primary_literal> p<115> c<113> l<15:21> el<15:22>
                                        n<4> u<113> t<INTEGRAL_NUMBER> p<114> l<15:21> el<15:22>
                                  n<> u<120> t<Constant_expression> p<121> c<119> l<15:23> el<15:24>
                                    n<> u<119> t<Constant_primary> p<120> c<118> l<15:23> el<15:24>
                                      n<> u<118> t<Primary_literal> p<119> c<117> l<15:23> el<15:24>
                                        n<0> u<117> t<INTEGRAL_NUMBER> p<118> l<15:23> el<15:24>
                            n<> u<134> t<Variable_dimension> p<135> c<133> l<15:25> el<15:30>
                              n<> u<133> t<Unpacked_dimension> p<134> c<132> l<15:25> el<15:30>
                                n<> u<132> t<Constant_range> p<133> c<127> l<15:26> el<15:29>
                                  n<> u<127> t<Constant_expression> p<132> c<126> s<131> l<15:26> el<15:27>
                                    n<> u<126> t<Constant_primary> p<127> c<125> l<15:26> el<15:27>
                                      n<> u<125> t<Primary_literal> p<126> c<124> l<15:26> el<15:27>
                                        n<5> u<124> t<INTEGRAL_NUMBER> p<125> l<15:26> el<15:27>
                                  n<> u<131> t<Constant_expression> p<132> c<130> l<15:28> el<15:29>
                                    n<> u<130> t<Constant_primary> p<131> c<129> l<15:28> el<15:29>
                                      n<> u<129> t<Primary_literal> p<130> c<128> l<15:28> el<15:29>
                                        n<0> u<128> t<INTEGRAL_NUMBER> p<129> l<15:28> el<15:29>
        n<> u<161> t<Module_item> p<1500> c<160> s<162> l<17:4> el<17:20>
          n<> u<160> t<Non_port_module_item> p<161> c<159> l<17:4> el<17:20>
            n<> u<159> t<Module_or_generate_item> p<160> c<158> l<17:4> el<17:20>
              n<> u<158> t<Module_common_item> p<159> c<157> l<17:4> el<17:20>
                n<> u<157> t<Module_or_generate_item_declaration> p<158> c<156> l<17:4> el<17:20>
                  n<> u<156> t<Package_or_generate_item_declaration> p<157> c<155> l<17:4> el<17:20>
                    n<> u<155> t<Data_declaration> p<156> c<154> l<17:4> el<17:20>
                      n<> u<154> t<Variable_declaration> p<155> c<146> l<17:4> el<17:20>
                        n<> u<146> t<Data_type> p<154> c<145> s<153> l<17:4> el<17:11>
                          n<> u<145> t<INTEGER> p<146> l<17:4> el<17:11>
                        n<> u<153> t<Variable_decl_assignment_list> p<154> c<148> l<17:14> el<17:19>
                          n<> u<148> t<Variable_decl_assignment> p<153> c<147> s<150> l<17:14> el<17:15>
                            n<i> u<147> t<SIMPLE_IDENTIFIER> p<148> l<17:14> el<17:15>
                          n<> u<150> t<Variable_decl_assignment> p<153> c<149> s<152> l<17:16> el<17:17>
                            n<j> u<149> t<SIMPLE_IDENTIFIER> p<150> l<17:16> el<17:17>
                          n<> u<152> t<Variable_decl_assignment> p<153> c<151> l<17:18> el<17:19>
                            n<k> u<151> t<SIMPLE_IDENTIFIER> p<152> l<17:18> el<17:19>
        n<// Four different test cases for out of bounds> u<162> t<LINE_COMMENT> p<1500> s<163> l<19:4> el<19:50>
        n<//	=> u<163> t<LINE_COMMENT> p<1500> s<164> l<20:4> el<20:8>
        n<//	<=> u<164> t<LINE_COMMENT> p<1500> s<165> l<21:4> el<21:9>
        n<//   Continuous assigns> u<165> t<LINE_COMMENT> p<1500> s<166> l<22:4> el<22:27>
        n<//	Output pin interconnect (also covers cont assigns)> u<166> t<LINE_COMMENT> p<1500> s<167> l<23:4> el<23:57>
        n<// Each with both bit selects and array selects> u<167> t<LINE_COMMENT> p<1500> s<838> l<24:4> el<24:51>
        n<> u<838> t<Module_item> p<1500> c<837> s<851> l<26:4> el<50:7>
          n<> u<837> t<Non_port_module_item> p<838> c<836> l<26:4> el<50:7>
            n<> u<836> t<Module_or_generate_item> p<837> c<835> l<26:4> el<50:7>
              n<> u<835> t<Module_common_item> p<836> c<834> l<26:4> el<50:7>
                n<> u<834> t<Initial_construct> p<835> c<833> l<26:4> el<50:7>
                  n<> u<833> t<Statement_or_null> p<834> c<832> l<26:12> el<50:7>
                    n<> u<832> t<Statement> p<833> c<831> l<26:12> el<50:7>
                      n<> u<831> t<Statement_item> p<832> c<830> l<26:12> el<50:7>
                        n<> u<830> t<Seq_block> p<831> c<185> l<26:12> el<50:7>
                          n<> u<185> t<Statement_or_null> p<830> c<184> s<199> l<27:7> el<27:23>
                            n<> u<184> t<Statement> p<185> c<183> l<27:7> el<27:23>
                              n<> u<183> t<Statement_item> p<184> c<182> l<27:7> el<27:23>
                                n<> u<182> t<Blocking_assignment> p<183> c<181> l<27:7> el<27:22>
                                  n<> u<181> t<Variable_assignment> p<182> c<176> l<27:7> el<27:22>
                                    n<> u<176> t<Variable_lvalue> p<181> c<169> s<180> l<27:7> el<27:15>
                                      n<> u<169> t<Ps_or_hierarchical_identifier> p<176> c<168> s<175> l<27:7> el<27:12>
                                        n<mem1d> u<168> t<SIMPLE_IDENTIFIER> p<169> l<27:7> el<27:12>
                                      n<> u<175> t<Select> p<176> c<174> l<27:12> el<27:15>
                                        n<> u<174> t<Bit_select> p<175> c<173> l<27:12> el<27:15>
                                          n<> u<173> t<Expression> p<174> c<172> l<27:13> el<27:14>
                                            n<> u<172> t<Primary> p<173> c<171> l<27:13> el<27:14>
                                              n<> u<171> t<Primary_literal> p<172> c<170> l<27:13> el<27:14>
                                                n<0> u<170> t<INTEGRAL_NUMBER> p<171> l<27:13> el<27:14>
                                    n<> u<180> t<Expression> p<181> c<179> l<27:18> el<27:22>
                                      n<> u<179> t<Primary> p<180> c<178> l<27:18> el<27:22>
                                        n<> u<178> t<Primary_literal> p<179> c<177> l<27:18> el<27:22>
                                          n<> u<177> t<ONE_TICK_b0> p<178> l<27:18> el<27:22>
                          n<> u<199> t<Statement_or_null> p<830> c<198> s<217> l<28:7> el<28:11>
                            n<> u<198> t<Statement> p<199> c<197> l<28:7> el<28:11>
                              n<> u<197> t<Statement_item> p<198> c<196> l<28:7> el<28:11>
                                n<> u<196> t<Blocking_assignment> p<197> c<195> l<28:7> el<28:10>
                                  n<> u<195> t<Variable_assignment> p<196> c<190> l<28:7> el<28:10>
                                    n<> u<190> t<Variable_lvalue> p<195> c<187> s<194> l<28:7> el<28:8>
                                      n<> u<187> t<Ps_or_hierarchical_identifier> p<190> c<186> s<189> l<28:7> el<28:8>
                                        n<i> u<186> t<SIMPLE_IDENTIFIER> p<187> l<28:7> el<28:8>
                                      n<> u<189> t<Select> p<190> c<188> l<28:8> el<28:8>
                                        n<> u<188> t<Bit_select> p<189> l<28:8> el<28:8>
                                    n<> u<194> t<Expression> p<195> c<193> l<28:9> el<28:10>
                                      n<> u<193> t<Primary> p<194> c<192> l<28:9> el<28:10>
                                        n<> u<192> t<Primary_literal> p<193> c<191> l<28:9> el<28:10>
                                          n<7> u<191> t<INTEGRAL_NUMBER> p<192> l<28:9> el<28:10>
                          n<> u<217> t<Statement_or_null> p<830> c<216> s<248> l<29:7> el<29:23>
                            n<> u<216> t<Statement> p<217> c<215> l<29:7> el<29:23>
                              n<> u<215> t<Statement_item> p<216> c<214> l<29:7> el<29:23>
                                n<> u<214> t<Blocking_assignment> p<215> c<213> l<29:7> el<29:22>
                                  n<> u<213> t<Variable_assignment> p<214> c<208> l<29:7> el<29:22>
                                    n<> u<208> t<Variable_lvalue> p<213> c<201> s<212> l<29:7> el<29:15>
                                      n<> u<201> t<Ps_or_hierarchical_identifier> p<208> c<200> s<207> l<29:7> el<29:12>
                                        n<mem1d> u<200> t<SIMPLE_IDENTIFIER> p<201> l<29:7> el<29:12>
                                      n<> u<207> t<Select> p<208> c<206> l<29:12> el<29:15>
                                        n<> u<206> t<Bit_select> p<207> c<205> l<29:12> el<29:15>
                                          n<> u<205> t<Expression> p<206> c<204> l<29:13> el<29:14>
                                            n<> u<204> t<Primary> p<205> c<203> l<29:13> el<29:14>
                                              n<> u<203> t<Primary_literal> p<204> c<202> l<29:13> el<29:14>
                                                n<i> u<202> t<SIMPLE_IDENTIFIER> p<203> l<29:13> el<29:14>
                                    n<> u<212> t<Expression> p<213> c<211> l<29:18> el<29:22>
                                      n<> u<211> t<Primary> p<212> c<210> l<29:18> el<29:22>
                                        n<> u<210> t<Primary_literal> p<211> c<209> l<29:18> el<29:22>
                                          n<> u<209> t<ONE_TICK_b1> p<210> l<29:18> el<29:22>
                          n<> u<248> t<Statement_or_null> p<830> c<247> s<249> l<30:7> el<30:36>
                            n<> u<247> t<Statement> p<248> c<246> l<30:7> el<30:36>
                              n<> u<246> t<Statement_item> p<247> c<245> l<30:7> el<30:36>
                                n<> u<245> t<Conditional_statement> p<246> c<235> l<30:7> el<30:36>
                                  n<> u<235> t<Cond_predicate> p<245> c<234> s<244> l<30:11> el<30:28>
                                    n<> u<234> t<Expression_or_cond_pattern> p<235> c<233> l<30:11> el<30:28>
                                      n<> u<233> t<Expression> p<234> c<227> l<30:11> el<30:28>
                                        n<> u<227> t<Expression> p<233> c<226> s<232> l<30:11> el<30:19>
                                          n<> u<226> t<Primary> p<227> c<225> l<30:11> el<30:19>
                                            n<> u<225> t<Subroutine_call> p<226> c<218> l<30:11> el<30:19>
                                              n<mem1d> u<218> t<SIMPLE_IDENTIFIER> p<225> s<224> l<30:11> el<30:16>
                                              n<> u<224> t<Select> p<225> c<223> l<30:16> el<30:19>
                                                n<> u<223> t<Bit_select> p<224> c<222> l<30:16> el<30:19>
                                                  n<> u<222> t<Expression> p<223> c<221> l<30:17> el<30:18>
                                                    n<> u<221> t<Primary> p<222> c<220> l<30:17> el<30:18>
                                                      n<> u<220> t<Primary_literal> p<221> c<219> l<30:17> el<30:18>
                                                        n<0> u<219> t<INTEGRAL_NUMBER> p<220> l<30:17> el<30:18>
                                        n<> u<232> t<FOUR_STATE_LOGIC_NOTEQUAL> p<233> s<231> l<30:20> el<30:23>
                                        n<> u<231> t<Expression> p<233> c<230> l<30:24> el<30:28>
                                          n<> u<230> t<Primary> p<231> c<229> l<30:24> el<30:28>
                                            n<> u<229> t<Primary_literal> p<230> c<228> l<30:24> el<30:28>
                                              n<> u<228> t<ONE_TICK_b0> p<229> l<30:24> el<30:28>
                                  n<> u<244> t<Statement_or_null> p<245> c<243> l<30:30> el<30:36>
                                    n<> u<243> t<Statement> p<244> c<242> l<30:30> el<30:36>
                                      n<> u<242> t<Statement_item> p<243> c<241> l<30:30> el<30:36>
                                        n<> u<241> t<Subroutine_call_statement> p<242> c<240> l<30:30> el<30:36>
                                          n<> u<240> t<Subroutine_call> p<241> c<236> l<30:30> el<30:35>
                                            n<$> u<236> t<DOLLAR> p<240> s<237> l<30:30> el<30:31>
                                            n<stop> u<237> t<SIMPLE_IDENTIFIER> p<240> s<239> l<30:31> el<30:35>
                                            n<> u<239> t<Select> p<240> c<238> l<30:35> el<30:35>
                                              n<> u<238> t<Bit_select> p<239> l<30:35> el<30:35>
                          n<//> u<249> t<LINE_COMMENT> p<830> s<519> l<31:7> el<31:9>
                          n<> u<519> t<Statement_or_null> p<830> c<518> s<828> l<32:7> el<40:10>
                            n<> u<518> t<Statement> p<519> c<517> l<32:7> el<40:10>
                              n<> u<517> t<Statement_item> p<518> c<516> l<32:7> el<40:10>
                                n<> u<516> t<Loop_statement> p<517> c<515> l<32:7> el<40:10>
                                  n<> u<515> t<FOR> p<516> s<261> l<32:7> el<32:10>
                                  n<> u<261> t<For_initialization> p<516> c<260> s<271> l<32:12> el<32:15>
                                    n<> u<260> t<Variable_assignment_list> p<261> c<259> l<32:12> el<32:15>
                                      n<> u<259> t<Variable_assignment> p<260> c<254> l<32:12> el<32:15>
                                        n<> u<254> t<Variable_lvalue> p<259> c<251> s<258> l<32:12> el<32:13>
                                          n<> u<251> t<Ps_or_hierarchical_identifier> p<254> c<250> s<253> l<32:12> el<32:13>
                                            n<i> u<250> t<SIMPLE_IDENTIFIER> p<251> l<32:12> el<32:13>
                                          n<> u<253> t<Select> p<254> c<252> l<32:13> el<32:13>
                                            n<> u<252> t<Bit_select> p<253> l<32:13> el<32:13>
                                        n<> u<258> t<Expression> p<259> c<257> l<32:14> el<32:15>
                                          n<> u<257> t<Primary> p<258> c<256> l<32:14> el<32:15>
                                            n<> u<256> t<Primary_literal> p<257> c<255> l<32:14> el<32:15>
                                              n<0> u<255> t<INTEGRAL_NUMBER> p<256> l<32:14> el<32:15>
                                  n<> u<271> t<Expression> p<516> c<265> s<289> l<32:17> el<32:20>
                                    n<> u<265> t<Expression> p<271> c<264> s<270> l<32:17> el<32:18>
                                      n<> u<264> t<Primary> p<265> c<263> l<32:17> el<32:18>
                                        n<> u<263> t<Primary_literal> p<264> c<262> l<32:17> el<32:18>
                                          n<i> u<262> t<SIMPLE_IDENTIFIER> p<263> l<32:17> el<32:18>
                                    n<> u<270> t<LESS> p<271> s<269> l<32:18> el<32:19>
                                    n<> u<269> t<Expression> p<271> c<268> l<32:19> el<32:20>
                                      n<> u<268> t<Primary> p<269> c<267> l<32:19> el<32:20>
                                        n<> u<267> t<Primary_literal> p<268> c<266> l<32:19> el<32:20>
                                          n<8> u<266> t<INTEGRAL_NUMBER> p<267> l<32:19> el<32:20>
                                  n<> u<289> t<For_step> p<516> c<288> s<514> l<32:22> el<32:27>
                                    n<> u<288> t<For_step_assignment> p<289> c<287> l<32:22> el<32:27>
                                      n<> u<287> t<Variable_assignment> p<288> c<276> l<32:22> el<32:27>
                                        n<> u<276> t<Variable_lvalue> p<287> c<273> s<286> l<32:22> el<32:23>
                                          n<> u<273> t<Ps_or_hierarchical_identifier> p<276> c<272> s<275> l<32:22> el<32:23>
                                            n<i> u<272> t<SIMPLE_IDENTIFIER> p<273> l<32:22> el<32:23>
                                          n<> u<275> t<Select> p<276> c<274> l<32:23> el<32:23>
                                            n<> u<274> t<Bit_select> p<275> l<32:23> el<32:23>
                                        n<> u<286> t<Expression> p<287> c<280> l<32:24> el<32:27>
                                          n<> u<280> t<Expression> p<286> c<279> s<285> l<32:24> el<32:25>
                                            n<> u<279> t<Primary> p<280> c<278> l<32:24> el<32:25>
                                              n<> u<278> t<Primary_literal> p<279> c<277> l<32:24> el<32:25>
                                                n<i> u<277> t<SIMPLE_IDENTIFIER> p<278> l<32:24> el<32:25>
                                          n<> u<285> t<BinaryOp_Plus> p<286> s<284> l<32:25> el<32:26>
                                          n<> u<284> t<Expression> p<286> c<283> l<32:26> el<32:27>
                                            n<> u<283> t<Primary> p<284> c<282> l<32:26> el<32:27>
                                              n<> u<282> t<Primary_literal> p<283> c<281> l<32:26> el<32:27>
                                                n<1> u<281> t<INTEGRAL_NUMBER> p<282> l<32:26> el<32:27>
                                  n<> u<514> t<Statement_or_null> p<516> c<513> l<32:29> el<40:10>
                                    n<> u<513> t<Statement> p<514> c<512> l<32:29> el<40:10>
                                      n<> u<512> t<Statement_item> p<513> c<511> l<32:29> el<40:10>
                                        n<> u<511> t<Seq_block> p<512> c<509> l<32:29> el<40:10>
                                          n<> u<509> t<Statement_or_null> p<511> c<508> s<510> l<33:3> el<39:6>
                                            n<> u<508> t<Statement> p<509> c<507> l<33:3> el<39:6>
                                              n<> u<507> t<Statement_item> p<508> c<506> l<33:3> el<39:6>
                                                n<> u<506> t<Loop_statement> p<507> c<505> l<33:3> el<39:6>
                                                  n<> u<505> t<FOR> p<506> s<301> l<33:3> el<33:6>
                                                  n<> u<301> t<For_initialization> p<506> c<300> s<311> l<33:8> el<33:11>
                                                    n<> u<300> t<Variable_assignment_list> p<301> c<299> l<33:8> el<33:11>
                                                      n<> u<299> t<Variable_assignment> p<300> c<294> l<33:8> el<33:11>
                                                        n<> u<294> t<Variable_lvalue> p<299> c<291> s<298> l<33:8> el<33:9>
                                                          n<> u<291> t<Ps_or_hierarchical_identifier> p<294> c<290> s<293> l<33:8> el<33:9>
                                                            n<j> u<290> t<SIMPLE_IDENTIFIER> p<291> l<33:8> el<33:9>
                                                          n<> u<293> t<Select> p<294> c<292> l<33:9> el<33:9>
                                                            n<> u<292> t<Bit_select> p<293> l<33:9> el<33:9>
                                                        n<> u<298> t<Expression> p<299> c<297> l<33:10> el<33:11>
                                                          n<> u<297> t<Primary> p<298> c<296> l<33:10> el<33:11>
                                                            n<> u<296> t<Primary_literal> p<297> c<295> l<33:10> el<33:11>
                                                              n<0> u<295> t<INTEGRAL_NUMBER> p<296> l<33:10> el<33:11>
                                                  n<> u<311> t<Expression> p<506> c<305> s<329> l<33:13> el<33:16>
                                                    n<> u<305> t<Expression> p<311> c<304> s<310> l<33:13> el<33:14>
                                                      n<> u<304> t<Primary> p<305> c<303> l<33:13> el<33:14>
                                                        n<> u<303> t<Primary_literal> p<304> c<302> l<33:13> el<33:14>
                                                          n<j> u<302> t<SIMPLE_IDENTIFIER> p<303> l<33:13> el<33:14>
                                                    n<> u<310> t<LESS> p<311> s<309> l<33:14> el<33:15>
                                                    n<> u<309> t<Expression> p<311> c<308> l<33:15> el<33:16>
                                                      n<> u<308> t<Primary> p<309> c<307> l<33:15> el<33:16>
                                                        n<> u<307> t<Primary_literal> p<308> c<306> l<33:15> el<33:16>
                                                          n<8> u<306> t<INTEGRAL_NUMBER> p<307> l<33:15> el<33:16>
                                                  n<> u<329> t<For_step> p<506> c<328> s<504> l<33:18> el<33:23>
                                                    n<> u<328> t<For_step_assignment> p<329> c<327> l<33:18> el<33:23>
                                                      n<> u<327> t<Variable_assignment> p<328> c<316> l<33:18> el<33:23>
                                                        n<> u<316> t<Variable_lvalue> p<327> c<313> s<326> l<33:18> el<33:19>
                                                          n<> u<313> t<Ps_or_hierarchical_identifier> p<316> c<312> s<315> l<33:18> el<33:19>
                                                            n<j> u<312> t<SIMPLE_IDENTIFIER> p<313> l<33:18> el<33:19>
                                                          n<> u<315> t<Select> p<316> c<314> l<33:19> el<33:19>
                                                            n<> u<314> t<Bit_select> p<315> l<33:19> el<33:19>
                                                        n<> u<326> t<Expression> p<327> c<320> l<33:20> el<33:23>
                                                          n<> u<320> t<Expression> p<326> c<319> s<325> l<33:20> el<33:21>
                                                            n<> u<319> t<Primary> p<320> c<318> l<33:20> el<33:21>
                                                              n<> u<318> t<Primary_literal> p<319> c<317> l<33:20> el<33:21>
                                                                n<j> u<317> t<SIMPLE_IDENTIFIER> p<318> l<33:20> el<33:21>
                                                          n<> u<325> t<BinaryOp_Plus> p<326> s<324> l<33:21> el<33:22>
                                                          n<> u<324> t<Expression> p<326> c<323> l<33:22> el<33:23>
                                                            n<> u<323> t<Primary> p<324> c<322> l<33:22> el<33:23>
                                                              n<> u<322> t<Primary_literal> p<323> c<321> l<33:22> el<33:23>
                                                                n<1> u<321> t<INTEGRAL_NUMBER> p<322> l<33:22> el<33:23>
                                                  n<> u<504> t<Statement_or_null> p<506> c<503> l<33:25> el<39:6>
                                                    n<> u<503> t<Statement> p<504> c<502> l<33:25> el<39:6>
                                                      n<> u<502> t<Statement_item> p<503> c<501> l<33:25> el<39:6>
                                                        n<> u<501> t<Seq_block> p<502> c<499> l<33:25> el<39:6>
                                                          n<> u<499> t<Statement_or_null> p<501> c<498> s<500> l<34:6> el<38:9>
                                                            n<> u<498> t<Statement> p<499> c<497> l<34:6> el<38:9>
                                                              n<> u<497> t<Statement_item> p<498> c<496> l<34:6> el<38:9>
                                                                n<> u<496> t<Loop_statement> p<497> c<495> l<34:6> el<38:9>
                                                                  n<> u<495> t<FOR> p<496> s<341> l<34:6> el<34:9>
                                                                  n<> u<341> t<For_initialization> p<496> c<340> s<351> l<34:11> el<34:14>
                                                                    n<> u<340> t<Variable_assignment_list> p<341> c<339> l<34:11> el<34:14>
                                                                      n<> u<339> t<Variable_assignment> p<340> c<334> l<34:11> el<34:14>
                                                                        n<> u<334> t<Variable_lvalue> p<339> c<331> s<338> l<34:11> el<34:12>
                                                                          n<> u<331> t<Ps_or_hierarchical_identifier> p<334> c<330> s<333> l<34:11> el<34:12>
                                                                            n<k> u<330> t<SIMPLE_IDENTIFIER> p<331> l<34:11> el<34:12>
                                                                          n<> u<333> t<Select> p<334> c<332> l<34:12> el<34:12>
                                                                            n<> u<332> t<Bit_select> p<333> l<34:12> el<34:12>
                                                                        n<> u<338> t<Expression> p<339> c<337> l<34:13> el<34:14>
                                                                          n<> u<337> t<Primary> p<338> c<336> l<34:13> el<34:14>
                                                                            n<> u<336> t<Primary_literal> p<337> c<335> l<34:13> el<34:14>
                                                                              n<0> u<335> t<INTEGRAL_NUMBER> p<336> l<34:13> el<34:14>
                                                                  n<> u<351> t<Expression> p<496> c<345> s<369> l<34:16> el<34:19>
                                                                    n<> u<345> t<Expression> p<351> c<344> s<350> l<34:16> el<34:17>
                                                                      n<> u<344> t<Primary> p<345> c<343> l<34:16> el<34:17>
                                                                        n<> u<343> t<Primary_literal> p<344> c<342> l<34:16> el<34:17>
                                                                          n<k> u<342> t<SIMPLE_IDENTIFIER> p<343> l<34:16> el<34:17>
                                                                    n<> u<350> t<LESS> p<351> s<349> l<34:17> el<34:18>
                                                                    n<> u<349> t<Expression> p<351> c<348> l<34:18> el<34:19>
                                                                      n<> u<348> t<Primary> p<349> c<347> l<34:18> el<34:19>
                                                                        n<> u<347> t<Primary_literal> p<348> c<346> l<34:18> el<34:19>
                                                                          n<8> u<346> t<INTEGRAL_NUMBER> p<347> l<34:18> el<34:19>
                                                                  n<> u<369> t<For_step> p<496> c<368> s<494> l<34:21> el<34:26>
                                                                    n<> u<368> t<For_step_assignment> p<369> c<367> l<34:21> el<34:26>
                                                                      n<> u<367> t<Variable_assignment> p<368> c<356> l<34:21> el<34:26>
                                                                        n<> u<356> t<Variable_lvalue> p<367> c<353> s<366> l<34:21> el<34:22>
                                                                          n<> u<353> t<Ps_or_hierarchical_identifier> p<356> c<352> s<355> l<34:21> el<34:22>
                                                                            n<k> u<352> t<SIMPLE_IDENTIFIER> p<353> l<34:21> el<34:22>
                                                                          n<> u<355> t<Select> p<356> c<354> l<34:22> el<34:22>
                                                                            n<> u<354> t<Bit_select> p<355> l<34:22> el<34:22>
                                                                        n<> u<366> t<Expression> p<367> c<360> l<34:23> el<34:26>
                                                                          n<> u<360> t<Expression> p<366> c<359> s<365> l<34:23> el<34:24>
                                                                            n<> u<359> t<Primary> p<360> c<358> l<34:23> el<34:24>
                                                                              n<> u<358> t<Primary_literal> p<359> c<357> l<34:23> el<34:24>
                                                                                n<k> u<357> t<SIMPLE_IDENTIFIER> p<358> l<34:23> el<34:24>
                                                                          n<> u<365> t<BinaryOp_Plus> p<366> s<364> l<34:24> el<34:25>
                                                                          n<> u<364> t<Expression> p<366> c<363> l<34:25> el<34:26>
                                                                            n<> u<363> t<Primary> p<364> c<362> l<34:25> el<34:26>
                                                                              n<> u<362> t<Primary_literal> p<363> c<361> l<34:25> el<34:26>
                                                                                n<1> u<361> t<INTEGRAL_NUMBER> p<362> l<34:25> el<34:26>
                                                                  n<> u<494> t<Statement_or_null> p<496> c<493> l<34:28> el<38:9>
                                                                    n<> u<493> t<Statement> p<494> c<492> l<34:28> el<38:9>
                                                                      n<> u<492> t<Statement_item> p<493> c<491> l<34:28> el<38:9>
                                                                        n<> u<491> t<Seq_block> p<492> c<393> l<34:28> el<38:9>
                                                                          n<> u<393> t<Statement_or_null> p<491> c<392> s<433> l<35:9> el<35:25>
                                                                            n<> u<392> t<Statement> p<393> c<391> l<35:9> el<35:25>
                                                                              n<> u<391> t<Statement_item> p<392> c<390> l<35:9> el<35:25>
                                                                                n<> u<390> t<Blocking_assignment> p<391> c<389> l<35:9> el<35:24>
                                                                                  n<> u<389> t<Variable_assignment> p<390> c<378> l<35:9> el<35:24>
                                                                                    n<> u<378> t<Variable_lvalue> p<389> c<371> s<388> l<35:9> el<35:17>
                                                                                      n<> u<371> t<Ps_or_hierarchical_identifier> p<378> c<370> s<377> l<35:9> el<35:14>
                                                                                        n<mem1d> u<370> t<SIMPLE_IDENTIFIER> p<371> l<35:9> el<35:14>
                                                                                      n<> u<377> t<Select> p<378> c<376> l<35:14> el<35:17>
                                                                                        n<> u<376> t<Bit_select> p<377> c<375> l<35:14> el<35:17>
                                                                                          n<> u<375> t<Expression> p<376> c<374> l<35:15> el<35:16>
                                                                                            n<> u<374> t<Primary> p<375> c<373> l<35:15> el<35:16>
                                                                                              n<> u<373> t<Primary_literal> p<374> c<372> l<35:15> el<35:16>
                                                                                                n<k> u<372> t<SIMPLE_IDENTIFIER> p<373> l<35:15> el<35:16>
                                                                                    n<> u<388> t<Expression> p<389> c<387> l<35:20> el<35:24>
                                                                                      n<> u<387> t<Primary> p<388> c<386> l<35:20> el<35:24>
                                                                                        n<> u<386> t<Subroutine_call> p<387> c<379> l<35:20> el<35:24>
                                                                                          n<k> u<379> t<SIMPLE_IDENTIFIER> p<386> s<385> l<35:20> el<35:21>
                                                                                          n<> u<385> t<Select> p<386> c<384> l<35:21> el<35:24>
                                                                                            n<> u<384> t<Bit_select> p<385> c<383> l<35:21> el<35:24>
                                                                                              n<> u<383> t<Expression> p<384> c<382> l<35:22> el<35:23>
                                                                                                n<> u<382> t<Primary> p<383> c<381> l<35:22> el<35:23>
                                                                                                  n<> u<381> t<Primary_literal> p<382> c<380> l<35:22> el<35:23>
                                                                                                    n<0> u<380> t<INTEGRAL_NUMBER> p<381> l<35:22> el<35:23>
                                                                          n<> u<433> t<Statement_or_null> p<491> c<432> s<489> l<36:9> el<36:33>
                                                                            n<> u<432> t<Statement> p<433> c<431> l<36:9> el<36:33>
                                                                              n<> u<431> t<Statement_item> p<432> c<430> l<36:9> el<36:33>
                                                                                n<> u<430> t<Blocking_assignment> p<431> c<429> l<36:9> el<36:32>
                                                                                  n<> u<429> t<Variable_assignment> p<430> c<406> l<36:9> el<36:32>
                                                                                    n<> u<406> t<Variable_lvalue> p<429> c<395> s<428> l<36:9> el<36:20>
                                                                                      n<> u<395> t<Ps_or_hierarchical_identifier> p<406> c<394> s<405> l<36:9> el<36:14>
                                                                                        n<mem2d> u<394> t<SIMPLE_IDENTIFIER> p<395> l<36:9> el<36:14>
                                                                                      n<> u<405> t<Select> p<406> c<404> l<36:14> el<36:20>
                                                                                        n<> u<404> t<Bit_select> p<405> c<399> l<36:14> el<36:20>
                                                                                          n<> u<399> t<Expression> p<404> c<398> s<403> l<36:15> el<36:16>
                                                                                            n<> u<398> t<Primary> p<399> c<397> l<36:15> el<36:16>
                                                                                              n<> u<397> t<Primary_literal> p<398> c<396> l<36:15> el<36:16>
                                                                                                n<j> u<396> t<SIMPLE_IDENTIFIER> p<397> l<36:15> el<36:16>
                                                                                          n<> u<403> t<Expression> p<404> c<402> l<36:18> el<36:19>
                                                                                            n<> u<402> t<Primary> p<403> c<401> l<36:18> el<36:19>
                                                                                              n<> u<401> t<Primary_literal> p<402> c<400> l<36:18> el<36:19>
                                                                                                n<k> u<400> t<SIMPLE_IDENTIFIER> p<401> l<36:18> el<36:19>
                                                                                    n<> u<428> t<Expression> p<429> c<416> l<36:23> el<36:32>
                                                                                      n<> u<416> t<Expression> p<428> c<415> s<427> l<36:23> el<36:27>
                                                                                        n<> u<415> t<Primary> p<416> c<414> l<36:23> el<36:27>
                                                                                          n<> u<414> t<Subroutine_call> p<415> c<407> l<36:23> el<36:27>
                                                                                            n<j> u<407> t<SIMPLE_IDENTIFIER> p<414> s<413> l<36:23> el<36:24>
                                                                                            n<> u<413> t<Select> p<414> c<412> l<36:24> el<36:27>
                                                                                              n<> u<412> t<Bit_select> p<413> c<411> l<36:24> el<36:27>
                                                                                                n<> u<411> t<Expression> p<412> c<410> l<36:25> el<36:26>
                                                                                                  n<> u<410> t<Primary> p<411> c<409> l<36:25> el<36:26>
                                                                                                    n<> u<409> t<Primary_literal> p<410> c<408> l<36:25> el<36:26>
                                                                                                      n<0> u<408> t<INTEGRAL_NUMBER> p<409> l<36:25> el<36:26>
                                                                                      n<> u<427> t<BinaryOp_Plus> p<428> s<426> l<36:27> el<36:28>
                                                                                      n<> u<426> t<Expression> p<428> c<425> l<36:28> el<36:32>
                                                                                        n<> u<425> t<Primary> p<426> c<424> l<36:28> el<36:32>
                                                                                          n<> u<424> t<Subroutine_call> p<425> c<417> l<36:28> el<36:32>
                                                                                            n<k> u<417> t<SIMPLE_IDENTIFIER> p<424> s<423> l<36:28> el<36:29>
                                                                                            n<> u<423> t<Select> p<424> c<422> l<36:29> el<36:32>
                                                                                              n<> u<422> t<Bit_select> p<423> c<421> l<36:29> el<36:32>
                                                                                                n<> u<421> t<Expression> p<422> c<420> l<36:30> el<36:31>
                                                                                                  n<> u<420> t<Primary> p<421> c<419> l<36:30> el<36:31>
                                                                                                    n<> u<419> t<Primary_literal> p<420> c<418> l<36:30> el<36:31>
                                                                                                      n<0> u<418> t<INTEGRAL_NUMBER> p<419> l<36:30> el<36:31>
                                                                          n<> u<489> t<Statement_or_null> p<491> c<488> s<490> l<37:9> el<37:41>
                                                                            n<> u<488> t<Statement> p<489> c<487> l<37:9> el<37:41>
                                                                              n<> u<487> t<Statement_item> p<488> c<486> l<37:9> el<37:41>
                                                                                n<> u<486> t<Blocking_assignment> p<487> c<485> l<37:9> el<37:40>
                                                                                  n<> u<485> t<Variable_assignment> p<486> c<450> l<37:9> el<37:40>
                                                                                    n<> u<450> t<Variable_lvalue> p<485> c<435> s<484> l<37:9> el<37:23>
                                                                                      n<> u<435> t<Ps_or_hierarchical_identifier> p<450> c<434> s<449> l<37:9> el<37:14>
                                                                                        n<mem3d> u<434> t<SIMPLE_IDENTIFIER> p<435> l<37:9> el<37:14>
                                                                                      n<> u<449> t<Select> p<450> c<448> l<37:14> el<37:23>
                                                                                        n<> u<448> t<Bit_select> p<449> c<439> l<37:14> el<37:23>
                                                                                          n<> u<439> t<Expression> p<448> c<438> s<443> l<37:15> el<37:16>
                                                                                            n<> u<438> t<Primary> p<439> c<437> l<37:15> el<37:16>
                                                                                              n<> u<437> t<Primary_literal> p<438> c<436> l<37:15> el<37:16>
                                                                                                n<i> u<436> t<SIMPLE_IDENTIFIER> p<437> l<37:15> el<37:16>
                                                                                          n<> u<443> t<Expression> p<448> c<442> s<447> l<37:18> el<37:19>
                                                                                            n<> u<442> t<Primary> p<443> c<441> l<37:18> el<37:19>
                                                                                              n<> u<441> t<Primary_literal> p<442> c<440> l<37:18> el<37:19>
                                                                                                n<j> u<440> t<SIMPLE_IDENTIFIER> p<441> l<37:18> el<37:19>
                                                                                          n<> u<447> t<Expression> p<448> c<446> l<37:21> el<37:22>
                                                                                            n<> u<446> t<Primary> p<447> c<445> l<37:21> el<37:22>
                                                                                              n<> u<445> t<Primary_literal> p<446> c<444> l<37:21> el<37:22>
                                                                                                n<k> u<444> t<SIMPLE_IDENTIFIER> p<445> l<37:21> el<37:22>
                                                                                    n<> u<484> t<Expression> p<485> c<472> l<37:26> el<37:40>
                                                                                      n<> u<472> t<Expression> p<484> c<460> s<483> l<37:26> el<37:35>
                                                                                        n<> u<460> t<Expression> p<472> c<459> s<471> l<37:26> el<37:30>
                                                                                          n<> u<459> t<Primary> p<460> c<458> l<37:26> el<37:30>
                                                                                            n<> u<458> t<Subroutine_call> p<459> c<451> l<37:26> el<37:30>
                                                                                              n<i> u<451> t<SIMPLE_IDENTIFIER> p<458> s<457> l<37:26> el<37:27>
                                                                                              n<> u<457> t<Select> p<458> c<456> l<37:27> el<37:30>
                                                                                                n<> u<456> t<Bit_select> p<457> c<455> l<37:27> el<37:30>
                                                                                                  n<> u<455> t<Expression> p<456> c<454> l<37:28> el<37:29>
                                                                                                    n<> u<454> t<Primary> p<455> c<453> l<37:28> el<37:29>
                                                                                                      n<> u<453> t<Primary_literal> p<454> c<452> l<37:28> el<37:29>
                                                                                                        n<0> u<452> t<INTEGRAL_NUMBER> p<453> l<37:28> el<37:29>
                                                                                        n<> u<471> t<BinaryOp_Plus> p<472> s<470> l<37:30> el<37:31>
                                                                                        n<> u<470> t<Expression> p<472> c<469> l<37:31> el<37:35>
                                                                                          n<> u<469> t<Primary> p<470> c<468> l<37:31> el<37:35>
                                                                                            n<> u<468> t<Subroutine_call> p<469> c<461> l<37:31> el<37:35>
                                                                                              n<j> u<461> t<SIMPLE_IDENTIFIER> p<468> s<467> l<37:31> el<37:32>
                                                                                              n<> u<467> t<Select> p<468> c<466> l<37:32> el<37:35>
                                                                                                n<> u<466> t<Bit_select> p<467> c<465> l<37:32> el<37:35>
                                                                                                  n<> u<465> t<Expression> p<466> c<464> l<37:33> el<37:34>
                                                                                                    n<> u<464> t<Primary> p<465> c<463> l<37:33> el<37:34>
                                                                                                      n<> u<463> t<Primary_literal> p<464> c<462> l<37:33> el<37:34>
                                                                                                        n<0> u<462> t<INTEGRAL_NUMBER> p<463> l<37:33> el<37:34>
                                                                                      n<> u<483> t<BinaryOp_Plus> p<484> s<482> l<37:35> el<37:36>
                                                                                      n<> u<482> t<Expression> p<484> c<481> l<37:36> el<37:40>
                                                                                        n<> u<481> t<Primary> p<482> c<480> l<37:36> el<37:40>
                                                                                          n<> u<480> t<Subroutine_call> p<481> c<473> l<37:36> el<37:40>
                                                                                            n<k> u<473> t<SIMPLE_IDENTIFIER> p<480> s<479> l<37:36> el<37:37>
                                                                                            n<> u<479> t<Select> p<480> c<478> l<37:37> el<37:40>
                                                                                              n<> u<478> t<Bit_select> p<479> c<477> l<37:37> el<37:40>
                                                                                                n<> u<477> t<Expression> p<478> c<476> l<37:38> el<37:39>
                                                                                                  n<> u<476> t<Primary> p<477> c<475> l<37:38> el<37:39>
                                                                                                    n<> u<475> t<Primary_literal> p<476> c<474> l<37:38> el<37:39>
                                                                                                      n<0> u<474> t<INTEGRAL_NUMBER> p<475> l<37:38> el<37:39>
                                                                          n<> u<490> t<END> p<491> l<38:6> el<38:9>
                                                          n<> u<500> t<END> p<501> l<39:3> el<39:6>
                                          n<> u<510> t<END> p<511> l<40:7> el<40:10>
                          n<> u<828> t<Statement_or_null> p<830> c<827> s<829> l<41:7> el<49:10>
                            n<> u<827> t<Statement> p<828> c<826> l<41:7> el<49:10>
                              n<> u<826> t<Statement_item> p<827> c<825> l<41:7> el<49:10>
                                n<> u<825> t<Loop_statement> p<826> c<824> l<41:7> el<49:10>
                                  n<> u<824> t<FOR> p<825> s<531> l<41:7> el<41:10>
                                  n<> u<531> t<For_initialization> p<825> c<530> s<541> l<41:12> el<41:15>
                                    n<> u<530> t<Variable_assignment_list> p<531> c<529> l<41:12> el<41:15>
                                      n<> u<529> t<Variable_assignment> p<530> c<524> l<41:12> el<41:15>
                                        n<> u<524> t<Variable_lvalue> p<529> c<521> s<528> l<41:12> el<41:13>
                                          n<> u<521> t<Ps_or_hierarchical_identifier> p<524> c<520> s<523> l<41:12> el<41:13>
                                            n<i> u<520> t<SIMPLE_IDENTIFIER> p<521> l<41:12> el<41:13>
                                          n<> u<523> t<Select> p<524> c<522> l<41:13> el<41:13>
                                            n<> u<522> t<Bit_select> p<523> l<41:13> el<41:13>
                                        n<> u<528> t<Expression> p<529> c<527> l<41:14> el<41:15>
                                          n<> u<527> t<Primary> p<528> c<526> l<41:14> el<41:15>
                                            n<> u<526> t<Primary_literal> p<527> c<525> l<41:14> el<41:15>
                                              n<0> u<525> t<INTEGRAL_NUMBER> p<526> l<41:14> el<41:15>
                                  n<> u<541> t<Expression> p<825> c<535> s<559> l<41:17> el<41:20>
                                    n<> u<535> t<Expression> p<541> c<534> s<540> l<41:17> el<41:18>
                                      n<> u<534> t<Primary> p<535> c<533> l<41:17> el<41:18>
                                        n<> u<533> t<Primary_literal> p<534> c<532> l<41:17> el<41:18>
                                          n<i> u<532> t<SIMPLE_IDENTIFIER> p<533> l<41:17> el<41:18>
                                    n<> u<540> t<LESS> p<541> s<539> l<41:18> el<41:19>
                                    n<> u<539> t<Expression> p<541> c<538> l<41:19> el<41:20>
                                      n<> u<538> t<Primary> p<539> c<537> l<41:19> el<41:20>
                                        n<> u<537> t<Primary_literal> p<538> c<536> l<41:19> el<41:20>
                                          n<5> u<536> t<INTEGRAL_NUMBER> p<537> l<41:19> el<41:20>
                                  n<> u<559> t<For_step> p<825> c<558> s<823> l<41:22> el<41:27>
                                    n<> u<558> t<For_step_assignment> p<559> c<557> l<41:22> el<41:27>
                                      n<> u<557> t<Variable_assignment> p<558> c<546> l<41:22> el<41:27>
                                        n<> u<546> t<Variable_lvalue> p<557> c<543> s<556> l<41:22> el<41:23>
                                          n<> u<543> t<Ps_or_hierarchical_identifier> p<546> c<542> s<545> l<41:22> el<41:23>
                                            n<i> u<542> t<SIMPLE_IDENTIFIER> p<543> l<41:22> el<41:23>
                                          n<> u<545> t<Select> p<546> c<544> l<41:23> el<41:23>
                                            n<> u<544> t<Bit_select> p<545> l<41:23> el<41:23>
                                        n<> u<556> t<Expression> p<557> c<550> l<41:24> el<41:27>
                                          n<> u<550> t<Expression> p<556> c<549> s<555> l<41:24> el<41:25>
                                            n<> u<549> t<Primary> p<550> c<548> l<41:24> el<41:25>
                                              n<> u<548> t<Primary_literal> p<549> c<547> l<41:24> el<41:25>
                                                n<i> u<547> t<SIMPLE_IDENTIFIER> p<548> l<41:24> el<41:25>
                                          n<> u<555> t<BinaryOp_Plus> p<556> s<554> l<41:25> el<41:26>
                                          n<> u<554> t<Expression> p<556> c<553> l<41:26> el<41:27>
                                            n<> u<553> t<Primary> p<554> c<552> l<41:26> el<41:27>
                                              n<> u<552> t<Primary_literal> p<553> c<551> l<41:26> el<41:27>
                                                n<1> u<551> t<INTEGRAL_NUMBER> p<552> l<41:26> el<41:27>
                                  n<> u<823> t<Statement_or_null> p<825> c<822> l<41:29> el<49:10>
                                    n<> u<822> t<Statement> p<823> c<821> l<41:29> el<49:10>
                                      n<> u<821> t<Statement_item> p<822> c<820> l<41:29> el<49:10>
                                        n<> u<820> t<Seq_block> p<821> c<818> l<41:29> el<49:10>
                                          n<> u<818> t<Statement_or_null> p<820> c<817> s<819> l<42:3> el<48:6>
                                            n<> u<817> t<Statement> p<818> c<816> l<42:3> el<48:6>
                                              n<> u<816> t<Statement_item> p<817> c<815> l<42:3> el<48:6>
                                                n<> u<815> t<Loop_statement> p<816> c<814> l<42:3> el<48:6>
                                                  n<> u<814> t<FOR> p<815> s<571> l<42:3> el<42:6>
                                                  n<> u<571> t<For_initialization> p<815> c<570> s<581> l<42:8> el<42:11>
                                                    n<> u<570> t<Variable_assignment_list> p<571> c<569> l<42:8> el<42:11>
                                                      n<> u<569> t<Variable_assignment> p<570> c<564> l<42:8> el<42:11>
                                                        n<> u<564> t<Variable_lvalue> p<569> c<561> s<568> l<42:8> el<42:9>
                                                          n<> u<561> t<Ps_or_hierarchical_identifier> p<564> c<560> s<563> l<42:8> el<42:9>
                                                            n<j> u<560> t<SIMPLE_IDENTIFIER> p<561> l<42:8> el<42:9>
                                                          n<> u<563> t<Select> p<564> c<562> l<42:9> el<42:9>
                                                            n<> u<562> t<Bit_select> p<563> l<42:9> el<42:9>
                                                        n<> u<568> t<Expression> p<569> c<567> l<42:10> el<42:11>
                                                          n<> u<567> t<Primary> p<568> c<566> l<42:10> el<42:11>
                                                            n<> u<566> t<Primary_literal> p<567> c<565> l<42:10> el<42:11>
                                                              n<0> u<565> t<INTEGRAL_NUMBER> p<566> l<42:10> el<42:11>
                                                  n<> u<581> t<Expression> p<815> c<575> s<599> l<42:13> el<42:16>
                                                    n<> u<575> t<Expression> p<581> c<574> s<580> l<42:13> el<42:14>
                                                      n<> u<574> t<Primary> p<575> c<573> l<42:13> el<42:14>
                                                        n<> u<573> t<Primary_literal> p<574> c<572> l<42:13> el<42:14>
                                                          n<j> u<572> t<SIMPLE_IDENTIFIER> p<573> l<42:13> el<42:14>
                                                    n<> u<580> t<LESS> p<581> s<579> l<42:14> el<42:15>
                                                    n<> u<579> t<Expression> p<581> c<578> l<42:15> el<42:16>
                                                      n<> u<578> t<Primary> p<579> c<577> l<42:15> el<42:16>
                                                        n<> u<577> t<Primary_literal> p<578> c<576> l<42:15> el<42:16>
                                                          n<6> u<576> t<INTEGRAL_NUMBER> p<577> l<42:15> el<42:16>
                                                  n<> u<599> t<For_step> p<815> c<598> s<813> l<42:18> el<42:23>
                                                    n<> u<598> t<For_step_assignment> p<599> c<597> l<42:18> el<42:23>
                                                      n<> u<597> t<Variable_assignment> p<598> c<586> l<42:18> el<42:23>
                                                        n<> u<586> t<Variable_lvalue> p<597> c<583> s<596> l<42:18> el<42:19>
                                                          n<> u<583> t<Ps_or_hierarchical_identifier> p<586> c<582> s<585> l<42:18> el<42:19>
                                                            n<j> u<582> t<SIMPLE_IDENTIFIER> p<583> l<42:18> el<42:19>
                                                          n<> u<585> t<Select> p<586> c<584> l<42:19> el<42:19>
                                                            n<> u<584> t<Bit_select> p<585> l<42:19> el<42:19>
                                                        n<> u<596> t<Expression> p<597> c<590> l<42:20> el<42:23>
                                                          n<> u<590> t<Expression> p<596> c<589> s<595> l<42:20> el<42:21>
                                                            n<> u<589> t<Primary> p<590> c<588> l<42:20> el<42:21>
                                                              n<> u<588> t<Primary_literal> p<589> c<587> l<42:20> el<42:21>
                                                                n<j> u<587> t<SIMPLE_IDENTIFIER> p<588> l<42:20> el<42:21>
                                                          n<> u<595> t<BinaryOp_Plus> p<596> s<594> l<42:21> el<42:22>
                                                          n<> u<594> t<Expression> p<596> c<593> l<42:22> el<42:23>
                                                            n<> u<593> t<Primary> p<594> c<592> l<42:22> el<42:23>
                                                              n<> u<592> t<Primary_literal> p<593> c<591> l<42:22> el<42:23>
                                                                n<1> u<591> t<INTEGRAL_NUMBER> p<592> l<42:22> el<42:23>
                                                  n<> u<813> t<Statement_or_null> p<815> c<812> l<42:25> el<48:6>
                                                    n<> u<812> t<Statement> p<813> c<811> l<42:25> el<48:6>
                                                      n<> u<811> t<Statement_item> p<812> c<810> l<42:25> el<48:6>
                                                        n<> u<810> t<Seq_block> p<811> c<808> l<42:25> el<48:6>
                                                          n<> u<808> t<Statement_or_null> p<810> c<807> s<809> l<43:6> el<47:9>
                                                            n<> u<807> t<Statement> p<808> c<806> l<43:6> el<47:9>
                                                              n<> u<806> t<Statement_item> p<807> c<805> l<43:6> el<47:9>
                                                                n<> u<805> t<Loop_statement> p<806> c<804> l<43:6> el<47:9>
                                                                  n<> u<804> t<FOR> p<805> s<611> l<43:6> el<43:9>
                                                                  n<> u<611> t<For_initialization> p<805> c<610> s<621> l<43:11> el<43:14>
                                                                    n<> u<610> t<Variable_assignment_list> p<611> c<609> l<43:11> el<43:14>
                                                                      n<> u<609> t<Variable_assignment> p<610> c<604> l<43:11> el<43:14>
                                                                        n<> u<604> t<Variable_lvalue> p<609> c<601> s<608> l<43:11> el<43:12>
                                                                          n<> u<601> t<Ps_or_hierarchical_identifier> p<604> c<600> s<603> l<43:11> el<43:12>
                                                                            n<k> u<600> t<SIMPLE_IDENTIFIER> p<601> l<43:11> el<43:12>
                                                                          n<> u<603> t<Select> p<604> c<602> l<43:12> el<43:12>
                                                                            n<> u<602> t<Bit_select> p<603> l<43:12> el<43:12>
                                                                        n<> u<608> t<Expression> p<609> c<607> l<43:13> el<43:14>
                                                                          n<> u<607> t<Primary> p<608> c<606> l<43:13> el<43:14>
                                                                            n<> u<606> t<Primary_literal> p<607> c<605> l<43:13> el<43:14>
                                                                              n<0> u<605> t<INTEGRAL_NUMBER> p<606> l<43:13> el<43:14>
                                                                  n<> u<621> t<Expression> p<805> c<615> s<639> l<43:16> el<43:19>
                                                                    n<> u<615> t<Expression> p<621> c<614> s<620> l<43:16> el<43:17>
                                                                      n<> u<614> t<Primary> p<615> c<613> l<43:16> el<43:17>
                                                                        n<> u<613> t<Primary_literal> p<614> c<612> l<43:16> el<43:17>
                                                                          n<k> u<612> t<SIMPLE_IDENTIFIER> p<613> l<43:16> el<43:17>
                                                                    n<> u<620> t<LESS> p<621> s<619> l<43:17> el<43:18>
                                                                    n<> u<619> t<Expression> p<621> c<618> l<43:18> el<43:19>
                                                                      n<> u<618> t<Primary> p<619> c<617> l<43:18> el<43:19>
                                                                        n<> u<617> t<Primary_literal> p<618> c<616> l<43:18> el<43:19>
                                                                          n<7> u<616> t<INTEGRAL_NUMBER> p<617> l<43:18> el<43:19>
                                                                  n<> u<639> t<For_step> p<805> c<638> s<803> l<43:21> el<43:26>
                                                                    n<> u<638> t<For_step_assignment> p<639> c<637> l<43:21> el<43:26>
                                                                      n<> u<637> t<Variable_assignment> p<638> c<626> l<43:21> el<43:26>
                                                                        n<> u<626> t<Variable_lvalue> p<637> c<623> s<636> l<43:21> el<43:22>
                                                                          n<> u<623> t<Ps_or_hierarchical_identifier> p<626> c<622> s<625> l<43:21> el<43:22>
                                                                            n<k> u<622> t<SIMPLE_IDENTIFIER> p<623> l<43:21> el<43:22>
                                                                          n<> u<625> t<Select> p<626> c<624> l<43:22> el<43:22>
                                                                            n<> u<624> t<Bit_select> p<625> l<43:22> el<43:22>
                                                                        n<> u<636> t<Expression> p<637> c<630> l<43:23> el<43:26>
                                                                          n<> u<630> t<Expression> p<636> c<629> s<635> l<43:23> el<43:24>
                                                                            n<> u<629> t<Primary> p<630> c<628> l<43:23> el<43:24>
                                                                              n<> u<628> t<Primary_literal> p<629> c<627> l<43:23> el<43:24>
                                                                                n<k> u<627> t<SIMPLE_IDENTIFIER> p<628> l<43:23> el<43:24>
                                                                          n<> u<635> t<BinaryOp_Plus> p<636> s<634> l<43:24> el<43:25>
                                                                          n<> u<634> t<Expression> p<636> c<633> l<43:25> el<43:26>
                                                                            n<> u<633> t<Primary> p<634> c<632> l<43:25> el<43:26>
                                                                              n<> u<632> t<Primary_literal> p<633> c<631> l<43:25> el<43:26>
                                                                                n<1> u<631> t<INTEGRAL_NUMBER> p<632> l<43:25> el<43:26>
                                                                  n<> u<803> t<Statement_or_null> p<805> c<802> l<43:28> el<47:9>
                                                                    n<> u<802> t<Statement> p<803> c<801> l<43:28> el<47:9>
                                                                      n<> u<801> t<Statement_item> p<802> c<800> l<43:28> el<47:9>
                                                                        n<> u<800> t<Seq_block> p<801> c<676> l<43:28> el<47:9>
                                                                          n<> u<676> t<Statement_or_null> p<800> c<675> s<729> l<44:9> el<44:38>
                                                                            n<> u<675> t<Statement> p<676> c<674> l<44:9> el<44:38>
                                                                              n<> u<674> t<Statement_item> p<675> c<673> l<44:9> el<44:38>
                                                                                n<> u<673> t<Conditional_statement> p<674> c<663> l<44:9> el<44:38>
                                                                                  n<> u<663> t<Cond_predicate> p<673> c<662> s<672> l<44:13> el<44:30>
                                                                                    n<> u<662> t<Expression_or_cond_pattern> p<663> c<661> l<44:13> el<44:30>
                                                                                      n<> u<661> t<Expression> p<662> c<649> l<44:13> el<44:30>
                                                                                        n<> u<649> t<Expression> p<661> c<648> s<660> l<44:13> el<44:21>
                                                                                          n<> u<648> t<Primary> p<649> c<647> l<44:13> el<44:21>
                                                                                            n<> u<647> t<Subroutine_call> p<648> c<640> l<44:13> el<44:21>
                                                                                              n<mem1d> u<640> t<SIMPLE_IDENTIFIER> p<647> s<646> l<44:13> el<44:18>
                                                                                              n<> u<646> t<Select> p<647> c<645> l<44:18> el<44:21>
                                                                                                n<> u<645> t<Bit_select> p<646> c<644> l<44:18> el<44:21>
                                                                                                  n<> u<644> t<Expression> p<645> c<643> l<44:19> el<44:20>
                                                                                                    n<> u<643> t<Primary> p<644> c<642> l<44:19> el<44:20>
                                                                                                      n<> u<642> t<Primary_literal> p<643> c<641> l<44:19> el<44:20>
                                                                                                        n<k> u<641> t<SIMPLE_IDENTIFIER> p<642> l<44:19> el<44:20>
                                                                                        n<> u<660> t<FOUR_STATE_LOGIC_NOTEQUAL> p<661> s<659> l<44:22> el<44:25>
                                                                                        n<> u<659> t<Expression> p<661> c<658> l<44:26> el<44:30>
                                                                                          n<> u<658> t<Primary> p<659> c<657> l<44:26> el<44:30>
                                                                                            n<> u<657> t<Subroutine_call> p<658> c<650> l<44:26> el<44:30>
                                                                                              n<k> u<650> t<SIMPLE_IDENTIFIER> p<657> s<656> l<44:26> el<44:27>
                                                                                              n<> u<656> t<Select> p<657> c<655> l<44:27> el<44:30>
                                                                                                n<> u<655> t<Bit_select> p<656> c<654> l<44:27> el<44:30>
                                                                                                  n<> u<654> t<Expression> p<655> c<653> l<44:28> el<44:29>
                                                                                                    n<> u<653> t<Primary> p<654> c<652> l<44:28> el<44:29>
                                                                                                      n<> u<652> t<Primary_literal> p<653> c<651> l<44:28> el<44:29>
                                                                                                        n<0> u<651> t<INTEGRAL_NUMBER> p<652> l<44:28> el<44:29>
                                                                                  n<> u<672> t<Statement_or_null> p<673> c<671> l<44:32> el<44:38>
                                                                                    n<> u<671> t<Statement> p<672> c<670> l<44:32> el<44:38>
                                                                                      n<> u<670> t<Statement_item> p<671> c<669> l<44:32> el<44:38>
                                                                                        n<> u<669> t<Subroutine_call_statement> p<670> c<668> l<44:32> el<44:38>
                                                                                          n<> u<668> t<Subroutine_call> p<669> c<664> l<44:32> el<44:37>
                                                                                            n<$> u<664> t<DOLLAR> p<668> s<665> l<44:32> el<44:33>
                                                                                            n<stop> u<665> t<SIMPLE_IDENTIFIER> p<668> s<667> l<44:33> el<44:37>
                                                                                            n<> u<667> t<Select> p<668> c<666> l<44:37> el<44:37>
                                                                                              n<> u<666> t<Bit_select> p<667> l<44:37> el<44:37>
                                                                          n<> u<729> t<Statement_or_null> p<800> c<728> s<798> l<45:9> el<45:46>
                                                                            n<> u<728> t<Statement> p<729> c<727> l<45:9> el<45:46>
                                                                              n<> u<727> t<Statement_item> p<728> c<726> l<45:9> el<45:46>
                                                                                n<> u<726> t<Conditional_statement> p<727> c<716> l<45:9> el<45:46>
                                                                                  n<> u<716> t<Cond_predicate> p<726> c<715> s<725> l<45:13> el<45:38>
                                                                                    n<> u<715> t<Expression_or_cond_pattern> p<716> c<714> l<45:13> el<45:38>
                                                                                      n<> u<714> t<Expression> p<715> c<690> l<45:13> el<45:38>
                                                                                        n<> u<690> t<Expression> p<714> c<689> s<713> l<45:13> el<45:24>
                                                                                          n<> u<689> t<Primary> p<690> c<688> l<45:13> el<45:24>
                                                                                            n<> u<688> t<Subroutine_call> p<689> c<677> l<45:13> el<45:24>
                                                                                              n<mem2d> u<677> t<SIMPLE_IDENTIFIER> p<688> s<687> l<45:13> el<45:18>
                                                                                              n<> u<687> t<Select> p<688> c<686> l<45:18> el<45:24>
                                                                                                n<> u<686> t<Bit_select> p<687> c<681> l<45:18> el<45:24>
                                                                                                  n<> u<681> t<Expression> p<686> c<680> s<685> l<45:19> el<45:20>
                                                                                                    n<> u<680> t<Primary> p<681> c<679> l<45:19> el<45:20>
                                                                                                      n<> u<679> t<Primary_literal> p<680> c<678> l<45:19> el<45:20>
                                                                                                        n<j> u<678> t<SIMPLE_IDENTIFIER> p<679> l<45:19> el<45:20>
                                                                                                  n<> u<685> t<Expression> p<686> c<684> l<45:22> el<45:23>
                                                                                                    n<> u<684> t<Primary> p<685> c<683> l<45:22> el<45:23>
                                                                                                      n<> u<683> t<Primary_literal> p<684> c<682> l<45:22> el<45:23>
                                                                                                        n<k> u<682> t<SIMPLE_IDENTIFIER> p<683> l<45:22> el<45:23>
                                                                                        n<> u<713> t<FOUR_STATE_LOGIC_NOTEQUAL> p<714> s<712> l<45:25> el<45:28>
                                                                                        n<> u<712> t<Expression> p<714> c<700> l<45:29> el<45:38>
                                                                                          n<> u<700> t<Expression> p<712> c<699> s<711> l<45:29> el<45:33>
                                                                                            n<> u<699> t<Primary> p<700> c<698> l<45:29> el<45:33>
                                                                                              n<> u<698> t<Subroutine_call> p<699> c<691> l<45:29> el<45:33>
                                                                                                n<j> u<691> t<SIMPLE_IDENTIFIER> p<698> s<697> l<45:29> el<45:30>
                                                                                                n<> u<697> t<Select> p<698> c<696> l<45:30> el<45:33>
                                                                                                  n<> u<696> t<Bit_select> p<697> c<695> l<45:30> el<45:33>
                                                                                                    n<> u<695> t<Expression> p<696> c<694> l<45:31> el<45:32>
                                                                                                      n<> u<694> t<Primary> p<695> c<693> l<45:31> el<45:32>
                                                                                                        n<> u<693> t<Primary_literal> p<694> c<692> l<45:31> el<45:32>
                                                                                                          n<0> u<692> t<INTEGRAL_NUMBER> p<693> l<45:31> el<45:32>
                                                                                          n<> u<711> t<BinaryOp_Plus> p<712> s<710> l<45:33> el<45:34>
                                                                                          n<> u<710> t<Expression> p<712> c<709> l<45:34> el<45:38>
                                                                                            n<> u<709> t<Primary> p<710> c<708> l<45:34> el<45:38>
                                                                                              n<> u<708> t<Subroutine_call> p<709> c<701> l<45:34> el<45:38>
                                                                                                n<k> u<701> t<SIMPLE_IDENTIFIER> p<708> s<707> l<45:34> el<45:35>
                                                                                                n<> u<707> t<Select> p<708> c<706> l<45:35> el<45:38>
                                                                                                  n<> u<706> t<Bit_select> p<707> c<705> l<45:35> el<45:38>
                                                                                                    n<> u<705> t<Expression> p<706> c<704> l<45:36> el<45:37>
                                                                                                      n<> u<704> t<Primary> p<705> c<703> l<45:36> el<45:37>
                                                                                                        n<> u<703> t<Primary_literal> p<704> c<702> l<45:36> el<45:37>
                                                                                                          n<0> u<702> t<INTEGRAL_NUMBER> p<703> l<45:36> el<45:37>
                                                                                  n<> u<725> t<Statement_or_null> p<726> c<724> l<45:40> el<45:46>
                                                                                    n<> u<724> t<Statement> p<725> c<723> l<45:40> el<45:46>
                                                                                      n<> u<723> t<Statement_item> p<724> c<722> l<45:40> el<45:46>
                                                                                        n<> u<722> t<Subroutine_call_statement> p<723> c<721> l<45:40> el<45:46>
                                                                                          n<> u<721> t<Subroutine_call> p<722> c<717> l<45:40> el<45:45>
                                                                                            n<$> u<717> t<DOLLAR> p<721> s<718> l<45:40> el<45:41>
                                                                                            n<stop> u<718> t<SIMPLE_IDENTIFIER> p<721> s<720> l<45:41> el<45:45>
                                                                                            n<> u<720> t<Select> p<721> c<719> l<45:45> el<45:45>
                                                                                              n<> u<719> t<Bit_select> p<720> l<45:45> el<45:45>
                                                                          n<> u<798> t<Statement_or_null> p<800> c<797> s<799> l<46:9> el<46:54>
                                                                            n<> u<797> t<Statement> p<798> c<796> l<46:9> el<46:54>
                                                                              n<> u<796> t<Statement_item> p<797> c<795> l<46:9> el<46:54>
                                                                                n<> u<795> t<Conditional_statement> p<796> c<785> l<46:9> el<46:54>
                                                                                  n<> u<785> t<Cond_predicate> p<795> c<784> s<794> l<46:13> el<46:46>
                                                                                    n<> u<784> t<Expression_or_cond_pattern> p<785> c<783> l<46:13> el<46:46>
                                                                                      n<> u<783> t<Expression> p<784> c<747> l<46:13> el<46:46>
                                                                                        n<> u<747> t<Expression> p<783> c<746> s<782> l<46:13> el<46:27>
                                                                                          n<> u<746> t<Primary> p<747> c<745> l<46:13> el<46:27>
                                                                                            n<> u<745> t<Subroutine_call> p<746> c<730> l<46:13> el<46:27>
                                                                                              n<mem3d> u<730> t<SIMPLE_IDENTIFIER> p<745> s<744> l<46:13> el<46:18>
                                                                                              n<> u<744> t<Select> p<745> c<743> l<46:18> el<46:27>
                                                                                                n<> u<743> t<Bit_select> p<744> c<734> l<46:18> el<46:27>
                                                                                                  n<> u<734> t<Expression> p<743> c<733> s<738> l<46:19> el<46:20>
                                                                                                    n<> u<733> t<Primary> p<734> c<732> l<46:19> el<46:20>
                                                                                                      n<> u<732> t<Primary_literal> p<733> c<731> l<46:19> el<46:20>
                                                                                                        n<i> u<731> t<SIMPLE_IDENTIFIER> p<732> l<46:19> el<46:20>
                                                                                                  n<> u<738> t<Expression> p<743> c<737> s<742> l<46:22> el<46:23>
                                                                                                    n<> u<737> t<Primary> p<738> c<736> l<46:22> el<46:23>
                                                                                                      n<> u<736> t<Primary_literal> p<737> c<735> l<46:22> el<46:23>
                                                                                                        n<j> u<735> t<SIMPLE_IDENTIFIER> p<736> l<46:22> el<46:23>
                                                                                                  n<> u<742> t<Expression> p<743> c<741> l<46:25> el<46:26>
                                                                                                    n<> u<741> t<Primary> p<742> c<740> l<46:25> el<46:26>
                                                                                                      n<> u<740> t<Primary_literal> p<741> c<739> l<46:25> el<46:26>
                                                                                                        n<k> u<739> t<SIMPLE_IDENTIFIER> p<740> l<46:25> el<46:26>
                                                                                        n<> u<782> t<FOUR_STATE_LOGIC_NOTEQUAL> p<783> s<781> l<46:28> el<46:31>
                                                                                        n<> u<781> t<Expression> p<783> c<769> l<46:32> el<46:46>
                                                                                          n<> u<769> t<Expression> p<781> c<757> s<780> l<46:32> el<46:41>
                                                                                            n<> u<757> t<Expression> p<769> c<756> s<768> l<46:32> el<46:36>
                                                                                              n<> u<756> t<Primary> p<757> c<755> l<46:32> el<46:36>
                                                                                                n<> u<755> t<Subroutine_call> p<756> c<748> l<46:32> el<46:36>
                                                                                                  n<i> u<748> t<SIMPLE_IDENTIFIER> p<755> s<754> l<46:32> el<46:33>
                                                                                                  n<> u<754> t<Select> p<755> c<753> l<46:33> el<46:36>
                                                                                                    n<> u<753> t<Bit_select> p<754> c<752> l<46:33> el<46:36>
                                                                                                      n<> u<752> t<Expression> p<753> c<751> l<46:34> el<46:35>
                                                                                                        n<> u<751> t<Primary> p<752> c<750> l<46:34> el<46:35>
                                                                                                          n<> u<750> t<Primary_literal> p<751> c<749> l<46:34> el<46:35>
                                                                                                            n<0> u<749> t<INTEGRAL_NUMBER> p<750> l<46:34> el<46:35>
                                                                                            n<> u<768> t<BinaryOp_Plus> p<769> s<767> l<46:36> el<46:37>
                                                                                            n<> u<767> t<Expression> p<769> c<766> l<46:37> el<46:41>
                                                                                              n<> u<766> t<Primary> p<767> c<765> l<46:37> el<46:41>
                                                                                                n<> u<765> t<Subroutine_call> p<766> c<758> l<46:37> el<46:41>
                                                                                                  n<j> u<758> t<SIMPLE_IDENTIFIER> p<765> s<764> l<46:37> el<46:38>
                                                                                                  n<> u<764> t<Select> p<765> c<763> l<46:38> el<46:41>
                                                                                                    n<> u<763> t<Bit_select> p<764> c<762> l<46:38> el<46:41>
                                                                                                      n<> u<762> t<Expression> p<763> c<761> l<46:39> el<46:40>
                                                                                                        n<> u<761> t<Primary> p<762> c<760> l<46:39> el<46:40>
                                                                                                          n<> u<760> t<Primary_literal> p<761> c<759> l<46:39> el<46:40>
                                                                                                            n<0> u<759> t<INTEGRAL_NUMBER> p<760> l<46:39> el<46:40>
                                                                                          n<> u<780> t<BinaryOp_Plus> p<781> s<779> l<46:41> el<46:42>
                                                                                          n<> u<779> t<Expression> p<781> c<778> l<46:42> el<46:46>
                                                                                            n<> u<778> t<Primary> p<779> c<777> l<46:42> el<46:46>
                                                                                              n<> u<777> t<Subroutine_call> p<778> c<770> l<46:42> el<46:46>
                                                                                                n<k> u<770> t<SIMPLE_IDENTIFIER> p<777> s<776> l<46:42> el<46:43>
                                                                                                n<> u<776> t<Select> p<777> c<775> l<46:43> el<46:46>
                                                                                                  n<> u<775> t<Bit_select> p<776> c<774> l<46:43> el<46:46>
                                                                                                    n<> u<774> t<Expression> p<775> c<773> l<46:44> el<46:45>
                                                                                                      n<> u<773> t<Primary> p<774> c<772> l<46:44> el<46:45>
                                                                                                        n<> u<772> t<Primary_literal> p<773> c<771> l<46:44> el<46:45>
                                                                                                          n<0> u<771> t<INTEGRAL_NUMBER> p<772> l<46:44> el<46:45>
                                                                                  n<> u<794> t<Statement_or_null> p<795> c<793> l<46:48> el<46:54>
                                                                                    n<> u<793> t<Statement> p<794> c<792> l<46:48> el<46:54>
                                                                                      n<> u<792> t<Statement_item> p<793> c<791> l<46:48> el<46:54>
                                                                                        n<> u<791> t<Subroutine_call_statement> p<792> c<790> l<46:48> el<46:54>
                                                                                          n<> u<790> t<Subroutine_call> p<791> c<786> l<46:48> el<46:53>
                                                                                            n<$> u<786> t<DOLLAR> p<790> s<787> l<46:48> el<46:49>
                                                                                            n<stop> u<787> t<SIMPLE_IDENTIFIER> p<790> s<789> l<46:49> el<46:53>
                                                                                            n<> u<789> t<Select> p<790> c<788> l<46:53> el<46:53>
                                                                                              n<> u<788> t<Bit_select> p<789> l<46:53> el<46:53>
                                                                          n<> u<799> t<END> p<800> l<47:6> el<47:9>
                                                          n<> u<809> t<END> p<810> l<48:3> el<48:6>
                                          n<> u<819> t<END> p<820> l<49:7> el<49:10>
                          n<> u<829> t<END> p<830> l<50:4> el<50:7>
        n<> u<851> t<Module_item> p<1500> c<850> s<877> l<52:4> el<52:17>
          n<> u<850> t<Non_port_module_item> p<851> c<849> l<52:4> el<52:17>
            n<> u<849> t<Module_or_generate_item> p<850> c<848> l<52:4> el<52:17>
              n<> u<848> t<Module_common_item> p<849> c<847> l<52:4> el<52:17>
                n<> u<847> t<Module_or_generate_item_declaration> p<848> c<846> l<52:4> el<52:17>
                  n<> u<846> t<Package_or_generate_item_declaration> p<847> c<845> l<52:4> el<52:17>
                    n<> u<845> t<Data_declaration> p<846> c<844> l<52:4> el<52:17>
                      n<> u<844> t<Variable_declaration> p<845> c<840> l<52:4> el<52:17>
                        n<> u<840> t<Data_type> p<844> c<839> s<843> l<52:4> el<52:11>
                          n<> u<839> t<INTEGER> p<840> l<52:4> el<52:11>
                        n<> u<843> t<Variable_decl_assignment_list> p<844> c<842> l<52:14> el<52:16>
                          n<> u<842> t<Variable_decl_assignment> p<843> c<841> l<52:14> el<52:16>
                            n<wi> u<841> t<SIMPLE_IDENTIFIER> p<842> l<52:14> el<52:16>
        n<> u<877> t<Module_item> p<1500> c<876> s<911> l<53:4> el<53:25>
          n<> u<876> t<Non_port_module_item> p<877> c<875> l<53:4> el<53:25>
            n<> u<875> t<Module_or_generate_item> p<876> c<874> l<53:4> el<53:25>
              n<> u<874> t<Module_common_item> p<875> c<873> l<53:4> el<53:25>
                n<> u<873> t<Module_or_generate_item_declaration> p<874> c<872> l<53:4> el<53:25>
                  n<> u<872> t<Package_or_generate_item_declaration> p<873> c<871> l<53:4> el<53:25>
                    n<> u<871> t<Net_declaration> p<872> c<852> l<53:4> el<53:25>
                      n<> u<852> t<WIRE> p<871> s<863> l<53:4> el<53:8>
                      n<> u<863> t<Data_type_or_implicit> p<871> c<862> s<870> l<53:9> el<53:15>
                        n<> u<862> t<Packed_dimension> p<863> c<861> l<53:9> el<53:15>
                          n<> u<861> t<Constant_range> p<862> c<856> l<53:10> el<53:14>
                            n<> u<856> t<Constant_expression> p<861> c<855> s<860> l<53:10> el<53:12>
                              n<> u<855> t<Constant_primary> p<856> c<854> l<53:10> el<53:12>
                                n<> u<854> t<Primary_literal> p<855> c<853> l<53:10> el<53:12>
                                  n<31> u<853> t<INTEGRAL_NUMBER> p<854> l<53:10> el<53:12>
                            n<> u<860> t<Constant_expression> p<861> c<859> l<53:13> el<53:14>
                              n<> u<859> t<Constant_primary> p<860> c<858> l<53:13> el<53:14>
                                n<> u<858> t<Primary_literal> p<859> c<857> l<53:13> el<53:14>
                                  n<0> u<857> t<INTEGRAL_NUMBER> p<858> l<53:13> el<53:14>
                      n<> u<870> t<Net_decl_assignment_list> p<871> c<869> l<53:16> el<53:24>
                        n<> u<869> t<Net_decl_assignment> p<870> c<864> l<53:16> el<53:24>
                          n<wd> u<864> t<SIMPLE_IDENTIFIER> p<869> s<868> l<53:16> el<53:18>
                          n<> u<868> t<Expression> p<869> c<867> l<53:21> el<53:24>
                            n<> u<867> t<Primary> p<868> c<866> l<53:21> el<53:24>
                              n<> u<866> t<Primary_literal> p<867> c<865> l<53:21> el<53:24>
                                n<cyc> u<865> t<SIMPLE_IDENTIFIER> p<866> l<53:21> el<53:24>
        n<> u<911> t<Module_item> p<1500> c<910> s<957> l<54:4> el<54:26>
          n<> u<910> t<Non_port_module_item> p<911> c<909> l<54:4> el<54:26>
            n<> u<909> t<Module_or_generate_item> p<910> c<908> l<54:4> el<54:26>
              n<> u<908> t<Module_common_item> p<909> c<907> l<54:4> el<54:26>
                n<> u<907> t<Module_or_generate_item_declaration> p<908> c<906> l<54:4> el<54:26>
                  n<> u<906> t<Package_or_generate_item_declaration> p<907> c<905> l<54:4> el<54:26>
                    n<> u<905> t<Data_declaration> p<906> c<904> l<54:4> el<54:26>
                      n<> u<904> t<Variable_declaration> p<905> c<889> l<54:4> el<54:26>
                        n<> u<889> t<Data_type> p<904> c<878> s<903> l<54:4> el<54:14>
                          n<> u<878> t<REG> p<889> s<888> l<54:4> el<54:7>
                          n<> u<888> t<Packed_dimension> p<889> c<887> l<54:8> el<54:14>
                            n<> u<887> t<Constant_range> p<888> c<882> l<54:9> el<54:13>
                              n<> u<882> t<Constant_expression> p<887> c<881> s<886> l<54:9> el<54:11>
                                n<> u<881> t<Constant_primary> p<882> c<880> l<54:9> el<54:11>
                                  n<> u<880> t<Primary_literal> p<881> c<879> l<54:9> el<54:11>
                                    n<31> u<879> t<INTEGRAL_NUMBER> p<880> l<54:9> el<54:11>
                              n<> u<886> t<Constant_expression> p<887> c<885> l<54:12> el<54:13>
                                n<> u<885> t<Constant_primary> p<886> c<884> l<54:12> el<54:13>
                                  n<> u<884> t<Primary_literal> p<885> c<883> l<54:12> el<54:13>
                                    n<0> u<883> t<INTEGRAL_NUMBER> p<884> l<54:12> el<54:13>
                        n<> u<903> t<Variable_decl_assignment_list> p<904> c<902> l<54:15> el<54:25>
                          n<> u<902> t<Variable_decl_assignment> p<903> c<890> l<54:15> el<54:25>
                            n<reg2d> u<890> t<SIMPLE_IDENTIFIER> p<902> s<901> l<54:15> el<54:20>
                            n<> u<901> t<Variable_dimension> p<902> c<900> l<54:20> el<54:25>
                              n<> u<900> t<Unpacked_dimension> p<901> c<899> l<54:20> el<54:25>
                                n<> u<899> t<Constant_range> p<900> c<894> l<54:21> el<54:24>
                                  n<> u<894> t<Constant_expression> p<899> c<893> s<898> l<54:21> el<54:22>
                                    n<> u<893> t<Constant_primary> p<894> c<892> l<54:21> el<54:22>
                                      n<> u<892> t<Primary_literal> p<893> c<891> l<54:21> el<54:22>
                                        n<6> u<891> t<INTEGRAL_NUMBER> p<892> l<54:21> el<54:22>
                                  n<> u<898> t<Constant_expression> p<899> c<897> l<54:23> el<54:24>
                                    n<> u<897> t<Constant_primary> p<898> c<896> l<54:23> el<54:24>
                                      n<> u<896> t<Primary_literal> p<897> c<895> l<54:23> el<54:24>
                                        n<0> u<895> t<INTEGRAL_NUMBER> p<896> l<54:23> el<54:24>
        n<> u<957> t<Module_item> p<1500> c<956> s<1498> l<55:4> el<55:48>
          n<> u<956> t<Non_port_module_item> p<957> c<955> l<55:4> el<55:48>
            n<> u<955> t<Module_or_generate_item> p<956> c<954> l<55:4> el<55:48>
              n<> u<954> t<Module_common_item> p<955> c<953> l<55:4> el<55:48>
                n<> u<953> t<Always_construct> p<954> c<912> l<55:4> el<55:48>
                  n<> u<912> t<ALWAYS> p<953> s<952> l<55:4> el<55:10>
                  n<> u<952> t<Statement> p<953> c<951> l<55:11> el<55:48>
                    n<> u<951> t<Statement_item> p<952> c<950> l<55:11> el<55:48>
                      n<> u<950> t<Procedural_timing_control_statement> p<951> c<920> l<55:11> el<55:48>
                        n<> u<920> t<Procedural_timing_control> p<950> c<919> s<949> l<55:11> el<55:26>
                          n<> u<919> t<Event_control> p<920> c<918> l<55:11> el<55:26>
                            n<> u<918> t<Event_expression> p<919> c<913> l<55:14> el<55:25>
                              n<> u<913> t<POSEDGE> p<918> s<917> l<55:14> el<55:21>
                              n<> u<917> t<Expression> p<918> c<916> l<55:22> el<55:25>
                                n<> u<916> t<Primary> p<917> c<915> l<55:22> el<55:25>
                                  n<> u<915> t<Primary_literal> p<916> c<914> l<55:22> el<55:25>
                                    n<clk> u<914> t<SIMPLE_IDENTIFIER> p<915> l<55:22> el<55:25>
                        n<> u<949> t<Statement_or_null> p<950> c<948> l<55:27> el<55:48>
                          n<> u<948> t<Statement> p<949> c<947> l<55:27> el<55:48>
                            n<> u<947> t<Statement_item> p<948> c<946> l<55:27> el<55:48>
                              n<> u<946> t<Nonblocking_assignment> p<947> c<941> l<55:27> el<55:47>
                                n<> u<941> t<Variable_lvalue> p<946> c<922> s<945> l<55:27> el<55:41>
                                  n<> u<922> t<Ps_or_hierarchical_identifier> p<941> c<921> s<940> l<55:27> el<55:32>
                                    n<reg2d> u<921> t<SIMPLE_IDENTIFIER> p<922> l<55:27> el<55:32>
                                  n<> u<940> t<Select> p<941> c<939> l<55:32> el<55:41>
                                    n<> u<939> t<Bit_select> p<940> c<938> l<55:32> el<55:41>
                                      n<> u<938> t<Expression> p<939> c<937> l<55:33> el<55:40>
                                        n<> u<937> t<Primary> p<938> c<936> l<55:33> el<55:40>
                                          n<> u<936> t<Subroutine_call> p<937> c<923> l<55:33> el<55:40>
                                            n<wi> u<923> t<SIMPLE_IDENTIFIER> p<936> s<935> l<55:33> el<55:35>
                                            n<> u<935> t<Select> p<936> c<924> l<55:35> el<55:40>
                                              n<> u<924> t<Bit_select> p<935> s<934> l<55:35> el<55:35>
                                              n<> u<934> t<Part_select_range> p<935> c<933> l<55:36> el<55:39>
                                                n<> u<933> t<Constant_range> p<934> c<928> l<55:36> el<55:39>
                                                  n<> u<928> t<Constant_expression> p<933> c<927> s<932> l<55:36> el<55:37>
                                                    n<> u<927> t<Constant_primary> p<928> c<926> l<55:36> el<55:37>
                                                      n<> u<926> t<Primary_literal> p<927> c<925> l<55:36> el<55:37>
                                                        n<2> u<925> t<INTEGRAL_NUMBER> p<926> l<55:36> el<55:37>
                                                  n<> u<932> t<Constant_expression> p<933> c<931> l<55:38> el<55:39>
                                                    n<> u<931> t<Constant_primary> p<932> c<930> l<55:38> el<55:39>
                                                      n<> u<930> t<Primary_literal> p<931> c<929> l<55:38> el<55:39>
                                                        n<0> u<929> t<INTEGRAL_NUMBER> p<930> l<55:38> el<55:39>
                                n<> u<945> t<Expression> p<946> c<944> l<55:45> el<55:47>
                                  n<> u<944> t<Primary> p<945> c<943> l<55:45> el<55:47>
                                    n<> u<943> t<Primary_literal> p<944> c<942> l<55:45> el<55:47>
                                      n<wd> u<942> t<SIMPLE_IDENTIFIER> p<943> l<55:45> el<55:47>
        n<> u<1498> t<Module_item> p<1500> c<1497> s<1499> l<57:4> el<91:7>
          n<> u<1497> t<Non_port_module_item> p<1498> c<1496> l<57:4> el<91:7>
            n<> u<1496> t<Module_or_generate_item> p<1497> c<1495> l<57:4> el<91:7>
              n<> u<1495> t<Module_common_item> p<1496> c<1494> l<57:4> el<91:7>
                n<> u<1494> t<Always_construct> p<1495> c<958> l<57:4> el<91:7>
                  n<> u<958> t<ALWAYS> p<1494> s<1493> l<57:4> el<57:10>
                  n<> u<1493> t<Statement> p<1494> c<1492> l<57:11> el<91:7>
                    n<> u<1492> t<Statement_item> p<1493> c<1491> l<57:11> el<91:7>
                      n<> u<1491> t<Procedural_timing_control_statement> p<1492> c<966> l<57:11> el<91:7>
                        n<> u<966> t<Procedural_timing_control> p<1491> c<965> s<1490> l<57:11> el<57:26>
                          n<> u<965> t<Event_control> p<966> c<964> l<57:11> el<57:26>
                            n<> u<964> t<Event_expression> p<965> c<959> l<57:14> el<57:25>
                              n<> u<959> t<POSEDGE> p<964> s<963> l<57:14> el<57:21>
                              n<> u<963> t<Expression> p<964> c<962> l<57:22> el<57:25>
                                n<> u<962> t<Primary> p<963> c<961> l<57:22> el<57:25>
                                  n<> u<961> t<Primary_literal> p<962> c<960> l<57:22> el<57:25>
                                    n<clk> u<960> t<SIMPLE_IDENTIFIER> p<961> l<57:22> el<57:25>
                        n<> u<1490> t<Statement_or_null> p<1491> c<1489> l<57:27> el<91:7>
                          n<> u<1489> t<Statement> p<1490> c<1488> l<57:27> el<91:7>
                            n<> u<1488> t<Statement_item> p<1489> c<1487> l<57:27> el<91:7>
                              n<> u<1487> t<Seq_block> p<1488> c<985> l<57:27> el<91:7>
                                n<> u<985> t<Statement_or_null> p<1487> c<984> s<1485> l<61:7> el<61:22>
                                  n<> u<984> t<Statement> p<985> c<983> l<61:7> el<61:22>
                                    n<> u<983> t<Statement_item> p<984> c<982> l<61:7> el<61:22>
                                      n<> u<982> t<Nonblocking_assignment> p<983> c<971> l<61:7> el<61:21>
                                        n<> u<971> t<Variable_lvalue> p<982> c<968> s<981> l<61:7> el<61:10>
                                          n<> u<968> t<Ps_or_hierarchical_identifier> p<971> c<967> s<970> l<61:7> el<61:10>
                                            n<cyc> u<967> t<SIMPLE_IDENTIFIER> p<968> l<61:7> el<61:10>
                                          n<> u<970> t<Select> p<971> c<969> l<61:11> el<61:11>
                                            n<> u<969> t<Bit_select> p<970> l<61:11> el<61:11>
                                        n<> u<981> t<Expression> p<982> c<975> l<61:14> el<61:21>
                                          n<> u<975> t<Expression> p<981> c<974> s<980> l<61:14> el<61:17>
                                            n<> u<974> t<Primary> p<975> c<973> l<61:14> el<61:17>
                                              n<> u<973> t<Primary_literal> p<974> c<972> l<61:14> el<61:17>
                                                n<cyc> u<972> t<SIMPLE_IDENTIFIER> p<973> l<61:14> el<61:17>
                                          n<> u<980> t<BinaryOp_Plus> p<981> s<979> l<61:18> el<61:19>
                                          n<> u<979> t<Expression> p<981> c<978> l<61:20> el<61:21>
                                            n<> u<978> t<Primary> p<979> c<977> l<61:20> el<61:21>
                                              n<> u<977> t<Primary_literal> p<978> c<976> l<61:20> el<61:21>
                                                n<1> u<976> t<INTEGRAL_NUMBER> p<977> l<61:20> el<61:21>
                                n<> u<1485> t<Statement_or_null> p<1487> c<1484> s<1486> l<62:7> el<90:10>
                                  n<> u<1484> t<Statement> p<1485> c<1483> l<62:7> el<90:10>
                                    n<> u<1483> t<Statement_item> p<1484> c<1482> l<62:7> el<90:10>
                                      n<> u<1482> t<Conditional_statement> p<1483> c<997> l<62:7> el<90:10>
                                        n<> u<997> t<Cond_predicate> p<1482> c<996> s<1015> l<62:11> el<62:17>
                                          n<> u<996> t<Expression_or_cond_pattern> p<997> c<995> l<62:11> el<62:17>
                                            n<> u<995> t<Expression> p<996> c<989> l<62:11> el<62:17>
                                              n<> u<989> t<Expression> p<995> c<988> s<994> l<62:11> el<62:14>
                                                n<> u<988> t<Primary> p<989> c<987> l<62:11> el<62:14>
                                                  n<> u<987> t<Primary_literal> p<988> c<986> l<62:11> el<62:14>
                                                    n<cyc> u<986> t<SIMPLE_IDENTIFIER> p<987> l<62:11> el<62:14>
                                              n<> u<994> t<LESS> p<995> s<993> l<62:14> el<62:15>
                                              n<> u<993> t<Expression> p<995> c<992> l<62:15> el<62:17>
                                                n<> u<992> t<Primary> p<993> c<991> l<62:15> el<62:17>
                                                  n<> u<991> t<Primary_literal> p<992> c<990> l<62:15> el<62:17>
                                                    n<10> u<990> t<INTEGRAL_NUMBER> p<991> l<62:15> el<62:17>
                                        n<> u<1015> t<Statement_or_null> p<1482> c<1014> s<1481> l<62:19> el<64:10>
                                          n<> u<1014> t<Statement> p<1015> c<1013> l<62:19> el<64:10>
                                            n<> u<1013> t<Statement_item> p<1014> c<1012> l<62:19> el<64:10>
                                              n<> u<1012> t<Seq_block> p<1013> c<1010> l<62:19> el<64:10>
                                                n<> u<1010> t<Statement_or_null> p<1012> c<1009> s<1011> l<63:3> el<63:11>
                                                  n<> u<1009> t<Statement> p<1010> c<1008> l<63:3> el<63:11>
                                                    n<> u<1008> t<Statement_item> p<1009> c<1007> l<63:3> el<63:11>
                                                      n<> u<1007> t<Nonblocking_assignment> p<1008> c<1002> l<63:3> el<63:10>
                                                        n<> u<1002> t<Variable_lvalue> p<1007> c<999> s<1006> l<63:3> el<63:5>
                                                          n<> u<999> t<Ps_or_hierarchical_identifier> p<1002> c<998> s<1001> l<63:3> el<63:5>
                                                            n<wi> u<998> t<SIMPLE_IDENTIFIER> p<999> l<63:3> el<63:5>
                                                          n<> u<1001> t<Select> p<1002> c<1000> l<63:6> el<63:6>
                                                            n<> u<1000> t<Bit_select> p<1001> l<63:6> el<63:6>
                                                        n<> u<1006> t<Expression> p<1007> c<1005> l<63:9> el<63:10>
                                                          n<> u<1005> t<Primary> p<1006> c<1004> l<63:9> el<63:10>
                                                            n<> u<1004> t<Primary_literal> p<1005> c<1003> l<63:9> el<63:10>
                                                              n<0> u<1003> t<INTEGRAL_NUMBER> p<1004> l<63:9> el<63:10>
                                                n<> u<1011> t<END> p<1012> l<64:7> el<64:10>
                                        n<> u<1481> t<Statement_or_null> p<1482> c<1480> l<65:12> el<90:10>
                                          n<> u<1480> t<Statement> p<1481> c<1479> l<65:12> el<90:10>
                                            n<> u<1479> t<Statement_item> p<1480> c<1478> l<65:12> el<90:10>
                                              n<> u<1478> t<Conditional_statement> p<1479> c<1027> l<65:12> el<90:10>
                                                n<> u<1027> t<Cond_predicate> p<1478> c<1026> s<1045> l<65:16> el<65:23>
                                                  n<> u<1026> t<Expression_or_cond_pattern> p<1027> c<1025> l<65:16> el<65:23>
                                                    n<> u<1025> t<Expression> p<1026> c<1019> l<65:16> el<65:23>
                                                      n<> u<1019> t<Expression> p<1025> c<1018> s<1024> l<65:16> el<65:19>
                                                        n<> u<1018> t<Primary> p<1019> c<1017> l<65:16> el<65:19>
                                                          n<> u<1017> t<Primary_literal> p<1018> c<1016> l<65:16> el<65:19>
                                                            n<cyc> u<1016> t<SIMPLE_IDENTIFIER> p<1017> l<65:16> el<65:19>
                                                      n<> u<1024> t<EQUIV> p<1025> s<1023> l<65:19> el<65:21>
                                                      n<> u<1023> t<Expression> p<1025> c<1022> l<65:21> el<65:23>
                                                        n<> u<1022> t<Primary> p<1023> c<1021> l<65:21> el<65:23>
                                                          n<> u<1021> t<Primary_literal> p<1022> c<1020> l<65:21> el<65:23>
                                                            n<10> u<1020> t<INTEGRAL_NUMBER> p<1021> l<65:21> el<65:23>
                                                n<> u<1045> t<Statement_or_null> p<1478> c<1044> s<1477> l<65:25> el<67:10>
                                                  n<> u<1044> t<Statement> p<1045> c<1043> l<65:25> el<67:10>
                                                    n<> u<1043> t<Statement_item> p<1044> c<1042> l<65:25> el<67:10>
                                                      n<> u<1042> t<Seq_block> p<1043> c<1040> l<65:25> el<67:10>
                                                        n<> u<1040> t<Statement_or_null> p<1042> c<1039> s<1041> l<66:3> el<66:11>
                                                          n<> u<1039> t<Statement> p<1040> c<1038> l<66:3> el<66:11>
                                                            n<> u<1038> t<Statement_item> p<1039> c<1037> l<66:3> el<66:11>
                                                              n<> u<1037> t<Nonblocking_assignment> p<1038> c<1032> l<66:3> el<66:10>
                                                                n<> u<1032> t<Variable_lvalue> p<1037> c<1029> s<1036> l<66:3> el<66:5>
                                                                  n<> u<1029> t<Ps_or_hierarchical_identifier> p<1032> c<1028> s<1031> l<66:3> el<66:5>
                                                                    n<wi> u<1028> t<SIMPLE_IDENTIFIER> p<1029> l<66:3> el<66:5>
                                                                  n<> u<1031> t<Select> p<1032> c<1030> l<66:6> el<66:6>
                                                                    n<> u<1030> t<Bit_select> p<1031> l<66:6> el<66:6>
                                                                n<> u<1036> t<Expression> p<1037> c<1035> l<66:9> el<66:10>
                                                                  n<> u<1035> t<Primary> p<1036> c<1034> l<66:9> el<66:10>
                                                                    n<> u<1034> t<Primary_literal> p<1035> c<1033> l<66:9> el<66:10>
                                                                      n<1> u<1033> t<INTEGRAL_NUMBER> p<1034> l<66:9> el<66:10>
                                                        n<> u<1041> t<END> p<1042> l<67:7> el<67:10>
                                                n<> u<1477> t<Statement_or_null> p<1478> c<1476> l<68:12> el<90:10>
                                                  n<> u<1476> t<Statement> p<1477> c<1475> l<68:12> el<90:10>
                                                    n<> u<1475> t<Statement_item> p<1476> c<1474> l<68:12> el<90:10>
                                                      n<> u<1474> t<Conditional_statement> p<1475> c<1057> l<68:12> el<90:10>
                                                        n<> u<1057> t<Cond_predicate> p<1474> c<1056> s<1106> l<68:16> el<68:23>
                                                          n<> u<1056> t<Expression_or_cond_pattern> p<1057> c<1055> l<68:16> el<68:23>
                                                            n<> u<1055> t<Expression> p<1056> c<1049> l<68:16> el<68:23>
                                                              n<> u<1049> t<Expression> p<1055> c<1048> s<1054> l<68:16> el<68:19>
                                                                n<> u<1048> t<Primary> p<1049> c<1047> l<68:16> el<68:19>
                                                                  n<> u<1047> t<Primary_literal> p<1048> c<1046> l<68:16> el<68:19>
                                                                    n<cyc> u<1046> t<SIMPLE_IDENTIFIER> p<1047> l<68:16> el<68:19>
                                                              n<> u<1054> t<EQUIV> p<1055> s<1053> l<68:19> el<68:21>
                                                              n<> u<1053> t<Expression> p<1055> c<1052> l<68:21> el<68:23>
                                                                n<> u<1052> t<Primary> p<1053> c<1051> l<68:21> el<68:23>
                                                                  n<> u<1051> t<Primary_literal> p<1052> c<1050> l<68:21> el<68:23>
                                                                    n<11> u<1050> t<INTEGRAL_NUMBER> p<1051> l<68:21> el<68:23>
                                                        n<> u<1106> t<Statement_or_null> p<1474> c<1105> s<1473> l<68:25> el<71:10>
                                                          n<> u<1105> t<Statement> p<1106> c<1104> l<68:25> el<71:10>
                                                            n<> u<1104> t<Statement_item> p<1105> c<1103> l<68:25> el<71:10>
                                                              n<> u<1103> t<Seq_block> p<1104> c<1088> l<68:25> el<71:10>
                                                                n<> u<1088> t<Statement_or_null> p<1103> c<1087> s<1101> l<69:3> el<69:30>
                                                                  n<> u<1087> t<Statement> p<1088> c<1086> l<69:3> el<69:30>
                                                                    n<> u<1086> t<Statement_item> p<1087> c<1085> l<69:3> el<69:30>
                                                                      n<> u<1085> t<Conditional_statement> p<1086> c<1075> l<69:3> el<69:30>
                                                                        n<> u<1075> t<Cond_predicate> p<1085> c<1074> s<1084> l<69:7> el<69:22>
                                                                          n<> u<1074> t<Expression_or_cond_pattern> p<1075> c<1073> l<69:7> el<69:22>
                                                                            n<> u<1073> t<Expression> p<1074> c<1067> l<69:7> el<69:22>
                                                                              n<> u<1067> t<Expression> p<1073> c<1066> s<1072> l<69:7> el<69:15>
                                                                                n<> u<1066> t<Primary> p<1067> c<1065> l<69:7> el<69:15>
                                                                                  n<> u<1065> t<Subroutine_call> p<1066> c<1058> l<69:7> el<69:15>
                                                                                    n<reg2d> u<1058> t<SIMPLE_IDENTIFIER> p<1065> s<1064> l<69:7> el<69:12>
                                                                                    n<> u<1064> t<Select> p<1065> c<1063> l<69:12> el<69:15>
                                                                                      n<> u<1063> t<Bit_select> p<1064> c<1062> l<69:12> el<69:15>
                                                                                        n<> u<1062> t<Expression> p<1063> c<1061> l<69:13> el<69:14>
                                                                                          n<> u<1061> t<Primary> p<1062> c<1060> l<69:13> el<69:14>
                                                                                            n<> u<1060> t<Primary_literal> p<1061> c<1059> l<69:13> el<69:14>
                                                                                              n<0> u<1059> t<INTEGRAL_NUMBER> p<1060> l<69:13> el<69:14>
                                                                              n<> u<1072> t<FOUR_STATE_LOGIC_NOTEQUAL> p<1073> s<1071> l<69:16> el<69:19>
                                                                              n<> u<1071> t<Expression> p<1073> c<1070> l<69:20> el<69:22>
                                                                                n<> u<1070> t<Primary> p<1071> c<1069> l<69:20> el<69:22>
                                                                                  n<> u<1069> t<Primary_literal> p<1070> c<1068> l<69:20> el<69:22>
                                                                                    n<10> u<1068> t<INTEGRAL_NUMBER> p<1069> l<69:20> el<69:22>
                                                                        n<> u<1084> t<Statement_or_null> p<1085> c<1083> l<69:24> el<69:30>
                                                                          n<> u<1083> t<Statement> p<1084> c<1082> l<69:24> el<69:30>
                                                                            n<> u<1082> t<Statement_item> p<1083> c<1081> l<69:24> el<69:30>
                                                                              n<> u<1081> t<Subroutine_call_statement> p<1082> c<1080> l<69:24> el<69:30>
                                                                                n<> u<1080> t<Subroutine_call> p<1081> c<1076> l<69:24> el<69:29>
                                                                                  n<$> u<1076> t<DOLLAR> p<1080> s<1077> l<69:24> el<69:25>
                                                                                  n<stop> u<1077> t<SIMPLE_IDENTIFIER> p<1080> s<1079> l<69:25> el<69:29>
                                                                                  n<> u<1079> t<Select> p<1080> c<1078> l<69:29> el<69:29>
                                                                                    n<> u<1078> t<Bit_select> p<1079> l<69:29> el<69:29>
                                                                n<> u<1101> t<Statement_or_null> p<1103> c<1100> s<1102> l<70:3> el<70:11>
                                                                  n<> u<1100> t<Statement> p<1101> c<1099> l<70:3> el<70:11>
                                                                    n<> u<1099> t<Statement_item> p<1100> c<1098> l<70:3> el<70:11>
                                                                      n<> u<1098> t<Nonblocking_assignment> p<1099> c<1093> l<70:3> el<70:10>
                                                                        n<> u<1093> t<Variable_lvalue> p<1098> c<1090> s<1097> l<70:3> el<70:5>
                                                                          n<> u<1090> t<Ps_or_hierarchical_identifier> p<1093> c<1089> s<1092> l<70:3> el<70:5>
                                                                            n<wi> u<1089> t<SIMPLE_IDENTIFIER> p<1090> l<70:3> el<70:5>
                                                                          n<> u<1092> t<Select> p<1093> c<1091> l<70:6> el<70:6>
                                                                            n<> u<1091> t<Bit_select> p<1092> l<70:6> el<70:6>
                                                                        n<> u<1097> t<Expression> p<1098> c<1096> l<70:9> el<70:10>
                                                                          n<> u<1096> t<Primary> p<1097> c<1095> l<70:9> el<70:10>
                                                                            n<> u<1095> t<Primary_literal> p<1096> c<1094> l<70:9> el<70:10>
                                                                              n<6> u<1094> t<INTEGRAL_NUMBER> p<1095> l<70:9> el<70:10>
                                                                n<> u<1102> t<END> p<1103> l<71:7> el<71:10>
                                                        n<> u<1473> t<Statement_or_null> p<1474> c<1472> l<72:12> el<90:10>
                                                          n<> u<1472> t<Statement> p<1473> c<1471> l<72:12> el<90:10>
                                                            n<> u<1471> t<Statement_item> p<1472> c<1470> l<72:12> el<90:10>
                                                              n<> u<1470> t<Conditional_statement> p<1471> c<1118> l<72:12> el<90:10>
                                                                n<> u<1118> t<Cond_predicate> p<1470> c<1117> s<1199> l<72:16> el<72:23>
                                                                  n<> u<1117> t<Expression_or_cond_pattern> p<1118> c<1116> l<72:16> el<72:23>
                                                                    n<> u<1116> t<Expression> p<1117> c<1110> l<72:16> el<72:23>
                                                                      n<> u<1110> t<Expression> p<1116> c<1109> s<1115> l<72:16> el<72:19>
                                                                        n<> u<1109> t<Primary> p<1110> c<1108> l<72:16> el<72:19>
                                                                          n<> u<1108> t<Primary_literal> p<1109> c<1107> l<72:16> el<72:19>
                                                                            n<cyc> u<1107> t<SIMPLE_IDENTIFIER> p<1108> l<72:16> el<72:19>
                                                                      n<> u<1115> t<EQUIV> p<1116> s<1114> l<72:19> el<72:21>
                                                                      n<> u<1114> t<Expression> p<1116> c<1113> l<72:21> el<72:23>
                                                                        n<> u<1113> t<Primary> p<1114> c<1112> l<72:21> el<72:23>
                                                                          n<> u<1112> t<Primary_literal> p<1113> c<1111> l<72:21> el<72:23>
                                                                            n<12> u<1111> t<INTEGRAL_NUMBER> p<1112> l<72:21> el<72:23>
                                                                n<> u<1199> t<Statement_or_null> p<1470> c<1198> s<1469> l<72:25> el<76:10>
                                                                  n<> u<1198> t<Statement> p<1199> c<1197> l<72:25> el<76:10>
                                                                    n<> u<1197> t<Statement_item> p<1198> c<1196> l<72:25> el<76:10>
                                                                      n<> u<1196> t<Seq_block> p<1197> c<1149> l<72:25> el<76:10>
                                                                        n<> u<1149> t<Statement_or_null> p<1196> c<1148> s<1180> l<73:3> el<73:30>
                                                                          n<> u<1148> t<Statement> p<1149> c<1147> l<73:3> el<73:30>
                                                                            n<> u<1147> t<Statement_item> p<1148> c<1146> l<73:3> el<73:30>
                                                                              n<> u<1146> t<Conditional_statement> p<1147> c<1136> l<73:3> el<73:30>
                                                                                n<> u<1136> t<Cond_predicate> p<1146> c<1135> s<1145> l<73:7> el<73:22>
                                                                                  n<> u<1135> t<Expression_or_cond_pattern> p<1136> c<1134> l<73:7> el<73:22>
                                                                                    n<> u<1134> t<Expression> p<1135> c<1128> l<73:7> el<73:22>
                                                                                      n<> u<1128> t<Expression> p<1134> c<1127> s<1133> l<73:7> el<73:15>
                                                                                        n<> u<1127> t<Primary> p<1128> c<1126> l<73:7> el<73:15>
                                                                                          n<> u<1126> t<Subroutine_call> p<1127> c<1119> l<73:7> el<73:15>
                                                                                            n<reg2d> u<1119> t<SIMPLE_IDENTIFIER> p<1126> s<1125> l<73:7> el<73:12>
                                                                                            n<> u<1125> t<Select> p<1126> c<1124> l<73:12> el<73:15>
                                                                                              n<> u<1124> t<Bit_select> p<1125> c<1123> l<73:12> el<73:15>
                                                                                                n<> u<1123> t<Expression> p<1124> c<1122> l<73:13> el<73:14>
                                                                                                  n<> u<1122> t<Primary> p<1123> c<1121> l<73:13> el<73:14>
                                                                                                    n<> u<1121> t<Primary_literal> p<1122> c<1120> l<73:13> el<73:14>
                                                                                                      n<0> u<1120> t<INTEGRAL_NUMBER> p<1121> l<73:13> el<73:14>
                                                                                      n<> u<1133> t<FOUR_STATE_LOGIC_NOTEQUAL> p<1134> s<1132> l<73:16> el<73:19>
                                                                                      n<> u<1132> t<Expression> p<1134> c<1131> l<73:20> el<73:22>
                                                                                        n<> u<1131> t<Primary> p<1132> c<1130> l<73:20> el<73:22>
                                                                                          n<> u<1130> t<Primary_literal> p<1131> c<1129> l<73:20> el<73:22>
                                                                                            n<10> u<1129> t<INTEGRAL_NUMBER> p<1130> l<73:20> el<73:22>
                                                                                n<> u<1145> t<Statement_or_null> p<1146> c<1144> l<73:24> el<73:30>
                                                                                  n<> u<1144> t<Statement> p<1145> c<1143> l<73:24> el<73:30>
                                                                                    n<> u<1143> t<Statement_item> p<1144> c<1142> l<73:24> el<73:30>
                                                                                      n<> u<1142> t<Subroutine_call_statement> p<1143> c<1141> l<73:24> el<73:30>
                                                                                        n<> u<1141> t<Subroutine_call> p<1142> c<1137> l<73:24> el<73:29>
                                                                                          n<$> u<1137> t<DOLLAR> p<1141> s<1138> l<73:24> el<73:25>
                                                                                          n<stop> u<1138> t<SIMPLE_IDENTIFIER> p<1141> s<1140> l<73:25> el<73:29>
                                                                                          n<> u<1140> t<Select> p<1141> c<1139> l<73:29> el<73:29>
                                                                                            n<> u<1139> t<Bit_select> p<1140> l<73:29> el<73:29>
                                                                        n<> u<1180> t<Statement_or_null> p<1196> c<1179> s<1193> l<74:3> el<74:30>
                                                                          n<> u<1179> t<Statement> p<1180> c<1178> l<74:3> el<74:30>
                                                                            n<> u<1178> t<Statement_item> p<1179> c<1177> l<74:3> el<74:30>
                                                                              n<> u<1177> t<Conditional_statement> p<1178> c<1167> l<74:3> el<74:30>
                                                                                n<> u<1167> t<Cond_predicate> p<1177> c<1166> s<1176> l<74:7> el<74:22>
                                                                                  n<> u<1166> t<Expression_or_cond_pattern> p<1167> c<1165> l<74:7> el<74:22>
                                                                                    n<> u<1165> t<Expression> p<1166> c<1159> l<74:7> el<74:22>
                                                                                      n<> u<1159> t<Expression> p<1165> c<1158> s<1164> l<74:7> el<74:15>
                                                                                        n<> u<1158> t<Primary> p<1159> c<1157> l<74:7> el<74:15>
                                                                                          n<> u<1157> t<Subroutine_call> p<1158> c<1150> l<74:7> el<74:15>
                                                                                            n<reg2d> u<1150> t<SIMPLE_IDENTIFIER> p<1157> s<1156> l<74:7> el<74:12>
                                                                                            n<> u<1156> t<Select> p<1157> c<1155> l<74:12> el<74:15>
                                                                                              n<> u<1155> t<Bit_select> p<1156> c<1154> l<74:12> el<74:15>
                                                                                                n<> u<1154> t<Expression> p<1155> c<1153> l<74:13> el<74:14>
                                                                                                  n<> u<1153> t<Primary> p<1154> c<1152> l<74:13> el<74:14>
                                                                                                    n<> u<1152> t<Primary_literal> p<1153> c<1151> l<74:13> el<74:14>
                                                                                                      n<1> u<1151> t<INTEGRAL_NUMBER> p<1152> l<74:13> el<74:14>
                                                                                      n<> u<1164> t<FOUR_STATE_LOGIC_NOTEQUAL> p<1165> s<1163> l<74:16> el<74:19>
                                                                                      n<> u<1163> t<Expression> p<1165> c<1162> l<74:20> el<74:22>
                                                                                        n<> u<1162> t<Primary> p<1163> c<1161> l<74:20> el<74:22>
                                                                                          n<> u<1161> t<Primary_literal> p<1162> c<1160> l<74:20> el<74:22>
                                                                                            n<11> u<1160> t<INTEGRAL_NUMBER> p<1161> l<74:20> el<74:22>
                                                                                n<> u<1176> t<Statement_or_null> p<1177> c<1175> l<74:24> el<74:30>
                                                                                  n<> u<1175> t<Statement> p<1176> c<1174> l<74:24> el<74:30>
                                                                                    n<> u<1174> t<Statement_item> p<1175> c<1173> l<74:24> el<74:30>
                                                                                      n<> u<1173> t<Subroutine_call_statement> p<1174> c<1172> l<74:24> el<74:30>
                                                                                        n<> u<1172> t<Subroutine_call> p<1173> c<1168> l<74:24> el<74:29>
                                                                                          n<$> u<1168> t<DOLLAR> p<1172> s<1169> l<74:24> el<74:25>
                                                                                          n<stop> u<1169> t<SIMPLE_IDENTIFIER> p<1172> s<1171> l<74:25> el<74:29>
                                                                                          n<> u<1171> t<Select> p<1172> c<1170> l<74:29> el<74:29>
                                                                                            n<> u<1170> t<Bit_select> p<1171> l<74:29> el<74:29>
                                                                        n<> u<1193> t<Statement_or_null> p<1196> c<1192> s<1194> l<75:3> el<75:11>
                                                                          n<> u<1192> t<Statement> p<1193> c<1191> l<75:3> el<75:11>
                                                                            n<> u<1191> t<Statement_item> p<1192> c<1190> l<75:3> el<75:11>
                                                                              n<> u<1190> t<Nonblocking_assignment> p<1191> c<1185> l<75:3> el<75:10>
                                                                                n<> u<1185> t<Variable_lvalue> p<1190> c<1182> s<1189> l<75:3> el<75:5>
                                                                                  n<> u<1182> t<Ps_or_hierarchical_identifier> p<1185> c<1181> s<1184> l<75:3> el<75:5>
                                                                                    n<wi> u<1181> t<SIMPLE_IDENTIFIER> p<1182> l<75:3> el<75:5>
                                                                                  n<> u<1184> t<Select> p<1185> c<1183> l<75:6> el<75:6>
                                                                                    n<> u<1183> t<Bit_select> p<1184> l<75:6> el<75:6>
                                                                                n<> u<1189> t<Expression> p<1190> c<1188> l<75:9> el<75:10>
                                                                                  n<> u<1188> t<Primary> p<1189> c<1187> l<75:9> el<75:10>
                                                                                    n<> u<1187> t<Primary_literal> p<1188> c<1186> l<75:9> el<75:10>
                                                                                      n<7> u<1186> t<INTEGRAL_NUMBER> p<1187> l<75:9> el<75:10>
                                                                        n<// Will be ignored> u<1194> t<LINE_COMMENT> p<1196> s<1195> l<75:13> el<75:31>
                                                                        n<> u<1195> t<END> p<1196> l<76:7> el<76:10>
                                                                n<> u<1469> t<Statement_or_null> p<1470> c<1468> l<77:12> el<90:10>
                                                                  n<> u<1468> t<Statement> p<1469> c<1467> l<77:12> el<90:10>
                                                                    n<> u<1467> t<Statement_item> p<1468> c<1466> l<77:12> el<90:10>
                                                                      n<> u<1466> t<Conditional_statement> p<1467> c<1211> l<77:12> el<90:10>
                                                                        n<> u<1211> t<Cond_predicate> p<1466> c<1210> s<1309> l<77:16> el<77:23>
                                                                          n<> u<1210> t<Expression_or_cond_pattern> p<1211> c<1209> l<77:16> el<77:23>
                                                                            n<> u<1209> t<Expression> p<1210> c<1203> l<77:16> el<77:23>
                                                                              n<> u<1203> t<Expression> p<1209> c<1202> s<1208> l<77:16> el<77:19>
                                                                                n<> u<1202> t<Primary> p<1203> c<1201> l<77:16> el<77:19>
                                                                                  n<> u<1201> t<Primary_literal> p<1202> c<1200> l<77:16> el<77:19>
                                                                                    n<cyc> u<1200> t<SIMPLE_IDENTIFIER> p<1201> l<77:16> el<77:19>
                                                                              n<> u<1208> t<EQUIV> p<1209> s<1207> l<77:19> el<77:21>
                                                                              n<> u<1207> t<Expression> p<1209> c<1206> l<77:21> el<77:23>
                                                                                n<> u<1206> t<Primary> p<1207> c<1205> l<77:21> el<77:23>
                                                                                  n<> u<1205> t<Primary_literal> p<1206> c<1204> l<77:21> el<77:23>
                                                                                    n<13> u<1204> t<INTEGRAL_NUMBER> p<1205> l<77:21> el<77:23>
                                                                        n<> u<1309> t<Statement_or_null> p<1466> c<1308> s<1465> l<77:25> el<81:10>
                                                                          n<> u<1308> t<Statement> p<1309> c<1307> l<77:25> el<81:10>
                                                                            n<> u<1307> t<Statement_item> p<1308> c<1306> l<77:25> el<81:10>
                                                                              n<> u<1306> t<Seq_block> p<1307> c<1242> l<77:25> el<81:10>
                                                                                n<> u<1242> t<Statement_or_null> p<1306> c<1241> s<1273> l<78:3> el<78:30>
                                                                                  n<> u<1241> t<Statement> p<1242> c<1240> l<78:3> el<78:30>
                                                                                    n<> u<1240> t<Statement_item> p<1241> c<1239> l<78:3> el<78:30>
                                                                                      n<> u<1239> t<Conditional_statement> p<1240> c<1229> l<78:3> el<78:30>
                                                                                        n<> u<1229> t<Cond_predicate> p<1239> c<1228> s<1238> l<78:7> el<78:22>
                                                                                          n<> u<1228> t<Expression_or_cond_pattern> p<1229> c<1227> l<78:7> el<78:22>
                                                                                            n<> u<1227> t<Expression> p<1228> c<1221> l<78:7> el<78:22>
                                                                                              n<> u<1221> t<Expression> p<1227> c<1220> s<1226> l<78:7> el<78:15>
                                                                                                n<> u<1220> t<Primary> p<1221> c<1219> l<78:7> el<78:15>
                                                                                                  n<> u<1219> t<Subroutine_call> p<1220> c<1212> l<78:7> el<78:15>
                                                                                                    n<reg2d> u<1212> t<SIMPLE_IDENTIFIER> p<1219> s<1218> l<78:7> el<78:12>
                                                                                                    n<> u<1218> t<Select> p<1219> c<1217> l<78:12> el<78:15>
                                                                                                      n<> u<1217> t<Bit_select> p<1218> c<1216> l<78:12> el<78:15>
                                                                                                        n<> u<1216> t<Expression> p<1217> c<1215> l<78:13> el<78:14>
                                                                                                          n<> u<1215> t<Primary> p<1216> c<1214> l<78:13> el<78:14>
                                                                                                            n<> u<1214> t<Primary_literal> p<1215> c<1213> l<78:13> el<78:14>
                                                                                                              n<0> u<1213> t<INTEGRAL_NUMBER> p<1214> l<78:13> el<78:14>
                                                                                              n<> u<1226> t<FOUR_STATE_LOGIC_NOTEQUAL> p<1227> s<1225> l<78:16> el<78:19>
                                                                                              n<> u<1225> t<Expression> p<1227> c<1224> l<78:20> el<78:22>
                                                                                                n<> u<1224> t<Primary> p<1225> c<1223> l<78:20> el<78:22>
                                                                                                  n<> u<1223> t<Primary_literal> p<1224> c<1222> l<78:20> el<78:22>
                                                                                                    n<10> u<1222> t<INTEGRAL_NUMBER> p<1223> l<78:20> el<78:22>
                                                                                        n<> u<1238> t<Statement_or_null> p<1239> c<1237> l<78:24> el<78:30>
                                                                                          n<> u<1237> t<Statement> p<1238> c<1236> l<78:24> el<78:30>
                                                                                            n<> u<1236> t<Statement_item> p<1237> c<1235> l<78:24> el<78:30>
                                                                                              n<> u<1235> t<Subroutine_call_statement> p<1236> c<1234> l<78:24> el<78:30>
                                                                                                n<> u<1234> t<Subroutine_call> p<1235> c<1230> l<78:24> el<78:29>
                                                                                                  n<$> u<1230> t<DOLLAR> p<1234> s<1231> l<78:24> el<78:25>
                                                                                                  n<stop> u<1231> t<SIMPLE_IDENTIFIER> p<1234> s<1233> l<78:25> el<78:29>
                                                                                                  n<> u<1233> t<Select> p<1234> c<1232> l<78:29> el<78:29>
                                                                                                    n<> u<1232> t<Bit_select> p<1233> l<78:29> el<78:29>
                                                                                n<> u<1273> t<Statement_or_null> p<1306> c<1272> s<1304> l<79:3> el<79:30>
                                                                                  n<> u<1272> t<Statement> p<1273> c<1271> l<79:3> el<79:30>
                                                                                    n<> u<1271> t<Statement_item> p<1272> c<1270> l<79:3> el<79:30>
                                                                                      n<> u<1270> t<Conditional_statement> p<1271> c<1260> l<79:3> el<79:30>
                                                                                        n<> u<1260> t<Cond_predicate> p<1270> c<1259> s<1269> l<79:7> el<79:22>
                                                                                          n<> u<1259> t<Expression_or_cond_pattern> p<1260> c<1258> l<79:7> el<79:22>
                                                                                            n<> u<1258> t<Expression> p<1259> c<1252> l<79:7> el<79:22>
                                                                                              n<> u<1252> t<Expression> p<1258> c<1251> s<1257> l<79:7> el<79:15>
                                                                                                n<> u<1251> t<Primary> p<1252> c<1250> l<79:7> el<79:15>
                                                                                                  n<> u<1250> t<Subroutine_call> p<1251> c<1243> l<79:7> el<79:15>
                                                                                                    n<reg2d> u<1243> t<SIMPLE_IDENTIFIER> p<1250> s<1249> l<79:7> el<79:12>
                                                                                                    n<> u<1249> t<Select> p<1250> c<1248> l<79:12> el<79:15>
                                                                                                      n<> u<1248> t<Bit_select> p<1249> c<1247> l<79:12> el<79:15>
                                                                                                        n<> u<1247> t<Expression> p<1248> c<1246> l<79:13> el<79:14>
                                                                                                          n<> u<1246> t<Primary> p<1247> c<1245> l<79:13> el<79:14>
                                                                                                            n<> u<1245> t<Primary_literal> p<1246> c<1244> l<79:13> el<79:14>
                                                                                                              n<1> u<1244> t<INTEGRAL_NUMBER> p<1245> l<79:13> el<79:14>
                                                                                              n<> u<1257> t<FOUR_STATE_LOGIC_NOTEQUAL> p<1258> s<1256> l<79:16> el<79:19>
                                                                                              n<> u<1256> t<Expression> p<1258> c<1255> l<79:20> el<79:22>
                                                                                                n<> u<1255> t<Primary> p<1256> c<1254> l<79:20> el<79:22>
                                                                                                  n<> u<1254> t<Primary_literal> p<1255> c<1253> l<79:20> el<79:22>
                                                                                                    n<11> u<1253> t<INTEGRAL_NUMBER> p<1254> l<79:20> el<79:22>
                                                                                        n<> u<1269> t<Statement_or_null> p<1270> c<1268> l<79:24> el<79:30>
                                                                                          n<> u<1268> t<Statement> p<1269> c<1267> l<79:24> el<79:30>
                                                                                            n<> u<1267> t<Statement_item> p<1268> c<1266> l<79:24> el<79:30>
                                                                                              n<> u<1266> t<Subroutine_call_statement> p<1267> c<1265> l<79:24> el<79:30>
                                                                                                n<> u<1265> t<Subroutine_call> p<1266> c<1261> l<79:24> el<79:29>
                                                                                                  n<$> u<1261> t<DOLLAR> p<1265> s<1262> l<79:24> el<79:25>
                                                                                                  n<stop> u<1262> t<SIMPLE_IDENTIFIER> p<1265> s<1264> l<79:25> el<79:29>
                                                                                                  n<> u<1264> t<Select> p<1265> c<1263> l<79:29> el<79:29>
                                                                                                    n<> u<1263> t<Bit_select> p<1264> l<79:29> el<79:29>
                                                                                n<> u<1304> t<Statement_or_null> p<1306> c<1303> s<1305> l<80:3> el<80:30>
                                                                                  n<> u<1303> t<Statement> p<1304> c<1302> l<80:3> el<80:30>
                                                                                    n<> u<1302> t<Statement_item> p<1303> c<1301> l<80:3> el<80:30>
                                                                                      n<> u<1301> t<Conditional_statement> p<1302> c<1291> l<80:3> el<80:30>
                                                                                        n<> u<1291> t<Cond_predicate> p<1301> c<1290> s<1300> l<80:7> el<80:22>
                                                                                          n<> u<1290> t<Expression_or_cond_pattern> p<1291> c<1289> l<80:7> el<80:22>
                                                                                            n<> u<1289> t<Expression> p<1290> c<1283> l<80:7> el<80:22>
                                                                                              n<> u<1283> t<Expression> p<1289> c<1282> s<1288> l<80:7> el<80:15>
                                                                                                n<> u<1282> t<Primary> p<1283> c<1281> l<80:7> el<80:15>
                                                                                                  n<> u<1281> t<Subroutine_call> p<1282> c<1274> l<80:7> el<80:15>
                                                                                                    n<reg2d> u<1274> t<SIMPLE_IDENTIFIER> p<1281> s<1280> l<80:7> el<80:12>
                                                                                                    n<> u<1280> t<Select> p<1281> c<1279> l<80:12> el<80:15>
                                                                                                      n<> u<1279> t<Bit_select> p<1280> c<1278> l<80:12> el<80:15>
                                                                                                        n<> u<1278> t<Expression> p<1279> c<1277> l<80:13> el<80:14>
                                                                                                          n<> u<1277> t<Primary> p<1278> c<1276> l<80:13> el<80:14>
                                                                                                            n<> u<1276> t<Primary_literal> p<1277> c<1275> l<80:13> el<80:14>
                                                                                                              n<6> u<1275> t<INTEGRAL_NUMBER> p<1276> l<80:13> el<80:14>
                                                                                              n<> u<1288> t<FOUR_STATE_LOGIC_NOTEQUAL> p<1289> s<1287> l<80:16> el<80:19>
                                                                                              n<> u<1287> t<Expression> p<1289> c<1286> l<80:20> el<80:22>
                                                                                                n<> u<1286> t<Primary> p<1287> c<1285> l<80:20> el<80:22>
                                                                                                  n<> u<1285> t<Primary_literal> p<1286> c<1284> l<80:20> el<80:22>
                                                                                                    n<12> u<1284> t<INTEGRAL_NUMBER> p<1285> l<80:20> el<80:22>
                                                                                        n<> u<1300> t<Statement_or_null> p<1301> c<1299> l<80:24> el<80:30>
                                                                                          n<> u<1299> t<Statement> p<1300> c<1298> l<80:24> el<80:30>
                                                                                            n<> u<1298> t<Statement_item> p<1299> c<1297> l<80:24> el<80:30>
                                                                                              n<> u<1297> t<Subroutine_call_statement> p<1298> c<1296> l<80:24> el<80:30>
                                                                                                n<> u<1296> t<Subroutine_call> p<1297> c<1292> l<80:24> el<80:29>
                                                                                                  n<$> u<1292> t<DOLLAR> p<1296> s<1293> l<80:24> el<80:25>
                                                                                                  n<stop> u<1293> t<SIMPLE_IDENTIFIER> p<1296> s<1295> l<80:25> el<80:29>
                                                                                                  n<> u<1295> t<Select> p<1296> c<1294> l<80:29> el<80:29>
                                                                                                    n<> u<1294> t<Bit_select> p<1295> l<80:29> el<80:29>
                                                                                n<> u<1305> t<END> p<1306> l<81:7> el<81:10>
                                                                        n<> u<1465> t<Statement_or_null> p<1466> c<1464> l<82:12> el<90:10>
                                                                          n<> u<1464> t<Statement> p<1465> c<1463> l<82:12> el<90:10>
                                                                            n<> u<1463> t<Statement_item> p<1464> c<1462> l<82:12> el<90:10>
                                                                              n<> u<1462> t<Conditional_statement> p<1463> c<1321> l<82:12> el<90:10>
                                                                                n<> u<1321> t<Cond_predicate> p<1462> c<1320> s<1419> l<82:16> el<82:23>
                                                                                  n<> u<1320> t<Expression_or_cond_pattern> p<1321> c<1319> l<82:16> el<82:23>
                                                                                    n<> u<1319> t<Expression> p<1320> c<1313> l<82:16> el<82:23>
                                                                                      n<> u<1313> t<Expression> p<1319> c<1312> s<1318> l<82:16> el<82:19>
                                                                                        n<> u<1312> t<Primary> p<1313> c<1311> l<82:16> el<82:19>
                                                                                          n<> u<1311> t<Primary_literal> p<1312> c<1310> l<82:16> el<82:19>
                                                                                            n<cyc> u<1310> t<SIMPLE_IDENTIFIER> p<1311> l<82:16> el<82:19>
                                                                                      n<> u<1318> t<EQUIV> p<1319> s<1317> l<82:19> el<82:21>
                                                                                      n<> u<1317> t<Expression> p<1319> c<1316> l<82:21> el<82:23>
                                                                                        n<> u<1316> t<Primary> p<1317> c<1315> l<82:21> el<82:23>
                                                                                          n<> u<1315> t<Primary_literal> p<1316> c<1314> l<82:21> el<82:23>
                                                                                            n<14> u<1314> t<INTEGRAL_NUMBER> p<1315> l<82:21> el<82:23>
                                                                                n<> u<1419> t<Statement_or_null> p<1462> c<1418> s<1461> l<82:25> el<86:10>
                                                                                  n<> u<1418> t<Statement> p<1419> c<1417> l<82:25> el<86:10>
                                                                                    n<> u<1417> t<Statement_item> p<1418> c<1416> l<82:25> el<86:10>
                                                                                      n<> u<1416> t<Seq_block> p<1417> c<1352> l<82:25> el<86:10>
                                                                                        n<> u<1352> t<Statement_or_null> p<1416> c<1351> s<1383> l<83:3> el<83:30>
                                                                                          n<> u<1351> t<Statement> p<1352> c<1350> l<83:3> el<83:30>
                                                                                            n<> u<1350> t<Statement_item> p<1351> c<1349> l<83:3> el<83:30>
                                                                                              n<> u<1349> t<Conditional_statement> p<1350> c<1339> l<83:3> el<83:30>
                                                                                                n<> u<1339> t<Cond_predicate> p<1349> c<1338> s<1348> l<83:7> el<83:22>
                                                                                                  n<> u<1338> t<Expression_or_cond_pattern> p<1339> c<1337> l<83:7> el<83:22>
                                                                                                    n<> u<1337> t<Expression> p<1338> c<1331> l<83:7> el<83:22>
                                                                                                      n<> u<1331> t<Expression> p<1337> c<1330> s<1336> l<83:7> el<83:15>
                                                                                                        n<> u<1330> t<Primary> p<1331> c<1329> l<83:7> el<83:15>
                                                                                                          n<> u<1329> t<Subroutine_call> p<1330> c<1322> l<83:7> el<83:15>
                                                                                                            n<reg2d> u<1322> t<SIMPLE_IDENTIFIER> p<1329> s<1328> l<83:7> el<83:12>
                                                                                                            n<> u<1328> t<Select> p<1329> c<1327> l<83:12> el<83:15>
                                                                                                              n<> u<1327> t<Bit_select> p<1328> c<1326> l<83:12> el<83:15>
                                                                                                                n<> u<1326> t<Expression> p<1327> c<1325> l<83:13> el<83:14>
                                                                                                                  n<> u<1325> t<Primary> p<1326> c<1324> l<83:13> el<83:14>
                                                                                                                    n<> u<1324> t<Primary_literal> p<1325> c<1323> l<83:13> el<83:14>
                                                                                                                      n<0> u<1323> t<INTEGRAL_NUMBER> p<1324> l<83:13> el<83:14>
                                                                                                      n<> u<1336> t<FOUR_STATE_LOGIC_NOTEQUAL> p<1337> s<1335> l<83:16> el<83:19>
                                                                                                      n<> u<1335> t<Expression> p<1337> c<1334> l<83:20> el<83:22>
                                                                                                        n<> u<1334> t<Primary> p<1335> c<1333> l<83:20> el<83:22>
                                                                                                          n<> u<1333> t<Primary_literal> p<1334> c<1332> l<83:20> el<83:22>
                                                                                                            n<10> u<1332> t<INTEGRAL_NUMBER> p<1333> l<83:20> el<83:22>
                                                                                                n<> u<1348> t<Statement_or_null> p<1349> c<1347> l<83:24> el<83:30>
                                                                                                  n<> u<1347> t<Statement> p<1348> c<1346> l<83:24> el<83:30>
                                                                                                    n<> u<1346> t<Statement_item> p<1347> c<1345> l<83:24> el<83:30>
                                                                                                      n<> u<1345> t<Subroutine_call_statement> p<1346> c<1344> l<83:24> el<83:30>
                                                                                                        n<> u<1344> t<Subroutine_call> p<1345> c<1340> l<83:24> el<83:29>
                                                                                                          n<$> u<1340> t<DOLLAR> p<1344> s<1341> l<83:24> el<83:25>
                                                                                                          n<stop> u<1341> t<SIMPLE_IDENTIFIER> p<1344> s<1343> l<83:25> el<83:29>
                                                                                                          n<> u<1343> t<Select> p<1344> c<1342> l<83:29> el<83:29>
                                                                                                            n<> u<1342> t<Bit_select> p<1343> l<83:29> el<83:29>
                                                                                        n<> u<1383> t<Statement_or_null> p<1416> c<1382> s<1414> l<84:3> el<84:30>
                                                                                          n<> u<1382> t<Statement> p<1383> c<1381> l<84:3> el<84:30>
                                                                                            n<> u<1381> t<Statement_item> p<1382> c<1380> l<84:3> el<84:30>
                                                                                              n<> u<1380> t<Conditional_statement> p<1381> c<1370> l<84:3> el<84:30>
                                                                                                n<> u<1370> t<Cond_predicate> p<1380> c<1369> s<1379> l<84:7> el<84:22>
                                                                                                  n<> u<1369> t<Expression_or_cond_pattern> p<1370> c<1368> l<84:7> el<84:22>
                                                                                                    n<> u<1368> t<Expression> p<1369> c<1362> l<84:7> el<84:22>
                                                                                                      n<> u<1362> t<Expression> p<1368> c<1361> s<1367> l<84:7> el<84:15>
                                                                                                        n<> u<1361> t<Primary> p<1362> c<1360> l<84:7> el<84:15>
                                                                                                          n<> u<1360> t<Subroutine_call> p<1361> c<1353> l<84:7> el<84:15>
                                                                                                            n<reg2d> u<1353> t<SIMPLE_IDENTIFIER> p<1360> s<1359> l<84:7> el<84:12>
                                                                                                            n<> u<1359> t<Select> p<1360> c<1358> l<84:12> el<84:15>
                                                                                                              n<> u<1358> t<Bit_select> p<1359> c<1357> l<84:12> el<84:15>
                                                                                                                n<> u<1357> t<Expression> p<1358> c<1356> l<84:13> el<84:14>
                                                                                                                  n<> u<1356> t<Primary> p<1357> c<1355> l<84:13> el<84:14>
                                                                                                                    n<> u<1355> t<Primary_literal> p<1356> c<1354> l<84:13> el<84:14>
                                                                                                                      n<1> u<1354> t<INTEGRAL_NUMBER> p<1355> l<84:13> el<84:14>
                                                                                                      n<> u<1367> t<FOUR_STATE_LOGIC_NOTEQUAL> p<1368> s<1366> l<84:16> el<84:19>
                                                                                                      n<> u<1366> t<Expression> p<1368> c<1365> l<84:20> el<84:22>
                                                                                                        n<> u<1365> t<Primary> p<1366> c<1364> l<84:20> el<84:22>
                                                                                                          n<> u<1364> t<Primary_literal> p<1365> c<1363> l<84:20> el<84:22>
                                                                                                            n<11> u<1363> t<INTEGRAL_NUMBER> p<1364> l<84:20> el<84:22>
                                                                                                n<> u<1379> t<Statement_or_null> p<1380> c<1378> l<84:24> el<84:30>
                                                                                                  n<> u<1378> t<Statement> p<1379> c<1377> l<84:24> el<84:30>
                                                                                                    n<> u<1377> t<Statement_item> p<1378> c<1376> l<84:24> el<84:30>
                                                                                                      n<> u<1376> t<Subroutine_call_statement> p<1377> c<1375> l<84:24> el<84:30>
                                                                                                        n<> u<1375> t<Subroutine_call> p<1376> c<1371> l<84:24> el<84:29>
                                                                                                          n<$> u<1371> t<DOLLAR> p<1375> s<1372> l<84:24> el<84:25>
                                                                                                          n<stop> u<1372> t<SIMPLE_IDENTIFIER> p<1375> s<1374> l<84:25> el<84:29>
                                                                                                          n<> u<1374> t<Select> p<1375> c<1373> l<84:29> el<84:29>
                                                                                                            n<> u<1373> t<Bit_select> p<1374> l<84:29> el<84:29>
                                                                                        n<> u<1414> t<Statement_or_null> p<1416> c<1413> s<1415> l<85:3> el<85:30>
                                                                                          n<> u<1413> t<Statement> p<1414> c<1412> l<85:3> el<85:30>
                                                                                            n<> u<1412> t<Statement_item> p<1413> c<1411> l<85:3> el<85:30>
                                                                                              n<> u<1411> t<Conditional_statement> p<1412> c<1401> l<85:3> el<85:30>
                                                                                                n<> u<1401> t<Cond_predicate> p<1411> c<1400> s<1410> l<85:7> el<85:22>
                                                                                                  n<> u<1400> t<Expression_or_cond_pattern> p<1401> c<1399> l<85:7> el<85:22>
                                                                                                    n<> u<1399> t<Expression> p<1400> c<1393> l<85:7> el<85:22>
                                                                                                      n<> u<1393> t<Expression> p<1399> c<1392> s<1398> l<85:7> el<85:15>
                                                                                                        n<> u<1392> t<Primary> p<1393> c<1391> l<85:7> el<85:15>
                                                                                                          n<> u<1391> t<Subroutine_call> p<1392> c<1384> l<85:7> el<85:15>
                                                                                                            n<reg2d> u<1384> t<SIMPLE_IDENTIFIER> p<1391> s<1390> l<85:7> el<85:12>
                                                                                                            n<> u<1390> t<Select> p<1391> c<1389> l<85:12> el<85:15>
                                                                                                              n<> u<1389> t<Bit_select> p<1390> c<1388> l<85:12> el<85:15>
                                                                                                                n<> u<1388> t<Expression> p<1389> c<1387> l<85:13> el<85:14>
                                                                                                                  n<> u<1387> t<Primary> p<1388> c<1386> l<85:13> el<85:14>
                                                                                                                    n<> u<1386> t<Primary_literal> p<1387> c<1385> l<85:13> el<85:14>
                                                                                                                      n<6> u<1385> t<INTEGRAL_NUMBER> p<1386> l<85:13> el<85:14>
                                                                                                      n<> u<1398> t<FOUR_STATE_LOGIC_NOTEQUAL> p<1399> s<1397> l<85:16> el<85:19>
                                                                                                      n<> u<1397> t<Expression> p<1399> c<1396> l<85:20> el<85:22>
                                                                                                        n<> u<1396> t<Primary> p<1397> c<1395> l<85:20> el<85:22>
                                                                                                          n<> u<1395> t<Primary_literal> p<1396> c<1394> l<85:20> el<85:22>
                                                                                                            n<12> u<1394> t<INTEGRAL_NUMBER> p<1395> l<85:20> el<85:22>
                                                                                                n<> u<1410> t<Statement_or_null> p<1411> c<1409> l<85:24> el<85:30>
                                                                                                  n<> u<1409> t<Statement> p<1410> c<1408> l<85:24> el<85:30>
                                                                                                    n<> u<1408> t<Statement_item> p<1409> c<1407> l<85:24> el<85:30>
                                                                                                      n<> u<1407> t<Subroutine_call_statement> p<1408> c<1406> l<85:24> el<85:30>
                                                                                                        n<> u<1406> t<Subroutine_call> p<1407> c<1402> l<85:24> el<85:29>
                                                                                                          n<$> u<1402> t<DOLLAR> p<1406> s<1403> l<85:24> el<85:25>
                                                                                                          n<stop> u<1403> t<SIMPLE_IDENTIFIER> p<1406> s<1405> l<85:25> el<85:29>
                                                                                                          n<> u<1405> t<Select> p<1406> c<1404> l<85:29> el<85:29>
                                                                                                            n<> u<1404> t<Bit_select> p<1405> l<85:29> el<85:29>
                                                                                        n<> u<1415> t<END> p<1416> l<86:7> el<86:10>
                                                                                n<> u<1461> t<Statement_or_null> p<1462> c<1460> l<87:12> el<90:10>
                                                                                  n<> u<1460> t<Statement> p<1461> c<1459> l<87:12> el<90:10>
                                                                                    n<> u<1459> t<Statement_item> p<1460> c<1458> l<87:12> el<90:10>
                                                                                      n<> u<1458> t<Conditional_statement> p<1459> c<1431> l<87:12> el<90:10>
                                                                                        n<> u<1431> t<Cond_predicate> p<1458> c<1430> s<1457> l<87:16> el<87:23>
                                                                                          n<> u<1430> t<Expression_or_cond_pattern> p<1431> c<1429> l<87:16> el<87:23>
                                                                                            n<> u<1429> t<Expression> p<1430> c<1423> l<87:16> el<87:23>
                                                                                              n<> u<1423> t<Expression> p<1429> c<1422> s<1428> l<87:16> el<87:19>
                                                                                                n<> u<1422> t<Primary> p<1423> c<1421> l<87:16> el<87:19>
                                                                                                  n<> u<1421> t<Primary_literal> p<1422> c<1420> l<87:16> el<87:19>
                                                                                                    n<cyc> u<1420> t<SIMPLE_IDENTIFIER> p<1421> l<87:16> el<87:19>
                                                                                              n<> u<1428> t<EQUIV> p<1429> s<1427> l<87:19> el<87:21>
                                                                                              n<> u<1427> t<Expression> p<1429> c<1426> l<87:21> el<87:23>
                                                                                                n<> u<1426> t<Primary> p<1427> c<1425> l<87:21> el<87:23>
                                                                                                  n<> u<1425> t<Primary_literal> p<1426> c<1424> l<87:21> el<87:23>
                                                                                                    n<99> u<1424> t<INTEGRAL_NUMBER> p<1425> l<87:21> el<87:23>
                                                                                        n<> u<1457> t<Statement_or_null> p<1458> c<1456> l<87:25> el<90:10>
                                                                                          n<> u<1456> t<Statement> p<1457> c<1455> l<87:25> el<90:10>
                                                                                            n<> u<1455> t<Statement_item> p<1456> c<1454> l<87:25> el<90:10>
                                                                                              n<> u<1454> t<Seq_block> p<1455> c<1443> l<87:25> el<90:10>
                                                                                                n<> u<1443> t<Statement_or_null> p<1454> c<1442> s<1452> l<88:3> el<88:36>
                                                                                                  n<> u<1442> t<Statement> p<1443> c<1441> l<88:3> el<88:36>
                                                                                                    n<> u<1441> t<Statement_item> p<1442> c<1440> l<88:3> el<88:36>
                                                                                                      n<> u<1440> t<Subroutine_call_statement> p<1441> c<1439> l<88:3> el<88:36>
                                                                                                        n<> u<1439> t<Subroutine_call> p<1440> c<1432> l<88:3> el<88:35>
                                                                                                          n<$> u<1432> t<DOLLAR> p<1439> s<1433> l<88:3> el<88:4>
                                                                                                          n<write> u<1433> t<SIMPLE_IDENTIFIER> p<1439> s<1438> l<88:4> el<88:9>
                                                                                                          n<> u<1438> t<Argument_list> p<1439> c<1437> l<88:10> el<88:34>
                                                                                                            n<> u<1437> t<Expression> p<1438> c<1436> l<88:10> el<88:34>
                                                                                                              n<> u<1436> t<Primary> p<1437> c<1435> l<88:10> el<88:34>
                                                                                                                n<> u<1435> t<Primary_literal> p<1436> c<1434> l<88:10> el<88:34>
                                                                                                                  n<"*-* All Finished *-*\n"> u<1434> t<QUOTED_STRING> p<1435> l<88:10> el<88:34>
                                                                                                n<> u<1452> t<Statement_or_null> p<1454> c<1451> s<1453> l<89:3> el<89:11>
                                                                                                  n<> u<1451> t<Statement> p<1452> c<1450> l<89:3> el<89:11>
                                                                                                    n<> u<1450> t<Statement_item> p<1451> c<1449> l<89:3> el<89:11>
                                                                                                      n<> u<1449> t<Subroutine_call_statement> p<1450> c<1448> l<89:3> el<89:11>
                                                                                                        n<> u<1448> t<Subroutine_call> p<1449> c<1444> l<89:3> el<89:10>
                                                                                                          n<$> u<1444> t<DOLLAR> p<1448> s<1445> l<89:3> el<89:4>
                                                                                                          n<finish> u<1445> t<SIMPLE_IDENTIFIER> p<1448> s<1447> l<89:4> el<89:10>
                                                                                                          n<> u<1447> t<Select> p<1448> c<1446> l<89:10> el<89:10>
                                                                                                            n<> u<1446> t<Bit_select> p<1447> l<89:10> el<89:10>
                                                                                                n<> u<1453> t<END> p<1454> l<90:7> el<90:10>
                                n<> u<1486> t<END> p<1487> l<91:4> el<91:7>
        n<> u<1499> t<ENDMODULE> p<1500> l<92:1> el<92:10>
AST_DEBUG_END
[INF:CP0303] $Source01/t_select_lhs_oob.v:6:1: Compile module "work@t".
[INF:CM0029] Using global timescale: "1ns/1ns".
====== UHDM =======
Design name:unnamed:
  vpiName: unnamed
  vpiSourceFiles (1 items):
    SourceFile name:t_select_lhs_oob.v file:$Source01/t_select_lhs_oob.v:
      vpiParent: Design name:unnamed
      vpiName: t_select_lhs_oob.v
      vpiPreprocFile: "$Output/lib/work/t_select_lhs_oob.v"
      vpiDefNetType: none (12)
  vpiAllModules (1 items):
    Module name:work@t file:$Source01/t_select_lhs_oob.v start:6:1 end:92:10:
      vpiParent: Design name:unnamed
      vpiName Identifier name:work@t start:6:8 end:6:9:
        vpiParent: Module name:work@t
        vpiName: work@t
      vpiFullName: work@t
      vpiTypespec (11 items):
        LogicTypespec:
          vpiParent: Module name:work@t
        IntegerTypespec:
          vpiParent: Module name:work@t
          vpiSigned: true
        LogicTypespec:
          vpiParent: Module name:work@t
          vpiRange (1 items):
            Range start:13:8 end:13:13:
              vpiParent: LogicTypespec
              vpiLeftRange Constant start:13:9 end:13:10:
                vpiParent: Range
                vpiTypespec RefTypespec:
                  vpiParent: Constant
                  vpiFullName: work@t
                  vpiActual: IntTypespec
                vpiConstType: unsigned int (9)
                vpiSize: 64
                vpiDecompile: "6"
                vpiValue: 6
              vpiRightRange Constant start:13:11 end:13:12:
                vpiParent: Range
                vpiTypespec RefTypespec:
                  vpiParent: Constant
                  vpiFullName: work@t
                  vpiActual: IntTypespec
                vpiConstType: unsigned int (9)
                vpiSize: 64
                vpiDecompile: "0"
                vpiValue: 0
          vpiVector: true
        LogicTypespec:
          vpiParent: Module name:work@t
          vpiRange (1 items):
            Range start:14:8 end:14:13:
              vpiParent: LogicTypespec
              vpiLeftRange Constant start:14:9 end:14:10:
                vpiParent: Range
                vpiTypespec RefTypespec:
                  vpiParent: Constant
                  vpiFullName: work@t
                  vpiActual: IntTypespec
                vpiConstType: unsigned int (9)
                vpiSize: 64
                vpiDecompile: "6"
                vpiValue: 6
              vpiRightRange Constant start:14:11 end:14:12:
                vpiParent: Range
                vpiTypespec RefTypespec:
                  vpiParent: Constant
                  vpiFullName: work@t
                  vpiActual: IntTypespec
                vpiConstType: unsigned int (9)
                vpiSize: 64
                vpiDecompile: "0"
                vpiValue: 0
          vpiVector: true
        ArrayTypespec:
          vpiParent: Module name:work@t
          vpiArrayType: static (1)
          vpiRange Range start:14:20 end:14:25:
            vpiParent: ArrayTypespec
            vpiLeftRange Constant start:14:21 end:14:22:
              vpiParent: Range
              vpiTypespec RefTypespec:
                vpiParent: Constant
                vpiFullName: work@t
                vpiActual: IntTypespec
              vpiConstType: unsigned int (9)
              vpiSize: 64
              vpiDecompile: "5"
              vpiValue: 5
            vpiRightRange Constant start:14:23 end:14:24:
              vpiParent: Range
              vpiTypespec RefTypespec:
                vpiParent: Constant
                vpiFullName: work@t
                vpiActual: IntTypespec
              vpiConstType: unsigned int (9)
              vpiSize: 64
              vpiDecompile: "0"
              vpiValue: 0
          vpiElemTypespec RefTypespec start:14:4 end:14:13:
            vpiParent: ArrayTypespec
            vpiFullName: work@t
            vpiActual: LogicTypespec
        LogicTypespec:
          vpiParent: Module name:work@t
          vpiRange (1 items):
            Range start:15:8 end:15:13:
              vpiParent: LogicTypespec
              vpiLeftRange Constant start:15:9 end:15:10:
                vpiParent: Range
                vpiTypespec RefTypespec:
                  vpiParent: Constant
                  vpiFullName: work@t
                  vpiActual: IntTypespec
                vpiConstType: unsigned int (9)
                vpiSize: 64
                vpiDecompile: "6"
                vpiValue: 6
              vpiRightRange Constant start:15:11 end:15:12:
                vpiParent: Range
                vpiTypespec RefTypespec:
                  vpiParent: Constant
                  vpiFullName: work@t
                  vpiActual: IntTypespec
                vpiConstType: unsigned int (9)
                vpiSize: 64
                vpiDecompile: "0"
                vpiValue: 0
          vpiVector: true
        ArrayTypespec:
          vpiParent: Module name:work@t
          vpiArrayType: static (1)
          vpiRange Range start:15:20 end:15:25:
            vpiParent: ArrayTypespec
            vpiLeftRange Constant start:15:21 end:15:22:
              vpiParent: Range
              vpiTypespec RefTypespec:
                vpiParent: Constant
                vpiFullName: work@t
                vpiActual: IntTypespec
              vpiConstType: unsigned int (9)
              vpiSize: 64
              vpiDecompile: "4"
              vpiValue: 4
            vpiRightRange Constant start:15:23 end:15:24:
              vpiParent: Range
              vpiTypespec RefTypespec:
                vpiParent: Constant
                vpiFullName: work@t
                vpiActual: IntTypespec
              vpiConstType: unsigned int (9)
              vpiSize: 64
              vpiDecompile: "0"
              vpiValue: 0
          vpiElemTypespec RefTypespec:
            vpiParent: ArrayTypespec
            vpiFullName: work@t
            vpiActual: ArrayTypespec
        ArrayTypespec:
          vpiParent: Module name:work@t
          vpiArrayType: static (1)
          vpiRange Range start:15:25 end:15:30:
            vpiParent: ArrayTypespec
            vpiLeftRange Constant start:15:26 end:15:27:
              vpiParent: Range
              vpiTypespec RefTypespec:
                vpiParent: Constant
                vpiFullName: work@t
                vpiActual: IntTypespec
              vpiConstType: unsigned int (9)
              vpiSize: 64
              vpiDecompile: "5"
              vpiValue: 5
            vpiRightRange Constant start:15:28 end:15:29:
              vpiParent: Range
              vpiTypespec RefTypespec:
                vpiParent: Constant
                vpiFullName: work@t
                vpiActual: IntTypespec
              vpiConstType: unsigned int (9)
              vpiSize: 64
              vpiDecompile: "0"
              vpiValue: 0
          vpiElemTypespec RefTypespec start:15:4 end:15:13:
            vpiParent: ArrayTypespec
            vpiFullName: work@t
            vpiActual: LogicTypespec
        LogicTypespec:
          vpiParent: Module name:work@t
          vpiRange (1 items):
            Range start:53:9 end:53:15:
              vpiParent: LogicTypespec
              vpiLeftRange Constant start:53:10 end:53:12:
                vpiParent: Range
                vpiTypespec RefTypespec:
                  vpiParent: Constant
                  vpiFullName: work@t
                  vpiActual: IntTypespec
                vpiConstType: unsigned int (9)
                vpiSize: 64
                vpiDecompile: "31"
                vpiValue: 31
              vpiRightRange Constant start:53:13 end:53:14:
                vpiParent: Range
                vpiTypespec RefTypespec:
                  vpiParent: Constant
                  vpiFullName: work@t
                  vpiActual: IntTypespec
                vpiConstType: unsigned int (9)
                vpiSize: 64
                vpiDecompile: "0"
                vpiValue: 0
          vpiVector: true
        LogicTypespec:
          vpiParent: Module name:work@t
          vpiRange (1 items):
            Range start:54:8 end:54:14:
              vpiParent: LogicTypespec
              vpiLeftRange Constant start:54:9 end:54:11:
                vpiParent: Range
                vpiTypespec RefTypespec:
                  vpiParent: Constant
                  vpiFullName: work@t
                  vpiActual: IntTypespec
                vpiConstType: unsigned int (9)
                vpiSize: 64
                vpiDecompile: "31"
                vpiValue: 31
              vpiRightRange Constant start:54:12 end:54:13:
                vpiParent: Range
                vpiTypespec RefTypespec:
                  vpiParent: Constant
                  vpiFullName: work@t
                  vpiActual: IntTypespec
                vpiConstType: unsigned int (9)
                vpiSize: 64
                vpiDecompile: "0"
                vpiValue: 0
          vpiVector: true
        ArrayTypespec:
          vpiParent: Module name:work@t
          vpiArrayType: static (1)
          vpiRange Range start:54:20 end:54:25:
            vpiParent: ArrayTypespec
            vpiLeftRange Constant start:54:21 end:54:22:
              vpiParent: Range
              vpiTypespec RefTypespec:
                vpiParent: Constant
                vpiFullName: work@t
                vpiActual: IntTypespec
              vpiConstType: unsigned int (9)
              vpiSize: 64
              vpiDecompile: "6"
              vpiValue: 6
            vpiRightRange Constant start:54:23 end:54:24:
              vpiParent: Range
              vpiTypespec RefTypespec:
                vpiParent: Constant
                vpiFullName: work@t
                vpiActual: IntTypespec
              vpiConstType: unsigned int (9)
              vpiSize: 64
              vpiDecompile: "0"
              vpiValue: 0
          vpiElemTypespec RefTypespec start:54:4 end:54:14:
            vpiParent: ArrayTypespec
            vpiFullName: work@t
            vpiActual: LogicTypespec
      vpiDefName: work@t
      vpiDefNetType: none (12)
      vpiNet (11 items):
        Net name:clk start:10:10 end:10:13:
          vpiParent: Module name:work@t
          vpiTypespec RefTypespec start:10:10 end:10:10:
            vpiParent: Net name:clk
            vpiFullName: work@t.clk
            vpiActual: LogicTypespec
          vpiName: clk
          vpiFullName: work@t.clk
        Net name:cyc start:11:13 end:11:16:
          vpiParent: Module name:work@t
          vpiTypespec RefTypespec start:11:4 end:11:11:
            vpiParent: Net name:cyc
            vpiFullName: work@t.cyc
            vpiActual: IntegerTypespec
          vpiName: cyc
          vpiFullName: work@t.cyc
          vpiValue Constant start:11:17 end:11:18:
            vpiParent: Net name:cyc
            vpiTypespec RefTypespec:
              vpiParent: Constant
              vpiFullName: work@t.cyc
              vpiActual: IntTypespec
            vpiConstType: unsigned int (9)
            vpiSize: 64
            vpiDecompile: "0"
            vpiValue: 0
        Net name:mem1d start:13:14 end:13:19:
          vpiParent: Module name:work@t
          vpiTypespec RefTypespec start:13:4 end:13:13:
            vpiParent: Net name:mem1d
            vpiFullName: work@t.mem1d
            vpiActual: LogicTypespec
          vpiName: mem1d
          vpiFullName: work@t.mem1d
        Net name:mem2d start:14:14 end:14:19:
          vpiParent: Module name:work@t
          vpiTypespec RefTypespec:
            vpiParent: Net name:mem2d
            vpiFullName: work@t.mem2d
            vpiActual: ArrayTypespec
          vpiName: mem2d
          vpiFullName: work@t.mem2d
        Net name:mem3d start:15:14 end:15:19:
          vpiParent: Module name:work@t
          vpiTypespec RefTypespec:
            vpiParent: Net name:mem3d
            vpiFullName: work@t.mem3d
            vpiActual: ArrayTypespec
          vpiName: mem3d
          vpiFullName: work@t.mem3d
        Net name:i start:17:14 end:17:15:
          vpiParent: Module name:work@t
          vpiTypespec RefTypespec start:17:4 end:17:11:
            vpiParent: Net name:i
            vpiFullName: work@t.i
            vpiActual: IntegerTypespec
          vpiName: i
          vpiFullName: work@t.i
        Net name:j start:17:16 end:17:17:
          vpiParent: Module name:work@t
          vpiTypespec RefTypespec start:17:4 end:17:11:
            vpiParent: Net name:j
            vpiFullName: work@t.j
            vpiActual: IntegerTypespec
          vpiName: j
          vpiFullName: work@t.j
        Net name:k start:17:18 end:17:19:
          vpiParent: Module name:work@t
          vpiTypespec RefTypespec start:17:4 end:17:11:
            vpiParent: Net name:k
            vpiFullName: work@t.k
            vpiActual: IntegerTypespec
          vpiName: k
          vpiFullName: work@t.k
        Net name:wi start:52:14 end:52:16:
          vpiParent: Module name:work@t
          vpiTypespec RefTypespec start:52:4 end:52:11:
            vpiParent: Net name:wi
            vpiFullName: work@t.wi
            vpiActual: IntegerTypespec
          vpiName: wi
          vpiFullName: work@t.wi
        Net name:wd start:53:16 end:53:18:
          vpiParent: Module name:work@t
          vpiTypespec RefTypespec start:53:9 end:53:15:
            vpiParent: Net name:wd
            vpiFullName: work@t.wd
            vpiActual: LogicTypespec
          vpiName: wd
          vpiFullName: work@t.wd
          vpiNetType: wire (1)
          vpiValue RefObj name:cyc start:53:21 end:53:24:
            vpiParent: Net name:wd
            vpiName: cyc
            vpiFullName: work@t.wd.cyc
            vpiActual: Net name:cyc
        Net name:reg2d start:54:15 end:54:20:
          vpiParent: Module name:work@t
          vpiTypespec RefTypespec:
            vpiParent: Net name:reg2d
            vpiFullName: work@t.reg2d
            vpiActual: ArrayTypespec
          vpiName: reg2d
          vpiFullName: work@t.reg2d
      vpiPort (1 items):
        Port name:clk start:8:4 end:8:7:
          vpiParent: Module name:work@t
          vpiName: clk
          vpiDirection: input (1)
          vpiLowConn RefObj name:clk start:8:4 end:8:7:
            vpiParent: Port name:clk
            vpiName: clk
            vpiFullName: work@t.clk.clk
            vpiActual: Net name:clk
          vpiTypespec RefTypespec start:10:10 end:10:10:
            vpiParent: Port name:clk
            vpiFullName: work@t.clk
            vpiActual: LogicTypespec
      vpiProcess (3 items):
        Initial start:26:4 end:50:7:
          vpiParent: Module name:work@t
          vpiStmt Begin start:26:12 end:50:7:
            vpiParent: Initial
            vpiFullName: work@t
            vpiTypespec (1 items):
              BitTypespec:
                vpiParent: Begin
            vpiStmt (6 items):
              Assignment start:27:7 end:27:22:
                vpiParent: Begin
                vpiBlocking: true
                vpiLhs BitSelect name:mem1d[0] start:27:7 end:27:15:
                  vpiParent: Assignment
                  vpiName: mem1d[0]
                  vpiFullName: work@t.mem1d[0]
                  vpiPrefix RefObj name:mem1d start:27:7 end:27:12:
                    vpiParent: BitSelect name:mem1d[0]
                    vpiName: mem1d
                    vpiFullName: work@t.mem1d
                    vpiActual: Net name:mem1d
                  vpiIndex Constant start:27:13 end:27:14:
                    vpiParent: BitSelect name:mem1d[0]
                    vpiTypespec RefTypespec:
                      vpiParent: Constant
                      vpiFullName: work@t.mem1d[0]
                      vpiActual: IntTypespec
                    vpiConstType: unsigned int (9)
                    vpiSize: 64
                    vpiDecompile: "0"
                    vpiValue: 0
                vpiRhs Constant start:27:18 end:27:22:
                  vpiParent: Assignment
                  vpiTypespec RefTypespec:
                    vpiParent: Constant
                    vpiFullName: work@t
                    vpiActual: BitTypespec
                  vpiConstType: binary (3)
                  vpiSize: 1
                  vpiDecompile: "1'b0"
                  vpiValue: 0
              Assignment start:28:7 end:28:10:
                vpiParent: Begin
                vpiBlocking: true
                vpiLhs RefObj name:i start:28:7 end:28:8:
                  vpiParent: Assignment
                  vpiName: i
                  vpiFullName: work@t.i
                  vpiActual: Net name:i
                vpiRhs Constant start:28:9 end:28:10:
                  vpiParent: Assignment
                  vpiTypespec RefTypespec:
                    vpiParent: Constant
                    vpiFullName: work@t
                    vpiActual: IntTypespec
                  vpiConstType: unsigned int (9)
                  vpiSize: 64
                  vpiDecompile: "7"
                  vpiValue: 7
              Assignment start:29:7 end:29:22:
                vpiParent: Begin
                vpiBlocking: true
                vpiLhs BitSelect name:mem1d[i] start:29:7 end:29:15:
                  vpiParent: Assignment
                  vpiName: mem1d[i]
                  vpiFullName: work@t.mem1d[i]
                  vpiPrefix RefObj name:mem1d start:29:7 end:29:12:
                    vpiParent: BitSelect name:mem1d[i]
                    vpiName: mem1d
                    vpiFullName: work@t.mem1d
                    vpiActual: Net name:mem1d
                  vpiIndex RefObj name:i start:29:13 end:29:14:
                    vpiParent: BitSelect name:mem1d[i]
                    vpiName: i
                    vpiFullName: work@t.i
                    vpiActual: Net name:i
                vpiRhs Constant start:29:18 end:29:22:
                  vpiParent: Assignment
                  vpiTypespec RefTypespec:
                    vpiParent: Constant
                    vpiFullName: work@t
                    vpiActual: BitTypespec
                  vpiConstType: binary (3)
                  vpiSize: 1
                  vpiDecompile: "1'b1"
                  vpiValue: 1
              IfStmt start:30:7 end:30:36:
                vpiParent: Begin
                vpiCondition Operation start:30:11 end:30:28:
                  vpiParent: IfStmt
                  vpiOpType: case neq (17)
                  vpiOperand (2 items):
                    BitSelect name:mem1d[0] start:30:11 end:30:19:
                      vpiParent: Operation
                      vpiName: mem1d[0]
                      vpiFullName: work@t.mem1d[0]
                      vpiPrefix RefObj name:mem1d start:30:11 end:30:16:
                        vpiParent: BitSelect name:mem1d[0]
                        vpiName: mem1d
                        vpiFullName: work@t.mem1d
                        vpiActual: Net name:mem1d
                      vpiIndex Constant start:30:17 end:30:18:
                        vpiParent: BitSelect name:mem1d[0]
                        vpiTypespec RefTypespec:
                          vpiParent: Constant
                          vpiFullName: work@t.mem1d[0]
                          vpiActual: IntTypespec
                        vpiConstType: unsigned int (9)
                        vpiSize: 64
                        vpiDecompile: "0"
                        vpiValue: 0
                    Constant start:30:24 end:30:28:
                      vpiParent: Operation
                      vpiTypespec RefTypespec:
                        vpiParent: Constant
                        vpiFullName: work@t
                        vpiActual: BitTypespec
                      vpiConstType: binary (3)
                      vpiSize: 1
                      vpiDecompile: "1'b0"
                      vpiValue: 0
                vpiStmt SysFuncCall name:$stop start:30:30 end:30:35:
                  vpiParent: IfStmt
                  vpiName Identifier name:$stop start:30:30 end:30:35:
                    vpiParent: SysFuncCall name:$stop
                    vpiName: "$stop"
              ForStmt start:32:7 end:40:10:
                vpiParent: Begin
                vpiFullName: work@t
                vpiForInitStmt (1 items):
                  Assignment start:32:12 end:32:15:
                    vpiParent: ForStmt
                    vpiBlocking: true
                    vpiLhs RefObj name:i start:32:12 end:32:13:
                      vpiParent: Assignment
                      vpiName: i
                      vpiFullName: work@t.i
                      vpiActual: Net name:i
                    vpiRhs Constant start:32:14 end:32:15:
                      vpiParent: Assignment
                      vpiTypespec RefTypespec:
                        vpiParent: Constant
                        vpiFullName: work@t
                        vpiActual: IntTypespec
                      vpiConstType: unsigned int (9)
                      vpiSize: 64
                      vpiDecompile: "0"
                      vpiValue: 0
                vpiForIncStmt (1 items):
                  Assignment start:32:22 end:32:27:
                    vpiParent: ForStmt
                    vpiBlocking: true
                    vpiLhs RefObj name:i start:32:22 end:32:23:
                      vpiParent: Assignment
                      vpiName: i
                      vpiFullName: work@t.i
                      vpiActual: Net name:i
                    vpiRhs Operation start:32:24 end:32:27:
                      vpiParent: Assignment
                      vpiOpType: add (24)
                      vpiOperand (2 items):
                        RefObj name:i start:32:24 end:32:25:
                          vpiParent: Operation
                          vpiName: i
                          vpiFullName: work@t.i
                          vpiActual: Net name:i
                        Constant start:32:26 end:32:27:
                          vpiParent: Operation
                          vpiTypespec RefTypespec:
                            vpiParent: Constant
                            vpiFullName: work@t
                            vpiActual: IntTypespec
                          vpiConstType: unsigned int (9)
                          vpiSize: 64
                          vpiDecompile: "1"
                          vpiValue: 1
                vpiCondition Operation start:32:17 end:32:20:
                  vpiParent: ForStmt
                  vpiOpType: less than (20)
                  vpiOperand (2 items):
                    RefObj name:i start:32:17 end:32:18:
                      vpiParent: Operation
                      vpiName: i
                      vpiFullName: work@t.i
                      vpiActual: Net name:i
                    Constant start:32:19 end:32:20:
                      vpiParent: Operation
                      vpiTypespec RefTypespec:
                        vpiParent: Constant
                        vpiFullName: work@t
                        vpiActual: IntTypespec
                      vpiConstType: unsigned int (9)
                      vpiSize: 64
                      vpiDecompile: "8"
                      vpiValue: 8
                vpiStmt Begin start:32:29 end:40:10:
                  vpiParent: ForStmt
                  vpiFullName: work@t
                  vpiStmt (1 items):
                    ForStmt start:33:3 end:39:6:
                      vpiParent: Begin
                      vpiFullName: work@t
                      vpiForInitStmt (1 items):
                        Assignment start:33:8 end:33:11:
                          vpiParent: ForStmt
                          vpiBlocking: true
                          vpiLhs RefObj name:j start:33:8 end:33:9:
                            vpiParent: Assignment
                            vpiName: j
                            vpiFullName: work@t.j
                            vpiActual: Net name:j
                          vpiRhs Constant start:33:10 end:33:11:
                            vpiParent: Assignment
                            vpiTypespec RefTypespec:
                              vpiParent: Constant
                              vpiFullName: work@t
                              vpiActual: IntTypespec
                            vpiConstType: unsigned int (9)
                            vpiSize: 64
                            vpiDecompile: "0"
                            vpiValue: 0
                      vpiForIncStmt (1 items):
                        Assignment start:33:18 end:33:23:
                          vpiParent: ForStmt
                          vpiBlocking: true
                          vpiLhs RefObj name:j start:33:18 end:33:19:
                            vpiParent: Assignment
                            vpiName: j
                            vpiFullName: work@t.j
                            vpiActual: Net name:j
                          vpiRhs Operation start:33:20 end:33:23:
                            vpiParent: Assignment
                            vpiOpType: add (24)
                            vpiOperand (2 items):
                              RefObj name:j start:33:20 end:33:21:
                                vpiParent: Operation
                                vpiName: j
                                vpiFullName: work@t.j
                                vpiActual: Net name:j
                              Constant start:33:22 end:33:23:
                                vpiParent: Operation
                                vpiTypespec RefTypespec:
                                  vpiParent: Constant
                                  vpiFullName: work@t
                                  vpiActual: IntTypespec
                                vpiConstType: unsigned int (9)
                                vpiSize: 64
                                vpiDecompile: "1"
                                vpiValue: 1
                      vpiCondition Operation start:33:13 end:33:16:
                        vpiParent: ForStmt
                        vpiOpType: less than (20)
                        vpiOperand (2 items):
                          RefObj name:j start:33:13 end:33:14:
                            vpiParent: Operation
                            vpiName: j
                            vpiFullName: work@t.j
                            vpiActual: Net name:j
                          Constant start:33:15 end:33:16:
                            vpiParent: Operation
                            vpiTypespec RefTypespec:
                              vpiParent: Constant
                              vpiFullName: work@t
                              vpiActual: IntTypespec
                            vpiConstType: unsigned int (9)
                            vpiSize: 64
                            vpiDecompile: "8"
                            vpiValue: 8
                      vpiStmt Begin start:33:25 end:39:6:
                        vpiParent: ForStmt
                        vpiFullName: work@t
                        vpiStmt (1 items):
                          ForStmt start:34:6 end:38:9:
                            vpiParent: Begin
                            vpiFullName: work@t
                            vpiForInitStmt (1 items):
                              Assignment start:34:11 end:34:14:
                                vpiParent: ForStmt
                                vpiBlocking: true
                                vpiLhs RefObj name:k start:34:11 end:34:12:
                                  vpiParent: Assignment
                                  vpiName: k
                                  vpiFullName: work@t.k
                                  vpiActual: Net name:k
                                vpiRhs Constant start:34:13 end:34:14:
                                  vpiParent: Assignment
                                  vpiTypespec RefTypespec:
                                    vpiParent: Constant
                                    vpiFullName: work@t
                                    vpiActual: IntTypespec
                                  vpiConstType: unsigned int (9)
                                  vpiSize: 64
                                  vpiDecompile: "0"
                                  vpiValue: 0
                            vpiForIncStmt (1 items):
                              Assignment start:34:21 end:34:26:
                                vpiParent: ForStmt
                                vpiBlocking: true
                                vpiLhs RefObj name:k start:34:21 end:34:22:
                                  vpiParent: Assignment
                                  vpiName: k
                                  vpiFullName: work@t.k
                                  vpiActual: Net name:k
                                vpiRhs Operation start:34:23 end:34:26:
                                  vpiParent: Assignment
                                  vpiOpType: add (24)
                                  vpiOperand (2 items):
                                    RefObj name:k start:34:23 end:34:24:
                                      vpiParent: Operation
                                      vpiName: k
                                      vpiFullName: work@t.k
                                      vpiActual: Net name:k
                                    Constant start:34:25 end:34:26:
                                      vpiParent: Operation
                                      vpiTypespec RefTypespec:
                                        vpiParent: Constant
                                        vpiFullName: work@t
                                        vpiActual: IntTypespec
                                      vpiConstType: unsigned int (9)
                                      vpiSize: 64
                                      vpiDecompile: "1"
                                      vpiValue: 1
                            vpiCondition Operation start:34:16 end:34:19:
                              vpiParent: ForStmt
                              vpiOpType: less than (20)
                              vpiOperand (2 items):
                                RefObj name:k start:34:16 end:34:17:
                                  vpiParent: Operation
                                  vpiName: k
                                  vpiFullName: work@t.k
                                  vpiActual: Net name:k
                                Constant start:34:18 end:34:19:
                                  vpiParent: Operation
                                  vpiTypespec RefTypespec:
                                    vpiParent: Constant
                                    vpiFullName: work@t
                                    vpiActual: IntTypespec
                                  vpiConstType: unsigned int (9)
                                  vpiSize: 64
                                  vpiDecompile: "8"
                                  vpiValue: 8
                            vpiStmt Begin start:34:28 end:38:9:
                              vpiParent: ForStmt
                              vpiFullName: work@t
                              vpiStmt (3 items):
                                Assignment start:35:9 end:35:24:
                                  vpiParent: Begin
                                  vpiBlocking: true
                                  vpiLhs BitSelect name:mem1d[k] start:35:9 end:35:17:
                                    vpiParent: Assignment
                                    vpiName: mem1d[k]
                                    vpiFullName: work@t.mem1d[k]
                                    vpiPrefix RefObj name:mem1d start:35:9 end:35:14:
                                      vpiParent: BitSelect name:mem1d[k]
                                      vpiName: mem1d
                                      vpiFullName: work@t.mem1d
                                      vpiActual: Net name:mem1d
                                    vpiIndex RefObj name:k start:35:15 end:35:16:
                                      vpiParent: BitSelect name:mem1d[k]
                                      vpiName: k
                                      vpiFullName: work@t.k
                                      vpiActual: Net name:k
                                  vpiRhs BitSelect name:k[0] start:35:20 end:35:24:
                                    vpiParent: Assignment
                                    vpiName: k[0]
                                    vpiFullName: work@t.k[0]
                                    vpiPrefix RefObj name:k start:35:20 end:35:21:
                                      vpiParent: BitSelect name:k[0]
                                      vpiName: k
                                      vpiFullName: work@t.k
                                      vpiActual: Net name:k
                                    vpiIndex Constant start:35:22 end:35:23:
                                      vpiParent: BitSelect name:k[0]
                                      vpiTypespec RefTypespec:
                                        vpiParent: Constant
                                        vpiFullName: work@t.k[0]
                                        vpiActual: IntTypespec
                                      vpiConstType: unsigned int (9)
                                      vpiSize: 64
                                      vpiDecompile: "0"
                                      vpiValue: 0
                                Assignment start:36:9 end:36:32:
                                  vpiParent: Begin
                                  vpiBlocking: true
                                  vpiLhs BitSelect name:mem2d[j][k] start:36:9 end:36:20:
                                    vpiParent: Assignment
                                    vpiName: mem2d[j][k]
                                    vpiFullName: work@t.mem2d[j][k]
                                    vpiPrefix BitSelect name:mem2d[j] start:36:9 end:36:16:
                                      vpiParent: BitSelect name:mem2d[j][k]
                                      vpiName: mem2d[j]
                                      vpiFullName: work@t.mem2d[j][k].mem2d[j]
                                      vpiPrefix RefObj name:mem2d start:36:9 end:36:14:
                                        vpiParent: BitSelect name:mem2d[j]
                                        vpiName: mem2d
                                        vpiFullName: work@t.mem2d[j][k].mem2d
                                        vpiActual: Net name:mem2d
                                      vpiIndex RefObj name:j start:36:15 end:36:16:
                                        vpiParent: BitSelect name:mem2d[j]
                                        vpiName: j
                                        vpiFullName: work@t.mem2d[j][k].j
                                        vpiActual: Net name:j
                                    vpiIndex RefObj name:k start:36:18 end:36:19:
                                      vpiParent: BitSelect name:mem2d[j][k]
                                      vpiName: k
                                      vpiFullName: work@t.k
                                      vpiActual: Net name:k
                                  vpiRhs Operation start:36:23 end:36:32:
                                    vpiParent: Assignment
                                    vpiOpType: add (24)
                                    vpiOperand (2 items):
                                      BitSelect name:j[0] start:36:23 end:36:27:
                                        vpiParent: Operation
                                        vpiName: j[0]
                                        vpiFullName: work@t.j[0]
                                        vpiPrefix RefObj name:j start:36:23 end:36:24:
                                          vpiParent: BitSelect name:j[0]
                                          vpiName: j
                                          vpiFullName: work@t.j
                                          vpiActual: Net name:j
                                        vpiIndex Constant start:36:25 end:36:26:
                                          vpiParent: BitSelect name:j[0]
                                          vpiTypespec RefTypespec:
                                            vpiParent: Constant
                                            vpiFullName: work@t.j[0]
                                            vpiActual: IntTypespec
                                          vpiConstType: unsigned int (9)
                                          vpiSize: 64
                                          vpiDecompile: "0"
                                          vpiValue: 0
                                      BitSelect name:k[0] start:36:28 end:36:32:
                                        vpiParent: Operation
                                        vpiName: k[0]
                                        vpiFullName: work@t.k[0]
                                        vpiPrefix RefObj name:k start:36:28 end:36:29:
                                          vpiParent: BitSelect name:k[0]
                                          vpiName: k
                                          vpiFullName: work@t.k
                                          vpiActual: Net name:k
                                        vpiIndex Constant start:36:30 end:36:31:
                                          vpiParent: BitSelect name:k[0]
                                          vpiTypespec RefTypespec:
                                            vpiParent: Constant
                                            vpiFullName: work@t.k[0]
                                            vpiActual: IntTypespec
                                          vpiConstType: unsigned int (9)
                                          vpiSize: 64
                                          vpiDecompile: "0"
                                          vpiValue: 0
                                Assignment start:37:9 end:37:40:
                                  vpiParent: Begin
                                  vpiBlocking: true
                                  vpiLhs BitSelect name:mem3d[i][j][k] start:37:9 end:37:23:
                                    vpiParent: Assignment
                                    vpiName: mem3d[i][j][k]
                                    vpiFullName: work@t.mem3d[i][j][k]
                                    vpiPrefix BitSelect name:mem3d[i][j] start:37:14 end:37:19:
                                      vpiParent: BitSelect name:mem3d[i][j][k]
                                      vpiName: mem3d[i][j]
                                      vpiFullName: work@t.mem3d[i][j][k].mem3d[i][j]
                                      vpiPrefix BitSelect name:mem3d[i] start:37:9 end:37:16:
                                        vpiParent: BitSelect name:mem3d[i][j]
                                        vpiName: mem3d[i]
                                        vpiFullName: work@t.mem3d[i][j][k].mem3d[i][j].mem3d[i]
                                        vpiPrefix RefObj name:mem3d start:37:9 end:37:14:
                                          vpiParent: BitSelect name:mem3d[i]
                                          vpiName: mem3d
                                          vpiFullName: work@t.mem3d[i][j][k].mem3d[i][j].mem3d
                                          vpiActual: Net name:mem3d
                                        vpiIndex RefObj name:i start:37:15 end:37:16:
                                          vpiParent: BitSelect name:mem3d[i]
                                          vpiName: i
                                          vpiFullName: work@t.mem3d[i][j][k].mem3d[i][j].i
                                          vpiActual: Net name:i
                                      vpiIndex RefObj name:j start:37:18 end:37:19:
                                        vpiParent: BitSelect name:mem3d[i][j]
                                        vpiName: j
                                        vpiFullName: work@t.mem3d[i][j][k].j
                                        vpiActual: Net name:j
                                    vpiIndex RefObj name:k start:37:21 end:37:22:
                                      vpiParent: BitSelect name:mem3d[i][j][k]
                                      vpiName: k
                                      vpiFullName: work@t.k
                                      vpiActual: Net name:k
                                  vpiRhs Operation start:37:26 end:37:40:
                                    vpiParent: Assignment
                                    vpiOpType: add (24)
                                    vpiOperand (2 items):
                                      Operation start:37:26 end:37:35:
                                        vpiParent: Operation
                                        vpiOpType: add (24)
                                        vpiOperand (2 items):
                                          BitSelect name:i[0] start:37:26 end:37:30:
                                            vpiParent: Operation
                                            vpiName: i[0]
                                            vpiFullName: work@t.i[0]
                                            vpiPrefix RefObj name:i start:37:26 end:37:27:
                                              vpiParent: BitSelect name:i[0]
                                              vpiName: i
                                              vpiFullName: work@t.i
                                              vpiActual: Net name:i
                                            vpiIndex Constant start:37:28 end:37:29:
                                              vpiParent: BitSelect name:i[0]
                                              vpiTypespec RefTypespec:
                                                vpiParent: Constant
                                                vpiFullName: work@t.i[0]
                                                vpiActual: IntTypespec
                                              vpiConstType: unsigned int (9)
                                              vpiSize: 64
                                              vpiDecompile: "0"
                                              vpiValue: 0
                                          BitSelect name:j[0] start:37:31 end:37:35:
                                            vpiParent: Operation
                                            vpiName: j[0]
                                            vpiFullName: work@t.j[0]
                                            vpiPrefix RefObj name:j start:37:31 end:37:32:
                                              vpiParent: BitSelect name:j[0]
                                              vpiName: j
                                              vpiFullName: work@t.j
                                              vpiActual: Net name:j
                                            vpiIndex Constant start:37:33 end:37:34:
                                              vpiParent: BitSelect name:j[0]
                                              vpiTypespec RefTypespec:
                                                vpiParent: Constant
                                                vpiFullName: work@t.j[0]
                                                vpiActual: IntTypespec
                                              vpiConstType: unsigned int (9)
                                              vpiSize: 64
                                              vpiDecompile: "0"
                                              vpiValue: 0
                                      BitSelect name:k[0] start:37:36 end:37:40:
                                        vpiParent: Operation
                                        vpiName: k[0]
                                        vpiFullName: work@t.k[0]
                                        vpiPrefix RefObj name:k start:37:36 end:37:37:
                                          vpiParent: BitSelect name:k[0]
                                          vpiName: k
                                          vpiFullName: work@t.k
                                          vpiActual: Net name:k
                                        vpiIndex Constant start:37:38 end:37:39:
                                          vpiParent: BitSelect name:k[0]
                                          vpiTypespec RefTypespec:
                                            vpiParent: Constant
                                            vpiFullName: work@t.k[0]
                                            vpiActual: IntTypespec
                                          vpiConstType: unsigned int (9)
                                          vpiSize: 64
                                          vpiDecompile: "0"
                                          vpiValue: 0
              ForStmt start:41:7 end:49:10:
                vpiParent: Begin
                vpiFullName: work@t
                vpiForInitStmt (1 items):
                  Assignment start:41:12 end:41:15:
                    vpiParent: ForStmt
                    vpiBlocking: true
                    vpiLhs RefObj name:i start:41:12 end:41:13:
                      vpiParent: Assignment
                      vpiName: i
                      vpiFullName: work@t.i
                      vpiActual: Net name:i
                    vpiRhs Constant start:41:14 end:41:15:
                      vpiParent: Assignment
                      vpiTypespec RefTypespec:
                        vpiParent: Constant
                        vpiFullName: work@t
                        vpiActual: IntTypespec
                      vpiConstType: unsigned int (9)
                      vpiSize: 64
                      vpiDecompile: "0"
                      vpiValue: 0
                vpiForIncStmt (1 items):
                  Assignment start:41:22 end:41:27:
                    vpiParent: ForStmt
                    vpiBlocking: true
                    vpiLhs RefObj name:i start:41:22 end:41:23:
                      vpiParent: Assignment
                      vpiName: i
                      vpiFullName: work@t.i
                      vpiActual: Net name:i
                    vpiRhs Operation start:41:24 end:41:27:
                      vpiParent: Assignment
                      vpiOpType: add (24)
                      vpiOperand (2 items):
                        RefObj name:i start:41:24 end:41:25:
                          vpiParent: Operation
                          vpiName: i
                          vpiFullName: work@t.i
                          vpiActual: Net name:i
                        Constant start:41:26 end:41:27:
                          vpiParent: Operation
                          vpiTypespec RefTypespec:
                            vpiParent: Constant
                            vpiFullName: work@t
                            vpiActual: IntTypespec
                          vpiConstType: unsigned int (9)
                          vpiSize: 64
                          vpiDecompile: "1"
                          vpiValue: 1
                vpiCondition Operation start:41:17 end:41:20:
                  vpiParent: ForStmt
                  vpiOpType: less than (20)
                  vpiOperand (2 items):
                    RefObj name:i start:41:17 end:41:18:
                      vpiParent: Operation
                      vpiName: i
                      vpiFullName: work@t.i
                      vpiActual: Net name:i
                    Constant start:41:19 end:41:20:
                      vpiParent: Operation
                      vpiTypespec RefTypespec:
                        vpiParent: Constant
                        vpiFullName: work@t
                        vpiActual: IntTypespec
                      vpiConstType: unsigned int (9)
                      vpiSize: 64
                      vpiDecompile: "5"
                      vpiValue: 5
                vpiStmt Begin start:41:29 end:49:10:
                  vpiParent: ForStmt
                  vpiFullName: work@t
                  vpiStmt (1 items):
                    ForStmt start:42:3 end:48:6:
                      vpiParent: Begin
                      vpiFullName: work@t
                      vpiForInitStmt (1 items):
                        Assignment start:42:8 end:42:11:
                          vpiParent: ForStmt
                          vpiBlocking: true
                          vpiLhs RefObj name:j start:42:8 end:42:9:
                            vpiParent: Assignment
                            vpiName: j
                            vpiFullName: work@t.j
                            vpiActual: Net name:j
                          vpiRhs Constant start:42:10 end:42:11:
                            vpiParent: Assignment
                            vpiTypespec RefTypespec:
                              vpiParent: Constant
                              vpiFullName: work@t
                              vpiActual: IntTypespec
                            vpiConstType: unsigned int (9)
                            vpiSize: 64
                            vpiDecompile: "0"
                            vpiValue: 0
                      vpiForIncStmt (1 items):
                        Assignment start:42:18 end:42:23:
                          vpiParent: ForStmt
                          vpiBlocking: true
                          vpiLhs RefObj name:j start:42:18 end:42:19:
                            vpiParent: Assignment
                            vpiName: j
                            vpiFullName: work@t.j
                            vpiActual: Net name:j
                          vpiRhs Operation start:42:20 end:42:23:
                            vpiParent: Assignment
                            vpiOpType: add (24)
                            vpiOperand (2 items):
                              RefObj name:j start:42:20 end:42:21:
                                vpiParent: Operation
                                vpiName: j
                                vpiFullName: work@t.j
                                vpiActual: Net name:j
                              Constant start:42:22 end:42:23:
                                vpiParent: Operation
                                vpiTypespec RefTypespec:
                                  vpiParent: Constant
                                  vpiFullName: work@t
                                  vpiActual: IntTypespec
                                vpiConstType: unsigned int (9)
                                vpiSize: 64
                                vpiDecompile: "1"
                                vpiValue: 1
                      vpiCondition Operation start:42:13 end:42:16:
                        vpiParent: ForStmt
                        vpiOpType: less than (20)
                        vpiOperand (2 items):
                          RefObj name:j start:42:13 end:42:14:
                            vpiParent: Operation
                            vpiName: j
                            vpiFullName: work@t.j
                            vpiActual: Net name:j
                          Constant start:42:15 end:42:16:
                            vpiParent: Operation
                            vpiTypespec RefTypespec:
                              vpiParent: Constant
                              vpiFullName: work@t
                              vpiActual: IntTypespec
                            vpiConstType: unsigned int (9)
                            vpiSize: 64
                            vpiDecompile: "6"
                            vpiValue: 6
                      vpiStmt Begin start:42:25 end:48:6:
                        vpiParent: ForStmt
                        vpiFullName: work@t
                        vpiStmt (1 items):
                          ForStmt start:43:6 end:47:9:
                            vpiParent: Begin
                            vpiFullName: work@t
                            vpiForInitStmt (1 items):
                              Assignment start:43:11 end:43:14:
                                vpiParent: ForStmt
                                vpiBlocking: true
                                vpiLhs RefObj name:k start:43:11 end:43:12:
                                  vpiParent: Assignment
                                  vpiName: k
                                  vpiFullName: work@t.k
                                  vpiActual: Net name:k
                                vpiRhs Constant start:43:13 end:43:14:
                                  vpiParent: Assignment
                                  vpiTypespec RefTypespec:
                                    vpiParent: Constant
                                    vpiFullName: work@t
                                    vpiActual: IntTypespec
                                  vpiConstType: unsigned int (9)
                                  vpiSize: 64
                                  vpiDecompile: "0"
                                  vpiValue: 0
                            vpiForIncStmt (1 items):
                              Assignment start:43:21 end:43:26:
                                vpiParent: ForStmt
                                vpiBlocking: true
                                vpiLhs RefObj name:k start:43:21 end:43:22:
                                  vpiParent: Assignment
                                  vpiName: k
                                  vpiFullName: work@t.k
                                  vpiActual: Net name:k
                                vpiRhs Operation start:43:23 end:43:26:
                                  vpiParent: Assignment
                                  vpiOpType: add (24)
                                  vpiOperand (2 items):
                                    RefObj name:k start:43:23 end:43:24:
                                      vpiParent: Operation
                                      vpiName: k
                                      vpiFullName: work@t.k
                                      vpiActual: Net name:k
                                    Constant start:43:25 end:43:26:
                                      vpiParent: Operation
                                      vpiTypespec RefTypespec:
                                        vpiParent: Constant
                                        vpiFullName: work@t
                                        vpiActual: IntTypespec
                                      vpiConstType: unsigned int (9)
                                      vpiSize: 64
                                      vpiDecompile: "1"
                                      vpiValue: 1
                            vpiCondition Operation start:43:16 end:43:19:
                              vpiParent: ForStmt
                              vpiOpType: less than (20)
                              vpiOperand (2 items):
                                RefObj name:k start:43:16 end:43:17:
                                  vpiParent: Operation
                                  vpiName: k
                                  vpiFullName: work@t.k
                                  vpiActual: Net name:k
                                Constant start:43:18 end:43:19:
                                  vpiParent: Operation
                                  vpiTypespec RefTypespec:
                                    vpiParent: Constant
                                    vpiFullName: work@t
                                    vpiActual: IntTypespec
                                  vpiConstType: unsigned int (9)
                                  vpiSize: 64
                                  vpiDecompile: "7"
                                  vpiValue: 7
                            vpiStmt Begin start:43:28 end:47:9:
                              vpiParent: ForStmt
                              vpiFullName: work@t
                              vpiStmt (3 items):
                                IfStmt start:44:9 end:44:38:
                                  vpiParent: Begin
                                  vpiCondition Operation start:44:13 end:44:30:
                                    vpiParent: IfStmt
                                    vpiOpType: case neq (17)
                                    vpiOperand (2 items):
                                      BitSelect name:mem1d[k] start:44:13 end:44:21:
                                        vpiParent: Operation
                                        vpiName: mem1d[k]
                                        vpiFullName: work@t.mem1d[k]
                                        vpiPrefix RefObj name:mem1d start:44:13 end:44:18:
                                          vpiParent: BitSelect name:mem1d[k]
                                          vpiName: mem1d
                                          vpiFullName: work@t.mem1d
                                          vpiActual: Net name:mem1d
                                        vpiIndex RefObj name:k start:44:19 end:44:20:
                                          vpiParent: BitSelect name:mem1d[k]
                                          vpiName: k
                                          vpiFullName: work@t.k
                                          vpiActual: Net name:k
                                      BitSelect name:k[0] start:44:26 end:44:30:
                                        vpiParent: Operation
                                        vpiName: k[0]
                                        vpiFullName: work@t.k[0]
                                        vpiPrefix RefObj name:k start:44:26 end:44:27:
                                          vpiParent: BitSelect name:k[0]
                                          vpiName: k
                                          vpiFullName: work@t.k
                                          vpiActual: Net name:k
                                        vpiIndex Constant start:44:28 end:44:29:
                                          vpiParent: BitSelect name:k[0]
                                          vpiTypespec RefTypespec:
                                            vpiParent: Constant
                                            vpiFullName: work@t.k[0]
                                            vpiActual: IntTypespec
                                          vpiConstType: unsigned int (9)
                                          vpiSize: 64
                                          vpiDecompile: "0"
                                          vpiValue: 0
                                  vpiStmt SysFuncCall name:$stop start:44:32 end:44:37:
                                    vpiParent: IfStmt
                                    vpiName Identifier name:$stop start:44:32 end:44:37:
                                      vpiParent: SysFuncCall name:$stop
                                      vpiName: "$stop"
                                IfStmt start:45:9 end:45:46:
                                  vpiParent: Begin
                                  vpiCondition Operation start:45:13 end:45:38:
                                    vpiParent: IfStmt
                                    vpiOpType: case neq (17)
                                    vpiOperand (2 items):
                                      BitSelect name:mem2d[j][k] start:45:13 end:45:24:
                                        vpiParent: Operation
                                        vpiName: mem2d[j][k]
                                        vpiFullName: work@t.mem2d[j][k]
                                        vpiPrefix BitSelect name:mem2d[j] start:45:13 end:45:20:
                                          vpiParent: BitSelect name:mem2d[j][k]
                                          vpiName: mem2d[j]
                                          vpiFullName: work@t.mem2d[j][k].mem2d[j]
                                          vpiPrefix RefObj name:mem2d start:45:13 end:45:18:
                                            vpiParent: BitSelect name:mem2d[j]
                                            vpiName: mem2d
                                            vpiFullName: work@t.mem2d[j][k].mem2d
                                            vpiActual: Net name:mem2d
                                          vpiIndex RefObj name:j start:45:19 end:45:20:
                                            vpiParent: BitSelect name:mem2d[j]
                                            vpiName: j
                                            vpiFullName: work@t.mem2d[j][k].j
                                            vpiActual: Net name:j
                                        vpiIndex RefObj name:k start:45:22 end:45:23:
                                          vpiParent: BitSelect name:mem2d[j][k]
                                          vpiName: k
                                          vpiFullName: work@t.k
                                          vpiActual: Net name:k
                                      Operation start:45:29 end:45:38:
                                        vpiParent: Operation
                                        vpiOpType: add (24)
                                        vpiOperand (2 items):
                                          BitSelect name:j[0] start:45:29 end:45:33:
                                            vpiParent: Operation
                                            vpiName: j[0]
                                            vpiFullName: work@t.j[0]
                                            vpiPrefix RefObj name:j start:45:29 end:45:30:
                                              vpiParent: BitSelect name:j[0]
                                              vpiName: j
                                              vpiFullName: work@t.j
                                              vpiActual: Net name:j
                                            vpiIndex Constant start:45:31 end:45:32:
                                              vpiParent: BitSelect name:j[0]
                                              vpiTypespec RefTypespec:
                                                vpiParent: Constant
                                                vpiFullName: work@t.j[0]
                                                vpiActual: IntTypespec
                                              vpiConstType: unsigned int (9)
                                              vpiSize: 64
                                              vpiDecompile: "0"
                                              vpiValue: 0
                                          BitSelect name:k[0] start:45:34 end:45:38:
                                            vpiParent: Operation
                                            vpiName: k[0]
                                            vpiFullName: work@t.k[0]
                                            vpiPrefix RefObj name:k start:45:34 end:45:35:
                                              vpiParent: BitSelect name:k[0]
                                              vpiName: k
                                              vpiFullName: work@t.k
                                              vpiActual: Net name:k
                                            vpiIndex Constant start:45:36 end:45:37:
                                              vpiParent: BitSelect name:k[0]
                                              vpiTypespec RefTypespec:
                                                vpiParent: Constant
                                                vpiFullName: work@t.k[0]
                                                vpiActual: IntTypespec
                                              vpiConstType: unsigned int (9)
                                              vpiSize: 64
                                              vpiDecompile: "0"
                                              vpiValue: 0
                                  vpiStmt SysFuncCall name:$stop start:45:40 end:45:45:
                                    vpiParent: IfStmt
                                    vpiName Identifier name:$stop start:45:40 end:45:45:
                                      vpiParent: SysFuncCall name:$stop
                                      vpiName: "$stop"
                                IfStmt start:46:9 end:46:54:
                                  vpiParent: Begin
                                  vpiCondition Operation start:46:13 end:46:46:
                                    vpiParent: IfStmt
                                    vpiOpType: case neq (17)
                                    vpiOperand (2 items):
                                      BitSelect name:mem3d[i][j][k] start:46:13 end:46:27:
                                        vpiParent: Operation
                                        vpiName: mem3d[i][j][k]
                                        vpiFullName: work@t.mem3d[i][j][k]
                                        vpiPrefix BitSelect name:mem3d[i][j] start:46:18 end:46:23:
                                          vpiParent: BitSelect name:mem3d[i][j][k]
                                          vpiName: mem3d[i][j]
                                          vpiFullName: work@t.mem3d[i][j][k].mem3d[i][j]
                                          vpiPrefix BitSelect name:mem3d[i] start:46:13 end:46:20:
                                            vpiParent: BitSelect name:mem3d[i][j]
                                            vpiName: mem3d[i]
                                            vpiFullName: work@t.mem3d[i][j][k].mem3d[i][j].mem3d[i]
                                            vpiPrefix RefObj name:mem3d start:46:13 end:46:18:
                                              vpiParent: BitSelect name:mem3d[i]
                                              vpiName: mem3d
                                              vpiFullName: work@t.mem3d[i][j][k].mem3d[i][j].mem3d
                                              vpiActual: Net name:mem3d
                                            vpiIndex RefObj name:i start:46:19 end:46:20:
                                              vpiParent: BitSelect name:mem3d[i]
                                              vpiName: i
                                              vpiFullName: work@t.mem3d[i][j][k].mem3d[i][j].i
                                              vpiActual: Net name:i
                                          vpiIndex RefObj name:j start:46:22 end:46:23:
                                            vpiParent: BitSelect name:mem3d[i][j]
                                            vpiName: j
                                            vpiFullName: work@t.mem3d[i][j][k].j
                                            vpiActual: Net name:j
                                        vpiIndex RefObj name:k start:46:25 end:46:26:
                                          vpiParent: BitSelect name:mem3d[i][j][k]
                                          vpiName: k
                                          vpiFullName: work@t.k
                                          vpiActual: Net name:k
                                      Operation start:46:32 end:46:46:
                                        vpiParent: Operation
                                        vpiOpType: add (24)
                                        vpiOperand (2 items):
                                          Operation start:46:32 end:46:41:
                                            vpiParent: Operation
                                            vpiOpType: add (24)
                                            vpiOperand (2 items):
                                              BitSelect name:i[0] start:46:32 end:46:36:
                                                vpiParent: Operation
                                                vpiName: i[0]
                                                vpiFullName: work@t.i[0]
                                                vpiPrefix RefObj name:i start:46:32 end:46:33:
                                                  vpiParent: BitSelect name:i[0]
                                                  vpiName: i
                                                  vpiFullName: work@t.i
                                                  vpiActual: Net name:i
                                                vpiIndex Constant start:46:34 end:46:35:
                                                  vpiParent: BitSelect name:i[0]
                                                  vpiTypespec RefTypespec:
                                                    vpiParent: Constant
                                                    vpiFullName: work@t.i[0]
                                                    vpiActual: IntTypespec
                                                  vpiConstType: unsigned int (9)
                                                  vpiSize: 64
                                                  vpiDecompile: "0"
                                                  vpiValue: 0
                                              BitSelect name:j[0] start:46:37 end:46:41:
                                                vpiParent: Operation
                                                vpiName: j[0]
                                                vpiFullName: work@t.j[0]
                                                vpiPrefix RefObj name:j start:46:37 end:46:38:
                                                  vpiParent: BitSelect name:j[0]
                                                  vpiName: j
                                                  vpiFullName: work@t.j
                                                  vpiActual: Net name:j
                                                vpiIndex Constant start:46:39 end:46:40:
                                                  vpiParent: BitSelect name:j[0]
                                                  vpiTypespec RefTypespec:
                                                    vpiParent: Constant
                                                    vpiFullName: work@t.j[0]
                                                    vpiActual: IntTypespec
                                                  vpiConstType: unsigned int (9)
                                                  vpiSize: 64
                                                  vpiDecompile: "0"
                                                  vpiValue: 0
                                          BitSelect name:k[0] start:46:42 end:46:46:
                                            vpiParent: Operation
                                            vpiName: k[0]
                                            vpiFullName: work@t.k[0]
                                            vpiPrefix RefObj name:k start:46:42 end:46:43:
                                              vpiParent: BitSelect name:k[0]
                                              vpiName: k
                                              vpiFullName: work@t.k
                                              vpiActual: Net name:k
                                            vpiIndex Constant start:46:44 end:46:45:
                                              vpiParent: BitSelect name:k[0]
                                              vpiTypespec RefTypespec:
                                                vpiParent: Constant
                                                vpiFullName: work@t.k[0]
                                                vpiActual: IntTypespec
                                              vpiConstType: unsigned int (9)
                                              vpiSize: 64
                                              vpiDecompile: "0"
                                              vpiValue: 0
                                  vpiStmt SysFuncCall name:$stop start:46:48 end:46:53:
                                    vpiParent: IfStmt
                                    vpiName Identifier name:$stop start:46:48 end:46:53:
                                      vpiParent: SysFuncCall name:$stop
                                      vpiName: "$stop"
        Always start:55:4 end:55:48:
          vpiParent: Module name:work@t
          vpiStmt EventControl start:55:11 end:55:48:
            vpiParent: Always
            vpiCondition Operation:
              vpiParent: EventControl
              vpiOpType: posedge (39)
              vpiOperand (1 items):
                RefObj name:clk start:55:22 end:55:25:
                  vpiParent: Operation
                  vpiName: clk
                  vpiFullName: work@t.clk
                  vpiActual: Net name:clk
            vpiStmt Assignment start:55:27 end:55:47:
              vpiParent: EventControl
              vpiLhs BitSelect name:reg2d[wi[2:0]] start:55:27 end:55:41:
                vpiParent: Assignment
                vpiName: reg2d[wi[2:0]]
                vpiFullName: work@t.reg2d[wi[2:0]]
                vpiPrefix RefObj name:reg2d start:55:27 end:55:32:
                  vpiParent: BitSelect name:reg2d[wi[2:0]]
                  vpiName: reg2d
                  vpiFullName: work@t.reg2d
                  vpiActual: Net name:reg2d
                vpiIndex PartSelect name:wi[2:0] start:55:33 end:55:40:
                  vpiParent: BitSelect name:reg2d[wi[2:0]]
                  vpiName: wi[2:0]
                  vpiFullName: work@t.reg2d[wi[2:0]].wi[2:0]
                  vpiPrefix RefObj name:wi start:55:33 end:55:35:
                    vpiParent: PartSelect name:wi[2:0]
                    vpiName: wi
                    vpiFullName: work@t.reg2d[wi[2:0]].wi[2:0].wi
                    vpiActual: Net name:wi
                  vpiRange Range start:55:36 end:55:39:
                    vpiParent: PartSelect name:wi[2:0]
                    vpiLeftRange Constant start:55:36 end:55:37:
                      vpiParent: Range
                      vpiTypespec RefTypespec:
                        vpiParent: Constant
                        vpiFullName: work@t.reg2d[wi[2:0]].wi[2:0]
                        vpiActual: IntTypespec
                      vpiConstType: unsigned int (9)
                      vpiSize: 64
                      vpiDecompile: "2"
                      vpiValue: 2
                    vpiRightRange Constant start:55:38 end:55:39:
                      vpiParent: Range
                      vpiTypespec RefTypespec:
                        vpiParent: Constant
                        vpiFullName: work@t.reg2d[wi[2:0]].wi[2:0]
                        vpiActual: IntTypespec
                      vpiConstType: unsigned int (9)
                      vpiSize: 64
                      vpiDecompile: "0"
                      vpiValue: 0
              vpiRhs RefObj name:wd start:55:45 end:55:47:
                vpiParent: Assignment
                vpiName: wd
                vpiFullName: work@t.wd
                vpiActual: Net name:wd
          vpiAlwaysType: always (1)
        Always start:57:4 end:91:7:
          vpiParent: Module name:work@t
          vpiStmt EventControl start:57:11 end:91:7:
            vpiParent: Always
            vpiCondition Operation:
              vpiParent: EventControl
              vpiOpType: posedge (39)
              vpiOperand (1 items):
                RefObj name:clk start:57:22 end:57:25:
                  vpiParent: Operation
                  vpiName: clk
                  vpiFullName: work@t.clk
                  vpiActual: Net name:clk
            vpiStmt Begin start:57:27 end:91:7:
              vpiParent: EventControl
              vpiFullName: work@t
              vpiStmt (2 items):
                Assignment start:61:7 end:61:21:
                  vpiParent: Begin
                  vpiLhs RefObj name:cyc start:61:7 end:61:10:
                    vpiParent: Assignment
                    vpiName: cyc
                    vpiFullName: work@t.cyc
                    vpiActual: Net name:cyc
                  vpiRhs Operation start:61:14 end:61:21:
                    vpiParent: Assignment
                    vpiOpType: add (24)
                    vpiOperand (2 items):
                      RefObj name:cyc start:61:14 end:61:17:
                        vpiParent: Operation
                        vpiName: cyc
                        vpiFullName: work@t.cyc
                        vpiActual: Net name:cyc
                      Constant start:61:20 end:61:21:
                        vpiParent: Operation
                        vpiTypespec RefTypespec:
                          vpiParent: Constant
                          vpiFullName: work@t
                          vpiActual: IntTypespec
                        vpiConstType: unsigned int (9)
                        vpiSize: 64
                        vpiDecompile: "1"
                        vpiValue: 1
                IfElse start:62:7 end:90:10:
                  vpiParent: Begin
                  vpiCondition Operation start:62:11 end:62:17:
                    vpiParent: IfElse
                    vpiOpType: less than (20)
                    vpiOperand (2 items):
                      RefObj name:cyc start:62:11 end:62:14:
                        vpiParent: Operation
                        vpiName: cyc
                        vpiFullName: work@t.cyc
                        vpiActual: Net name:cyc
                      Constant start:62:15 end:62:17:
                        vpiParent: Operation
                        vpiTypespec RefTypespec:
                          vpiParent: Constant
                          vpiFullName: work@t
                          vpiActual: IntTypespec
                        vpiConstType: unsigned int (9)
                        vpiSize: 64
                        vpiDecompile: "10"
                        vpiValue: 10
                  vpiStmt Begin start:62:19 end:64:10:
                    vpiParent: IfElse
                    vpiFullName: work@t
                    vpiStmt (1 items):
                      Assignment start:63:3 end:63:10:
                        vpiParent: Begin
                        vpiLhs RefObj name:wi start:63:3 end:63:5:
                          vpiParent: Assignment
                          vpiName: wi
                          vpiFullName: work@t.wi
                          vpiActual: Net name:wi
                        vpiRhs Constant start:63:9 end:63:10:
                          vpiParent: Assignment
                          vpiTypespec RefTypespec:
                            vpiParent: Constant
                            vpiFullName: work@t
                            vpiActual: IntTypespec
                          vpiConstType: unsigned int (9)
                          vpiSize: 64
                          vpiDecompile: "0"
                          vpiValue: 0
                  vpiElseStmt IfElse start:65:12 end:90:10:
                    vpiParent: IfElse
                    vpiCondition Operation start:65:16 end:65:23:
                      vpiParent: IfElse
                      vpiOpType: equal (14)
                      vpiOperand (2 items):
                        RefObj name:cyc start:65:16 end:65:19:
                          vpiParent: Operation
                          vpiName: cyc
                          vpiFullName: work@t.cyc
                          vpiActual: Net name:cyc
                        Constant start:65:21 end:65:23:
                          vpiParent: Operation
                          vpiTypespec RefTypespec:
                            vpiParent: Constant
                            vpiFullName: work@t
                            vpiActual: IntTypespec
                          vpiConstType: unsigned int (9)
                          vpiSize: 64
                          vpiDecompile: "10"
                          vpiValue: 10
                    vpiStmt Begin start:65:25 end:67:10:
                      vpiParent: IfElse
                      vpiFullName: work@t
                      vpiStmt (1 items):
                        Assignment start:66:3 end:66:10:
                          vpiParent: Begin
                          vpiLhs RefObj name:wi start:66:3 end:66:5:
                            vpiParent: Assignment
                            vpiName: wi
                            vpiFullName: work@t.wi
                            vpiActual: Net name:wi
                          vpiRhs Constant start:66:9 end:66:10:
                            vpiParent: Assignment
                            vpiTypespec RefTypespec:
                              vpiParent: Constant
                              vpiFullName: work@t
                              vpiActual: IntTypespec
                            vpiConstType: unsigned int (9)
                            vpiSize: 64
                            vpiDecompile: "1"
                            vpiValue: 1
                    vpiElseStmt IfElse start:68:12 end:90:10:
                      vpiParent: IfElse
                      vpiCondition Operation start:68:16 end:68:23:
                        vpiParent: IfElse
                        vpiOpType: equal (14)
                        vpiOperand (2 items):
                          RefObj name:cyc start:68:16 end:68:19:
                            vpiParent: Operation
                            vpiName: cyc
                            vpiFullName: work@t.cyc
                            vpiActual: Net name:cyc
                          Constant start:68:21 end:68:23:
                            vpiParent: Operation
                            vpiTypespec RefTypespec:
                              vpiParent: Constant
                              vpiFullName: work@t
                              vpiActual: IntTypespec
                            vpiConstType: unsigned int (9)
                            vpiSize: 64
                            vpiDecompile: "11"
                            vpiValue: 11
                      vpiStmt Begin start:68:25 end:71:10:
                        vpiParent: IfElse
                        vpiFullName: work@t
                        vpiStmt (2 items):
                          IfStmt start:69:3 end:69:30:
                            vpiParent: Begin
                            vpiCondition Operation start:69:7 end:69:22:
                              vpiParent: IfStmt
                              vpiOpType: case neq (17)
                              vpiOperand (2 items):
                                BitSelect name:reg2d[0] start:69:7 end:69:15:
                                  vpiParent: Operation
                                  vpiName: reg2d[0]
                                  vpiFullName: work@t.reg2d[0]
                                  vpiPrefix RefObj name:reg2d start:69:7 end:69:12:
                                    vpiParent: BitSelect name:reg2d[0]
                                    vpiName: reg2d
                                    vpiFullName: work@t.reg2d
                                    vpiActual: Net name:reg2d
                                  vpiIndex Constant start:69:13 end:69:14:
                                    vpiParent: BitSelect name:reg2d[0]
                                    vpiTypespec RefTypespec:
                                      vpiParent: Constant
                                      vpiFullName: work@t.reg2d[0]
                                      vpiActual: IntTypespec
                                    vpiConstType: unsigned int (9)
                                    vpiSize: 64
                                    vpiDecompile: "0"
                                    vpiValue: 0
                                Constant start:69:20 end:69:22:
                                  vpiParent: Operation
                                  vpiTypespec RefTypespec:
                                    vpiParent: Constant
                                    vpiFullName: work@t
                                    vpiActual: IntTypespec
                                  vpiConstType: unsigned int (9)
                                  vpiSize: 64
                                  vpiDecompile: "10"
                                  vpiValue: 10
                            vpiStmt SysFuncCall name:$stop start:69:24 end:69:29:
                              vpiParent: IfStmt
                              vpiName Identifier name:$stop start:69:24 end:69:29:
                                vpiParent: SysFuncCall name:$stop
                                vpiName: "$stop"
                          Assignment start:70:3 end:70:10:
                            vpiParent: Begin
                            vpiLhs RefObj name:wi start:70:3 end:70:5:
                              vpiParent: Assignment
                              vpiName: wi
                              vpiFullName: work@t.wi
                              vpiActual: Net name:wi
                            vpiRhs Constant start:70:9 end:70:10:
                              vpiParent: Assignment
                              vpiTypespec RefTypespec:
                                vpiParent: Constant
                                vpiFullName: work@t
                                vpiActual: IntTypespec
                              vpiConstType: unsigned int (9)
                              vpiSize: 64
                              vpiDecompile: "6"
                              vpiValue: 6
                      vpiElseStmt IfElse start:72:12 end:90:10:
                        vpiParent: IfElse
                        vpiCondition Operation start:72:16 end:72:23:
                          vpiParent: IfElse
                          vpiOpType: equal (14)
                          vpiOperand (2 items):
                            RefObj name:cyc start:72:16 end:72:19:
                              vpiParent: Operation
                              vpiName: cyc
                              vpiFullName: work@t.cyc
                              vpiActual: Net name:cyc
                            Constant start:72:21 end:72:23:
                              vpiParent: Operation
                              vpiTypespec RefTypespec:
                                vpiParent: Constant
                                vpiFullName: work@t
                                vpiActual: IntTypespec
                              vpiConstType: unsigned int (9)
                              vpiSize: 64
                              vpiDecompile: "12"
                              vpiValue: 12
                        vpiStmt Begin start:72:25 end:76:10:
                          vpiParent: IfElse
                          vpiFullName: work@t
                          vpiStmt (3 items):
                            IfStmt start:73:3 end:73:30:
                              vpiParent: Begin
                              vpiCondition Operation start:73:7 end:73:22:
                                vpiParent: IfStmt
                                vpiOpType: case neq (17)
                                vpiOperand (2 items):
                                  BitSelect name:reg2d[0] start:73:7 end:73:15:
                                    vpiParent: Operation
                                    vpiName: reg2d[0]
                                    vpiFullName: work@t.reg2d[0]
                                    vpiPrefix RefObj name:reg2d start:73:7 end:73:12:
                                      vpiParent: BitSelect name:reg2d[0]
                                      vpiName: reg2d
                                      vpiFullName: work@t.reg2d
                                      vpiActual: Net name:reg2d
                                    vpiIndex Constant start:73:13 end:73:14:
                                      vpiParent: BitSelect name:reg2d[0]
                                      vpiTypespec RefTypespec:
                                        vpiParent: Constant
                                        vpiFullName: work@t.reg2d[0]
                                        vpiActual: IntTypespec
                                      vpiConstType: unsigned int (9)
                                      vpiSize: 64
                                      vpiDecompile: "0"
                                      vpiValue: 0
                                  Constant start:73:20 end:73:22:
                                    vpiParent: Operation
                                    vpiTypespec RefTypespec:
                                      vpiParent: Constant
                                      vpiFullName: work@t
                                      vpiActual: IntTypespec
                                    vpiConstType: unsigned int (9)
                                    vpiSize: 64
                                    vpiDecompile: "10"
                                    vpiValue: 10
                              vpiStmt SysFuncCall name:$stop start:73:24 end:73:29:
                                vpiParent: IfStmt
                                vpiName Identifier name:$stop start:73:24 end:73:29:
                                  vpiParent: SysFuncCall name:$stop
                                  vpiName: "$stop"
                            IfStmt start:74:3 end:74:30:
                              vpiParent: Begin
                              vpiCondition Operation start:74:7 end:74:22:
                                vpiParent: IfStmt
                                vpiOpType: case neq (17)
                                vpiOperand (2 items):
                                  BitSelect name:reg2d[1] start:74:7 end:74:15:
                                    vpiParent: Operation
                                    vpiName: reg2d[1]
                                    vpiFullName: work@t.reg2d[1]
                                    vpiPrefix RefObj name:reg2d start:74:7 end:74:12:
                                      vpiParent: BitSelect name:reg2d[1]
                                      vpiName: reg2d
                                      vpiFullName: work@t.reg2d
                                      vpiActual: Net name:reg2d
                                    vpiIndex Constant start:74:13 end:74:14:
                                      vpiParent: BitSelect name:reg2d[1]
                                      vpiTypespec RefTypespec:
                                        vpiParent: Constant
                                        vpiFullName: work@t.reg2d[1]
                                        vpiActual: IntTypespec
                                      vpiConstType: unsigned int (9)
                                      vpiSize: 64
                                      vpiDecompile: "1"
                                      vpiValue: 1
                                  Constant start:74:20 end:74:22:
                                    vpiParent: Operation
                                    vpiTypespec RefTypespec:
                                      vpiParent: Constant
                                      vpiFullName: work@t
                                      vpiActual: IntTypespec
                                    vpiConstType: unsigned int (9)
                                    vpiSize: 64
                                    vpiDecompile: "11"
                                    vpiValue: 11
                              vpiStmt SysFuncCall name:$stop start:74:24 end:74:29:
                                vpiParent: IfStmt
                                vpiName Identifier name:$stop start:74:24 end:74:29:
                                  vpiParent: SysFuncCall name:$stop
                                  vpiName: "$stop"
                            Assignment start:75:3 end:75:10:
                              vpiParent: Begin
                              vpiLhs RefObj name:wi start:75:3 end:75:5:
                                vpiParent: Assignment
                                vpiName: wi
                                vpiFullName: work@t.wi
                                vpiActual: Net name:wi
                              vpiRhs Constant start:75:9 end:75:10:
                                vpiParent: Assignment
                                vpiTypespec RefTypespec:
                                  vpiParent: Constant
                                  vpiFullName: work@t
                                  vpiActual: IntTypespec
                                vpiConstType: unsigned int (9)
                                vpiSize: 64
                                vpiDecompile: "7"
                                vpiValue: 7
                        vpiElseStmt IfElse start:77:12 end:90:10:
                          vpiParent: IfElse
                          vpiCondition Operation start:77:16 end:77:23:
                            vpiParent: IfElse
                            vpiOpType: equal (14)
                            vpiOperand (2 items):
                              RefObj name:cyc start:77:16 end:77:19:
                                vpiParent: Operation
                                vpiName: cyc
                                vpiFullName: work@t.cyc
                                vpiActual: Net name:cyc
                              Constant start:77:21 end:77:23:
                                vpiParent: Operation
                                vpiTypespec RefTypespec:
                                  vpiParent: Constant
                                  vpiFullName: work@t
                                  vpiActual: IntTypespec
                                vpiConstType: unsigned int (9)
                                vpiSize: 64
                                vpiDecompile: "13"
                                vpiValue: 13
                          vpiStmt Begin start:77:25 end:81:10:
                            vpiParent: IfElse
                            vpiFullName: work@t
                            vpiStmt (3 items):
                              IfStmt start:78:3 end:78:30:
                                vpiParent: Begin
                                vpiCondition Operation start:78:7 end:78:22:
                                  vpiParent: IfStmt
                                  vpiOpType: case neq (17)
                                  vpiOperand (2 items):
                                    BitSelect name:reg2d[0] start:78:7 end:78:15:
                                      vpiParent: Operation
                                      vpiName: reg2d[0]
                                      vpiFullName: work@t.reg2d[0]
                                      vpiPrefix RefObj name:reg2d start:78:7 end:78:12:
                                        vpiParent: BitSelect name:reg2d[0]
                                        vpiName: reg2d
                                        vpiFullName: work@t.reg2d
                                        vpiActual: Net name:reg2d
                                      vpiIndex Constant start:78:13 end:78:14:
                                        vpiParent: BitSelect name:reg2d[0]
                                        vpiTypespec RefTypespec:
                                          vpiParent: Constant
                                          vpiFullName: work@t.reg2d[0]
                                          vpiActual: IntTypespec
                                        vpiConstType: unsigned int (9)
                                        vpiSize: 64
                                        vpiDecompile: "0"
                                        vpiValue: 0
                                    Constant start:78:20 end:78:22:
                                      vpiParent: Operation
                                      vpiTypespec RefTypespec:
                                        vpiParent: Constant
                                        vpiFullName: work@t
                                        vpiActual: IntTypespec
                                      vpiConstType: unsigned int (9)
                                      vpiSize: 64
                                      vpiDecompile: "10"
                                      vpiValue: 10
                                vpiStmt SysFuncCall name:$stop start:78:24 end:78:29:
                                  vpiParent: IfStmt
                                  vpiName Identifier name:$stop start:78:24 end:78:29:
                                    vpiParent: SysFuncCall name:$stop
                                    vpiName: "$stop"
                              IfStmt start:79:3 end:79:30:
                                vpiParent: Begin
                                vpiCondition Operation start:79:7 end:79:22:
                                  vpiParent: IfStmt
                                  vpiOpType: case neq (17)
                                  vpiOperand (2 items):
                                    BitSelect name:reg2d[1] start:79:7 end:79:15:
                                      vpiParent: Operation
                                      vpiName: reg2d[1]
                                      vpiFullName: work@t.reg2d[1]
                                      vpiPrefix RefObj name:reg2d start:79:7 end:79:12:
                                        vpiParent: BitSelect name:reg2d[1]
                                        vpiName: reg2d
                                        vpiFullName: work@t.reg2d
                                        vpiActual: Net name:reg2d
                                      vpiIndex Constant start:79:13 end:79:14:
                                        vpiParent: BitSelect name:reg2d[1]
                                        vpiTypespec RefTypespec:
                                          vpiParent: Constant
                                          vpiFullName: work@t.reg2d[1]
                                          vpiActual: IntTypespec
                                        vpiConstType: unsigned int (9)
                                        vpiSize: 64
                                        vpiDecompile: "1"
                                        vpiValue: 1
                                    Constant start:79:20 end:79:22:
                                      vpiParent: Operation
                                      vpiTypespec RefTypespec:
                                        vpiParent: Constant
                                        vpiFullName: work@t
                                        vpiActual: IntTypespec
                                      vpiConstType: unsigned int (9)
                                      vpiSize: 64
                                      vpiDecompile: "11"
                                      vpiValue: 11
                                vpiStmt SysFuncCall name:$stop start:79:24 end:79:29:
                                  vpiParent: IfStmt
                                  vpiName Identifier name:$stop start:79:24 end:79:29:
                                    vpiParent: SysFuncCall name:$stop
                                    vpiName: "$stop"
                              IfStmt start:80:3 end:80:30:
                                vpiParent: Begin
                                vpiCondition Operation start:80:7 end:80:22:
                                  vpiParent: IfStmt
                                  vpiOpType: case neq (17)
                                  vpiOperand (2 items):
                                    BitSelect name:reg2d[6] start:80:7 end:80:15:
                                      vpiParent: Operation
                                      vpiName: reg2d[6]
                                      vpiFullName: work@t.reg2d[6]
                                      vpiPrefix RefObj name:reg2d start:80:7 end:80:12:
                                        vpiParent: BitSelect name:reg2d[6]
                                        vpiName: reg2d
                                        vpiFullName: work@t.reg2d
                                        vpiActual: Net name:reg2d
                                      vpiIndex Constant start:80:13 end:80:14:
                                        vpiParent: BitSelect name:reg2d[6]
                                        vpiTypespec RefTypespec:
                                          vpiParent: Constant
                                          vpiFullName: work@t.reg2d[6]
                                          vpiActual: IntTypespec
                                        vpiConstType: unsigned int (9)
                                        vpiSize: 64
                                        vpiDecompile: "6"
                                        vpiValue: 6
                                    Constant start:80:20 end:80:22:
                                      vpiParent: Operation
                                      vpiTypespec RefTypespec:
                                        vpiParent: Constant
                                        vpiFullName: work@t
                                        vpiActual: IntTypespec
                                      vpiConstType: unsigned int (9)
                                      vpiSize: 64
                                      vpiDecompile: "12"
                                      vpiValue: 12
                                vpiStmt SysFuncCall name:$stop start:80:24 end:80:29:
                                  vpiParent: IfStmt
                                  vpiName Identifier name:$stop start:80:24 end:80:29:
                                    vpiParent: SysFuncCall name:$stop
                                    vpiName: "$stop"
                          vpiElseStmt IfElse start:82:12 end:90:10:
                            vpiParent: IfElse
                            vpiCondition Operation start:82:16 end:82:23:
                              vpiParent: IfElse
                              vpiOpType: equal (14)
                              vpiOperand (2 items):
                                RefObj name:cyc start:82:16 end:82:19:
                                  vpiParent: Operation
                                  vpiName: cyc
                                  vpiFullName: work@t.cyc
                                  vpiActual: Net name:cyc
                                Constant start:82:21 end:82:23:
                                  vpiParent: Operation
                                  vpiTypespec RefTypespec:
                                    vpiParent: Constant
                                    vpiFullName: work@t
                                    vpiActual: IntTypespec
                                  vpiConstType: unsigned int (9)
                                  vpiSize: 64
                                  vpiDecompile: "14"
                                  vpiValue: 14
                            vpiStmt Begin start:82:25 end:86:10:
                              vpiParent: IfElse
                              vpiFullName: work@t
                              vpiStmt (3 items):
                                IfStmt start:83:3 end:83:30:
                                  vpiParent: Begin
                                  vpiCondition Operation start:83:7 end:83:22:
                                    vpiParent: IfStmt
                                    vpiOpType: case neq (17)
                                    vpiOperand (2 items):
                                      BitSelect name:reg2d[0] start:83:7 end:83:15:
                                        vpiParent: Operation
                                        vpiName: reg2d[0]
                                        vpiFullName: work@t.reg2d[0]
                                        vpiPrefix RefObj name:reg2d start:83:7 end:83:12:
                                          vpiParent: BitSelect name:reg2d[0]
                                          vpiName: reg2d
                                          vpiFullName: work@t.reg2d
                                          vpiActual: Net name:reg2d
                                        vpiIndex Constant start:83:13 end:83:14:
                                          vpiParent: BitSelect name:reg2d[0]
                                          vpiTypespec RefTypespec:
                                            vpiParent: Constant
                                            vpiFullName: work@t.reg2d[0]
                                            vpiActual: IntTypespec
                                          vpiConstType: unsigned int (9)
                                          vpiSize: 64
                                          vpiDecompile: "0"
                                          vpiValue: 0
                                      Constant start:83:20 end:83:22:
                                        vpiParent: Operation
                                        vpiTypespec RefTypespec:
                                          vpiParent: Constant
                                          vpiFullName: work@t
                                          vpiActual: IntTypespec
                                        vpiConstType: unsigned int (9)
                                        vpiSize: 64
                                        vpiDecompile: "10"
                                        vpiValue: 10
                                  vpiStmt SysFuncCall name:$stop start:83:24 end:83:29:
                                    vpiParent: IfStmt
                                    vpiName Identifier name:$stop start:83:24 end:83:29:
                                      vpiParent: SysFuncCall name:$stop
                                      vpiName: "$stop"
                                IfStmt start:84:3 end:84:30:
                                  vpiParent: Begin
                                  vpiCondition Operation start:84:7 end:84:22:
                                    vpiParent: IfStmt
                                    vpiOpType: case neq (17)
                                    vpiOperand (2 items):
                                      BitSelect name:reg2d[1] start:84:7 end:84:15:
                                        vpiParent: Operation
                                        vpiName: reg2d[1]
                                        vpiFullName: work@t.reg2d[1]
                                        vpiPrefix RefObj name:reg2d start:84:7 end:84:12:
                                          vpiParent: BitSelect name:reg2d[1]
                                          vpiName: reg2d
                                          vpiFullName: work@t.reg2d
                                          vpiActual: Net name:reg2d
                                        vpiIndex Constant start:84:13 end:84:14:
                                          vpiParent: BitSelect name:reg2d[1]
                                          vpiTypespec RefTypespec:
                                            vpiParent: Constant
                                            vpiFullName: work@t.reg2d[1]
                                            vpiActual: IntTypespec
                                          vpiConstType: unsigned int (9)
                                          vpiSize: 64
                                          vpiDecompile: "1"
                                          vpiValue: 1
                                      Constant start:84:20 end:84:22:
                                        vpiParent: Operation
                                        vpiTypespec RefTypespec:
                                          vpiParent: Constant
                                          vpiFullName: work@t
                                          vpiActual: IntTypespec
                                        vpiConstType: unsigned int (9)
                                        vpiSize: 64
                                        vpiDecompile: "11"
                                        vpiValue: 11
                                  vpiStmt SysFuncCall name:$stop start:84:24 end:84:29:
                                    vpiParent: IfStmt
                                    vpiName Identifier name:$stop start:84:24 end:84:29:
                                      vpiParent: SysFuncCall name:$stop
                                      vpiName: "$stop"
                                IfStmt start:85:3 end:85:30:
                                  vpiParent: Begin
                                  vpiCondition Operation start:85:7 end:85:22:
                                    vpiParent: IfStmt
                                    vpiOpType: case neq (17)
                                    vpiOperand (2 items):
                                      BitSelect name:reg2d[6] start:85:7 end:85:15:
                                        vpiParent: Operation
                                        vpiName: reg2d[6]
                                        vpiFullName: work@t.reg2d[6]
                                        vpiPrefix RefObj name:reg2d start:85:7 end:85:12:
                                          vpiParent: BitSelect name:reg2d[6]
                                          vpiName: reg2d
                                          vpiFullName: work@t.reg2d
                                          vpiActual: Net name:reg2d
                                        vpiIndex Constant start:85:13 end:85:14:
                                          vpiParent: BitSelect name:reg2d[6]
                                          vpiTypespec RefTypespec:
                                            vpiParent: Constant
                                            vpiFullName: work@t.reg2d[6]
                                            vpiActual: IntTypespec
                                          vpiConstType: unsigned int (9)
                                          vpiSize: 64
                                          vpiDecompile: "6"
                                          vpiValue: 6
                                      Constant start:85:20 end:85:22:
                                        vpiParent: Operation
                                        vpiTypespec RefTypespec:
                                          vpiParent: Constant
                                          vpiFullName: work@t
                                          vpiActual: IntTypespec
                                        vpiConstType: unsigned int (9)
                                        vpiSize: 64
                                        vpiDecompile: "12"
                                        vpiValue: 12
                                  vpiStmt SysFuncCall name:$stop start:85:24 end:85:29:
                                    vpiParent: IfStmt
                                    vpiName Identifier name:$stop start:85:24 end:85:29:
                                      vpiParent: SysFuncCall name:$stop
                                      vpiName: "$stop"
                            vpiElseStmt IfStmt start:87:12 end:90:10:
                              vpiParent: IfElse
                              vpiCondition Operation start:87:16 end:87:23:
                                vpiParent: IfStmt
                                vpiOpType: equal (14)
                                vpiOperand (2 items):
                                  RefObj name:cyc start:87:16 end:87:19:
                                    vpiParent: Operation
                                    vpiName: cyc
                                    vpiFullName: work@t.cyc
                                    vpiActual: Net name:cyc
                                  Constant start:87:21 end:87:23:
                                    vpiParent: Operation
                                    vpiTypespec RefTypespec:
                                      vpiParent: Constant
                                      vpiFullName: work@t
                                      vpiActual: IntTypespec
                                    vpiConstType: unsigned int (9)
                                    vpiSize: 64
                                    vpiDecompile: "99"
                                    vpiValue: 99
                              vpiStmt Begin start:87:25 end:90:10:
                                vpiParent: IfStmt
                                vpiFullName: work@t
                                vpiStmt (2 items):
                                  SysFuncCall name:$write start:88:3 end:88:35:
                                    vpiParent: Begin
                                    vpiName Identifier name:$write start:88:3 end:88:9:
                                      vpiParent: SysFuncCall name:$write
                                      vpiName: "$write"
                                    vpiArgument (1 items):
                                      Constant start:88:10 end:88:34:
                                        vpiParent: SysFuncCall name:$write
                                        vpiTypespec RefTypespec:
                                          vpiParent: Constant
                                          vpiFullName: work@t
                                          vpiActual: StringTypespec
                                        vpiConstType: string (6)
                                        vpiSize: 176
                                        vpiDecompile: "\"*-* All Finished *-*\\n\""
                                        vpiValue: *-* All Finished *-*\n
                                  SysFuncCall name:$finish start:89:3 end:89:10:
                                    vpiParent: Begin
                                    vpiName Identifier name:$finish start:89:3 end:89:10:
                                      vpiParent: SysFuncCall name:$finish
                                      vpiName: "$finish"
          vpiAlwaysType: always (1)
  vpiTypespec (3 items):
    ModuleTypespec name:work@t:
      vpiParent: Design name:unnamed
      vpiName Identifier name:work@t start:6:8 end:6:9:
        vpiParent: ModuleTypespec name:work@t
        vpiName: work@t
      vpiModule: Module name:work@t
    IntTypespec:
      vpiParent: Design name:unnamed
      vpiSigned: true
    StringTypespec:
      vpiParent: Design name:unnamed
===================

[  FATAL] : 0
[ SYNTAX] : 0
[  ERROR] : 0
[WARNING] : 0
[   NOTE] : 0

#**#**#**#**#**#**#**#**#**#**#**#**#**#**#**#**#**#**#**#**#**#**#**#**#**#**#**#**#**#**#**#**#**#**#**#**#**#**#**#**

Environment:
      test-name: Verilator/t_select_lhs_oob
   test-dirpath: ${SURELOG_DIR}/regression/Verilator/t_select_lhs_oob
  uhdm-filepath: ${SURELOG_DIR}/regression/Verilator/t_select_lhs_oob/surelog.uhdm
mounts-filepath: ${SURELOG_DIR}/regression/Verilator/t_select_lhs_oob/mounts.json


{'result': {'coverage': 100.0,
            'error_count': 0,
            'file_count': 1,
            'files': {'$Output/lib/work/t_select_lhs_oob.v': {'post_len': 0,
                                                              'pre_len': 1212}},
            'post_len': 0,
            'pre_len': 1212,
            'test_name': 'Verilator/t_select_lhs_oob'}}

+-------------------------------------+----------+-----------+
| INPUT                               |   PRELEN |   POSTLEN |
+=====================================+==========+===========+
| $Output/lib/work/t_select_lhs_oob.v |     1212 |         0 |
+=====================================+==========+===========+
|                                     |     1212 |         0 |
+-------------------------------------+----------+-----------+

[   ERROR] : 0
[COVERAGE] : 100.0


#**#**#**#**#**#**#**#**#**#**#**#**#**#**#**#**#**#**#**#**#**#**#**#**#**#**#**#**#**#**#**#**#**#**#**#**#**#**#**#**

COMMAND: ${SURELOG_DIR}/regression/Verilator/t_select_lhs_oob/surelog.uhdm ${SURELOG_DIR}/regression/Verilator/t_select_lhs_oob/reduced.uhdm

==================== BEGIN REDUCTION RESULT ====================
Name                            Before   After   Added   Removed
----------------------------------------------------------------
Constant                            88      88       8         8
Operation                           41      33       0         8
RefObj                              88      80       0         8
RefTypespec                        104     104       8         8
----------------------------------------------------------------
Others                             180     180       0         0
----------------------------------------------------------------
                                   501     485      16        32
===================== END REDUCTION RESULT =====================
