********************************************************************************
*                   Begin HLC SystemVerilog Compiler/Linter                    *
********************************************************************************
Copyright (c) 2020 Apotell,
http://www.apache.org/licenses/LICENSE-2.0
VERSION: 1.84
COMMAND: -wd ../../../../../../tests/XilinxUnisimLibrary/verilog/src -writepp -nobuiltin -timescale=1ns/1ns glbl.v -d ast -d db unisims/ODELAYE2.v -mt 0 -mp 0 -d dbstats -d cache -d db -nostdout -o ${HLC_DIR}/regression/XilinxUnisimLibrary/verilog/src/unisims/ODELAYE2
[INF:CM0023] Creating log file "$Output/hlc.log".
[INF:PP0122] Preprocessing source file "$Source01/glbl.v".
[INF:PP0122] Preprocessing source file "$Source01/unisims/ODELAYE2.v".
[INF:PA0201] Parsing source file "$Source01/glbl.v".
AST_DEBUG_BEGIN
Count: 869
LIB: work
FILE: f<13>:$Source01/glbl.v
n<$Source01/glbl.v> u<868> t<Top_level_rule> c<1> l<19:1> el<100:1>
  n<> u<1> t<Null_rule> p<868> s<2> l<19:1> el<19:1>
  n<///////////////////////////////////////////////////////////////////////////////> u<2> t<LINE_COMMENT> p<868> s<3> l<1:1> el<1:80>
  n<//    Copyright (c) 2010 Xilinx, Inc.> u<3> t<LINE_COMMENT> p<868> s<4> l<2:1> el<2:38>
  n<// > u<4> t<LINE_COMMENT> p<868> s<5> l<3:1> el<3:4>
  n<//    Licensed under the Apache License, Version 2.0 (the "License");> u<5> t<LINE_COMMENT> p<868> s<6> l<4:1> el<4:70>
  n<//    you may not use this file except in compliance with the License.> u<6> t<LINE_COMMENT> p<868> s<7> l<5:1> el<5:71>
  n<//    You may obtain a copy of the License at> u<7> t<LINE_COMMENT> p<868> s<8> l<6:1> el<6:46>
  n<// > u<8> t<LINE_COMMENT> p<868> s<9> l<7:1> el<7:4>
  n<//        http://www.apache.org/licenses/LICENSE-2.0> u<9> t<LINE_COMMENT> p<868> s<10> l<8:1> el<8:53>
  n<// > u<10> t<LINE_COMMENT> p<868> s<11> l<9:1> el<9:4>
  n<//    Unless required by applicable law or agreed to in writing, software> u<11> t<LINE_COMMENT> p<868> s<12> l<10:1> el<10:74>
  n<//    distributed under the License is distributed on an "AS IS" BASIS,> u<12> t<LINE_COMMENT> p<868> s<13> l<11:1> el<11:72>
  n<//    WITHOUT WARRANTIES OR CONDITIONS OF ANY KIND, either express or implied.> u<13> t<LINE_COMMENT> p<868> s<14> l<12:1> el<12:79>
  n<//    See the License for the specific language governing permissions and> u<14> t<LINE_COMMENT> p<868> s<15> l<13:1> el<13:74>
  n<//    limitations under the License.> u<15> t<LINE_COMMENT> p<868> s<16> l<14:1> el<14:37>
  n<///////////////////////////////////////////////////////////////////////////////> u<16> t<LINE_COMMENT> p<868> s<17> l<15:1> el<15:80>
  n<// $Header: /devl/xcs/repo/env/Databases/CAEInterfaces/verunilibs/data/glbl.v,v 1.14 2010/10/28 20:44:00 fphillip Exp $> u<17> t<LINE_COMMENT> p<868> s<867> l<16:1> el<16:120>
  n<> u<867> t<Source_text> p<868> c<26> l<19:1> el<98:10>
    n<> u<26> t<Description> p<867> c<25> s<866> l<19:1> el<19:24>
      n<> u<25> t<Top_directives> p<26> c<24> l<19:1> el<19:24>
        n<> u<24> t<Timescale_directive> p<25> c<20> l<19:1> el<19:24>
          n<1ps> u<20> t<Time_literal> p<24> c<18> s<23> l<19:13> el<19:17>
            n<1> u<18> t<INTEGRAL_NUMBER> p<20> s<19> l<19:13> el<19:14>
            n<ps> u<19> t<SIMPLE_IDENTIFIER> p<20> l<19:15> el<19:17>
          n<1ps> u<23> t<Time_literal> p<24> c<21> l<19:20> el<19:24>
            n<1> u<21> t<INTEGRAL_NUMBER> p<23> s<22> l<19:20> el<19:21>
            n<ps> u<22> t<SIMPLE_IDENTIFIER> p<23> l<19:22> el<19:24>
    n<> u<866> t<Description> p<867> c<865> l<21:1> el<98:10>
      n<> u<865> t<Module_declaration> p<866> c<31> l<21:1> el<98:10>
        n<> u<31> t<Module_nonansi_header> p<865> c<27> s<48> l<21:1> el<21:16>
          n<module> u<27> t<Module_keyword> p<31> s<28> l<21:1> el<21:7>
          n<glbl> u<28> t<SIMPLE_IDENTIFIER> p<31> s<29> l<21:8> el<21:12>
          n<> u<29> t<Package_import_declaration_list> p<31> s<30> l<21:13> el<21:13>
          n<> u<30> t<Port_list> p<31> l<21:13> el<21:15>
        n<> u<48> t<Module_item> p<865> c<47> s<65> l<23:5> el<23:34>
          n<> u<47> t<Non_port_module_item> p<48> c<46> l<23:5> el<23:34>
            n<> u<46> t<Module_or_generate_item> p<47> c<45> l<23:5> el<23:34>
              n<> u<45> t<Module_common_item> p<46> c<44> l<23:5> el<23:34>
                n<> u<44> t<Module_or_generate_item_declaration> p<45> c<43> l<23:5> el<23:34>
                  n<> u<43> t<Package_or_generate_item_declaration> p<44> c<42> l<23:5> el<23:34>
                    n<> u<42> t<Parameter_declaration> p<43> c<32> l<23:5> el<23:33>
                      n<> u<32> t<Data_type_or_implicit> p<42> s<41> l<23:15> el<23:15>
                      n<> u<41> t<Param_assignment_list> p<42> c<40> l<23:15> el<23:33>
                        n<> u<40> t<Param_assignment> p<41> c<33> l<23:15> el<23:33>
                          n<ROC_WIDTH> u<33> t<SIMPLE_IDENTIFIER> p<40> s<39> l<23:15> el<23:24>
                          n<> u<39> t<Constant_param_expression> p<40> c<38> l<23:27> el<23:33>
                            n<> u<38> t<Constant_mintypmax_expression> p<39> c<37> l<23:27> el<23:33>
                              n<> u<37> t<Constant_expression> p<38> c<36> l<23:27> el<23:33>
                                n<> u<36> t<Constant_primary> p<37> c<35> l<23:27> el<23:33>
                                  n<> u<35> t<Primary_literal> p<36> c<34> l<23:27> el<23:33>
                                    n<100000> u<34> t<INTEGRAL_NUMBER> p<35> l<23:27> el<23:33>
        n<> u<65> t<Module_item> p<865> c<64> s<82> l<24:5> el<24:29>
          n<> u<64> t<Non_port_module_item> p<65> c<63> l<24:5> el<24:29>
            n<> u<63> t<Module_or_generate_item> p<64> c<62> l<24:5> el<24:29>
              n<> u<62> t<Module_common_item> p<63> c<61> l<24:5> el<24:29>
                n<> u<61> t<Module_or_generate_item_declaration> p<62> c<60> l<24:5> el<24:29>
                  n<> u<60> t<Package_or_generate_item_declaration> p<61> c<59> l<24:5> el<24:29>
                    n<> u<59> t<Parameter_declaration> p<60> c<49> l<24:5> el<24:28>
                      n<> u<49> t<Data_type_or_implicit> p<59> s<58> l<24:15> el<24:15>
                      n<> u<58> t<Param_assignment_list> p<59> c<57> l<24:15> el<24:28>
                        n<> u<57> t<Param_assignment> p<58> c<50> l<24:15> el<24:28>
                          n<TOC_WIDTH> u<50> t<SIMPLE_IDENTIFIER> p<57> s<56> l<24:15> el<24:24>
                          n<> u<56> t<Constant_param_expression> p<57> c<55> l<24:27> el<24:28>
                            n<> u<55> t<Constant_mintypmax_expression> p<56> c<54> l<24:27> el<24:28>
                              n<> u<54> t<Constant_expression> p<55> c<53> l<24:27> el<24:28>
                                n<> u<53> t<Constant_primary> p<54> c<52> l<24:27> el<24:28>
                                  n<> u<52> t<Primary_literal> p<53> c<51> l<24:27> el<24:28>
                                    n<0> u<51> t<INTEGRAL_NUMBER> p<52> l<24:27> el<24:28>
        n<> u<82> t<Module_item> p<865> c<81> s<99> l<25:5> el<25:34>
          n<> u<81> t<Non_port_module_item> p<82> c<80> l<25:5> el<25:34>
            n<> u<80> t<Module_or_generate_item> p<81> c<79> l<25:5> el<25:34>
              n<> u<79> t<Module_common_item> p<80> c<78> l<25:5> el<25:34>
                n<> u<78> t<Module_or_generate_item_declaration> p<79> c<77> l<25:5> el<25:34>
                  n<> u<77> t<Package_or_generate_item_declaration> p<78> c<76> l<25:5> el<25:34>
                    n<> u<76> t<Parameter_declaration> p<77> c<66> l<25:5> el<25:33>
                      n<> u<66> t<Data_type_or_implicit> p<76> s<75> l<25:15> el<25:15>
                      n<> u<75> t<Param_assignment_list> p<76> c<74> l<25:15> el<25:33>
                        n<> u<74> t<Param_assignment> p<75> c<67> l<25:15> el<25:33>
                          n<GRES_WIDTH> u<67> t<SIMPLE_IDENTIFIER> p<74> s<73> l<25:15> el<25:25>
                          n<> u<73> t<Constant_param_expression> p<74> c<72> l<25:28> el<25:33>
                            n<> u<72> t<Constant_mintypmax_expression> p<73> c<71> l<25:28> el<25:33>
                              n<> u<71> t<Constant_expression> p<72> c<70> l<25:28> el<25:33>
                                n<> u<70> t<Constant_primary> p<71> c<69> l<25:28> el<25:33>
                                  n<> u<69> t<Primary_literal> p<70> c<68> l<25:28> el<25:33>
                                    n<10000> u<68> t<INTEGRAL_NUMBER> p<69> l<25:28> el<25:33>
        n<> u<99> t<Module_item> p<865> c<98> s<100> l<26:5> el<26:34>
          n<> u<98> t<Non_port_module_item> p<99> c<97> l<26:5> el<26:34>
            n<> u<97> t<Module_or_generate_item> p<98> c<96> l<26:5> el<26:34>
              n<> u<96> t<Module_common_item> p<97> c<95> l<26:5> el<26:34>
                n<> u<95> t<Module_or_generate_item_declaration> p<96> c<94> l<26:5> el<26:34>
                  n<> u<94> t<Package_or_generate_item_declaration> p<95> c<93> l<26:5> el<26:34>
                    n<> u<93> t<Parameter_declaration> p<94> c<83> l<26:5> el<26:33>
                      n<> u<83> t<Data_type_or_implicit> p<93> s<92> l<26:15> el<26:15>
                      n<> u<92> t<Param_assignment_list> p<93> c<91> l<26:15> el<26:33>
                        n<> u<91> t<Param_assignment> p<92> c<84> l<26:15> el<26:33>
                          n<GRES_START> u<84> t<SIMPLE_IDENTIFIER> p<91> s<90> l<26:15> el<26:25>
                          n<> u<90> t<Constant_param_expression> p<91> c<89> l<26:28> el<26:33>
                            n<> u<89> t<Constant_mintypmax_expression> p<90> c<88> l<26:28> el<26:33>
                              n<> u<88> t<Constant_expression> p<89> c<87> l<26:28> el<26:33>
                                n<> u<87> t<Constant_primary> p<88> c<86> l<26:28> el<26:33>
                                  n<> u<86> t<Primary_literal> p<87> c<85> l<26:28> el<26:33>
                                    n<10000> u<85> t<INTEGRAL_NUMBER> p<86> l<26:28> el<26:33>
        n<//--------   STARTUP Globals --------------> u<100> t<LINE_COMMENT> p<865> s<112> l<28:1> el<28:44>
        n<> u<112> t<Module_item> p<865> c<111> s<124> l<29:5> el<29:14>
          n<> u<111> t<Non_port_module_item> p<112> c<110> l<29:5> el<29:14>
            n<> u<110> t<Module_or_generate_item> p<111> c<109> l<29:5> el<29:14>
              n<> u<109> t<Module_common_item> p<110> c<108> l<29:5> el<29:14>
                n<> u<108> t<Module_or_generate_item_declaration> p<109> c<107> l<29:5> el<29:14>
                  n<> u<107> t<Package_or_generate_item_declaration> p<108> c<106> l<29:5> el<29:14>
                    n<> u<106> t<Net_declaration> p<107> c<101> l<29:5> el<29:14>
                      n<> u<101> t<WIRE> p<106> s<102> l<29:5> el<29:9>
                      n<> u<102> t<Data_type_or_implicit> p<106> s<105> l<29:10> el<29:10>
                      n<> u<105> t<Net_decl_assignment_list> p<106> c<104> l<29:10> el<29:13>
                        n<> u<104> t<Net_decl_assignment> p<105> c<103> l<29:10> el<29:13>
                          n<GSR> u<103> t<SIMPLE_IDENTIFIER> p<104> l<29:10> el<29:13>
        n<> u<124> t<Module_item> p<865> c<123> s<136> l<30:5> el<30:14>
          n<> u<123> t<Non_port_module_item> p<124> c<122> l<30:5> el<30:14>
            n<> u<122> t<Module_or_generate_item> p<123> c<121> l<30:5> el<30:14>
              n<> u<121> t<Module_common_item> p<122> c<120> l<30:5> el<30:14>
                n<> u<120> t<Module_or_generate_item_declaration> p<121> c<119> l<30:5> el<30:14>
                  n<> u<119> t<Package_or_generate_item_declaration> p<120> c<118> l<30:5> el<30:14>
                    n<> u<118> t<Net_declaration> p<119> c<113> l<30:5> el<30:14>
                      n<> u<113> t<WIRE> p<118> s<114> l<30:5> el<30:9>
                      n<> u<114> t<Data_type_or_implicit> p<118> s<117> l<30:10> el<30:10>
                      n<> u<117> t<Net_decl_assignment_list> p<118> c<116> l<30:10> el<30:13>
                        n<> u<116> t<Net_decl_assignment> p<117> c<115> l<30:10> el<30:13>
                          n<GTS> u<115> t<SIMPLE_IDENTIFIER> p<116> l<30:10> el<30:13>
        n<> u<136> t<Module_item> p<865> c<135> s<148> l<31:5> el<31:14>
          n<> u<135> t<Non_port_module_item> p<136> c<134> l<31:5> el<31:14>
            n<> u<134> t<Module_or_generate_item> p<135> c<133> l<31:5> el<31:14>
              n<> u<133> t<Module_common_item> p<134> c<132> l<31:5> el<31:14>
                n<> u<132> t<Module_or_generate_item_declaration> p<133> c<131> l<31:5> el<31:14>
                  n<> u<131> t<Package_or_generate_item_declaration> p<132> c<130> l<31:5> el<31:14>
                    n<> u<130> t<Net_declaration> p<131> c<125> l<31:5> el<31:14>
                      n<> u<125> t<WIRE> p<130> s<126> l<31:5> el<31:9>
                      n<> u<126> t<Data_type_or_implicit> p<130> s<129> l<31:10> el<31:10>
                      n<> u<129> t<Net_decl_assignment_list> p<130> c<128> l<31:10> el<31:13>
                        n<> u<128> t<Net_decl_assignment> p<129> c<127> l<31:10> el<31:13>
                          n<GWE> u<127> t<SIMPLE_IDENTIFIER> p<128> l<31:10> el<31:13>
        n<> u<148> t<Module_item> p<865> c<147> s<160> l<32:5> el<32:15>
          n<> u<147> t<Non_port_module_item> p<148> c<146> l<32:5> el<32:15>
            n<> u<146> t<Module_or_generate_item> p<147> c<145> l<32:5> el<32:15>
              n<> u<145> t<Module_common_item> p<146> c<144> l<32:5> el<32:15>
                n<> u<144> t<Module_or_generate_item_declaration> p<145> c<143> l<32:5> el<32:15>
                  n<> u<143> t<Package_or_generate_item_declaration> p<144> c<142> l<32:5> el<32:15>
                    n<> u<142> t<Net_declaration> p<143> c<137> l<32:5> el<32:15>
                      n<> u<137> t<WIRE> p<142> s<138> l<32:5> el<32:9>
                      n<> u<138> t<Data_type_or_implicit> p<142> s<141> l<32:10> el<32:10>
                      n<> u<141> t<Net_decl_assignment_list> p<142> c<140> l<32:10> el<32:14>
                        n<> u<140> t<Net_decl_assignment> p<141> c<139> l<32:10> el<32:14>
                          n<PRLD> u<139> t<SIMPLE_IDENTIFIER> p<140> l<32:10> el<32:14>
        n<> u<160> t<Module_item> p<865> c<159> s<172> l<33:5> el<33:19>
          n<> u<159> t<Non_port_module_item> p<160> c<158> l<33:5> el<33:19>
            n<> u<158> t<Module_or_generate_item> p<159> c<157> l<33:5> el<33:19>
              n<> u<157> t<Module_common_item> p<158> c<156> l<33:5> el<33:19>
                n<> u<156> t<Module_or_generate_item_declaration> p<157> c<155> l<33:5> el<33:19>
                  n<> u<155> t<Package_or_generate_item_declaration> p<156> c<154> l<33:5> el<33:19>
                    n<> u<154> t<Net_declaration> p<155> c<149> l<33:5> el<33:19>
                      n<> u<149> t<WIRE> p<154> s<150> l<33:5> el<33:9>
                      n<> u<150> t<Data_type_or_implicit> p<154> s<153> l<33:10> el<33:10>
                      n<> u<153> t<Net_decl_assignment_list> p<154> c<152> l<33:10> el<33:18>
                        n<> u<152> t<Net_decl_assignment> p<153> c<151> l<33:10> el<33:18>
                          n<GRESTORE> u<151> t<SIMPLE_IDENTIFIER> p<152> l<33:10> el<33:18>
        n<> u<172> t<Module_item> p<865> c<171> s<191> l<34:5> el<34:19>
          n<> u<171> t<Non_port_module_item> p<172> c<170> l<34:5> el<34:19>
            n<> u<170> t<Module_or_generate_item> p<171> c<169> l<34:5> el<34:19>
              n<> u<169> t<Module_common_item> p<170> c<168> l<34:5> el<34:19>
                n<> u<168> t<Module_or_generate_item_declaration> p<169> c<167> l<34:5> el<34:19>
                  n<> u<167> t<Package_or_generate_item_declaration> p<168> c<166> l<34:5> el<34:19>
                    n<> u<166> t<Net_declaration> p<167> c<161> l<34:5> el<34:19>
                      n<> u<161> t<TRI1> p<166> s<162> l<34:5> el<34:9>
                      n<> u<162> t<Data_type_or_implicit> p<166> s<165> l<34:10> el<34:10>
                      n<> u<165> t<Net_decl_assignment_list> p<166> c<164> l<34:10> el<34:18>
                        n<> u<164> t<Net_decl_assignment> p<165> c<163> l<34:10> el<34:18>
                          n<p_up_tmp> u<163> t<SIMPLE_IDENTIFIER> p<164> l<34:10> el<34:18>
        n<> u<191> t<Module_item> p<865> c<190> s<203> l<35:5> el<35:47>
          n<> u<190> t<Non_port_module_item> p<191> c<189> l<35:5> el<35:47>
            n<> u<189> t<Module_or_generate_item> p<190> c<188> l<35:5> el<35:47>
              n<> u<188> t<Module_common_item> p<189> c<187> l<35:5> el<35:47>
                n<> u<187> t<Module_or_generate_item_declaration> p<188> c<186> l<35:5> el<35:47>
                  n<> u<186> t<Package_or_generate_item_declaration> p<187> c<185> l<35:5> el<35:47>
                    n<> u<185> t<Net_declaration> p<186> c<173> l<35:5> el<35:47>
                      n<> u<173> t<TRI> p<185> s<176> l<35:5> el<35:8>
                      n<> u<176> t<Drive_strength> p<185> c<175> s<177> l<35:9> el<35:25>
                        n<> u<175> t<WEAK1> p<176> s<174> l<35:10> el<35:15>
                        n<> u<174> t<STRONG0> p<176> l<35:17> el<35:24>
                      n<> u<177> t<Data_type_or_implicit> p<185> s<184> l<35:26> el<35:26>
                      n<> u<184> t<Net_decl_assignment_list> p<185> c<183> l<35:26> el<35:46>
                        n<> u<183> t<Net_decl_assignment> p<184> c<178> l<35:26> el<35:46>
                          n<PLL_LOCKG> u<178> t<SIMPLE_IDENTIFIER> p<183> s<182> l<35:26> el<35:35>
                          n<> u<182> t<Expression> p<183> c<181> l<35:38> el<35:46>
                            n<> u<181> t<Primary> p<182> c<180> l<35:38> el<35:46>
                              n<> u<180> t<Primary_literal> p<181> c<179> l<35:38> el<35:46>
                                n<p_up_tmp> u<179> t<SIMPLE_IDENTIFIER> p<180> l<35:38> el<35:46>
        n<> u<203> t<Module_item> p<865> c<202> s<215> l<37:5> el<37:21>
          n<> u<202> t<Non_port_module_item> p<203> c<201> l<37:5> el<37:21>
            n<> u<201> t<Module_or_generate_item> p<202> c<200> l<37:5> el<37:21>
              n<> u<200> t<Module_common_item> p<201> c<199> l<37:5> el<37:21>
                n<> u<199> t<Module_or_generate_item_declaration> p<200> c<198> l<37:5> el<37:21>
                  n<> u<198> t<Package_or_generate_item_declaration> p<199> c<197> l<37:5> el<37:21>
                    n<> u<197> t<Net_declaration> p<198> c<192> l<37:5> el<37:21>
                      n<> u<192> t<WIRE> p<197> s<193> l<37:5> el<37:9>
                      n<> u<193> t<Data_type_or_implicit> p<197> s<196> l<37:10> el<37:10>
                      n<> u<196> t<Net_decl_assignment_list> p<197> c<195> l<37:10> el<37:20>
                        n<> u<195> t<Net_decl_assignment> p<196> c<194> l<37:10> el<37:20>
                          n<PROGB_GLBL> u<194> t<SIMPLE_IDENTIFIER> p<195> l<37:10> el<37:20>
        n<> u<215> t<Module_item> p<865> c<214> s<227> l<38:5> el<38:21>
          n<> u<214> t<Non_port_module_item> p<215> c<213> l<38:5> el<38:21>
            n<> u<213> t<Module_or_generate_item> p<214> c<212> l<38:5> el<38:21>
              n<> u<212> t<Module_common_item> p<213> c<211> l<38:5> el<38:21>
                n<> u<211> t<Module_or_generate_item_declaration> p<212> c<210> l<38:5> el<38:21>
                  n<> u<210> t<Package_or_generate_item_declaration> p<211> c<209> l<38:5> el<38:21>
                    n<> u<209> t<Net_declaration> p<210> c<204> l<38:5> el<38:21>
                      n<> u<204> t<WIRE> p<209> s<205> l<38:5> el<38:9>
                      n<> u<205> t<Data_type_or_implicit> p<209> s<208> l<38:10> el<38:10>
                      n<> u<208> t<Net_decl_assignment_list> p<209> c<207> l<38:10> el<38:20>
                        n<> u<207> t<Net_decl_assignment> p<208> c<206> l<38:10> el<38:20>
                          n<CCLKO_GLBL> u<206> t<SIMPLE_IDENTIFIER> p<207> l<38:10> el<38:20>
        n<> u<227> t<Module_item> p<865> c<226> s<249> l<39:5> el<39:21>
          n<> u<226> t<Non_port_module_item> p<227> c<225> l<39:5> el<39:21>
            n<> u<225> t<Module_or_generate_item> p<226> c<224> l<39:5> el<39:21>
              n<> u<224> t<Module_common_item> p<225> c<223> l<39:5> el<39:21>
                n<> u<223> t<Module_or_generate_item_declaration> p<224> c<222> l<39:5> el<39:21>
                  n<> u<222> t<Package_or_generate_item_declaration> p<223> c<221> l<39:5> el<39:21>
                    n<> u<221> t<Net_declaration> p<222> c<216> l<39:5> el<39:21>
                      n<> u<216> t<WIRE> p<221> s<217> l<39:5> el<39:9>
                      n<> u<217> t<Data_type_or_implicit> p<221> s<220> l<39:10> el<39:10>
                      n<> u<220> t<Net_decl_assignment_list> p<221> c<219> l<39:10> el<39:20>
                        n<> u<219> t<Net_decl_assignment> p<220> c<218> l<39:10> el<39:20>
                          n<FCSBO_GLBL> u<218> t<SIMPLE_IDENTIFIER> p<219> l<39:10> el<39:20>
        n<> u<249> t<Module_item> p<865> c<248> s<271> l<40:5> el<40:24>
          n<> u<248> t<Non_port_module_item> p<249> c<247> l<40:5> el<40:24>
            n<> u<247> t<Module_or_generate_item> p<248> c<246> l<40:5> el<40:24>
              n<> u<246> t<Module_common_item> p<247> c<245> l<40:5> el<40:24>
                n<> u<245> t<Module_or_generate_item_declaration> p<246> c<244> l<40:5> el<40:24>
                  n<> u<244> t<Package_or_generate_item_declaration> p<245> c<243> l<40:5> el<40:24>
                    n<> u<243> t<Net_declaration> p<244> c<228> l<40:5> el<40:24>
                      n<> u<228> t<WIRE> p<243> s<239> l<40:5> el<40:9>
                      n<> u<239> t<Data_type_or_implicit> p<243> c<238> s<242> l<40:10> el<40:15>
                        n<> u<238> t<Packed_dimension> p<239> c<237> l<40:10> el<40:15>
                          n<> u<237> t<Constant_range> p<238> c<232> l<40:11> el<40:14>
                            n<> u<232> t<Constant_expression> p<237> c<231> s<236> l<40:11> el<40:12>
                              n<> u<231> t<Constant_primary> p<232> c<230> l<40:11> el<40:12>
                                n<> u<230> t<Primary_literal> p<231> c<229> l<40:11> el<40:12>
                                  n<3> u<229> t<INTEGRAL_NUMBER> p<230> l<40:11> el<40:12>
                            n<> u<236> t<Constant_expression> p<237> c<235> l<40:13> el<40:14>
                              n<> u<235> t<Constant_primary> p<236> c<234> l<40:13> el<40:14>
                                n<> u<234> t<Primary_literal> p<235> c<233> l<40:13> el<40:14>
                                  n<0> u<233> t<INTEGRAL_NUMBER> p<234> l<40:13> el<40:14>
                      n<> u<242> t<Net_decl_assignment_list> p<243> c<241> l<40:16> el<40:23>
                        n<> u<241> t<Net_decl_assignment> p<242> c<240> l<40:16> el<40:23>
                          n<DO_GLBL> u<240> t<SIMPLE_IDENTIFIER> p<241> l<40:16> el<40:23>
        n<> u<271> t<Module_item> p<865> c<270> s<284> l<41:5> el<41:24>
          n<> u<270> t<Non_port_module_item> p<271> c<269> l<41:5> el<41:24>
            n<> u<269> t<Module_or_generate_item> p<270> c<268> l<41:5> el<41:24>
              n<> u<268> t<Module_common_item> p<269> c<267> l<41:5> el<41:24>
                n<> u<267> t<Module_or_generate_item_declaration> p<268> c<266> l<41:5> el<41:24>
                  n<> u<266> t<Package_or_generate_item_declaration> p<267> c<265> l<41:5> el<41:24>
                    n<> u<265> t<Net_declaration> p<266> c<250> l<41:5> el<41:24>
                      n<> u<250> t<WIRE> p<265> s<261> l<41:5> el<41:9>
                      n<> u<261> t<Data_type_or_implicit> p<265> c<260> s<264> l<41:10> el<41:15>
                        n<> u<260> t<Packed_dimension> p<261> c<259> l<41:10> el<41:15>
                          n<> u<259> t<Constant_range> p<260> c<254> l<41:11> el<41:14>
                            n<> u<254> t<Constant_expression> p<259> c<253> s<258> l<41:11> el<41:12>
                              n<> u<253> t<Constant_primary> p<254> c<252> l<41:11> el<41:12>
                                n<> u<252> t<Primary_literal> p<253> c<251> l<41:11> el<41:12>
                                  n<3> u<251> t<INTEGRAL_NUMBER> p<252> l<41:11> el<41:12>
                            n<> u<258> t<Constant_expression> p<259> c<257> l<41:13> el<41:14>
                              n<> u<257> t<Constant_primary> p<258> c<256> l<41:13> el<41:14>
                                n<> u<256> t<Primary_literal> p<257> c<255> l<41:13> el<41:14>
                                  n<0> u<255> t<INTEGRAL_NUMBER> p<256> l<41:13> el<41:14>
                      n<> u<264> t<Net_decl_assignment_list> p<265> c<263> l<41:16> el<41:23>
                        n<> u<263> t<Net_decl_assignment> p<264> c<262> l<41:16> el<41:23>
                          n<DI_GLBL> u<262> t<SIMPLE_IDENTIFIER> p<263> l<41:16> el<41:23>
        n<> u<284> t<Module_item> p<865> c<283> s<297> l<43:5> el<43:17>
          n<> u<283> t<Non_port_module_item> p<284> c<282> l<43:5> el<43:17>
            n<> u<282> t<Module_or_generate_item> p<283> c<281> l<43:5> el<43:17>
              n<> u<281> t<Module_common_item> p<282> c<280> l<43:5> el<43:17>
                n<> u<280> t<Module_or_generate_item_declaration> p<281> c<279> l<43:5> el<43:17>
                  n<> u<279> t<Package_or_generate_item_declaration> p<280> c<278> l<43:5> el<43:17>
                    n<> u<278> t<Data_declaration> p<279> c<277> l<43:5> el<43:17>
                      n<> u<277> t<Variable_declaration> p<278> c<273> l<43:5> el<43:17>
                        n<> u<273> t<Data_type> p<277> c<272> s<276> l<43:5> el<43:8>
                          n<> u<272> t<REG> p<273> l<43:5> el<43:8>
                        n<> u<276> t<Variable_decl_assignment_list> p<277> c<275> l<43:9> el<43:16>
                          n<> u<275> t<Variable_decl_assignment> p<276> c<274> l<43:9> el<43:16>
                            n<GSR_int> u<274> t<SIMPLE_IDENTIFIER> p<275> l<43:9> el<43:16>
        n<> u<297> t<Module_item> p<865> c<296> s<310> l<44:5> el<44:17>
          n<> u<296> t<Non_port_module_item> p<297> c<295> l<44:5> el<44:17>
            n<> u<295> t<Module_or_generate_item> p<296> c<294> l<44:5> el<44:17>
              n<> u<294> t<Module_common_item> p<295> c<293> l<44:5> el<44:17>
                n<> u<293> t<Module_or_generate_item_declaration> p<294> c<292> l<44:5> el<44:17>
                  n<> u<292> t<Package_or_generate_item_declaration> p<293> c<291> l<44:5> el<44:17>
                    n<> u<291> t<Data_declaration> p<292> c<290> l<44:5> el<44:17>
                      n<> u<290> t<Variable_declaration> p<291> c<286> l<44:5> el<44:17>
                        n<> u<286> t<Data_type> p<290> c<285> s<289> l<44:5> el<44:8>
                          n<> u<285> t<REG> p<286> l<44:5> el<44:8>
                        n<> u<289> t<Variable_decl_assignment_list> p<290> c<288> l<44:9> el<44:16>
                          n<> u<288> t<Variable_decl_assignment> p<289> c<287> l<44:9> el<44:16>
                            n<GTS_int> u<287> t<SIMPLE_IDENTIFIER> p<288> l<44:9> el<44:16>
        n<> u<310> t<Module_item> p<865> c<309> s<323> l<45:5> el<45:18>
          n<> u<309> t<Non_port_module_item> p<310> c<308> l<45:5> el<45:18>
            n<> u<308> t<Module_or_generate_item> p<309> c<307> l<45:5> el<45:18>
              n<> u<307> t<Module_common_item> p<308> c<306> l<45:5> el<45:18>
                n<> u<306> t<Module_or_generate_item_declaration> p<307> c<305> l<45:5> el<45:18>
                  n<> u<305> t<Package_or_generate_item_declaration> p<306> c<304> l<45:5> el<45:18>
                    n<> u<304> t<Data_declaration> p<305> c<303> l<45:5> el<45:18>
                      n<> u<303> t<Variable_declaration> p<304> c<299> l<45:5> el<45:18>
                        n<> u<299> t<Data_type> p<303> c<298> s<302> l<45:5> el<45:8>
                          n<> u<298> t<REG> p<299> l<45:5> el<45:8>
                        n<> u<302> t<Variable_decl_assignment_list> p<303> c<301> l<45:9> el<45:17>
                          n<> u<301> t<Variable_decl_assignment> p<302> c<300> l<45:9> el<45:17>
                            n<PRLD_int> u<300> t<SIMPLE_IDENTIFIER> p<301> l<45:9> el<45:17>
        n<> u<323> t<Module_item> p<865> c<322> s<324> l<46:5> el<46:22>
          n<> u<322> t<Non_port_module_item> p<323> c<321> l<46:5> el<46:22>
            n<> u<321> t<Module_or_generate_item> p<322> c<320> l<46:5> el<46:22>
              n<> u<320> t<Module_common_item> p<321> c<319> l<46:5> el<46:22>
                n<> u<319> t<Module_or_generate_item_declaration> p<320> c<318> l<46:5> el<46:22>
                  n<> u<318> t<Package_or_generate_item_declaration> p<319> c<317> l<46:5> el<46:22>
                    n<> u<317> t<Data_declaration> p<318> c<316> l<46:5> el<46:22>
                      n<> u<316> t<Variable_declaration> p<317> c<312> l<46:5> el<46:22>
                        n<> u<312> t<Data_type> p<316> c<311> s<315> l<46:5> el<46:8>
                          n<> u<311> t<REG> p<312> l<46:5> el<46:8>
                        n<> u<315> t<Variable_decl_assignment_list> p<316> c<314> l<46:9> el<46:21>
                          n<> u<314> t<Variable_decl_assignment> p<315> c<313> l<46:9> el<46:21>
                            n<GRESTORE_int> u<313> t<SIMPLE_IDENTIFIER> p<314> l<46:9> el<46:21>
        n<//--------   JTAG Globals --------------> u<324> t<LINE_COMMENT> p<865> s<336> l<48:1> el<48:41>
        n<> u<336> t<Module_item> p<865> c<335> s<348> l<49:5> el<49:24>
          n<> u<335> t<Non_port_module_item> p<336> c<334> l<49:5> el<49:24>
            n<> u<334> t<Module_or_generate_item> p<335> c<333> l<49:5> el<49:24>
              n<> u<333> t<Module_common_item> p<334> c<332> l<49:5> el<49:24>
                n<> u<332> t<Module_or_generate_item_declaration> p<333> c<331> l<49:5> el<49:24>
                  n<> u<331> t<Package_or_generate_item_declaration> p<332> c<330> l<49:5> el<49:24>
                    n<> u<330> t<Net_declaration> p<331> c<325> l<49:5> el<49:24>
                      n<> u<325> t<WIRE> p<330> s<326> l<49:5> el<49:9>
                      n<> u<326> t<Data_type_or_implicit> p<330> s<329> l<49:10> el<49:10>
                      n<> u<329> t<Net_decl_assignment_list> p<330> c<328> l<49:10> el<49:23>
                        n<> u<328> t<Net_decl_assignment> p<329> c<327> l<49:10> el<49:23>
                          n<JTAG_TDO_GLBL> u<327> t<SIMPLE_IDENTIFIER> p<328> l<49:10> el<49:23>
        n<> u<348> t<Module_item> p<865> c<347> s<360> l<50:5> el<50:24>
          n<> u<347> t<Non_port_module_item> p<348> c<346> l<50:5> el<50:24>
            n<> u<346> t<Module_or_generate_item> p<347> c<345> l<50:5> el<50:24>
              n<> u<345> t<Module_common_item> p<346> c<344> l<50:5> el<50:24>
                n<> u<344> t<Module_or_generate_item_declaration> p<345> c<343> l<50:5> el<50:24>
                  n<> u<343> t<Package_or_generate_item_declaration> p<344> c<342> l<50:5> el<50:24>
                    n<> u<342> t<Net_declaration> p<343> c<337> l<50:5> el<50:24>
                      n<> u<337> t<WIRE> p<342> s<338> l<50:5> el<50:9>
                      n<> u<338> t<Data_type_or_implicit> p<342> s<341> l<50:10> el<50:10>
                      n<> u<341> t<Net_decl_assignment_list> p<342> c<340> l<50:10> el<50:23>
                        n<> u<340> t<Net_decl_assignment> p<341> c<339> l<50:10> el<50:23>
                          n<JTAG_TCK_GLBL> u<339> t<SIMPLE_IDENTIFIER> p<340> l<50:10> el<50:23>
        n<> u<360> t<Module_item> p<865> c<359> s<372> l<51:5> el<51:24>
          n<> u<359> t<Non_port_module_item> p<360> c<358> l<51:5> el<51:24>
            n<> u<358> t<Module_or_generate_item> p<359> c<357> l<51:5> el<51:24>
              n<> u<357> t<Module_common_item> p<358> c<356> l<51:5> el<51:24>
                n<> u<356> t<Module_or_generate_item_declaration> p<357> c<355> l<51:5> el<51:24>
                  n<> u<355> t<Package_or_generate_item_declaration> p<356> c<354> l<51:5> el<51:24>
                    n<> u<354> t<Net_declaration> p<355> c<349> l<51:5> el<51:24>
                      n<> u<349> t<WIRE> p<354> s<350> l<51:5> el<51:9>
                      n<> u<350> t<Data_type_or_implicit> p<354> s<353> l<51:10> el<51:10>
                      n<> u<353> t<Net_decl_assignment_list> p<354> c<352> l<51:10> el<51:23>
                        n<> u<352> t<Net_decl_assignment> p<353> c<351> l<51:10> el<51:23>
                          n<JTAG_TDI_GLBL> u<351> t<SIMPLE_IDENTIFIER> p<352> l<51:10> el<51:23>
        n<> u<372> t<Module_item> p<865> c<371> s<384> l<52:5> el<52:24>
          n<> u<371> t<Non_port_module_item> p<372> c<370> l<52:5> el<52:24>
            n<> u<370> t<Module_or_generate_item> p<371> c<369> l<52:5> el<52:24>
              n<> u<369> t<Module_common_item> p<370> c<368> l<52:5> el<52:24>
                n<> u<368> t<Module_or_generate_item_declaration> p<369> c<367> l<52:5> el<52:24>
                  n<> u<367> t<Package_or_generate_item_declaration> p<368> c<366> l<52:5> el<52:24>
                    n<> u<366> t<Net_declaration> p<367> c<361> l<52:5> el<52:24>
                      n<> u<361> t<WIRE> p<366> s<362> l<52:5> el<52:9>
                      n<> u<362> t<Data_type_or_implicit> p<366> s<365> l<52:10> el<52:10>
                      n<> u<365> t<Net_decl_assignment_list> p<366> c<364> l<52:10> el<52:23>
                        n<> u<364> t<Net_decl_assignment> p<365> c<363> l<52:10> el<52:23>
                          n<JTAG_TMS_GLBL> u<363> t<SIMPLE_IDENTIFIER> p<364> l<52:10> el<52:23>
        n<> u<384> t<Module_item> p<865> c<383> s<397> l<53:5> el<53:25>
          n<> u<383> t<Non_port_module_item> p<384> c<382> l<53:5> el<53:25>
            n<> u<382> t<Module_or_generate_item> p<383> c<381> l<53:5> el<53:25>
              n<> u<381> t<Module_common_item> p<382> c<380> l<53:5> el<53:25>
                n<> u<380> t<Module_or_generate_item_declaration> p<381> c<379> l<53:5> el<53:25>
                  n<> u<379> t<Package_or_generate_item_declaration> p<380> c<378> l<53:5> el<53:25>
                    n<> u<378> t<Net_declaration> p<379> c<373> l<53:5> el<53:25>
                      n<> u<373> t<WIRE> p<378> s<374> l<53:5> el<53:9>
                      n<> u<374> t<Data_type_or_implicit> p<378> s<377> l<53:10> el<53:10>
                      n<> u<377> t<Net_decl_assignment_list> p<378> c<376> l<53:10> el<53:24>
                        n<> u<376> t<Net_decl_assignment> p<377> c<375> l<53:10> el<53:24>
                          n<JTAG_TRST_GLBL> u<375> t<SIMPLE_IDENTIFIER> p<376> l<53:10> el<53:24>
        n<> u<397> t<Module_item> p<865> c<396> s<410> l<55:5> el<55:27>
          n<> u<396> t<Non_port_module_item> p<397> c<395> l<55:5> el<55:27>
            n<> u<395> t<Module_or_generate_item> p<396> c<394> l<55:5> el<55:27>
              n<> u<394> t<Module_common_item> p<395> c<393> l<55:5> el<55:27>
                n<> u<393> t<Module_or_generate_item_declaration> p<394> c<392> l<55:5> el<55:27>
                  n<> u<392> t<Package_or_generate_item_declaration> p<393> c<391> l<55:5> el<55:27>
                    n<> u<391> t<Data_declaration> p<392> c<390> l<55:5> el<55:27>
                      n<> u<390> t<Variable_declaration> p<391> c<386> l<55:5> el<55:27>
                        n<> u<386> t<Data_type> p<390> c<385> s<389> l<55:5> el<55:8>
                          n<> u<385> t<REG> p<386> l<55:5> el<55:8>
                        n<> u<389> t<Variable_decl_assignment_list> p<390> c<388> l<55:9> el<55:26>
                          n<> u<388> t<Variable_decl_assignment> p<389> c<387> l<55:9> el<55:26>
                            n<JTAG_CAPTURE_GLBL> u<387> t<SIMPLE_IDENTIFIER> p<388> l<55:9> el<55:26>
        n<> u<410> t<Module_item> p<865> c<409> s<423> l<56:5> el<56:25>
          n<> u<409> t<Non_port_module_item> p<410> c<408> l<56:5> el<56:25>
            n<> u<408> t<Module_or_generate_item> p<409> c<407> l<56:5> el<56:25>
              n<> u<407> t<Module_common_item> p<408> c<406> l<56:5> el<56:25>
                n<> u<406> t<Module_or_generate_item_declaration> p<407> c<405> l<56:5> el<56:25>
                  n<> u<405> t<Package_or_generate_item_declaration> p<406> c<404> l<56:5> el<56:25>
                    n<> u<404> t<Data_declaration> p<405> c<403> l<56:5> el<56:25>
                      n<> u<403> t<Variable_declaration> p<404> c<399> l<56:5> el<56:25>
                        n<> u<399> t<Data_type> p<403> c<398> s<402> l<56:5> el<56:8>
                          n<> u<398> t<REG> p<399> l<56:5> el<56:8>
                        n<> u<402> t<Variable_decl_assignment_list> p<403> c<401> l<56:9> el<56:24>
                          n<> u<401> t<Variable_decl_assignment> p<402> c<400> l<56:9> el<56:24>
                            n<JTAG_RESET_GLBL> u<400> t<SIMPLE_IDENTIFIER> p<401> l<56:9> el<56:24>
        n<> u<423> t<Module_item> p<865> c<422> s<436> l<57:5> el<57:25>
          n<> u<422> t<Non_port_module_item> p<423> c<421> l<57:5> el<57:25>
            n<> u<421> t<Module_or_generate_item> p<422> c<420> l<57:5> el<57:25>
              n<> u<420> t<Module_common_item> p<421> c<419> l<57:5> el<57:25>
                n<> u<419> t<Module_or_generate_item_declaration> p<420> c<418> l<57:5> el<57:25>
                  n<> u<418> t<Package_or_generate_item_declaration> p<419> c<417> l<57:5> el<57:25>
                    n<> u<417> t<Data_declaration> p<418> c<416> l<57:5> el<57:25>
                      n<> u<416> t<Variable_declaration> p<417> c<412> l<57:5> el<57:25>
                        n<> u<412> t<Data_type> p<416> c<411> s<415> l<57:5> el<57:8>
                          n<> u<411> t<REG> p<412> l<57:5> el<57:8>
                        n<> u<415> t<Variable_decl_assignment_list> p<416> c<414> l<57:9> el<57:24>
                          n<> u<414> t<Variable_decl_assignment> p<415> c<413> l<57:9> el<57:24>
                            n<JTAG_SHIFT_GLBL> u<413> t<SIMPLE_IDENTIFIER> p<414> l<57:9> el<57:24>
        n<> u<436> t<Module_item> p<865> c<435> s<449> l<58:5> el<58:26>
          n<> u<435> t<Non_port_module_item> p<436> c<434> l<58:5> el<58:26>
            n<> u<434> t<Module_or_generate_item> p<435> c<433> l<58:5> el<58:26>
              n<> u<433> t<Module_common_item> p<434> c<432> l<58:5> el<58:26>
                n<> u<432> t<Module_or_generate_item_declaration> p<433> c<431> l<58:5> el<58:26>
                  n<> u<431> t<Package_or_generate_item_declaration> p<432> c<430> l<58:5> el<58:26>
                    n<> u<430> t<Data_declaration> p<431> c<429> l<58:5> el<58:26>
                      n<> u<429> t<Variable_declaration> p<430> c<425> l<58:5> el<58:26>
                        n<> u<425> t<Data_type> p<429> c<424> s<428> l<58:5> el<58:8>
                          n<> u<424> t<REG> p<425> l<58:5> el<58:8>
                        n<> u<428> t<Variable_decl_assignment_list> p<429> c<427> l<58:9> el<58:25>
                          n<> u<427> t<Variable_decl_assignment> p<428> c<426> l<58:9> el<58:25>
                            n<JTAG_UPDATE_GLBL> u<426> t<SIMPLE_IDENTIFIER> p<427> l<58:9> el<58:25>
        n<> u<449> t<Module_item> p<865> c<448> s<466> l<59:5> el<59:27>
          n<> u<448> t<Non_port_module_item> p<449> c<447> l<59:5> el<59:27>
            n<> u<447> t<Module_or_generate_item> p<448> c<446> l<59:5> el<59:27>
              n<> u<446> t<Module_common_item> p<447> c<445> l<59:5> el<59:27>
                n<> u<445> t<Module_or_generate_item_declaration> p<446> c<444> l<59:5> el<59:27>
                  n<> u<444> t<Package_or_generate_item_declaration> p<445> c<443> l<59:5> el<59:27>
                    n<> u<443> t<Data_declaration> p<444> c<442> l<59:5> el<59:27>
                      n<> u<442> t<Variable_declaration> p<443> c<438> l<59:5> el<59:27>
                        n<> u<438> t<Data_type> p<442> c<437> s<441> l<59:5> el<59:8>
                          n<> u<437> t<REG> p<438> l<59:5> el<59:8>
                        n<> u<441> t<Variable_decl_assignment_list> p<442> c<440> l<59:9> el<59:26>
                          n<> u<440> t<Variable_decl_assignment> p<441> c<439> l<59:9> el<59:26>
                            n<JTAG_RUNTEST_GLBL> u<439> t<SIMPLE_IDENTIFIER> p<440> l<59:9> el<59:26>
        n<> u<466> t<Module_item> p<865> c<465> s<483> l<61:5> el<61:28>
          n<> u<465> t<Non_port_module_item> p<466> c<464> l<61:5> el<61:28>
            n<> u<464> t<Module_or_generate_item> p<465> c<463> l<61:5> el<61:28>
              n<> u<463> t<Module_common_item> p<464> c<462> l<61:5> el<61:28>
                n<> u<462> t<Module_or_generate_item_declaration> p<463> c<461> l<61:5> el<61:28>
                  n<> u<461> t<Package_or_generate_item_declaration> p<462> c<460> l<61:5> el<61:28>
                    n<> u<460> t<Data_declaration> p<461> c<459> l<61:5> el<61:28>
                      n<> u<459> t<Variable_declaration> p<460> c<451> l<61:5> el<61:28>
                        n<> u<451> t<Data_type> p<459> c<450> s<458> l<61:5> el<61:8>
                          n<> u<450> t<REG> p<451> l<61:5> el<61:8>
                        n<> u<458> t<Variable_decl_assignment_list> p<459> c<457> l<61:9> el<61:27>
                          n<> u<457> t<Variable_decl_assignment> p<458> c<452> l<61:9> el<61:27>
                            n<JTAG_SEL1_GLBL> u<452> t<SIMPLE_IDENTIFIER> p<457> s<456> l<61:9> el<61:23>
                            n<> u<456> t<Expression> p<457> c<455> l<61:26> el<61:27>
                              n<> u<455> t<Primary> p<456> c<454> l<61:26> el<61:27>
                                n<> u<454> t<Primary_literal> p<455> c<453> l<61:26> el<61:27>
                                  n<0> u<453> t<INTEGRAL_NUMBER> p<454> l<61:26> el<61:27>
        n<> u<483> t<Module_item> p<865> c<482> s<500> l<62:5> el<62:29>
          n<> u<482> t<Non_port_module_item> p<483> c<481> l<62:5> el<62:29>
            n<> u<481> t<Module_or_generate_item> p<482> c<480> l<62:5> el<62:29>
              n<> u<480> t<Module_common_item> p<481> c<479> l<62:5> el<62:29>
                n<> u<479> t<Module_or_generate_item_declaration> p<480> c<478> l<62:5> el<62:29>
                  n<> u<478> t<Package_or_generate_item_declaration> p<479> c<477> l<62:5> el<62:29>
                    n<> u<477> t<Data_declaration> p<478> c<476> l<62:5> el<62:29>
                      n<> u<476> t<Variable_declaration> p<477> c<468> l<62:5> el<62:29>
                        n<> u<468> t<Data_type> p<476> c<467> s<475> l<62:5> el<62:8>
                          n<> u<467> t<REG> p<468> l<62:5> el<62:8>
                        n<> u<475> t<Variable_decl_assignment_list> p<476> c<474> l<62:9> el<62:27>
                          n<> u<474> t<Variable_decl_assignment> p<475> c<469> l<62:9> el<62:27>
                            n<JTAG_SEL2_GLBL> u<469> t<SIMPLE_IDENTIFIER> p<474> s<473> l<62:9> el<62:23>
                            n<> u<473> t<Expression> p<474> c<472> l<62:26> el<62:27>
                              n<> u<472> t<Primary> p<473> c<471> l<62:26> el<62:27>
                                n<> u<471> t<Primary_literal> p<472> c<470> l<62:26> el<62:27>
                                  n<0> u<470> t<INTEGRAL_NUMBER> p<471> l<62:26> el<62:27>
        n<> u<500> t<Module_item> p<865> c<499> s<517> l<63:5> el<63:28>
          n<> u<499> t<Non_port_module_item> p<500> c<498> l<63:5> el<63:28>
            n<> u<498> t<Module_or_generate_item> p<499> c<497> l<63:5> el<63:28>
              n<> u<497> t<Module_common_item> p<498> c<496> l<63:5> el<63:28>
                n<> u<496> t<Module_or_generate_item_declaration> p<497> c<495> l<63:5> el<63:28>
                  n<> u<495> t<Package_or_generate_item_declaration> p<496> c<494> l<63:5> el<63:28>
                    n<> u<494> t<Data_declaration> p<495> c<493> l<63:5> el<63:28>
                      n<> u<493> t<Variable_declaration> p<494> c<485> l<63:5> el<63:28>
                        n<> u<485> t<Data_type> p<493> c<484> s<492> l<63:5> el<63:8>
                          n<> u<484> t<REG> p<485> l<63:5> el<63:8>
                        n<> u<492> t<Variable_decl_assignment_list> p<493> c<491> l<63:9> el<63:27>
                          n<> u<491> t<Variable_decl_assignment> p<492> c<486> l<63:9> el<63:27>
                            n<JTAG_SEL3_GLBL> u<486> t<SIMPLE_IDENTIFIER> p<491> s<490> l<63:9> el<63:23>
                            n<> u<490> t<Expression> p<491> c<489> l<63:26> el<63:27>
                              n<> u<489> t<Primary> p<490> c<488> l<63:26> el<63:27>
                                n<> u<488> t<Primary_literal> p<489> c<487> l<63:26> el<63:27>
                                  n<0> u<487> t<INTEGRAL_NUMBER> p<488> l<63:26> el<63:27>
        n<> u<517> t<Module_item> p<865> c<516> s<534> l<64:5> el<64:28>
          n<> u<516> t<Non_port_module_item> p<517> c<515> l<64:5> el<64:28>
            n<> u<515> t<Module_or_generate_item> p<516> c<514> l<64:5> el<64:28>
              n<> u<514> t<Module_common_item> p<515> c<513> l<64:5> el<64:28>
                n<> u<513> t<Module_or_generate_item_declaration> p<514> c<512> l<64:5> el<64:28>
                  n<> u<512> t<Package_or_generate_item_declaration> p<513> c<511> l<64:5> el<64:28>
                    n<> u<511> t<Data_declaration> p<512> c<510> l<64:5> el<64:28>
                      n<> u<510> t<Variable_declaration> p<511> c<502> l<64:5> el<64:28>
                        n<> u<502> t<Data_type> p<510> c<501> s<509> l<64:5> el<64:8>
                          n<> u<501> t<REG> p<502> l<64:5> el<64:8>
                        n<> u<509> t<Variable_decl_assignment_list> p<510> c<508> l<64:9> el<64:27>
                          n<> u<508> t<Variable_decl_assignment> p<509> c<503> l<64:9> el<64:27>
                            n<JTAG_SEL4_GLBL> u<503> t<SIMPLE_IDENTIFIER> p<508> s<507> l<64:9> el<64:23>
                            n<> u<507> t<Expression> p<508> c<506> l<64:26> el<64:27>
                              n<> u<506> t<Primary> p<507> c<505> l<64:26> el<64:27>
                                n<> u<505> t<Primary_literal> p<506> c<504> l<64:26> el<64:27>
                                  n<0> u<504> t<INTEGRAL_NUMBER> p<505> l<64:26> el<64:27>
        n<> u<534> t<Module_item> p<865> c<533> s<551> l<66:5> el<66:36>
          n<> u<533> t<Non_port_module_item> p<534> c<532> l<66:5> el<66:36>
            n<> u<532> t<Module_or_generate_item> p<533> c<531> l<66:5> el<66:36>
              n<> u<531> t<Module_common_item> p<532> c<530> l<66:5> el<66:36>
                n<> u<530> t<Module_or_generate_item_declaration> p<531> c<529> l<66:5> el<66:36>
                  n<> u<529> t<Package_or_generate_item_declaration> p<530> c<528> l<66:5> el<66:36>
                    n<> u<528> t<Data_declaration> p<529> c<527> l<66:5> el<66:36>
                      n<> u<527> t<Variable_declaration> p<528> c<519> l<66:5> el<66:36>
                        n<> u<519> t<Data_type> p<527> c<518> s<526> l<66:5> el<66:8>
                          n<> u<518> t<REG> p<519> l<66:5> el<66:8>
                        n<> u<526> t<Variable_decl_assignment_list> p<527> c<525> l<66:9> el<66:35>
                          n<> u<525> t<Variable_decl_assignment> p<526> c<520> l<66:9> el<66:35>
                            n<JTAG_USER_TDO1_GLBL> u<520> t<SIMPLE_IDENTIFIER> p<525> s<524> l<66:9> el<66:28>
                            n<> u<524> t<Expression> p<525> c<523> l<66:31> el<66:35>
                              n<> u<523> t<Primary> p<524> c<522> l<66:31> el<66:35>
                                n<> u<522> t<Primary_literal> p<523> c<521> l<66:31> el<66:35>
                                  n<1'bz> u<521> t<INTEGRAL_NUMBER> p<522> l<66:31> el<66:35>
        n<> u<551> t<Module_item> p<865> c<550> s<568> l<67:5> el<67:36>
          n<> u<550> t<Non_port_module_item> p<551> c<549> l<67:5> el<67:36>
            n<> u<549> t<Module_or_generate_item> p<550> c<548> l<67:5> el<67:36>
              n<> u<548> t<Module_common_item> p<549> c<547> l<67:5> el<67:36>
                n<> u<547> t<Module_or_generate_item_declaration> p<548> c<546> l<67:5> el<67:36>
                  n<> u<546> t<Package_or_generate_item_declaration> p<547> c<545> l<67:5> el<67:36>
                    n<> u<545> t<Data_declaration> p<546> c<544> l<67:5> el<67:36>
                      n<> u<544> t<Variable_declaration> p<545> c<536> l<67:5> el<67:36>
                        n<> u<536> t<Data_type> p<544> c<535> s<543> l<67:5> el<67:8>
                          n<> u<535> t<REG> p<536> l<67:5> el<67:8>
                        n<> u<543> t<Variable_decl_assignment_list> p<544> c<542> l<67:9> el<67:35>
                          n<> u<542> t<Variable_decl_assignment> p<543> c<537> l<67:9> el<67:35>
                            n<JTAG_USER_TDO2_GLBL> u<537> t<SIMPLE_IDENTIFIER> p<542> s<541> l<67:9> el<67:28>
                            n<> u<541> t<Expression> p<542> c<540> l<67:31> el<67:35>
                              n<> u<540> t<Primary> p<541> c<539> l<67:31> el<67:35>
                                n<> u<539> t<Primary_literal> p<540> c<538> l<67:31> el<67:35>
                                  n<1'bz> u<538> t<INTEGRAL_NUMBER> p<539> l<67:31> el<67:35>
        n<> u<568> t<Module_item> p<865> c<567> s<585> l<68:5> el<68:36>
          n<> u<567> t<Non_port_module_item> p<568> c<566> l<68:5> el<68:36>
            n<> u<566> t<Module_or_generate_item> p<567> c<565> l<68:5> el<68:36>
              n<> u<565> t<Module_common_item> p<566> c<564> l<68:5> el<68:36>
                n<> u<564> t<Module_or_generate_item_declaration> p<565> c<563> l<68:5> el<68:36>
                  n<> u<563> t<Package_or_generate_item_declaration> p<564> c<562> l<68:5> el<68:36>
                    n<> u<562> t<Data_declaration> p<563> c<561> l<68:5> el<68:36>
                      n<> u<561> t<Variable_declaration> p<562> c<553> l<68:5> el<68:36>
                        n<> u<553> t<Data_type> p<561> c<552> s<560> l<68:5> el<68:8>
                          n<> u<552> t<REG> p<553> l<68:5> el<68:8>
                        n<> u<560> t<Variable_decl_assignment_list> p<561> c<559> l<68:9> el<68:35>
                          n<> u<559> t<Variable_decl_assignment> p<560> c<554> l<68:9> el<68:35>
                            n<JTAG_USER_TDO3_GLBL> u<554> t<SIMPLE_IDENTIFIER> p<559> s<558> l<68:9> el<68:28>
                            n<> u<558> t<Expression> p<559> c<557> l<68:31> el<68:35>
                              n<> u<557> t<Primary> p<558> c<556> l<68:31> el<68:35>
                                n<> u<556> t<Primary_literal> p<557> c<555> l<68:31> el<68:35>
                                  n<1'bz> u<555> t<INTEGRAL_NUMBER> p<556> l<68:31> el<68:35>
        n<> u<585> t<Module_item> p<865> c<584> s<604> l<69:5> el<69:36>
          n<> u<584> t<Non_port_module_item> p<585> c<583> l<69:5> el<69:36>
            n<> u<583> t<Module_or_generate_item> p<584> c<582> l<69:5> el<69:36>
              n<> u<582> t<Module_common_item> p<583> c<581> l<69:5> el<69:36>
                n<> u<581> t<Module_or_generate_item_declaration> p<582> c<580> l<69:5> el<69:36>
                  n<> u<580> t<Package_or_generate_item_declaration> p<581> c<579> l<69:5> el<69:36>
                    n<> u<579> t<Data_declaration> p<580> c<578> l<69:5> el<69:36>
                      n<> u<578> t<Variable_declaration> p<579> c<570> l<69:5> el<69:36>
                        n<> u<570> t<Data_type> p<578> c<569> s<577> l<69:5> el<69:8>
                          n<> u<569> t<REG> p<570> l<69:5> el<69:8>
                        n<> u<577> t<Variable_decl_assignment_list> p<578> c<576> l<69:9> el<69:35>
                          n<> u<576> t<Variable_decl_assignment> p<577> c<571> l<69:9> el<69:35>
                            n<JTAG_USER_TDO4_GLBL> u<571> t<SIMPLE_IDENTIFIER> p<576> s<575> l<69:9> el<69:28>
                            n<> u<575> t<Expression> p<576> c<574> l<69:31> el<69:35>
                              n<> u<574> t<Primary> p<575> c<573> l<69:31> el<69:35>
                                n<> u<573> t<Primary_literal> p<574> c<572> l<69:31> el<69:35>
                                  n<1'bz> u<572> t<INTEGRAL_NUMBER> p<573> l<69:31> el<69:35>
        n<> u<604> t<Module_item> p<865> c<603> s<623> l<71:5> el<71:43>
          n<> u<603> t<Non_port_module_item> p<604> c<602> l<71:5> el<71:43>
            n<> u<602> t<Module_or_generate_item> p<603> c<601> l<71:5> el<71:43>
              n<> u<601> t<Module_common_item> p<602> c<600> l<71:5> el<71:43>
                n<> u<600> t<Continuous_assign> p<601> c<588> l<71:5> el<71:43>
                  n<> u<588> t<Drive_strength> p<600> c<587> s<599> l<71:12> el<71:28>
                    n<> u<587> t<STRONG1> p<588> s<586> l<71:13> el<71:20>
                    n<> u<586> t<WEAK0> p<588> l<71:22> el<71:27>
                  n<> u<599> t<Net_assignment_list> p<600> c<598> l<71:29> el<71:42>
                    n<> u<598> t<Net_assignment> p<599> c<593> l<71:29> el<71:42>
                      n<> u<593> t<Net_lvalue> p<598> c<590> s<597> l<71:29> el<71:32>
                        n<> u<590> t<Ps_or_hierarchical_identifier> p<593> c<589> s<592> l<71:29> el<71:32>
                          n<GSR> u<589> t<SIMPLE_IDENTIFIER> p<590> l<71:29> el<71:32>
                        n<> u<592> t<Constant_select> p<593> c<591> l<71:33> el<71:33>
                          n<> u<591> t<Constant_bit_select> p<592> l<71:33> el<71:33>
                      n<> u<597> t<Expression> p<598> c<596> l<71:35> el<71:42>
                        n<> u<596> t<Primary> p<597> c<595> l<71:35> el<71:42>
                          n<> u<595> t<Primary_literal> p<596> c<594> l<71:35> el<71:42>
                            n<GSR_int> u<594> t<SIMPLE_IDENTIFIER> p<595> l<71:35> el<71:42>
        n<> u<623> t<Module_item> p<865> c<622> s<642> l<72:5> el<72:43>
          n<> u<622> t<Non_port_module_item> p<623> c<621> l<72:5> el<72:43>
            n<> u<621> t<Module_or_generate_item> p<622> c<620> l<72:5> el<72:43>
              n<> u<620> t<Module_common_item> p<621> c<619> l<72:5> el<72:43>
                n<> u<619> t<Continuous_assign> p<620> c<607> l<72:5> el<72:43>
                  n<> u<607> t<Drive_strength> p<619> c<606> s<618> l<72:12> el<72:28>
                    n<> u<606> t<STRONG1> p<607> s<605> l<72:13> el<72:20>
                    n<> u<605> t<WEAK0> p<607> l<72:22> el<72:27>
                  n<> u<618> t<Net_assignment_list> p<619> c<617> l<72:29> el<72:42>
                    n<> u<617> t<Net_assignment> p<618> c<612> l<72:29> el<72:42>
                      n<> u<612> t<Net_lvalue> p<617> c<609> s<616> l<72:29> el<72:32>
                        n<> u<609> t<Ps_or_hierarchical_identifier> p<612> c<608> s<611> l<72:29> el<72:32>
                          n<GTS> u<608> t<SIMPLE_IDENTIFIER> p<609> l<72:29> el<72:32>
                        n<> u<611> t<Constant_select> p<612> c<610> l<72:33> el<72:33>
                          n<> u<610> t<Constant_bit_select> p<611> l<72:33> el<72:33>
                      n<> u<616> t<Expression> p<617> c<615> l<72:35> el<72:42>
                        n<> u<615> t<Primary> p<616> c<614> l<72:35> el<72:42>
                          n<> u<614> t<Primary_literal> p<615> c<613> l<72:35> el<72:42>
                            n<GTS_int> u<613> t<SIMPLE_IDENTIFIER> p<614> l<72:35> el<72:42>
        n<> u<642> t<Module_item> p<865> c<641> s<661> l<73:5> el<73:43>
          n<> u<641> t<Non_port_module_item> p<642> c<640> l<73:5> el<73:43>
            n<> u<640> t<Module_or_generate_item> p<641> c<639> l<73:5> el<73:43>
              n<> u<639> t<Module_common_item> p<640> c<638> l<73:5> el<73:43>
                n<> u<638> t<Continuous_assign> p<639> c<626> l<73:5> el<73:43>
                  n<> u<626> t<Drive_strength> p<638> c<625> s<637> l<73:12> el<73:26>
                    n<> u<625> t<WEAK1> p<626> s<624> l<73:13> el<73:18>
                    n<> u<624> t<WEAK0> p<626> l<73:20> el<73:25>
                  n<> u<637> t<Net_assignment_list> p<638> c<636> l<73:27> el<73:42>
                    n<> u<636> t<Net_assignment> p<637> c<631> l<73:27> el<73:42>
                      n<> u<631> t<Net_lvalue> p<636> c<628> s<635> l<73:27> el<73:31>
                        n<> u<628> t<Ps_or_hierarchical_identifier> p<631> c<627> s<630> l<73:27> el<73:31>
                          n<PRLD> u<627> t<SIMPLE_IDENTIFIER> p<628> l<73:27> el<73:31>
                        n<> u<630> t<Constant_select> p<631> c<629> l<73:32> el<73:32>
                          n<> u<629> t<Constant_bit_select> p<630> l<73:32> el<73:32>
                      n<> u<635> t<Expression> p<636> c<634> l<73:34> el<73:42>
                        n<> u<634> t<Primary> p<635> c<633> l<73:34> el<73:42>
                          n<> u<633> t<Primary_literal> p<634> c<632> l<73:34> el<73:42>
                            n<PRLD_int> u<632> t<SIMPLE_IDENTIFIER> p<633> l<73:34> el<73:42>
        n<> u<661> t<Module_item> p<865> c<660> s<738> l<74:5> el<74:53>
          n<> u<660> t<Non_port_module_item> p<661> c<659> l<74:5> el<74:53>
            n<> u<659> t<Module_or_generate_item> p<660> c<658> l<74:5> el<74:53>
              n<> u<658> t<Module_common_item> p<659> c<657> l<74:5> el<74:53>
                n<> u<657> t<Continuous_assign> p<658> c<645> l<74:5> el<74:53>
                  n<> u<645> t<Drive_strength> p<657> c<644> s<656> l<74:12> el<74:28>
                    n<> u<644> t<STRONG1> p<645> s<643> l<74:13> el<74:20>
                    n<> u<643> t<WEAK0> p<645> l<74:22> el<74:27>
                  n<> u<656> t<Net_assignment_list> p<657> c<655> l<74:29> el<74:52>
                    n<> u<655> t<Net_assignment> p<656> c<650> l<74:29> el<74:52>
                      n<> u<650> t<Net_lvalue> p<655> c<647> s<654> l<74:29> el<74:37>
                        n<> u<647> t<Ps_or_hierarchical_identifier> p<650> c<646> s<649> l<74:29> el<74:37>
                          n<GRESTORE> u<646> t<SIMPLE_IDENTIFIER> p<647> l<74:29> el<74:37>
                        n<> u<649> t<Constant_select> p<650> c<648> l<74:38> el<74:38>
                          n<> u<648> t<Constant_bit_select> p<649> l<74:38> el<74:38>
                      n<> u<654> t<Expression> p<655> c<653> l<74:40> el<74:52>
                        n<> u<653> t<Primary> p<654> c<652> l<74:40> el<74:52>
                          n<> u<652> t<Primary_literal> p<653> c<651> l<74:40> el<74:52>
                            n<GRESTORE_int> u<651> t<SIMPLE_IDENTIFIER> p<652> l<74:40> el<74:52>
        n<> u<738> t<Module_item> p<865> c<737> s<787> l<76:5> el<82:8>
          n<> u<737> t<Non_port_module_item> p<738> c<736> l<76:5> el<82:8>
            n<> u<736> t<Module_or_generate_item> p<737> c<735> l<76:5> el<82:8>
              n<> u<735> t<Module_common_item> p<736> c<734> l<76:5> el<82:8>
                n<> u<734> t<Initial_construct> p<735> c<733> l<76:5> el<82:8>
                  n<> u<733> t<Statement_or_null> p<734> c<732> l<76:13> el<82:8>
                    n<> u<732> t<Statement> p<733> c<731> l<76:13> el<82:8>
                      n<> u<731> t<Statement_item> p<732> c<730> l<76:13> el<82:8>
                        n<> u<730> t<Seq_block> p<731> c<675> l<76:13> el<82:8>
                          n<> u<675> t<Statement_or_null> p<730> c<674> s<689> l<77:2> el<77:17>
                            n<> u<674> t<Statement> p<675> c<673> l<77:2> el<77:17>
                              n<> u<673> t<Statement_item> p<674> c<672> l<77:2> el<77:17>
                                n<> u<672> t<Blocking_assignment> p<673> c<671> l<77:2> el<77:16>
                                  n<> u<671> t<Variable_assignment> p<672> c<666> l<77:2> el<77:16>
                                    n<> u<666> t<Variable_lvalue> p<671> c<663> s<670> l<77:2> el<77:9>
                                      n<> u<663> t<Ps_or_hierarchical_identifier> p<666> c<662> s<665> l<77:2> el<77:9>
                                        n<GSR_int> u<662> t<SIMPLE_IDENTIFIER> p<663> l<77:2> el<77:9>
                                      n<> u<665> t<Select> p<666> c<664> l<77:10> el<77:10>
                                        n<> u<664> t<Bit_select> p<665> l<77:10> el<77:10>
                                    n<> u<670> t<Expression> p<671> c<669> l<77:12> el<77:16>
                                      n<> u<669> t<Primary> p<670> c<668> l<77:12> el<77:16>
                                        n<> u<668> t<Primary_literal> p<669> c<667> l<77:12> el<77:16>
                                          n<> u<667> t<ONE_TICK_b1> p<668> l<77:12> el<77:16>
                          n<> u<689> t<Statement_or_null> p<730> c<688> s<714> l<78:2> el<78:18>
                            n<> u<688> t<Statement> p<689> c<687> l<78:2> el<78:18>
                              n<> u<687> t<Statement_item> p<688> c<686> l<78:2> el<78:18>
                                n<> u<686> t<Blocking_assignment> p<687> c<685> l<78:2> el<78:17>
                                  n<> u<685> t<Variable_assignment> p<686> c<680> l<78:2> el<78:17>
                                    n<> u<680> t<Variable_lvalue> p<685> c<677> s<684> l<78:2> el<78:10>
                                      n<> u<677> t<Ps_or_hierarchical_identifier> p<680> c<676> s<679> l<78:2> el<78:10>
                                        n<PRLD_int> u<676> t<SIMPLE_IDENTIFIER> p<677> l<78:2> el<78:10>
                                      n<> u<679> t<Select> p<680> c<678> l<78:11> el<78:11>
                                        n<> u<678> t<Bit_select> p<679> l<78:11> el<78:11>
                                    n<> u<684> t<Expression> p<685> c<683> l<78:13> el<78:17>
                                      n<> u<683> t<Primary> p<684> c<682> l<78:13> el<78:17>
                                        n<> u<682> t<Primary_literal> p<683> c<681> l<78:13> el<78:17>
                                          n<> u<681> t<ONE_TICK_b1> p<682> l<78:13> el<78:17>
                          n<> u<714> t<Statement_or_null> p<730> c<713> s<728> l<79:2> el<80:17>
                            n<> u<713> t<Statement> p<714> c<712> l<79:2> el<80:17>
                              n<> u<712> t<Statement_item> p<713> c<711> l<79:2> el<80:17>
                                n<> u<711> t<Procedural_timing_control_statement> p<712> c<696> l<79:2> el<80:17>
                                  n<> u<696> t<Procedural_timing_control> p<711> c<695> s<710> l<79:2> el<79:14>
                                    n<> u<695> t<Delay_control> p<696> c<694> l<79:2> el<79:14>
                                      n<> u<694> t<Mintypmax_expression> p<695> c<693> l<79:4> el<79:13>
                                        n<> u<693> t<Expression> p<694> c<692> l<79:4> el<79:13>
                                          n<> u<692> t<Primary> p<693> c<691> l<79:4> el<79:13>
                                            n<> u<691> t<Primary_literal> p<692> c<690> l<79:4> el<79:13>
                                              n<ROC_WIDTH> u<690> t<SIMPLE_IDENTIFIER> p<691> l<79:4> el<79:13>
                                  n<> u<710> t<Statement_or_null> p<711> c<709> l<80:2> el<80:17>
                                    n<> u<709> t<Statement> p<710> c<708> l<80:2> el<80:17>
                                      n<> u<708> t<Statement_item> p<709> c<707> l<80:2> el<80:17>
                                        n<> u<707> t<Blocking_assignment> p<708> c<706> l<80:2> el<80:16>
                                          n<> u<706> t<Variable_assignment> p<707> c<701> l<80:2> el<80:16>
                                            n<> u<701> t<Variable_lvalue> p<706> c<698> s<705> l<80:2> el<80:9>
                                              n<> u<698> t<Ps_or_hierarchical_identifier> p<701> c<697> s<700> l<80:2> el<80:9>
                                                n<GSR_int> u<697> t<SIMPLE_IDENTIFIER> p<698> l<80:2> el<80:9>
                                              n<> u<700> t<Select> p<701> c<699> l<80:10> el<80:10>
                                                n<> u<699> t<Bit_select> p<700> l<80:10> el<80:10>
                                            n<> u<705> t<Expression> p<706> c<704> l<80:12> el<80:16>
                                              n<> u<704> t<Primary> p<705> c<703> l<80:12> el<80:16>
                                                n<> u<703> t<Primary_literal> p<704> c<702> l<80:12> el<80:16>
                                                  n<> u<702> t<ONE_TICK_b0> p<703> l<80:12> el<80:16>
                          n<> u<728> t<Statement_or_null> p<730> c<727> s<729> l<81:2> el<81:18>
                            n<> u<727> t<Statement> p<728> c<726> l<81:2> el<81:18>
                              n<> u<726> t<Statement_item> p<727> c<725> l<81:2> el<81:18>
                                n<> u<725> t<Blocking_assignment> p<726> c<724> l<81:2> el<81:17>
                                  n<> u<724> t<Variable_assignment> p<725> c<719> l<81:2> el<81:17>
                                    n<> u<719> t<Variable_lvalue> p<724> c<716> s<723> l<81:2> el<81:10>
                                      n<> u<716> t<Ps_or_hierarchical_identifier> p<719> c<715> s<718> l<81:2> el<81:10>
                                        n<PRLD_int> u<715> t<SIMPLE_IDENTIFIER> p<716> l<81:2> el<81:10>
                                      n<> u<718> t<Select> p<719> c<717> l<81:11> el<81:11>
                                        n<> u<717> t<Bit_select> p<718> l<81:11> el<81:11>
                                    n<> u<723> t<Expression> p<724> c<722> l<81:13> el<81:17>
                                      n<> u<722> t<Primary> p<723> c<721> l<81:13> el<81:17>
                                        n<> u<721> t<Primary_literal> p<722> c<720> l<81:13> el<81:17>
                                          n<> u<720> t<ONE_TICK_b0> p<721> l<81:13> el<81:17>
                          n<> u<729> t<END> p<730> l<82:5> el<82:8>
        n<> u<787> t<Module_item> p<865> c<786> s<863> l<84:5> el<88:8>
          n<> u<786> t<Non_port_module_item> p<787> c<785> l<84:5> el<88:8>
            n<> u<785> t<Module_or_generate_item> p<786> c<784> l<84:5> el<88:8>
              n<> u<784> t<Module_common_item> p<785> c<783> l<84:5> el<88:8>
                n<> u<783> t<Initial_construct> p<784> c<782> l<84:5> el<88:8>
                  n<> u<782> t<Statement_or_null> p<783> c<781> l<84:13> el<88:8>
                    n<> u<781> t<Statement> p<782> c<780> l<84:13> el<88:8>
                      n<> u<780> t<Statement_item> p<781> c<779> l<84:13> el<88:8>
                        n<> u<779> t<Seq_block> p<780> c<752> l<84:13> el<88:8>
                          n<> u<752> t<Statement_or_null> p<779> c<751> s<777> l<85:2> el<85:17>
                            n<> u<751> t<Statement> p<752> c<750> l<85:2> el<85:17>
                              n<> u<750> t<Statement_item> p<751> c<749> l<85:2> el<85:17>
                                n<> u<749> t<Blocking_assignment> p<750> c<748> l<85:2> el<85:16>
                                  n<> u<748> t<Variable_assignment> p<749> c<743> l<85:2> el<85:16>
                                    n<> u<743> t<Variable_lvalue> p<748> c<740> s<747> l<85:2> el<85:9>
                                      n<> u<740> t<Ps_or_hierarchical_identifier> p<743> c<739> s<742> l<85:2> el<85:9>
                                        n<GTS_int> u<739> t<SIMPLE_IDENTIFIER> p<740> l<85:2> el<85:9>
                                      n<> u<742> t<Select> p<743> c<741> l<85:10> el<85:10>
                                        n<> u<741> t<Bit_select> p<742> l<85:10> el<85:10>
                                    n<> u<747> t<Expression> p<748> c<746> l<85:12> el<85:16>
                                      n<> u<746> t<Primary> p<747> c<745> l<85:12> el<85:16>
                                        n<> u<745> t<Primary_literal> p<746> c<744> l<85:12> el<85:16>
                                          n<> u<744> t<ONE_TICK_b1> p<745> l<85:12> el<85:16>
                          n<> u<777> t<Statement_or_null> p<779> c<776> s<778> l<86:2> el<87:17>
                            n<> u<776> t<Statement> p<777> c<775> l<86:2> el<87:17>
                              n<> u<775> t<Statement_item> p<776> c<774> l<86:2> el<87:17>
                                n<> u<774> t<Procedural_timing_control_statement> p<775> c<759> l<86:2> el<87:17>
                                  n<> u<759> t<Procedural_timing_control> p<774> c<758> s<773> l<86:2> el<86:14>
                                    n<> u<758> t<Delay_control> p<759> c<757> l<86:2> el<86:14>
                                      n<> u<757> t<Mintypmax_expression> p<758> c<756> l<86:4> el<86:13>
                                        n<> u<756> t<Expression> p<757> c<755> l<86:4> el<86:13>
                                          n<> u<755> t<Primary> p<756> c<754> l<86:4> el<86:13>
                                            n<> u<754> t<Primary_literal> p<755> c<753> l<86:4> el<86:13>
                                              n<TOC_WIDTH> u<753> t<SIMPLE_IDENTIFIER> p<754> l<86:4> el<86:13>
                                  n<> u<773> t<Statement_or_null> p<774> c<772> l<87:2> el<87:17>
                                    n<> u<772> t<Statement> p<773> c<771> l<87:2> el<87:17>
                                      n<> u<771> t<Statement_item> p<772> c<770> l<87:2> el<87:17>
                                        n<> u<770> t<Blocking_assignment> p<771> c<769> l<87:2> el<87:16>
                                          n<> u<769> t<Variable_assignment> p<770> c<764> l<87:2> el<87:16>
                                            n<> u<764> t<Variable_lvalue> p<769> c<761> s<768> l<87:2> el<87:9>
                                              n<> u<761> t<Ps_or_hierarchical_identifier> p<764> c<760> s<763> l<87:2> el<87:9>
                                                n<GTS_int> u<760> t<SIMPLE_IDENTIFIER> p<761> l<87:2> el<87:9>
                                              n<> u<763> t<Select> p<764> c<762> l<87:10> el<87:10>
                                                n<> u<762> t<Bit_select> p<763> l<87:10> el<87:10>
                                            n<> u<768> t<Expression> p<769> c<767> l<87:12> el<87:16>
                                              n<> u<767> t<Primary> p<768> c<766> l<87:12> el<87:16>
                                                n<> u<766> t<Primary_literal> p<767> c<765> l<87:12> el<87:16>
                                                  n<> u<765> t<ONE_TICK_b0> p<766> l<87:12> el<87:16>
                          n<> u<778> t<END> p<779> l<88:5> el<88:8>
        n<> u<863> t<Module_item> p<865> c<862> s<864> l<90:5> el<96:8>
          n<> u<862> t<Non_port_module_item> p<863> c<861> l<90:5> el<96:8>
            n<> u<861> t<Module_or_generate_item> p<862> c<860> l<90:5> el<96:8>
              n<> u<860> t<Module_common_item> p<861> c<859> l<90:5> el<96:8>
                n<> u<859> t<Initial_construct> p<860> c<858> l<90:5> el<96:8>
                  n<> u<858> t<Statement_or_null> p<859> c<857> l<90:13> el<96:8>
                    n<> u<857> t<Statement> p<858> c<856> l<90:13> el<96:8>
                      n<> u<856> t<Statement_item> p<857> c<855> l<90:13> el<96:8>
                        n<> u<855> t<Seq_block> p<856> c<801> l<90:13> el<96:8>
                          n<> u<801> t<Statement_or_null> p<855> c<800> s<813> l<91:2> el<91:22>
                            n<> u<800> t<Statement> p<801> c<799> l<91:2> el<91:22>
                              n<> u<799> t<Statement_item> p<800> c<798> l<91:2> el<91:22>
                                n<> u<798> t<Blocking_assignment> p<799> c<797> l<91:2> el<91:21>
                                  n<> u<797> t<Variable_assignment> p<798> c<792> l<91:2> el<91:21>
                                    n<> u<792> t<Variable_lvalue> p<797> c<789> s<796> l<91:2> el<91:14>
                                      n<> u<789> t<Ps_or_hierarchical_identifier> p<792> c<788> s<791> l<91:2> el<91:14>
                                        n<GRESTORE_int> u<788> t<SIMPLE_IDENTIFIER> p<789> l<91:2> el<91:14>
                                      n<> u<791> t<Select> p<792> c<790> l<91:15> el<91:15>
                                        n<> u<790> t<Bit_select> p<791> l<91:15> el<91:15>
                                    n<> u<796> t<Expression> p<797> c<795> l<91:17> el<91:21>
                                      n<> u<795> t<Primary> p<796> c<794> l<91:17> el<91:21>
                                        n<> u<794> t<Primary_literal> p<795> c<793> l<91:17> el<91:21>
                                          n<> u<793> t<ONE_TICK_b0> p<794> l<91:17> el<91:21>
                          n<> u<813> t<Statement_or_null> p<855> c<812> s<827> l<92:2> el<92:16>
                            n<> u<812> t<Statement> p<813> c<811> l<92:2> el<92:16>
                              n<> u<811> t<Statement_item> p<812> c<810> l<92:2> el<92:16>
                                n<> u<810> t<Procedural_timing_control_statement> p<811> c<808> l<92:2> el<92:16>
                                  n<> u<808> t<Procedural_timing_control> p<810> c<807> s<809> l<92:2> el<92:15>
                                    n<> u<807> t<Delay_control> p<808> c<806> l<92:2> el<92:15>
                                      n<> u<806> t<Mintypmax_expression> p<807> c<805> l<92:4> el<92:14>
                                        n<> u<805> t<Expression> p<806> c<804> l<92:4> el<92:14>
                                          n<> u<804> t<Primary> p<805> c<803> l<92:4> el<92:14>
                                            n<> u<803> t<Primary_literal> p<804> c<802> l<92:4> el<92:14>
                                              n<GRES_START> u<802> t<SIMPLE_IDENTIFIER> p<803> l<92:4> el<92:14>
                                  n<> u<809> t<Statement_or_null> p<810> l<92:15> el<92:16>
                          n<> u<827> t<Statement_or_null> p<855> c<826> s<839> l<93:2> el<93:22>
                            n<> u<826> t<Statement> p<827> c<825> l<93:2> el<93:22>
                              n<> u<825> t<Statement_item> p<826> c<824> l<93:2> el<93:22>
                                n<> u<824> t<Blocking_assignment> p<825> c<823> l<93:2> el<93:21>
                                  n<> u<823> t<Variable_assignment> p<824> c<818> l<93:2> el<93:21>
                                    n<> u<818> t<Variable_lvalue> p<823> c<815> s<822> l<93:2> el<93:14>
                                      n<> u<815> t<Ps_or_hierarchical_identifier> p<818> c<814> s<817> l<93:2> el<93:14>
                                        n<GRESTORE_int> u<814> t<SIMPLE_IDENTIFIER> p<815> l<93:2> el<93:14>
                                      n<> u<817> t<Select> p<818> c<816> l<93:15> el<93:15>
                                        n<> u<816> t<Bit_select> p<817> l<93:15> el<93:15>
                                    n<> u<822> t<Expression> p<823> c<821> l<93:17> el<93:21>
                                      n<> u<821> t<Primary> p<822> c<820> l<93:17> el<93:21>
                                        n<> u<820> t<Primary_literal> p<821> c<819> l<93:17> el<93:21>
                                          n<> u<819> t<ONE_TICK_b1> p<820> l<93:17> el<93:21>
                          n<> u<839> t<Statement_or_null> p<855> c<838> s<853> l<94:2> el<94:16>
                            n<> u<838> t<Statement> p<839> c<837> l<94:2> el<94:16>
                              n<> u<837> t<Statement_item> p<838> c<836> l<94:2> el<94:16>
                                n<> u<836> t<Procedural_timing_control_statement> p<837> c<834> l<94:2> el<94:16>
                                  n<> u<834> t<Procedural_timing_control> p<836> c<833> s<835> l<94:2> el<94:15>
                                    n<> u<833> t<Delay_control> p<834> c<832> l<94:2> el<94:15>
                                      n<> u<832> t<Mintypmax_expression> p<833> c<831> l<94:4> el<94:14>
                                        n<> u<831> t<Expression> p<832> c<830> l<94:4> el<94:14>
                                          n<> u<830> t<Primary> p<831> c<829> l<94:4> el<94:14>
                                            n<> u<829> t<Primary_literal> p<830> c<828> l<94:4> el<94:14>
                                              n<GRES_WIDTH> u<828> t<SIMPLE_IDENTIFIER> p<829> l<94:4> el<94:14>
                                  n<> u<835> t<Statement_or_null> p<836> l<94:15> el<94:16>
                          n<> u<853> t<Statement_or_null> p<855> c<852> s<854> l<95:2> el<95:22>
                            n<> u<852> t<Statement> p<853> c<851> l<95:2> el<95:22>
                              n<> u<851> t<Statement_item> p<852> c<850> l<95:2> el<95:22>
                                n<> u<850> t<Blocking_assignment> p<851> c<849> l<95:2> el<95:21>
                                  n<> u<849> t<Variable_assignment> p<850> c<844> l<95:2> el<95:21>
                                    n<> u<844> t<Variable_lvalue> p<849> c<841> s<848> l<95:2> el<95:14>
                                      n<> u<841> t<Ps_or_hierarchical_identifier> p<844> c<840> s<843> l<95:2> el<95:14>
                                        n<GRESTORE_int> u<840> t<SIMPLE_IDENTIFIER> p<841> l<95:2> el<95:14>
                                      n<> u<843> t<Select> p<844> c<842> l<95:15> el<95:15>
                                        n<> u<842> t<Bit_select> p<843> l<95:15> el<95:15>
                                    n<> u<848> t<Expression> p<849> c<847> l<95:17> el<95:21>
                                      n<> u<847> t<Primary> p<848> c<846> l<95:17> el<95:21>
                                        n<> u<846> t<Primary_literal> p<847> c<845> l<95:17> el<95:21>
                                          n<> u<845> t<ONE_TICK_b0> p<846> l<95:17> el<95:21>
                          n<> u<854> t<END> p<855> l<96:5> el<96:8>
        n<> u<864> t<ENDMODULE> p<865> l<98:1> el<98:10>
AST_DEBUG_END
[INF:PA0201] Parsing source file "$Source01/unisims/ODELAYE2.v".
AST_DEBUG_BEGIN
Count: 5232
LIB: work
FILE: f<14>:$Source01/unisims/ODELAYE2.v
n<$Source01/unisims/ODELAYE2.v> u<5231> t<Top_level_rule> c<1> l<32:1> el<588:1>
  n<> u<1> t<Null_rule> p<5231> s<2> l<32:1> el<32:1>
  n<///////////////////////////////////////////////////////////////////////////////> u<2> t<LINE_COMMENT> p<5231> s<3> l<1:1> el<1:80>
  n<//    Copyright (c) 1995/2004 Xilinx, Inc.> u<3> t<LINE_COMMENT> p<5231> s<4> l<2:1> el<2:43>
  n<// > u<4> t<LINE_COMMENT> p<5231> s<5> l<3:1> el<3:4>
  n<//    Licensed under the Apache License, Version 2.0 (the "License");> u<5> t<LINE_COMMENT> p<5231> s<6> l<4:1> el<4:70>
  n<//    you may not use this file except in compliance with the License.> u<6> t<LINE_COMMENT> p<5231> s<7> l<5:1> el<5:71>
  n<//    You may obtain a copy of the License at> u<7> t<LINE_COMMENT> p<5231> s<8> l<6:1> el<6:46>
  n<// > u<8> t<LINE_COMMENT> p<5231> s<9> l<7:1> el<7:4>
  n<//        http://www.apache.org/licenses/LICENSE-2.0> u<9> t<LINE_COMMENT> p<5231> s<10> l<8:1> el<8:53>
  n<// > u<10> t<LINE_COMMENT> p<5231> s<11> l<9:1> el<9:4>
  n<//    Unless required by applicable law or agreed to in writing, software> u<11> t<LINE_COMMENT> p<5231> s<12> l<10:1> el<10:74>
  n<//    distributed under the License is distributed on an "AS IS" BASIS,> u<12> t<LINE_COMMENT> p<5231> s<13> l<11:1> el<11:72>
  n<//    WITHOUT WARRANTIES OR CONDITIONS OF ANY KIND, either express or implied.> u<13> t<LINE_COMMENT> p<5231> s<14> l<12:1> el<12:79>
  n<//    See the License for the specific language governing permissions and> u<14> t<LINE_COMMENT> p<5231> s<15> l<13:1> el<13:74>
  n<//    limitations under the License.> u<15> t<LINE_COMMENT> p<5231> s<16> l<14:1> el<14:37>
  n<///////////////////////////////////////////////////////////////////////////////> u<16> t<LINE_COMMENT> p<5231> s<17> l<15:1> el<15:80>
  n<//   ____  ____> u<17> t<LINE_COMMENT> p<5231> s<18> l<16:1> el<16:16>
  n<//  /   /\/   /> u<18> t<LINE_COMMENT> p<5231> s<19> l<17:1> el<17:16>
  n<// /___/  \  /    Vendor : Xilinx> u<19> t<LINE_COMMENT> p<5231> s<20> l<18:1> el<18:34>
  n<// \   \   \/     Version : 12.0> u<20> t<LINE_COMMENT> p<5231> s<21> l<19:1> el<19:33>
  n<//  \   \         Description : Xilinx Functional and Timing Simulation Library Component> u<21> t<LINE_COMMENT> p<5231> s<22> l<20:1> el<20:90>
  n<//  /   /                  Onput Fixed or Variable Delay Element.> u<22> t<LINE_COMMENT> p<5231> s<23> l<21:1> el<21:66>
  n<// /___/   /\     Filename : ODELAYE2.v> u<23> t<LINE_COMMENT> p<5231> s<24> l<22:1> el<22:40>
  n<// \   \  /  \    Timestamp : Mon Sep 21 08:48:13 PDT 2009> u<24> t<LINE_COMMENT> p<5231> s<25> l<23:1> el<23:59>
  n<//  \___\/\___\> u<25> t<LINE_COMMENT> p<5231> s<26> l<24:1> el<24:16>
  n<//> u<26> t<LINE_COMMENT> p<5231> s<27> l<25:1> el<25:3>
  n<// Revision:> u<27> t<LINE_COMMENT> p<5231> s<28> l<26:1> el<26:13>
  n<//    09/21/09 - Initial version.> u<28> t<LINE_COMMENT> p<5231> s<29> l<27:1> el<27:34>
  n<//    12/13/11 - Added `celldefine and `endcelldefine (CR 524859).> u<29> t<LINE_COMMENT> p<5231> s<30> l<28:1> el<28:67>
  n<//    10/22/14 - Added #1 to $finish (CR 808642).> u<30> t<LINE_COMMENT> p<5231> s<31> l<29:1> el<29:50>
  n<// End Revision> u<31> t<LINE_COMMENT> p<5231> s<5230> l<30:1> el<30:16>
  n<> u<5230> t<Source_text> p<5231> c<40> l<32:1> el<587:15>
    n<> u<40> t<Description> p<5230> c<39> s<43> l<32:1> el<32:24>
      n<> u<39> t<Top_directives> p<40> c<38> l<32:1> el<32:24>
        n<> u<38> t<Timescale_directive> p<39> c<34> l<32:1> el<32:24>
          n<1ps> u<34> t<Time_literal> p<38> c<32> s<37> l<32:13> el<32:17>
            n<1> u<32> t<INTEGRAL_NUMBER> p<34> s<33> l<32:13> el<32:14>
            n<ps> u<33> t<SIMPLE_IDENTIFIER> p<34> l<32:15> el<32:17>
          n<1ps> u<37> t<Time_literal> p<38> c<35> l<32:20> el<32:24>
            n<1> u<35> t<INTEGRAL_NUMBER> p<37> s<36> l<32:20> el<32:21>
            n<ps> u<36> t<SIMPLE_IDENTIFIER> p<37> l<32:22> el<32:24>
    n<> u<43> t<Description> p<5230> c<42> s<5225> l<34:1> el<34:12>
      n<> u<42> t<Top_directives> p<43> c<41> l<34:1> el<34:12>
        n<> u<41> t<Celldefine_directive> p<42> l<34:1> el<34:12>
    n<> u<5225> t<Description> p<5230> c<5224> s<5226> l<36:1> el<585:10>
      n<> u<5224> t<Module_declaration> p<5225> c<120> l<36:1> el<585:10>
        n<> u<120> t<Module_nonansi_header> p<5224> c<44> s<137> l<36:1> el<36:112>
          n<module> u<44> t<Module_keyword> p<120> s<45> l<36:1> el<36:7>
          n<ODELAYE2> u<45> t<SIMPLE_IDENTIFIER> p<120> s<46> l<36:8> el<36:16>
          n<> u<46> t<Package_import_declaration_list> p<120> s<119> l<36:17> el<36:17>
          n<> u<119> t<Port_list> p<120> c<52> l<36:17> el<36:111>
            n<> u<52> t<Port> p<119> c<51> s<58> l<36:18> el<36:29>
              n<> u<51> t<Port_expression> p<52> c<50> l<36:18> el<36:29>
                n<> u<50> t<Port_reference> p<51> c<47> l<36:18> el<36:29>
                  n<CNTVALUEOUT> u<47> t<SIMPLE_IDENTIFIER> p<50> s<49> l<36:18> el<36:29>
                  n<> u<49> t<Constant_select> p<50> c<48> l<36:29> el<36:29>
                    n<> u<48> t<Constant_bit_select> p<49> l<36:29> el<36:29>
            n<> u<58> t<Port> p<119> c<57> s<64> l<36:31> el<36:38>
              n<> u<57> t<Port_expression> p<58> c<56> l<36:31> el<36:38>
                n<> u<56> t<Port_reference> p<57> c<53> l<36:31> el<36:38>
                  n<DATAOUT> u<53> t<SIMPLE_IDENTIFIER> p<56> s<55> l<36:31> el<36:38>
                  n<> u<55> t<Constant_select> p<56> c<54> l<36:38> el<36:38>
                    n<> u<54> t<Constant_bit_select> p<55> l<36:38> el<36:38>
            n<> u<64> t<Port> p<119> c<63> s<70> l<36:40> el<36:41>
              n<> u<63> t<Port_expression> p<64> c<62> l<36:40> el<36:41>
                n<> u<62> t<Port_reference> p<63> c<59> l<36:40> el<36:41>
                  n<C> u<59> t<SIMPLE_IDENTIFIER> p<62> s<61> l<36:40> el<36:41>
                  n<> u<61> t<Constant_select> p<62> c<60> l<36:41> el<36:41>
                    n<> u<60> t<Constant_bit_select> p<61> l<36:41> el<36:41>
            n<> u<70> t<Port> p<119> c<69> s<76> l<36:43> el<36:45>
              n<> u<69> t<Port_expression> p<70> c<68> l<36:43> el<36:45>
                n<> u<68> t<Port_reference> p<69> c<65> l<36:43> el<36:45>
                  n<CE> u<65> t<SIMPLE_IDENTIFIER> p<68> s<67> l<36:43> el<36:45>
                  n<> u<67> t<Constant_select> p<68> c<66> l<36:45> el<36:45>
                    n<> u<66> t<Constant_bit_select> p<67> l<36:45> el<36:45>
            n<> u<76> t<Port> p<119> c<75> s<82> l<36:47> el<36:55>
              n<> u<75> t<Port_expression> p<76> c<74> l<36:47> el<36:55>
                n<> u<74> t<Port_reference> p<75> c<71> l<36:47> el<36:55>
                  n<CINVCTRL> u<71> t<SIMPLE_IDENTIFIER> p<74> s<73> l<36:47> el<36:55>
                  n<> u<73> t<Constant_select> p<74> c<72> l<36:55> el<36:55>
                    n<> u<72> t<Constant_bit_select> p<73> l<36:55> el<36:55>
            n<> u<82> t<Port> p<119> c<81> s<88> l<36:57> el<36:62>
              n<> u<81> t<Port_expression> p<82> c<80> l<36:57> el<36:62>
                n<> u<80> t<Port_reference> p<81> c<77> l<36:57> el<36:62>
                  n<CLKIN> u<77> t<SIMPLE_IDENTIFIER> p<80> s<79> l<36:57> el<36:62>
                  n<> u<79> t<Constant_select> p<80> c<78> l<36:62> el<36:62>
                    n<> u<78> t<Constant_bit_select> p<79> l<36:62> el<36:62>
            n<> u<88> t<Port> p<119> c<87> s<94> l<36:64> el<36:74>
              n<> u<87> t<Port_expression> p<88> c<86> l<36:64> el<36:74>
                n<> u<86> t<Port_reference> p<87> c<83> l<36:64> el<36:74>
                  n<CNTVALUEIN> u<83> t<SIMPLE_IDENTIFIER> p<86> s<85> l<36:64> el<36:74>
                  n<> u<85> t<Constant_select> p<86> c<84> l<36:74> el<36:74>
                    n<> u<84> t<Constant_bit_select> p<85> l<36:74> el<36:74>
            n<> u<94> t<Port> p<119> c<93> s<100> l<36:76> el<36:79>
              n<> u<93> t<Port_expression> p<94> c<92> l<36:76> el<36:79>
                n<> u<92> t<Port_reference> p<93> c<89> l<36:76> el<36:79>
                  n<INC> u<89> t<SIMPLE_IDENTIFIER> p<92> s<91> l<36:76> el<36:79>
                  n<> u<91> t<Constant_select> p<92> c<90> l<36:79> el<36:79>
                    n<> u<90> t<Constant_bit_select> p<91> l<36:79> el<36:79>
            n<> u<100> t<Port> p<119> c<99> s<106> l<36:81> el<36:83>
              n<> u<99> t<Port_expression> p<100> c<98> l<36:81> el<36:83>
                n<> u<98> t<Port_reference> p<99> c<95> l<36:81> el<36:83>
                  n<LD> u<95> t<SIMPLE_IDENTIFIER> p<98> s<97> l<36:81> el<36:83>
                  n<> u<97> t<Constant_select> p<98> c<96> l<36:83> el<36:83>
                    n<> u<96> t<Constant_bit_select> p<97> l<36:83> el<36:83>
            n<> u<106> t<Port> p<119> c<105> s<112> l<36:85> el<36:93>
              n<> u<105> t<Port_expression> p<106> c<104> l<36:85> el<36:93>
                n<> u<104> t<Port_reference> p<105> c<101> l<36:85> el<36:93>
                  n<LDPIPEEN> u<101> t<SIMPLE_IDENTIFIER> p<104> s<103> l<36:85> el<36:93>
                  n<> u<103> t<Constant_select> p<104> c<102> l<36:93> el<36:93>
                    n<> u<102> t<Constant_bit_select> p<103> l<36:93> el<36:93>
            n<> u<112> t<Port> p<119> c<111> s<118> l<36:95> el<36:102>
              n<> u<111> t<Port_expression> p<112> c<110> l<36:95> el<36:102>
                n<> u<110> t<Port_reference> p<111> c<107> l<36:95> el<36:102>
                  n<ODATAIN> u<107> t<SIMPLE_IDENTIFIER> p<110> s<109> l<36:95> el<36:102>
                  n<> u<109> t<Constant_select> p<110> c<108> l<36:102> el<36:102>
                    n<> u<108> t<Constant_bit_select> p<109> l<36:102> el<36:102>
            n<> u<118> t<Port> p<119> c<117> l<36:104> el<36:110>
              n<> u<117> t<Port_expression> p<118> c<116> l<36:104> el<36:110>
                n<> u<116> t<Port_reference> p<117> c<113> l<36:104> el<36:110>
                  n<REGRST> u<113> t<SIMPLE_IDENTIFIER> p<116> s<115> l<36:104> el<36:110>
                  n<> u<115> t<Constant_select> p<116> c<114> l<36:110> el<36:110>
                    n<> u<114> t<Constant_bit_select> p<115> l<36:110> el<36:110>
        n<> u<137> t<Module_item> p<5224> c<136> s<154> l<38:5> el<38:38>
          n<> u<136> t<Non_port_module_item> p<137> c<135> l<38:5> el<38:38>
            n<> u<135> t<Module_or_generate_item> p<136> c<134> l<38:5> el<38:38>
              n<> u<134> t<Module_common_item> p<135> c<133> l<38:5> el<38:38>
                n<> u<133> t<Module_or_generate_item_declaration> p<134> c<132> l<38:5> el<38:38>
                  n<> u<132> t<Package_or_generate_item_declaration> p<133> c<131> l<38:5> el<38:38>
                    n<> u<131> t<Parameter_declaration> p<132> c<121> l<38:5> el<38:37>
                      n<> u<121> t<Data_type_or_implicit> p<131> s<130> l<38:15> el<38:15>
                      n<> u<130> t<Param_assignment_list> p<131> c<129> l<38:15> el<38:37>
                        n<> u<129> t<Param_assignment> p<130> c<122> l<38:15> el<38:37>
                          n<CINVCTRL_SEL> u<122> t<SIMPLE_IDENTIFIER> p<129> s<128> l<38:15> el<38:27>
                          n<> u<128> t<Constant_param_expression> p<129> c<127> l<38:30> el<38:37>
                            n<> u<127> t<Constant_mintypmax_expression> p<128> c<126> l<38:30> el<38:37>
                              n<> u<126> t<Constant_expression> p<127> c<125> l<38:30> el<38:37>
                                n<> u<125> t<Constant_primary> p<126> c<124> l<38:30> el<38:37>
                                  n<> u<124> t<Primary_literal> p<125> c<123> l<38:30> el<38:37>
                                    n<"FALSE"> u<123> t<QUOTED_STRING> p<124> l<38:30> el<38:37>
        n<> u<154> t<Module_item> p<5224> c<153> s<171> l<39:5> el<39:37>
          n<> u<153> t<Non_port_module_item> p<154> c<152> l<39:5> el<39:37>
            n<> u<152> t<Module_or_generate_item> p<153> c<151> l<39:5> el<39:37>
              n<> u<151> t<Module_common_item> p<152> c<150> l<39:5> el<39:37>
                n<> u<150> t<Module_or_generate_item_declaration> p<151> c<149> l<39:5> el<39:37>
                  n<> u<149> t<Package_or_generate_item_declaration> p<150> c<148> l<39:5> el<39:37>
                    n<> u<148> t<Parameter_declaration> p<149> c<138> l<39:5> el<39:36>
                      n<> u<138> t<Data_type_or_implicit> p<148> s<147> l<39:15> el<39:15>
                      n<> u<147> t<Param_assignment_list> p<148> c<146> l<39:15> el<39:36>
                        n<> u<146> t<Param_assignment> p<147> c<139> l<39:15> el<39:36>
                          n<DELAY_SRC> u<139> t<SIMPLE_IDENTIFIER> p<146> s<145> l<39:15> el<39:24>
                          n<> u<145> t<Constant_param_expression> p<146> c<144> l<39:27> el<39:36>
                            n<> u<144> t<Constant_mintypmax_expression> p<145> c<143> l<39:27> el<39:36>
                              n<> u<143> t<Constant_expression> p<144> c<142> l<39:27> el<39:36>
                                n<> u<142> t<Constant_primary> p<143> c<141> l<39:27> el<39:36>
                                  n<> u<141> t<Primary_literal> p<142> c<140> l<39:27> el<39:36>
                                    n<"ODATAIN"> u<140> t<QUOTED_STRING> p<141> l<39:27> el<39:36>
        n<> u<171> t<Module_item> p<5224> c<170> s<198> l<40:5> el<40:50>
          n<> u<170> t<Non_port_module_item> p<171> c<169> l<40:5> el<40:50>
            n<> u<169> t<Module_or_generate_item> p<170> c<168> l<40:5> el<40:50>
              n<> u<168> t<Module_common_item> p<169> c<167> l<40:5> el<40:50>
                n<> u<167> t<Module_or_generate_item_declaration> p<168> c<166> l<40:5> el<40:50>
                  n<> u<166> t<Package_or_generate_item_declaration> p<167> c<165> l<40:5> el<40:50>
                    n<> u<165> t<Parameter_declaration> p<166> c<155> l<40:5> el<40:49>
                      n<> u<155> t<Data_type_or_implicit> p<165> s<164> l<40:15> el<40:15>
                      n<> u<164> t<Param_assignment_list> p<165> c<163> l<40:15> el<40:49>
                        n<> u<163> t<Param_assignment> p<164> c<156> l<40:15> el<40:49>
                          n<HIGH_PERFORMANCE_MODE> u<156> t<SIMPLE_IDENTIFIER> p<163> s<162> l<40:15> el<40:36>
                          n<> u<162> t<Constant_param_expression> p<163> c<161> l<40:42> el<40:49>
                            n<> u<161> t<Constant_mintypmax_expression> p<162> c<160> l<40:42> el<40:49>
                              n<> u<160> t<Constant_expression> p<161> c<159> l<40:42> el<40:49>
                                n<> u<159> t<Constant_primary> p<160> c<158> l<40:42> el<40:49>
                                  n<> u<158> t<Primary_literal> p<159> c<157> l<40:42> el<40:49>
                                    n<"FALSE"> u<157> t<QUOTED_STRING> p<158> l<40:42> el<40:49>
        n<> u<198> t<Module_item> p<5224> c<197> s<225> l<41:5> el<41:42>
          n<> u<197> t<Non_port_module_item> p<198> c<196> l<41:5> el<41:42>
            n<> u<196> t<Module_or_generate_item> p<197> c<195> l<41:5> el<41:42>
              n<> u<195> t<Module_common_item> p<196> c<194> l<41:5> el<41:42>
                n<> u<194> t<Module_or_generate_item_declaration> p<195> c<193> l<41:5> el<41:42>
                  n<> u<193> t<Package_or_generate_item_declaration> p<194> c<192> l<41:5> el<41:42>
                    n<> u<192> t<Parameter_declaration> p<193> c<182> l<41:5> el<41:41>
                      n<> u<182> t<Data_type_or_implicit> p<192> c<181> s<191> l<41:15> el<41:20>
                        n<> u<181> t<Packed_dimension> p<182> c<180> l<41:15> el<41:20>
                          n<> u<180> t<Constant_range> p<181> c<175> l<41:16> el<41:19>
                            n<> u<175> t<Constant_expression> p<180> c<174> s<179> l<41:16> el<41:17>
                              n<> u<174> t<Constant_primary> p<175> c<173> l<41:16> el<41:17>
                                n<> u<173> t<Primary_literal> p<174> c<172> l<41:16> el<41:17>
                                  n<0> u<172> t<INTEGRAL_NUMBER> p<173> l<41:16> el<41:17>
                            n<> u<179> t<Constant_expression> p<180> c<178> l<41:18> el<41:19>
                              n<> u<178> t<Constant_primary> p<179> c<177> l<41:18> el<41:19>
                                n<> u<177> t<Primary_literal> p<178> c<176> l<41:18> el<41:19>
                                  n<0> u<176> t<INTEGRAL_NUMBER> p<177> l<41:18> el<41:19>
                      n<> u<191> t<Param_assignment_list> p<192> c<190> l<41:21> el<41:41>
                        n<> u<190> t<Param_assignment> p<191> c<183> l<41:21> el<41:41>
                          n<IS_C_INVERTED> u<183> t<SIMPLE_IDENTIFIER> p<190> s<189> l<41:21> el<41:34>
                          n<> u<189> t<Constant_param_expression> p<190> c<188> l<41:37> el<41:41>
                            n<> u<188> t<Constant_mintypmax_expression> p<189> c<187> l<41:37> el<41:41>
                              n<> u<187> t<Constant_expression> p<188> c<186> l<41:37> el<41:41>
                                n<> u<186> t<Constant_primary> p<187> c<185> l<41:37> el<41:41>
                                  n<> u<185> t<Primary_literal> p<186> c<184> l<41:37> el<41:41>
                                    n<> u<184> t<ONE_TICK_b0> p<185> l<41:37> el<41:41>
        n<> u<225> t<Module_item> p<5224> c<224> s<242> l<42:5> el<42:48>
          n<> u<224> t<Non_port_module_item> p<225> c<223> l<42:5> el<42:48>
            n<> u<223> t<Module_or_generate_item> p<224> c<222> l<42:5> el<42:48>
              n<> u<222> t<Module_common_item> p<223> c<221> l<42:5> el<42:48>
                n<> u<221> t<Module_or_generate_item_declaration> p<222> c<220> l<42:5> el<42:48>
                  n<> u<220> t<Package_or_generate_item_declaration> p<221> c<219> l<42:5> el<42:48>
                    n<> u<219> t<Parameter_declaration> p<220> c<209> l<42:5> el<42:47>
                      n<> u<209> t<Data_type_or_implicit> p<219> c<208> s<218> l<42:15> el<42:20>
                        n<> u<208> t<Packed_dimension> p<209> c<207> l<42:15> el<42:20>
                          n<> u<207> t<Constant_range> p<208> c<202> l<42:16> el<42:19>
                            n<> u<202> t<Constant_expression> p<207> c<201> s<206> l<42:16> el<42:17>
                              n<> u<201> t<Constant_primary> p<202> c<200> l<42:16> el<42:17>
                                n<> u<200> t<Primary_literal> p<201> c<199> l<42:16> el<42:17>
                                  n<0> u<199> t<INTEGRAL_NUMBER> p<200> l<42:16> el<42:17>
                            n<> u<206> t<Constant_expression> p<207> c<205> l<42:18> el<42:19>
                              n<> u<205> t<Constant_primary> p<206> c<204> l<42:18> el<42:19>
                                n<> u<204> t<Primary_literal> p<205> c<203> l<42:18> el<42:19>
                                  n<0> u<203> t<INTEGRAL_NUMBER> p<204> l<42:18> el<42:19>
                      n<> u<218> t<Param_assignment_list> p<219> c<217> l<42:21> el<42:47>
                        n<> u<217> t<Param_assignment> p<218> c<210> l<42:21> el<42:47>
                          n<IS_ODATAIN_INVERTED> u<210> t<SIMPLE_IDENTIFIER> p<217> s<216> l<42:21> el<42:40>
                          n<> u<216> t<Constant_param_expression> p<217> c<215> l<42:43> el<42:47>
                            n<> u<215> t<Constant_mintypmax_expression> p<216> c<214> l<42:43> el<42:47>
                              n<> u<214> t<Constant_expression> p<215> c<213> l<42:43> el<42:47>
                                n<> u<213> t<Constant_primary> p<214> c<212> l<42:43> el<42:47>
                                  n<> u<212> t<Primary_literal> p<213> c<211> l<42:43> el<42:47>
                                    n<> u<211> t<ONE_TICK_b0> p<212> l<42:43> el<42:47>
        n<> u<242> t<Module_item> p<5224> c<241> s<261> l<43:5> el<43:38>
          n<> u<241> t<Non_port_module_item> p<242> c<240> l<43:5> el<43:38>
            n<> u<240> t<Module_or_generate_item> p<241> c<239> l<43:5> el<43:38>
              n<> u<239> t<Module_common_item> p<240> c<238> l<43:5> el<43:38>
                n<> u<238> t<Module_or_generate_item_declaration> p<239> c<237> l<43:5> el<43:38>
                  n<> u<237> t<Package_or_generate_item_declaration> p<238> c<236> l<43:5> el<43:38>
                    n<> u<236> t<Parameter_declaration> p<237> c<226> l<43:5> el<43:37>
                      n<> u<226> t<Data_type_or_implicit> p<236> s<235> l<43:15> el<43:15>
                      n<> u<235> t<Param_assignment_list> p<236> c<234> l<43:15> el<43:37>
                        n<> u<234> t<Param_assignment> p<235> c<227> l<43:15> el<43:37>
                          n<ODELAY_TYPE> u<227> t<SIMPLE_IDENTIFIER> p<234> s<233> l<43:15> el<43:26>
                          n<> u<233> t<Constant_param_expression> p<234> c<232> l<43:30> el<43:37>
                            n<> u<232> t<Constant_mintypmax_expression> p<233> c<231> l<43:30> el<43:37>
                              n<> u<231> t<Constant_expression> p<232> c<230> l<43:30> el<43:37>
                                n<> u<230> t<Constant_primary> p<231> c<229> l<43:30> el<43:37>
                                  n<> u<229> t<Primary_literal> p<230> c<228> l<43:30> el<43:37>
                                    n<"FIXED"> u<228> t<QUOTED_STRING> p<229> l<43:30> el<43:37>
        n<> u<261> t<Module_item> p<5224> c<260> s<278> l<44:5> el<44:40>
          n<> u<260> t<Non_port_module_item> p<261> c<259> l<44:5> el<44:40>
            n<> u<259> t<Module_or_generate_item> p<260> c<258> l<44:5> el<44:40>
              n<> u<258> t<Module_common_item> p<259> c<257> l<44:5> el<44:40>
                n<> u<257> t<Module_or_generate_item_declaration> p<258> c<256> l<44:5> el<44:40>
                  n<> u<256> t<Package_or_generate_item_declaration> p<257> c<255> l<44:5> el<44:40>
                    n<> u<255> t<Parameter_declaration> p<256> c<245> l<44:5> el<44:39>
                      n<> u<245> t<Data_type_or_implicit> p<255> c<244> s<254> l<44:15> el<44:22>
                        n<> u<244> t<Data_type> p<245> c<243> l<44:15> el<44:22>
                          n<> u<243> t<INTEGER> p<244> l<44:15> el<44:22>
                      n<> u<254> t<Param_assignment_list> p<255> c<253> l<44:23> el<44:39>
                        n<> u<253> t<Param_assignment> p<254> c<246> l<44:23> el<44:39>
                          n<ODELAY_VALUE> u<246> t<SIMPLE_IDENTIFIER> p<253> s<252> l<44:23> el<44:35>
                          n<> u<252> t<Constant_param_expression> p<253> c<251> l<44:38> el<44:39>
                            n<> u<251> t<Constant_mintypmax_expression> p<252> c<250> l<44:38> el<44:39>
                              n<> u<250> t<Constant_expression> p<251> c<249> l<44:38> el<44:39>
                                n<> u<249> t<Constant_primary> p<250> c<248> l<44:38> el<44:39>
                                  n<> u<248> t<Primary_literal> p<249> c<247> l<44:38> el<44:39>
                                    n<0> u<247> t<INTEGRAL_NUMBER> p<248> l<44:38> el<44:39>
        n<> u<278> t<Module_item> p<5224> c<277> s<297> l<45:5> el<45:34>
          n<> u<277> t<Non_port_module_item> p<278> c<276> l<45:5> el<45:34>
            n<> u<276> t<Module_or_generate_item> p<277> c<275> l<45:5> el<45:34>
              n<> u<275> t<Module_common_item> p<276> c<274> l<45:5> el<45:34>
                n<> u<274> t<Module_or_generate_item_declaration> p<275> c<273> l<45:5> el<45:34>
                  n<> u<273> t<Package_or_generate_item_declaration> p<274> c<272> l<45:5> el<45:34>
                    n<> u<272> t<Parameter_declaration> p<273> c<262> l<45:5> el<45:33>
                      n<> u<262> t<Data_type_or_implicit> p<272> s<271> l<45:15> el<45:15>
                      n<> u<271> t<Param_assignment_list> p<272> c<270> l<45:15> el<45:33>
                        n<> u<270> t<Param_assignment> p<271> c<263> l<45:15> el<45:33>
                          n<PIPE_SEL> u<263> t<SIMPLE_IDENTIFIER> p<270> s<269> l<45:15> el<45:23>
                          n<> u<269> t<Constant_param_expression> p<270> c<268> l<45:26> el<45:33>
                            n<> u<268> t<Constant_mintypmax_expression> p<269> c<267> l<45:26> el<45:33>
                              n<> u<267> t<Constant_expression> p<268> c<266> l<45:26> el<45:33>
                                n<> u<266> t<Constant_primary> p<267> c<265> l<45:26> el<45:33>
                                  n<> u<265> t<Primary_literal> p<266> c<264> l<45:26> el<45:33>
                                    n<"FALSE"> u<264> t<QUOTED_STRING> p<265> l<45:26> el<45:33>
        n<> u<297> t<Module_item> p<5224> c<296> s<314> l<46:5> el<46:45>
          n<> u<296> t<Non_port_module_item> p<297> c<295> l<46:5> el<46:45>
            n<> u<295> t<Module_or_generate_item> p<296> c<294> l<46:5> el<46:45>
              n<> u<294> t<Module_common_item> p<295> c<293> l<46:5> el<46:45>
                n<> u<293> t<Module_or_generate_item_declaration> p<294> c<292> l<46:5> el<46:45>
                  n<> u<292> t<Package_or_generate_item_declaration> p<293> c<291> l<46:5> el<46:45>
                    n<> u<291> t<Parameter_declaration> p<292> c<281> l<46:5> el<46:44>
                      n<> u<281> t<Data_type_or_implicit> p<291> c<280> s<290> l<46:15> el<46:19>
                        n<> u<280> t<Data_type> p<281> c<279> l<46:15> el<46:19>
                          n<> u<279> t<REAL> p<280> l<46:15> el<46:19>
                      n<> u<290> t<Param_assignment_list> p<291> c<289> l<46:20> el<46:44>
                        n<> u<289> t<Param_assignment> p<290> c<282> l<46:20> el<46:44>
                          n<REFCLK_FREQUENCY> u<282> t<SIMPLE_IDENTIFIER> p<289> s<288> l<46:20> el<46:36>
                          n<> u<288> t<Constant_param_expression> p<289> c<287> l<46:39> el<46:44>
                            n<> u<287> t<Constant_mintypmax_expression> p<288> c<286> l<46:39> el<46:44>
                              n<> u<286> t<Constant_expression> p<287> c<285> l<46:39> el<46:44>
                                n<> u<285> t<Constant_primary> p<286> c<284> l<46:39> el<46:44>
                                  n<> u<284> t<Primary_literal> p<285> c<283> l<46:39> el<46:44>
                                    n<200.0> u<283> t<REAL_NUMBER> p<284> l<46:39> el<46:44>
        n<> u<314> t<Module_item> p<5224> c<313> s<331> l<47:5> el<47:42>
          n<> u<313> t<Non_port_module_item> p<314> c<312> l<47:5> el<47:42>
            n<> u<312> t<Module_or_generate_item> p<313> c<311> l<47:5> el<47:42>
              n<> u<311> t<Module_common_item> p<312> c<310> l<47:5> el<47:42>
                n<> u<310> t<Module_or_generate_item_declaration> p<311> c<309> l<47:5> el<47:42>
                  n<> u<309> t<Package_or_generate_item_declaration> p<310> c<308> l<47:5> el<47:42>
                    n<> u<308> t<Parameter_declaration> p<309> c<298> l<47:5> el<47:41>
                      n<> u<298> t<Data_type_or_implicit> p<308> s<307> l<47:15> el<47:15>
                      n<> u<307> t<Param_assignment_list> p<308> c<306> l<47:15> el<47:41>
                        n<> u<306> t<Param_assignment> p<307> c<299> l<47:15> el<47:41>
                          n<SIGNAL_PATTERN> u<299> t<SIMPLE_IDENTIFIER> p<306> s<305> l<47:15> el<47:29>
                          n<> u<305> t<Constant_param_expression> p<306> c<304> l<47:35> el<47:41>
                            n<> u<304> t<Constant_mintypmax_expression> p<305> c<303> l<47:35> el<47:41>
                              n<> u<303> t<Constant_expression> p<304> c<302> l<47:35> el<47:41>
                                n<> u<302> t<Constant_primary> p<303> c<301> l<47:35> el<47:41>
                                  n<> u<301> t<Primary_literal> p<302> c<300> l<47:35> el<47:41>
                                    n<"DATA"> u<300> t<QUOTED_STRING> p<301> l<47:35> el<47:41>
        n<> u<331> t<Module_item> p<5224> c<330> s<348> l<56:5> el<56:23>
          n<> u<330> t<Non_port_module_item> p<331> c<329> l<56:5> el<56:23>
            n<> u<329> t<Module_or_generate_item> p<330> c<328> l<56:5> el<56:23>
              n<> u<328> t<Module_common_item> p<329> c<327> l<56:5> el<56:23>
                n<> u<327> t<Module_or_generate_item_declaration> p<328> c<326> l<56:5> el<56:23>
                  n<> u<326> t<Package_or_generate_item_declaration> p<327> c<325> l<56:5> el<56:23>
                    n<> u<325> t<Data_declaration> p<326> c<324> l<56:5> el<56:23>
                      n<> u<324> t<Variable_declaration> p<325> c<316> l<56:5> el<56:23>
                        n<> u<316> t<Data_type> p<324> c<315> s<323> l<56:5> el<56:12>
                          n<> u<315> t<INTEGER> p<316> l<56:5> el<56:12>
                        n<> u<323> t<Variable_decl_assignment_list> p<324> c<322> l<56:13> el<56:22>
                          n<> u<322> t<Variable_decl_assignment> p<323> c<317> l<56:13> el<56:22>
                            n<DELAY_D> u<317> t<SIMPLE_IDENTIFIER> p<322> s<321> l<56:13> el<56:20>
                            n<> u<321> t<Expression> p<322> c<320> l<56:21> el<56:22>
                              n<> u<320> t<Primary> p<321> c<319> l<56:21> el<56:22>
                                n<> u<319> t<Primary_literal> p<320> c<318> l<56:21> el<56:22>
                                  n<0> u<318> t<INTEGRAL_NUMBER> p<319> l<56:21> el<56:22>
        n<> u<348> t<Module_item> p<5224> c<347> s<355> l<59:5> el<59:30>
          n<> u<347> t<Port_declaration> p<348> c<346> l<59:5> el<59:29>
            n<> u<346> t<Output_declaration> p<347> c<343> l<59:5> el<59:29>
              n<> u<343> t<Net_port_type> p<346> c<342> s<345> l<59:12> el<59:17>
                n<> u<342> t<Data_type_or_implicit> p<343> c<341> l<59:12> el<59:17>
                  n<> u<341> t<Packed_dimension> p<342> c<340> l<59:12> el<59:17>
                    n<> u<340> t<Constant_range> p<341> c<335> l<59:13> el<59:16>
                      n<> u<335> t<Constant_expression> p<340> c<334> s<339> l<59:13> el<59:14>
                        n<> u<334> t<Constant_primary> p<335> c<333> l<59:13> el<59:14>
                          n<> u<333> t<Primary_literal> p<334> c<332> l<59:13> el<59:14>
                            n<4> u<332> t<INTEGRAL_NUMBER> p<333> l<59:13> el<59:14>
                      n<> u<339> t<Constant_expression> p<340> c<338> l<59:15> el<59:16>
                        n<> u<338> t<Constant_primary> p<339> c<337> l<59:15> el<59:16>
                          n<> u<337> t<Primary_literal> p<338> c<336> l<59:15> el<59:16>
                            n<0> u<336> t<INTEGRAL_NUMBER> p<337> l<59:15> el<59:16>
              n<> u<345> t<Output_port_identifier_list> p<346> c<344> l<59:18> el<59:29>
                n<CNTVALUEOUT> u<344> t<SIMPLE_IDENTIFIER> p<345> l<59:18> el<59:29>
        n<> u<355> t<Module_item> p<5224> c<354> s<362> l<60:5> el<60:20>
          n<> u<354> t<Port_declaration> p<355> c<353> l<60:5> el<60:19>
            n<> u<353> t<Output_declaration> p<354> c<350> l<60:5> el<60:19>
              n<> u<350> t<Net_port_type> p<353> c<349> s<352> l<60:12> el<60:12>
                n<> u<349> t<Data_type_or_implicit> p<350> l<60:12> el<60:12>
              n<> u<352> t<Output_port_identifier_list> p<353> c<351> l<60:12> el<60:19>
                n<DATAOUT> u<351> t<SIMPLE_IDENTIFIER> p<352> l<60:12> el<60:19>
        n<> u<362> t<Module_item> p<5224> c<361> s<369> l<62:5> el<62:13>
          n<> u<361> t<Port_declaration> p<362> c<360> l<62:5> el<62:12>
            n<> u<360> t<Input_declaration> p<361> c<357> l<62:5> el<62:12>
              n<> u<357> t<Net_port_type> p<360> c<356> s<359> l<62:11> el<62:11>
                n<> u<356> t<Data_type_or_implicit> p<357> l<62:11> el<62:11>
              n<> u<359> t<Port_identifier_list> p<360> c<358> l<62:11> el<62:12>
                n<C> u<358> t<SIMPLE_IDENTIFIER> p<359> l<62:11> el<62:12>
        n<> u<369> t<Module_item> p<5224> c<368> s<376> l<63:5> el<63:14>
          n<> u<368> t<Port_declaration> p<369> c<367> l<63:5> el<63:13>
            n<> u<367> t<Input_declaration> p<368> c<364> l<63:5> el<63:13>
              n<> u<364> t<Net_port_type> p<367> c<363> s<366> l<63:11> el<63:11>
                n<> u<363> t<Data_type_or_implicit> p<364> l<63:11> el<63:11>
              n<> u<366> t<Port_identifier_list> p<367> c<365> l<63:11> el<63:13>
                n<CE> u<365> t<SIMPLE_IDENTIFIER> p<366> l<63:11> el<63:13>
        n<> u<376> t<Module_item> p<5224> c<375> s<383> l<64:5> el<64:20>
          n<> u<375> t<Port_declaration> p<376> c<374> l<64:5> el<64:19>
            n<> u<374> t<Input_declaration> p<375> c<371> l<64:5> el<64:19>
              n<> u<371> t<Net_port_type> p<374> c<370> s<373> l<64:11> el<64:11>
                n<> u<370> t<Data_type_or_implicit> p<371> l<64:11> el<64:11>
              n<> u<373> t<Port_identifier_list> p<374> c<372> l<64:11> el<64:19>
                n<CINVCTRL> u<372> t<SIMPLE_IDENTIFIER> p<373> l<64:11> el<64:19>
        n<> u<383> t<Module_item> p<5224> c<382> s<400> l<65:5> el<65:17>
          n<> u<382> t<Port_declaration> p<383> c<381> l<65:5> el<65:16>
            n<> u<381> t<Input_declaration> p<382> c<378> l<65:5> el<65:16>
              n<> u<378> t<Net_port_type> p<381> c<377> s<380> l<65:11> el<65:11>
                n<> u<377> t<Data_type_or_implicit> p<378> l<65:11> el<65:11>
              n<> u<380> t<Port_identifier_list> p<381> c<379> l<65:11> el<65:16>
                n<CLKIN> u<379> t<SIMPLE_IDENTIFIER> p<380> l<65:11> el<65:16>
        n<> u<400> t<Module_item> p<5224> c<399> s<407> l<66:5> el<66:28>
          n<> u<399> t<Port_declaration> p<400> c<398> l<66:5> el<66:27>
            n<> u<398> t<Input_declaration> p<399> c<395> l<66:5> el<66:27>
              n<> u<395> t<Net_port_type> p<398> c<394> s<397> l<66:11> el<66:16>
                n<> u<394> t<Data_type_or_implicit> p<395> c<393> l<66:11> el<66:16>
                  n<> u<393> t<Packed_dimension> p<394> c<392> l<66:11> el<66:16>
                    n<> u<392> t<Constant_range> p<393> c<387> l<66:12> el<66:15>
                      n<> u<387> t<Constant_expression> p<392> c<386> s<391> l<66:12> el<66:13>
                        n<> u<386> t<Constant_primary> p<387> c<385> l<66:12> el<66:13>
                          n<> u<385> t<Primary_literal> p<386> c<384> l<66:12> el<66:13>
                            n<4> u<384> t<INTEGRAL_NUMBER> p<385> l<66:12> el<66:13>
                      n<> u<391> t<Constant_expression> p<392> c<390> l<66:14> el<66:15>
                        n<> u<390> t<Constant_primary> p<391> c<389> l<66:14> el<66:15>
                          n<> u<389> t<Primary_literal> p<390> c<388> l<66:14> el<66:15>
                            n<0> u<388> t<INTEGRAL_NUMBER> p<389> l<66:14> el<66:15>
              n<> u<397> t<Port_identifier_list> p<398> c<396> l<66:17> el<66:27>
                n<CNTVALUEIN> u<396> t<SIMPLE_IDENTIFIER> p<397> l<66:17> el<66:27>
        n<> u<407> t<Module_item> p<5224> c<406> s<414> l<67:5> el<67:15>
          n<> u<406> t<Port_declaration> p<407> c<405> l<67:5> el<67:14>
            n<> u<405> t<Input_declaration> p<406> c<402> l<67:5> el<67:14>
              n<> u<402> t<Net_port_type> p<405> c<401> s<404> l<67:11> el<67:11>
                n<> u<401> t<Data_type_or_implicit> p<402> l<67:11> el<67:11>
              n<> u<404> t<Port_identifier_list> p<405> c<403> l<67:11> el<67:14>
                n<INC> u<403> t<SIMPLE_IDENTIFIER> p<404> l<67:11> el<67:14>
        n<> u<414> t<Module_item> p<5224> c<413> s<421> l<68:5> el<68:14>
          n<> u<413> t<Port_declaration> p<414> c<412> l<68:5> el<68:13>
            n<> u<412> t<Input_declaration> p<413> c<409> l<68:5> el<68:13>
              n<> u<409> t<Net_port_type> p<412> c<408> s<411> l<68:11> el<68:11>
                n<> u<408> t<Data_type_or_implicit> p<409> l<68:11> el<68:11>
              n<> u<411> t<Port_identifier_list> p<412> c<410> l<68:11> el<68:13>
                n<LD> u<410> t<SIMPLE_IDENTIFIER> p<411> l<68:11> el<68:13>
        n<> u<421> t<Module_item> p<5224> c<420> s<428> l<69:5> el<69:20>
          n<> u<420> t<Port_declaration> p<421> c<419> l<69:5> el<69:19>
            n<> u<419> t<Input_declaration> p<420> c<416> l<69:5> el<69:19>
              n<> u<416> t<Net_port_type> p<419> c<415> s<418> l<69:11> el<69:11>
                n<> u<415> t<Data_type_or_implicit> p<416> l<69:11> el<69:11>
              n<> u<418> t<Port_identifier_list> p<419> c<417> l<69:11> el<69:19>
                n<LDPIPEEN> u<417> t<SIMPLE_IDENTIFIER> p<418> l<69:11> el<69:19>
        n<> u<428> t<Module_item> p<5224> c<427> s<435> l<70:5> el<70:19>
          n<> u<427> t<Port_declaration> p<428> c<426> l<70:5> el<70:18>
            n<> u<426> t<Input_declaration> p<427> c<423> l<70:5> el<70:18>
              n<> u<423> t<Net_port_type> p<426> c<422> s<425> l<70:11> el<70:11>
                n<> u<422> t<Data_type_or_implicit> p<423> l<70:11> el<70:11>
              n<> u<425> t<Port_identifier_list> p<426> c<424> l<70:11> el<70:18>
                n<ODATAIN> u<424> t<SIMPLE_IDENTIFIER> p<425> l<70:11> el<70:18>
        n<> u<435> t<Module_item> p<5224> c<434> s<455> l<71:5> el<71:18>
          n<> u<434> t<Port_declaration> p<435> c<433> l<71:5> el<71:17>
            n<> u<433> t<Input_declaration> p<434> c<430> l<71:5> el<71:17>
              n<> u<430> t<Net_port_type> p<433> c<429> s<432> l<71:11> el<71:11>
                n<> u<429> t<Data_type_or_implicit> p<430> l<71:11> el<71:11>
              n<> u<432> t<Port_identifier_list> p<433> c<431> l<71:11> el<71:17>
                n<REGRST> u<431> t<SIMPLE_IDENTIFIER> p<432> l<71:11> el<71:17>
        n<> u<455> t<Module_item> p<5224> c<454> s<468> l<74:5> el<74:26>
          n<> u<454> t<Non_port_module_item> p<455> c<453> l<74:5> el<74:26>
            n<> u<453> t<Module_or_generate_item> p<454> c<452> l<74:5> el<74:26>
              n<> u<452> t<Module_common_item> p<453> c<451> l<74:5> el<74:26>
                n<> u<451> t<Module_or_generate_item_declaration> p<452> c<450> l<74:5> el<74:26>
                  n<> u<450> t<Package_or_generate_item_declaration> p<451> c<449> l<74:5> el<74:26>
                    n<> u<449> t<Net_declaration> p<450> c<436> l<74:5> el<74:26>
                      n<> u<436> t<TRI0> p<449> s<437> l<74:5> el<74:9>
                      n<> u<437> t<Data_type_or_implicit> p<449> s<448> l<74:11> el<74:11>
                      n<> u<448> t<Net_decl_assignment_list> p<449> c<447> l<74:11> el<74:25>
                        n<> u<447> t<Net_decl_assignment> p<448> c<438> l<74:11> el<74:25>
                          n<GSR> u<438> t<SIMPLE_IDENTIFIER> p<447> s<446> l<74:11> el<74:14>
                          n<> u<446> t<Expression> p<447> c<445> l<74:17> el<74:25>
                            n<> u<445> t<Primary> p<446> c<444> l<74:17> el<74:25>
                              n<> u<444> t<Subroutine_call> p<445> c<439> l<74:17> el<74:25>
                                n<glbl> u<439> t<SIMPLE_IDENTIFIER> p<444> s<440> l<74:17> el<74:21>
                                n<> u<440> t<Constant_bit_select> p<444> s<441> l<74:21> el<74:21>
                                n<GSR> u<441> t<SIMPLE_IDENTIFIER> p<444> s<443> l<74:22> el<74:25>
                                n<> u<443> t<Select> p<444> c<442> l<74:25> el<74:25>
                                  n<> u<442> t<Bit_select> p<443> l<74:25> el<74:25>
        n<> u<468> t<Module_item> p<5224> c<467> s<481> l<75:5> el<75:26>
          n<> u<467> t<Non_port_module_item> p<468> c<466> l<75:5> el<75:26>
            n<> u<466> t<Module_or_generate_item> p<467> c<465> l<75:5> el<75:26>
              n<> u<465> t<Module_common_item> p<466> c<464> l<75:5> el<75:26>
                n<> u<464> t<Module_or_generate_item_declaration> p<465> c<463> l<75:5> el<75:26>
                  n<> u<463> t<Package_or_generate_item_declaration> p<464> c<462> l<75:5> el<75:26>
                    n<> u<462> t<Data_declaration> p<463> c<461> l<75:5> el<75:26>
                      n<> u<461> t<Variable_declaration> p<462> c<457> l<75:5> el<75:26>
                        n<> u<457> t<Data_type> p<461> c<456> s<460> l<75:5> el<75:9>
                          n<> u<456> t<REAL> p<457> l<75:5> el<75:9>
                        n<> u<460> t<Variable_decl_assignment_list> p<461> c<459> l<75:11> el<75:24>
                          n<> u<459> t<Variable_decl_assignment> p<460> c<458> l<75:11> el<75:24>
                            n<CALC_TAPDELAY> u<458> t<SIMPLE_IDENTIFIER> p<459> l<75:11> el<75:24>
        n<> u<481> t<Module_item> p<5224> c<480> s<482> l<76:5> el<76:22>
          n<> u<480> t<Non_port_module_item> p<481> c<479> l<76:5> el<76:22>
            n<> u<479> t<Module_or_generate_item> p<480> c<478> l<76:5> el<76:22>
              n<> u<478> t<Module_common_item> p<479> c<477> l<76:5> el<76:22>
                n<> u<477> t<Module_or_generate_item_declaration> p<478> c<476> l<76:5> el<76:22>
                  n<> u<476> t<Package_or_generate_item_declaration> p<477> c<475> l<76:5> el<76:22>
                    n<> u<475> t<Data_declaration> p<476> c<474> l<76:5> el<76:22>
                      n<> u<474> t<Variable_declaration> p<475> c<470> l<76:5> el<76:22>
                        n<> u<470> t<Data_type> p<474> c<469> s<473> l<76:5> el<76:9>
                          n<> u<469> t<REAL> p<470> l<76:5> el<76:9>
                        n<> u<473> t<Variable_decl_assignment_list> p<474> c<472> l<76:11> el<76:21>
                          n<> u<472> t<Variable_decl_assignment> p<473> c<471> l<76:11> el<76:21>
                            n<INIT_DELAY> u<471> t<SIMPLE_IDENTIFIER> p<472> l<76:11> el<76:21>
        n<//------------------- constants ------------------------------------> u<482> t<LINE_COMMENT> p<5224> s<499> l<78:1> el<78:69>
        n<> u<499> t<Module_item> p<5224> c<498> s<516> l<80:5> el<80:37>
          n<> u<498> t<Non_port_module_item> p<499> c<497> l<80:5> el<80:37>
            n<> u<497> t<Module_or_generate_item> p<498> c<496> l<80:5> el<80:37>
              n<> u<496> t<Module_common_item> p<497> c<495> l<80:5> el<80:37>
                n<> u<495> t<Module_or_generate_item_declaration> p<496> c<494> l<80:5> el<80:37>
                  n<> u<494> t<Package_or_generate_item_declaration> p<495> c<493> l<80:5> el<80:37>
                    n<> u<493> t<Local_parameter_declaration> p<494> c<483> l<80:5> el<80:36>
                      n<> u<483> t<Data_type_or_implicit> p<493> s<492> l<80:16> el<80:16>
                      n<> u<492> t<Param_assignment_list> p<493> c<491> l<80:16> el<80:36>
                        n<> u<491> t<Param_assignment> p<492> c<484> l<80:16> el<80:36>
                          n<MAX_DELAY_COUNT> u<484> t<SIMPLE_IDENTIFIER> p<491> s<490> l<80:16> el<80:31>
                          n<> u<490> t<Constant_param_expression> p<491> c<489> l<80:34> el<80:36>
                            n<> u<489> t<Constant_mintypmax_expression> p<490> c<488> l<80:34> el<80:36>
                              n<> u<488> t<Constant_expression> p<489> c<487> l<80:34> el<80:36>
                                n<> u<487> t<Constant_primary> p<488> c<486> l<80:34> el<80:36>
                                  n<> u<486> t<Primary_literal> p<487> c<485> l<80:34> el<80:36>
                                    n<31> u<485> t<INTEGRAL_NUMBER> p<486> l<80:34> el<80:36>
        n<> u<516> t<Module_item> p<5224> c<515> s<533> l<81:5> el<81:36>
          n<> u<515> t<Non_port_module_item> p<516> c<514> l<81:5> el<81:36>
            n<> u<514> t<Module_or_generate_item> p<515> c<513> l<81:5> el<81:36>
              n<> u<513> t<Module_common_item> p<514> c<512> l<81:5> el<81:36>
                n<> u<512> t<Module_or_generate_item_declaration> p<513> c<511> l<81:5> el<81:36>
                  n<> u<511> t<Package_or_generate_item_declaration> p<512> c<510> l<81:5> el<81:36>
                    n<> u<510> t<Local_parameter_declaration> p<511> c<500> l<81:5> el<81:35>
                      n<> u<500> t<Data_type_or_implicit> p<510> s<509> l<81:16> el<81:16>
                      n<> u<509> t<Param_assignment_list> p<510> c<508> l<81:16> el<81:35>
                        n<> u<508> t<Param_assignment> p<509> c<501> l<81:16> el<81:35>
                          n<MIN_DELAY_COUNT> u<501> t<SIMPLE_IDENTIFIER> p<508> s<507> l<81:16> el<81:31>
                          n<> u<507> t<Constant_param_expression> p<508> c<506> l<81:34> el<81:35>
                            n<> u<506> t<Constant_mintypmax_expression> p<507> c<505> l<81:34> el<81:35>
                              n<> u<505> t<Constant_expression> p<506> c<504> l<81:34> el<81:35>
                                n<> u<504> t<Constant_primary> p<505> c<503> l<81:34> el<81:35>
                                  n<> u<503> t<Primary_literal> p<504> c<502> l<81:34> el<81:35>
                                    n<0> u<502> t<INTEGRAL_NUMBER> p<503> l<81:34> el<81:35>
        n<> u<533> t<Module_item> p<5224> c<532> s<550> l<83:5> el<83:46>
          n<> u<532> t<Non_port_module_item> p<533> c<531> l<83:5> el<83:46>
            n<> u<531> t<Module_or_generate_item> p<532> c<530> l<83:5> el<83:46>
              n<> u<530> t<Module_common_item> p<531> c<529> l<83:5> el<83:46>
                n<> u<529> t<Module_or_generate_item_declaration> p<530> c<528> l<83:5> el<83:46>
                  n<> u<528> t<Package_or_generate_item_declaration> p<529> c<527> l<83:5> el<83:46>
                    n<> u<527> t<Local_parameter_declaration> p<528> c<517> l<83:5> el<83:45>
                      n<> u<517> t<Data_type_or_implicit> p<527> s<526> l<83:16> el<83:16>
                      n<> u<526> t<Param_assignment_list> p<527> c<525> l<83:16> el<83:45>
                        n<> u<525> t<Param_assignment> p<526> c<518> l<83:16> el<83:45>
                          n<MAX_REFCLK_FREQUENCYL> u<518> t<SIMPLE_IDENTIFIER> p<525> s<524> l<83:16> el<83:37>
                          n<> u<524> t<Constant_param_expression> p<525> c<523> l<83:40> el<83:45>
                            n<> u<523> t<Constant_mintypmax_expression> p<524> c<522> l<83:40> el<83:45>
                              n<> u<522> t<Constant_expression> p<523> c<521> l<83:40> el<83:45>
                                n<> u<521> t<Constant_primary> p<522> c<520> l<83:40> el<83:45>
                                  n<> u<520> t<Primary_literal> p<521> c<519> l<83:40> el<83:45>
                                    n<210.0> u<519> t<REAL_NUMBER> p<520> l<83:40> el<83:45>
        n<> u<550> t<Module_item> p<5224> c<549> s<567> l<84:5> el<84:46>
          n<> u<549> t<Non_port_module_item> p<550> c<548> l<84:5> el<84:46>
            n<> u<548> t<Module_or_generate_item> p<549> c<547> l<84:5> el<84:46>
              n<> u<547> t<Module_common_item> p<548> c<546> l<84:5> el<84:46>
                n<> u<546> t<Module_or_generate_item_declaration> p<547> c<545> l<84:5> el<84:46>
                  n<> u<545> t<Package_or_generate_item_declaration> p<546> c<544> l<84:5> el<84:46>
                    n<> u<544> t<Local_parameter_declaration> p<545> c<534> l<84:5> el<84:45>
                      n<> u<534> t<Data_type_or_implicit> p<544> s<543> l<84:16> el<84:16>
                      n<> u<543> t<Param_assignment_list> p<544> c<542> l<84:16> el<84:45>
                        n<> u<542> t<Param_assignment> p<543> c<535> l<84:16> el<84:45>
                          n<MIN_REFCLK_FREQUENCYL> u<535> t<SIMPLE_IDENTIFIER> p<542> s<541> l<84:16> el<84:37>
                          n<> u<541> t<Constant_param_expression> p<542> c<540> l<84:40> el<84:45>
                            n<> u<540> t<Constant_mintypmax_expression> p<541> c<539> l<84:40> el<84:45>
                              n<> u<539> t<Constant_expression> p<540> c<538> l<84:40> el<84:45>
                                n<> u<538> t<Constant_primary> p<539> c<537> l<84:40> el<84:45>
                                  n<> u<537> t<Primary_literal> p<538> c<536> l<84:40> el<84:45>
                                    n<190.0> u<536> t<REAL_NUMBER> p<537> l<84:40> el<84:45>
        n<> u<567> t<Module_item> p<5224> c<566> s<584> l<86:5> el<86:46>
          n<> u<566> t<Non_port_module_item> p<567> c<565> l<86:5> el<86:46>
            n<> u<565> t<Module_or_generate_item> p<566> c<564> l<86:5> el<86:46>
              n<> u<564> t<Module_common_item> p<565> c<563> l<86:5> el<86:46>
                n<> u<563> t<Module_or_generate_item_declaration> p<564> c<562> l<86:5> el<86:46>
                  n<> u<562> t<Package_or_generate_item_declaration> p<563> c<561> l<86:5> el<86:46>
                    n<> u<561> t<Local_parameter_declaration> p<562> c<551> l<86:5> el<86:45>
                      n<> u<551> t<Data_type_or_implicit> p<561> s<560> l<86:16> el<86:16>
                      n<> u<560> t<Param_assignment_list> p<561> c<559> l<86:16> el<86:45>
                        n<> u<559> t<Param_assignment> p<560> c<552> l<86:16> el<86:45>
                          n<MAX_REFCLK_FREQUENCYH> u<552> t<SIMPLE_IDENTIFIER> p<559> s<558> l<86:16> el<86:37>
                          n<> u<558> t<Constant_param_expression> p<559> c<557> l<86:40> el<86:45>
                            n<> u<557> t<Constant_mintypmax_expression> p<558> c<556> l<86:40> el<86:45>
                              n<> u<556> t<Constant_expression> p<557> c<555> l<86:40> el<86:45>
                                n<> u<555> t<Constant_primary> p<556> c<554> l<86:40> el<86:45>
                                  n<> u<554> t<Primary_literal> p<555> c<553> l<86:40> el<86:45>
                                    n<410.0> u<553> t<REAL_NUMBER> p<554> l<86:40> el<86:45>
        n<> u<584> t<Module_item> p<5224> c<583> s<585> l<87:5> el<87:46>
          n<> u<583> t<Non_port_module_item> p<584> c<582> l<87:5> el<87:46>
            n<> u<582> t<Module_or_generate_item> p<583> c<581> l<87:5> el<87:46>
              n<> u<581> t<Module_common_item> p<582> c<580> l<87:5> el<87:46>
                n<> u<580> t<Module_or_generate_item_declaration> p<581> c<579> l<87:5> el<87:46>
                  n<> u<579> t<Package_or_generate_item_declaration> p<580> c<578> l<87:5> el<87:46>
                    n<> u<578> t<Local_parameter_declaration> p<579> c<568> l<87:5> el<87:45>
                      n<> u<568> t<Data_type_or_implicit> p<578> s<577> l<87:16> el<87:16>
                      n<> u<577> t<Param_assignment_list> p<578> c<576> l<87:16> el<87:45>
                        n<> u<576> t<Param_assignment> p<577> c<569> l<87:16> el<87:45>
                          n<MIN_REFCLK_FREQUENCYH> u<569> t<SIMPLE_IDENTIFIER> p<576> s<575> l<87:16> el<87:37>
                          n<> u<575> t<Constant_param_expression> p<576> c<574> l<87:40> el<87:45>
                            n<> u<574> t<Constant_mintypmax_expression> p<575> c<573> l<87:40> el<87:45>
                              n<> u<573> t<Constant_expression> p<574> c<572> l<87:40> el<87:45>
                                n<> u<572> t<Constant_primary> p<573> c<571> l<87:40> el<87:45>
                                  n<> u<571> t<Primary_literal> p<572> c<570> l<87:40> el<87:45>
                                    n<290.0> u<570> t<REAL_NUMBER> p<571> l<87:40> el<87:45>
        n<//------------------- variable declaration -------------------------> u<585> t<LINE_COMMENT> p<5224> s<598> l<90:1> el<90:69>
        n<> u<598> t<Module_item> p<5224> c<597> s<611> l<92:5> el<92:26>
          n<> u<597> t<Non_port_module_item> p<598> c<596> l<92:5> el<92:26>
            n<> u<596> t<Module_or_generate_item> p<597> c<595> l<92:5> el<92:26>
              n<> u<595> t<Module_common_item> p<596> c<594> l<92:5> el<92:26>
                n<> u<594> t<Module_or_generate_item_declaration> p<595> c<593> l<92:5> el<92:26>
                  n<> u<593> t<Package_or_generate_item_declaration> p<594> c<592> l<92:5> el<92:26>
                    n<> u<592> t<Data_declaration> p<593> c<591> l<92:5> el<92:26>
                      n<> u<591> t<Variable_declaration> p<592> c<587> l<92:5> el<92:26>
                        n<> u<587> t<Data_type> p<591> c<586> s<590> l<92:5> el<92:12>
                          n<> u<586> t<INTEGER> p<587> l<92:5> el<92:12>
                        n<> u<590> t<Variable_decl_assignment_list> p<591> c<589> l<92:13> el<92:25>
                          n<> u<589> t<Variable_decl_assignment> p<590> c<588> l<92:13> el<92:25>
                            n<odelay_count> u<588> t<SIMPLE_IDENTIFIER> p<589> l<92:13> el<92:25>
        n<> u<611> t<Module_item> p<5224> c<610> s<634> l<93:5> el<93:32>
          n<> u<610> t<Non_port_module_item> p<611> c<609> l<93:5> el<93:32>
            n<> u<609> t<Module_or_generate_item> p<610> c<608> l<93:5> el<93:32>
              n<> u<608> t<Module_common_item> p<609> c<607> l<93:5> el<93:32>
                n<> u<607> t<Module_or_generate_item_declaration> p<608> c<606> l<93:5> el<93:32>
                  n<> u<606> t<Package_or_generate_item_declaration> p<607> c<605> l<93:5> el<93:32>
                    n<> u<605> t<Data_declaration> p<606> c<604> l<93:5> el<93:32>
                      n<> u<604> t<Variable_declaration> p<605> c<600> l<93:5> el<93:32>
                        n<> u<600> t<Data_type> p<604> c<599> s<603> l<93:5> el<93:12>
                          n<> u<599> t<INTEGER> p<600> l<93:5> el<93:12>
                        n<> u<603> t<Variable_decl_assignment_list> p<604> c<602> l<93:13> el<93:31>
                          n<> u<602> t<Variable_decl_assignment> p<603> c<601> l<93:13> el<93:31>
                            n<CNTVALUEIN_INTEGER> u<601> t<SIMPLE_IDENTIFIER> p<602> l<93:13> el<93:31>
        n<> u<634> t<Module_item> p<5224> c<633> s<647> l<94:5> el<94:31>
          n<> u<633> t<Non_port_module_item> p<634> c<632> l<94:5> el<94:31>
            n<> u<632> t<Module_or_generate_item> p<633> c<631> l<94:5> el<94:31>
              n<> u<631> t<Module_common_item> p<632> c<630> l<94:5> el<94:31>
                n<> u<630> t<Module_or_generate_item_declaration> p<631> c<629> l<94:5> el<94:31>
                  n<> u<629> t<Package_or_generate_item_declaration> p<630> c<628> l<94:5> el<94:31>
                    n<> u<628> t<Data_declaration> p<629> c<627> l<94:5> el<94:31>
                      n<> u<627> t<Variable_declaration> p<628> c<623> l<94:5> el<94:31>
                        n<> u<623> t<Data_type> p<627> c<612> s<626> l<94:5> el<94:14>
                          n<> u<612> t<REG> p<623> s<622> l<94:5> el<94:8>
                          n<> u<622> t<Packed_dimension> p<623> c<621> l<94:9> el<94:14>
                            n<> u<621> t<Constant_range> p<622> c<616> l<94:10> el<94:13>
                              n<> u<616> t<Constant_expression> p<621> c<615> s<620> l<94:10> el<94:11>
                                n<> u<615> t<Constant_primary> p<616> c<614> l<94:10> el<94:11>
                                  n<> u<614> t<Primary_literal> p<615> c<613> l<94:10> el<94:11>
                                    n<4> u<613> t<INTEGRAL_NUMBER> p<614> l<94:10> el<94:11>
                              n<> u<620> t<Constant_expression> p<621> c<619> l<94:12> el<94:13>
                                n<> u<619> t<Constant_primary> p<620> c<618> l<94:12> el<94:13>
                                  n<> u<618> t<Primary_literal> p<619> c<617> l<94:12> el<94:13>
                                    n<0> u<617> t<INTEGRAL_NUMBER> p<618> l<94:12> el<94:13>
                        n<> u<626> t<Variable_decl_assignment_list> p<627> c<625> l<94:15> el<94:30>
                          n<> u<625> t<Variable_decl_assignment> p<626> c<624> l<94:15> el<94:30>
                            n<cntvalueout_pre> u<624> t<SIMPLE_IDENTIFIER> p<625> l<94:15> el<94:30>
        n<> u<647> t<Module_item> p<5224> c<646> s<664> l<96:5> el<96:18>
          n<> u<646> t<Non_port_module_item> p<647> c<645> l<96:5> el<96:18>
            n<> u<645> t<Module_or_generate_item> p<646> c<644> l<96:5> el<96:18>
              n<> u<644> t<Module_common_item> p<645> c<643> l<96:5> el<96:18>
                n<> u<643> t<Module_or_generate_item_declaration> p<644> c<642> l<96:5> el<96:18>
                  n<> u<642> t<Package_or_generate_item_declaration> p<643> c<641> l<96:5> el<96:18>
                    n<> u<641> t<Data_declaration> p<642> c<640> l<96:5> el<96:18>
                      n<> u<640> t<Variable_declaration> p<641> c<636> l<96:5> el<96:18>
                        n<> u<636> t<Data_type> p<640> c<635> s<639> l<96:5> el<96:8>
                          n<> u<635> t<REG> p<636> l<96:5> el<96:8>
                        n<> u<639> t<Variable_decl_assignment_list> p<640> c<638> l<96:9> el<96:17>
                          n<> u<638> t<Variable_decl_assignment> p<639> c<637> l<96:9> el<96:17>
                            n<notifier> u<637> t<SIMPLE_IDENTIFIER> p<638> l<96:9> el<96:17>
        n<> u<664> t<Module_item> p<5224> c<663> s<681> l<98:5> el<98:22>
          n<> u<663> t<Non_port_module_item> p<664> c<662> l<98:5> el<98:22>
            n<> u<662> t<Module_or_generate_item> p<663> c<661> l<98:5> el<98:22>
              n<> u<661> t<Module_common_item> p<662> c<660> l<98:5> el<98:22>
                n<> u<660> t<Module_or_generate_item_declaration> p<661> c<659> l<98:5> el<98:22>
                  n<> u<659> t<Package_or_generate_item_declaration> p<660> c<658> l<98:5> el<98:22>
                    n<> u<658> t<Data_declaration> p<659> c<657> l<98:5> el<98:22>
                      n<> u<657> t<Variable_declaration> p<658> c<649> l<98:5> el<98:22>
                        n<> u<649> t<Data_type> p<657> c<648> s<656> l<98:5> el<98:8>
                          n<> u<648> t<REG> p<649> l<98:5> el<98:8>
                        n<> u<656> t<Variable_decl_assignment_list> p<657> c<655> l<98:9> el<98:21>
                          n<> u<655> t<Variable_decl_assignment> p<656> c<650> l<98:9> el<98:21>
                            n<data_mux> u<650> t<SIMPLE_IDENTIFIER> p<655> s<654> l<98:9> el<98:17>
                            n<> u<654> t<Expression> p<655> c<653> l<98:20> el<98:21>
                              n<> u<653> t<Primary> p<654> c<652> l<98:20> el<98:21>
                                n<> u<652> t<Primary_literal> p<653> c<651> l<98:20> el<98:21>
                                  n<0> u<651> t<INTEGRAL_NUMBER> p<652> l<98:20> el<98:21>
        n<> u<681> t<Module_item> p<5224> c<680> s<698> l<99:5> el<99:23>
          n<> u<680> t<Non_port_module_item> p<681> c<679> l<99:5> el<99:23>
            n<> u<679> t<Module_or_generate_item> p<680> c<678> l<99:5> el<99:23>
              n<> u<678> t<Module_common_item> p<679> c<677> l<99:5> el<99:23>
                n<> u<677> t<Module_or_generate_item_declaration> p<678> c<676> l<99:5> el<99:23>
                  n<> u<676> t<Package_or_generate_item_declaration> p<677> c<675> l<99:5> el<99:23>
                    n<> u<675> t<Data_declaration> p<676> c<674> l<99:5> el<99:23>
                      n<> u<674> t<Variable_declaration> p<675> c<666> l<99:5> el<99:23>
                        n<> u<666> t<Data_type> p<674> c<665> s<673> l<99:5> el<99:8>
                          n<> u<665> t<REG> p<666> l<99:5> el<99:8>
                        n<> u<673> t<Variable_decl_assignment_list> p<674> c<672> l<99:9> el<99:22>
                          n<> u<672> t<Variable_decl_assignment> p<673> c<667> l<99:9> el<99:22>
                            n<tap_out> u<667> t<SIMPLE_IDENTIFIER> p<672> s<671> l<99:9> el<99:16>
                            n<> u<671> t<Expression> p<672> c<670> l<99:21> el<99:22>
                              n<> u<670> t<Primary> p<671> c<669> l<99:21> el<99:22>
                                n<> u<669> t<Primary_literal> p<670> c<668> l<99:21> el<99:22>
                                  n<0> u<668> t<INTEGRAL_NUMBER> p<669> l<99:21> el<99:22>
        n<> u<698> t<Module_item> p<5224> c<697> s<772> l<100:5> el<100:27>
          n<> u<697> t<Non_port_module_item> p<698> c<696> l<100:5> el<100:27>
            n<> u<696> t<Module_or_generate_item> p<697> c<695> l<100:5> el<100:27>
              n<> u<695> t<Module_common_item> p<696> c<694> l<100:5> el<100:27>
                n<> u<694> t<Module_or_generate_item_declaration> p<695> c<693> l<100:5> el<100:27>
                  n<> u<693> t<Package_or_generate_item_declaration> p<694> c<692> l<100:5> el<100:27>
                    n<> u<692> t<Data_declaration> p<693> c<691> l<100:5> el<100:27>
                      n<> u<691> t<Variable_declaration> p<692> c<683> l<100:5> el<100:27>
                        n<> u<683> t<Data_type> p<691> c<682> s<690> l<100:5> el<100:8>
                          n<> u<682> t<REG> p<683> l<100:5> el<100:8>
                        n<> u<690> t<Variable_decl_assignment_list> p<691> c<689> l<100:9> el<100:26>
                          n<> u<689> t<Variable_decl_assignment> p<690> c<684> l<100:9> el<100:26>
                            n<DATAOUT_reg> u<684> t<SIMPLE_IDENTIFIER> p<689> s<688> l<100:9> el<100:20>
                            n<> u<688> t<Expression> p<689> c<687> l<100:25> el<100:26>
                              n<> u<687> t<Primary> p<688> c<686> l<100:25> el<100:26>
                                n<> u<686> t<Primary_literal> p<687> c<685> l<100:25> el<100:26>
                                  n<0> u<685> t<INTEGRAL_NUMBER> p<686> l<100:25> el<100:26>
        n<> u<772> t<Module_item> p<5224> c<771> s<785> l<102:5> el<109:73>
          n<> u<771> t<Non_port_module_item> p<772> c<770> l<102:5> el<109:73>
            n<> u<770> t<Module_or_generate_item> p<771> c<769> l<102:5> el<109:73>
              n<> u<769> t<Module_common_item> p<770> c<768> l<102:5> el<109:73>
                n<> u<768> t<Module_or_generate_item_declaration> p<769> c<767> l<102:5> el<109:73>
                  n<> u<767> t<Package_or_generate_item_declaration> p<768> c<766> l<102:5> el<109:73>
                    n<> u<766> t<Net_declaration> p<767> c<699> l<102:5> el<109:73>
                      n<> u<699> t<WIRE> p<766> s<700> l<102:5> el<102:9>
                      n<> u<700> t<Data_type_or_implicit> p<766> s<765> l<102:10> el<102:10>
                      n<> u<765> t<Net_decl_assignment_list> p<766> c<702> l<102:10> el<109:72>
                        n<> u<702> t<Net_decl_assignment> p<765> c<701> s<704> l<102:10> el<102:23>
                          n<delay_chain_0> u<701> t<SIMPLE_IDENTIFIER> p<702> l<102:10> el<102:23>
                        n<> u<704> t<Net_decl_assignment> p<765> c<703> s<706> l<102:26> el<102:39>
                          n<delay_chain_1> u<703> t<SIMPLE_IDENTIFIER> p<704> l<102:26> el<102:39>
                        n<> u<706> t<Net_decl_assignment> p<765> c<705> s<708> l<102:42> el<102:55>
                          n<delay_chain_2> u<705> t<SIMPLE_IDENTIFIER> p<706> l<102:42> el<102:55>
                        n<> u<708> t<Net_decl_assignment> p<765> c<707> s<710> l<102:58> el<102:71>
                          n<delay_chain_3> u<707> t<SIMPLE_IDENTIFIER> p<708> l<102:58> el<102:71>
                        n<> u<710> t<Net_decl_assignment> p<765> c<709> s<712> l<103:10> el<103:23>
                          n<delay_chain_4> u<709> t<SIMPLE_IDENTIFIER> p<710> l<103:10> el<103:23>
                        n<> u<712> t<Net_decl_assignment> p<765> c<711> s<714> l<103:26> el<103:39>
                          n<delay_chain_5> u<711> t<SIMPLE_IDENTIFIER> p<712> l<103:26> el<103:39>
                        n<> u<714> t<Net_decl_assignment> p<765> c<713> s<716> l<103:42> el<103:55>
                          n<delay_chain_6> u<713> t<SIMPLE_IDENTIFIER> p<714> l<103:42> el<103:55>
                        n<> u<716> t<Net_decl_assignment> p<765> c<715> s<718> l<103:58> el<103:71>
                          n<delay_chain_7> u<715> t<SIMPLE_IDENTIFIER> p<716> l<103:58> el<103:71>
                        n<> u<718> t<Net_decl_assignment> p<765> c<717> s<720> l<104:10> el<104:23>
                          n<delay_chain_8> u<717> t<SIMPLE_IDENTIFIER> p<718> l<104:10> el<104:23>
                        n<> u<720> t<Net_decl_assignment> p<765> c<719> s<722> l<104:26> el<104:39>
                          n<delay_chain_9> u<719> t<SIMPLE_IDENTIFIER> p<720> l<104:26> el<104:39>
                        n<> u<722> t<Net_decl_assignment> p<765> c<721> s<724> l<104:42> el<104:56>
                          n<delay_chain_10> u<721> t<SIMPLE_IDENTIFIER> p<722> l<104:42> el<104:56>
                        n<> u<724> t<Net_decl_assignment> p<765> c<723> s<726> l<104:58> el<104:72>
                          n<delay_chain_11> u<723> t<SIMPLE_IDENTIFIER> p<724> l<104:58> el<104:72>
                        n<> u<726> t<Net_decl_assignment> p<765> c<725> s<728> l<105:10> el<105:24>
                          n<delay_chain_12> u<725> t<SIMPLE_IDENTIFIER> p<726> l<105:10> el<105:24>
                        n<> u<728> t<Net_decl_assignment> p<765> c<727> s<730> l<105:26> el<105:40>
                          n<delay_chain_13> u<727> t<SIMPLE_IDENTIFIER> p<728> l<105:26> el<105:40>
                        n<> u<730> t<Net_decl_assignment> p<765> c<729> s<732> l<105:42> el<105:56>
                          n<delay_chain_14> u<729> t<SIMPLE_IDENTIFIER> p<730> l<105:42> el<105:56>
                        n<> u<732> t<Net_decl_assignment> p<765> c<731> s<734> l<105:58> el<105:72>
                          n<delay_chain_15> u<731> t<SIMPLE_IDENTIFIER> p<732> l<105:58> el<105:72>
                        n<> u<734> t<Net_decl_assignment> p<765> c<733> s<736> l<106:10> el<106:24>
                          n<delay_chain_16> u<733> t<SIMPLE_IDENTIFIER> p<734> l<106:10> el<106:24>
                        n<> u<736> t<Net_decl_assignment> p<765> c<735> s<738> l<106:26> el<106:40>
                          n<delay_chain_17> u<735> t<SIMPLE_IDENTIFIER> p<736> l<106:26> el<106:40>
                        n<> u<738> t<Net_decl_assignment> p<765> c<737> s<740> l<106:42> el<106:56>
                          n<delay_chain_18> u<737> t<SIMPLE_IDENTIFIER> p<738> l<106:42> el<106:56>
                        n<> u<740> t<Net_decl_assignment> p<765> c<739> s<742> l<106:58> el<106:72>
                          n<delay_chain_19> u<739> t<SIMPLE_IDENTIFIER> p<740> l<106:58> el<106:72>
                        n<> u<742> t<Net_decl_assignment> p<765> c<741> s<744> l<107:10> el<107:24>
                          n<delay_chain_20> u<741> t<SIMPLE_IDENTIFIER> p<742> l<107:10> el<107:24>
                        n<> u<744> t<Net_decl_assignment> p<765> c<743> s<746> l<107:26> el<107:40>
                          n<delay_chain_21> u<743> t<SIMPLE_IDENTIFIER> p<744> l<107:26> el<107:40>
                        n<> u<746> t<Net_decl_assignment> p<765> c<745> s<748> l<107:42> el<107:56>
                          n<delay_chain_22> u<745> t<SIMPLE_IDENTIFIER> p<746> l<107:42> el<107:56>
                        n<> u<748> t<Net_decl_assignment> p<765> c<747> s<750> l<107:58> el<107:72>
                          n<delay_chain_23> u<747> t<SIMPLE_IDENTIFIER> p<748> l<107:58> el<107:72>
                        n<> u<750> t<Net_decl_assignment> p<765> c<749> s<752> l<108:10> el<108:24>
                          n<delay_chain_24> u<749> t<SIMPLE_IDENTIFIER> p<750> l<108:10> el<108:24>
                        n<> u<752> t<Net_decl_assignment> p<765> c<751> s<754> l<108:26> el<108:40>
                          n<delay_chain_25> u<751> t<SIMPLE_IDENTIFIER> p<752> l<108:26> el<108:40>
                        n<> u<754> t<Net_decl_assignment> p<765> c<753> s<756> l<108:42> el<108:56>
                          n<delay_chain_26> u<753> t<SIMPLE_IDENTIFIER> p<754> l<108:42> el<108:56>
                        n<> u<756> t<Net_decl_assignment> p<765> c<755> s<758> l<108:58> el<108:72>
                          n<delay_chain_27> u<755> t<SIMPLE_IDENTIFIER> p<756> l<108:58> el<108:72>
                        n<> u<758> t<Net_decl_assignment> p<765> c<757> s<760> l<109:10> el<109:24>
                          n<delay_chain_28> u<757> t<SIMPLE_IDENTIFIER> p<758> l<109:10> el<109:24>
                        n<> u<760> t<Net_decl_assignment> p<765> c<759> s<762> l<109:26> el<109:40>
                          n<delay_chain_29> u<759> t<SIMPLE_IDENTIFIER> p<760> l<109:26> el<109:40>
                        n<> u<762> t<Net_decl_assignment> p<765> c<761> s<764> l<109:42> el<109:56>
                          n<delay_chain_30> u<761> t<SIMPLE_IDENTIFIER> p<762> l<109:42> el<109:56>
                        n<> u<764> t<Net_decl_assignment> p<765> c<763> l<109:58> el<109:72>
                          n<delay_chain_31> u<763> t<SIMPLE_IDENTIFIER> p<764> l<109:58> el<109:72>
        n<> u<785> t<Module_item> p<5224> c<784> s<799> l<111:5> el<111:15>
          n<> u<784> t<Non_port_module_item> p<785> c<783> l<111:5> el<111:15>
            n<> u<783> t<Module_or_generate_item> p<784> c<782> l<111:5> el<111:15>
              n<> u<782> t<Module_common_item> p<783> c<781> l<111:5> el<111:15>
                n<> u<781> t<Module_or_generate_item_declaration> p<782> c<780> l<111:5> el<111:15>
                  n<> u<780> t<Package_or_generate_item_declaration> p<781> c<779> l<111:5> el<111:15>
                    n<> u<779> t<Data_declaration> p<780> c<778> l<111:5> el<111:15>
                      n<> u<778> t<Variable_declaration> p<779> c<774> l<111:5> el<111:15>
                        n<> u<774> t<Data_type> p<778> c<773> s<777> l<111:5> el<111:8>
                          n<> u<773> t<REG> p<774> l<111:5> el<111:8>
                        n<> u<777> t<Variable_decl_assignment_list> p<778> c<776> l<111:10> el<111:14>
                          n<> u<776> t<Variable_decl_assignment> p<777> c<775> l<111:10> el<111:14>
                            n<c_in> u<775> t<SIMPLE_IDENTIFIER> p<776> l<111:10> el<111:14>
        n<> u<799> t<Module_item> p<5224> c<798> s<813> l<112:5> el<112:27>
          n<> u<798> t<Non_port_module_item> p<799> c<797> l<112:5> el<112:27>
            n<> u<797> t<Module_or_generate_item> p<798> c<796> l<112:5> el<112:27>
              n<> u<796> t<Module_common_item> p<797> c<795> l<112:5> el<112:27>
                n<> u<795> t<Module_or_generate_item_declaration> p<796> c<794> l<112:5> el<112:27>
                  n<> u<794> t<Package_or_generate_item_declaration> p<795> c<793> l<112:5> el<112:27>
                    n<> u<793> t<Net_declaration> p<794> c<786> l<112:5> el<112:27>
                      n<> u<786> t<WIRE> p<793> s<787> l<112:5> el<112:9>
                      n<> u<787> t<Data_type_or_implicit> p<793> s<792> l<112:10> el<112:10>
                      n<> u<792> t<Net_decl_assignment_list> p<793> c<789> l<112:10> el<112:26>
                        n<> u<789> t<Net_decl_assignment> p<792> c<788> s<791> l<112:10> el<112:18>
                          n<c_in_pre> u<788> t<SIMPLE_IDENTIFIER> p<789> l<112:10> el<112:18>
                        n<> u<791> t<Net_decl_assignment> p<792> c<790> l<112:19> el<112:26>
                          n<delay_C> u<790> t<SIMPLE_IDENTIFIER> p<791> l<112:19> el<112:26>
        n<> u<813> t<Module_item> p<5224> c<812> s<827> l<113:5> el<113:25>
          n<> u<812> t<Non_port_module_item> p<813> c<811> l<113:5> el<113:25>
            n<> u<811> t<Module_or_generate_item> p<812> c<810> l<113:5> el<113:25>
              n<> u<810> t<Module_common_item> p<811> c<809> l<113:5> el<113:25>
                n<> u<809> t<Module_or_generate_item_declaration> p<810> c<808> l<113:5> el<113:25>
                  n<> u<808> t<Package_or_generate_item_declaration> p<809> c<807> l<113:5> el<113:25>
                    n<> u<807> t<Net_declaration> p<808> c<800> l<113:5> el<113:25>
                      n<> u<800> t<WIRE> p<807> s<801> l<113:5> el<113:9>
                      n<> u<801> t<Data_type_or_implicit> p<807> s<806> l<113:10> el<113:10>
                      n<> u<806> t<Net_decl_assignment_list> p<807> c<803> l<113:10> el<113:24>
                        n<> u<803> t<Net_decl_assignment> p<806> c<802> s<805> l<113:10> el<113:15>
                          n<ce_in> u<802> t<SIMPLE_IDENTIFIER> p<803> l<113:10> el<113:15>
                        n<> u<805> t<Net_decl_assignment> p<806> c<804> l<113:16> el<113:24>
                          n<delay_CE> u<804> t<SIMPLE_IDENTIFIER> p<805> l<113:16> el<113:24>
        n<> u<827> t<Module_item> p<5224> c<826> s<841> l<114:5> el<114:37>
          n<> u<826> t<Non_port_module_item> p<827> c<825> l<114:5> el<114:37>
            n<> u<825> t<Module_or_generate_item> p<826> c<824> l<114:5> el<114:37>
              n<> u<824> t<Module_common_item> p<825> c<823> l<114:5> el<114:37>
                n<> u<823> t<Module_or_generate_item_declaration> p<824> c<822> l<114:5> el<114:37>
                  n<> u<822> t<Package_or_generate_item_declaration> p<823> c<821> l<114:5> el<114:37>
                    n<> u<821> t<Net_declaration> p<822> c<814> l<114:5> el<114:37>
                      n<> u<814> t<WIRE> p<821> s<815> l<114:5> el<114:9>
                      n<> u<815> t<Data_type_or_implicit> p<821> s<820> l<114:10> el<114:10>
                      n<> u<820> t<Net_decl_assignment_list> p<821> c<817> l<114:10> el<114:36>
                        n<> u<817> t<Net_decl_assignment> p<820> c<816> s<819> l<114:10> el<114:21>
                          n<cinvctrl_in> u<816> t<SIMPLE_IDENTIFIER> p<817> l<114:10> el<114:21>
                        n<> u<819> t<Net_decl_assignment> p<820> c<818> l<114:22> el<114:36>
                          n<delay_CINVCTRL> u<818> t<SIMPLE_IDENTIFIER> p<819> l<114:22> el<114:36>
        n<> u<841> t<Module_item> p<5224> c<840> s<865> l<115:5> el<115:31>
          n<> u<840> t<Non_port_module_item> p<841> c<839> l<115:5> el<115:31>
            n<> u<839> t<Module_or_generate_item> p<840> c<838> l<115:5> el<115:31>
              n<> u<838> t<Module_common_item> p<839> c<837> l<115:5> el<115:31>
                n<> u<837> t<Module_or_generate_item_declaration> p<838> c<836> l<115:5> el<115:31>
                  n<> u<836> t<Package_or_generate_item_declaration> p<837> c<835> l<115:5> el<115:31>
                    n<> u<835> t<Net_declaration> p<836> c<828> l<115:5> el<115:31>
                      n<> u<828> t<WIRE> p<835> s<829> l<115:5> el<115:9>
                      n<> u<829> t<Data_type_or_implicit> p<835> s<834> l<115:10> el<115:10>
                      n<> u<834> t<Net_decl_assignment_list> p<835> c<831> l<115:10> el<115:30>
                        n<> u<831> t<Net_decl_assignment> p<834> c<830> s<833> l<115:10> el<115:18>
                          n<clkin_in> u<830> t<SIMPLE_IDENTIFIER> p<831> l<115:10> el<115:18>
                        n<> u<833> t<Net_decl_assignment> p<834> c<832> l<115:19> el<115:30>
                          n<delay_CLKIN> u<832> t<SIMPLE_IDENTIFIER> p<833> l<115:19> el<115:30>
        n<> u<865> t<Module_item> p<5224> c<864> s<879> l<116:5> el<116:47>
          n<> u<864> t<Non_port_module_item> p<865> c<863> l<116:5> el<116:47>
            n<> u<863> t<Module_or_generate_item> p<864> c<862> l<116:5> el<116:47>
              n<> u<862> t<Module_common_item> p<863> c<861> l<116:5> el<116:47>
                n<> u<861> t<Module_or_generate_item_declaration> p<862> c<860> l<116:5> el<116:47>
                  n<> u<860> t<Package_or_generate_item_declaration> p<861> c<859> l<116:5> el<116:47>
                    n<> u<859> t<Net_declaration> p<860> c<842> l<116:5> el<116:47>
                      n<> u<842> t<WIRE> p<859> s<853> l<116:5> el<116:9>
                      n<> u<853> t<Data_type_or_implicit> p<859> c<852> s<858> l<116:10> el<116:15>
                        n<> u<852> t<Packed_dimension> p<853> c<851> l<116:10> el<116:15>
                          n<> u<851> t<Constant_range> p<852> c<846> l<116:11> el<116:14>
                            n<> u<846> t<Constant_expression> p<851> c<845> s<850> l<116:11> el<116:12>
                              n<> u<845> t<Constant_primary> p<846> c<844> l<116:11> el<116:12>
                                n<> u<844> t<Primary_literal> p<845> c<843> l<116:11> el<116:12>
                                  n<4> u<843> t<INTEGRAL_NUMBER> p<844> l<116:11> el<116:12>
                            n<> u<850> t<Constant_expression> p<851> c<849> l<116:13> el<116:14>
                              n<> u<849> t<Constant_primary> p<850> c<848> l<116:13> el<116:14>
                                n<> u<848> t<Primary_literal> p<849> c<847> l<116:13> el<116:14>
                                  n<0> u<847> t<INTEGRAL_NUMBER> p<848> l<116:13> el<116:14>
                      n<> u<858> t<Net_decl_assignment_list> p<859> c<855> l<116:16> el<116:46>
                        n<> u<855> t<Net_decl_assignment> p<858> c<854> s<857> l<116:16> el<116:29>
                          n<cntvaluein_in> u<854> t<SIMPLE_IDENTIFIER> p<855> l<116:16> el<116:29>
                        n<> u<857> t<Net_decl_assignment> p<858> c<856> l<116:30> el<116:46>
                          n<delay_CNTVALUEIN> u<856> t<SIMPLE_IDENTIFIER> p<857> l<116:30> el<116:46>
        n<> u<879> t<Module_item> p<5224> c<878> s<891> l<117:5> el<117:35>
          n<> u<878> t<Non_port_module_item> p<879> c<877> l<117:5> el<117:35>
            n<> u<877> t<Module_or_generate_item> p<878> c<876> l<117:5> el<117:35>
              n<> u<876> t<Module_common_item> p<877> c<875> l<117:5> el<117:35>
                n<> u<875> t<Module_or_generate_item_declaration> p<876> c<874> l<117:5> el<117:35>
                  n<> u<874> t<Package_or_generate_item_declaration> p<875> c<873> l<117:5> el<117:35>
                    n<> u<873> t<Net_declaration> p<874> c<866> l<117:5> el<117:35>
                      n<> u<866> t<WIRE> p<873> s<867> l<117:5> el<117:9>
                      n<> u<867> t<Data_type_or_implicit> p<873> s<872> l<117:10> el<117:10>
                      n<> u<872> t<Net_decl_assignment_list> p<873> c<869> l<117:10> el<117:34>
                        n<> u<869> t<Net_decl_assignment> p<872> c<868> s<871> l<117:10> el<117:20>
                          n<odatain_in> u<868> t<SIMPLE_IDENTIFIER> p<869> l<117:10> el<117:20>
                        n<> u<871> t<Net_decl_assignment> p<872> c<870> l<117:21> el<117:34>
                          n<delay_ODATAIN> u<870> t<SIMPLE_IDENTIFIER> p<871> l<117:21> el<117:34>
        n<> u<891> t<Module_item> p<5224> c<890> s<905> l<118:5> el<118:17>
          n<> u<890> t<Non_port_module_item> p<891> c<889> l<118:5> el<118:17>
            n<> u<889> t<Module_or_generate_item> p<890> c<888> l<118:5> el<118:17>
              n<> u<888> t<Module_common_item> p<889> c<887> l<118:5> el<118:17>
                n<> u<887> t<Module_or_generate_item_declaration> p<888> c<886> l<118:5> el<118:17>
                  n<> u<886> t<Package_or_generate_item_declaration> p<887> c<885> l<118:5> el<118:17>
                    n<> u<885> t<Net_declaration> p<886> c<880> l<118:5> el<118:17>
                      n<> u<880> t<WIRE> p<885> s<881> l<118:5> el<118:9>
                      n<> u<881> t<Data_type_or_implicit> p<885> s<884> l<118:10> el<118:10>
                      n<> u<884> t<Net_decl_assignment_list> p<885> c<883> l<118:10> el<118:16>
                        n<> u<883> t<Net_decl_assignment> p<884> c<882> l<118:10> el<118:16>
                          n<gsr_in> u<882> t<SIMPLE_IDENTIFIER> p<883> l<118:10> el<118:16>
        n<> u<905> t<Module_item> p<5224> c<904> s<919> l<119:5> el<119:27>
          n<> u<904> t<Non_port_module_item> p<905> c<903> l<119:5> el<119:27>
            n<> u<903> t<Module_or_generate_item> p<904> c<902> l<119:5> el<119:27>
              n<> u<902> t<Module_common_item> p<903> c<901> l<119:5> el<119:27>
                n<> u<901> t<Module_or_generate_item_declaration> p<902> c<900> l<119:5> el<119:27>
                  n<> u<900> t<Package_or_generate_item_declaration> p<901> c<899> l<119:5> el<119:27>
                    n<> u<899> t<Net_declaration> p<900> c<892> l<119:5> el<119:27>
                      n<> u<892> t<WIRE> p<899> s<893> l<119:5> el<119:9>
                      n<> u<893> t<Data_type_or_implicit> p<899> s<898> l<119:10> el<119:10>
                      n<> u<898> t<Net_decl_assignment_list> p<899> c<895> l<119:10> el<119:26>
                        n<> u<895> t<Net_decl_assignment> p<898> c<894> s<897> l<119:10> el<119:16>
                          n<inc_in> u<894> t<SIMPLE_IDENTIFIER> p<895> l<119:10> el<119:16>
                        n<> u<897> t<Net_decl_assignment> p<898> c<896> l<119:17> el<119:26>
                          n<delay_INC> u<896> t<SIMPLE_IDENTIFIER> p<897> l<119:17> el<119:26>
        n<> u<919> t<Module_item> p<5224> c<918> s<933> l<120:5> el<120:25>
          n<> u<918> t<Non_port_module_item> p<919> c<917> l<120:5> el<120:25>
            n<> u<917> t<Module_or_generate_item> p<918> c<916> l<120:5> el<120:25>
              n<> u<916> t<Module_common_item> p<917> c<915> l<120:5> el<120:25>
                n<> u<915> t<Module_or_generate_item_declaration> p<916> c<914> l<120:5> el<120:25>
                  n<> u<914> t<Package_or_generate_item_declaration> p<915> c<913> l<120:5> el<120:25>
                    n<> u<913> t<Net_declaration> p<914> c<906> l<120:5> el<120:25>
                      n<> u<906> t<WIRE> p<913> s<907> l<120:5> el<120:9>
                      n<> u<907> t<Data_type_or_implicit> p<913> s<912> l<120:10> el<120:10>
                      n<> u<912> t<Net_decl_assignment_list> p<913> c<909> l<120:10> el<120:24>
                        n<> u<909> t<Net_decl_assignment> p<912> c<908> s<911> l<120:10> el<120:15>
                          n<ld_in> u<908> t<SIMPLE_IDENTIFIER> p<909> l<120:10> el<120:15>
                        n<> u<911> t<Net_decl_assignment> p<912> c<910> l<120:16> el<120:24>
                          n<delay_LD> u<910> t<SIMPLE_IDENTIFIER> p<911> l<120:16> el<120:24>
        n<> u<933> t<Module_item> p<5224> c<932> s<947> l<121:5> el<121:37>
          n<> u<932> t<Non_port_module_item> p<933> c<931> l<121:5> el<121:37>
            n<> u<931> t<Module_or_generate_item> p<932> c<930> l<121:5> el<121:37>
              n<> u<930> t<Module_common_item> p<931> c<929> l<121:5> el<121:37>
                n<> u<929> t<Module_or_generate_item_declaration> p<930> c<928> l<121:5> el<121:37>
                  n<> u<928> t<Package_or_generate_item_declaration> p<929> c<927> l<121:5> el<121:37>
                    n<> u<927> t<Net_declaration> p<928> c<920> l<121:5> el<121:37>
                      n<> u<920> t<WIRE> p<927> s<921> l<121:5> el<121:9>
                      n<> u<921> t<Data_type_or_implicit> p<927> s<926> l<121:10> el<121:10>
                      n<> u<926> t<Net_decl_assignment_list> p<927> c<923> l<121:10> el<121:36>
                        n<> u<923> t<Net_decl_assignment> p<926> c<922> s<925> l<121:10> el<121:21>
                          n<ldpipeen_in> u<922> t<SIMPLE_IDENTIFIER> p<923> l<121:10> el<121:21>
                        n<> u<925> t<Net_decl_assignment> p<926> c<924> l<121:22> el<121:36>
                          n<delay_LDPIPEEN> u<924> t<SIMPLE_IDENTIFIER> p<925> l<121:22> el<121:36>
        n<> u<947> t<Module_item> p<5224> c<946> s<974> l<122:5> el<122:33>
          n<> u<946> t<Non_port_module_item> p<947> c<945> l<122:5> el<122:33>
            n<> u<945> t<Module_or_generate_item> p<946> c<944> l<122:5> el<122:33>
              n<> u<944> t<Module_common_item> p<945> c<943> l<122:5> el<122:33>
                n<> u<943> t<Module_or_generate_item_declaration> p<944> c<942> l<122:5> el<122:33>
                  n<> u<942> t<Package_or_generate_item_declaration> p<943> c<941> l<122:5> el<122:33>
                    n<> u<941> t<Net_declaration> p<942> c<934> l<122:5> el<122:33>
                      n<> u<934> t<WIRE> p<941> s<935> l<122:5> el<122:9>
                      n<> u<935> t<Data_type_or_implicit> p<941> s<940> l<122:10> el<122:10>
                      n<> u<940> t<Net_decl_assignment_list> p<941> c<937> l<122:10> el<122:32>
                        n<> u<937> t<Net_decl_assignment> p<940> c<936> s<939> l<122:10> el<122:19>
                          n<regrst_in> u<936> t<SIMPLE_IDENTIFIER> p<937> l<122:10> el<122:19>
                        n<> u<939> t<Net_decl_assignment> p<940> c<938> l<122:20> el<122:32>
                          n<delay_REGRST> u<938> t<SIMPLE_IDENTIFIER> p<939> l<122:20> el<122:32>
        n<> u<974> t<Module_item> p<5224> c<973> s<1001> l<124:4> el<124:38>
          n<> u<973> t<Non_port_module_item> p<974> c<972> l<124:4> el<124:38>
            n<> u<972> t<Module_or_generate_item> p<973> c<971> l<124:4> el<124:38>
              n<> u<971> t<Module_common_item> p<972> c<970> l<124:4> el<124:38>
                n<> u<970> t<Module_or_generate_item_declaration> p<971> c<969> l<124:4> el<124:38>
                  n<> u<969> t<Package_or_generate_item_declaration> p<970> c<968> l<124:4> el<124:38>
                    n<> u<968> t<Data_declaration> p<969> c<967> l<124:4> el<124:38>
                      n<> u<967> t<Variable_declaration> p<968> c<959> l<124:4> el<124:38>
                        n<> u<959> t<Data_type> p<967> c<948> s<966> l<124:4> el<124:13>
                          n<> u<948> t<REG> p<959> s<958> l<124:4> el<124:7>
                          n<> u<958> t<Packed_dimension> p<959> c<957> l<124:8> el<124:13>
                            n<> u<957> t<Constant_range> p<958> c<952> l<124:9> el<124:12>
                              n<> u<952> t<Constant_expression> p<957> c<951> s<956> l<124:9> el<124:10>
                                n<> u<951> t<Constant_primary> p<952> c<950> l<124:9> el<124:10>
                                  n<> u<950> t<Primary_literal> p<951> c<949> l<124:9> el<124:10>
                                    n<4> u<949> t<INTEGRAL_NUMBER> p<950> l<124:9> el<124:10>
                              n<> u<956> t<Constant_expression> p<957> c<955> l<124:11> el<124:12>
                                n<> u<955> t<Constant_primary> p<956> c<954> l<124:11> el<124:12>
                                  n<> u<954> t<Primary_literal> p<955> c<953> l<124:11> el<124:12>
                                    n<0> u<953> t<INTEGRAL_NUMBER> p<954> l<124:11> el<124:12>
                        n<> u<966> t<Variable_decl_assignment_list> p<967> c<965> l<124:14> el<124:37>
                          n<> u<965> t<Variable_decl_assignment> p<966> c<960> l<124:14> el<124:37>
                            n<qcntvalueout_reg> u<960> t<SIMPLE_IDENTIFIER> p<965> s<964> l<124:14> el<124:30>
                            n<> u<964> t<Expression> p<965> c<963> l<124:33> el<124:37>
                              n<> u<963> t<Primary> p<964> c<962> l<124:33> el<124:37>
                                n<> u<962> t<Primary_literal> p<963> c<961> l<124:33> el<124:37>
                                  n<5'b0> u<961> t<INTEGRAL_NUMBER> p<962> l<124:33> el<124:37>
        n<> u<1001> t<Module_item> p<5224> c<1000> s<1002> l<125:4> el<125:38>
          n<> u<1000> t<Non_port_module_item> p<1001> c<999> l<125:4> el<125:38>
            n<> u<999> t<Module_or_generate_item> p<1000> c<998> l<125:4> el<125:38>
              n<> u<998> t<Module_common_item> p<999> c<997> l<125:4> el<125:38>
                n<> u<997> t<Module_or_generate_item_declaration> p<998> c<996> l<125:4> el<125:38>
                  n<> u<996> t<Package_or_generate_item_declaration> p<997> c<995> l<125:4> el<125:38>
                    n<> u<995> t<Data_declaration> p<996> c<994> l<125:4> el<125:38>
                      n<> u<994> t<Variable_declaration> p<995> c<986> l<125:4> el<125:38>
                        n<> u<986> t<Data_type> p<994> c<975> s<993> l<125:4> el<125:13>
                          n<> u<975> t<REG> p<986> s<985> l<125:4> el<125:7>
                          n<> u<985> t<Packed_dimension> p<986> c<984> l<125:8> el<125:13>
                            n<> u<984> t<Constant_range> p<985> c<979> l<125:9> el<125:12>
                              n<> u<979> t<Constant_expression> p<984> c<978> s<983> l<125:9> el<125:10>
                                n<> u<978> t<Constant_primary> p<979> c<977> l<125:9> el<125:10>
                                  n<> u<977> t<Primary_literal> p<978> c<976> l<125:9> el<125:10>
                                    n<4> u<976> t<INTEGRAL_NUMBER> p<977> l<125:9> el<125:10>
                              n<> u<983> t<Constant_expression> p<984> c<982> l<125:11> el<125:12>
                                n<> u<982> t<Constant_primary> p<983> c<981> l<125:11> el<125:12>
                                  n<> u<981> t<Primary_literal> p<982> c<980> l<125:11> el<125:12>
                                    n<0> u<980> t<INTEGRAL_NUMBER> p<981> l<125:11> el<125:12>
                        n<> u<993> t<Variable_decl_assignment_list> p<994> c<992> l<125:14> el<125:37>
                          n<> u<992> t<Variable_decl_assignment> p<993> c<987> l<125:14> el<125:37>
                            n<qcntvalueout_mux> u<987> t<SIMPLE_IDENTIFIER> p<992> s<991> l<125:14> el<125:30>
                            n<> u<991> t<Expression> p<992> c<990> l<125:33> el<125:37>
                              n<> u<990> t<Primary> p<991> c<989> l<125:33> el<125:37>
                                n<> u<989> t<Primary_literal> p<990> c<988> l<125:33> el<125:37>
                                  n<5'b0> u<988> t<INTEGRAL_NUMBER> p<989> l<125:33> el<125:37>
        n<//----------------------------------------------------------------------> u<1002> t<LINE_COMMENT> p<5224> s<1003> l<128:1> el<128:73>
        n<//-------------------------------  Output ------------------------------> u<1003> t<LINE_COMMENT> p<5224> s<1004> l<129:1> el<129:73>
        n<//----------------------------------------------------------------------> u<1004> t<LINE_COMMENT> p<5224> s<1005> l<130:1> el<130:73>
        n<// CR 587496> u<1005> t<LINE_COMMENT> p<5224> s<1006> l<131:1> el<131:13>
        n<//    assign #INIT_DELAY DATAOUT = tap_out;> u<1006> t<LINE_COMMENT> p<5224> s<1040> l<132:1> el<132:44>
        n<> u<1040> t<Module_item> p<5224> c<1039> s<1056> l<133:5> el<134:43>
          n<> u<1039> t<Non_port_module_item> p<1040> c<1038> l<133:5> el<134:43>
            n<> u<1038> t<Module_or_generate_item> p<1039> c<1037> l<133:5> el<134:43>
              n<> u<1037> t<Module_common_item> p<1038> c<1036> l<133:5> el<134:43>
                n<> u<1036> t<Always_construct> p<1037> c<1007> l<133:5> el<134:43>
                  n<> u<1007> t<ALWAYS> p<1036> s<1035> l<133:5> el<133:11>
                  n<> u<1035> t<Statement> p<1036> c<1034> l<133:12> el<134:43>
                    n<> u<1034> t<Statement_item> p<1035> c<1033> l<133:12> el<134:43>
                      n<> u<1033> t<Procedural_timing_control_statement> p<1034> c<1014> l<133:12> el<134:43>
                        n<> u<1014> t<Procedural_timing_control> p<1033> c<1013> s<1032> l<133:12> el<133:22>
                          n<> u<1013> t<Event_control> p<1014> c<1012> l<133:12> el<133:22>
                            n<> u<1012> t<Event_expression> p<1013> c<1011> l<133:14> el<133:21>
                              n<> u<1011> t<Expression> p<1012> c<1010> l<133:14> el<133:21>
                                n<> u<1010> t<Primary> p<1011> c<1009> l<133:14> el<133:21>
                                  n<> u<1009> t<Primary_literal> p<1010> c<1008> l<133:14> el<133:21>
                                    n<tap_out> u<1008> t<SIMPLE_IDENTIFIER> p<1009> l<133:14> el<133:21>
                        n<> u<1032> t<Statement_or_null> p<1033> c<1031> l<134:8> el<134:43>
                          n<> u<1031> t<Statement> p<1032> c<1030> l<134:8> el<134:43>
                            n<> u<1030> t<Statement_item> p<1031> c<1029> l<134:8> el<134:43>
                              n<> u<1029> t<Nonblocking_assignment> p<1030> c<1019> l<134:8> el<134:42>
                                n<> u<1019> t<Variable_lvalue> p<1029> c<1016> s<1024> l<134:8> el<134:19>
                                  n<> u<1016> t<Ps_or_hierarchical_identifier> p<1019> c<1015> s<1018> l<134:8> el<134:19>
                                    n<DATAOUT_reg> u<1015> t<SIMPLE_IDENTIFIER> p<1016> l<134:8> el<134:19>
                                  n<> u<1018> t<Select> p<1019> c<1017> l<134:20> el<134:20>
                                    n<> u<1017> t<Bit_select> p<1018> l<134:20> el<134:20>
                                n<> u<1024> t<Delay_or_event_control> p<1029> c<1023> s<1028> l<134:23> el<134:34>
                                  n<> u<1023> t<Delay_control> p<1024> c<1022> l<134:23> el<134:34>
                                    n<INIT_DELAY> u<1022> t<SIMPLE_IDENTIFIER> p<1023> c<1021> l<134:23> el<134:34>
                                      n<> u<1021> t<Ps_identifier> p<1022> c<1020> l<134:24> el<134:34>
                                        n<INIT_DELAY> u<1020> t<SIMPLE_IDENTIFIER> p<1021> l<134:24> el<134:34>
                                n<> u<1028> t<Expression> p<1029> c<1027> l<134:35> el<134:42>
                                  n<> u<1027> t<Primary> p<1028> c<1026> l<134:35> el<134:42>
                                    n<> u<1026> t<Primary_literal> p<1027> c<1025> l<134:35> el<134:42>
                                      n<tap_out> u<1025> t<SIMPLE_IDENTIFIER> p<1026> l<134:35> el<134:42>
        n<> u<1056> t<Module_item> p<5224> c<1055> s<1072> l<136:5> el<136:34>
          n<> u<1055> t<Non_port_module_item> p<1056> c<1054> l<136:5> el<136:34>
            n<> u<1054> t<Module_or_generate_item> p<1055> c<1053> l<136:5> el<136:34>
              n<> u<1053> t<Module_common_item> p<1054> c<1052> l<136:5> el<136:34>
                n<> u<1052> t<Continuous_assign> p<1053> c<1051> l<136:5> el<136:34>
                  n<> u<1051> t<Net_assignment_list> p<1052> c<1050> l<136:12> el<136:33>
                    n<> u<1050> t<Net_assignment> p<1051> c<1045> l<136:12> el<136:33>
                      n<> u<1045> t<Net_lvalue> p<1050> c<1042> s<1049> l<136:12> el<136:19>
                        n<> u<1042> t<Ps_or_hierarchical_identifier> p<1045> c<1041> s<1044> l<136:12> el<136:19>
                          n<DATAOUT> u<1041> t<SIMPLE_IDENTIFIER> p<1042> l<136:12> el<136:19>
                        n<> u<1044> t<Constant_select> p<1045> c<1043> l<136:20> el<136:20>
                          n<> u<1043> t<Constant_bit_select> p<1044> l<136:20> el<136:20>
                      n<> u<1049> t<Expression> p<1050> c<1048> l<136:22> el<136:33>
                        n<> u<1048> t<Primary> p<1049> c<1047> l<136:22> el<136:33>
                          n<> u<1047> t<Primary_literal> p<1048> c<1046> l<136:22> el<136:33>
                            n<DATAOUT_reg> u<1046> t<SIMPLE_IDENTIFIER> p<1047> l<136:22> el<136:33>
        n<> u<1072> t<Module_item> p<5224> c<1071> s<1073> l<137:5> el<137:42>
          n<> u<1071> t<Non_port_module_item> p<1072> c<1070> l<137:5> el<137:42>
            n<> u<1070> t<Module_or_generate_item> p<1071> c<1069> l<137:5> el<137:42>
              n<> u<1069> t<Module_common_item> p<1070> c<1068> l<137:5> el<137:42>
                n<> u<1068> t<Continuous_assign> p<1069> c<1067> l<137:5> el<137:42>
                  n<> u<1067> t<Net_assignment_list> p<1068> c<1066> l<137:12> el<137:41>
                    n<> u<1066> t<Net_assignment> p<1067> c<1061> l<137:12> el<137:41>
                      n<> u<1061> t<Net_lvalue> p<1066> c<1058> s<1065> l<137:12> el<137:23>
                        n<> u<1058> t<Ps_or_hierarchical_identifier> p<1061> c<1057> s<1060> l<137:12> el<137:23>
                          n<CNTVALUEOUT> u<1057> t<SIMPLE_IDENTIFIER> p<1058> l<137:12> el<137:23>
                        n<> u<1060> t<Constant_select> p<1061> c<1059> l<137:24> el<137:24>
                          n<> u<1059> t<Constant_bit_select> p<1060> l<137:24> el<137:24>
                      n<> u<1065> t<Expression> p<1066> c<1064> l<137:26> el<137:41>
                        n<> u<1064> t<Primary> p<1065> c<1063> l<137:26> el<137:41>
                          n<> u<1063> t<Primary_literal> p<1064> c<1062> l<137:26> el<137:41>
                            n<cntvalueout_pre> u<1062> t<SIMPLE_IDENTIFIER> p<1063> l<137:26> el<137:41>
        n<//----------------------------------------------------------------------> u<1073> t<LINE_COMMENT> p<5224> s<1074> l<140:1> el<140:73>
        n<//-------------------------------  Input -------------------------------> u<1074> t<LINE_COMMENT> p<5224> s<1075> l<141:1> el<141:73>
        n<//----------------------------------------------------------------------> u<1075> t<LINE_COMMENT> p<5224> s<1091> l<142:1> el<142:73>
        n<> u<1091> t<Module_item> p<5224> c<1090> s<1107> l<143:5> el<143:25>
          n<> u<1090> t<Non_port_module_item> p<1091> c<1089> l<143:5> el<143:25>
            n<> u<1089> t<Module_or_generate_item> p<1090> c<1088> l<143:5> el<143:25>
              n<> u<1088> t<Module_common_item> p<1089> c<1087> l<143:5> el<143:25>
                n<> u<1087> t<Continuous_assign> p<1088> c<1086> l<143:5> el<143:25>
                  n<> u<1086> t<Net_assignment_list> p<1087> c<1085> l<143:12> el<143:24>
                    n<> u<1085> t<Net_assignment> p<1086> c<1080> l<143:12> el<143:24>
                      n<> u<1080> t<Net_lvalue> p<1085> c<1077> s<1084> l<143:12> el<143:19>
                        n<> u<1077> t<Ps_or_hierarchical_identifier> p<1080> c<1076> s<1079> l<143:12> el<143:19>
                          n<delay_C> u<1076> t<SIMPLE_IDENTIFIER> p<1077> l<143:12> el<143:19>
                        n<> u<1079> t<Constant_select> p<1080> c<1078> l<143:20> el<143:20>
                          n<> u<1078> t<Constant_bit_select> p<1079> l<143:20> el<143:20>
                      n<> u<1084> t<Expression> p<1085> c<1083> l<143:23> el<143:24>
                        n<> u<1083> t<Primary> p<1084> c<1082> l<143:23> el<143:24>
                          n<> u<1082> t<Primary_literal> p<1083> c<1081> l<143:23> el<143:24>
                            n<C> u<1081> t<SIMPLE_IDENTIFIER> p<1082> l<143:23> el<143:24>
        n<> u<1107> t<Module_item> p<5224> c<1106> s<1123> l<144:5> el<144:26>
          n<> u<1106> t<Non_port_module_item> p<1107> c<1105> l<144:5> el<144:26>
            n<> u<1105> t<Module_or_generate_item> p<1106> c<1104> l<144:5> el<144:26>
              n<> u<1104> t<Module_common_item> p<1105> c<1103> l<144:5> el<144:26>
                n<> u<1103> t<Continuous_assign> p<1104> c<1102> l<144:5> el<144:26>
                  n<> u<1102> t<Net_assignment_list> p<1103> c<1101> l<144:12> el<144:25>
                    n<> u<1101> t<Net_assignment> p<1102> c<1096> l<144:12> el<144:25>
                      n<> u<1096> t<Net_lvalue> p<1101> c<1093> s<1100> l<144:12> el<144:20>
                        n<> u<1093> t<Ps_or_hierarchical_identifier> p<1096> c<1092> s<1095> l<144:12> el<144:20>
                          n<delay_CE> u<1092> t<SIMPLE_IDENTIFIER> p<1093> l<144:12> el<144:20>
                        n<> u<1095> t<Constant_select> p<1096> c<1094> l<144:21> el<144:21>
                          n<> u<1094> t<Constant_bit_select> p<1095> l<144:21> el<144:21>
                      n<> u<1100> t<Expression> p<1101> c<1099> l<144:23> el<144:25>
                        n<> u<1099> t<Primary> p<1100> c<1098> l<144:23> el<144:25>
                          n<> u<1098> t<Primary_literal> p<1099> c<1097> l<144:23> el<144:25>
                            n<CE> u<1097> t<SIMPLE_IDENTIFIER> p<1098> l<144:23> el<144:25>
        n<> u<1123> t<Module_item> p<5224> c<1122> s<1139> l<145:5> el<145:42>
          n<> u<1122> t<Non_port_module_item> p<1123> c<1121> l<145:5> el<145:42>
            n<> u<1121> t<Module_or_generate_item> p<1122> c<1120> l<145:5> el<145:42>
              n<> u<1120> t<Module_common_item> p<1121> c<1119> l<145:5> el<145:42>
                n<> u<1119> t<Continuous_assign> p<1120> c<1118> l<145:5> el<145:42>
                  n<> u<1118> t<Net_assignment_list> p<1119> c<1117> l<145:12> el<145:41>
                    n<> u<1117> t<Net_assignment> p<1118> c<1112> l<145:12> el<145:41>
                      n<> u<1112> t<Net_lvalue> p<1117> c<1109> s<1116> l<145:12> el<145:28>
                        n<> u<1109> t<Ps_or_hierarchical_identifier> p<1112> c<1108> s<1111> l<145:12> el<145:28>
                          n<delay_CNTVALUEIN> u<1108> t<SIMPLE_IDENTIFIER> p<1109> l<145:12> el<145:28>
                        n<> u<1111> t<Constant_select> p<1112> c<1110> l<145:29> el<145:29>
                          n<> u<1110> t<Constant_bit_select> p<1111> l<145:29> el<145:29>
                      n<> u<1116> t<Expression> p<1117> c<1115> l<145:31> el<145:41>
                        n<> u<1115> t<Primary> p<1116> c<1114> l<145:31> el<145:41>
                          n<> u<1114> t<Primary_literal> p<1115> c<1113> l<145:31> el<145:41>
                            n<CNTVALUEIN> u<1113> t<SIMPLE_IDENTIFIER> p<1114> l<145:31> el<145:41>
        n<> u<1139> t<Module_item> p<5224> c<1138> s<1155> l<146:5> el<146:28>
          n<> u<1138> t<Non_port_module_item> p<1139> c<1137> l<146:5> el<146:28>
            n<> u<1137> t<Module_or_generate_item> p<1138> c<1136> l<146:5> el<146:28>
              n<> u<1136> t<Module_common_item> p<1137> c<1135> l<146:5> el<146:28>
                n<> u<1135> t<Continuous_assign> p<1136> c<1134> l<146:5> el<146:28>
                  n<> u<1134> t<Net_assignment_list> p<1135> c<1133> l<146:12> el<146:27>
                    n<> u<1133> t<Net_assignment> p<1134> c<1128> l<146:12> el<146:27>
                      n<> u<1128> t<Net_lvalue> p<1133> c<1125> s<1132> l<146:12> el<146:21>
                        n<> u<1125> t<Ps_or_hierarchical_identifier> p<1128> c<1124> s<1127> l<146:12> el<146:21>
                          n<delay_INC> u<1124> t<SIMPLE_IDENTIFIER> p<1125> l<146:12> el<146:21>
                        n<> u<1127> t<Constant_select> p<1128> c<1126> l<146:22> el<146:22>
                          n<> u<1126> t<Constant_bit_select> p<1127> l<146:22> el<146:22>
                      n<> u<1132> t<Expression> p<1133> c<1131> l<146:24> el<146:27>
                        n<> u<1131> t<Primary> p<1132> c<1130> l<146:24> el<146:27>
                          n<> u<1130> t<Primary_literal> p<1131> c<1129> l<146:24> el<146:27>
                            n<INC> u<1129> t<SIMPLE_IDENTIFIER> p<1130> l<146:24> el<146:27>
        n<> u<1155> t<Module_item> p<5224> c<1154> s<1171> l<147:5> el<147:26>
          n<> u<1154> t<Non_port_module_item> p<1155> c<1153> l<147:5> el<147:26>
            n<> u<1153> t<Module_or_generate_item> p<1154> c<1152> l<147:5> el<147:26>
              n<> u<1152> t<Module_common_item> p<1153> c<1151> l<147:5> el<147:26>
                n<> u<1151> t<Continuous_assign> p<1152> c<1150> l<147:5> el<147:26>
                  n<> u<1150> t<Net_assignment_list> p<1151> c<1149> l<147:12> el<147:25>
                    n<> u<1149> t<Net_assignment> p<1150> c<1144> l<147:12> el<147:25>
                      n<> u<1144> t<Net_lvalue> p<1149> c<1141> s<1148> l<147:12> el<147:20>
                        n<> u<1141> t<Ps_or_hierarchical_identifier> p<1144> c<1140> s<1143> l<147:12> el<147:20>
                          n<delay_LD> u<1140> t<SIMPLE_IDENTIFIER> p<1141> l<147:12> el<147:20>
                        n<> u<1143> t<Constant_select> p<1144> c<1142> l<147:21> el<147:21>
                          n<> u<1142> t<Constant_bit_select> p<1143> l<147:21> el<147:21>
                      n<> u<1148> t<Expression> p<1149> c<1147> l<147:23> el<147:25>
                        n<> u<1147> t<Primary> p<1148> c<1146> l<147:23> el<147:25>
                          n<> u<1146> t<Primary_literal> p<1147> c<1145> l<147:23> el<147:25>
                            n<LD> u<1145> t<SIMPLE_IDENTIFIER> p<1146> l<147:23> el<147:25>
        n<> u<1171> t<Module_item> p<5224> c<1170> s<1187> l<148:5> el<148:38>
          n<> u<1170> t<Non_port_module_item> p<1171> c<1169> l<148:5> el<148:38>
            n<> u<1169> t<Module_or_generate_item> p<1170> c<1168> l<148:5> el<148:38>
              n<> u<1168> t<Module_common_item> p<1169> c<1167> l<148:5> el<148:38>
                n<> u<1167> t<Continuous_assign> p<1168> c<1166> l<148:5> el<148:38>
                  n<> u<1166> t<Net_assignment_list> p<1167> c<1165> l<148:12> el<148:37>
                    n<> u<1165> t<Net_assignment> p<1166> c<1160> l<148:12> el<148:37>
                      n<> u<1160> t<Net_lvalue> p<1165> c<1157> s<1164> l<148:12> el<148:26>
                        n<> u<1157> t<Ps_or_hierarchical_identifier> p<1160> c<1156> s<1159> l<148:12> el<148:26>
                          n<delay_LDPIPEEN> u<1156> t<SIMPLE_IDENTIFIER> p<1157> l<148:12> el<148:26>
                        n<> u<1159> t<Constant_select> p<1160> c<1158> l<148:27> el<148:27>
                          n<> u<1158> t<Constant_bit_select> p<1159> l<148:27> el<148:27>
                      n<> u<1164> t<Expression> p<1165> c<1163> l<148:29> el<148:37>
                        n<> u<1163> t<Primary> p<1164> c<1162> l<148:29> el<148:37>
                          n<> u<1162> t<Primary_literal> p<1163> c<1161> l<148:29> el<148:37>
                            n<LDPIPEEN> u<1161> t<SIMPLE_IDENTIFIER> p<1162> l<148:29> el<148:37>
        n<> u<1187> t<Module_item> p<5224> c<1186> s<1203> l<149:5> el<149:34>
          n<> u<1186> t<Non_port_module_item> p<1187> c<1185> l<149:5> el<149:34>
            n<> u<1185> t<Module_or_generate_item> p<1186> c<1184> l<149:5> el<149:34>
              n<> u<1184> t<Module_common_item> p<1185> c<1183> l<149:5> el<149:34>
                n<> u<1183> t<Continuous_assign> p<1184> c<1182> l<149:5> el<149:34>
                  n<> u<1182> t<Net_assignment_list> p<1183> c<1181> l<149:12> el<149:33>
                    n<> u<1181> t<Net_assignment> p<1182> c<1176> l<149:12> el<149:33>
                      n<> u<1176> t<Net_lvalue> p<1181> c<1173> s<1180> l<149:12> el<149:24>
                        n<> u<1173> t<Ps_or_hierarchical_identifier> p<1176> c<1172> s<1175> l<149:12> el<149:24>
                          n<delay_REGRST> u<1172> t<SIMPLE_IDENTIFIER> p<1173> l<149:12> el<149:24>
                        n<> u<1175> t<Constant_select> p<1176> c<1174> l<149:25> el<149:25>
                          n<> u<1174> t<Constant_bit_select> p<1175> l<149:25> el<149:25>
                      n<> u<1180> t<Expression> p<1181> c<1179> l<149:27> el<149:33>
                        n<> u<1179> t<Primary> p<1180> c<1178> l<149:27> el<149:33>
                          n<> u<1178> t<Primary_literal> p<1179> c<1177> l<149:27> el<149:33>
                            n<REGRST> u<1177> t<SIMPLE_IDENTIFIER> p<1178> l<149:27> el<149:33>
        n<> u<1203> t<Module_item> p<5224> c<1202> s<1219> l<151:5> el<151:38>
          n<> u<1202> t<Non_port_module_item> p<1203> c<1201> l<151:5> el<151:38>
            n<> u<1201> t<Module_or_generate_item> p<1202> c<1200> l<151:5> el<151:38>
              n<> u<1200> t<Module_common_item> p<1201> c<1199> l<151:5> el<151:38>
                n<> u<1199> t<Continuous_assign> p<1200> c<1198> l<151:5> el<151:38>
                  n<> u<1198> t<Net_assignment_list> p<1199> c<1197> l<151:12> el<151:37>
                    n<> u<1197> t<Net_assignment> p<1198> c<1192> l<151:12> el<151:37>
                      n<> u<1192> t<Net_lvalue> p<1197> c<1189> s<1196> l<151:12> el<151:26>
                        n<> u<1189> t<Ps_or_hierarchical_identifier> p<1192> c<1188> s<1191> l<151:12> el<151:26>
                          n<delay_CINVCTRL> u<1188> t<SIMPLE_IDENTIFIER> p<1189> l<151:12> el<151:26>
                        n<> u<1191> t<Constant_select> p<1192> c<1190> l<151:27> el<151:27>
                          n<> u<1190> t<Constant_bit_select> p<1191> l<151:27> el<151:27>
                      n<> u<1196> t<Expression> p<1197> c<1195> l<151:29> el<151:37>
                        n<> u<1195> t<Primary> p<1196> c<1194> l<151:29> el<151:37>
                          n<> u<1194> t<Primary_literal> p<1195> c<1193> l<151:29> el<151:37>
                            n<CINVCTRL> u<1193> t<SIMPLE_IDENTIFIER> p<1194> l<151:29> el<151:37>
        n<> u<1219> t<Module_item> p<5224> c<1218> s<1235> l<152:5> el<152:32>
          n<> u<1218> t<Non_port_module_item> p<1219> c<1217> l<152:5> el<152:32>
            n<> u<1217> t<Module_or_generate_item> p<1218> c<1216> l<152:5> el<152:32>
              n<> u<1216> t<Module_common_item> p<1217> c<1215> l<152:5> el<152:32>
                n<> u<1215> t<Continuous_assign> p<1216> c<1214> l<152:5> el<152:32>
                  n<> u<1214> t<Net_assignment_list> p<1215> c<1213> l<152:12> el<152:31>
                    n<> u<1213> t<Net_assignment> p<1214> c<1208> l<152:12> el<152:31>
                      n<> u<1208> t<Net_lvalue> p<1213> c<1205> s<1212> l<152:12> el<152:23>
                        n<> u<1205> t<Ps_or_hierarchical_identifier> p<1208> c<1204> s<1207> l<152:12> el<152:23>
                          n<delay_CLKIN> u<1204> t<SIMPLE_IDENTIFIER> p<1205> l<152:12> el<152:23>
                        n<> u<1207> t<Constant_select> p<1208> c<1206> l<152:24> el<152:24>
                          n<> u<1206> t<Constant_bit_select> p<1207> l<152:24> el<152:24>
                      n<> u<1212> t<Expression> p<1213> c<1211> l<152:26> el<152:31>
                        n<> u<1211> t<Primary> p<1212> c<1210> l<152:26> el<152:31>
                          n<> u<1210> t<Primary_literal> p<1211> c<1209> l<152:26> el<152:31>
                            n<CLKIN> u<1209> t<SIMPLE_IDENTIFIER> p<1210> l<152:26> el<152:31>
        n<> u<1235> t<Module_item> p<5224> c<1234> s<1251> l<153:5> el<153:36>
          n<> u<1234> t<Non_port_module_item> p<1235> c<1233> l<153:5> el<153:36>
            n<> u<1233> t<Module_or_generate_item> p<1234> c<1232> l<153:5> el<153:36>
              n<> u<1232> t<Module_common_item> p<1233> c<1231> l<153:5> el<153:36>
                n<> u<1231> t<Continuous_assign> p<1232> c<1230> l<153:5> el<153:36>
                  n<> u<1230> t<Net_assignment_list> p<1231> c<1229> l<153:12> el<153:35>
                    n<> u<1229> t<Net_assignment> p<1230> c<1224> l<153:12> el<153:35>
                      n<> u<1224> t<Net_lvalue> p<1229> c<1221> s<1228> l<153:12> el<153:25>
                        n<> u<1221> t<Ps_or_hierarchical_identifier> p<1224> c<1220> s<1223> l<153:12> el<153:25>
                          n<delay_ODATAIN> u<1220> t<SIMPLE_IDENTIFIER> p<1221> l<153:12> el<153:25>
                        n<> u<1223> t<Constant_select> p<1224> c<1222> l<153:26> el<153:26>
                          n<> u<1222> t<Constant_bit_select> p<1223> l<153:26> el<153:26>
                      n<> u<1228> t<Expression> p<1229> c<1227> l<153:28> el<153:35>
                        n<> u<1227> t<Primary> p<1228> c<1226> l<153:28> el<153:35>
                          n<> u<1226> t<Primary_literal> p<1227> c<1225> l<153:28> el<153:35>
                            n<ODATAIN> u<1225> t<SIMPLE_IDENTIFIER> p<1226> l<153:28> el<153:35>
        n<> u<1251> t<Module_item> p<5224> c<1250> s<1273> l<154:5> el<154:25>
          n<> u<1250> t<Non_port_module_item> p<1251> c<1249> l<154:5> el<154:25>
            n<> u<1249> t<Module_or_generate_item> p<1250> c<1248> l<154:5> el<154:25>
              n<> u<1248> t<Module_common_item> p<1249> c<1247> l<154:5> el<154:25>
                n<> u<1247> t<Continuous_assign> p<1248> c<1246> l<154:5> el<154:25>
                  n<> u<1246> t<Net_assignment_list> p<1247> c<1245> l<154:12> el<154:24>
                    n<> u<1245> t<Net_assignment> p<1246> c<1240> l<154:12> el<154:24>
                      n<> u<1240> t<Net_lvalue> p<1245> c<1237> s<1244> l<154:12> el<154:18>
                        n<> u<1237> t<Ps_or_hierarchical_identifier> p<1240> c<1236> s<1239> l<154:12> el<154:18>
                          n<gsr_in> u<1236> t<SIMPLE_IDENTIFIER> p<1237> l<154:12> el<154:18>
                        n<> u<1239> t<Constant_select> p<1240> c<1238> l<154:19> el<154:19>
                          n<> u<1238> t<Constant_bit_select> p<1239> l<154:19> el<154:19>
                      n<> u<1244> t<Expression> p<1245> c<1243> l<154:21> el<154:24>
                        n<> u<1243> t<Primary> p<1244> c<1242> l<154:21> el<154:24>
                          n<> u<1242> t<Primary_literal> p<1243> c<1241> l<154:21> el<154:24>
                            n<GSR> u<1241> t<SIMPLE_IDENTIFIER> p<1242> l<154:21> el<154:24>
        n<> u<1273> t<Module_item> p<5224> c<1272> s<1289> l<156:4> el<156:46>
          n<> u<1272> t<Non_port_module_item> p<1273> c<1271> l<156:4> el<156:46>
            n<> u<1271> t<Module_or_generate_item> p<1272> c<1270> l<156:4> el<156:46>
              n<> u<1270> t<Module_common_item> p<1271> c<1269> l<156:4> el<156:46>
                n<> u<1269> t<Continuous_assign> p<1270> c<1268> l<156:4> el<156:46>
                  n<> u<1268> t<Net_assignment_list> p<1269> c<1267> l<156:11> el<156:45>
                    n<> u<1267> t<Net_assignment> p<1268> c<1256> l<156:11> el<156:45>
                      n<> u<1256> t<Net_lvalue> p<1267> c<1253> s<1266> l<156:11> el<156:19>
                        n<> u<1253> t<Ps_or_hierarchical_identifier> p<1256> c<1252> s<1255> l<156:11> el<156:19>
                          n<c_in_pre> u<1252> t<SIMPLE_IDENTIFIER> p<1253> l<156:11> el<156:19>
                        n<> u<1255> t<Constant_select> p<1256> c<1254> l<156:20> el<156:20>
                          n<> u<1254> t<Constant_bit_select> p<1255> l<156:20> el<156:20>
                      n<> u<1266> t<Expression> p<1267> c<1260> l<156:22> el<156:45>
                        n<> u<1260> t<Expression> p<1266> c<1259> s<1265> l<156:22> el<156:35>
                          n<> u<1259> t<Primary> p<1260> c<1258> l<156:22> el<156:35>
                            n<> u<1258> t<Primary_literal> p<1259> c<1257> l<156:22> el<156:35>
                              n<IS_C_INVERTED> u<1257> t<SIMPLE_IDENTIFIER> p<1258> l<156:22> el<156:35>
                        n<> u<1265> t<BinaryOp_BitwXor> p<1266> s<1264> l<156:36> el<156:37>
                        n<> u<1264> t<Expression> p<1266> c<1263> l<156:38> el<156:45>
                          n<> u<1263> t<Primary> p<1264> c<1262> l<156:38> el<156:45>
                            n<> u<1262> t<Primary_literal> p<1263> c<1261> l<156:38> el<156:45>
                              n<delay_C> u<1261> t<SIMPLE_IDENTIFIER> p<1262> l<156:38> el<156:45>
        n<> u<1289> t<Module_item> p<5224> c<1288> s<1305> l<157:5> el<157:29>
          n<> u<1288> t<Non_port_module_item> p<1289> c<1287> l<157:5> el<157:29>
            n<> u<1287> t<Module_or_generate_item> p<1288> c<1286> l<157:5> el<157:29>
              n<> u<1286> t<Module_common_item> p<1287> c<1285> l<157:5> el<157:29>
                n<> u<1285> t<Continuous_assign> p<1286> c<1284> l<157:5> el<157:29>
                  n<> u<1284> t<Net_assignment_list> p<1285> c<1283> l<157:12> el<157:28>
                    n<> u<1283> t<Net_assignment> p<1284> c<1278> l<157:12> el<157:28>
                      n<> u<1278> t<Net_lvalue> p<1283> c<1275> s<1282> l<157:12> el<157:17>
                        n<> u<1275> t<Ps_or_hierarchical_identifier> p<1278> c<1274> s<1277> l<157:12> el<157:17>
                          n<ce_in> u<1274> t<SIMPLE_IDENTIFIER> p<1275> l<157:12> el<157:17>
                        n<> u<1277> t<Constant_select> p<1278> c<1276> l<157:18> el<157:18>
                          n<> u<1276> t<Constant_bit_select> p<1277> l<157:18> el<157:18>
                      n<> u<1282> t<Expression> p<1283> c<1281> l<157:20> el<157:28>
                        n<> u<1281> t<Primary> p<1282> c<1280> l<157:20> el<157:28>
                          n<> u<1280> t<Primary_literal> p<1281> c<1279> l<157:20> el<157:28>
                            n<delay_CE> u<1279> t<SIMPLE_IDENTIFIER> p<1280> l<157:20> el<157:28>
        n<> u<1305> t<Module_item> p<5224> c<1304> s<1321> l<158:5> el<158:45>
          n<> u<1304> t<Non_port_module_item> p<1305> c<1303> l<158:5> el<158:45>
            n<> u<1303> t<Module_or_generate_item> p<1304> c<1302> l<158:5> el<158:45>
              n<> u<1302> t<Module_common_item> p<1303> c<1301> l<158:5> el<158:45>
                n<> u<1301> t<Continuous_assign> p<1302> c<1300> l<158:5> el<158:45>
                  n<> u<1300> t<Net_assignment_list> p<1301> c<1299> l<158:12> el<158:44>
                    n<> u<1299> t<Net_assignment> p<1300> c<1294> l<158:12> el<158:44>
                      n<> u<1294> t<Net_lvalue> p<1299> c<1291> s<1298> l<158:12> el<158:25>
                        n<> u<1291> t<Ps_or_hierarchical_identifier> p<1294> c<1290> s<1293> l<158:12> el<158:25>
                          n<cntvaluein_in> u<1290> t<SIMPLE_IDENTIFIER> p<1291> l<158:12> el<158:25>
                        n<> u<1293> t<Constant_select> p<1294> c<1292> l<158:26> el<158:26>
                          n<> u<1292> t<Constant_bit_select> p<1293> l<158:26> el<158:26>
                      n<> u<1298> t<Expression> p<1299> c<1297> l<158:28> el<158:44>
                        n<> u<1297> t<Primary> p<1298> c<1296> l<158:28> el<158:44>
                          n<> u<1296> t<Primary_literal> p<1297> c<1295> l<158:28> el<158:44>
                            n<delay_CNTVALUEIN> u<1295> t<SIMPLE_IDENTIFIER> p<1296> l<158:28> el<158:44>
        n<> u<1321> t<Module_item> p<5224> c<1320> s<1337> l<159:5> el<159:31>
          n<> u<1320> t<Non_port_module_item> p<1321> c<1319> l<159:5> el<159:31>
            n<> u<1319> t<Module_or_generate_item> p<1320> c<1318> l<159:5> el<159:31>
              n<> u<1318> t<Module_common_item> p<1319> c<1317> l<159:5> el<159:31>
                n<> u<1317> t<Continuous_assign> p<1318> c<1316> l<159:5> el<159:31>
                  n<> u<1316> t<Net_assignment_list> p<1317> c<1315> l<159:12> el<159:30>
                    n<> u<1315> t<Net_assignment> p<1316> c<1310> l<159:12> el<159:30>
                      n<> u<1310> t<Net_lvalue> p<1315> c<1307> s<1314> l<159:12> el<159:18>
                        n<> u<1307> t<Ps_or_hierarchical_identifier> p<1310> c<1306> s<1309> l<159:12> el<159:18>
                          n<inc_in> u<1306> t<SIMPLE_IDENTIFIER> p<1307> l<159:12> el<159:18>
                        n<> u<1309> t<Constant_select> p<1310> c<1308> l<159:19> el<159:19>
                          n<> u<1308> t<Constant_bit_select> p<1309> l<159:19> el<159:19>
                      n<> u<1314> t<Expression> p<1315> c<1313> l<159:21> el<159:30>
                        n<> u<1313> t<Primary> p<1314> c<1312> l<159:21> el<159:30>
                          n<> u<1312> t<Primary_literal> p<1313> c<1311> l<159:21> el<159:30>
                            n<delay_INC> u<1311> t<SIMPLE_IDENTIFIER> p<1312> l<159:21> el<159:30>
        n<> u<1337> t<Module_item> p<5224> c<1336> s<1353> l<160:5> el<160:29>
          n<> u<1336> t<Non_port_module_item> p<1337> c<1335> l<160:5> el<160:29>
            n<> u<1335> t<Module_or_generate_item> p<1336> c<1334> l<160:5> el<160:29>
              n<> u<1334> t<Module_common_item> p<1335> c<1333> l<160:5> el<160:29>
                n<> u<1333> t<Continuous_assign> p<1334> c<1332> l<160:5> el<160:29>
                  n<> u<1332> t<Net_assignment_list> p<1333> c<1331> l<160:12> el<160:28>
                    n<> u<1331> t<Net_assignment> p<1332> c<1326> l<160:12> el<160:28>
                      n<> u<1326> t<Net_lvalue> p<1331> c<1323> s<1330> l<160:12> el<160:17>
                        n<> u<1323> t<Ps_or_hierarchical_identifier> p<1326> c<1322> s<1325> l<160:12> el<160:17>
                          n<ld_in> u<1322> t<SIMPLE_IDENTIFIER> p<1323> l<160:12> el<160:17>
                        n<> u<1325> t<Constant_select> p<1326> c<1324> l<160:18> el<160:18>
                          n<> u<1324> t<Constant_bit_select> p<1325> l<160:18> el<160:18>
                      n<> u<1330> t<Expression> p<1331> c<1329> l<160:20> el<160:28>
                        n<> u<1329> t<Primary> p<1330> c<1328> l<160:20> el<160:28>
                          n<> u<1328> t<Primary_literal> p<1329> c<1327> l<160:20> el<160:28>
                            n<delay_LD> u<1327> t<SIMPLE_IDENTIFIER> p<1328> l<160:20> el<160:28>
        n<> u<1353> t<Module_item> p<5224> c<1352> s<1369> l<161:5> el<161:41>
          n<> u<1352> t<Non_port_module_item> p<1353> c<1351> l<161:5> el<161:41>
            n<> u<1351> t<Module_or_generate_item> p<1352> c<1350> l<161:5> el<161:41>
              n<> u<1350> t<Module_common_item> p<1351> c<1349> l<161:5> el<161:41>
                n<> u<1349> t<Continuous_assign> p<1350> c<1348> l<161:5> el<161:41>
                  n<> u<1348> t<Net_assignment_list> p<1349> c<1347> l<161:12> el<161:40>
                    n<> u<1347> t<Net_assignment> p<1348> c<1342> l<161:12> el<161:40>
                      n<> u<1342> t<Net_lvalue> p<1347> c<1339> s<1346> l<161:12> el<161:23>
                        n<> u<1339> t<Ps_or_hierarchical_identifier> p<1342> c<1338> s<1341> l<161:12> el<161:23>
                          n<ldpipeen_in> u<1338> t<SIMPLE_IDENTIFIER> p<1339> l<161:12> el<161:23>
                        n<> u<1341> t<Constant_select> p<1342> c<1340> l<161:24> el<161:24>
                          n<> u<1340> t<Constant_bit_select> p<1341> l<161:24> el<161:24>
                      n<> u<1346> t<Expression> p<1347> c<1345> l<161:26> el<161:40>
                        n<> u<1345> t<Primary> p<1346> c<1344> l<161:26> el<161:40>
                          n<> u<1344> t<Primary_literal> p<1345> c<1343> l<161:26> el<161:40>
                            n<delay_LDPIPEEN> u<1343> t<SIMPLE_IDENTIFIER> p<1344> l<161:26> el<161:40>
        n<> u<1369> t<Module_item> p<5224> c<1368> s<1385> l<162:5> el<162:37>
          n<> u<1368> t<Non_port_module_item> p<1369> c<1367> l<162:5> el<162:37>
            n<> u<1367> t<Module_or_generate_item> p<1368> c<1366> l<162:5> el<162:37>
              n<> u<1366> t<Module_common_item> p<1367> c<1365> l<162:5> el<162:37>
                n<> u<1365> t<Continuous_assign> p<1366> c<1364> l<162:5> el<162:37>
                  n<> u<1364> t<Net_assignment_list> p<1365> c<1363> l<162:12> el<162:36>
                    n<> u<1363> t<Net_assignment> p<1364> c<1358> l<162:12> el<162:36>
                      n<> u<1358> t<Net_lvalue> p<1363> c<1355> s<1362> l<162:12> el<162:21>
                        n<> u<1355> t<Ps_or_hierarchical_identifier> p<1358> c<1354> s<1357> l<162:12> el<162:21>
                          n<regrst_in> u<1354> t<SIMPLE_IDENTIFIER> p<1355> l<162:12> el<162:21>
                        n<> u<1357> t<Constant_select> p<1358> c<1356> l<162:22> el<162:22>
                          n<> u<1356> t<Constant_bit_select> p<1357> l<162:22> el<162:22>
                      n<> u<1362> t<Expression> p<1363> c<1361> l<162:24> el<162:36>
                        n<> u<1361> t<Primary> p<1362> c<1360> l<162:24> el<162:36>
                          n<> u<1360> t<Primary_literal> p<1361> c<1359> l<162:24> el<162:36>
                            n<delay_REGRST> u<1359> t<SIMPLE_IDENTIFIER> p<1360> l<162:24> el<162:36>
        n<> u<1385> t<Module_item> p<5224> c<1384> s<1401> l<163:4> el<163:40>
          n<> u<1384> t<Non_port_module_item> p<1385> c<1383> l<163:4> el<163:40>
            n<> u<1383> t<Module_or_generate_item> p<1384> c<1382> l<163:4> el<163:40>
              n<> u<1382> t<Module_common_item> p<1383> c<1381> l<163:4> el<163:40>
                n<> u<1381> t<Continuous_assign> p<1382> c<1380> l<163:4> el<163:40>
                  n<> u<1380> t<Net_assignment_list> p<1381> c<1379> l<163:11> el<163:39>
                    n<> u<1379> t<Net_assignment> p<1380> c<1374> l<163:11> el<163:39>
                      n<> u<1374> t<Net_lvalue> p<1379> c<1371> s<1378> l<163:11> el<163:22>
                        n<> u<1371> t<Ps_or_hierarchical_identifier> p<1374> c<1370> s<1373> l<163:11> el<163:22>
                          n<cinvctrl_in> u<1370> t<SIMPLE_IDENTIFIER> p<1371> l<163:11> el<163:22>
                        n<> u<1373> t<Constant_select> p<1374> c<1372> l<163:23> el<163:23>
                          n<> u<1372> t<Constant_bit_select> p<1373> l<163:23> el<163:23>
                      n<> u<1378> t<Expression> p<1379> c<1377> l<163:25> el<163:39>
                        n<> u<1377> t<Primary> p<1378> c<1376> l<163:25> el<163:39>
                          n<> u<1376> t<Primary_literal> p<1377> c<1375> l<163:25> el<163:39>
                            n<delay_CINVCTRL> u<1375> t<SIMPLE_IDENTIFIER> p<1376> l<163:25> el<163:39>
        n<> u<1401> t<Module_item> p<5224> c<1400> s<1423> l<164:5> el<164:35>
          n<> u<1400> t<Non_port_module_item> p<1401> c<1399> l<164:5> el<164:35>
            n<> u<1399> t<Module_or_generate_item> p<1400> c<1398> l<164:5> el<164:35>
              n<> u<1398> t<Module_common_item> p<1399> c<1397> l<164:5> el<164:35>
                n<> u<1397> t<Continuous_assign> p<1398> c<1396> l<164:5> el<164:35>
                  n<> u<1396> t<Net_assignment_list> p<1397> c<1395> l<164:12> el<164:34>
                    n<> u<1395> t<Net_assignment> p<1396> c<1390> l<164:12> el<164:34>
                      n<> u<1390> t<Net_lvalue> p<1395> c<1387> s<1394> l<164:12> el<164:20>
                        n<> u<1387> t<Ps_or_hierarchical_identifier> p<1390> c<1386> s<1389> l<164:12> el<164:20>
                          n<clkin_in> u<1386> t<SIMPLE_IDENTIFIER> p<1387> l<164:12> el<164:20>
                        n<> u<1389> t<Constant_select> p<1390> c<1388> l<164:21> el<164:21>
                          n<> u<1388> t<Constant_bit_select> p<1389> l<164:21> el<164:21>
                      n<> u<1394> t<Expression> p<1395> c<1393> l<164:23> el<164:34>
                        n<> u<1393> t<Primary> p<1394> c<1392> l<164:23> el<164:34>
                          n<> u<1392> t<Primary_literal> p<1393> c<1391> l<164:23> el<164:34>
                            n<delay_CLKIN> u<1391> t<SIMPLE_IDENTIFIER> p<1392> l<164:23> el<164:34>
        n<> u<1423> t<Module_item> p<5224> c<1422> s<1424> l<165:5> el<165:61>
          n<> u<1422> t<Non_port_module_item> p<1423> c<1421> l<165:5> el<165:61>
            n<> u<1421> t<Module_or_generate_item> p<1422> c<1420> l<165:5> el<165:61>
              n<> u<1420> t<Module_common_item> p<1421> c<1419> l<165:5> el<165:61>
                n<> u<1419> t<Continuous_assign> p<1420> c<1418> l<165:5> el<165:61>
                  n<> u<1418> t<Net_assignment_list> p<1419> c<1417> l<165:12> el<165:60>
                    n<> u<1417> t<Net_assignment> p<1418> c<1406> l<165:12> el<165:60>
                      n<> u<1406> t<Net_lvalue> p<1417> c<1403> s<1416> l<165:12> el<165:22>
                        n<> u<1403> t<Ps_or_hierarchical_identifier> p<1406> c<1402> s<1405> l<165:12> el<165:22>
                          n<odatain_in> u<1402> t<SIMPLE_IDENTIFIER> p<1403> l<165:12> el<165:22>
                        n<> u<1405> t<Constant_select> p<1406> c<1404> l<165:23> el<165:23>
                          n<> u<1404> t<Constant_bit_select> p<1405> l<165:23> el<165:23>
                      n<> u<1416> t<Expression> p<1417> c<1410> l<165:25> el<165:60>
                        n<> u<1410> t<Expression> p<1416> c<1409> s<1415> l<165:25> el<165:44>
                          n<> u<1409> t<Primary> p<1410> c<1408> l<165:25> el<165:44>
                            n<> u<1408> t<Primary_literal> p<1409> c<1407> l<165:25> el<165:44>
                              n<IS_ODATAIN_INVERTED> u<1407> t<SIMPLE_IDENTIFIER> p<1408> l<165:25> el<165:44>
                        n<> u<1415> t<BinaryOp_BitwXor> p<1416> s<1414> l<165:45> el<165:46>
                        n<> u<1414> t<Expression> p<1416> c<1413> l<165:47> el<165:60>
                          n<> u<1413> t<Primary> p<1414> c<1412> l<165:47> el<165:60>
                            n<> u<1412> t<Primary_literal> p<1413> c<1411> l<165:47> el<165:60>
                              n<delay_ODATAIN> u<1411> t<SIMPLE_IDENTIFIER> p<1412> l<165:47> el<165:60>
        n<//*** GLOBAL hidden GSR pin> u<1424> t<LINE_COMMENT> p<5224> s<1561> l<169:1> el<169:28>
        n<> u<1561> t<Module_item> p<5224> c<1560> s<1562> l<170:5> el<185:8>
          n<> u<1560> t<Non_port_module_item> p<1561> c<1559> l<170:5> el<185:8>
            n<> u<1559> t<Module_or_generate_item> p<1560> c<1558> l<170:5> el<185:8>
              n<> u<1558> t<Module_common_item> p<1559> c<1557> l<170:5> el<185:8>
                n<> u<1557> t<Always_construct> p<1558> c<1425> l<170:5> el<185:8>
                  n<> u<1425> t<ALWAYS> p<1557> s<1556> l<170:5> el<170:11>
                  n<> u<1556> t<Statement> p<1557> c<1555> l<170:12> el<185:8>
                    n<> u<1555> t<Statement_item> p<1556> c<1554> l<170:12> el<185:8>
                      n<> u<1554> t<Procedural_timing_control_statement> p<1555> c<1432> l<170:12> el<185:8>
                        n<> u<1432> t<Procedural_timing_control> p<1554> c<1431> s<1553> l<170:12> el<170:21>
                          n<> u<1431> t<Event_control> p<1432> c<1430> l<170:12> el<170:21>
                            n<> u<1430> t<Event_expression> p<1431> c<1429> l<170:14> el<170:20>
                              n<> u<1429> t<Expression> p<1430> c<1428> l<170:14> el<170:20>
                                n<> u<1428> t<Primary> p<1429> c<1427> l<170:14> el<170:20>
                                  n<> u<1427> t<Primary_literal> p<1428> c<1426> l<170:14> el<170:20>
                                    n<gsr_in> u<1426> t<SIMPLE_IDENTIFIER> p<1427> l<170:14> el<170:20>
                        n<> u<1553> t<Statement_or_null> p<1554> c<1552> l<170:22> el<185:8>
                          n<> u<1552> t<Statement> p<1553> c<1551> l<170:22> el<185:8>
                            n<> u<1551> t<Statement_item> p<1552> c<1550> l<170:22> el<185:8>
                              n<> u<1550> t<Seq_block> p<1551> c<1548> l<170:22> el<185:8>
                                n<> u<1548> t<Statement_or_null> p<1550> c<1547> s<1549> l<171:2> el<184:5>
                                  n<> u<1547> t<Statement> p<1548> c<1546> l<171:2> el<184:5>
                                    n<> u<1546> t<Statement_item> p<1547> c<1545> l<171:2> el<184:5>
                                      n<> u<1545> t<Conditional_statement> p<1546> c<1444> l<171:2> el<184:5>
                                        n<> u<1444> t<Cond_predicate> p<1545> c<1443> s<1513> l<171:6> el<171:20>
                                          n<> u<1443> t<Expression_or_cond_pattern> p<1444> c<1442> l<171:6> el<171:20>
                                            n<> u<1442> t<Expression> p<1443> c<1436> l<171:6> el<171:20>
                                              n<> u<1436> t<Expression> p<1442> c<1435> s<1441> l<171:6> el<171:12>
                                                n<> u<1435> t<Primary> p<1436> c<1434> l<171:6> el<171:12>
                                                  n<> u<1434> t<Primary_literal> p<1435> c<1433> l<171:6> el<171:12>
                                                    n<gsr_in> u<1433> t<SIMPLE_IDENTIFIER> p<1434> l<171:6> el<171:12>
                                              n<> u<1441> t<EQUIV> p<1442> s<1440> l<171:13> el<171:15>
                                              n<> u<1440> t<Expression> p<1442> c<1439> l<171:16> el<171:20>
                                                n<> u<1439> t<Primary> p<1440> c<1438> l<171:16> el<171:20>
                                                  n<> u<1438> t<Primary_literal> p<1439> c<1437> l<171:16> el<171:20>
                                                    n<> u<1437> t<ONE_TICK_b1> p<1438> l<171:16> el<171:20>
                                        n<> u<1513> t<Statement_or_null> p<1545> c<1512> s<1544> l<171:22> el<181:12>
                                          n<> u<1512> t<Statement> p<1513> c<1511> l<171:22> el<181:12>
                                            n<> u<1511> t<Statement_item> p<1512> c<1445> l<171:22> el<181:12>
                                              n<//   For simprims, the fixed Delay values are taken from the sdf.> u<1445> t<LINE_COMMENT> p<1511> s<1446> l<172:1> el<172:66>
                                              n<//     if (ODELAY_TYPE == "FIXED")> u<1446> t<LINE_COMMENT> p<1511> s<1447> l<173:8> el<173:42>
                                              n<//         assign odelay_count = 0;> u<1447> t<LINE_COMMENT> p<1511> s<1448> l<174:8> el<174:43>
                                              n<//     else> u<1448> t<LINE_COMMENT> p<1511> s<1449> l<175:8> el<175:19>
                                              n<//         assign odelay_count = ODELAY_VALUE;> u<1449> t<LINE_COMMENT> p<1511> s<1510> l<176:8> el<176:54>
                                              n<> u<1510> t<Seq_block> p<1511> c<1508> l<171:22> el<181:12>
                                                n<> u<1508> t<Statement_or_null> p<1510> c<1507> s<1509> l<177:16> el<180:24>
                                                  n<> u<1507> t<Statement> p<1508> c<1506> l<177:16> el<180:24>
                                                    n<> u<1506> t<Statement_item> p<1507> c<1505> l<177:16> el<180:24>
                                                      n<> u<1505> t<Case_statement> p<1506> c<1451> l<177:16> el<180:24>
                                                        n<> u<1451> t<Case_keyword> p<1505> c<1450> s<1455> l<177:16> el<177:20>
                                                          n<> u<1450> t<CASE> p<1451> l<177:16> el<177:20>
                                                        n<> u<1455> t<Expression> p<1505> c<1454> s<1479> l<177:22> el<177:33>
                                                          n<> u<1454> t<Primary> p<1455> c<1453> l<177:22> el<177:33>
                                                            n<> u<1453> t<Primary_literal> p<1454> c<1452> l<177:22> el<177:33>
                                                              n<ODELAY_TYPE> u<1452> t<SIMPLE_IDENTIFIER> p<1453> l<177:22> el<177:33>
                                                        n<> u<1479> t<Case_item> p<1505> c<1459> s<1503> l<178:25> el<178:78>
                                                          n<> u<1459> t<Expression> p<1479> c<1458> s<1463> l<178:25> el<178:35>
                                                            n<> u<1458> t<Primary> p<1459> c<1457> l<178:25> el<178:35>
                                                              n<> u<1457> t<Primary_literal> p<1458> c<1456> l<178:25> el<178:35>
                                                                n<"VAR_LOAD"> u<1456> t<QUOTED_STRING> p<1457> l<178:25> el<178:35>
                                                          n<> u<1463> t<Expression> p<1479> c<1462> s<1478> l<178:37> el<178:52>
                                                            n<> u<1462> t<Primary> p<1463> c<1461> l<178:37> el<178:52>
                                                              n<> u<1461> t<Primary_literal> p<1462> c<1460> l<178:37> el<178:52>
                                                                n<"VAR_LOAD_PIPE"> u<1460> t<QUOTED_STRING> p<1461> l<178:37> el<178:52>
                                                          n<> u<1478> t<Statement_or_null> p<1479> c<1477> l<178:54> el<178:78>
                                                            n<> u<1477> t<Statement> p<1478> c<1476> l<178:54> el<178:78>
                                                              n<> u<1476> t<Statement_item> p<1477> c<1475> l<178:54> el<178:78>
                                                                n<> u<1475> t<Procedural_continuous_assignment> p<1476> c<1474> l<178:54> el<178:77>
                                                                  n<> u<1474> t<ASSIGN> p<1475> s<1473> l<178:54> el<178:60>
                                                                  n<> u<1473> t<Variable_assignment> p<1475> c<1468> l<178:61> el<178:77>
                                                                    n<> u<1468> t<Variable_lvalue> p<1473> c<1465> s<1472> l<178:61> el<178:73>
                                                                      n<> u<1465> t<Ps_or_hierarchical_identifier> p<1468> c<1464> s<1467> l<178:61> el<178:73>
                                                                        n<odelay_count> u<1464> t<SIMPLE_IDENTIFIER> p<1465> l<178:61> el<178:73>
                                                                      n<> u<1467> t<Select> p<1468> c<1466> l<178:74> el<178:74>
                                                                        n<> u<1466> t<Bit_select> p<1467> l<178:74> el<178:74>
                                                                    n<> u<1472> t<Expression> p<1473> c<1471> l<178:76> el<178:77>
                                                                      n<> u<1471> t<Primary> p<1472> c<1470> l<178:76> el<178:77>
                                                                        n<> u<1470> t<Primary_literal> p<1471> c<1469> l<178:76> el<178:77>
                                                                          n<0> u<1469> t<INTEGRAL_NUMBER> p<1470> l<178:76> el<178:77>
                                                        n<> u<1503> t<Case_item> p<1505> c<1483> s<1504> l<179:25> el<179:82>
                                                          n<> u<1483> t<Expression> p<1503> c<1482> s<1487> l<179:25> el<179:32>
                                                            n<> u<1482> t<Primary> p<1483> c<1481> l<179:25> el<179:32>
                                                              n<> u<1481> t<Primary_literal> p<1482> c<1480> l<179:25> el<179:32>
                                                                n<"FIXED"> u<1480> t<QUOTED_STRING> p<1481> l<179:25> el<179:32>
                                                          n<> u<1487> t<Expression> p<1503> c<1486> s<1502> l<179:34> el<179:44>
                                                            n<> u<1486> t<Primary> p<1487> c<1485> l<179:34> el<179:44>
                                                              n<> u<1485> t<Primary_literal> p<1486> c<1484> l<179:34> el<179:44>
                                                                n<"VARIABLE"> u<1484> t<QUOTED_STRING> p<1485> l<179:34> el<179:44>
                                                          n<> u<1502> t<Statement_or_null> p<1503> c<1501> l<179:47> el<179:82>
                                                            n<> u<1501> t<Statement> p<1502> c<1500> l<179:47> el<179:82>
                                                              n<> u<1500> t<Statement_item> p<1501> c<1499> l<179:47> el<179:82>
                                                                n<> u<1499> t<Procedural_continuous_assignment> p<1500> c<1498> l<179:47> el<179:81>
                                                                  n<> u<1498> t<ASSIGN> p<1499> s<1497> l<179:47> el<179:53>
                                                                  n<> u<1497> t<Variable_assignment> p<1499> c<1492> l<179:54> el<179:81>
                                                                    n<> u<1492> t<Variable_lvalue> p<1497> c<1489> s<1496> l<179:54> el<179:66>
                                                                      n<> u<1489> t<Ps_or_hierarchical_identifier> p<1492> c<1488> s<1491> l<179:54> el<179:66>
                                                                        n<odelay_count> u<1488> t<SIMPLE_IDENTIFIER> p<1489> l<179:54> el<179:66>
                                                                      n<> u<1491> t<Select> p<1492> c<1490> l<179:67> el<179:67>
                                                                        n<> u<1490> t<Bit_select> p<1491> l<179:67> el<179:67>
                                                                    n<> u<1496> t<Expression> p<1497> c<1495> l<179:69> el<179:81>
                                                                      n<> u<1495> t<Primary> p<1496> c<1494> l<179:69> el<179:81>
                                                                        n<> u<1494> t<Primary_literal> p<1495> c<1493> l<179:69> el<179:81>
                                                                          n<ODELAY_VALUE> u<1493> t<SIMPLE_IDENTIFIER> p<1494> l<179:69> el<179:81>
                                                        n<> u<1504> t<ENDCASE> p<1505> l<180:17> el<180:24>
                                                n<> u<1509> t<END> p<1510> l<181:9> el<181:12>
                                        n<> u<1544> t<Statement_or_null> p<1545> c<1543> l<182:7> el<184:5>
                                          n<> u<1543> t<Statement> p<1544> c<1542> l<182:7> el<184:5>
                                            n<> u<1542> t<Statement_item> p<1543> c<1541> l<182:7> el<184:5>
                                              n<> u<1541> t<Conditional_statement> p<1542> c<1525> l<182:7> el<184:5>
                                                n<> u<1525> t<Cond_predicate> p<1541> c<1524> s<1540> l<182:11> el<182:25>
                                                  n<> u<1524> t<Expression_or_cond_pattern> p<1525> c<1523> l<182:11> el<182:25>
                                                    n<> u<1523> t<Expression> p<1524> c<1517> l<182:11> el<182:25>
                                                      n<> u<1517> t<Expression> p<1523> c<1516> s<1522> l<182:11> el<182:17>
                                                        n<> u<1516> t<Primary> p<1517> c<1515> l<182:11> el<182:17>
                                                          n<> u<1515> t<Primary_literal> p<1516> c<1514> l<182:11> el<182:17>
                                                            n<gsr_in> u<1514> t<SIMPLE_IDENTIFIER> p<1515> l<182:11> el<182:17>
                                                      n<> u<1522> t<EQUIV> p<1523> s<1521> l<182:18> el<182:20>
                                                      n<> u<1521> t<Expression> p<1523> c<1520> l<182:21> el<182:25>
                                                        n<> u<1520> t<Primary> p<1521> c<1519> l<182:21> el<182:25>
                                                          n<> u<1519> t<Primary_literal> p<1520> c<1518> l<182:21> el<182:25>
                                                            n<> u<1518> t<ONE_TICK_b0> p<1519> l<182:21> el<182:25>
                                                n<> u<1540> t<Statement_or_null> p<1541> c<1539> l<182:27> el<184:5>
                                                  n<> u<1539> t<Statement> p<1540> c<1538> l<182:27> el<184:5>
                                                    n<> u<1538> t<Statement_item> p<1539> c<1537> l<182:27> el<184:5>
                                                      n<> u<1537> t<Seq_block> p<1538> c<1535> l<182:27> el<184:5>
                                                        n<> u<1535> t<Statement_or_null> p<1537> c<1534> s<1536> l<183:6> el<183:28>
                                                          n<> u<1534> t<Statement> p<1535> c<1533> l<183:6> el<183:28>
                                                            n<> u<1533> t<Statement_item> p<1534> c<1532> l<183:6> el<183:28>
                                                              n<> u<1532> t<Procedural_continuous_assignment> p<1533> c<1531> l<183:6> el<183:27>
                                                                n<> u<1531> t<DEASSIGN> p<1532> s<1530> l<183:6> el<183:14>
                                                                n<> u<1530> t<Variable_lvalue> p<1532> c<1527> l<183:15> el<183:27>
                                                                  n<> u<1527> t<Ps_or_hierarchical_identifier> p<1530> c<1526> s<1529> l<183:15> el<183:27>
                                                                    n<odelay_count> u<1526> t<SIMPLE_IDENTIFIER> p<1527> l<183:15> el<183:27>
                                                                  n<> u<1529> t<Select> p<1530> c<1528> l<183:27> el<183:27>
                                                                    n<> u<1528> t<Bit_select> p<1529> l<183:27> el<183:27>
                                                        n<> u<1536> t<END> p<1537> l<184:2> el<184:5>
                                n<> u<1549> t<END> p<1550> l<185:5> el<185:8>
        n<//------------------------------------------------------------> u<1562> t<LINE_COMMENT> p<5224> s<1563> l<188:1> el<188:63>
        n<//---------------------   Initialization  --------------------> u<1563> t<LINE_COMMENT> p<5224> s<1564> l<189:1> el<189:63>
        n<//------------------------------------------------------------> u<1564> t<LINE_COMMENT> p<5224> s<2179> l<190:1> el<190:63>
        n<> u<2179> t<Module_item> p<5224> c<2178> s<2180> l<192:5> el<281:8>
          n<> u<2178> t<Non_port_module_item> p<2179> c<2177> l<192:5> el<281:8>
            n<> u<2177> t<Module_or_generate_item> p<2178> c<2176> l<192:5> el<281:8>
              n<> u<2176> t<Module_common_item> p<2177> c<2175> l<192:5> el<281:8>
                n<> u<2175> t<Initial_construct> p<2176> c<2174> l<192:5> el<281:8>
                  n<> u<2174> t<Statement_or_null> p<2175> c<2173> l<192:13> el<281:8>
                    n<> u<2173> t<Statement> p<2174> c<2172> l<192:13> el<281:8>
                      n<> u<2172> t<Statement_item> p<2173> c<1565> l<192:13> el<281:8>
                        n<//-------- CINVCTRL_SEL check> u<1565> t<LINE_COMMENT> p<2172> s<2171> l<194:9> el<194:38>
                        n<> u<2171> t<Seq_block> p<2172> c<1625> l<192:13> el<281:8>
                          n<> u<1625> t<Statement_or_null> p<2171> c<1624> s<1626> l<196:9> el<202:16>
                            n<> u<1624> t<Statement> p<1625> c<1623> l<196:9> el<202:16>
                              n<> u<1623> t<Statement_item> p<1624> c<1622> l<196:9> el<202:16>
                                n<> u<1622> t<Case_statement> p<1623> c<1567> l<196:9> el<202:16>
                                  n<> u<1567> t<Case_keyword> p<1622> c<1566> s<1571> l<196:9> el<196:13>
                                    n<> u<1566> t<CASE> p<1567> l<196:9> el<196:13>
                                  n<> u<1571> t<Expression> p<1622> c<1570> s<1581> l<196:15> el<196:27>
                                    n<> u<1570> t<Primary> p<1571> c<1569> l<196:15> el<196:27>
                                      n<> u<1569> t<Primary_literal> p<1570> c<1568> l<196:15> el<196:27>
                                        n<CINVCTRL_SEL> u<1568> t<SIMPLE_IDENTIFIER> p<1569> l<196:15> el<196:27>
                                  n<> u<1581> t<Case_item> p<1622> c<1575> s<1620> l<197:13> el<197:32>
                                    n<> u<1575> t<Expression> p<1581> c<1574> s<1579> l<197:13> el<197:19>
                                      n<> u<1574> t<Primary> p<1575> c<1573> l<197:13> el<197:19>
                                        n<> u<1573> t<Primary_literal> p<1574> c<1572> l<197:13> el<197:19>
                                          n<"TRUE"> u<1572> t<QUOTED_STRING> p<1573> l<197:13> el<197:19>
                                    n<> u<1579> t<Expression> p<1581> c<1578> s<1580> l<197:21> el<197:28>
                                      n<> u<1578> t<Primary> p<1579> c<1577> l<197:21> el<197:28>
                                        n<> u<1577> t<Primary_literal> p<1578> c<1576> l<197:21> el<197:28>
                                          n<"FALSE"> u<1576> t<QUOTED_STRING> p<1577> l<197:21> el<197:28>
                                    n<> u<1580> t<Statement_or_null> p<1581> l<197:31> el<197:32>
                                  n<> u<1620> t<Case_item> p<1622> c<1619> s<1621> l<198:13> el<201:16>
                                    n<> u<1619> t<Statement_or_null> p<1620> c<1618> l<198:23> el<201:16>
                                      n<> u<1618> t<Statement> p<1619> c<1617> l<198:23> el<201:16>
                                        n<> u<1617> t<Statement_item> p<1618> c<1616> l<198:23> el<201:16>
                                          n<> u<1616> t<Seq_block> p<1617> c<1598> l<198:23> el<201:16>
                                            n<> u<1598> t<Statement_or_null> p<1616> c<1597> s<1614> l<199:16> el<199:185>
                                              n<> u<1597> t<Statement> p<1598> c<1596> l<199:16> el<199:185>
                                                n<> u<1596> t<Statement_item> p<1597> c<1595> l<199:16> el<199:185>
                                                  n<> u<1595> t<Subroutine_call_statement> p<1596> c<1594> l<199:16> el<199:185>
                                                    n<> u<1594> t<Subroutine_call> p<1595> c<1582> l<199:16> el<199:184>
                                                      n<$> u<1582> t<DOLLAR> p<1594> s<1583> l<199:16> el<199:17>
                                                      n<display> u<1583> t<SIMPLE_IDENTIFIER> p<1594> s<1593> l<199:17> el<199:24>
                                                      n<> u<1593> t<Argument_list> p<1594> c<1587> l<199:25> el<199:183>
                                                        n<> u<1587> t<Expression> p<1593> c<1586> s<1592> l<199:25> el<199:168>
                                                          n<> u<1586> t<Primary> p<1587> c<1585> l<199:25> el<199:168>
                                                            n<> u<1585> t<Primary_literal> p<1586> c<1584> l<199:25> el<199:168>
                                                              n<"Attribute Syntax Error : The attribute CINVCTRL_SEL on ODELAYE2 instance %m is set to %s.  Legal values for this attribute are TRUE or FALSE."> u<1584> t<QUOTED_STRING> p<1585> l<199:25> el<199:168>
                                                        n<> u<1592> t<Argument> p<1593> c<1591> l<199:171> el<199:183>
                                                          n<> u<1591> t<Expression> p<1592> c<1590> l<199:171> el<199:183>
                                                            n<> u<1590> t<Primary> p<1591> c<1589> l<199:171> el<199:183>
                                                              n<> u<1589> t<Primary_literal> p<1590> c<1588> l<199:171> el<199:183>
                                                                n<CINVCTRL_SEL> u<1588> t<SIMPLE_IDENTIFIER> p<1589> l<199:171> el<199:183>
                                            n<> u<1614> t<Statement_or_null> p<1616> c<1613> s<1615> l<200:16> el<200:27>
                                              n<> u<1613> t<Statement> p<1614> c<1612> l<200:16> el<200:27>
                                                n<> u<1612> t<Statement_item> p<1613> c<1611> l<200:16> el<200:27>
                                                  n<> u<1611> t<Procedural_timing_control_statement> p<1612> c<1601> l<200:16> el<200:27>
                                                    n<> u<1601> t<Procedural_timing_control> p<1611> c<1600> s<1610> l<200:16> el<200:18>
                                                      n<> u<1600> t<Delay_control> p<1601> c<1599> l<200:16> el<200:18>
                                                        n<#1> u<1599> t<POUND_DELAY> p<1600> l<200:16> el<200:18>
                                                    n<> u<1610> t<Statement_or_null> p<1611> c<1609> l<200:19> el<200:27>
                                                      n<> u<1609> t<Statement> p<1610> c<1608> l<200:19> el<200:27>
                                                        n<> u<1608> t<Statement_item> p<1609> c<1607> l<200:19> el<200:27>
                                                          n<> u<1607> t<Subroutine_call_statement> p<1608> c<1606> l<200:19> el<200:27>
                                                            n<> u<1606> t<Subroutine_call> p<1607> c<1602> l<200:19> el<200:26>
                                                              n<$> u<1602> t<DOLLAR> p<1606> s<1603> l<200:19> el<200:20>
                                                              n<finish> u<1603> t<SIMPLE_IDENTIFIER> p<1606> s<1605> l<200:20> el<200:26>
                                                              n<> u<1605> t<Select> p<1606> c<1604> l<200:26> el<200:26>
                                                                n<> u<1604> t<Bit_select> p<1605> l<200:26> el<200:26>
                                            n<> u<1615> t<END> p<1616> l<201:13> el<201:16>
                                  n<> u<1621> t<ENDCASE> p<1622> l<202:9> el<202:16>
                          n<//-------- DELAY_SRC check> u<1626> t<LINE_COMMENT> p<2171> s<1692> l<204:9> el<204:35>
                          n<> u<1692> t<Statement_or_null> p<2171> c<1691> s<1693> l<206:9> el<209:12>
                            n<> u<1691> t<Statement> p<1692> c<1690> l<206:9> el<209:12>
                              n<> u<1690> t<Statement_item> p<1691> c<1689> l<206:9> el<209:12>
                                n<> u<1689> t<Conditional_statement> p<1690> c<1650> l<206:9> el<209:12>
                                  n<> u<1650> t<Cond_predicate> p<1689> c<1649> s<1688> l<206:13> el<206:59>
                                    n<> u<1649> t<Expression_or_cond_pattern> p<1650> c<1648> l<206:13> el<206:59>
                                      n<> u<1648> t<Expression> p<1649> c<1636> l<206:13> el<206:59>
                                        n<> u<1636> t<Expression> p<1648> c<1630> s<1647> l<206:13> el<206:35>
                                          n<> u<1630> t<Expression> p<1636> c<1629> s<1635> l<206:13> el<206:22>
                                            n<> u<1629> t<Primary> p<1630> c<1628> l<206:13> el<206:22>
                                              n<> u<1628> t<Primary_literal> p<1629> c<1627> l<206:13> el<206:22>
                                                n<DELAY_SRC> u<1627> t<SIMPLE_IDENTIFIER> p<1628> l<206:13> el<206:22>
                                          n<> u<1635> t<NOTEQUAL> p<1636> s<1634> l<206:23> el<206:25>
                                          n<> u<1634> t<Expression> p<1636> c<1633> l<206:26> el<206:35>
                                            n<> u<1633> t<Primary> p<1634> c<1632> l<206:26> el<206:35>
                                              n<> u<1632> t<Primary_literal> p<1633> c<1631> l<206:26> el<206:35>
                                                n<"ODATAIN"> u<1631> t<QUOTED_STRING> p<1632> l<206:26> el<206:35>
                                        n<> u<1647> t<LOGICAL_AND> p<1648> s<1646> l<206:36> el<206:38>
                                        n<> u<1646> t<Expression> p<1648> c<1640> l<206:39> el<206:59>
                                          n<> u<1640> t<Expression> p<1646> c<1639> s<1645> l<206:39> el<206:48>
                                            n<> u<1639> t<Primary> p<1640> c<1638> l<206:39> el<206:48>
                                              n<> u<1638> t<Primary_literal> p<1639> c<1637> l<206:39> el<206:48>
                                                n<DELAY_SRC> u<1637> t<SIMPLE_IDENTIFIER> p<1638> l<206:39> el<206:48>
                                          n<> u<1645> t<NOTEQUAL> p<1646> s<1644> l<206:49> el<206:51>
                                          n<> u<1644> t<Expression> p<1646> c<1643> l<206:52> el<206:59>
                                            n<> u<1643> t<Primary> p<1644> c<1642> l<206:52> el<206:59>
                                              n<> u<1642> t<Primary_literal> p<1643> c<1641> l<206:52> el<206:59>
                                                n<"CLKIN"> u<1641> t<QUOTED_STRING> p<1642> l<206:52> el<206:59>
                                  n<> u<1688> t<Statement_or_null> p<1689> c<1687> l<206:61> el<209:12>
                                    n<> u<1687> t<Statement> p<1688> c<1686> l<206:61> el<209:12>
                                      n<> u<1686> t<Statement_item> p<1687> c<1685> l<206:61> el<209:12>
                                        n<> u<1685> t<Seq_block> p<1686> c<1667> l<206:61> el<209:12>
                                          n<> u<1667> t<Statement_or_null> p<1685> c<1666> s<1683> l<207:13> el<207:177>
                                            n<> u<1666> t<Statement> p<1667> c<1665> l<207:13> el<207:177>
                                              n<> u<1665> t<Statement_item> p<1666> c<1664> l<207:13> el<207:177>
                                                n<> u<1664> t<Subroutine_call_statement> p<1665> c<1663> l<207:13> el<207:177>
                                                  n<> u<1663> t<Subroutine_call> p<1664> c<1651> l<207:13> el<207:176>
                                                    n<$> u<1651> t<DOLLAR> p<1663> s<1652> l<207:13> el<207:14>
                                                    n<display> u<1652> t<SIMPLE_IDENTIFIER> p<1663> s<1662> l<207:14> el<207:21>
                                                    n<> u<1662> t<Argument_list> p<1663> c<1656> l<207:22> el<207:175>
                                                      n<> u<1656> t<Expression> p<1662> c<1655> s<1661> l<207:22> el<207:164>
                                                        n<> u<1655> t<Primary> p<1656> c<1654> l<207:22> el<207:164>
                                                          n<> u<1654> t<Primary_literal> p<1655> c<1653> l<207:22> el<207:164>
                                                            n<"Attribute Syntax Error : The attribute DELAY_SRC on ODELAYE2 instance %m is set to %s.  Legal values for this attribute are ODATAIN or CLKIN"> u<1653> t<QUOTED_STRING> p<1654> l<207:22> el<207:164>
                                                      n<> u<1661> t<Argument> p<1662> c<1660> l<207:166> el<207:175>
                                                        n<> u<1660> t<Expression> p<1661> c<1659> l<207:166> el<207:175>
                                                          n<> u<1659> t<Primary> p<1660> c<1658> l<207:166> el<207:175>
                                                            n<> u<1658> t<Primary_literal> p<1659> c<1657> l<207:166> el<207:175>
                                                              n<DELAY_SRC> u<1657> t<SIMPLE_IDENTIFIER> p<1658> l<207:166> el<207:175>
                                          n<> u<1683> t<Statement_or_null> p<1685> c<1682> s<1684> l<208:13> el<208:24>
                                            n<> u<1682> t<Statement> p<1683> c<1681> l<208:13> el<208:24>
                                              n<> u<1681> t<Statement_item> p<1682> c<1680> l<208:13> el<208:24>
                                                n<> u<1680> t<Procedural_timing_control_statement> p<1681> c<1670> l<208:13> el<208:24>
                                                  n<> u<1670> t<Procedural_timing_control> p<1680> c<1669> s<1679> l<208:13> el<208:15>
                                                    n<> u<1669> t<Delay_control> p<1670> c<1668> l<208:13> el<208:15>
                                                      n<#1> u<1668> t<POUND_DELAY> p<1669> l<208:13> el<208:15>
                                                  n<> u<1679> t<Statement_or_null> p<1680> c<1678> l<208:16> el<208:24>
                                                    n<> u<1678> t<Statement> p<1679> c<1677> l<208:16> el<208:24>
                                                      n<> u<1677> t<Statement_item> p<1678> c<1676> l<208:16> el<208:24>
                                                        n<> u<1676> t<Subroutine_call_statement> p<1677> c<1675> l<208:16> el<208:24>
                                                          n<> u<1675> t<Subroutine_call> p<1676> c<1671> l<208:16> el<208:23>
                                                            n<$> u<1671> t<DOLLAR> p<1675> s<1672> l<208:16> el<208:17>
                                                            n<finish> u<1672> t<SIMPLE_IDENTIFIER> p<1675> s<1674> l<208:17> el<208:23>
                                                            n<> u<1674> t<Select> p<1675> c<1673> l<208:23> el<208:23>
                                                              n<> u<1673> t<Bit_select> p<1674> l<208:23> el<208:23>
                                          n<> u<1684> t<END> p<1685> l<209:9> el<209:12>
                          n<//-------- HIGH_PERFORMANCE_MODE check> u<1693> t<LINE_COMMENT> p<2171> s<1753> l<213:9> el<213:47>
                          n<> u<1753> t<Statement_or_null> p<2171> c<1752> s<1754> l<215:9> el<221:16>
                            n<> u<1752> t<Statement> p<1753> c<1751> l<215:9> el<221:16>
                              n<> u<1751> t<Statement_item> p<1752> c<1750> l<215:9> el<221:16>
                                n<> u<1750> t<Case_statement> p<1751> c<1695> l<215:9> el<221:16>
                                  n<> u<1695> t<Case_keyword> p<1750> c<1694> s<1699> l<215:9> el<215:13>
                                    n<> u<1694> t<CASE> p<1695> l<215:9> el<215:13>
                                  n<> u<1699> t<Expression> p<1750> c<1698> s<1709> l<215:15> el<215:36>
                                    n<> u<1698> t<Primary> p<1699> c<1697> l<215:15> el<215:36>
                                      n<> u<1697> t<Primary_literal> p<1698> c<1696> l<215:15> el<215:36>
                                        n<HIGH_PERFORMANCE_MODE> u<1696> t<SIMPLE_IDENTIFIER> p<1697> l<215:15> el<215:36>
                                  n<> u<1709> t<Case_item> p<1750> c<1703> s<1748> l<216:13> el<216:32>
                                    n<> u<1703> t<Expression> p<1709> c<1702> s<1707> l<216:13> el<216:19>
                                      n<> u<1702> t<Primary> p<1703> c<1701> l<216:13> el<216:19>
                                        n<> u<1701> t<Primary_literal> p<1702> c<1700> l<216:13> el<216:19>
                                          n<"TRUE"> u<1700> t<QUOTED_STRING> p<1701> l<216:13> el<216:19>
                                    n<> u<1707> t<Expression> p<1709> c<1706> s<1708> l<216:21> el<216:28>
                                      n<> u<1706> t<Primary> p<1707> c<1705> l<216:21> el<216:28>
                                        n<> u<1705> t<Primary_literal> p<1706> c<1704> l<216:21> el<216:28>
                                          n<"FALSE"> u<1704> t<QUOTED_STRING> p<1705> l<216:21> el<216:28>
                                    n<> u<1708> t<Statement_or_null> p<1709> l<216:31> el<216:32>
                                  n<> u<1748> t<Case_item> p<1750> c<1747> s<1749> l<217:13> el<220:16>
                                    n<> u<1747> t<Statement_or_null> p<1748> c<1746> l<217:23> el<220:16>
                                      n<> u<1746> t<Statement> p<1747> c<1745> l<217:23> el<220:16>
                                        n<> u<1745> t<Statement_item> p<1746> c<1744> l<217:23> el<220:16>
                                          n<> u<1744> t<Seq_block> p<1745> c<1726> l<217:23> el<220:16>
                                            n<> u<1726> t<Statement_or_null> p<1744> c<1725> s<1742> l<218:16> el<218:203>
                                              n<> u<1725> t<Statement> p<1726> c<1724> l<218:16> el<218:203>
                                                n<> u<1724> t<Statement_item> p<1725> c<1723> l<218:16> el<218:203>
                                                  n<> u<1723> t<Subroutine_call_statement> p<1724> c<1722> l<218:16> el<218:203>
                                                    n<> u<1722> t<Subroutine_call> p<1723> c<1710> l<218:16> el<218:202>
                                                      n<$> u<1710> t<DOLLAR> p<1722> s<1711> l<218:16> el<218:17>
                                                      n<display> u<1711> t<SIMPLE_IDENTIFIER> p<1722> s<1721> l<218:17> el<218:24>
                                                      n<> u<1721> t<Argument_list> p<1722> c<1715> l<218:25> el<218:201>
                                                        n<> u<1715> t<Expression> p<1721> c<1714> s<1720> l<218:25> el<218:177>
                                                          n<> u<1714> t<Primary> p<1715> c<1713> l<218:25> el<218:177>
                                                            n<> u<1713> t<Primary_literal> p<1714> c<1712> l<218:25> el<218:177>
                                                              n<"Attribute Syntax Error : The attribute HIGH_PERFORMANCE_MODE on ODELAYE2 instance %m is set to %s.  Legal values for this attribute are TRUE or FALSE."> u<1712> t<QUOTED_STRING> p<1713> l<218:25> el<218:177>
                                                        n<> u<1720> t<Argument> p<1721> c<1719> l<218:180> el<218:201>
                                                          n<> u<1719> t<Expression> p<1720> c<1718> l<218:180> el<218:201>
                                                            n<> u<1718> t<Primary> p<1719> c<1717> l<218:180> el<218:201>
                                                              n<> u<1717> t<Primary_literal> p<1718> c<1716> l<218:180> el<218:201>
                                                                n<HIGH_PERFORMANCE_MODE> u<1716> t<SIMPLE_IDENTIFIER> p<1717> l<218:180> el<218:201>
                                            n<> u<1742> t<Statement_or_null> p<1744> c<1741> s<1743> l<219:16> el<219:27>
                                              n<> u<1741> t<Statement> p<1742> c<1740> l<219:16> el<219:27>
                                                n<> u<1740> t<Statement_item> p<1741> c<1739> l<219:16> el<219:27>
                                                  n<> u<1739> t<Procedural_timing_control_statement> p<1740> c<1729> l<219:16> el<219:27>
                                                    n<> u<1729> t<Procedural_timing_control> p<1739> c<1728> s<1738> l<219:16> el<219:18>
                                                      n<> u<1728> t<Delay_control> p<1729> c<1727> l<219:16> el<219:18>
                                                        n<#1> u<1727> t<POUND_DELAY> p<1728> l<219:16> el<219:18>
                                                    n<> u<1738> t<Statement_or_null> p<1739> c<1737> l<219:19> el<219:27>
                                                      n<> u<1737> t<Statement> p<1738> c<1736> l<219:19> el<219:27>
                                                        n<> u<1736> t<Statement_item> p<1737> c<1735> l<219:19> el<219:27>
                                                          n<> u<1735> t<Subroutine_call_statement> p<1736> c<1734> l<219:19> el<219:27>
                                                            n<> u<1734> t<Subroutine_call> p<1735> c<1730> l<219:19> el<219:26>
                                                              n<$> u<1730> t<DOLLAR> p<1734> s<1731> l<219:19> el<219:20>
                                                              n<finish> u<1731> t<SIMPLE_IDENTIFIER> p<1734> s<1733> l<219:20> el<219:26>
                                                              n<> u<1733> t<Select> p<1734> c<1732> l<219:26> el<219:26>
                                                                n<> u<1732> t<Bit_select> p<1733> l<219:26> el<219:26>
                                            n<> u<1743> t<END> p<1744> l<220:13> el<220:16>
                                  n<> u<1749> t<ENDCASE> p<1750> l<221:9> el<221:16>
                          n<//-------- ODELAY_TYPE check> u<1754> t<LINE_COMMENT> p<2171> s<1844> l<224:9> el<224:37>
                          n<> u<1844> t<Statement_or_null> p<2171> c<1843> s<1845> l<226:9> el<231:12>
                            n<> u<1843> t<Statement> p<1844> c<1842> l<226:9> el<231:12>
                              n<> u<1842> t<Statement_item> p<1843> c<1841> l<226:9> el<231:12>
                                n<> u<1841> t<Conditional_statement> p<1842> c<1802> l<226:9> el<231:12>
                                  n<> u<1802> t<Cond_predicate> p<1841> c<1801> s<1840> l<226:13> el<226:127>
                                    n<> u<1801> t<Expression_or_cond_pattern> p<1802> c<1800> l<226:13> el<226:127>
                                      n<> u<1800> t<Expression> p<1801> c<1788> l<226:13> el<226:127>
                                        n<> u<1788> t<Expression> p<1800> c<1776> s<1799> l<226:13> el<226:93>
                                          n<> u<1776> t<Expression> p<1788> c<1764> s<1787> l<226:13> el<226:64>
                                            n<> u<1764> t<Expression> p<1776> c<1758> s<1775> l<226:13> el<226:35>
                                              n<> u<1758> t<Expression> p<1764> c<1757> s<1763> l<226:13> el<226:24>
                                                n<> u<1757> t<Primary> p<1758> c<1756> l<226:13> el<226:24>
                                                  n<> u<1756> t<Primary_literal> p<1757> c<1755> l<226:13> el<226:24>
                                                    n<ODELAY_TYPE> u<1755> t<SIMPLE_IDENTIFIER> p<1756> l<226:13> el<226:24>
                                              n<> u<1763> t<NOTEQUAL> p<1764> s<1762> l<226:25> el<226:27>
                                              n<> u<1762> t<Expression> p<1764> c<1761> l<226:28> el<226:35>
                                                n<> u<1761> t<Primary> p<1762> c<1760> l<226:28> el<226:35>
                                                  n<> u<1760> t<Primary_literal> p<1761> c<1759> l<226:28> el<226:35>
                                                    n<"FIXED"> u<1759> t<QUOTED_STRING> p<1760> l<226:28> el<226:35>
                                            n<> u<1775> t<LOGICAL_AND> p<1776> s<1774> l<226:36> el<226:38>
                                            n<> u<1774> t<Expression> p<1776> c<1768> l<226:39> el<226:64>
                                              n<> u<1768> t<Expression> p<1774> c<1767> s<1773> l<226:39> el<226:50>
                                                n<> u<1767> t<Primary> p<1768> c<1766> l<226:39> el<226:50>
                                                  n<> u<1766> t<Primary_literal> p<1767> c<1765> l<226:39> el<226:50>
                                                    n<ODELAY_TYPE> u<1765> t<SIMPLE_IDENTIFIER> p<1766> l<226:39> el<226:50>
                                              n<> u<1773> t<NOTEQUAL> p<1774> s<1772> l<226:51> el<226:53>
                                              n<> u<1772> t<Expression> p<1774> c<1771> l<226:54> el<226:64>
                                                n<> u<1771> t<Primary> p<1772> c<1770> l<226:54> el<226:64>
                                                  n<> u<1770> t<Primary_literal> p<1771> c<1769> l<226:54> el<226:64>
                                                    n<"VARIABLE"> u<1769> t<QUOTED_STRING> p<1770> l<226:54> el<226:64>
                                          n<> u<1787> t<LOGICAL_AND> p<1788> s<1786> l<226:65> el<226:67>
                                          n<> u<1786> t<Expression> p<1788> c<1780> l<226:68> el<226:93>
                                            n<> u<1780> t<Expression> p<1786> c<1779> s<1785> l<226:68> el<226:79>
                                              n<> u<1779> t<Primary> p<1780> c<1778> l<226:68> el<226:79>
                                                n<> u<1778> t<Primary_literal> p<1779> c<1777> l<226:68> el<226:79>
                                                  n<ODELAY_TYPE> u<1777> t<SIMPLE_IDENTIFIER> p<1778> l<226:68> el<226:79>
                                            n<> u<1785> t<NOTEQUAL> p<1786> s<1784> l<226:80> el<226:82>
                                            n<> u<1784> t<Expression> p<1786> c<1783> l<226:83> el<226:93>
                                              n<> u<1783> t<Primary> p<1784> c<1782> l<226:83> el<226:93>
                                                n<> u<1782> t<Primary_literal> p<1783> c<1781> l<226:83> el<226:93>
                                                  n<"VAR_LOAD"> u<1781> t<QUOTED_STRING> p<1782> l<226:83> el<226:93>
                                        n<> u<1799> t<LOGICAL_AND> p<1800> s<1798> l<226:94> el<226:96>
                                        n<> u<1798> t<Expression> p<1800> c<1792> l<226:97> el<226:127>
                                          n<> u<1792> t<Expression> p<1798> c<1791> s<1797> l<226:97> el<226:108>
                                            n<> u<1791> t<Primary> p<1792> c<1790> l<226:97> el<226:108>
                                              n<> u<1790> t<Primary_literal> p<1791> c<1789> l<226:97> el<226:108>
                                                n<ODELAY_TYPE> u<1789> t<SIMPLE_IDENTIFIER> p<1790> l<226:97> el<226:108>
                                          n<> u<1797> t<NOTEQUAL> p<1798> s<1796> l<226:109> el<226:111>
                                          n<> u<1796> t<Expression> p<1798> c<1795> l<226:112> el<226:127>
                                            n<> u<1795> t<Primary> p<1796> c<1794> l<226:112> el<226:127>
                                              n<> u<1794> t<Primary_literal> p<1795> c<1793> l<226:112> el<226:127>
                                                n<"VAR_LOAD_PIPE"> u<1793> t<QUOTED_STRING> p<1794> l<226:112> el<226:127>
                                  n<> u<1840> t<Statement_or_null> p<1841> c<1839> l<226:129> el<231:12>
                                    n<> u<1839> t<Statement> p<1840> c<1838> l<226:129> el<231:12>
                                      n<> u<1838> t<Statement_item> p<1839> c<1837> l<226:129> el<231:12>
                                        n<> u<1837> t<Seq_block> p<1838> c<1819> l<226:129> el<231:12>
                                          n<> u<1819> t<Statement_or_null> p<1837> c<1818> s<1835> l<228:13> el<228:207>
                                            n<> u<1818> t<Statement> p<1819> c<1817> l<228:13> el<228:207>
                                              n<> u<1817> t<Statement_item> p<1818> c<1816> l<228:13> el<228:207>
                                                n<> u<1816> t<Subroutine_call_statement> p<1817> c<1815> l<228:13> el<228:207>
                                                  n<> u<1815> t<Subroutine_call> p<1816> c<1803> l<228:13> el<228:206>
                                                    n<$> u<1803> t<DOLLAR> p<1815> s<1804> l<228:13> el<228:14>
                                                    n<display> u<1804> t<SIMPLE_IDENTIFIER> p<1815> s<1814> l<228:14> el<228:21>
                                                    n<> u<1814> t<Argument_list> p<1815> c<1808> l<228:22> el<228:205>
                                                      n<> u<1808> t<Expression> p<1814> c<1807> s<1813> l<228:22> el<228:192>
                                                        n<> u<1807> t<Primary> p<1808> c<1806> l<228:22> el<228:192>
                                                          n<> u<1806> t<Primary_literal> p<1807> c<1805> l<228:22> el<228:192>
                                                            n<"Attribute Syntax Error : The attribute ODELAY_TYPE on ODELAYE2 instance %m is set to %s.  Legal values for this attribute are FIXED, VARIABLE, VAR_LOAD or VAR_LOAD_PIPE"> u<1805> t<QUOTED_STRING> p<1806> l<228:22> el<228:192>
                                                      n<> u<1813> t<Argument> p<1814> c<1812> l<228:194> el<228:205>
                                                        n<> u<1812> t<Expression> p<1813> c<1811> l<228:194> el<228:205>
                                                          n<> u<1811> t<Primary> p<1812> c<1810> l<228:194> el<228:205>
                                                            n<> u<1810> t<Primary_literal> p<1811> c<1809> l<228:194> el<228:205>
                                                              n<ODELAY_TYPE> u<1809> t<SIMPLE_IDENTIFIER> p<1810> l<228:194> el<228:205>
                                          n<> u<1835> t<Statement_or_null> p<1837> c<1834> s<1836> l<229:13> el<229:24>
                                            n<> u<1834> t<Statement> p<1835> c<1833> l<229:13> el<229:24>
                                              n<> u<1833> t<Statement_item> p<1834> c<1832> l<229:13> el<229:24>
                                                n<> u<1832> t<Procedural_timing_control_statement> p<1833> c<1822> l<229:13> el<229:24>
                                                  n<> u<1822> t<Procedural_timing_control> p<1832> c<1821> s<1831> l<229:13> el<229:15>
                                                    n<> u<1821> t<Delay_control> p<1822> c<1820> l<229:13> el<229:15>
                                                      n<#1> u<1820> t<POUND_DELAY> p<1821> l<229:13> el<229:15>
                                                  n<> u<1831> t<Statement_or_null> p<1832> c<1830> l<229:16> el<229:24>
                                                    n<> u<1830> t<Statement> p<1831> c<1829> l<229:16> el<229:24>
                                                      n<> u<1829> t<Statement_item> p<1830> c<1828> l<229:16> el<229:24>
                                                        n<> u<1828> t<Subroutine_call_statement> p<1829> c<1827> l<229:16> el<229:24>
                                                          n<> u<1827> t<Subroutine_call> p<1828> c<1823> l<229:16> el<229:23>
                                                            n<$> u<1823> t<DOLLAR> p<1827> s<1824> l<229:16> el<229:17>
                                                            n<finish> u<1824> t<SIMPLE_IDENTIFIER> p<1827> s<1826> l<229:17> el<229:23>
                                                            n<> u<1826> t<Select> p<1827> c<1825> l<229:23> el<229:23>
                                                              n<> u<1825> t<Bit_select> p<1826> l<229:23> el<229:23>
                                          n<> u<1836> t<END> p<1837> l<231:9> el<231:12>
                          n<//-------- ODELAY_VALUE check> u<1845> t<LINE_COMMENT> p<2171> s<1911> l<234:9> el<234:38>
                          n<> u<1911> t<Statement_or_null> p<2171> c<1910> s<1912> l<236:9> el<240:12>
                            n<> u<1910> t<Statement> p<1911> c<1909> l<236:9> el<240:12>
                              n<> u<1909> t<Statement_item> p<1910> c<1908> l<236:9> el<240:12>
                                n<> u<1908> t<Conditional_statement> p<1909> c<1869> l<236:9> el<240:12>
                                  n<> u<1869> t<Cond_predicate> p<1908> c<1868> s<1907> l<236:13> el<236:77>
                                    n<> u<1868> t<Expression_or_cond_pattern> p<1869> c<1867> l<236:13> el<236:77>
                                      n<> u<1867> t<Expression> p<1868> c<1855> l<236:13> el<236:77>
                                        n<> u<1855> t<Expression> p<1867> c<1849> s<1866> l<236:13> el<236:43>
                                          n<> u<1849> t<Expression> p<1855> c<1848> s<1854> l<236:13> el<236:25>
                                            n<> u<1848> t<Primary> p<1849> c<1847> l<236:13> el<236:25>
                                              n<> u<1847> t<Primary_literal> p<1848> c<1846> l<236:13> el<236:25>
                                                n<ODELAY_VALUE> u<1846> t<SIMPLE_IDENTIFIER> p<1847> l<236:13> el<236:25>
                                          n<> u<1854> t<LESS> p<1855> s<1853> l<236:26> el<236:27>
                                          n<> u<1853> t<Expression> p<1855> c<1852> l<236:28> el<236:43>
                                            n<> u<1852> t<Primary> p<1853> c<1851> l<236:28> el<236:43>
                                              n<> u<1851> t<Primary_literal> p<1852> c<1850> l<236:28> el<236:43>
                                                n<MIN_DELAY_COUNT> u<1850> t<SIMPLE_IDENTIFIER> p<1851> l<236:28> el<236:43>
                                        n<> u<1866> t<LOGICAL_OR> p<1867> s<1865> l<236:44> el<236:46>
                                        n<> u<1865> t<Expression> p<1867> c<1859> l<236:47> el<236:77>
                                          n<> u<1859> t<Expression> p<1865> c<1858> s<1864> l<236:47> el<236:59>
                                            n<> u<1858> t<Primary> p<1859> c<1857> l<236:47> el<236:59>
                                              n<> u<1857> t<Primary_literal> p<1858> c<1856> l<236:47> el<236:59>
                                                n<ODELAY_VALUE> u<1856> t<SIMPLE_IDENTIFIER> p<1857> l<236:47> el<236:59>
                                          n<> u<1864> t<GREATER> p<1865> s<1863> l<236:60> el<236:61>
                                          n<> u<1863> t<Expression> p<1865> c<1862> l<236:62> el<236:77>
                                            n<> u<1862> t<Primary> p<1863> c<1861> l<236:62> el<236:77>
                                              n<> u<1861> t<Primary_literal> p<1862> c<1860> l<236:62> el<236:77>
                                                n<MAX_DELAY_COUNT> u<1860> t<SIMPLE_IDENTIFIER> p<1861> l<236:62> el<236:77>
                                  n<> u<1907> t<Statement_or_null> p<1908> c<1906> l<236:79> el<240:12>
                                    n<> u<1906> t<Statement> p<1907> c<1905> l<236:79> el<240:12>
                                      n<> u<1905> t<Statement_item> p<1906> c<1904> l<236:79> el<240:12>
                                        n<> u<1904> t<Seq_block> p<1905> c<1886> l<236:79> el<240:12>
                                          n<> u<1886> t<Statement_or_null> p<1904> c<1885> s<1902> l<237:13> el<237:189>
                                            n<> u<1885> t<Statement> p<1886> c<1884> l<237:13> el<237:189>
                                              n<> u<1884> t<Statement_item> p<1885> c<1883> l<237:13> el<237:189>
                                                n<> u<1883> t<Subroutine_call_statement> p<1884> c<1882> l<237:13> el<237:189>
                                                  n<> u<1882> t<Subroutine_call> p<1883> c<1870> l<237:13> el<237:188>
                                                    n<$> u<1870> t<DOLLAR> p<1882> s<1871> l<237:13> el<237:14>
                                                    n<display> u<1871> t<SIMPLE_IDENTIFIER> p<1882> s<1881> l<237:14> el<237:21>
                                                    n<> u<1881> t<Argument_list> p<1882> c<1875> l<237:22> el<237:187>
                                                      n<> u<1875> t<Expression> p<1881> c<1874> s<1880> l<237:22> el<237:173>
                                                        n<> u<1874> t<Primary> p<1875> c<1873> l<237:22> el<237:173>
                                                          n<> u<1873> t<Primary_literal> p<1874> c<1872> l<237:22> el<237:173>
                                                            n<"Attribute Syntax Error : The attribute ODELAY_VALUE on ODELAYE2 instance %m is set to %d.  Legal values for this attribute are 0, 1, 2, 3, .... or 31"> u<1872> t<QUOTED_STRING> p<1873> l<237:22> el<237:173>
                                                      n<> u<1880> t<Argument> p<1881> c<1879> l<237:175> el<237:187>
                                                        n<> u<1879> t<Expression> p<1880> c<1878> l<237:175> el<237:187>
                                                          n<> u<1878> t<Primary> p<1879> c<1877> l<237:175> el<237:187>
                                                            n<> u<1877> t<Primary_literal> p<1878> c<1876> l<237:175> el<237:187>
                                                              n<ODELAY_VALUE> u<1876> t<SIMPLE_IDENTIFIER> p<1877> l<237:175> el<237:187>
                                          n<> u<1902> t<Statement_or_null> p<1904> c<1901> s<1903> l<238:13> el<238:24>
                                            n<> u<1901> t<Statement> p<1902> c<1900> l<238:13> el<238:24>
                                              n<> u<1900> t<Statement_item> p<1901> c<1899> l<238:13> el<238:24>
                                                n<> u<1899> t<Procedural_timing_control_statement> p<1900> c<1889> l<238:13> el<238:24>
                                                  n<> u<1889> t<Procedural_timing_control> p<1899> c<1888> s<1898> l<238:13> el<238:15>
                                                    n<> u<1888> t<Delay_control> p<1889> c<1887> l<238:13> el<238:15>
                                                      n<#1> u<1887> t<POUND_DELAY> p<1888> l<238:13> el<238:15>
                                                  n<> u<1898> t<Statement_or_null> p<1899> c<1897> l<238:16> el<238:24>
                                                    n<> u<1897> t<Statement> p<1898> c<1896> l<238:16> el<238:24>
                                                      n<> u<1896> t<Statement_item> p<1897> c<1895> l<238:16> el<238:24>
                                                        n<> u<1895> t<Subroutine_call_statement> p<1896> c<1894> l<238:16> el<238:24>
                                                          n<> u<1894> t<Subroutine_call> p<1895> c<1890> l<238:16> el<238:23>
                                                            n<$> u<1890> t<DOLLAR> p<1894> s<1891> l<238:16> el<238:17>
                                                            n<finish> u<1891> t<SIMPLE_IDENTIFIER> p<1894> s<1893> l<238:17> el<238:23>
                                                            n<> u<1893> t<Select> p<1894> c<1892> l<238:23> el<238:23>
                                                              n<> u<1892> t<Bit_select> p<1893> l<238:23> el<238:23>
                                          n<> u<1903> t<END> p<1904> l<240:9> el<240:12>
                          n<//-------- PIPE_SEL check> u<1912> t<LINE_COMMENT> p<2171> s<1972> l<242:9> el<242:34>
                          n<> u<1972> t<Statement_or_null> p<2171> c<1971> s<1973> l<244:9> el<250:16>
                            n<> u<1971> t<Statement> p<1972> c<1970> l<244:9> el<250:16>
                              n<> u<1970> t<Statement_item> p<1971> c<1969> l<244:9> el<250:16>
                                n<> u<1969> t<Case_statement> p<1970> c<1914> l<244:9> el<250:16>
                                  n<> u<1914> t<Case_keyword> p<1969> c<1913> s<1918> l<244:9> el<244:13>
                                    n<> u<1913> t<CASE> p<1914> l<244:9> el<244:13>
                                  n<> u<1918> t<Expression> p<1969> c<1917> s<1928> l<244:15> el<244:23>
                                    n<> u<1917> t<Primary> p<1918> c<1916> l<244:15> el<244:23>
                                      n<> u<1916> t<Primary_literal> p<1917> c<1915> l<244:15> el<244:23>
                                        n<PIPE_SEL> u<1915> t<SIMPLE_IDENTIFIER> p<1916> l<244:15> el<244:23>
                                  n<> u<1928> t<Case_item> p<1969> c<1922> s<1967> l<245:13> el<245:32>
                                    n<> u<1922> t<Expression> p<1928> c<1921> s<1926> l<245:13> el<245:19>
                                      n<> u<1921> t<Primary> p<1922> c<1920> l<245:13> el<245:19>
                                        n<> u<1920> t<Primary_literal> p<1921> c<1919> l<245:13> el<245:19>
                                          n<"TRUE"> u<1919> t<QUOTED_STRING> p<1920> l<245:13> el<245:19>
                                    n<> u<1926> t<Expression> p<1928> c<1925> s<1927> l<245:21> el<245:28>
                                      n<> u<1925> t<Primary> p<1926> c<1924> l<245:21> el<245:28>
                                        n<> u<1924> t<Primary_literal> p<1925> c<1923> l<245:21> el<245:28>
                                          n<"FALSE"> u<1923> t<QUOTED_STRING> p<1924> l<245:21> el<245:28>
                                    n<> u<1927> t<Statement_or_null> p<1928> l<245:31> el<245:32>
                                  n<> u<1967> t<Case_item> p<1969> c<1966> s<1968> l<246:13> el<249:16>
                                    n<> u<1966> t<Statement_or_null> p<1967> c<1965> l<246:23> el<249:16>
                                      n<> u<1965> t<Statement> p<1966> c<1964> l<246:23> el<249:16>
                                        n<> u<1964> t<Statement_item> p<1965> c<1963> l<246:23> el<249:16>
                                          n<> u<1963> t<Seq_block> p<1964> c<1945> l<246:23> el<249:16>
                                            n<> u<1945> t<Statement_or_null> p<1963> c<1944> s<1961> l<247:16> el<247:177>
                                              n<> u<1944> t<Statement> p<1945> c<1943> l<247:16> el<247:177>
                                                n<> u<1943> t<Statement_item> p<1944> c<1942> l<247:16> el<247:177>
                                                  n<> u<1942> t<Subroutine_call_statement> p<1943> c<1941> l<247:16> el<247:177>
                                                    n<> u<1941> t<Subroutine_call> p<1942> c<1929> l<247:16> el<247:176>
                                                      n<$> u<1929> t<DOLLAR> p<1941> s<1930> l<247:16> el<247:17>
                                                      n<display> u<1930> t<SIMPLE_IDENTIFIER> p<1941> s<1940> l<247:17> el<247:24>
                                                      n<> u<1940> t<Argument_list> p<1941> c<1934> l<247:25> el<247:175>
                                                        n<> u<1934> t<Expression> p<1940> c<1933> s<1939> l<247:25> el<247:164>
                                                          n<> u<1933> t<Primary> p<1934> c<1932> l<247:25> el<247:164>
                                                            n<> u<1932> t<Primary_literal> p<1933> c<1931> l<247:25> el<247:164>
                                                              n<"Attribute Syntax Error : The attribute PIPE_SEL on ODELAYE2 instance %m is set to %s.  Legal values for this attribute are TRUE or FALSE."> u<1931> t<QUOTED_STRING> p<1932> l<247:25> el<247:164>
                                                        n<> u<1939> t<Argument> p<1940> c<1938> l<247:167> el<247:175>
                                                          n<> u<1938> t<Expression> p<1939> c<1937> l<247:167> el<247:175>
                                                            n<> u<1937> t<Primary> p<1938> c<1936> l<247:167> el<247:175>
                                                              n<> u<1936> t<Primary_literal> p<1937> c<1935> l<247:167> el<247:175>
                                                                n<PIPE_SEL> u<1935> t<SIMPLE_IDENTIFIER> p<1936> l<247:167> el<247:175>
                                            n<> u<1961> t<Statement_or_null> p<1963> c<1960> s<1962> l<248:16> el<248:27>
                                              n<> u<1960> t<Statement> p<1961> c<1959> l<248:16> el<248:27>
                                                n<> u<1959> t<Statement_item> p<1960> c<1958> l<248:16> el<248:27>
                                                  n<> u<1958> t<Procedural_timing_control_statement> p<1959> c<1948> l<248:16> el<248:27>
                                                    n<> u<1948> t<Procedural_timing_control> p<1958> c<1947> s<1957> l<248:16> el<248:18>
                                                      n<> u<1947> t<Delay_control> p<1948> c<1946> l<248:16> el<248:18>
                                                        n<#1> u<1946> t<POUND_DELAY> p<1947> l<248:16> el<248:18>
                                                    n<> u<1957> t<Statement_or_null> p<1958> c<1956> l<248:19> el<248:27>
                                                      n<> u<1956> t<Statement> p<1957> c<1955> l<248:19> el<248:27>
                                                        n<> u<1955> t<Statement_item> p<1956> c<1954> l<248:19> el<248:27>
                                                          n<> u<1954> t<Subroutine_call_statement> p<1955> c<1953> l<248:19> el<248:27>
                                                            n<> u<1953> t<Subroutine_call> p<1954> c<1949> l<248:19> el<248:26>
                                                              n<$> u<1949> t<DOLLAR> p<1953> s<1950> l<248:19> el<248:20>
                                                              n<finish> u<1950> t<SIMPLE_IDENTIFIER> p<1953> s<1952> l<248:20> el<248:26>
                                                              n<> u<1952> t<Select> p<1953> c<1951> l<248:26> el<248:26>
                                                                n<> u<1951> t<Bit_select> p<1952> l<248:26> el<248:26>
                                            n<> u<1962> t<END> p<1963> l<249:13> el<249:16>
                                  n<> u<1968> t<ENDCASE> p<1969> l<250:9> el<250:16>
                          n<//-------- REFCLK_FREQUENCY check> u<1973> t<LINE_COMMENT> p<2171> s<1974> l<254:9> el<254:42>
                          n<//if (REFCLK_FREQUENCY < MIN_REFCLK_FREQUENCYL || REFCLK_FREQUENCY > MAX_REFCLK_FREQUENCYH) begin> u<1974> t<LINE_COMMENT> p<2171> s<2093> l<256:9> el<256:106>
                          n<> u<2093> t<Statement_or_null> p<2171> c<2092> s<2094> l<257:2> el<264:12>
                            n<> u<2092> t<Statement> p<2093> c<2091> l<257:2> el<264:12>
                              n<> u<2091> t<Statement_item> p<2092> c<2090> l<257:2> el<264:12>
                                n<> u<2090> t<Conditional_statement> p<2091> c<2049> l<257:2> el<264:12>
                                  n<> u<2049> t<Cond_predicate> p<2090> c<2048> s<2050> l<257:6> el<259:61>
                                    n<> u<2048> t<Expression_or_cond_pattern> p<2049> c<2047> l<257:6> el<259:61>
                                      n<> u<2047> t<Expression> p<2048> c<2022> l<257:6> el<259:61>
                                        n<> u<2022> t<Expression> p<2047> c<1997> s<2046> l<257:6> el<258:62>
                                          n<> u<1997> t<Expression> p<2022> c<1996> s<2021> l<257:6> el<257:62>
                                            n<> u<1996> t<Expression> p<1997> c<1984> l<257:7> el<257:61>
                                              n<> u<1984> t<Expression> p<1996> c<1978> s<1995> l<257:7> el<257:32>
                                                n<> u<1978> t<Expression> p<1984> c<1977> s<1983> l<257:7> el<257:23>
                                                  n<> u<1977> t<Primary> p<1978> c<1976> l<257:7> el<257:23>
                                                    n<> u<1976> t<Primary_literal> p<1977> c<1975> l<257:7> el<257:23>
                                                      n<REFCLK_FREQUENCY> u<1975> t<SIMPLE_IDENTIFIER> p<1976> l<257:7> el<257:23>
                                                n<> u<1983> t<GREATER_EQUAL> p<1984> s<1982> l<257:24> el<257:26>
                                                n<> u<1982> t<Expression> p<1984> c<1981> l<257:27> el<257:32>
                                                  n<> u<1981> t<Primary> p<1982> c<1980> l<257:27> el<257:32>
                                                    n<> u<1980> t<Primary_literal> p<1981> c<1979> l<257:27> el<257:32>
                                                      n<190.0> u<1979> t<REAL_NUMBER> p<1980> l<257:27> el<257:32>
                                              n<> u<1995> t<LOGICAL_AND> p<1996> s<1994> l<257:33> el<257:35>
                                              n<> u<1994> t<Expression> p<1996> c<1988> l<257:36> el<257:61>
                                                n<> u<1988> t<Expression> p<1994> c<1987> s<1993> l<257:36> el<257:52>
                                                  n<> u<1987> t<Primary> p<1988> c<1986> l<257:36> el<257:52>
                                                    n<> u<1986> t<Primary_literal> p<1987> c<1985> l<257:36> el<257:52>
                                                      n<REFCLK_FREQUENCY> u<1985> t<SIMPLE_IDENTIFIER> p<1986> l<257:36> el<257:52>
                                                n<> u<1993> t<LESS_EQUAL> p<1994> s<1992> l<257:53> el<257:55>
                                                n<> u<1992> t<Expression> p<1994> c<1991> l<257:56> el<257:61>
                                                  n<> u<1991> t<Primary> p<1992> c<1990> l<257:56> el<257:61>
                                                    n<> u<1990> t<Primary_literal> p<1991> c<1989> l<257:56> el<257:61>
                                                      n<210.0> u<1989> t<REAL_NUMBER> p<1990> l<257:56> el<257:61>
                                          n<> u<2021> t<LOGICAL_OR> p<2022> s<2020> l<257:63> el<257:65>
                                          n<> u<2020> t<Expression> p<2022> c<2019> l<258:6> el<258:62>
                                            n<> u<2019> t<Expression> p<2020> c<2007> l<258:7> el<258:61>
                                              n<> u<2007> t<Expression> p<2019> c<2001> s<2018> l<258:7> el<258:32>
                                                n<> u<2001> t<Expression> p<2007> c<2000> s<2006> l<258:7> el<258:23>
                                                  n<> u<2000> t<Primary> p<2001> c<1999> l<258:7> el<258:23>
                                                    n<> u<1999> t<Primary_literal> p<2000> c<1998> l<258:7> el<258:23>
                                                      n<REFCLK_FREQUENCY> u<1998> t<SIMPLE_IDENTIFIER> p<1999> l<258:7> el<258:23>
                                                n<> u<2006> t<GREATER_EQUAL> p<2007> s<2005> l<258:24> el<258:26>
                                                n<> u<2005> t<Expression> p<2007> c<2004> l<258:27> el<258:32>
                                                  n<> u<2004> t<Primary> p<2005> c<2003> l<258:27> el<258:32>
                                                    n<> u<2003> t<Primary_literal> p<2004> c<2002> l<258:27> el<258:32>
                                                      n<290.0> u<2002> t<REAL_NUMBER> p<2003> l<258:27> el<258:32>
                                              n<> u<2018> t<LOGICAL_AND> p<2019> s<2017> l<258:33> el<258:35>
                                              n<> u<2017> t<Expression> p<2019> c<2011> l<258:36> el<258:61>
                                                n<> u<2011> t<Expression> p<2017> c<2010> s<2016> l<258:36> el<258:52>
                                                  n<> u<2010> t<Primary> p<2011> c<2009> l<258:36> el<258:52>
                                                    n<> u<2009> t<Primary_literal> p<2010> c<2008> l<258:36> el<258:52>
                                                      n<REFCLK_FREQUENCY> u<2008> t<SIMPLE_IDENTIFIER> p<2009> l<258:36> el<258:52>
                                                n<> u<2016> t<LESS_EQUAL> p<2017> s<2015> l<258:53> el<258:55>
                                                n<> u<2015> t<Expression> p<2017> c<2014> l<258:56> el<258:61>
                                                  n<> u<2014> t<Primary> p<2015> c<2013> l<258:56> el<258:61>
                                                    n<> u<2013> t<Primary_literal> p<2014> c<2012> l<258:56> el<258:61>
                                                      n<310.0> u<2012> t<REAL_NUMBER> p<2013> l<258:56> el<258:61>
                                        n<> u<2046> t<LOGICAL_OR> p<2047> s<2045> l<258:63> el<258:65>
                                        n<> u<2045> t<Expression> p<2047> c<2044> l<259:6> el<259:61>
                                          n<> u<2044> t<Expression> p<2045> c<2032> l<259:7> el<259:60>
                                            n<> u<2032> t<Expression> p<2044> c<2026> s<2043> l<259:7> el<259:31>
                                              n<> u<2026> t<Expression> p<2032> c<2025> s<2031> l<259:7> el<259:23>
                                                n<> u<2025> t<Primary> p<2026> c<2024> l<259:7> el<259:23>
                                                  n<> u<2024> t<Primary_literal> p<2025> c<2023> l<259:7> el<259:23>
                                                    n<REFCLK_FREQUENCY> u<2023> t<SIMPLE_IDENTIFIER> p<2024> l<259:7> el<259:23>
                                              n<> u<2031> t<GREATER_EQUAL> p<2032> s<2030> l<259:24> el<259:26>
                                              n<> u<2030> t<Expression> p<2032> c<2029> l<259:26> el<259:31>
                                                n<> u<2029> t<Primary> p<2030> c<2028> l<259:26> el<259:31>
                                                  n<> u<2028> t<Primary_literal> p<2029> c<2027> l<259:26> el<259:31>
                                                    n<390.0> u<2027> t<REAL_NUMBER> p<2028> l<259:26> el<259:31>
                                            n<> u<2043> t<LOGICAL_AND> p<2044> s<2042> l<259:32> el<259:34>
                                            n<> u<2042> t<Expression> p<2044> c<2036> l<259:35> el<259:60>
                                              n<> u<2036> t<Expression> p<2042> c<2035> s<2041> l<259:35> el<259:51>
                                                n<> u<2035> t<Primary> p<2036> c<2034> l<259:35> el<259:51>
                                                  n<> u<2034> t<Primary_literal> p<2035> c<2033> l<259:35> el<259:51>
                                                    n<REFCLK_FREQUENCY> u<2033> t<SIMPLE_IDENTIFIER> p<2034> l<259:35> el<259:51>
                                              n<> u<2041> t<LESS_EQUAL> p<2042> s<2040> l<259:52> el<259:54>
                                              n<> u<2040> t<Expression> p<2042> c<2039> l<259:55> el<259:60>
                                                n<> u<2039> t<Primary> p<2040> c<2038> l<259:55> el<259:60>
                                                  n<> u<2038> t<Primary_literal> p<2039> c<2037> l<259:55> el<259:60>
                                                    n<410.0> u<2037> t<REAL_NUMBER> p<2038> l<259:55> el<259:60>
                                  n</*    */> u<2050> t<BLOCK_COMMENT> p<2090> s<2051> l<260:16> el<260:17>
                                  n<> u<2051> t<Statement_or_null> p<2090> s<2089> l<260:16> el<260:17>
                                  n<> u<2089> t<Statement_or_null> p<2090> c<2088> l<261:7> el<264:12>
                                    n<> u<2088> t<Statement> p<2089> c<2087> l<261:7> el<264:12>
                                      n<> u<2087> t<Statement_item> p<2088> c<2086> l<261:7> el<264:12>
                                        n<> u<2086> t<Seq_block> p<2087> c<2068> l<261:7> el<264:12>
                                          n<> u<2068> t<Statement_or_null> p<2086> c<2067> s<2084> l<262:13> el<262:260>
                                            n<> u<2067> t<Statement> p<2068> c<2066> l<262:13> el<262:260>
                                              n<> u<2066> t<Statement_item> p<2067> c<2065> l<262:13> el<262:260>
                                                n<> u<2065> t<Subroutine_call_statement> p<2066> c<2064> l<262:13> el<262:260>
                                                  n<> u<2064> t<Subroutine_call> p<2065> c<2052> l<262:13> el<262:259>
                                                    n<$> u<2052> t<DOLLAR> p<2064> s<2053> l<262:13> el<262:14>
                                                    n<display> u<2053> t<SIMPLE_IDENTIFIER> p<2064> s<2063> l<262:14> el<262:21>
                                                    n<> u<2063> t<Argument_list> p<2064> c<2057> l<262:22> el<262:258>
                                                      n<> u<2057> t<Expression> p<2063> c<2056> s<2062> l<262:22> el<262:240>
                                                        n<> u<2056> t<Primary> p<2057> c<2055> l<262:22> el<262:240>
                                                          n<> u<2055> t<Primary_literal> p<2056> c<2054> l<262:22> el<262:240>
                                                            n<"Attribute Syntax Error : The attribute REFCLK_FREQUENCY on ODELAYE2 instance %m is set to %f.  Legal values for this attribute are either between 190.0 and 210.0, or between 290.0 and 310.0 or between 390.0 and 410.0"> u<2054> t<QUOTED_STRING> p<2055> l<262:22> el<262:240>
                                                      n<> u<2062> t<Argument> p<2063> c<2061> l<262:242> el<262:258>
                                                        n<> u<2061> t<Expression> p<2062> c<2060> l<262:242> el<262:258>
                                                          n<> u<2060> t<Primary> p<2061> c<2059> l<262:242> el<262:258>
                                                            n<> u<2059> t<Primary_literal> p<2060> c<2058> l<262:242> el<262:258>
                                                              n<REFCLK_FREQUENCY> u<2058> t<SIMPLE_IDENTIFIER> p<2059> l<262:242> el<262:258>
                                          n<> u<2084> t<Statement_or_null> p<2086> c<2083> s<2085> l<263:13> el<263:24>
                                            n<> u<2083> t<Statement> p<2084> c<2082> l<263:13> el<263:24>
                                              n<> u<2082> t<Statement_item> p<2083> c<2081> l<263:13> el<263:24>
                                                n<> u<2081> t<Procedural_timing_control_statement> p<2082> c<2071> l<263:13> el<263:24>
                                                  n<> u<2071> t<Procedural_timing_control> p<2081> c<2070> s<2080> l<263:13> el<263:15>
                                                    n<> u<2070> t<Delay_control> p<2071> c<2069> l<263:13> el<263:15>
                                                      n<#1> u<2069> t<POUND_DELAY> p<2070> l<263:13> el<263:15>
                                                  n<> u<2080> t<Statement_or_null> p<2081> c<2079> l<263:16> el<263:24>
                                                    n<> u<2079> t<Statement> p<2080> c<2078> l<263:16> el<263:24>
                                                      n<> u<2078> t<Statement_item> p<2079> c<2077> l<263:16> el<263:24>
                                                        n<> u<2077> t<Subroutine_call_statement> p<2078> c<2076> l<263:16> el<263:24>
                                                          n<> u<2076> t<Subroutine_call> p<2077> c<2072> l<263:16> el<263:23>
                                                            n<$> u<2072> t<DOLLAR> p<2076> s<2073> l<263:16> el<263:17>
                                                            n<finish> u<2073> t<SIMPLE_IDENTIFIER> p<2076> s<2075> l<263:17> el<263:23>
                                                            n<> u<2075> t<Select> p<2076> c<2074> l<263:23> el<263:23>
                                                              n<> u<2074> t<Bit_select> p<2075> l<263:23> el<263:23>
                                          n<> u<2085> t<END> p<2086> l<264:9> el<264:12>
                          n<//-------- SIGNAL_PATTERN check> u<2094> t<LINE_COMMENT> p<2171> s<2154> l<267:9> el<267:40>
                          n<> u<2154> t<Statement_or_null> p<2171> c<2153> s<2155> l<269:9> el<275:16>
                            n<> u<2153> t<Statement> p<2154> c<2152> l<269:9> el<275:16>
                              n<> u<2152> t<Statement_item> p<2153> c<2151> l<269:9> el<275:16>
                                n<> u<2151> t<Case_statement> p<2152> c<2096> l<269:9> el<275:16>
                                  n<> u<2096> t<Case_keyword> p<2151> c<2095> s<2100> l<269:9> el<269:13>
                                    n<> u<2095> t<CASE> p<2096> l<269:9> el<269:13>
                                  n<> u<2100> t<Expression> p<2151> c<2099> s<2110> l<269:15> el<269:29>
                                    n<> u<2099> t<Primary> p<2100> c<2098> l<269:15> el<269:29>
                                      n<> u<2098> t<Primary_literal> p<2099> c<2097> l<269:15> el<269:29>
                                        n<SIGNAL_PATTERN> u<2097> t<SIMPLE_IDENTIFIER> p<2098> l<269:15> el<269:29>
                                  n<> u<2110> t<Case_item> p<2151> c<2104> s<2149> l<270:13> el<270:32>
                                    n<> u<2104> t<Expression> p<2110> c<2103> s<2108> l<270:13> el<270:20>
                                      n<> u<2103> t<Primary> p<2104> c<2102> l<270:13> el<270:20>
                                        n<> u<2102> t<Primary_literal> p<2103> c<2101> l<270:13> el<270:20>
                                          n<"CLOCK"> u<2101> t<QUOTED_STRING> p<2102> l<270:13> el<270:20>
                                    n<> u<2108> t<Expression> p<2110> c<2107> s<2109> l<270:22> el<270:28>
                                      n<> u<2107> t<Primary> p<2108> c<2106> l<270:22> el<270:28>
                                        n<> u<2106> t<Primary_literal> p<2107> c<2105> l<270:22> el<270:28>
                                          n<"DATA"> u<2105> t<QUOTED_STRING> p<2106> l<270:22> el<270:28>
                                    n<> u<2109> t<Statement_or_null> p<2110> l<270:31> el<270:32>
                                  n<> u<2149> t<Case_item> p<2151> c<2148> s<2150> l<271:13> el<274:16>
                                    n<> u<2148> t<Statement_or_null> p<2149> c<2147> l<271:23> el<274:16>
                                      n<> u<2147> t<Statement> p<2148> c<2146> l<271:23> el<274:16>
                                        n<> u<2146> t<Statement_item> p<2147> c<2145> l<271:23> el<274:16>
                                          n<> u<2145> t<Seq_block> p<2146> c<2127> l<271:23> el<274:16>
                                            n<> u<2127> t<Statement_or_null> p<2145> c<2126> s<2143> l<272:16> el<272:189>
                                              n<> u<2126> t<Statement> p<2127> c<2125> l<272:16> el<272:189>
                                                n<> u<2125> t<Statement_item> p<2126> c<2124> l<272:16> el<272:189>
                                                  n<> u<2124> t<Subroutine_call_statement> p<2125> c<2123> l<272:16> el<272:189>
                                                    n<> u<2123> t<Subroutine_call> p<2124> c<2111> l<272:16> el<272:188>
                                                      n<$> u<2111> t<DOLLAR> p<2123> s<2112> l<272:16> el<272:17>
                                                      n<display> u<2112> t<SIMPLE_IDENTIFIER> p<2123> s<2122> l<272:17> el<272:24>
                                                      n<> u<2122> t<Argument_list> p<2123> c<2116> l<272:25> el<272:187>
                                                        n<> u<2116> t<Expression> p<2122> c<2115> s<2121> l<272:25> el<272:170>
                                                          n<> u<2115> t<Primary> p<2116> c<2114> l<272:25> el<272:170>
                                                            n<> u<2114> t<Primary_literal> p<2115> c<2113> l<272:25> el<272:170>
                                                              n<"Attribute Syntax Error : The attribute SIGNAL_PATTERN on ODELAYE2 instance %m is set to %s.  Legal values for this attribute are DATA or CLOCK."> u<2113> t<QUOTED_STRING> p<2114> l<272:25> el<272:170>
                                                        n<> u<2121> t<Argument> p<2122> c<2120> l<272:173> el<272:187>
                                                          n<> u<2120> t<Expression> p<2121> c<2119> l<272:173> el<272:187>
                                                            n<> u<2119> t<Primary> p<2120> c<2118> l<272:173> el<272:187>
                                                              n<> u<2118> t<Primary_literal> p<2119> c<2117> l<272:173> el<272:187>
                                                                n<SIGNAL_PATTERN> u<2117> t<SIMPLE_IDENTIFIER> p<2118> l<272:173> el<272:187>
                                            n<> u<2143> t<Statement_or_null> p<2145> c<2142> s<2144> l<273:16> el<273:27>
                                              n<> u<2142> t<Statement> p<2143> c<2141> l<273:16> el<273:27>
                                                n<> u<2141> t<Statement_item> p<2142> c<2140> l<273:16> el<273:27>
                                                  n<> u<2140> t<Procedural_timing_control_statement> p<2141> c<2130> l<273:16> el<273:27>
                                                    n<> u<2130> t<Procedural_timing_control> p<2140> c<2129> s<2139> l<273:16> el<273:18>
                                                      n<> u<2129> t<Delay_control> p<2130> c<2128> l<273:16> el<273:18>
                                                        n<#1> u<2128> t<POUND_DELAY> p<2129> l<273:16> el<273:18>
                                                    n<> u<2139> t<Statement_or_null> p<2140> c<2138> l<273:19> el<273:27>
                                                      n<> u<2138> t<Statement> p<2139> c<2137> l<273:19> el<273:27>
                                                        n<> u<2137> t<Statement_item> p<2138> c<2136> l<273:19> el<273:27>
                                                          n<> u<2136> t<Subroutine_call_statement> p<2137> c<2135> l<273:19> el<273:27>
                                                            n<> u<2135> t<Subroutine_call> p<2136> c<2131> l<273:19> el<273:26>
                                                              n<$> u<2131> t<DOLLAR> p<2135> s<2132> l<273:19> el<273:20>
                                                              n<finish> u<2132> t<SIMPLE_IDENTIFIER> p<2135> s<2134> l<273:20> el<273:26>
                                                              n<> u<2134> t<Select> p<2135> c<2133> l<273:26> el<273:26>
                                                                n<> u<2133> t<Bit_select> p<2134> l<273:26> el<273:26>
                                            n<> u<2144> t<END> p<2145> l<274:13> el<274:16>
                                  n<> u<2150> t<ENDCASE> p<2151> l<275:9> el<275:16>
                          n<//-------- CALC_TAPDELAY check> u<2155> t<LINE_COMMENT> p<2171> s<2169> l<277:9> el<277:39>
                          n<> u<2169> t<Statement_or_null> p<2171> c<2168> s<2170> l<279:9> el<279:26>
                            n<> u<2168> t<Statement> p<2169> c<2167> l<279:9> el<279:26>
                              n<> u<2167> t<Statement_item> p<2168> c<2166> l<279:9> el<279:26>
                                n<> u<2166> t<Blocking_assignment> p<2167> c<2165> l<279:9> el<279:25>
                                  n<> u<2165> t<Variable_assignment> p<2166> c<2160> l<279:9> el<279:25>
                                    n<> u<2160> t<Variable_lvalue> p<2165> c<2157> s<2164> l<279:9> el<279:19>
                                      n<> u<2157> t<Ps_or_hierarchical_identifier> p<2160> c<2156> s<2159> l<279:9> el<279:19>
                                        n<INIT_DELAY> u<2156> t<SIMPLE_IDENTIFIER> p<2157> l<279:9> el<279:19>
                                      n<> u<2159> t<Select> p<2160> c<2158> l<279:20> el<279:20>
                                        n<> u<2158> t<Bit_select> p<2159> l<279:20> el<279:20>
                                    n<> u<2164> t<Expression> p<2165> c<2163> l<279:22> el<279:25>
                                      n<> u<2163> t<Primary> p<2164> c<2162> l<279:22> el<279:25>
                                        n<> u<2162> t<Primary_literal> p<2163> c<2161> l<279:22> el<279:25>
                                          n<600> u<2161> t<INTEGRAL_NUMBER> p<2162> l<279:22> el<279:25>
                          n<> u<2170> t<END> p<2171> l<281:5> el<281:8>
        n<// initial begin> u<2180> t<LINE_COMMENT> p<5224> s<2181> l<281:9> el<281:25>
        n<// CALC_TAPDELAY value> u<2181> t<LINE_COMMENT> p<5224> s<2308> l<283:5> el<283:27>
        n<> u<2308> t<Module_item> p<5224> c<2307> s<2309> l<284:5> el<297:8>
          n<> u<2307> t<Non_port_module_item> p<2308> c<2306> l<284:5> el<297:8>
            n<> u<2306> t<Module_or_generate_item> p<2307> c<2305> l<284:5> el<297:8>
              n<> u<2305> t<Module_common_item> p<2306> c<2304> l<284:5> el<297:8>
                n<> u<2304> t<Initial_construct> p<2305> c<2303> l<284:5> el<297:8>
                  n<> u<2303> t<Statement_or_null> p<2304> c<2302> l<284:13> el<297:8>
                    n<> u<2302> t<Statement> p<2303> c<2301> l<284:13> el<297:8>
                      n<> u<2301> t<Statement_item> p<2302> c<2300> l<284:13> el<297:8>
                        n<> u<2300> t<Seq_block> p<2301> c<2298> l<284:13> el<297:8>
                          n<> u<2298> t<Statement_or_null> p<2300> c<2297> s<2299> l<285:9> el<296:20>
                            n<> u<2297> t<Statement> p<2298> c<2296> l<285:9> el<296:20>
                              n<> u<2296> t<Statement_item> p<2297> c<2295> l<285:9> el<296:20>
                                n<> u<2295> t<Conditional_statement> p<2296> c<2207> l<285:9> el<296:20>
                                  n<> u<2207> t<Cond_predicate> p<2295> c<2206> s<2226> l<285:13> el<285:71>
                                    n<> u<2206> t<Expression_or_cond_pattern> p<2207> c<2205> l<285:13> el<285:71>
                                      n<> u<2205> t<Expression> p<2206> c<2192> l<285:13> el<285:71>
                                        n<> u<2192> t<Expression> p<2205> c<2191> s<2204> l<285:13> el<285:40>
                                          n<> u<2191> t<Expression> p<2192> c<2185> l<285:14> el<285:39>
                                            n<> u<2185> t<Expression> p<2191> c<2184> s<2190> l<285:14> el<285:30>
                                              n<> u<2184> t<Primary> p<2185> c<2183> l<285:14> el<285:30>
                                                n<> u<2183> t<Primary_literal> p<2184> c<2182> l<285:14> el<285:30>
                                                  n<REFCLK_FREQUENCY> u<2182> t<SIMPLE_IDENTIFIER> p<2183> l<285:14> el<285:30>
                                            n<> u<2190> t<LESS_EQUAL> p<2191> s<2189> l<285:31> el<285:33>
                                            n<> u<2189> t<Expression> p<2191> c<2188> l<285:34> el<285:39>
                                              n<> u<2188> t<Primary> p<2189> c<2187> l<285:34> el<285:39>
                                                n<> u<2187> t<Primary_literal> p<2188> c<2186> l<285:34> el<285:39>
                                                  n<410.0> u<2186> t<REAL_NUMBER> p<2187> l<285:34> el<285:39>
                                        n<> u<2204> t<LOGICAL_AND> p<2205> s<2203> l<285:41> el<285:43>
                                        n<> u<2203> t<Expression> p<2205> c<2202> l<285:44> el<285:71>
                                          n<> u<2202> t<Expression> p<2203> c<2196> l<285:45> el<285:70>
                                            n<> u<2196> t<Expression> p<2202> c<2195> s<2201> l<285:45> el<285:61>
                                              n<> u<2195> t<Primary> p<2196> c<2194> l<285:45> el<285:61>
                                                n<> u<2194> t<Primary_literal> p<2195> c<2193> l<285:45> el<285:61>
                                                  n<REFCLK_FREQUENCY> u<2193> t<SIMPLE_IDENTIFIER> p<2194> l<285:45> el<285:61>
                                            n<> u<2201> t<GREATER_EQUAL> p<2202> s<2200> l<285:62> el<285:64>
                                            n<> u<2200> t<Expression> p<2202> c<2199> l<285:65> el<285:70>
                                              n<> u<2199> t<Primary> p<2200> c<2198> l<285:65> el<285:70>
                                                n<> u<2198> t<Primary_literal> p<2199> c<2197> l<285:65> el<285:70>
                                                  n<390.0> u<2197> t<REAL_NUMBER> p<2198> l<285:65> el<285:70>
                                  n<> u<2226> t<Statement_or_null> p<2295> c<2225> s<2294> l<286:17> el<288:20>
                                    n<> u<2225> t<Statement> p<2226> c<2224> l<286:17> el<288:20>
                                      n<> u<2224> t<Statement_item> p<2225> c<2223> l<286:17> el<288:20>
                                        n<> u<2223> t<Seq_block> p<2224> c<2221> l<286:17> el<288:20>
                                          n<> u<2221> t<Statement_or_null> p<2223> c<2220> s<2222> l<287:25> el<287:44>
                                            n<> u<2220> t<Statement> p<2221> c<2219> l<287:25> el<287:44>
                                              n<> u<2219> t<Statement_item> p<2220> c<2218> l<287:25> el<287:44>
                                                n<> u<2218> t<Blocking_assignment> p<2219> c<2217> l<287:25> el<287:43>
                                                  n<> u<2217> t<Variable_assignment> p<2218> c<2212> l<287:25> el<287:43>
                                                    n<> u<2212> t<Variable_lvalue> p<2217> c<2209> s<2216> l<287:25> el<287:38>
                                                      n<> u<2209> t<Ps_or_hierarchical_identifier> p<2212> c<2208> s<2211> l<287:25> el<287:38>
                                                        n<CALC_TAPDELAY> u<2208> t<SIMPLE_IDENTIFIER> p<2209> l<287:25> el<287:38>
                                                      n<> u<2211> t<Select> p<2212> c<2210> l<287:39> el<287:39>
                                                        n<> u<2210> t<Bit_select> p<2211> l<287:39> el<287:39>
                                                    n<> u<2216> t<Expression> p<2217> c<2215> l<287:41> el<287:43>
                                                      n<> u<2215> t<Primary> p<2216> c<2214> l<287:41> el<287:43>
                                                        n<> u<2214> t<Primary_literal> p<2215> c<2213> l<287:41> el<287:43>
                                                          n<39> u<2213> t<INTEGRAL_NUMBER> p<2214> l<287:41> el<287:43>
                                          n<> u<2222> t<END> p<2223> l<288:17> el<288:20>
                                  n<> u<2294> t<Statement_or_null> p<2295> c<2293> l<289:14> el<296:20>
                                    n<> u<2293> t<Statement> p<2294> c<2292> l<289:14> el<296:20>
                                      n<> u<2292> t<Statement_item> p<2293> c<2291> l<289:14> el<296:20>
                                        n<> u<2291> t<Conditional_statement> p<2292> c<2252> l<289:14> el<296:20>
                                          n<> u<2252> t<Cond_predicate> p<2291> c<2251> s<2271> l<289:18> el<289:76>
                                            n<> u<2251> t<Expression_or_cond_pattern> p<2252> c<2250> l<289:18> el<289:76>
                                              n<> u<2250> t<Expression> p<2251> c<2237> l<289:18> el<289:76>
                                                n<> u<2237> t<Expression> p<2250> c<2236> s<2249> l<289:18> el<289:45>
                                                  n<> u<2236> t<Expression> p<2237> c<2230> l<289:19> el<289:44>
                                                    n<> u<2230> t<Expression> p<2236> c<2229> s<2235> l<289:19> el<289:35>
                                                      n<> u<2229> t<Primary> p<2230> c<2228> l<289:19> el<289:35>
                                                        n<> u<2228> t<Primary_literal> p<2229> c<2227> l<289:19> el<289:35>
                                                          n<REFCLK_FREQUENCY> u<2227> t<SIMPLE_IDENTIFIER> p<2228> l<289:19> el<289:35>
                                                    n<> u<2235> t<LESS_EQUAL> p<2236> s<2234> l<289:36> el<289:38>
                                                    n<> u<2234> t<Expression> p<2236> c<2233> l<289:39> el<289:44>
                                                      n<> u<2233> t<Primary> p<2234> c<2232> l<289:39> el<289:44>
                                                        n<> u<2232> t<Primary_literal> p<2233> c<2231> l<289:39> el<289:44>
                                                          n<310.0> u<2231> t<REAL_NUMBER> p<2232> l<289:39> el<289:44>
                                                n<> u<2249> t<LOGICAL_AND> p<2250> s<2248> l<289:46> el<289:48>
                                                n<> u<2248> t<Expression> p<2250> c<2247> l<289:49> el<289:76>
                                                  n<> u<2247> t<Expression> p<2248> c<2241> l<289:50> el<289:75>
                                                    n<> u<2241> t<Expression> p<2247> c<2240> s<2246> l<289:50> el<289:66>
                                                      n<> u<2240> t<Primary> p<2241> c<2239> l<289:50> el<289:66>
                                                        n<> u<2239> t<Primary_literal> p<2240> c<2238> l<289:50> el<289:66>
                                                          n<REFCLK_FREQUENCY> u<2238> t<SIMPLE_IDENTIFIER> p<2239> l<289:50> el<289:66>
                                                    n<> u<2246> t<GREATER_EQUAL> p<2247> s<2245> l<289:67> el<289:69>
                                                    n<> u<2245> t<Expression> p<2247> c<2244> l<289:70> el<289:75>
                                                      n<> u<2244> t<Primary> p<2245> c<2243> l<289:70> el<289:75>
                                                        n<> u<2243> t<Primary_literal> p<2244> c<2242> l<289:70> el<289:75>
                                                          n<290.0> u<2242> t<REAL_NUMBER> p<2243> l<289:70> el<289:75>
                                          n<> u<2271> t<Statement_or_null> p<2291> c<2270> s<2290> l<290:17> el<292:20>
                                            n<> u<2270> t<Statement> p<2271> c<2269> l<290:17> el<292:20>
                                              n<> u<2269> t<Statement_item> p<2270> c<2268> l<290:17> el<292:20>
                                                n<> u<2268> t<Seq_block> p<2269> c<2266> l<290:17> el<292:20>
                                                  n<> u<2266> t<Statement_or_null> p<2268> c<2265> s<2267> l<291:25> el<291:44>
                                                    n<> u<2265> t<Statement> p<2266> c<2264> l<291:25> el<291:44>
                                                      n<> u<2264> t<Statement_item> p<2265> c<2263> l<291:25> el<291:44>
                                                        n<> u<2263> t<Blocking_assignment> p<2264> c<2262> l<291:25> el<291:43>
                                                          n<> u<2262> t<Variable_assignment> p<2263> c<2257> l<291:25> el<291:43>
                                                            n<> u<2257> t<Variable_lvalue> p<2262> c<2254> s<2261> l<291:25> el<291:38>
                                                              n<> u<2254> t<Ps_or_hierarchical_identifier> p<2257> c<2253> s<2256> l<291:25> el<291:38>
                                                                n<CALC_TAPDELAY> u<2253> t<SIMPLE_IDENTIFIER> p<2254> l<291:25> el<291:38>
                                                              n<> u<2256> t<Select> p<2257> c<2255> l<291:39> el<291:39>
                                                                n<> u<2255> t<Bit_select> p<2256> l<291:39> el<291:39>
                                                            n<> u<2261> t<Expression> p<2262> c<2260> l<291:41> el<291:43>
                                                              n<> u<2260> t<Primary> p<2261> c<2259> l<291:41> el<291:43>
                                                                n<> u<2259> t<Primary_literal> p<2260> c<2258> l<291:41> el<291:43>
                                                                  n<52> u<2258> t<INTEGRAL_NUMBER> p<2259> l<291:41> el<291:43>
                                                  n<> u<2267> t<END> p<2268> l<292:17> el<292:20>
                                          n<> u<2290> t<Statement_or_null> p<2291> c<2289> l<294:17> el<296:20>
                                            n<> u<2289> t<Statement> p<2290> c<2288> l<294:17> el<296:20>
                                              n<> u<2288> t<Statement_item> p<2289> c<2287> l<294:17> el<296:20>
                                                n<> u<2287> t<Seq_block> p<2288> c<2285> l<294:17> el<296:20>
                                                  n<> u<2285> t<Statement_or_null> p<2287> c<2284> s<2286> l<295:25> el<295:44>
                                                    n<> u<2284> t<Statement> p<2285> c<2283> l<295:25> el<295:44>
                                                      n<> u<2283> t<Statement_item> p<2284> c<2282> l<295:25> el<295:44>
                                                        n<> u<2282> t<Blocking_assignment> p<2283> c<2281> l<295:25> el<295:43>
                                                          n<> u<2281> t<Variable_assignment> p<2282> c<2276> l<295:25> el<295:43>
                                                            n<> u<2276> t<Variable_lvalue> p<2281> c<2273> s<2280> l<295:25> el<295:38>
                                                              n<> u<2273> t<Ps_or_hierarchical_identifier> p<2276> c<2272> s<2275> l<295:25> el<295:38>
                                                                n<CALC_TAPDELAY> u<2272> t<SIMPLE_IDENTIFIER> p<2273> l<295:25> el<295:38>
                                                              n<> u<2275> t<Select> p<2276> c<2274> l<295:39> el<295:39>
                                                                n<> u<2274> t<Bit_select> p<2275> l<295:39> el<295:39>
                                                            n<> u<2280> t<Expression> p<2281> c<2279> l<295:41> el<295:43>
                                                              n<> u<2279> t<Primary> p<2280> c<2278> l<295:41> el<295:43>
                                                                n<> u<2278> t<Primary_literal> p<2279> c<2277> l<295:41> el<295:43>
                                                                  n<78> u<2277> t<INTEGRAL_NUMBER> p<2278> l<295:41> el<295:43>
                                                  n<> u<2286> t<END> p<2287> l<296:17> el<296:20>
                          n<> u<2299> t<END> p<2300> l<297:5> el<297:8>
        n<//----------------------------------------------------------------------> u<2309> t<LINE_COMMENT> p<5224> s<2310> l<299:1> el<299:73>
        n<//------------------------ Dynamic clock inversion ---------------------> u<2310> t<LINE_COMMENT> p<5224> s<2311> l<300:1> el<300:73>
        n<//----------------------------------------------------------------------> u<2311> t<LINE_COMMENT> p<5224> s<2312> l<301:1> el<301:73>
        n<//    always @(c_in_pre or cinvctrl_in) begin> u<2312> t<LINE_COMMENT> p<5224> s<2313> l<303:1> el<303:46>
        n<//        case (CINVCTRL_SEL)> u<2313> t<LINE_COMMENT> p<5224> s<2314> l<304:1> el<304:30>
        n<//                "TRUE" : c_in = (cinvctrl_in ? ~c_in_pre : c_in_pre);> u<2314> t<LINE_COMMENT> p<5224> s<2315> l<305:1> el<305:72>
        n<//                "FALSE" : c_in = c_in_pre;> u<2315> t<LINE_COMMENT> p<5224> s<2316> l<306:1> el<306:45>
        n<//        endcase> u<2316> t<LINE_COMMENT> p<5224> s<2317> l<307:1> el<307:18>
        n<//    end> u<2317> t<LINE_COMMENT> p<5224> s<2419> l<308:1> el<308:10>
        n<> u<2419> t<Module_item> p<5224> c<2418> s<2420> l<310:4> el<315:15>
          n<> u<2418> t<Non_port_module_item> p<2419> c<2417> l<310:4> el<315:15>
            n<> u<2417> t<Generate_region> p<2418> c<2415> l<310:4> el<315:15>
              n<> u<2415> t<Generate_item> p<2417> c<2414> s<2416> l<311:7> el<314:14>
                n<> u<2414> t<Module_or_generate_item> p<2415> c<2413> l<311:7> el<314:14>
                  n<> u<2413> t<Module_common_item> p<2414> c<2412> l<311:7> el<314:14>
                    n<> u<2412> t<Conditional_generate_construct> p<2413> c<2411> l<311:7> el<314:14>
                      n<> u<2411> t<Case_generate_construct> p<2412> c<2321> l<311:7> el<314:14>
                        n<> u<2321> t<Constant_expression> p<2411> c<2320> s<2375> l<311:13> el<311:25>
                          n<> u<2320> t<Constant_primary> p<2321> c<2319> l<311:13> el<311:25>
                            n<> u<2319> t<Primary_literal> p<2320> c<2318> l<311:13> el<311:25>
                              n<CINVCTRL_SEL> u<2318> t<SIMPLE_IDENTIFIER> p<2319> l<311:13> el<311:25>
                        n<> u<2375> t<Case_generate_item> p<2411> c<2325> s<2409> l<312:10> el<312:98>
                          n<> u<2325> t<Constant_expression> p<2375> c<2324> s<2374> l<312:10> el<312:16>
                            n<> u<2324> t<Constant_primary> p<2325> c<2323> l<312:10> el<312:16>
                              n<> u<2323> t<Primary_literal> p<2324> c<2322> l<312:10> el<312:16>
                                n<"TRUE"> u<2322> t<QUOTED_STRING> p<2323> l<312:10> el<312:16>
                          n<> u<2374> t<Generate_item> p<2375> c<2373> l<312:20> el<312:98>
                            n<> u<2373> t<Module_or_generate_item> p<2374> c<2372> l<312:20> el<312:98>
                              n<> u<2372> t<Module_common_item> p<2373> c<2371> l<312:20> el<312:98>
                                n<> u<2371> t<Always_construct> p<2372> c<2326> l<312:20> el<312:98>
                                  n<> u<2326> t<ALWAYS> p<2371> s<2370> l<312:20> el<312:26>
                                  n<> u<2370> t<Statement> p<2371> c<2369> l<312:27> el<312:98>
                                    n<> u<2369> t<Statement_item> p<2370> c<2368> l<312:27> el<312:98>
                                      n<> u<2368> t<Procedural_timing_control_statement> p<2369> c<2340> l<312:27> el<312:98>
                                        n<> u<2340> t<Procedural_timing_control> p<2368> c<2339> s<2367> l<312:27> el<312:53>
                                          n<> u<2339> t<Event_control> p<2340> c<2338> l<312:27> el<312:53>
                                            n<> u<2338> t<Event_expression> p<2339> c<2331> l<312:29> el<312:52>
                                              n<> u<2331> t<Event_expression> p<2338> c<2330> s<2332> l<312:29> el<312:37>
                                                n<> u<2330> t<Expression> p<2331> c<2329> l<312:29> el<312:37>
                                                  n<> u<2329> t<Primary> p<2330> c<2328> l<312:29> el<312:37>
                                                    n<> u<2328> t<Primary_literal> p<2329> c<2327> l<312:29> el<312:37>
                                                      n<c_in_pre> u<2327> t<SIMPLE_IDENTIFIER> p<2328> l<312:29> el<312:37>
                                              n<> u<2332> t<Or_operator> p<2338> s<2337> l<312:38> el<312:40>
                                              n<> u<2337> t<Event_expression> p<2338> c<2336> l<312:41> el<312:52>
                                                n<> u<2336> t<Expression> p<2337> c<2335> l<312:41> el<312:52>
                                                  n<> u<2335> t<Primary> p<2336> c<2334> l<312:41> el<312:52>
                                                    n<> u<2334> t<Primary_literal> p<2335> c<2333> l<312:41> el<312:52>
                                                      n<cinvctrl_in> u<2333> t<SIMPLE_IDENTIFIER> p<2334> l<312:41> el<312:52>
                                        n<> u<2367> t<Statement_or_null> p<2368> c<2366> l<312:54> el<312:98>
                                          n<> u<2366> t<Statement> p<2367> c<2365> l<312:54> el<312:98>
                                            n<> u<2365> t<Statement_item> p<2366> c<2364> l<312:54> el<312:98>
                                              n<> u<2364> t<Blocking_assignment> p<2365> c<2363> l<312:54> el<312:97>
                                                n<> u<2363> t<Variable_assignment> p<2364> c<2345> l<312:54> el<312:97>
                                                  n<> u<2345> t<Variable_lvalue> p<2363> c<2342> s<2362> l<312:54> el<312:58>
                                                    n<> u<2342> t<Ps_or_hierarchical_identifier> p<2345> c<2341> s<2344> l<312:54> el<312:58>
                                                      n<c_in> u<2341> t<SIMPLE_IDENTIFIER> p<2342> l<312:54> el<312:58>
                                                    n<> u<2344> t<Select> p<2345> c<2343> l<312:59> el<312:59>
                                                      n<> u<2343> t<Bit_select> p<2344> l<312:59> el<312:59>
                                                  n<> u<2362> t<Expression> p<2363> c<2361> l<312:61> el<312:97>
                                                    n<> u<2361> t<Expression> p<2362> c<2349> l<312:62> el<312:96>
                                                      n<> u<2349> t<Expression> p<2361> c<2348> s<2360> l<312:62> el<312:73>
                                                        n<> u<2348> t<Primary> p<2349> c<2347> l<312:62> el<312:73>
                                                          n<> u<2347> t<Primary_literal> p<2348> c<2346> l<312:62> el<312:73>
                                                            n<cinvctrl_in> u<2346> t<SIMPLE_IDENTIFIER> p<2347> l<312:62> el<312:73>
                                                      n<> u<2360> t<QMARK> p<2361> s<2355> l<312:74> el<312:75>
                                                      n<> u<2355> t<Expression> p<2361> c<2354> s<2359> l<312:76> el<312:85>
                                                        n<> u<2354> t<TILDA> p<2355> s<2353> l<312:76> el<312:77>
                                                        n<> u<2353> t<Expression> p<2355> c<2352> l<312:77> el<312:85>
                                                          n<> u<2352> t<Primary> p<2353> c<2351> l<312:77> el<312:85>
                                                            n<> u<2351> t<Primary_literal> p<2352> c<2350> l<312:77> el<312:85>
                                                              n<c_in_pre> u<2350> t<SIMPLE_IDENTIFIER> p<2351> l<312:77> el<312:85>
                                                      n<> u<2359> t<Expression> p<2361> c<2358> l<312:88> el<312:96>
                                                        n<> u<2358> t<Primary> p<2359> c<2357> l<312:88> el<312:96>
                                                          n<> u<2357> t<Primary_literal> p<2358> c<2356> l<312:88> el<312:96>
                                                            n<c_in_pre> u<2356> t<SIMPLE_IDENTIFIER> p<2357> l<312:88> el<312:96>
                        n<> u<2409> t<Case_generate_item> p<2411> c<2379> s<2410> l<313:10> el<313:55>
                          n<> u<2379> t<Constant_expression> p<2409> c<2378> s<2408> l<313:10> el<313:17>
                            n<> u<2378> t<Constant_primary> p<2379> c<2377> l<313:10> el<313:17>
                              n<> u<2377> t<Primary_literal> p<2378> c<2376> l<313:10> el<313:17>
                                n<"FALSE"> u<2376> t<QUOTED_STRING> p<2377> l<313:10> el<313:17>
                          n<> u<2408> t<Generate_item> p<2409> c<2407> l<313:20> el<313:55>
                            n<> u<2407> t<Module_or_generate_item> p<2408> c<2406> l<313:20> el<313:55>
                              n<> u<2406> t<Module_common_item> p<2407> c<2405> l<313:20> el<313:55>
                                n<> u<2405> t<Always_construct> p<2406> c<2380> l<313:20> el<313:55>
                                  n<> u<2380> t<ALWAYS> p<2405> s<2404> l<313:20> el<313:26>
                                  n<> u<2404> t<Statement> p<2405> c<2403> l<313:27> el<313:55>
                                    n<> u<2403> t<Statement_item> p<2404> c<2402> l<313:27> el<313:55>
                                      n<> u<2402> t<Procedural_timing_control_statement> p<2403> c<2387> l<313:27> el<313:55>
                                        n<> u<2387> t<Procedural_timing_control> p<2402> c<2386> s<2401> l<313:27> el<313:38>
                                          n<> u<2386> t<Event_control> p<2387> c<2385> l<313:27> el<313:38>
                                            n<> u<2385> t<Event_expression> p<2386> c<2384> l<313:29> el<313:37>
                                              n<> u<2384> t<Expression> p<2385> c<2383> l<313:29> el<313:37>
                                                n<> u<2383> t<Primary> p<2384> c<2382> l<313:29> el<313:37>
                                                  n<> u<2382> t<Primary_literal> p<2383> c<2381> l<313:29> el<313:37>
                                                    n<c_in_pre> u<2381> t<SIMPLE_IDENTIFIER> p<2382> l<313:29> el<313:37>
                                        n<> u<2401> t<Statement_or_null> p<2402> c<2400> l<313:39> el<313:55>
                                          n<> u<2400> t<Statement> p<2401> c<2399> l<313:39> el<313:55>
                                            n<> u<2399> t<Statement_item> p<2400> c<2398> l<313:39> el<313:55>
                                              n<> u<2398> t<Blocking_assignment> p<2399> c<2397> l<313:39> el<313:54>
                                                n<> u<2397> t<Variable_assignment> p<2398> c<2392> l<313:39> el<313:54>
                                                  n<> u<2392> t<Variable_lvalue> p<2397> c<2389> s<2396> l<313:39> el<313:43>
                                                    n<> u<2389> t<Ps_or_hierarchical_identifier> p<2392> c<2388> s<2391> l<313:39> el<313:43>
                                                      n<c_in> u<2388> t<SIMPLE_IDENTIFIER> p<2389> l<313:39> el<313:43>
                                                    n<> u<2391> t<Select> p<2392> c<2390> l<313:44> el<313:44>
                                                      n<> u<2390> t<Bit_select> p<2391> l<313:44> el<313:44>
                                                  n<> u<2396> t<Expression> p<2397> c<2395> l<313:46> el<313:54>
                                                    n<> u<2395> t<Primary> p<2396> c<2394> l<313:46> el<313:54>
                                                      n<> u<2394> t<Primary_literal> p<2395> c<2393> l<313:46> el<313:54>
                                                        n<c_in_pre> u<2393> t<SIMPLE_IDENTIFIER> p<2394> l<313:46> el<313:54>
                        n<> u<2410> t<ENDCASE> p<2411> l<314:7> el<314:14>
              n<> u<2416> t<ENDGENERATE> p<2417> l<315:4> el<315:15>
        n<//----------------------------------------------------------------------> u<2420> t<LINE_COMMENT> p<5224> s<2421> l<316:1> el<316:73>
        n<//------------------------      CNTVALUEOUT        ---------------------> u<2421> t<LINE_COMMENT> p<5224> s<2422> l<317:1> el<317:73>
        n<//----------------------------------------------------------------------> u<2422> t<LINE_COMMENT> p<5224> s<2490> l<318:1> el<318:73>
        n<> u<2490> t<Module_item> p<5224> c<2489> s<2491> l<319:5> el<325:8>
          n<> u<2489> t<Non_port_module_item> p<2490> c<2488> l<319:5> el<325:8>
            n<> u<2488> t<Module_or_generate_item> p<2489> c<2487> l<319:5> el<325:8>
              n<> u<2487> t<Module_common_item> p<2488> c<2486> l<319:5> el<325:8>
                n<> u<2486> t<Always_construct> p<2487> c<2423> l<319:5> el<325:8>
                  n<> u<2423> t<ALWAYS> p<2486> s<2485> l<319:5> el<319:11>
                  n<> u<2485> t<Statement> p<2486> c<2484> l<319:12> el<325:8>
                    n<> u<2484> t<Statement_item> p<2485> c<2483> l<319:12> el<325:8>
                      n<> u<2483> t<Procedural_timing_control_statement> p<2484> c<2430> l<319:12> el<325:8>
                        n<> u<2430> t<Procedural_timing_control> p<2483> c<2429> s<2482> l<319:12> el<319:27>
                          n<> u<2429> t<Event_control> p<2430> c<2428> l<319:12> el<319:27>
                            n<> u<2428> t<Event_expression> p<2429> c<2427> l<319:14> el<319:26>
                              n<> u<2427> t<Expression> p<2428> c<2426> l<319:14> el<319:26>
                                n<> u<2426> t<Primary> p<2427> c<2425> l<319:14> el<319:26>
                                  n<> u<2425> t<Primary_literal> p<2426> c<2424> l<319:14> el<319:26>
                                    n<odelay_count> u<2424> t<SIMPLE_IDENTIFIER> p<2425> l<319:14> el<319:26>
                        n<> u<2482> t<Statement_or_null> p<2483> c<2481> l<319:28> el<325:8>
                          n<> u<2481> t<Statement> p<2482> c<2480> l<319:28> el<325:8>
                            n<> u<2480> t<Statement_item> p<2481> c<2431> l<319:28> el<325:8>
                              n<//  Fixed CNTVALUEOUT for when in FIXED mode because of simprim. > u<2431> t<LINE_COMMENT> p<2480> s<2479> l<320:1> el<320:66>
                              n<> u<2479> t<Seq_block> p<2480> c<2477> l<319:28> el<325:8>
                                n<> u<2477> t<Statement_or_null> p<2479> c<2476> s<2478> l<321:8> el<324:50>
                                  n<> u<2476> t<Statement> p<2477> c<2475> l<321:8> el<324:50>
                                    n<> u<2475> t<Statement_item> p<2476> c<2474> l<321:8> el<324:50>
                                      n<> u<2474> t<Conditional_statement> p<2475> c<2443> l<321:8> el<324:50>
                                        n<> u<2443> t<Cond_predicate> p<2474> c<2442> s<2458> l<321:11> el<321:33>
                                          n<> u<2442> t<Expression_or_cond_pattern> p<2443> c<2441> l<321:11> el<321:33>
                                            n<> u<2441> t<Expression> p<2442> c<2435> l<321:11> el<321:33>
                                              n<> u<2435> t<Expression> p<2441> c<2434> s<2440> l<321:11> el<321:22>
                                                n<> u<2434> t<Primary> p<2435> c<2433> l<321:11> el<321:22>
                                                  n<> u<2433> t<Primary_literal> p<2434> c<2432> l<321:11> el<321:22>
                                                    n<ODELAY_TYPE> u<2432> t<SIMPLE_IDENTIFIER> p<2433> l<321:11> el<321:22>
                                              n<> u<2440> t<NOTEQUAL> p<2441> s<2439> l<321:23> el<321:25>
                                              n<> u<2439> t<Expression> p<2441> c<2438> l<321:26> el<321:33>
                                                n<> u<2438> t<Primary> p<2439> c<2437> l<321:26> el<321:33>
                                                  n<> u<2437> t<Primary_literal> p<2438> c<2436> l<321:26> el<321:33>
                                                    n<"FIXED"> u<2436> t<QUOTED_STRING> p<2437> l<321:26> el<321:33>
                                        n<> u<2458> t<Statement_or_null> p<2474> c<2457> s<2473> l<322:12> el<322:50>
                                          n<> u<2457> t<Statement> p<2458> c<2456> l<322:12> el<322:50>
                                            n<> u<2456> t<Statement_item> p<2457> c<2455> l<322:12> el<322:50>
                                              n<> u<2455> t<Procedural_continuous_assignment> p<2456> c<2454> l<322:12> el<322:49>
                                                n<> u<2454> t<ASSIGN> p<2455> s<2453> l<322:12> el<322:18>
                                                n<> u<2453> t<Variable_assignment> p<2455> c<2448> l<322:19> el<322:49>
                                                  n<> u<2448> t<Variable_lvalue> p<2453> c<2445> s<2452> l<322:19> el<322:34>
                                                    n<> u<2445> t<Ps_or_hierarchical_identifier> p<2448> c<2444> s<2447> l<322:19> el<322:34>
                                                      n<cntvalueout_pre> u<2444> t<SIMPLE_IDENTIFIER> p<2445> l<322:19> el<322:34>
                                                    n<> u<2447> t<Select> p<2448> c<2446> l<322:35> el<322:35>
                                                      n<> u<2446> t<Bit_select> p<2447> l<322:35> el<322:35>
                                                  n<> u<2452> t<Expression> p<2453> c<2451> l<322:37> el<322:49>
                                                    n<> u<2451> t<Primary> p<2452> c<2450> l<322:37> el<322:49>
                                                      n<> u<2450> t<Primary_literal> p<2451> c<2449> l<322:37> el<322:49>
                                                        n<odelay_count> u<2449> t<SIMPLE_IDENTIFIER> p<2450> l<322:37> el<322:49>
                                        n<> u<2473> t<Statement_or_null> p<2474> c<2472> l<324:12> el<324:50>
                                          n<> u<2472> t<Statement> p<2473> c<2471> l<324:12> el<324:50>
                                            n<> u<2471> t<Statement_item> p<2472> c<2470> l<324:12> el<324:50>
                                              n<> u<2470> t<Procedural_continuous_assignment> p<2471> c<2469> l<324:12> el<324:49>
                                                n<> u<2469> t<ASSIGN> p<2470> s<2468> l<324:12> el<324:18>
                                                n<> u<2468> t<Variable_assignment> p<2470> c<2463> l<324:19> el<324:49>
                                                  n<> u<2463> t<Variable_lvalue> p<2468> c<2460> s<2467> l<324:19> el<324:34>
                                                    n<> u<2460> t<Ps_or_hierarchical_identifier> p<2463> c<2459> s<2462> l<324:19> el<324:34>
                                                      n<cntvalueout_pre> u<2459> t<SIMPLE_IDENTIFIER> p<2460> l<324:19> el<324:34>
                                                    n<> u<2462> t<Select> p<2463> c<2461> l<324:35> el<324:35>
                                                      n<> u<2461> t<Bit_select> p<2462> l<324:35> el<324:35>
                                                  n<> u<2467> t<Expression> p<2468> c<2466> l<324:37> el<324:49>
                                                    n<> u<2466> t<Primary> p<2467> c<2465> l<324:37> el<324:49>
                                                      n<> u<2465> t<Primary_literal> p<2466> c<2464> l<324:37> el<324:49>
                                                        n<ODELAY_VALUE> u<2464> t<SIMPLE_IDENTIFIER> p<2465> l<324:37> el<324:49>
                                n<> u<2478> t<END> p<2479> l<325:5> el<325:8>
        n<//----------------------------------------------------------------------> u<2491> t<LINE_COMMENT> p<5224> s<2492> l<327:1> el<327:73>
        n<//--------------------------  CNTVALUEIN LOAD --------------------------> u<2492> t<LINE_COMMENT> p<5224> s<2493> l<328:1> el<328:73>
        n<//----------------------------------------------------------------------> u<2493> t<LINE_COMMENT> p<5224> s<2592> l<329:1> el<329:73>
        n<> u<2592> t<Module_item> p<5224> c<2591> s<2593> l<330:5> el<336:8>
          n<> u<2591> t<Non_port_module_item> p<2592> c<2590> l<330:5> el<336:8>
            n<> u<2590> t<Module_or_generate_item> p<2591> c<2589> l<330:5> el<336:8>
              n<> u<2589> t<Module_common_item> p<2590> c<2588> l<330:5> el<336:8>
                n<> u<2588> t<Always_construct> p<2589> c<2494> l<330:5> el<336:8>
                  n<> u<2494> t<ALWAYS> p<2588> s<2587> l<330:5> el<330:11>
                  n<> u<2587> t<Statement> p<2588> c<2586> l<330:12> el<336:8>
                    n<> u<2586> t<Statement_item> p<2587> c<2585> l<330:12> el<336:8>
                      n<> u<2585> t<Procedural_timing_control_statement> p<2586> c<2502> l<330:12> el<336:8>
                        n<> u<2502> t<Procedural_timing_control> p<2585> c<2501> s<2584> l<330:12> el<330:27>
                          n<> u<2501> t<Event_control> p<2502> c<2500> l<330:12> el<330:27>
                            n<> u<2500> t<Event_expression> p<2501> c<2495> l<330:14> el<330:26>
                              n<> u<2495> t<POSEDGE> p<2500> s<2499> l<330:14> el<330:21>
                              n<> u<2499> t<Expression> p<2500> c<2498> l<330:22> el<330:26>
                                n<> u<2498> t<Primary> p<2499> c<2497> l<330:22> el<330:26>
                                  n<> u<2497> t<Primary_literal> p<2498> c<2496> l<330:22> el<330:26>
                                    n<c_in> u<2496> t<SIMPLE_IDENTIFIER> p<2497> l<330:22> el<330:26>
                        n<> u<2584> t<Statement_or_null> p<2585> c<2583> l<330:28> el<336:8>
                          n<> u<2583> t<Statement> p<2584> c<2582> l<330:28> el<336:8>
                            n<> u<2582> t<Statement_item> p<2583> c<2581> l<330:28> el<336:8>
                              n<> u<2581> t<Seq_block> p<2582> c<2579> l<330:28> el<336:8>
                                n<> u<2579> t<Statement_or_null> p<2581> c<2578> s<2580> l<331:8> el<335:11>
                                  n<> u<2578> t<Statement> p<2579> c<2577> l<331:8> el<335:11>
                                    n<> u<2577> t<Statement_item> p<2578> c<2576> l<331:8> el<335:11>
                                      n<> u<2576> t<Conditional_statement> p<2577> c<2514> l<331:8> el<335:11>
                                        n<> u<2514> t<Cond_predicate> p<2576> c<2513> s<2528> l<331:12> el<331:29>
                                          n<> u<2513> t<Expression_or_cond_pattern> p<2514> c<2512> l<331:12> el<331:29>
                                            n<> u<2512> t<Expression> p<2513> c<2506> l<331:12> el<331:29>
                                              n<> u<2506> t<Expression> p<2512> c<2505> s<2511> l<331:12> el<331:21>
                                                n<> u<2505> t<Primary> p<2506> c<2504> l<331:12> el<331:21>
                                                  n<> u<2504> t<Primary_literal> p<2505> c<2503> l<331:12> el<331:21>
                                                    n<regrst_in> u<2503> t<SIMPLE_IDENTIFIER> p<2504> l<331:12> el<331:21>
                                              n<> u<2511> t<EQUIV> p<2512> s<2510> l<331:22> el<331:24>
                                              n<> u<2510> t<Expression> p<2512> c<2509> l<331:25> el<331:29>
                                                n<> u<2509> t<Primary> p<2510> c<2508> l<331:25> el<331:29>
                                                  n<> u<2508> t<Primary_literal> p<2509> c<2507> l<331:25> el<331:29>
                                                    n<> u<2507> t<ONE_TICK_b1> p<2508> l<331:25> el<331:29>
                                        n<> u<2528> t<Statement_or_null> p<2576> c<2527> s<2575> l<332:15> el<332:39>
                                          n<> u<2527> t<Statement> p<2528> c<2526> l<332:15> el<332:39>
                                            n<> u<2526> t<Statement_item> p<2527> c<2525> l<332:15> el<332:39>
                                              n<> u<2525> t<Blocking_assignment> p<2526> c<2524> l<332:15> el<332:38>
                                                n<> u<2524> t<Variable_assignment> p<2525> c<2519> l<332:15> el<332:38>
                                                  n<> u<2519> t<Variable_lvalue> p<2524> c<2516> s<2523> l<332:15> el<332:31>
                                                    n<> u<2516> t<Ps_or_hierarchical_identifier> p<2519> c<2515> s<2518> l<332:15> el<332:31>
                                                      n<qcntvalueout_reg> u<2515> t<SIMPLE_IDENTIFIER> p<2516> l<332:15> el<332:31>
                                                    n<> u<2518> t<Select> p<2519> c<2517> l<332:32> el<332:32>
                                                      n<> u<2517> t<Bit_select> p<2518> l<332:32> el<332:32>
                                                  n<> u<2523> t<Expression> p<2524> c<2522> l<332:34> el<332:38>
                                                    n<> u<2522> t<Primary> p<2523> c<2521> l<332:34> el<332:38>
                                                      n<> u<2521> t<Primary_literal> p<2522> c<2520> l<332:34> el<332:38>
                                                        n<5'b0> u<2520> t<INTEGRAL_NUMBER> p<2521> l<332:34> el<332:38>
                                        n<> u<2575> t<Statement_or_null> p<2576> c<2574> l<333:13> el<335:11>
                                          n<> u<2574> t<Statement> p<2575> c<2573> l<333:13> el<335:11>
                                            n<> u<2573> t<Statement_item> p<2574> c<2572> l<333:13> el<335:11>
                                              n<> u<2572> t<Conditional_statement> p<2573> c<2552> l<333:13> el<335:11>
                                                n<> u<2552> t<Cond_predicate> p<2572> c<2551> s<2571> l<333:17> el<333:57>
                                                  n<> u<2551> t<Expression_or_cond_pattern> p<2552> c<2550> l<333:17> el<333:57>
                                                    n<> u<2550> t<Expression> p<2551> c<2538> l<333:17> el<333:57>
                                                      n<> u<2538> t<Expression> p<2550> c<2532> s<2549> l<333:17> el<333:34>
                                                        n<> u<2532> t<Expression> p<2538> c<2531> s<2537> l<333:17> el<333:26>
                                                          n<> u<2531> t<Primary> p<2532> c<2530> l<333:17> el<333:26>
                                                            n<> u<2530> t<Primary_literal> p<2531> c<2529> l<333:17> el<333:26>
                                                              n<regrst_in> u<2529> t<SIMPLE_IDENTIFIER> p<2530> l<333:17> el<333:26>
                                                        n<> u<2537> t<EQUIV> p<2538> s<2536> l<333:27> el<333:29>
                                                        n<> u<2536> t<Expression> p<2538> c<2535> l<333:30> el<333:34>
                                                          n<> u<2535> t<Primary> p<2536> c<2534> l<333:30> el<333:34>
                                                            n<> u<2534> t<Primary_literal> p<2535> c<2533> l<333:30> el<333:34>
                                                              n<> u<2533> t<ONE_TICK_b0> p<2534> l<333:30> el<333:34>
                                                      n<> u<2549> t<LOGICAL_AND> p<2550> s<2548> l<333:35> el<333:37>
                                                      n<> u<2548> t<Expression> p<2550> c<2542> l<333:38> el<333:57>
                                                        n<> u<2542> t<Expression> p<2548> c<2541> s<2547> l<333:38> el<333:49>
                                                          n<> u<2541> t<Primary> p<2542> c<2540> l<333:38> el<333:49>
                                                            n<> u<2540> t<Primary_literal> p<2541> c<2539> l<333:38> el<333:49>
                                                              n<ldpipeen_in> u<2539> t<SIMPLE_IDENTIFIER> p<2540> l<333:38> el<333:49>
                                                        n<> u<2547> t<EQUIV> p<2548> s<2546> l<333:50> el<333:52>
                                                        n<> u<2546> t<Expression> p<2548> c<2545> l<333:53> el<333:57>
                                                          n<> u<2545> t<Primary> p<2546> c<2544> l<333:53> el<333:57>
                                                            n<> u<2544> t<Primary_literal> p<2545> c<2543> l<333:53> el<333:57>
                                                              n<> u<2543> t<ONE_TICK_b1> p<2544> l<333:53> el<333:57>
                                                n<> u<2571> t<Statement_or_null> p<2572> c<2570> l<333:59> el<335:11>
                                                  n<> u<2570> t<Statement> p<2571> c<2569> l<333:59> el<335:11>
                                                    n<> u<2569> t<Statement_item> p<2570> c<2568> l<333:59> el<335:11>
                                                      n<> u<2568> t<Seq_block> p<2569> c<2566> l<333:59> el<335:11>
                                                        n<> u<2566> t<Statement_or_null> p<2568> c<2565> s<2567> l<334:15> el<334:54>
                                                          n<> u<2565> t<Statement> p<2566> c<2564> l<334:15> el<334:54>
                                                            n<> u<2564> t<Statement_item> p<2565> c<2563> l<334:15> el<334:54>
                                                              n<> u<2563> t<Blocking_assignment> p<2564> c<2562> l<334:15> el<334:53>
                                                                n<> u<2562> t<Variable_assignment> p<2563> c<2557> l<334:15> el<334:53>
                                                                  n<> u<2557> t<Variable_lvalue> p<2562> c<2554> s<2561> l<334:15> el<334:31>
                                                                    n<> u<2554> t<Ps_or_hierarchical_identifier> p<2557> c<2553> s<2556> l<334:15> el<334:31>
                                                                      n<qcntvalueout_reg> u<2553> t<SIMPLE_IDENTIFIER> p<2554> l<334:15> el<334:31>
                                                                    n<> u<2556> t<Select> p<2557> c<2555> l<334:32> el<334:32>
                                                                      n<> u<2555> t<Bit_select> p<2556> l<334:32> el<334:32>
                                                                  n<> u<2561> t<Expression> p<2562> c<2560> l<334:35> el<334:53>
                                                                    n<> u<2560> t<Primary> p<2561> c<2559> l<334:35> el<334:53>
                                                                      n<> u<2559> t<Primary_literal> p<2560> c<2558> l<334:35> el<334:53>
                                                                        n<CNTVALUEIN_INTEGER> u<2558> t<SIMPLE_IDENTIFIER> p<2559> l<334:35> el<334:53>
                                                        n<> u<2567> t<END> p<2568> l<335:8> el<335:11>
                                n<> u<2580> t<END> p<2581> l<336:5> el<336:8>
        n<// always @(posedge c_in)> u<2593> t<LINE_COMMENT> p<5224> s<2673> l<336:10> el<336:35>
        n<> u<2673> t<Module_item> p<5224> c<2672> s<2674> l<338:4> el<343:15>
          n<> u<2672> t<Non_port_module_item> p<2673> c<2671> l<338:4> el<343:15>
            n<> u<2671> t<Generate_region> p<2672> c<2669> l<338:4> el<343:15>
              n<> u<2669> t<Generate_item> p<2671> c<2668> s<2670> l<339:7> el<342:14>
                n<> u<2668> t<Module_or_generate_item> p<2669> c<2667> l<339:7> el<342:14>
                  n<> u<2667> t<Module_common_item> p<2668> c<2666> l<339:7> el<342:14>
                    n<> u<2666> t<Conditional_generate_construct> p<2667> c<2665> l<339:7> el<342:14>
                      n<> u<2665> t<Case_generate_construct> p<2666> c<2597> l<339:7> el<342:14>
                        n<> u<2597> t<Constant_expression> p<2665> c<2596> s<2630> l<339:13> el<339:21>
                          n<> u<2596> t<Constant_primary> p<2597> c<2595> l<339:13> el<339:21>
                            n<> u<2595> t<Primary_literal> p<2596> c<2594> l<339:13> el<339:21>
                              n<PIPE_SEL> u<2594> t<SIMPLE_IDENTIFIER> p<2595> l<339:13> el<339:21>
                        n<> u<2630> t<Case_generate_item> p<2665> c<2601> s<2663> l<340:10> el<340:86>
                          n<> u<2601> t<Constant_expression> p<2630> c<2600> s<2629> l<340:10> el<340:16>
                            n<> u<2600> t<Constant_primary> p<2601> c<2599> l<340:10> el<340:16>
                              n<> u<2599> t<Primary_literal> p<2600> c<2598> l<340:10> el<340:16>
                                n<"TRUE"> u<2598> t<QUOTED_STRING> p<2599> l<340:10> el<340:16>
                          n<> u<2629> t<Generate_item> p<2630> c<2628> l<340:20> el<340:86>
                            n<> u<2628> t<Module_or_generate_item> p<2629> c<2627> l<340:20> el<340:86>
                              n<> u<2627> t<Module_common_item> p<2628> c<2626> l<340:20> el<340:86>
                                n<> u<2626> t<Always_construct> p<2627> c<2602> l<340:20> el<340:86>
                                  n<> u<2602> t<ALWAYS> p<2626> s<2625> l<340:20> el<340:26>
                                  n<> u<2625> t<Statement> p<2626> c<2624> l<340:27> el<340:86>
                                    n<> u<2624> t<Statement_item> p<2625> c<2623> l<340:27> el<340:86>
                                      n<> u<2623> t<Procedural_timing_control_statement> p<2624> c<2609> l<340:27> el<340:86>
                                        n<> u<2609> t<Procedural_timing_control> p<2623> c<2608> s<2622> l<340:27> el<340:46>
                                          n<> u<2608> t<Event_control> p<2609> c<2607> l<340:27> el<340:46>
                                            n<> u<2607> t<Event_expression> p<2608> c<2606> l<340:29> el<340:45>
                                              n<> u<2606> t<Expression> p<2607> c<2605> l<340:29> el<340:45>
                                                n<> u<2605> t<Primary> p<2606> c<2604> l<340:29> el<340:45>
                                                  n<> u<2604> t<Primary_literal> p<2605> c<2603> l<340:29> el<340:45>
                                                    n<qcntvalueout_reg> u<2603> t<SIMPLE_IDENTIFIER> p<2604> l<340:29> el<340:45>
                                        n<> u<2622> t<Statement_or_null> p<2623> c<2621> l<340:47> el<340:86>
                                          n<> u<2621> t<Statement> p<2622> c<2620> l<340:47> el<340:86>
                                            n<> u<2620> t<Statement_item> p<2621> c<2619> l<340:47> el<340:86>
                                              n<> u<2619> t<Nonblocking_assignment> p<2620> c<2614> l<340:47> el<340:85>
                                                n<> u<2614> t<Variable_lvalue> p<2619> c<2611> s<2618> l<340:47> el<340:63>
                                                  n<> u<2611> t<Ps_or_hierarchical_identifier> p<2614> c<2610> s<2613> l<340:47> el<340:63>
                                                    n<qcntvalueout_mux> u<2610> t<SIMPLE_IDENTIFIER> p<2611> l<340:47> el<340:63>
                                                  n<> u<2613> t<Select> p<2614> c<2612> l<340:66> el<340:66>
                                                    n<> u<2612> t<Bit_select> p<2613> l<340:66> el<340:66>
                                                n<> u<2618> t<Expression> p<2619> c<2617> l<340:69> el<340:85>
                                                  n<> u<2617> t<Primary> p<2618> c<2616> l<340:69> el<340:85>
                                                    n<> u<2616> t<Primary_literal> p<2617> c<2615> l<340:69> el<340:85>
                                                      n<qcntvalueout_reg> u<2615> t<SIMPLE_IDENTIFIER> p<2616> l<340:69> el<340:85>
                        n<> u<2663> t<Case_generate_item> p<2665> c<2634> s<2664> l<341:10> el<341:90>
                          n<> u<2634> t<Constant_expression> p<2663> c<2633> s<2662> l<341:10> el<341:17>
                            n<> u<2633> t<Constant_primary> p<2634> c<2632> l<341:10> el<341:17>
                              n<> u<2632> t<Primary_literal> p<2633> c<2631> l<341:10> el<341:17>
                                n<"FALSE"> u<2631> t<QUOTED_STRING> p<2632> l<341:10> el<341:17>
                          n<> u<2662> t<Generate_item> p<2663> c<2661> l<341:20> el<341:90>
                            n<> u<2661> t<Module_or_generate_item> p<2662> c<2660> l<341:20> el<341:90>
                              n<> u<2660> t<Module_common_item> p<2661> c<2659> l<341:20> el<341:90>
                                n<> u<2659> t<Always_construct> p<2660> c<2635> l<341:20> el<341:90>
                                  n<> u<2635> t<ALWAYS> p<2659> s<2658> l<341:20> el<341:26>
                                  n<> u<2658> t<Statement> p<2659> c<2657> l<341:27> el<341:90>
                                    n<> u<2657> t<Statement_item> p<2658> c<2656> l<341:27> el<341:90>
                                      n<> u<2656> t<Procedural_timing_control_statement> p<2657> c<2642> l<341:27> el<341:90>
                                        n<> u<2642> t<Procedural_timing_control> p<2656> c<2641> s<2655> l<341:27> el<341:48>
                                          n<> u<2641> t<Event_control> p<2642> c<2640> l<341:27> el<341:48>
                                            n<> u<2640> t<Event_expression> p<2641> c<2639> l<341:29> el<341:47>
                                              n<> u<2639> t<Expression> p<2640> c<2638> l<341:29> el<341:47>
                                                n<> u<2638> t<Primary> p<2639> c<2637> l<341:29> el<341:47>
                                                  n<> u<2637> t<Primary_literal> p<2638> c<2636> l<341:29> el<341:47>
                                                    n<CNTVALUEIN_INTEGER> u<2636> t<SIMPLE_IDENTIFIER> p<2637> l<341:29> el<341:47>
                                        n<> u<2655> t<Statement_or_null> p<2656> c<2654> l<341:49> el<341:90>
                                          n<> u<2654> t<Statement> p<2655> c<2653> l<341:49> el<341:90>
                                            n<> u<2653> t<Statement_item> p<2654> c<2652> l<341:49> el<341:90>
                                              n<> u<2652> t<Nonblocking_assignment> p<2653> c<2647> l<341:49> el<341:89>
                                                n<> u<2647> t<Variable_lvalue> p<2652> c<2644> s<2651> l<341:49> el<341:65>
                                                  n<> u<2644> t<Ps_or_hierarchical_identifier> p<2647> c<2643> s<2646> l<341:49> el<341:65>
                                                    n<qcntvalueout_mux> u<2643> t<SIMPLE_IDENTIFIER> p<2644> l<341:49> el<341:65>
                                                  n<> u<2646> t<Select> p<2647> c<2645> l<341:68> el<341:68>
                                                    n<> u<2645> t<Bit_select> p<2646> l<341:68> el<341:68>
                                                n<> u<2651> t<Expression> p<2652> c<2650> l<341:71> el<341:89>
                                                  n<> u<2650> t<Primary> p<2651> c<2649> l<341:71> el<341:89>
                                                    n<> u<2649> t<Primary_literal> p<2650> c<2648> l<341:71> el<341:89>
                                                      n<CNTVALUEIN_INTEGER> u<2648> t<SIMPLE_IDENTIFIER> p<2649> l<341:71> el<341:89>
                        n<> u<2664> t<ENDCASE> p<2665> l<342:7> el<342:14>
              n<> u<2670> t<ENDGENERATE> p<2671> l<343:4> el<343:15>
        n<//----------------------------------------------------------------------> u<2674> t<LINE_COMMENT> p<5224> s<2675> l<345:1> el<345:73>
        n<//--------------------------  ODELAY_COUNT  ----------------------------> u<2675> t<LINE_COMMENT> p<5224> s<2676> l<346:1> el<346:73>
        n<//----------------------------------------------------------------------> u<2676> t<LINE_COMMENT> p<5224> s<3083> l<347:1> el<347:73>
        n<> u<3083> t<Module_item> p<5224> c<3082> s<3084> l<348:5> el<380:8>
          n<> u<3082> t<Non_port_module_item> p<3083> c<3081> l<348:5> el<380:8>
            n<> u<3081> t<Module_or_generate_item> p<3082> c<3080> l<348:5> el<380:8>
              n<> u<3080> t<Module_common_item> p<3081> c<3079> l<348:5> el<380:8>
                n<> u<3079> t<Always_construct> p<3080> c<2677> l<348:5> el<380:8>
                  n<> u<2677> t<ALWAYS> p<3079> s<3078> l<348:5> el<348:11>
                  n<> u<3078> t<Statement> p<3079> c<3077> l<348:12> el<380:8>
                    n<> u<3077> t<Statement_item> p<3078> c<3076> l<348:12> el<380:8>
                      n<> u<3076> t<Procedural_timing_control_statement> p<3077> c<2685> l<348:12> el<380:8>
                        n<> u<2685> t<Procedural_timing_control> p<3076> c<2684> s<3075> l<348:12> el<348:27>
                          n<> u<2684> t<Event_control> p<2685> c<2683> l<348:12> el<348:27>
                            n<> u<2683> t<Event_expression> p<2684> c<2678> l<348:14> el<348:26>
                              n<> u<2678> t<POSEDGE> p<2683> s<2682> l<348:14> el<348:21>
                              n<> u<2682> t<Expression> p<2683> c<2681> l<348:22> el<348:26>
                                n<> u<2681> t<Primary> p<2682> c<2680> l<348:22> el<348:26>
                                  n<> u<2680> t<Primary_literal> p<2681> c<2679> l<348:22> el<348:26>
                                    n<c_in> u<2679> t<SIMPLE_IDENTIFIER> p<2680> l<348:22> el<348:26>
                        n<> u<3075> t<Statement_or_null> p<3076> c<3074> l<348:28> el<380:8>
                          n<> u<3074> t<Statement> p<3075> c<3073> l<348:28> el<380:8>
                            n<> u<3073> t<Statement_item> p<3074> c<3072> l<348:28> el<380:8>
                              n<> u<3072> t<Seq_block> p<3073> c<3069> l<348:28> el<380:8>
                                n<> u<3069> t<Statement_or_null> p<3072> c<3068> s<3070> l<350:9> el<379:12>
                                  n<> u<3068> t<Statement> p<3069> c<3067> l<350:9> el<379:12>
                                    n<> u<3067> t<Statement_item> p<3068> c<3066> l<350:9> el<379:12>
                                      n<> u<3066> t<Conditional_statement> p<3067> c<2721> l<350:9> el<379:12>
                                        n<> u<2721> t<Cond_predicate> p<3066> c<2720> s<3065> l<350:13> el<350:99>
                                          n<> u<2720> t<Expression_or_cond_pattern> p<2721> c<2719> l<350:13> el<350:99>
                                            n<> u<2719> t<Expression> p<2720> c<2707> l<350:13> el<350:99>
                                              n<> u<2707> t<Expression> p<2719> c<2695> s<2718> l<350:13> el<350:66>
                                                n<> u<2695> t<Expression> p<2707> c<2689> s<2706> l<350:13> el<350:38>
                                                  n<> u<2689> t<Expression> p<2695> c<2688> s<2694> l<350:13> el<350:24>
                                                    n<> u<2688> t<Primary> p<2689> c<2687> l<350:13> el<350:24>
                                                      n<> u<2687> t<Primary_literal> p<2688> c<2686> l<350:13> el<350:24>
                                                        n<ODELAY_TYPE> u<2686> t<SIMPLE_IDENTIFIER> p<2687> l<350:13> el<350:24>
                                                  n<> u<2694> t<EQUIV> p<2695> s<2693> l<350:25> el<350:27>
                                                  n<> u<2693> t<Expression> p<2695> c<2692> l<350:28> el<350:38>
                                                    n<> u<2692> t<Primary> p<2693> c<2691> l<350:28> el<350:38>
                                                      n<> u<2691> t<Primary_literal> p<2692> c<2690> l<350:28> el<350:38>
                                                        n<"VARIABLE"> u<2690> t<QUOTED_STRING> p<2691> l<350:28> el<350:38>
                                                n<> u<2706> t<BinaryOp_BitwOr> p<2707> s<2705> l<350:39> el<350:40>
                                                n<> u<2705> t<Expression> p<2707> c<2699> l<350:41> el<350:66>
                                                  n<> u<2699> t<Expression> p<2705> c<2698> s<2704> l<350:41> el<350:52>
                                                    n<> u<2698> t<Primary> p<2699> c<2697> l<350:41> el<350:52>
                                                      n<> u<2697> t<Primary_literal> p<2698> c<2696> l<350:41> el<350:52>
                                                        n<ODELAY_TYPE> u<2696> t<SIMPLE_IDENTIFIER> p<2697> l<350:41> el<350:52>
                                                  n<> u<2704> t<EQUIV> p<2705> s<2703> l<350:53> el<350:55>
                                                  n<> u<2703> t<Expression> p<2705> c<2702> l<350:56> el<350:66>
                                                    n<> u<2702> t<Primary> p<2703> c<2701> l<350:56> el<350:66>
                                                      n<> u<2701> t<Primary_literal> p<2702> c<2700> l<350:56> el<350:66>
                                                        n<"VAR_LOAD"> u<2700> t<QUOTED_STRING> p<2701> l<350:56> el<350:66>
                                              n<> u<2718> t<BinaryOp_BitwOr> p<2719> s<2717> l<350:67> el<350:68>
                                              n<> u<2717> t<Expression> p<2719> c<2711> l<350:69> el<350:99>
                                                n<> u<2711> t<Expression> p<2717> c<2710> s<2716> l<350:69> el<350:80>
                                                  n<> u<2710> t<Primary> p<2711> c<2709> l<350:69> el<350:80>
                                                    n<> u<2709> t<Primary_literal> p<2710> c<2708> l<350:69> el<350:80>
                                                      n<ODELAY_TYPE> u<2708> t<SIMPLE_IDENTIFIER> p<2709> l<350:69> el<350:80>
                                                n<> u<2716> t<EQUIV> p<2717> s<2715> l<350:81> el<350:83>
                                                n<> u<2715> t<Expression> p<2717> c<2714> l<350:84> el<350:99>
                                                  n<> u<2714> t<Primary> p<2715> c<2713> l<350:84> el<350:99>
                                                    n<> u<2713> t<Primary_literal> p<2714> c<2712> l<350:84> el<350:99>
                                                      n<"VAR_LOAD_PIPE"> u<2712> t<QUOTED_STRING> p<2713> l<350:84> el<350:99>
                                        n<> u<3065> t<Statement_or_null> p<3066> c<3064> l<350:101> el<379:12>
                                          n<> u<3064> t<Statement> p<3065> c<3063> l<350:101> el<379:12>
                                            n<> u<3063> t<Statement_item> p<3064> c<3062> l<350:101> el<379:12>
                                              n<> u<3062> t<Seq_block> p<3063> c<3060> l<350:101> el<379:12>
                                                n<> u<3060> t<Statement_or_null> p<3062> c<3059> s<3061> l<351:13> el<378:16>
                                                  n<> u<3059> t<Statement> p<3060> c<3058> l<351:13> el<378:16>
                                                    n<> u<3058> t<Statement_item> p<3059> c<3057> l<351:13> el<378:16>
                                                      n<> u<3057> t<Conditional_statement> p<3058> c<2733> l<351:13> el<378:16>
                                                        n<> u<2733> t<Cond_predicate> p<3057> c<2732> s<2791> l<351:17> el<351:30>
                                                          n<> u<2732> t<Expression_or_cond_pattern> p<2733> c<2731> l<351:17> el<351:30>
                                                            n<> u<2731> t<Expression> p<2732> c<2725> l<351:17> el<351:30>
                                                              n<> u<2725> t<Expression> p<2731> c<2724> s<2730> l<351:17> el<351:22>
                                                                n<> u<2724> t<Primary> p<2725> c<2723> l<351:17> el<351:22>
                                                                  n<> u<2723> t<Primary_literal> p<2724> c<2722> l<351:17> el<351:22>
                                                                    n<ld_in> u<2722> t<SIMPLE_IDENTIFIER> p<2723> l<351:17> el<351:22>
                                                              n<> u<2730> t<EQUIV> p<2731> s<2729> l<351:23> el<351:25>
                                                              n<> u<2729> t<Expression> p<2731> c<2728> l<351:26> el<351:30>
                                                                n<> u<2728> t<Primary> p<2729> c<2727> l<351:26> el<351:30>
                                                                  n<> u<2727> t<Primary_literal> p<2728> c<2726> l<351:26> el<351:30>
                                                                    n<> u<2726> t<ONE_TICK_b1> p<2727> l<351:26> el<351:30>
                                                        n<> u<2791> t<Statement_or_null> p<3057> c<2790> s<3056> l<351:32> el<356:16>
                                                          n<> u<2790> t<Statement> p<2791> c<2789> l<351:32> el<356:16>
                                                            n<> u<2789> t<Statement_item> p<2790> c<2788> l<351:32> el<356:16>
                                                              n<> u<2788> t<Seq_block> p<2789> c<2786> l<351:32> el<356:16>
                                                                n<> u<2786> t<Statement_or_null> p<2788> c<2785> s<2787> l<352:17> el<355:24>
                                                                  n<> u<2785> t<Statement> p<2786> c<2784> l<352:17> el<355:24>
                                                                    n<> u<2784> t<Statement_item> p<2785> c<2783> l<352:17> el<355:24>
                                                                      n<> u<2783> t<Case_statement> p<2784> c<2735> l<352:17> el<355:24>
                                                                        n<> u<2735> t<Case_keyword> p<2783> c<2734> s<2739> l<352:17> el<352:21>
                                                                          n<> u<2734> t<CASE> p<2735> l<352:17> el<352:21>
                                                                        n<> u<2739> t<Expression> p<2783> c<2738> s<2758> l<352:23> el<352:34>
                                                                          n<> u<2738> t<Primary> p<2739> c<2737> l<352:23> el<352:34>
                                                                            n<> u<2737> t<Primary_literal> p<2738> c<2736> l<352:23> el<352:34>
                                                                              n<ODELAY_TYPE> u<2736> t<SIMPLE_IDENTIFIER> p<2737> l<352:23> el<352:34>
                                                                        n<> u<2758> t<Case_item> p<2783> c<2743> s<2781> l<353:25> el<353:66>
                                                                          n<> u<2743> t<Expression> p<2758> c<2742> s<2757> l<353:25> el<353:35>
                                                                            n<> u<2742> t<Primary> p<2743> c<2741> l<353:25> el<353:35>
                                                                              n<> u<2741> t<Primary_literal> p<2742> c<2740> l<353:25> el<353:35>
                                                                                n<"VARIABLE"> u<2740> t<QUOTED_STRING> p<2741> l<353:25> el<353:35>
                                                                          n<> u<2757> t<Statement_or_null> p<2758> c<2756> l<353:38> el<353:66>
                                                                            n<> u<2756> t<Statement> p<2757> c<2755> l<353:38> el<353:66>
                                                                              n<> u<2755> t<Statement_item> p<2756> c<2754> l<353:38> el<353:66>
                                                                                n<> u<2754> t<Blocking_assignment> p<2755> c<2753> l<353:38> el<353:65>
                                                                                  n<> u<2753> t<Variable_assignment> p<2754> c<2748> l<353:38> el<353:65>
                                                                                    n<> u<2748> t<Variable_lvalue> p<2753> c<2745> s<2752> l<353:38> el<353:50>
                                                                                      n<> u<2745> t<Ps_or_hierarchical_identifier> p<2748> c<2744> s<2747> l<353:38> el<353:50>
                                                                                        n<odelay_count> u<2744> t<SIMPLE_IDENTIFIER> p<2745> l<353:38> el<353:50>
                                                                                      n<> u<2747> t<Select> p<2748> c<2746> l<353:51> el<353:51>
                                                                                        n<> u<2746> t<Bit_select> p<2747> l<353:51> el<353:51>
                                                                                    n<> u<2752> t<Expression> p<2753> c<2751> l<353:53> el<353:65>
                                                                                      n<> u<2751> t<Primary> p<2752> c<2750> l<353:53> el<353:65>
                                                                                        n<> u<2750> t<Primary_literal> p<2751> c<2749> l<353:53> el<353:65>
                                                                                          n<ODELAY_VALUE> u<2749> t<SIMPLE_IDENTIFIER> p<2750> l<353:53> el<353:65>
                                                                        n<> u<2781> t<Case_item> p<2783> c<2762> s<2782> l<354:25> el<354:87>
                                                                          n<> u<2762> t<Expression> p<2781> c<2761> s<2766> l<354:25> el<354:35>
                                                                            n<> u<2761> t<Primary> p<2762> c<2760> l<354:25> el<354:35>
                                                                              n<> u<2760> t<Primary_literal> p<2761> c<2759> l<354:25> el<354:35>
                                                                                n<"VAR_LOAD"> u<2759> t<QUOTED_STRING> p<2760> l<354:25> el<354:35>
                                                                          n<> u<2766> t<Expression> p<2781> c<2765> s<2780> l<354:37> el<354:52>
                                                                            n<> u<2765> t<Primary> p<2766> c<2764> l<354:37> el<354:52>
                                                                              n<> u<2764> t<Primary_literal> p<2765> c<2763> l<354:37> el<354:52>
                                                                                n<"VAR_LOAD_PIPE"> u<2763> t<QUOTED_STRING> p<2764> l<354:37> el<354:52>
                                                                          n<> u<2780> t<Statement_or_null> p<2781> c<2779> l<354:55> el<354:87>
                                                                            n<> u<2779> t<Statement> p<2780> c<2778> l<354:55> el<354:87>
                                                                              n<> u<2778> t<Statement_item> p<2779> c<2777> l<354:55> el<354:87>
                                                                                n<> u<2777> t<Blocking_assignment> p<2778> c<2776> l<354:55> el<354:86>
                                                                                  n<> u<2776> t<Variable_assignment> p<2777> c<2771> l<354:55> el<354:86>
                                                                                    n<> u<2771> t<Variable_lvalue> p<2776> c<2768> s<2775> l<354:55> el<354:67>
                                                                                      n<> u<2768> t<Ps_or_hierarchical_identifier> p<2771> c<2767> s<2770> l<354:55> el<354:67>
                                                                                        n<odelay_count> u<2767> t<SIMPLE_IDENTIFIER> p<2768> l<354:55> el<354:67>
                                                                                      n<> u<2770> t<Select> p<2771> c<2769> l<354:68> el<354:68>
                                                                                        n<> u<2769> t<Bit_select> p<2770> l<354:68> el<354:68>
                                                                                    n<> u<2775> t<Expression> p<2776> c<2774> l<354:70> el<354:86>
                                                                                      n<> u<2774> t<Primary> p<2775> c<2773> l<354:70> el<354:86>
                                                                                        n<> u<2773> t<Primary_literal> p<2774> c<2772> l<354:70> el<354:86>
                                                                                          n<qcntvalueout_mux> u<2772> t<SIMPLE_IDENTIFIER> p<2773> l<354:70> el<354:86>
                                                                        n<> u<2782> t<ENDCASE> p<2783> l<355:17> el<355:24>
                                                                n<> u<2787> t<END> p<2788> l<356:13> el<356:16>
                                                        n<> u<3056> t<Statement_or_null> p<3057> c<3055> l<357:18> el<378:16>
                                                          n<> u<3055> t<Statement> p<3056> c<3054> l<357:18> el<378:16>
                                                            n<> u<3054> t<Statement_item> p<3055> c<3053> l<357:18> el<378:16>
                                                              n<> u<3053> t<Conditional_statement> p<3054> c<2815> l<357:18> el<378:16>
                                                                n<> u<2815> t<Cond_predicate> p<3053> c<2814> s<3052> l<357:22> el<357:52>
                                                                  n<> u<2814> t<Expression_or_cond_pattern> p<2815> c<2813> l<357:22> el<357:52>
                                                                    n<> u<2813> t<Expression> p<2814> c<2801> l<357:22> el<357:52>
                                                                      n<> u<2801> t<Expression> p<2813> c<2795> s<2812> l<357:22> el<357:35>
                                                                        n<> u<2795> t<Expression> p<2801> c<2794> s<2800> l<357:22> el<357:27>
                                                                          n<> u<2794> t<Primary> p<2795> c<2793> l<357:22> el<357:27>
                                                                            n<> u<2793> t<Primary_literal> p<2794> c<2792> l<357:22> el<357:27>
                                                                              n<ld_in> u<2792> t<SIMPLE_IDENTIFIER> p<2793> l<357:22> el<357:27>
                                                                        n<> u<2800> t<EQUIV> p<2801> s<2799> l<357:28> el<357:30>
                                                                        n<> u<2799> t<Expression> p<2801> c<2798> l<357:31> el<357:35>
                                                                          n<> u<2798> t<Primary> p<2799> c<2797> l<357:31> el<357:35>
                                                                            n<> u<2797> t<Primary_literal> p<2798> c<2796> l<357:31> el<357:35>
                                                                              n<> u<2796> t<ONE_TICK_b0> p<2797> l<357:31> el<357:35>
                                                                      n<> u<2812> t<LOGICAL_AND> p<2813> s<2811> l<357:36> el<357:38>
                                                                      n<> u<2811> t<Expression> p<2813> c<2805> l<357:39> el<357:52>
                                                                        n<> u<2805> t<Expression> p<2811> c<2804> s<2810> l<357:39> el<357:44>
                                                                          n<> u<2804> t<Primary> p<2805> c<2803> l<357:39> el<357:44>
                                                                            n<> u<2803> t<Primary_literal> p<2804> c<2802> l<357:39> el<357:44>
                                                                              n<ce_in> u<2802> t<SIMPLE_IDENTIFIER> p<2803> l<357:39> el<357:44>
                                                                        n<> u<2810> t<EQUIV> p<2811> s<2809> l<357:45> el<357:47>
                                                                        n<> u<2809> t<Expression> p<2811> c<2808> l<357:48> el<357:52>
                                                                          n<> u<2808> t<Primary> p<2809> c<2807> l<357:48> el<357:52>
                                                                            n<> u<2807> t<Primary_literal> p<2808> c<2806> l<357:48> el<357:52>
                                                                              n<> u<2806> t<ONE_TICK_b1> p<2807> l<357:48> el<357:52>
                                                                n<> u<3052> t<Statement_or_null> p<3053> c<3051> l<357:54> el<378:16>
                                                                  n<> u<3051> t<Statement> p<3052> c<3050> l<357:54> el<378:16>
                                                                    n<> u<3050> t<Statement_item> p<3051> c<3049> l<357:54> el<378:16>
                                                                      n<> u<3049> t<Seq_block> p<3050> c<3047> l<357:54> el<378:16>
                                                                        n<> u<3047> t<Statement_or_null> p<3049> c<3046> s<3048> l<358:17> el<377:20>
                                                                          n<> u<3046> t<Statement> p<3047> c<3045> l<358:17> el<377:20>
                                                                            n<> u<3045> t<Statement_item> p<3046> c<3044> l<358:17> el<377:20>
                                                                              n<> u<3044> t<Conditional_statement> p<3045> c<2827> l<358:17> el<377:20>
                                                                                n<> u<2827> t<Cond_predicate> p<3044> c<2826> s<2927> l<358:21> el<358:35>
                                                                                  n<> u<2826> t<Expression_or_cond_pattern> p<2827> c<2825> l<358:21> el<358:35>
                                                                                    n<> u<2825> t<Expression> p<2826> c<2819> l<358:21> el<358:35>
                                                                                      n<> u<2819> t<Expression> p<2825> c<2818> s<2824> l<358:21> el<358:27>
                                                                                        n<> u<2818> t<Primary> p<2819> c<2817> l<358:21> el<358:27>
                                                                                          n<> u<2817> t<Primary_literal> p<2818> c<2816> l<358:21> el<358:27>
                                                                                            n<inc_in> u<2816> t<SIMPLE_IDENTIFIER> p<2817> l<358:21> el<358:27>
                                                                                      n<> u<2824> t<EQUIV> p<2825> s<2823> l<358:28> el<358:30>
                                                                                      n<> u<2823> t<Expression> p<2825> c<2822> l<358:31> el<358:35>
                                                                                        n<> u<2822> t<Primary> p<2823> c<2821> l<358:31> el<358:35>
                                                                                          n<> u<2821> t<Primary_literal> p<2822> c<2820> l<358:31> el<358:35>
                                                                                            n<> u<2820> t<ONE_TICK_b1> p<2821> l<358:31> el<358:35>
                                                                                n<> u<2927> t<Statement_or_null> p<3044> c<2926> s<3043> l<358:37> el<367:20>
                                                                                  n<> u<2926> t<Statement> p<2927> c<2925> l<358:37> el<367:20>
                                                                                    n<> u<2925> t<Statement_item> p<2926> c<2924> l<358:37> el<367:20>
                                                                                      n<> u<2924> t<Seq_block> p<2925> c<2922> l<358:37> el<367:20>
                                                                                        n<> u<2922> t<Statement_or_null> p<2924> c<2921> s<2923> l<359:21> el<366:28>
                                                                                          n<> u<2921> t<Statement> p<2922> c<2920> l<359:21> el<366:28>
                                                                                            n<> u<2920> t<Statement_item> p<2921> c<2919> l<359:21> el<366:28>
                                                                                              n<> u<2919> t<Case_statement> p<2920> c<2829> l<359:21> el<366:28>
                                                                                                n<> u<2829> t<Case_keyword> p<2919> c<2828> s<2833> l<359:21> el<359:25>
                                                                                                  n<> u<2828> t<CASE> p<2829> l<359:21> el<359:25>
                                                                                                n<> u<2833> t<Expression> p<2919> c<2832> s<2917> l<359:27> el<359:38>
                                                                                                  n<> u<2832> t<Primary> p<2833> c<2831> l<359:27> el<359:38>
                                                                                                    n<> u<2831> t<Primary_literal> p<2832> c<2830> l<359:27> el<359:38>
                                                                                                      n<ODELAY_TYPE> u<2830> t<SIMPLE_IDENTIFIER> p<2831> l<359:27> el<359:38>
                                                                                                n<> u<2917> t<Case_item> p<2919> c<2837> s<2918> l<360:25> el<365:41>
                                                                                                  n<> u<2837> t<Expression> p<2917> c<2836> s<2841> l<360:25> el<360:35>
                                                                                                    n<> u<2836> t<Primary> p<2837> c<2835> l<360:25> el<360:35>
                                                                                                      n<> u<2835> t<Primary_literal> p<2836> c<2834> l<360:25> el<360:35>
                                                                                                        n<"VARIABLE"> u<2834> t<QUOTED_STRING> p<2835> l<360:25> el<360:35>
                                                                                                  n<> u<2841> t<Expression> p<2917> c<2840> s<2845> l<360:37> el<360:47>
                                                                                                    n<> u<2840> t<Primary> p<2841> c<2839> l<360:37> el<360:47>
                                                                                                      n<> u<2839> t<Primary_literal> p<2840> c<2838> l<360:37> el<360:47>
                                                                                                        n<"VAR_LOAD"> u<2838> t<QUOTED_STRING> p<2839> l<360:37> el<360:47>
                                                                                                  n<> u<2845> t<Expression> p<2917> c<2844> s<2916> l<360:49> el<360:64>
                                                                                                    n<> u<2844> t<Primary> p<2845> c<2843> l<360:49> el<360:64>
                                                                                                      n<> u<2843> t<Primary_literal> p<2844> c<2842> l<360:49> el<360:64>
                                                                                                        n<"VAR_LOAD_PIPE"> u<2842> t<QUOTED_STRING> p<2843> l<360:49> el<360:64>
                                                                                                  n<> u<2916> t<Statement_or_null> p<2917> c<2915> l<360:67> el<365:41>
                                                                                                    n<> u<2915> t<Statement> p<2916> c<2914> l<360:67> el<365:41>
                                                                                                      n<> u<2914> t<Statement_item> p<2915> c<2913> l<360:67> el<365:41>
                                                                                                        n<> u<2913> t<Seq_block> p<2914> c<2911> l<360:67> el<365:41>
                                                                                                          n<> u<2911> t<Statement_or_null> p<2913> c<2910> s<2912> l<361:41> el<364:72>
                                                                                                            n<> u<2910> t<Statement> p<2911> c<2909> l<361:41> el<364:72>
                                                                                                              n<> u<2909> t<Statement_item> p<2910> c<2908> l<361:41> el<364:72>
                                                                                                                n<> u<2908> t<Conditional_statement> p<2909> c<2857> l<361:41> el<364:72>
                                                                                                                  n<> u<2857> t<Cond_predicate> p<2908> c<2856> s<2877> l<361:45> el<361:75>
                                                                                                                    n<> u<2856> t<Expression_or_cond_pattern> p<2857> c<2855> l<361:45> el<361:75>
                                                                                                                      n<> u<2855> t<Expression> p<2856> c<2849> l<361:45> el<361:75>
                                                                                                                        n<> u<2849> t<Expression> p<2855> c<2848> s<2854> l<361:45> el<361:57>
                                                                                                                          n<> u<2848> t<Primary> p<2849> c<2847> l<361:45> el<361:57>
                                                                                                                            n<> u<2847> t<Primary_literal> p<2848> c<2846> l<361:45> el<361:57>
                                                                                                                              n<odelay_count> u<2846> t<SIMPLE_IDENTIFIER> p<2847> l<361:45> el<361:57>
                                                                                                                        n<> u<2854> t<LESS> p<2855> s<2853> l<361:58> el<361:59>
                                                                                                                        n<> u<2853> t<Expression> p<2855> c<2852> l<361:60> el<361:75>
                                                                                                                          n<> u<2852> t<Primary> p<2853> c<2851> l<361:60> el<361:75>
                                                                                                                            n<> u<2851> t<Primary_literal> p<2852> c<2850> l<361:60> el<361:75>
                                                                                                                              n<MAX_DELAY_COUNT> u<2850> t<SIMPLE_IDENTIFIER> p<2851> l<361:60> el<361:75>
                                                                                                                  n<> u<2877> t<Statement_or_null> p<2908> c<2876> s<2907> l<362:41> el<362:73>
                                                                                                                    n<> u<2876> t<Statement> p<2877> c<2875> l<362:41> el<362:73>
                                                                                                                      n<> u<2875> t<Statement_item> p<2876> c<2874> l<362:41> el<362:73>
                                                                                                                        n<> u<2874> t<Blocking_assignment> p<2875> c<2873> l<362:41> el<362:72>
                                                                                                                          n<> u<2873> t<Variable_assignment> p<2874> c<2862> l<362:41> el<362:72>
                                                                                                                            n<> u<2862> t<Variable_lvalue> p<2873> c<2859> s<2872> l<362:41> el<362:53>
                                                                                                                              n<> u<2859> t<Ps_or_hierarchical_identifier> p<2862> c<2858> s<2861> l<362:41> el<362:53>
                                                                                                                                n<odelay_count> u<2858> t<SIMPLE_IDENTIFIER> p<2859> l<362:41> el<362:53>
                                                                                                                              n<> u<2861> t<Select> p<2862> c<2860> l<362:54> el<362:54>
                                                                                                                                n<> u<2860> t<Bit_select> p<2861> l<362:54> el<362:54>
                                                                                                                            n<> u<2872> t<Expression> p<2873> c<2866> l<362:56> el<362:72>
                                                                                                                              n<> u<2866> t<Expression> p<2872> c<2865> s<2871> l<362:56> el<362:68>
                                                                                                                                n<> u<2865> t<Primary> p<2866> c<2864> l<362:56> el<362:68>
                                                                                                                                  n<> u<2864> t<Primary_literal> p<2865> c<2863> l<362:56> el<362:68>
                                                                                                                                    n<odelay_count> u<2863> t<SIMPLE_IDENTIFIER> p<2864> l<362:56> el<362:68>
                                                                                                                              n<> u<2871> t<BinaryOp_Plus> p<2872> s<2870> l<362:69> el<362:70>
                                                                                                                              n<> u<2870> t<Expression> p<2872> c<2869> l<362:71> el<362:72>
                                                                                                                                n<> u<2869> t<Primary> p<2870> c<2868> l<362:71> el<362:72>
                                                                                                                                  n<> u<2868> t<Primary_literal> p<2869> c<2867> l<362:71> el<362:72>
                                                                                                                                    n<1> u<2867> t<INTEGRAL_NUMBER> p<2868> l<362:71> el<362:72>
                                                                                                                  n<> u<2907> t<Statement_or_null> p<2908> c<2906> l<363:46> el<364:72>
                                                                                                                    n<> u<2906> t<Statement> p<2907> c<2905> l<363:46> el<364:72>
                                                                                                                      n<> u<2905> t<Statement_item> p<2906> c<2904> l<363:46> el<364:72>
                                                                                                                        n<> u<2904> t<Conditional_statement> p<2905> c<2889> l<363:46> el<364:72>
                                                                                                                          n<> u<2889> t<Cond_predicate> p<2904> c<2888> s<2903> l<363:50> el<363:81>
                                                                                                                            n<> u<2888> t<Expression_or_cond_pattern> p<2889> c<2887> l<363:50> el<363:81>
                                                                                                                              n<> u<2887> t<Expression> p<2888> c<2881> l<363:50> el<363:81>
                                                                                                                                n<> u<2881> t<Expression> p<2887> c<2880> s<2886> l<363:50> el<363:62>
                                                                                                                                  n<> u<2880> t<Primary> p<2881> c<2879> l<363:50> el<363:62>
                                                                                                                                    n<> u<2879> t<Primary_literal> p<2880> c<2878> l<363:50> el<363:62>
                                                                                                                                      n<odelay_count> u<2878> t<SIMPLE_IDENTIFIER> p<2879> l<363:50> el<363:62>
                                                                                                                                n<> u<2886> t<EQUIV> p<2887> s<2885> l<363:63> el<363:65>
                                                                                                                                n<> u<2885> t<Expression> p<2887> c<2884> l<363:66> el<363:81>
                                                                                                                                  n<> u<2884> t<Primary> p<2885> c<2883> l<363:66> el<363:81>
                                                                                                                                    n<> u<2883> t<Primary_literal> p<2884> c<2882> l<363:66> el<363:81>
                                                                                                                                      n<MAX_DELAY_COUNT> u<2882> t<SIMPLE_IDENTIFIER> p<2883> l<363:66> el<363:81>
                                                                                                                          n<> u<2903> t<Statement_or_null> p<2904> c<2902> l<364:41> el<364:72>
                                                                                                                            n<> u<2902> t<Statement> p<2903> c<2901> l<364:41> el<364:72>
                                                                                                                              n<> u<2901> t<Statement_item> p<2902> c<2900> l<364:41> el<364:72>
                                                                                                                                n<> u<2900> t<Blocking_assignment> p<2901> c<2899> l<364:41> el<364:71>
                                                                                                                                  n<> u<2899> t<Variable_assignment> p<2900> c<2894> l<364:41> el<364:71>
                                                                                                                                    n<> u<2894> t<Variable_lvalue> p<2899> c<2891> s<2898> l<364:41> el<364:53>
                                                                                                                                      n<> u<2891> t<Ps_or_hierarchical_identifier> p<2894> c<2890> s<2893> l<364:41> el<364:53>
                                                                                                                                        n<odelay_count> u<2890> t<SIMPLE_IDENTIFIER> p<2891> l<364:41> el<364:53>
                                                                                                                                      n<> u<2893> t<Select> p<2894> c<2892> l<364:54> el<364:54>
                                                                                                                                        n<> u<2892> t<Bit_select> p<2893> l<364:54> el<364:54>
                                                                                                                                    n<> u<2898> t<Expression> p<2899> c<2897> l<364:56> el<364:71>
                                                                                                                                      n<> u<2897> t<Primary> p<2898> c<2896> l<364:56> el<364:71>
                                                                                                                                        n<> u<2896> t<Primary_literal> p<2897> c<2895> l<364:56> el<364:71>
                                                                                                                                          n<MIN_DELAY_COUNT> u<2895> t<SIMPLE_IDENTIFIER> p<2896> l<364:56> el<364:71>
                                                                                                          n<> u<2912> t<END> p<2913> l<365:38> el<365:41>
                                                                                                n<> u<2918> t<ENDCASE> p<2919> l<366:21> el<366:28>
                                                                                        n<> u<2923> t<END> p<2924> l<367:17> el<367:20>
                                                                                n<> u<3043> t<Statement_or_null> p<3044> c<3042> l<368:22> el<377:20>
                                                                                  n<> u<3042> t<Statement> p<3043> c<3041> l<368:22> el<377:20>
                                                                                    n<> u<3041> t<Statement_item> p<3042> c<3040> l<368:22> el<377:20>
                                                                                      n<> u<3040> t<Conditional_statement> p<3041> c<2939> l<368:22> el<377:20>
                                                                                        n<> u<2939> t<Cond_predicate> p<3040> c<2938> s<3039> l<368:26> el<368:40>
                                                                                          n<> u<2938> t<Expression_or_cond_pattern> p<2939> c<2937> l<368:26> el<368:40>
                                                                                            n<> u<2937> t<Expression> p<2938> c<2931> l<368:26> el<368:40>
                                                                                              n<> u<2931> t<Expression> p<2937> c<2930> s<2936> l<368:26> el<368:32>
                                                                                                n<> u<2930> t<Primary> p<2931> c<2929> l<368:26> el<368:32>
                                                                                                  n<> u<2929> t<Primary_literal> p<2930> c<2928> l<368:26> el<368:32>
                                                                                                    n<inc_in> u<2928> t<SIMPLE_IDENTIFIER> p<2929> l<368:26> el<368:32>
                                                                                              n<> u<2936> t<EQUIV> p<2937> s<2935> l<368:33> el<368:35>
                                                                                              n<> u<2935> t<Expression> p<2937> c<2934> l<368:36> el<368:40>
                                                                                                n<> u<2934> t<Primary> p<2935> c<2933> l<368:36> el<368:40>
                                                                                                  n<> u<2933> t<Primary_literal> p<2934> c<2932> l<368:36> el<368:40>
                                                                                                    n<> u<2932> t<ONE_TICK_b0> p<2933> l<368:36> el<368:40>
                                                                                        n<> u<3039> t<Statement_or_null> p<3040> c<3038> l<368:42> el<377:20>
                                                                                          n<> u<3038> t<Statement> p<3039> c<3037> l<368:42> el<377:20>
                                                                                            n<> u<3037> t<Statement_item> p<3038> c<3036> l<368:42> el<377:20>
                                                                                              n<> u<3036> t<Seq_block> p<3037> c<3034> l<368:42> el<377:20>
                                                                                                n<> u<3034> t<Statement_or_null> p<3036> c<3033> s<3035> l<369:21> el<376:28>
                                                                                                  n<> u<3033> t<Statement> p<3034> c<3032> l<369:21> el<376:28>
                                                                                                    n<> u<3032> t<Statement_item> p<3033> c<3031> l<369:21> el<376:28>
                                                                                                      n<> u<3031> t<Case_statement> p<3032> c<2941> l<369:21> el<376:28>
                                                                                                        n<> u<2941> t<Case_keyword> p<3031> c<2940> s<2945> l<369:21> el<369:25>
                                                                                                          n<> u<2940> t<CASE> p<2941> l<369:21> el<369:25>
                                                                                                        n<> u<2945> t<Expression> p<3031> c<2944> s<3029> l<369:27> el<369:38>
                                                                                                          n<> u<2944> t<Primary> p<2945> c<2943> l<369:27> el<369:38>
                                                                                                            n<> u<2943> t<Primary_literal> p<2944> c<2942> l<369:27> el<369:38>
                                                                                                              n<ODELAY_TYPE> u<2942> t<SIMPLE_IDENTIFIER> p<2943> l<369:27> el<369:38>
                                                                                                        n<> u<3029> t<Case_item> p<3031> c<2949> s<3030> l<370:25> el<375:41>
                                                                                                          n<> u<2949> t<Expression> p<3029> c<2948> s<2953> l<370:25> el<370:35>
                                                                                                            n<> u<2948> t<Primary> p<2949> c<2947> l<370:25> el<370:35>
                                                                                                              n<> u<2947> t<Primary_literal> p<2948> c<2946> l<370:25> el<370:35>
                                                                                                                n<"VARIABLE"> u<2946> t<QUOTED_STRING> p<2947> l<370:25> el<370:35>
                                                                                                          n<> u<2953> t<Expression> p<3029> c<2952> s<2957> l<370:37> el<370:47>
                                                                                                            n<> u<2952> t<Primary> p<2953> c<2951> l<370:37> el<370:47>
                                                                                                              n<> u<2951> t<Primary_literal> p<2952> c<2950> l<370:37> el<370:47>
                                                                                                                n<"VAR_LOAD"> u<2950> t<QUOTED_STRING> p<2951> l<370:37> el<370:47>
                                                                                                          n<> u<2957> t<Expression> p<3029> c<2956> s<3028> l<370:49> el<370:64>
                                                                                                            n<> u<2956> t<Primary> p<2957> c<2955> l<370:49> el<370:64>
                                                                                                              n<> u<2955> t<Primary_literal> p<2956> c<2954> l<370:49> el<370:64>
                                                                                                                n<"VAR_LOAD_PIPE"> u<2954> t<QUOTED_STRING> p<2955> l<370:49> el<370:64>
                                                                                                          n<> u<3028> t<Statement_or_null> p<3029> c<3027> l<370:67> el<375:41>
                                                                                                            n<> u<3027> t<Statement> p<3028> c<3026> l<370:67> el<375:41>
                                                                                                              n<> u<3026> t<Statement_item> p<3027> c<3025> l<370:67> el<375:41>
                                                                                                                n<> u<3025> t<Seq_block> p<3026> c<3023> l<370:67> el<375:41>
                                                                                                                  n<> u<3023> t<Statement_or_null> p<3025> c<3022> s<3024> l<371:41> el<374:72>
                                                                                                                    n<> u<3022> t<Statement> p<3023> c<3021> l<371:41> el<374:72>
                                                                                                                      n<> u<3021> t<Statement_item> p<3022> c<3020> l<371:41> el<374:72>
                                                                                                                        n<> u<3020> t<Conditional_statement> p<3021> c<2969> l<371:41> el<374:72>
                                                                                                                          n<> u<2969> t<Cond_predicate> p<3020> c<2968> s<2989> l<371:45> el<371:76>
                                                                                                                            n<> u<2968> t<Expression_or_cond_pattern> p<2969> c<2967> l<371:45> el<371:76>
                                                                                                                              n<> u<2967> t<Expression> p<2968> c<2961> l<371:45> el<371:76>
                                                                                                                                n<> u<2961> t<Expression> p<2967> c<2960> s<2966> l<371:45> el<371:57>
                                                                                                                                  n<> u<2960> t<Primary> p<2961> c<2959> l<371:45> el<371:57>
                                                                                                                                    n<> u<2959> t<Primary_literal> p<2960> c<2958> l<371:45> el<371:57>
                                                                                                                                      n<odelay_count> u<2958> t<SIMPLE_IDENTIFIER> p<2959> l<371:45> el<371:57>
                                                                                                                                n<> u<2966> t<GREATER> p<2967> s<2965> l<371:58> el<371:59>
                                                                                                                                n<> u<2965> t<Expression> p<2967> c<2964> l<371:61> el<371:76>
                                                                                                                                  n<> u<2964> t<Primary> p<2965> c<2963> l<371:61> el<371:76>
                                                                                                                                    n<> u<2963> t<Primary_literal> p<2964> c<2962> l<371:61> el<371:76>
                                                                                                                                      n<MIN_DELAY_COUNT> u<2962> t<SIMPLE_IDENTIFIER> p<2963> l<371:61> el<371:76>
                                                                                                                          n<> u<2989> t<Statement_or_null> p<3020> c<2988> s<3019> l<372:41> el<372:73>
                                                                                                                            n<> u<2988> t<Statement> p<2989> c<2987> l<372:41> el<372:73>
                                                                                                                              n<> u<2987> t<Statement_item> p<2988> c<2986> l<372:41> el<372:73>
                                                                                                                                n<> u<2986> t<Blocking_assignment> p<2987> c<2985> l<372:41> el<372:72>
                                                                                                                                  n<> u<2985> t<Variable_assignment> p<2986> c<2974> l<372:41> el<372:72>
                                                                                                                                    n<> u<2974> t<Variable_lvalue> p<2985> c<2971> s<2984> l<372:41> el<372:53>
                                                                                                                                      n<> u<2971> t<Ps_or_hierarchical_identifier> p<2974> c<2970> s<2973> l<372:41> el<372:53>
                                                                                                                                        n<odelay_count> u<2970> t<SIMPLE_IDENTIFIER> p<2971> l<372:41> el<372:53>
                                                                                                                                      n<> u<2973> t<Select> p<2974> c<2972> l<372:54> el<372:54>
                                                                                                                                        n<> u<2972> t<Bit_select> p<2973> l<372:54> el<372:54>
                                                                                                                                    n<> u<2984> t<Expression> p<2985> c<2978> l<372:56> el<372:72>
                                                                                                                                      n<> u<2978> t<Expression> p<2984> c<2977> s<2983> l<372:56> el<372:68>
                                                                                                                                        n<> u<2977> t<Primary> p<2978> c<2976> l<372:56> el<372:68>
                                                                                                                                          n<> u<2976> t<Primary_literal> p<2977> c<2975> l<372:56> el<372:68>
                                                                                                                                            n<odelay_count> u<2975> t<SIMPLE_IDENTIFIER> p<2976> l<372:56> el<372:68>
                                                                                                                                      n<> u<2983> t<BinaryOp_Minus> p<2984> s<2982> l<372:69> el<372:70>
                                                                                                                                      n<> u<2982> t<Expression> p<2984> c<2981> l<372:71> el<372:72>
                                                                                                                                        n<> u<2981> t<Primary> p<2982> c<2980> l<372:71> el<372:72>
                                                                                                                                          n<> u<2980> t<Primary_literal> p<2981> c<2979> l<372:71> el<372:72>
                                                                                                                                            n<1> u<2979> t<INTEGRAL_NUMBER> p<2980> l<372:71> el<372:72>
                                                                                                                          n<> u<3019> t<Statement_or_null> p<3020> c<3018> l<373:46> el<374:72>
                                                                                                                            n<> u<3018> t<Statement> p<3019> c<3017> l<373:46> el<374:72>
                                                                                                                              n<> u<3017> t<Statement_item> p<3018> c<3016> l<373:46> el<374:72>
                                                                                                                                n<> u<3016> t<Conditional_statement> p<3017> c<3001> l<373:46> el<374:72>
                                                                                                                                  n<> u<3001> t<Cond_predicate> p<3016> c<3000> s<3015> l<373:50> el<373:81>
                                                                                                                                    n<> u<3000> t<Expression_or_cond_pattern> p<3001> c<2999> l<373:50> el<373:81>
                                                                                                                                      n<> u<2999> t<Expression> p<3000> c<2993> l<373:50> el<373:81>
                                                                                                                                        n<> u<2993> t<Expression> p<2999> c<2992> s<2998> l<373:50> el<373:62>
                                                                                                                                          n<> u<2992> t<Primary> p<2993> c<2991> l<373:50> el<373:62>
                                                                                                                                            n<> u<2991> t<Primary_literal> p<2992> c<2990> l<373:50> el<373:62>
                                                                                                                                              n<odelay_count> u<2990> t<SIMPLE_IDENTIFIER> p<2991> l<373:50> el<373:62>
                                                                                                                                        n<> u<2998> t<EQUIV> p<2999> s<2997> l<373:63> el<373:65>
                                                                                                                                        n<> u<2997> t<Expression> p<2999> c<2996> l<373:66> el<373:81>
                                                                                                                                          n<> u<2996> t<Primary> p<2997> c<2995> l<373:66> el<373:81>
                                                                                                                                            n<> u<2995> t<Primary_literal> p<2996> c<2994> l<373:66> el<373:81>
                                                                                                                                              n<MIN_DELAY_COUNT> u<2994> t<SIMPLE_IDENTIFIER> p<2995> l<373:66> el<373:81>
                                                                                                                                  n<> u<3015> t<Statement_or_null> p<3016> c<3014> l<374:41> el<374:72>
                                                                                                                                    n<> u<3014> t<Statement> p<3015> c<3013> l<374:41> el<374:72>
                                                                                                                                      n<> u<3013> t<Statement_item> p<3014> c<3012> l<374:41> el<374:72>
                                                                                                                                        n<> u<3012> t<Blocking_assignment> p<3013> c<3011> l<374:41> el<374:71>
                                                                                                                                          n<> u<3011> t<Variable_assignment> p<3012> c<3006> l<374:41> el<374:71>
                                                                                                                                            n<> u<3006> t<Variable_lvalue> p<3011> c<3003> s<3010> l<374:41> el<374:53>
                                                                                                                                              n<> u<3003> t<Ps_or_hierarchical_identifier> p<3006> c<3002> s<3005> l<374:41> el<374:53>
                                                                                                                                                n<odelay_count> u<3002> t<SIMPLE_IDENTIFIER> p<3003> l<374:41> el<374:53>
                                                                                                                                              n<> u<3005> t<Select> p<3006> c<3004> l<374:54> el<374:54>
                                                                                                                                                n<> u<3004> t<Bit_select> p<3005> l<374:54> el<374:54>
                                                                                                                                            n<> u<3010> t<Expression> p<3011> c<3009> l<374:56> el<374:71>
                                                                                                                                              n<> u<3009> t<Primary> p<3010> c<3008> l<374:56> el<374:71>
                                                                                                                                                n<> u<3008> t<Primary_literal> p<3009> c<3007> l<374:56> el<374:71>
                                                                                                                                                  n<MAX_DELAY_COUNT> u<3007> t<SIMPLE_IDENTIFIER> p<3008> l<374:56> el<374:71>
                                                                                                                  n<> u<3024> t<END> p<3025> l<375:38> el<375:41>
                                                                                                        n<> u<3030> t<ENDCASE> p<3031> l<376:21> el<376:28>
                                                                                                n<> u<3035> t<END> p<3036> l<377:17> el<377:20>
                                                                        n<> u<3048> t<END> p<3049> l<378:13> el<378:16>
                                                n<> u<3061> t<END> p<3062> l<379:9> el<379:12>
                                n<//> u<3070> t<LINE_COMMENT> p<3072> s<3071> l<379:13> el<379:15>
                                n<> u<3071> t<END> p<3072> l<380:5> el<380:8>
        n<// always @ (posedge c_in)> u<3084> t<LINE_COMMENT> p<5224> s<3763> l<380:9> el<380:35>
        n<> u<3763> t<Module_item> p<5224> c<3762> s<3764> l<382:5> el<417:8>
          n<> u<3762> t<Non_port_module_item> p<3763> c<3761> l<382:5> el<417:8>
            n<> u<3761> t<Module_or_generate_item> p<3762> c<3760> l<382:5> el<417:8>
              n<> u<3760> t<Module_common_item> p<3761> c<3759> l<382:5> el<417:8>
                n<> u<3759> t<Always_construct> p<3760> c<3085> l<382:5> el<417:8>
                  n<> u<3085> t<ALWAYS> p<3759> s<3758> l<382:5> el<382:11>
                  n<> u<3758> t<Statement> p<3759> c<3757> l<382:12> el<417:8>
                    n<> u<3757> t<Statement_item> p<3758> c<3756> l<382:12> el<417:8>
                      n<> u<3756> t<Procedural_timing_control_statement> p<3757> c<3099> l<382:12> el<417:8>
                        n<> u<3099> t<Procedural_timing_control> p<3756> c<3098> s<3755> l<382:12> el<382:38>
                          n<> u<3098> t<Event_control> p<3099> c<3097> l<382:12> el<382:38>
                            n<> u<3097> t<Event_expression> p<3098> c<3090> l<382:14> el<382:37>
                              n<> u<3090> t<Event_expression> p<3097> c<3089> s<3091> l<382:14> el<382:27>
                                n<> u<3089> t<Expression> p<3090> c<3088> l<382:14> el<382:27>
                                  n<> u<3088> t<Primary> p<3089> c<3087> l<382:14> el<382:27>
                                    n<> u<3087> t<Primary_literal> p<3088> c<3086> l<382:14> el<382:27>
                                      n<cntvaluein_in> u<3086> t<SIMPLE_IDENTIFIER> p<3087> l<382:14> el<382:27>
                              n<> u<3091> t<Or_operator> p<3097> s<3096> l<382:28> el<382:30>
                              n<> u<3096> t<Event_expression> p<3097> c<3095> l<382:31> el<382:37>
                                n<> u<3095> t<Expression> p<3096> c<3094> l<382:31> el<382:37>
                                  n<> u<3094> t<Primary> p<3095> c<3093> l<382:31> el<382:37>
                                    n<> u<3093> t<Primary_literal> p<3094> c<3092> l<382:31> el<382:37>
                                      n<gsr_in> u<3092> t<SIMPLE_IDENTIFIER> p<3093> l<382:31> el<382:37>
                        n<> u<3755> t<Statement_or_null> p<3756> c<3754> l<382:39> el<417:8>
                          n<> u<3754> t<Statement> p<3755> c<3753> l<382:39> el<417:8>
                            n<> u<3753> t<Statement_item> p<3754> c<3752> l<382:39> el<417:8>
                              n<> u<3752> t<Seq_block> p<3753> c<3750> l<382:39> el<417:8>
                                n<> u<3750> t<Statement_or_null> p<3752> c<3749> s<3751> l<383:17> el<416:24>
                                  n<> u<3749> t<Statement> p<3750> c<3748> l<383:17> el<416:24>
                                    n<> u<3748> t<Statement_item> p<3749> c<3747> l<383:17> el<416:24>
                                      n<> u<3747> t<Case_statement> p<3748> c<3101> l<383:17> el<416:24>
                                        n<> u<3101> t<Case_keyword> p<3747> c<3100> s<3105> l<383:17> el<383:21>
                                          n<> u<3100> t<CASE> p<3101> l<383:17> el<383:21>
                                        n<> u<3105> t<Expression> p<3747> c<3104> s<3125> l<383:23> el<383:36>
                                          n<> u<3104> t<Primary> p<3105> c<3103> l<383:23> el<383:36>
                                            n<> u<3103> t<Primary_literal> p<3104> c<3102> l<383:23> el<383:36>
                                              n<cntvaluein_in> u<3102> t<SIMPLE_IDENTIFIER> p<3103> l<383:23> el<383:36>
                                        n<> u<3125> t<Case_item> p<3747> c<3109> s<3145> l<384:25> el<384:66>
                                          n<> u<3109> t<Expression> p<3125> c<3108> s<3124> l<384:25> el<384:33>
                                            n<> u<3108> t<Primary> p<3109> c<3107> l<384:25> el<384:33>
                                              n<> u<3107> t<Primary_literal> p<3108> c<3106> l<384:25> el<384:33>
                                                n<5'b00000> u<3106> t<INTEGRAL_NUMBER> p<3107> l<384:25> el<384:33>
                                          n<> u<3124> t<Statement_or_null> p<3125> c<3123> l<384:36> el<384:66>
                                            n<> u<3123> t<Statement> p<3124> c<3122> l<384:36> el<384:66>
                                              n<> u<3122> t<Statement_item> p<3123> c<3121> l<384:36> el<384:66>
                                                n<> u<3121> t<Procedural_continuous_assignment> p<3122> c<3120> l<384:36> el<384:65>
                                                  n<> u<3120> t<ASSIGN> p<3121> s<3119> l<384:36> el<384:42>
                                                  n<> u<3119> t<Variable_assignment> p<3121> c<3114> l<384:43> el<384:65>
                                                    n<> u<3114> t<Variable_lvalue> p<3119> c<3111> s<3118> l<384:43> el<384:61>
                                                      n<> u<3111> t<Ps_or_hierarchical_identifier> p<3114> c<3110> s<3113> l<384:43> el<384:61>
                                                        n<CNTVALUEIN_INTEGER> u<3110> t<SIMPLE_IDENTIFIER> p<3111> l<384:43> el<384:61>
                                                      n<> u<3113> t<Select> p<3114> c<3112> l<384:62> el<384:62>
                                                        n<> u<3112> t<Bit_select> p<3113> l<384:62> el<384:62>
                                                    n<> u<3118> t<Expression> p<3119> c<3117> l<384:64> el<384:65>
                                                      n<> u<3117> t<Primary> p<3118> c<3116> l<384:64> el<384:65>
                                                        n<> u<3116> t<Primary_literal> p<3117> c<3115> l<384:64> el<384:65>
                                                          n<0> u<3115> t<INTEGRAL_NUMBER> p<3116> l<384:64> el<384:65>
                                        n<> u<3145> t<Case_item> p<3747> c<3129> s<3165> l<385:25> el<385:66>
                                          n<> u<3129> t<Expression> p<3145> c<3128> s<3144> l<385:25> el<385:33>
                                            n<> u<3128> t<Primary> p<3129> c<3127> l<385:25> el<385:33>
                                              n<> u<3127> t<Primary_literal> p<3128> c<3126> l<385:25> el<385:33>
                                                n<5'b00001> u<3126> t<INTEGRAL_NUMBER> p<3127> l<385:25> el<385:33>
                                          n<> u<3144> t<Statement_or_null> p<3145> c<3143> l<385:36> el<385:66>
                                            n<> u<3143> t<Statement> p<3144> c<3142> l<385:36> el<385:66>
                                              n<> u<3142> t<Statement_item> p<3143> c<3141> l<385:36> el<385:66>
                                                n<> u<3141> t<Procedural_continuous_assignment> p<3142> c<3140> l<385:36> el<385:65>
                                                  n<> u<3140> t<ASSIGN> p<3141> s<3139> l<385:36> el<385:42>
                                                  n<> u<3139> t<Variable_assignment> p<3141> c<3134> l<385:43> el<385:65>
                                                    n<> u<3134> t<Variable_lvalue> p<3139> c<3131> s<3138> l<385:43> el<385:61>
                                                      n<> u<3131> t<Ps_or_hierarchical_identifier> p<3134> c<3130> s<3133> l<385:43> el<385:61>
                                                        n<CNTVALUEIN_INTEGER> u<3130> t<SIMPLE_IDENTIFIER> p<3131> l<385:43> el<385:61>
                                                      n<> u<3133> t<Select> p<3134> c<3132> l<385:62> el<385:62>
                                                        n<> u<3132> t<Bit_select> p<3133> l<385:62> el<385:62>
                                                    n<> u<3138> t<Expression> p<3139> c<3137> l<385:64> el<385:65>
                                                      n<> u<3137> t<Primary> p<3138> c<3136> l<385:64> el<385:65>
                                                        n<> u<3136> t<Primary_literal> p<3137> c<3135> l<385:64> el<385:65>
                                                          n<1> u<3135> t<INTEGRAL_NUMBER> p<3136> l<385:64> el<385:65>
                                        n<> u<3165> t<Case_item> p<3747> c<3149> s<3185> l<386:25> el<386:66>
                                          n<> u<3149> t<Expression> p<3165> c<3148> s<3164> l<386:25> el<386:33>
                                            n<> u<3148> t<Primary> p<3149> c<3147> l<386:25> el<386:33>
                                              n<> u<3147> t<Primary_literal> p<3148> c<3146> l<386:25> el<386:33>
                                                n<5'b00010> u<3146> t<INTEGRAL_NUMBER> p<3147> l<386:25> el<386:33>
                                          n<> u<3164> t<Statement_or_null> p<3165> c<3163> l<386:36> el<386:66>
                                            n<> u<3163> t<Statement> p<3164> c<3162> l<386:36> el<386:66>
                                              n<> u<3162> t<Statement_item> p<3163> c<3161> l<386:36> el<386:66>
                                                n<> u<3161> t<Procedural_continuous_assignment> p<3162> c<3160> l<386:36> el<386:65>
                                                  n<> u<3160> t<ASSIGN> p<3161> s<3159> l<386:36> el<386:42>
                                                  n<> u<3159> t<Variable_assignment> p<3161> c<3154> l<386:43> el<386:65>
                                                    n<> u<3154> t<Variable_lvalue> p<3159> c<3151> s<3158> l<386:43> el<386:61>
                                                      n<> u<3151> t<Ps_or_hierarchical_identifier> p<3154> c<3150> s<3153> l<386:43> el<386:61>
                                                        n<CNTVALUEIN_INTEGER> u<3150> t<SIMPLE_IDENTIFIER> p<3151> l<386:43> el<386:61>
                                                      n<> u<3153> t<Select> p<3154> c<3152> l<386:62> el<386:62>
                                                        n<> u<3152> t<Bit_select> p<3153> l<386:62> el<386:62>
                                                    n<> u<3158> t<Expression> p<3159> c<3157> l<386:64> el<386:65>
                                                      n<> u<3157> t<Primary> p<3158> c<3156> l<386:64> el<386:65>
                                                        n<> u<3156> t<Primary_literal> p<3157> c<3155> l<386:64> el<386:65>
                                                          n<2> u<3155> t<INTEGRAL_NUMBER> p<3156> l<386:64> el<386:65>
                                        n<> u<3185> t<Case_item> p<3747> c<3169> s<3205> l<387:25> el<387:66>
                                          n<> u<3169> t<Expression> p<3185> c<3168> s<3184> l<387:25> el<387:33>
                                            n<> u<3168> t<Primary> p<3169> c<3167> l<387:25> el<387:33>
                                              n<> u<3167> t<Primary_literal> p<3168> c<3166> l<387:25> el<387:33>
                                                n<5'b00011> u<3166> t<INTEGRAL_NUMBER> p<3167> l<387:25> el<387:33>
                                          n<> u<3184> t<Statement_or_null> p<3185> c<3183> l<387:36> el<387:66>
                                            n<> u<3183> t<Statement> p<3184> c<3182> l<387:36> el<387:66>
                                              n<> u<3182> t<Statement_item> p<3183> c<3181> l<387:36> el<387:66>
                                                n<> u<3181> t<Procedural_continuous_assignment> p<3182> c<3180> l<387:36> el<387:65>
                                                  n<> u<3180> t<ASSIGN> p<3181> s<3179> l<387:36> el<387:42>
                                                  n<> u<3179> t<Variable_assignment> p<3181> c<3174> l<387:43> el<387:65>
                                                    n<> u<3174> t<Variable_lvalue> p<3179> c<3171> s<3178> l<387:43> el<387:61>
                                                      n<> u<3171> t<Ps_or_hierarchical_identifier> p<3174> c<3170> s<3173> l<387:43> el<387:61>
                                                        n<CNTVALUEIN_INTEGER> u<3170> t<SIMPLE_IDENTIFIER> p<3171> l<387:43> el<387:61>
                                                      n<> u<3173> t<Select> p<3174> c<3172> l<387:62> el<387:62>
                                                        n<> u<3172> t<Bit_select> p<3173> l<387:62> el<387:62>
                                                    n<> u<3178> t<Expression> p<3179> c<3177> l<387:64> el<387:65>
                                                      n<> u<3177> t<Primary> p<3178> c<3176> l<387:64> el<387:65>
                                                        n<> u<3176> t<Primary_literal> p<3177> c<3175> l<387:64> el<387:65>
                                                          n<3> u<3175> t<INTEGRAL_NUMBER> p<3176> l<387:64> el<387:65>
                                        n<> u<3205> t<Case_item> p<3747> c<3189> s<3225> l<388:25> el<388:66>
                                          n<> u<3189> t<Expression> p<3205> c<3188> s<3204> l<388:25> el<388:33>
                                            n<> u<3188> t<Primary> p<3189> c<3187> l<388:25> el<388:33>
                                              n<> u<3187> t<Primary_literal> p<3188> c<3186> l<388:25> el<388:33>
                                                n<5'b00100> u<3186> t<INTEGRAL_NUMBER> p<3187> l<388:25> el<388:33>
                                          n<> u<3204> t<Statement_or_null> p<3205> c<3203> l<388:36> el<388:66>
                                            n<> u<3203> t<Statement> p<3204> c<3202> l<388:36> el<388:66>
                                              n<> u<3202> t<Statement_item> p<3203> c<3201> l<388:36> el<388:66>
                                                n<> u<3201> t<Procedural_continuous_assignment> p<3202> c<3200> l<388:36> el<388:65>
                                                  n<> u<3200> t<ASSIGN> p<3201> s<3199> l<388:36> el<388:42>
                                                  n<> u<3199> t<Variable_assignment> p<3201> c<3194> l<388:43> el<388:65>
                                                    n<> u<3194> t<Variable_lvalue> p<3199> c<3191> s<3198> l<388:43> el<388:61>
                                                      n<> u<3191> t<Ps_or_hierarchical_identifier> p<3194> c<3190> s<3193> l<388:43> el<388:61>
                                                        n<CNTVALUEIN_INTEGER> u<3190> t<SIMPLE_IDENTIFIER> p<3191> l<388:43> el<388:61>
                                                      n<> u<3193> t<Select> p<3194> c<3192> l<388:62> el<388:62>
                                                        n<> u<3192> t<Bit_select> p<3193> l<388:62> el<388:62>
                                                    n<> u<3198> t<Expression> p<3199> c<3197> l<388:64> el<388:65>
                                                      n<> u<3197> t<Primary> p<3198> c<3196> l<388:64> el<388:65>
                                                        n<> u<3196> t<Primary_literal> p<3197> c<3195> l<388:64> el<388:65>
                                                          n<4> u<3195> t<INTEGRAL_NUMBER> p<3196> l<388:64> el<388:65>
                                        n<> u<3225> t<Case_item> p<3747> c<3209> s<3245> l<389:25> el<389:66>
                                          n<> u<3209> t<Expression> p<3225> c<3208> s<3224> l<389:25> el<389:33>
                                            n<> u<3208> t<Primary> p<3209> c<3207> l<389:25> el<389:33>
                                              n<> u<3207> t<Primary_literal> p<3208> c<3206> l<389:25> el<389:33>
                                                n<5'b00101> u<3206> t<INTEGRAL_NUMBER> p<3207> l<389:25> el<389:33>
                                          n<> u<3224> t<Statement_or_null> p<3225> c<3223> l<389:36> el<389:66>
                                            n<> u<3223> t<Statement> p<3224> c<3222> l<389:36> el<389:66>
                                              n<> u<3222> t<Statement_item> p<3223> c<3221> l<389:36> el<389:66>
                                                n<> u<3221> t<Procedural_continuous_assignment> p<3222> c<3220> l<389:36> el<389:65>
                                                  n<> u<3220> t<ASSIGN> p<3221> s<3219> l<389:36> el<389:42>
                                                  n<> u<3219> t<Variable_assignment> p<3221> c<3214> l<389:43> el<389:65>
                                                    n<> u<3214> t<Variable_lvalue> p<3219> c<3211> s<3218> l<389:43> el<389:61>
                                                      n<> u<3211> t<Ps_or_hierarchical_identifier> p<3214> c<3210> s<3213> l<389:43> el<389:61>
                                                        n<CNTVALUEIN_INTEGER> u<3210> t<SIMPLE_IDENTIFIER> p<3211> l<389:43> el<389:61>
                                                      n<> u<3213> t<Select> p<3214> c<3212> l<389:62> el<389:62>
                                                        n<> u<3212> t<Bit_select> p<3213> l<389:62> el<389:62>
                                                    n<> u<3218> t<Expression> p<3219> c<3217> l<389:64> el<389:65>
                                                      n<> u<3217> t<Primary> p<3218> c<3216> l<389:64> el<389:65>
                                                        n<> u<3216> t<Primary_literal> p<3217> c<3215> l<389:64> el<389:65>
                                                          n<5> u<3215> t<INTEGRAL_NUMBER> p<3216> l<389:64> el<389:65>
                                        n<> u<3245> t<Case_item> p<3747> c<3229> s<3265> l<390:25> el<390:66>
                                          n<> u<3229> t<Expression> p<3245> c<3228> s<3244> l<390:25> el<390:33>
                                            n<> u<3228> t<Primary> p<3229> c<3227> l<390:25> el<390:33>
                                              n<> u<3227> t<Primary_literal> p<3228> c<3226> l<390:25> el<390:33>
                                                n<5'b00110> u<3226> t<INTEGRAL_NUMBER> p<3227> l<390:25> el<390:33>
                                          n<> u<3244> t<Statement_or_null> p<3245> c<3243> l<390:36> el<390:66>
                                            n<> u<3243> t<Statement> p<3244> c<3242> l<390:36> el<390:66>
                                              n<> u<3242> t<Statement_item> p<3243> c<3241> l<390:36> el<390:66>
                                                n<> u<3241> t<Procedural_continuous_assignment> p<3242> c<3240> l<390:36> el<390:65>
                                                  n<> u<3240> t<ASSIGN> p<3241> s<3239> l<390:36> el<390:42>
                                                  n<> u<3239> t<Variable_assignment> p<3241> c<3234> l<390:43> el<390:65>
                                                    n<> u<3234> t<Variable_lvalue> p<3239> c<3231> s<3238> l<390:43> el<390:61>
                                                      n<> u<3231> t<Ps_or_hierarchical_identifier> p<3234> c<3230> s<3233> l<390:43> el<390:61>
                                                        n<CNTVALUEIN_INTEGER> u<3230> t<SIMPLE_IDENTIFIER> p<3231> l<390:43> el<390:61>
                                                      n<> u<3233> t<Select> p<3234> c<3232> l<390:62> el<390:62>
                                                        n<> u<3232> t<Bit_select> p<3233> l<390:62> el<390:62>
                                                    n<> u<3238> t<Expression> p<3239> c<3237> l<390:64> el<390:65>
                                                      n<> u<3237> t<Primary> p<3238> c<3236> l<390:64> el<390:65>
                                                        n<> u<3236> t<Primary_literal> p<3237> c<3235> l<390:64> el<390:65>
                                                          n<6> u<3235> t<INTEGRAL_NUMBER> p<3236> l<390:64> el<390:65>
                                        n<> u<3265> t<Case_item> p<3747> c<3249> s<3285> l<391:25> el<391:66>
                                          n<> u<3249> t<Expression> p<3265> c<3248> s<3264> l<391:25> el<391:33>
                                            n<> u<3248> t<Primary> p<3249> c<3247> l<391:25> el<391:33>
                                              n<> u<3247> t<Primary_literal> p<3248> c<3246> l<391:25> el<391:33>
                                                n<5'b00111> u<3246> t<INTEGRAL_NUMBER> p<3247> l<391:25> el<391:33>
                                          n<> u<3264> t<Statement_or_null> p<3265> c<3263> l<391:36> el<391:66>
                                            n<> u<3263> t<Statement> p<3264> c<3262> l<391:36> el<391:66>
                                              n<> u<3262> t<Statement_item> p<3263> c<3261> l<391:36> el<391:66>
                                                n<> u<3261> t<Procedural_continuous_assignment> p<3262> c<3260> l<391:36> el<391:65>
                                                  n<> u<3260> t<ASSIGN> p<3261> s<3259> l<391:36> el<391:42>
                                                  n<> u<3259> t<Variable_assignment> p<3261> c<3254> l<391:43> el<391:65>
                                                    n<> u<3254> t<Variable_lvalue> p<3259> c<3251> s<3258> l<391:43> el<391:61>
                                                      n<> u<3251> t<Ps_or_hierarchical_identifier> p<3254> c<3250> s<3253> l<391:43> el<391:61>
                                                        n<CNTVALUEIN_INTEGER> u<3250> t<SIMPLE_IDENTIFIER> p<3251> l<391:43> el<391:61>
                                                      n<> u<3253> t<Select> p<3254> c<3252> l<391:62> el<391:62>
                                                        n<> u<3252> t<Bit_select> p<3253> l<391:62> el<391:62>
                                                    n<> u<3258> t<Expression> p<3259> c<3257> l<391:64> el<391:65>
                                                      n<> u<3257> t<Primary> p<3258> c<3256> l<391:64> el<391:65>
                                                        n<> u<3256> t<Primary_literal> p<3257> c<3255> l<391:64> el<391:65>
                                                          n<7> u<3255> t<INTEGRAL_NUMBER> p<3256> l<391:64> el<391:65>
                                        n<> u<3285> t<Case_item> p<3747> c<3269> s<3305> l<392:25> el<392:66>
                                          n<> u<3269> t<Expression> p<3285> c<3268> s<3284> l<392:25> el<392:33>
                                            n<> u<3268> t<Primary> p<3269> c<3267> l<392:25> el<392:33>
                                              n<> u<3267> t<Primary_literal> p<3268> c<3266> l<392:25> el<392:33>
                                                n<5'b01000> u<3266> t<INTEGRAL_NUMBER> p<3267> l<392:25> el<392:33>
                                          n<> u<3284> t<Statement_or_null> p<3285> c<3283> l<392:36> el<392:66>
                                            n<> u<3283> t<Statement> p<3284> c<3282> l<392:36> el<392:66>
                                              n<> u<3282> t<Statement_item> p<3283> c<3281> l<392:36> el<392:66>
                                                n<> u<3281> t<Procedural_continuous_assignment> p<3282> c<3280> l<392:36> el<392:65>
                                                  n<> u<3280> t<ASSIGN> p<3281> s<3279> l<392:36> el<392:42>
                                                  n<> u<3279> t<Variable_assignment> p<3281> c<3274> l<392:43> el<392:65>
                                                    n<> u<3274> t<Variable_lvalue> p<3279> c<3271> s<3278> l<392:43> el<392:61>
                                                      n<> u<3271> t<Ps_or_hierarchical_identifier> p<3274> c<3270> s<3273> l<392:43> el<392:61>
                                                        n<CNTVALUEIN_INTEGER> u<3270> t<SIMPLE_IDENTIFIER> p<3271> l<392:43> el<392:61>
                                                      n<> u<3273> t<Select> p<3274> c<3272> l<392:62> el<392:62>
                                                        n<> u<3272> t<Bit_select> p<3273> l<392:62> el<392:62>
                                                    n<> u<3278> t<Expression> p<3279> c<3277> l<392:64> el<392:65>
                                                      n<> u<3277> t<Primary> p<3278> c<3276> l<392:64> el<392:65>
                                                        n<> u<3276> t<Primary_literal> p<3277> c<3275> l<392:64> el<392:65>
                                                          n<8> u<3275> t<INTEGRAL_NUMBER> p<3276> l<392:64> el<392:65>
                                        n<> u<3305> t<Case_item> p<3747> c<3289> s<3325> l<393:25> el<393:66>
                                          n<> u<3289> t<Expression> p<3305> c<3288> s<3304> l<393:25> el<393:33>
                                            n<> u<3288> t<Primary> p<3289> c<3287> l<393:25> el<393:33>
                                              n<> u<3287> t<Primary_literal> p<3288> c<3286> l<393:25> el<393:33>
                                                n<5'b01001> u<3286> t<INTEGRAL_NUMBER> p<3287> l<393:25> el<393:33>
                                          n<> u<3304> t<Statement_or_null> p<3305> c<3303> l<393:36> el<393:66>
                                            n<> u<3303> t<Statement> p<3304> c<3302> l<393:36> el<393:66>
                                              n<> u<3302> t<Statement_item> p<3303> c<3301> l<393:36> el<393:66>
                                                n<> u<3301> t<Procedural_continuous_assignment> p<3302> c<3300> l<393:36> el<393:65>
                                                  n<> u<3300> t<ASSIGN> p<3301> s<3299> l<393:36> el<393:42>
                                                  n<> u<3299> t<Variable_assignment> p<3301> c<3294> l<393:43> el<393:65>
                                                    n<> u<3294> t<Variable_lvalue> p<3299> c<3291> s<3298> l<393:43> el<393:61>
                                                      n<> u<3291> t<Ps_or_hierarchical_identifier> p<3294> c<3290> s<3293> l<393:43> el<393:61>
                                                        n<CNTVALUEIN_INTEGER> u<3290> t<SIMPLE_IDENTIFIER> p<3291> l<393:43> el<393:61>
                                                      n<> u<3293> t<Select> p<3294> c<3292> l<393:62> el<393:62>
                                                        n<> u<3292> t<Bit_select> p<3293> l<393:62> el<393:62>
                                                    n<> u<3298> t<Expression> p<3299> c<3297> l<393:64> el<393:65>
                                                      n<> u<3297> t<Primary> p<3298> c<3296> l<393:64> el<393:65>
                                                        n<> u<3296> t<Primary_literal> p<3297> c<3295> l<393:64> el<393:65>
                                                          n<9> u<3295> t<INTEGRAL_NUMBER> p<3296> l<393:64> el<393:65>
                                        n<> u<3325> t<Case_item> p<3747> c<3309> s<3345> l<394:25> el<394:67>
                                          n<> u<3309> t<Expression> p<3325> c<3308> s<3324> l<394:25> el<394:33>
                                            n<> u<3308> t<Primary> p<3309> c<3307> l<394:25> el<394:33>
                                              n<> u<3307> t<Primary_literal> p<3308> c<3306> l<394:25> el<394:33>
                                                n<5'b01010> u<3306> t<INTEGRAL_NUMBER> p<3307> l<394:25> el<394:33>
                                          n<> u<3324> t<Statement_or_null> p<3325> c<3323> l<394:36> el<394:67>
                                            n<> u<3323> t<Statement> p<3324> c<3322> l<394:36> el<394:67>
                                              n<> u<3322> t<Statement_item> p<3323> c<3321> l<394:36> el<394:67>
                                                n<> u<3321> t<Procedural_continuous_assignment> p<3322> c<3320> l<394:36> el<394:66>
                                                  n<> u<3320> t<ASSIGN> p<3321> s<3319> l<394:36> el<394:42>
                                                  n<> u<3319> t<Variable_assignment> p<3321> c<3314> l<394:43> el<394:66>
                                                    n<> u<3314> t<Variable_lvalue> p<3319> c<3311> s<3318> l<394:43> el<394:61>
                                                      n<> u<3311> t<Ps_or_hierarchical_identifier> p<3314> c<3310> s<3313> l<394:43> el<394:61>
                                                        n<CNTVALUEIN_INTEGER> u<3310> t<SIMPLE_IDENTIFIER> p<3311> l<394:43> el<394:61>
                                                      n<> u<3313> t<Select> p<3314> c<3312> l<394:62> el<394:62>
                                                        n<> u<3312> t<Bit_select> p<3313> l<394:62> el<394:62>
                                                    n<> u<3318> t<Expression> p<3319> c<3317> l<394:64> el<394:66>
                                                      n<> u<3317> t<Primary> p<3318> c<3316> l<394:64> el<394:66>
                                                        n<> u<3316> t<Primary_literal> p<3317> c<3315> l<394:64> el<394:66>
                                                          n<10> u<3315> t<INTEGRAL_NUMBER> p<3316> l<394:64> el<394:66>
                                        n<> u<3345> t<Case_item> p<3747> c<3329> s<3365> l<395:25> el<395:67>
                                          n<> u<3329> t<Expression> p<3345> c<3328> s<3344> l<395:25> el<395:33>
                                            n<> u<3328> t<Primary> p<3329> c<3327> l<395:25> el<395:33>
                                              n<> u<3327> t<Primary_literal> p<3328> c<3326> l<395:25> el<395:33>
                                                n<5'b01011> u<3326> t<INTEGRAL_NUMBER> p<3327> l<395:25> el<395:33>
                                          n<> u<3344> t<Statement_or_null> p<3345> c<3343> l<395:36> el<395:67>
                                            n<> u<3343> t<Statement> p<3344> c<3342> l<395:36> el<395:67>
                                              n<> u<3342> t<Statement_item> p<3343> c<3341> l<395:36> el<395:67>
                                                n<> u<3341> t<Procedural_continuous_assignment> p<3342> c<3340> l<395:36> el<395:66>
                                                  n<> u<3340> t<ASSIGN> p<3341> s<3339> l<395:36> el<395:42>
                                                  n<> u<3339> t<Variable_assignment> p<3341> c<3334> l<395:43> el<395:66>
                                                    n<> u<3334> t<Variable_lvalue> p<3339> c<3331> s<3338> l<395:43> el<395:61>
                                                      n<> u<3331> t<Ps_or_hierarchical_identifier> p<3334> c<3330> s<3333> l<395:43> el<395:61>
                                                        n<CNTVALUEIN_INTEGER> u<3330> t<SIMPLE_IDENTIFIER> p<3331> l<395:43> el<395:61>
                                                      n<> u<3333> t<Select> p<3334> c<3332> l<395:62> el<395:62>
                                                        n<> u<3332> t<Bit_select> p<3333> l<395:62> el<395:62>
                                                    n<> u<3338> t<Expression> p<3339> c<3337> l<395:64> el<395:66>
                                                      n<> u<3337> t<Primary> p<3338> c<3336> l<395:64> el<395:66>
                                                        n<> u<3336> t<Primary_literal> p<3337> c<3335> l<395:64> el<395:66>
                                                          n<11> u<3335> t<INTEGRAL_NUMBER> p<3336> l<395:64> el<395:66>
                                        n<> u<3365> t<Case_item> p<3747> c<3349> s<3385> l<396:25> el<396:67>
                                          n<> u<3349> t<Expression> p<3365> c<3348> s<3364> l<396:25> el<396:33>
                                            n<> u<3348> t<Primary> p<3349> c<3347> l<396:25> el<396:33>
                                              n<> u<3347> t<Primary_literal> p<3348> c<3346> l<396:25> el<396:33>
                                                n<5'b01100> u<3346> t<INTEGRAL_NUMBER> p<3347> l<396:25> el<396:33>
                                          n<> u<3364> t<Statement_or_null> p<3365> c<3363> l<396:36> el<396:67>
                                            n<> u<3363> t<Statement> p<3364> c<3362> l<396:36> el<396:67>
                                              n<> u<3362> t<Statement_item> p<3363> c<3361> l<396:36> el<396:67>
                                                n<> u<3361> t<Procedural_continuous_assignment> p<3362> c<3360> l<396:36> el<396:66>
                                                  n<> u<3360> t<ASSIGN> p<3361> s<3359> l<396:36> el<396:42>
                                                  n<> u<3359> t<Variable_assignment> p<3361> c<3354> l<396:43> el<396:66>
                                                    n<> u<3354> t<Variable_lvalue> p<3359> c<3351> s<3358> l<396:43> el<396:61>
                                                      n<> u<3351> t<Ps_or_hierarchical_identifier> p<3354> c<3350> s<3353> l<396:43> el<396:61>
                                                        n<CNTVALUEIN_INTEGER> u<3350> t<SIMPLE_IDENTIFIER> p<3351> l<396:43> el<396:61>
                                                      n<> u<3353> t<Select> p<3354> c<3352> l<396:62> el<396:62>
                                                        n<> u<3352> t<Bit_select> p<3353> l<396:62> el<396:62>
                                                    n<> u<3358> t<Expression> p<3359> c<3357> l<396:64> el<396:66>
                                                      n<> u<3357> t<Primary> p<3358> c<3356> l<396:64> el<396:66>
                                                        n<> u<3356> t<Primary_literal> p<3357> c<3355> l<396:64> el<396:66>
                                                          n<12> u<3355> t<INTEGRAL_NUMBER> p<3356> l<396:64> el<396:66>
                                        n<> u<3385> t<Case_item> p<3747> c<3369> s<3405> l<397:25> el<397:67>
                                          n<> u<3369> t<Expression> p<3385> c<3368> s<3384> l<397:25> el<397:33>
                                            n<> u<3368> t<Primary> p<3369> c<3367> l<397:25> el<397:33>
                                              n<> u<3367> t<Primary_literal> p<3368> c<3366> l<397:25> el<397:33>
                                                n<5'b01101> u<3366> t<INTEGRAL_NUMBER> p<3367> l<397:25> el<397:33>
                                          n<> u<3384> t<Statement_or_null> p<3385> c<3383> l<397:36> el<397:67>
                                            n<> u<3383> t<Statement> p<3384> c<3382> l<397:36> el<397:67>
                                              n<> u<3382> t<Statement_item> p<3383> c<3381> l<397:36> el<397:67>
                                                n<> u<3381> t<Procedural_continuous_assignment> p<3382> c<3380> l<397:36> el<397:66>
                                                  n<> u<3380> t<ASSIGN> p<3381> s<3379> l<397:36> el<397:42>
                                                  n<> u<3379> t<Variable_assignment> p<3381> c<3374> l<397:43> el<397:66>
                                                    n<> u<3374> t<Variable_lvalue> p<3379> c<3371> s<3378> l<397:43> el<397:61>
                                                      n<> u<3371> t<Ps_or_hierarchical_identifier> p<3374> c<3370> s<3373> l<397:43> el<397:61>
                                                        n<CNTVALUEIN_INTEGER> u<3370> t<SIMPLE_IDENTIFIER> p<3371> l<397:43> el<397:61>
                                                      n<> u<3373> t<Select> p<3374> c<3372> l<397:62> el<397:62>
                                                        n<> u<3372> t<Bit_select> p<3373> l<397:62> el<397:62>
                                                    n<> u<3378> t<Expression> p<3379> c<3377> l<397:64> el<397:66>
                                                      n<> u<3377> t<Primary> p<3378> c<3376> l<397:64> el<397:66>
                                                        n<> u<3376> t<Primary_literal> p<3377> c<3375> l<397:64> el<397:66>
                                                          n<13> u<3375> t<INTEGRAL_NUMBER> p<3376> l<397:64> el<397:66>
                                        n<> u<3405> t<Case_item> p<3747> c<3389> s<3425> l<398:25> el<398:67>
                                          n<> u<3389> t<Expression> p<3405> c<3388> s<3404> l<398:25> el<398:33>
                                            n<> u<3388> t<Primary> p<3389> c<3387> l<398:25> el<398:33>
                                              n<> u<3387> t<Primary_literal> p<3388> c<3386> l<398:25> el<398:33>
                                                n<5'b01110> u<3386> t<INTEGRAL_NUMBER> p<3387> l<398:25> el<398:33>
                                          n<> u<3404> t<Statement_or_null> p<3405> c<3403> l<398:36> el<398:67>
                                            n<> u<3403> t<Statement> p<3404> c<3402> l<398:36> el<398:67>
                                              n<> u<3402> t<Statement_item> p<3403> c<3401> l<398:36> el<398:67>
                                                n<> u<3401> t<Procedural_continuous_assignment> p<3402> c<3400> l<398:36> el<398:66>
                                                  n<> u<3400> t<ASSIGN> p<3401> s<3399> l<398:36> el<398:42>
                                                  n<> u<3399> t<Variable_assignment> p<3401> c<3394> l<398:43> el<398:66>
                                                    n<> u<3394> t<Variable_lvalue> p<3399> c<3391> s<3398> l<398:43> el<398:61>
                                                      n<> u<3391> t<Ps_or_hierarchical_identifier> p<3394> c<3390> s<3393> l<398:43> el<398:61>
                                                        n<CNTVALUEIN_INTEGER> u<3390> t<SIMPLE_IDENTIFIER> p<3391> l<398:43> el<398:61>
                                                      n<> u<3393> t<Select> p<3394> c<3392> l<398:62> el<398:62>
                                                        n<> u<3392> t<Bit_select> p<3393> l<398:62> el<398:62>
                                                    n<> u<3398> t<Expression> p<3399> c<3397> l<398:64> el<398:66>
                                                      n<> u<3397> t<Primary> p<3398> c<3396> l<398:64> el<398:66>
                                                        n<> u<3396> t<Primary_literal> p<3397> c<3395> l<398:64> el<398:66>
                                                          n<14> u<3395> t<INTEGRAL_NUMBER> p<3396> l<398:64> el<398:66>
                                        n<> u<3425> t<Case_item> p<3747> c<3409> s<3445> l<399:25> el<399:67>
                                          n<> u<3409> t<Expression> p<3425> c<3408> s<3424> l<399:25> el<399:33>
                                            n<> u<3408> t<Primary> p<3409> c<3407> l<399:25> el<399:33>
                                              n<> u<3407> t<Primary_literal> p<3408> c<3406> l<399:25> el<399:33>
                                                n<5'b01111> u<3406> t<INTEGRAL_NUMBER> p<3407> l<399:25> el<399:33>
                                          n<> u<3424> t<Statement_or_null> p<3425> c<3423> l<399:36> el<399:67>
                                            n<> u<3423> t<Statement> p<3424> c<3422> l<399:36> el<399:67>
                                              n<> u<3422> t<Statement_item> p<3423> c<3421> l<399:36> el<399:67>
                                                n<> u<3421> t<Procedural_continuous_assignment> p<3422> c<3420> l<399:36> el<399:66>
                                                  n<> u<3420> t<ASSIGN> p<3421> s<3419> l<399:36> el<399:42>
                                                  n<> u<3419> t<Variable_assignment> p<3421> c<3414> l<399:43> el<399:66>
                                                    n<> u<3414> t<Variable_lvalue> p<3419> c<3411> s<3418> l<399:43> el<399:61>
                                                      n<> u<3411> t<Ps_or_hierarchical_identifier> p<3414> c<3410> s<3413> l<399:43> el<399:61>
                                                        n<CNTVALUEIN_INTEGER> u<3410> t<SIMPLE_IDENTIFIER> p<3411> l<399:43> el<399:61>
                                                      n<> u<3413> t<Select> p<3414> c<3412> l<399:62> el<399:62>
                                                        n<> u<3412> t<Bit_select> p<3413> l<399:62> el<399:62>
                                                    n<> u<3418> t<Expression> p<3419> c<3417> l<399:64> el<399:66>
                                                      n<> u<3417> t<Primary> p<3418> c<3416> l<399:64> el<399:66>
                                                        n<> u<3416> t<Primary_literal> p<3417> c<3415> l<399:64> el<399:66>
                                                          n<15> u<3415> t<INTEGRAL_NUMBER> p<3416> l<399:64> el<399:66>
                                        n<> u<3445> t<Case_item> p<3747> c<3429> s<3465> l<400:25> el<400:67>
                                          n<> u<3429> t<Expression> p<3445> c<3428> s<3444> l<400:25> el<400:33>
                                            n<> u<3428> t<Primary> p<3429> c<3427> l<400:25> el<400:33>
                                              n<> u<3427> t<Primary_literal> p<3428> c<3426> l<400:25> el<400:33>
                                                n<5'b10000> u<3426> t<INTEGRAL_NUMBER> p<3427> l<400:25> el<400:33>
                                          n<> u<3444> t<Statement_or_null> p<3445> c<3443> l<400:36> el<400:67>
                                            n<> u<3443> t<Statement> p<3444> c<3442> l<400:36> el<400:67>
                                              n<> u<3442> t<Statement_item> p<3443> c<3441> l<400:36> el<400:67>
                                                n<> u<3441> t<Procedural_continuous_assignment> p<3442> c<3440> l<400:36> el<400:66>
                                                  n<> u<3440> t<ASSIGN> p<3441> s<3439> l<400:36> el<400:42>
                                                  n<> u<3439> t<Variable_assignment> p<3441> c<3434> l<400:43> el<400:66>
                                                    n<> u<3434> t<Variable_lvalue> p<3439> c<3431> s<3438> l<400:43> el<400:61>
                                                      n<> u<3431> t<Ps_or_hierarchical_identifier> p<3434> c<3430> s<3433> l<400:43> el<400:61>
                                                        n<CNTVALUEIN_INTEGER> u<3430> t<SIMPLE_IDENTIFIER> p<3431> l<400:43> el<400:61>
                                                      n<> u<3433> t<Select> p<3434> c<3432> l<400:62> el<400:62>
                                                        n<> u<3432> t<Bit_select> p<3433> l<400:62> el<400:62>
                                                    n<> u<3438> t<Expression> p<3439> c<3437> l<400:64> el<400:66>
                                                      n<> u<3437> t<Primary> p<3438> c<3436> l<400:64> el<400:66>
                                                        n<> u<3436> t<Primary_literal> p<3437> c<3435> l<400:64> el<400:66>
                                                          n<16> u<3435> t<INTEGRAL_NUMBER> p<3436> l<400:64> el<400:66>
                                        n<> u<3465> t<Case_item> p<3747> c<3449> s<3485> l<401:25> el<401:67>
                                          n<> u<3449> t<Expression> p<3465> c<3448> s<3464> l<401:25> el<401:33>
                                            n<> u<3448> t<Primary> p<3449> c<3447> l<401:25> el<401:33>
                                              n<> u<3447> t<Primary_literal> p<3448> c<3446> l<401:25> el<401:33>
                                                n<5'b10001> u<3446> t<INTEGRAL_NUMBER> p<3447> l<401:25> el<401:33>
                                          n<> u<3464> t<Statement_or_null> p<3465> c<3463> l<401:36> el<401:67>
                                            n<> u<3463> t<Statement> p<3464> c<3462> l<401:36> el<401:67>
                                              n<> u<3462> t<Statement_item> p<3463> c<3461> l<401:36> el<401:67>
                                                n<> u<3461> t<Procedural_continuous_assignment> p<3462> c<3460> l<401:36> el<401:66>
                                                  n<> u<3460> t<ASSIGN> p<3461> s<3459> l<401:36> el<401:42>
                                                  n<> u<3459> t<Variable_assignment> p<3461> c<3454> l<401:43> el<401:66>
                                                    n<> u<3454> t<Variable_lvalue> p<3459> c<3451> s<3458> l<401:43> el<401:61>
                                                      n<> u<3451> t<Ps_or_hierarchical_identifier> p<3454> c<3450> s<3453> l<401:43> el<401:61>
                                                        n<CNTVALUEIN_INTEGER> u<3450> t<SIMPLE_IDENTIFIER> p<3451> l<401:43> el<401:61>
                                                      n<> u<3453> t<Select> p<3454> c<3452> l<401:62> el<401:62>
                                                        n<> u<3452> t<Bit_select> p<3453> l<401:62> el<401:62>
                                                    n<> u<3458> t<Expression> p<3459> c<3457> l<401:64> el<401:66>
                                                      n<> u<3457> t<Primary> p<3458> c<3456> l<401:64> el<401:66>
                                                        n<> u<3456> t<Primary_literal> p<3457> c<3455> l<401:64> el<401:66>
                                                          n<17> u<3455> t<INTEGRAL_NUMBER> p<3456> l<401:64> el<401:66>
                                        n<> u<3485> t<Case_item> p<3747> c<3469> s<3505> l<402:25> el<402:67>
                                          n<> u<3469> t<Expression> p<3485> c<3468> s<3484> l<402:25> el<402:33>
                                            n<> u<3468> t<Primary> p<3469> c<3467> l<402:25> el<402:33>
                                              n<> u<3467> t<Primary_literal> p<3468> c<3466> l<402:25> el<402:33>
                                                n<5'b10010> u<3466> t<INTEGRAL_NUMBER> p<3467> l<402:25> el<402:33>
                                          n<> u<3484> t<Statement_or_null> p<3485> c<3483> l<402:36> el<402:67>
                                            n<> u<3483> t<Statement> p<3484> c<3482> l<402:36> el<402:67>
                                              n<> u<3482> t<Statement_item> p<3483> c<3481> l<402:36> el<402:67>
                                                n<> u<3481> t<Procedural_continuous_assignment> p<3482> c<3480> l<402:36> el<402:66>
                                                  n<> u<3480> t<ASSIGN> p<3481> s<3479> l<402:36> el<402:42>
                                                  n<> u<3479> t<Variable_assignment> p<3481> c<3474> l<402:43> el<402:66>
                                                    n<> u<3474> t<Variable_lvalue> p<3479> c<3471> s<3478> l<402:43> el<402:61>
                                                      n<> u<3471> t<Ps_or_hierarchical_identifier> p<3474> c<3470> s<3473> l<402:43> el<402:61>
                                                        n<CNTVALUEIN_INTEGER> u<3470> t<SIMPLE_IDENTIFIER> p<3471> l<402:43> el<402:61>
                                                      n<> u<3473> t<Select> p<3474> c<3472> l<402:62> el<402:62>
                                                        n<> u<3472> t<Bit_select> p<3473> l<402:62> el<402:62>
                                                    n<> u<3478> t<Expression> p<3479> c<3477> l<402:64> el<402:66>
                                                      n<> u<3477> t<Primary> p<3478> c<3476> l<402:64> el<402:66>
                                                        n<> u<3476> t<Primary_literal> p<3477> c<3475> l<402:64> el<402:66>
                                                          n<18> u<3475> t<INTEGRAL_NUMBER> p<3476> l<402:64> el<402:66>
                                        n<> u<3505> t<Case_item> p<3747> c<3489> s<3525> l<403:25> el<403:67>
                                          n<> u<3489> t<Expression> p<3505> c<3488> s<3504> l<403:25> el<403:33>
                                            n<> u<3488> t<Primary> p<3489> c<3487> l<403:25> el<403:33>
                                              n<> u<3487> t<Primary_literal> p<3488> c<3486> l<403:25> el<403:33>
                                                n<5'b10011> u<3486> t<INTEGRAL_NUMBER> p<3487> l<403:25> el<403:33>
                                          n<> u<3504> t<Statement_or_null> p<3505> c<3503> l<403:36> el<403:67>
                                            n<> u<3503> t<Statement> p<3504> c<3502> l<403:36> el<403:67>
                                              n<> u<3502> t<Statement_item> p<3503> c<3501> l<403:36> el<403:67>
                                                n<> u<3501> t<Procedural_continuous_assignment> p<3502> c<3500> l<403:36> el<403:66>
                                                  n<> u<3500> t<ASSIGN> p<3501> s<3499> l<403:36> el<403:42>
                                                  n<> u<3499> t<Variable_assignment> p<3501> c<3494> l<403:43> el<403:66>
                                                    n<> u<3494> t<Variable_lvalue> p<3499> c<3491> s<3498> l<403:43> el<403:61>
                                                      n<> u<3491> t<Ps_or_hierarchical_identifier> p<3494> c<3490> s<3493> l<403:43> el<403:61>
                                                        n<CNTVALUEIN_INTEGER> u<3490> t<SIMPLE_IDENTIFIER> p<3491> l<403:43> el<403:61>
                                                      n<> u<3493> t<Select> p<3494> c<3492> l<403:62> el<403:62>
                                                        n<> u<3492> t<Bit_select> p<3493> l<403:62> el<403:62>
                                                    n<> u<3498> t<Expression> p<3499> c<3497> l<403:64> el<403:66>
                                                      n<> u<3497> t<Primary> p<3498> c<3496> l<403:64> el<403:66>
                                                        n<> u<3496> t<Primary_literal> p<3497> c<3495> l<403:64> el<403:66>
                                                          n<19> u<3495> t<INTEGRAL_NUMBER> p<3496> l<403:64> el<403:66>
                                        n<> u<3525> t<Case_item> p<3747> c<3509> s<3545> l<404:25> el<404:67>
                                          n<> u<3509> t<Expression> p<3525> c<3508> s<3524> l<404:25> el<404:33>
                                            n<> u<3508> t<Primary> p<3509> c<3507> l<404:25> el<404:33>
                                              n<> u<3507> t<Primary_literal> p<3508> c<3506> l<404:25> el<404:33>
                                                n<5'b10100> u<3506> t<INTEGRAL_NUMBER> p<3507> l<404:25> el<404:33>
                                          n<> u<3524> t<Statement_or_null> p<3525> c<3523> l<404:36> el<404:67>
                                            n<> u<3523> t<Statement> p<3524> c<3522> l<404:36> el<404:67>
                                              n<> u<3522> t<Statement_item> p<3523> c<3521> l<404:36> el<404:67>
                                                n<> u<3521> t<Procedural_continuous_assignment> p<3522> c<3520> l<404:36> el<404:66>
                                                  n<> u<3520> t<ASSIGN> p<3521> s<3519> l<404:36> el<404:42>
                                                  n<> u<3519> t<Variable_assignment> p<3521> c<3514> l<404:43> el<404:66>
                                                    n<> u<3514> t<Variable_lvalue> p<3519> c<3511> s<3518> l<404:43> el<404:61>
                                                      n<> u<3511> t<Ps_or_hierarchical_identifier> p<3514> c<3510> s<3513> l<404:43> el<404:61>
                                                        n<CNTVALUEIN_INTEGER> u<3510> t<SIMPLE_IDENTIFIER> p<3511> l<404:43> el<404:61>
                                                      n<> u<3513> t<Select> p<3514> c<3512> l<404:62> el<404:62>
                                                        n<> u<3512> t<Bit_select> p<3513> l<404:62> el<404:62>
                                                    n<> u<3518> t<Expression> p<3519> c<3517> l<404:64> el<404:66>
                                                      n<> u<3517> t<Primary> p<3518> c<3516> l<404:64> el<404:66>
                                                        n<> u<3516> t<Primary_literal> p<3517> c<3515> l<404:64> el<404:66>
                                                          n<20> u<3515> t<INTEGRAL_NUMBER> p<3516> l<404:64> el<404:66>
                                        n<> u<3545> t<Case_item> p<3747> c<3529> s<3565> l<405:25> el<405:67>
                                          n<> u<3529> t<Expression> p<3545> c<3528> s<3544> l<405:25> el<405:33>
                                            n<> u<3528> t<Primary> p<3529> c<3527> l<405:25> el<405:33>
                                              n<> u<3527> t<Primary_literal> p<3528> c<3526> l<405:25> el<405:33>
                                                n<5'b10101> u<3526> t<INTEGRAL_NUMBER> p<3527> l<405:25> el<405:33>
                                          n<> u<3544> t<Statement_or_null> p<3545> c<3543> l<405:36> el<405:67>
                                            n<> u<3543> t<Statement> p<3544> c<3542> l<405:36> el<405:67>
                                              n<> u<3542> t<Statement_item> p<3543> c<3541> l<405:36> el<405:67>
                                                n<> u<3541> t<Procedural_continuous_assignment> p<3542> c<3540> l<405:36> el<405:66>
                                                  n<> u<3540> t<ASSIGN> p<3541> s<3539> l<405:36> el<405:42>
                                                  n<> u<3539> t<Variable_assignment> p<3541> c<3534> l<405:43> el<405:66>
                                                    n<> u<3534> t<Variable_lvalue> p<3539> c<3531> s<3538> l<405:43> el<405:61>
                                                      n<> u<3531> t<Ps_or_hierarchical_identifier> p<3534> c<3530> s<3533> l<405:43> el<405:61>
                                                        n<CNTVALUEIN_INTEGER> u<3530> t<SIMPLE_IDENTIFIER> p<3531> l<405:43> el<405:61>
                                                      n<> u<3533> t<Select> p<3534> c<3532> l<405:62> el<405:62>
                                                        n<> u<3532> t<Bit_select> p<3533> l<405:62> el<405:62>
                                                    n<> u<3538> t<Expression> p<3539> c<3537> l<405:64> el<405:66>
                                                      n<> u<3537> t<Primary> p<3538> c<3536> l<405:64> el<405:66>
                                                        n<> u<3536> t<Primary_literal> p<3537> c<3535> l<405:64> el<405:66>
                                                          n<21> u<3535> t<INTEGRAL_NUMBER> p<3536> l<405:64> el<405:66>
                                        n<> u<3565> t<Case_item> p<3747> c<3549> s<3585> l<406:25> el<406:67>
                                          n<> u<3549> t<Expression> p<3565> c<3548> s<3564> l<406:25> el<406:33>
                                            n<> u<3548> t<Primary> p<3549> c<3547> l<406:25> el<406:33>
                                              n<> u<3547> t<Primary_literal> p<3548> c<3546> l<406:25> el<406:33>
                                                n<5'b10110> u<3546> t<INTEGRAL_NUMBER> p<3547> l<406:25> el<406:33>
                                          n<> u<3564> t<Statement_or_null> p<3565> c<3563> l<406:36> el<406:67>
                                            n<> u<3563> t<Statement> p<3564> c<3562> l<406:36> el<406:67>
                                              n<> u<3562> t<Statement_item> p<3563> c<3561> l<406:36> el<406:67>
                                                n<> u<3561> t<Procedural_continuous_assignment> p<3562> c<3560> l<406:36> el<406:66>
                                                  n<> u<3560> t<ASSIGN> p<3561> s<3559> l<406:36> el<406:42>
                                                  n<> u<3559> t<Variable_assignment> p<3561> c<3554> l<406:43> el<406:66>
                                                    n<> u<3554> t<Variable_lvalue> p<3559> c<3551> s<3558> l<406:43> el<406:61>
                                                      n<> u<3551> t<Ps_or_hierarchical_identifier> p<3554> c<3550> s<3553> l<406:43> el<406:61>
                                                        n<CNTVALUEIN_INTEGER> u<3550> t<SIMPLE_IDENTIFIER> p<3551> l<406:43> el<406:61>
                                                      n<> u<3553> t<Select> p<3554> c<3552> l<406:62> el<406:62>
                                                        n<> u<3552> t<Bit_select> p<3553> l<406:62> el<406:62>
                                                    n<> u<3558> t<Expression> p<3559> c<3557> l<406:64> el<406:66>
                                                      n<> u<3557> t<Primary> p<3558> c<3556> l<406:64> el<406:66>
                                                        n<> u<3556> t<Primary_literal> p<3557> c<3555> l<406:64> el<406:66>
                                                          n<22> u<3555> t<INTEGRAL_NUMBER> p<3556> l<406:64> el<406:66>
                                        n<> u<3585> t<Case_item> p<3747> c<3569> s<3605> l<407:25> el<407:67>
                                          n<> u<3569> t<Expression> p<3585> c<3568> s<3584> l<407:25> el<407:33>
                                            n<> u<3568> t<Primary> p<3569> c<3567> l<407:25> el<407:33>
                                              n<> u<3567> t<Primary_literal> p<3568> c<3566> l<407:25> el<407:33>
                                                n<5'b10111> u<3566> t<INTEGRAL_NUMBER> p<3567> l<407:25> el<407:33>
                                          n<> u<3584> t<Statement_or_null> p<3585> c<3583> l<407:36> el<407:67>
                                            n<> u<3583> t<Statement> p<3584> c<3582> l<407:36> el<407:67>
                                              n<> u<3582> t<Statement_item> p<3583> c<3581> l<407:36> el<407:67>
                                                n<> u<3581> t<Procedural_continuous_assignment> p<3582> c<3580> l<407:36> el<407:66>
                                                  n<> u<3580> t<ASSIGN> p<3581> s<3579> l<407:36> el<407:42>
                                                  n<> u<3579> t<Variable_assignment> p<3581> c<3574> l<407:43> el<407:66>
                                                    n<> u<3574> t<Variable_lvalue> p<3579> c<3571> s<3578> l<407:43> el<407:61>
                                                      n<> u<3571> t<Ps_or_hierarchical_identifier> p<3574> c<3570> s<3573> l<407:43> el<407:61>
                                                        n<CNTVALUEIN_INTEGER> u<3570> t<SIMPLE_IDENTIFIER> p<3571> l<407:43> el<407:61>
                                                      n<> u<3573> t<Select> p<3574> c<3572> l<407:62> el<407:62>
                                                        n<> u<3572> t<Bit_select> p<3573> l<407:62> el<407:62>
                                                    n<> u<3578> t<Expression> p<3579> c<3577> l<407:64> el<407:66>
                                                      n<> u<3577> t<Primary> p<3578> c<3576> l<407:64> el<407:66>
                                                        n<> u<3576> t<Primary_literal> p<3577> c<3575> l<407:64> el<407:66>
                                                          n<23> u<3575> t<INTEGRAL_NUMBER> p<3576> l<407:64> el<407:66>
                                        n<> u<3605> t<Case_item> p<3747> c<3589> s<3625> l<408:25> el<408:67>
                                          n<> u<3589> t<Expression> p<3605> c<3588> s<3604> l<408:25> el<408:33>
                                            n<> u<3588> t<Primary> p<3589> c<3587> l<408:25> el<408:33>
                                              n<> u<3587> t<Primary_literal> p<3588> c<3586> l<408:25> el<408:33>
                                                n<5'b11000> u<3586> t<INTEGRAL_NUMBER> p<3587> l<408:25> el<408:33>
                                          n<> u<3604> t<Statement_or_null> p<3605> c<3603> l<408:36> el<408:67>
                                            n<> u<3603> t<Statement> p<3604> c<3602> l<408:36> el<408:67>
                                              n<> u<3602> t<Statement_item> p<3603> c<3601> l<408:36> el<408:67>
                                                n<> u<3601> t<Procedural_continuous_assignment> p<3602> c<3600> l<408:36> el<408:66>
                                                  n<> u<3600> t<ASSIGN> p<3601> s<3599> l<408:36> el<408:42>
                                                  n<> u<3599> t<Variable_assignment> p<3601> c<3594> l<408:43> el<408:66>
                                                    n<> u<3594> t<Variable_lvalue> p<3599> c<3591> s<3598> l<408:43> el<408:61>
                                                      n<> u<3591> t<Ps_or_hierarchical_identifier> p<3594> c<3590> s<3593> l<408:43> el<408:61>
                                                        n<CNTVALUEIN_INTEGER> u<3590> t<SIMPLE_IDENTIFIER> p<3591> l<408:43> el<408:61>
                                                      n<> u<3593> t<Select> p<3594> c<3592> l<408:62> el<408:62>
                                                        n<> u<3592> t<Bit_select> p<3593> l<408:62> el<408:62>
                                                    n<> u<3598> t<Expression> p<3599> c<3597> l<408:64> el<408:66>
                                                      n<> u<3597> t<Primary> p<3598> c<3596> l<408:64> el<408:66>
                                                        n<> u<3596> t<Primary_literal> p<3597> c<3595> l<408:64> el<408:66>
                                                          n<24> u<3595> t<INTEGRAL_NUMBER> p<3596> l<408:64> el<408:66>
                                        n<> u<3625> t<Case_item> p<3747> c<3609> s<3645> l<409:25> el<409:67>
                                          n<> u<3609> t<Expression> p<3625> c<3608> s<3624> l<409:25> el<409:33>
                                            n<> u<3608> t<Primary> p<3609> c<3607> l<409:25> el<409:33>
                                              n<> u<3607> t<Primary_literal> p<3608> c<3606> l<409:25> el<409:33>
                                                n<5'b11001> u<3606> t<INTEGRAL_NUMBER> p<3607> l<409:25> el<409:33>
                                          n<> u<3624> t<Statement_or_null> p<3625> c<3623> l<409:36> el<409:67>
                                            n<> u<3623> t<Statement> p<3624> c<3622> l<409:36> el<409:67>
                                              n<> u<3622> t<Statement_item> p<3623> c<3621> l<409:36> el<409:67>
                                                n<> u<3621> t<Procedural_continuous_assignment> p<3622> c<3620> l<409:36> el<409:66>
                                                  n<> u<3620> t<ASSIGN> p<3621> s<3619> l<409:36> el<409:42>
                                                  n<> u<3619> t<Variable_assignment> p<3621> c<3614> l<409:43> el<409:66>
                                                    n<> u<3614> t<Variable_lvalue> p<3619> c<3611> s<3618> l<409:43> el<409:61>
                                                      n<> u<3611> t<Ps_or_hierarchical_identifier> p<3614> c<3610> s<3613> l<409:43> el<409:61>
                                                        n<CNTVALUEIN_INTEGER> u<3610> t<SIMPLE_IDENTIFIER> p<3611> l<409:43> el<409:61>
                                                      n<> u<3613> t<Select> p<3614> c<3612> l<409:62> el<409:62>
                                                        n<> u<3612> t<Bit_select> p<3613> l<409:62> el<409:62>
                                                    n<> u<3618> t<Expression> p<3619> c<3617> l<409:64> el<409:66>
                                                      n<> u<3617> t<Primary> p<3618> c<3616> l<409:64> el<409:66>
                                                        n<> u<3616> t<Primary_literal> p<3617> c<3615> l<409:64> el<409:66>
                                                          n<25> u<3615> t<INTEGRAL_NUMBER> p<3616> l<409:64> el<409:66>
                                        n<> u<3645> t<Case_item> p<3747> c<3629> s<3665> l<410:25> el<410:67>
                                          n<> u<3629> t<Expression> p<3645> c<3628> s<3644> l<410:25> el<410:33>
                                            n<> u<3628> t<Primary> p<3629> c<3627> l<410:25> el<410:33>
                                              n<> u<3627> t<Primary_literal> p<3628> c<3626> l<410:25> el<410:33>
                                                n<5'b11010> u<3626> t<INTEGRAL_NUMBER> p<3627> l<410:25> el<410:33>
                                          n<> u<3644> t<Statement_or_null> p<3645> c<3643> l<410:36> el<410:67>
                                            n<> u<3643> t<Statement> p<3644> c<3642> l<410:36> el<410:67>
                                              n<> u<3642> t<Statement_item> p<3643> c<3641> l<410:36> el<410:67>
                                                n<> u<3641> t<Procedural_continuous_assignment> p<3642> c<3640> l<410:36> el<410:66>
                                                  n<> u<3640> t<ASSIGN> p<3641> s<3639> l<410:36> el<410:42>
                                                  n<> u<3639> t<Variable_assignment> p<3641> c<3634> l<410:43> el<410:66>
                                                    n<> u<3634> t<Variable_lvalue> p<3639> c<3631> s<3638> l<410:43> el<410:61>
                                                      n<> u<3631> t<Ps_or_hierarchical_identifier> p<3634> c<3630> s<3633> l<410:43> el<410:61>
                                                        n<CNTVALUEIN_INTEGER> u<3630> t<SIMPLE_IDENTIFIER> p<3631> l<410:43> el<410:61>
                                                      n<> u<3633> t<Select> p<3634> c<3632> l<410:62> el<410:62>
                                                        n<> u<3632> t<Bit_select> p<3633> l<410:62> el<410:62>
                                                    n<> u<3638> t<Expression> p<3639> c<3637> l<410:64> el<410:66>
                                                      n<> u<3637> t<Primary> p<3638> c<3636> l<410:64> el<410:66>
                                                        n<> u<3636> t<Primary_literal> p<3637> c<3635> l<410:64> el<410:66>
                                                          n<26> u<3635> t<INTEGRAL_NUMBER> p<3636> l<410:64> el<410:66>
                                        n<> u<3665> t<Case_item> p<3747> c<3649> s<3685> l<411:25> el<411:67>
                                          n<> u<3649> t<Expression> p<3665> c<3648> s<3664> l<411:25> el<411:33>
                                            n<> u<3648> t<Primary> p<3649> c<3647> l<411:25> el<411:33>
                                              n<> u<3647> t<Primary_literal> p<3648> c<3646> l<411:25> el<411:33>
                                                n<5'b11011> u<3646> t<INTEGRAL_NUMBER> p<3647> l<411:25> el<411:33>
                                          n<> u<3664> t<Statement_or_null> p<3665> c<3663> l<411:36> el<411:67>
                                            n<> u<3663> t<Statement> p<3664> c<3662> l<411:36> el<411:67>
                                              n<> u<3662> t<Statement_item> p<3663> c<3661> l<411:36> el<411:67>
                                                n<> u<3661> t<Procedural_continuous_assignment> p<3662> c<3660> l<411:36> el<411:66>
                                                  n<> u<3660> t<ASSIGN> p<3661> s<3659> l<411:36> el<411:42>
                                                  n<> u<3659> t<Variable_assignment> p<3661> c<3654> l<411:43> el<411:66>
                                                    n<> u<3654> t<Variable_lvalue> p<3659> c<3651> s<3658> l<411:43> el<411:61>
                                                      n<> u<3651> t<Ps_or_hierarchical_identifier> p<3654> c<3650> s<3653> l<411:43> el<411:61>
                                                        n<CNTVALUEIN_INTEGER> u<3650> t<SIMPLE_IDENTIFIER> p<3651> l<411:43> el<411:61>
                                                      n<> u<3653> t<Select> p<3654> c<3652> l<411:62> el<411:62>
                                                        n<> u<3652> t<Bit_select> p<3653> l<411:62> el<411:62>
                                                    n<> u<3658> t<Expression> p<3659> c<3657> l<411:64> el<411:66>
                                                      n<> u<3657> t<Primary> p<3658> c<3656> l<411:64> el<411:66>
                                                        n<> u<3656> t<Primary_literal> p<3657> c<3655> l<411:64> el<411:66>
                                                          n<27> u<3655> t<INTEGRAL_NUMBER> p<3656> l<411:64> el<411:66>
                                        n<> u<3685> t<Case_item> p<3747> c<3669> s<3705> l<412:25> el<412:67>
                                          n<> u<3669> t<Expression> p<3685> c<3668> s<3684> l<412:25> el<412:33>
                                            n<> u<3668> t<Primary> p<3669> c<3667> l<412:25> el<412:33>
                                              n<> u<3667> t<Primary_literal> p<3668> c<3666> l<412:25> el<412:33>
                                                n<5'b11100> u<3666> t<INTEGRAL_NUMBER> p<3667> l<412:25> el<412:33>
                                          n<> u<3684> t<Statement_or_null> p<3685> c<3683> l<412:36> el<412:67>
                                            n<> u<3683> t<Statement> p<3684> c<3682> l<412:36> el<412:67>
                                              n<> u<3682> t<Statement_item> p<3683> c<3681> l<412:36> el<412:67>
                                                n<> u<3681> t<Procedural_continuous_assignment> p<3682> c<3680> l<412:36> el<412:66>
                                                  n<> u<3680> t<ASSIGN> p<3681> s<3679> l<412:36> el<412:42>
                                                  n<> u<3679> t<Variable_assignment> p<3681> c<3674> l<412:43> el<412:66>
                                                    n<> u<3674> t<Variable_lvalue> p<3679> c<3671> s<3678> l<412:43> el<412:61>
                                                      n<> u<3671> t<Ps_or_hierarchical_identifier> p<3674> c<3670> s<3673> l<412:43> el<412:61>
                                                        n<CNTVALUEIN_INTEGER> u<3670> t<SIMPLE_IDENTIFIER> p<3671> l<412:43> el<412:61>
                                                      n<> u<3673> t<Select> p<3674> c<3672> l<412:62> el<412:62>
                                                        n<> u<3672> t<Bit_select> p<3673> l<412:62> el<412:62>
                                                    n<> u<3678> t<Expression> p<3679> c<3677> l<412:64> el<412:66>
                                                      n<> u<3677> t<Primary> p<3678> c<3676> l<412:64> el<412:66>
                                                        n<> u<3676> t<Primary_literal> p<3677> c<3675> l<412:64> el<412:66>
                                                          n<28> u<3675> t<INTEGRAL_NUMBER> p<3676> l<412:64> el<412:66>
                                        n<> u<3705> t<Case_item> p<3747> c<3689> s<3725> l<413:25> el<413:67>
                                          n<> u<3689> t<Expression> p<3705> c<3688> s<3704> l<413:25> el<413:33>
                                            n<> u<3688> t<Primary> p<3689> c<3687> l<413:25> el<413:33>
                                              n<> u<3687> t<Primary_literal> p<3688> c<3686> l<413:25> el<413:33>
                                                n<5'b11101> u<3686> t<INTEGRAL_NUMBER> p<3687> l<413:25> el<413:33>
                                          n<> u<3704> t<Statement_or_null> p<3705> c<3703> l<413:36> el<413:67>
                                            n<> u<3703> t<Statement> p<3704> c<3702> l<413:36> el<413:67>
                                              n<> u<3702> t<Statement_item> p<3703> c<3701> l<413:36> el<413:67>
                                                n<> u<3701> t<Procedural_continuous_assignment> p<3702> c<3700> l<413:36> el<413:66>
                                                  n<> u<3700> t<ASSIGN> p<3701> s<3699> l<413:36> el<413:42>
                                                  n<> u<3699> t<Variable_assignment> p<3701> c<3694> l<413:43> el<413:66>
                                                    n<> u<3694> t<Variable_lvalue> p<3699> c<3691> s<3698> l<413:43> el<413:61>
                                                      n<> u<3691> t<Ps_or_hierarchical_identifier> p<3694> c<3690> s<3693> l<413:43> el<413:61>
                                                        n<CNTVALUEIN_INTEGER> u<3690> t<SIMPLE_IDENTIFIER> p<3691> l<413:43> el<413:61>
                                                      n<> u<3693> t<Select> p<3694> c<3692> l<413:62> el<413:62>
                                                        n<> u<3692> t<Bit_select> p<3693> l<413:62> el<413:62>
                                                    n<> u<3698> t<Expression> p<3699> c<3697> l<413:64> el<413:66>
                                                      n<> u<3697> t<Primary> p<3698> c<3696> l<413:64> el<413:66>
                                                        n<> u<3696> t<Primary_literal> p<3697> c<3695> l<413:64> el<413:66>
                                                          n<29> u<3695> t<INTEGRAL_NUMBER> p<3696> l<413:64> el<413:66>
                                        n<> u<3725> t<Case_item> p<3747> c<3709> s<3745> l<414:25> el<414:67>
                                          n<> u<3709> t<Expression> p<3725> c<3708> s<3724> l<414:25> el<414:33>
                                            n<> u<3708> t<Primary> p<3709> c<3707> l<414:25> el<414:33>
                                              n<> u<3707> t<Primary_literal> p<3708> c<3706> l<414:25> el<414:33>
                                                n<5'b11110> u<3706> t<INTEGRAL_NUMBER> p<3707> l<414:25> el<414:33>
                                          n<> u<3724> t<Statement_or_null> p<3725> c<3723> l<414:36> el<414:67>
                                            n<> u<3723> t<Statement> p<3724> c<3722> l<414:36> el<414:67>
                                              n<> u<3722> t<Statement_item> p<3723> c<3721> l<414:36> el<414:67>
                                                n<> u<3721> t<Procedural_continuous_assignment> p<3722> c<3720> l<414:36> el<414:66>
                                                  n<> u<3720> t<ASSIGN> p<3721> s<3719> l<414:36> el<414:42>
                                                  n<> u<3719> t<Variable_assignment> p<3721> c<3714> l<414:43> el<414:66>
                                                    n<> u<3714> t<Variable_lvalue> p<3719> c<3711> s<3718> l<414:43> el<414:61>
                                                      n<> u<3711> t<Ps_or_hierarchical_identifier> p<3714> c<3710> s<3713> l<414:43> el<414:61>
                                                        n<CNTVALUEIN_INTEGER> u<3710> t<SIMPLE_IDENTIFIER> p<3711> l<414:43> el<414:61>
                                                      n<> u<3713> t<Select> p<3714> c<3712> l<414:62> el<414:62>
                                                        n<> u<3712> t<Bit_select> p<3713> l<414:62> el<414:62>
                                                    n<> u<3718> t<Expression> p<3719> c<3717> l<414:64> el<414:66>
                                                      n<> u<3717> t<Primary> p<3718> c<3716> l<414:64> el<414:66>
                                                        n<> u<3716> t<Primary_literal> p<3717> c<3715> l<414:64> el<414:66>
                                                          n<30> u<3715> t<INTEGRAL_NUMBER> p<3716> l<414:64> el<414:66>
                                        n<> u<3745> t<Case_item> p<3747> c<3729> s<3746> l<415:25> el<415:67>
                                          n<> u<3729> t<Expression> p<3745> c<3728> s<3744> l<415:25> el<415:33>
                                            n<> u<3728> t<Primary> p<3729> c<3727> l<415:25> el<415:33>
                                              n<> u<3727> t<Primary_literal> p<3728> c<3726> l<415:25> el<415:33>
                                                n<5'b11111> u<3726> t<INTEGRAL_NUMBER> p<3727> l<415:25> el<415:33>
                                          n<> u<3744> t<Statement_or_null> p<3745> c<3743> l<415:36> el<415:67>
                                            n<> u<3743> t<Statement> p<3744> c<3742> l<415:36> el<415:67>
                                              n<> u<3742> t<Statement_item> p<3743> c<3741> l<415:36> el<415:67>
                                                n<> u<3741> t<Procedural_continuous_assignment> p<3742> c<3740> l<415:36> el<415:66>
                                                  n<> u<3740> t<ASSIGN> p<3741> s<3739> l<415:36> el<415:42>
                                                  n<> u<3739> t<Variable_assignment> p<3741> c<3734> l<415:43> el<415:66>
                                                    n<> u<3734> t<Variable_lvalue> p<3739> c<3731> s<3738> l<415:43> el<415:61>
                                                      n<> u<3731> t<Ps_or_hierarchical_identifier> p<3734> c<3730> s<3733> l<415:43> el<415:61>
                                                        n<CNTVALUEIN_INTEGER> u<3730> t<SIMPLE_IDENTIFIER> p<3731> l<415:43> el<415:61>
                                                      n<> u<3733> t<Select> p<3734> c<3732> l<415:62> el<415:62>
                                                        n<> u<3732> t<Bit_select> p<3733> l<415:62> el<415:62>
                                                    n<> u<3738> t<Expression> p<3739> c<3737> l<415:64> el<415:66>
                                                      n<> u<3737> t<Primary> p<3738> c<3736> l<415:64> el<415:66>
                                                        n<> u<3736> t<Primary_literal> p<3737> c<3735> l<415:64> el<415:66>
                                                          n<31> u<3735> t<INTEGRAL_NUMBER> p<3736> l<415:64> el<415:66>
                                        n<> u<3746> t<ENDCASE> p<3747> l<416:17> el<416:24>
                                n<> u<3751> t<END> p<3752> l<417:5> el<417:8>
        n<//*********************************************************> u<3764> t<LINE_COMMENT> p<5224> s<3765> l<420:1> el<420:60>
        n<//*** SELECT IDATA signal> u<3765> t<LINE_COMMENT> p<5224> s<3766> l<421:1> el<421:26>
        n<//*********************************************************> u<3766> t<LINE_COMMENT> p<5224> s<3884> l<422:1> el<422:60>
        n<> u<3884> t<Module_item> p<5224> c<3883> s<3885> l<424:5> el<441:8>
          n<> u<3883> t<Non_port_module_item> p<3884> c<3882> l<424:5> el<441:8>
            n<> u<3882> t<Module_or_generate_item> p<3883> c<3881> l<424:5> el<441:8>
              n<> u<3881> t<Module_common_item> p<3882> c<3880> l<424:5> el<441:8>
                n<> u<3880> t<Always_construct> p<3881> c<3767> l<424:5> el<441:8>
                  n<> u<3767> t<ALWAYS> p<3880> s<3879> l<424:5> el<424:11>
                  n<> u<3879> t<Statement> p<3880> c<3878> l<424:12> el<441:8>
                    n<> u<3878> t<Statement_item> p<3879> c<3877> l<424:12> el<441:8>
                      n<> u<3877> t<Procedural_timing_control_statement> p<3878> c<3781> l<424:12> el<441:8>
                        n<> u<3781> t<Procedural_timing_control> p<3877> c<3780> s<3876> l<424:12> el<424:37>
                          n<> u<3780> t<Event_control> p<3781> c<3779> l<424:12> el<424:37>
                            n<> u<3779> t<Event_expression> p<3780> c<3772> l<424:14> el<424:36>
                              n<> u<3772> t<Event_expression> p<3779> c<3771> s<3773> l<424:14> el<424:22>
                                n<> u<3771> t<Expression> p<3772> c<3770> l<424:14> el<424:22>
                                  n<> u<3770> t<Primary> p<3771> c<3769> l<424:14> el<424:22>
                                    n<> u<3769> t<Primary_literal> p<3770> c<3768> l<424:14> el<424:22>
                                      n<clkin_in> u<3768> t<SIMPLE_IDENTIFIER> p<3769> l<424:14> el<424:22>
                              n<> u<3773> t<Or_operator> p<3779> s<3778> l<424:23> el<424:25>
                              n<> u<3778> t<Event_expression> p<3779> c<3777> l<424:26> el<424:36>
                                n<> u<3777> t<Expression> p<3778> c<3776> l<424:26> el<424:36>
                                  n<> u<3776> t<Primary> p<3777> c<3775> l<424:26> el<424:36>
                                    n<> u<3775> t<Primary_literal> p<3776> c<3774> l<424:26> el<424:36>
                                      n<odatain_in> u<3774> t<SIMPLE_IDENTIFIER> p<3775> l<424:26> el<424:36>
                        n<> u<3876> t<Statement_or_null> p<3877> c<3875> l<424:38> el<441:8>
                          n<> u<3875> t<Statement> p<3876> c<3874> l<424:38> el<441:8>
                            n<> u<3874> t<Statement_item> p<3875> c<3873> l<424:38> el<441:8>
                              n<> u<3873> t<Seq_block> p<3874> c<3870> l<424:38> el<441:8>
                                n<> u<3870> t<Statement_or_null> p<3873> c<3869> s<3871> l<426:9> el<439:16>
                                  n<> u<3869> t<Statement> p<3870> c<3868> l<426:9> el<439:16>
                                    n<> u<3868> t<Statement_item> p<3869> c<3867> l<426:9> el<439:16>
                                      n<> u<3867> t<Case_statement> p<3868> c<3783> l<426:9> el<439:16>
                                        n<> u<3783> t<Case_keyword> p<3867> c<3782> s<3787> l<426:9> el<426:13>
                                          n<> u<3782> t<CASE> p<3783> l<426:9> el<426:13>
                                        n<> u<3787> t<Expression> p<3867> c<3786> s<3810> l<426:15> el<426:24>
                                          n<> u<3786> t<Primary> p<3787> c<3785> l<426:15> el<426:24>
                                            n<> u<3785> t<Primary_literal> p<3786> c<3784> l<426:15> el<426:24>
                                              n<DELAY_SRC> u<3784> t<SIMPLE_IDENTIFIER> p<3785> l<426:15> el<426:24>
                                        n<> u<3810> t<Case_item> p<3867> c<3791> s<3833> l<428:13> el<430:28>
                                          n<> u<3791> t<Expression> p<3810> c<3790> s<3809> l<428:13> el<428:22>
                                            n<> u<3790> t<Primary> p<3791> c<3789> l<428:13> el<428:22>
                                              n<> u<3789> t<Primary_literal> p<3790> c<3788> l<428:13> el<428:22>
                                                n<"ODATAIN"> u<3788> t<QUOTED_STRING> p<3789> l<428:13> el<428:22>
                                          n<> u<3809> t<Statement_or_null> p<3810> c<3808> l<428:25> el<430:28>
                                            n<> u<3808> t<Statement> p<3809> c<3807> l<428:25> el<430:28>
                                              n<> u<3807> t<Statement_item> p<3808> c<3806> l<428:25> el<430:28>
                                                n<> u<3806> t<Seq_block> p<3807> c<3804> l<428:25> el<430:28>
                                                  n<> u<3804> t<Statement_or_null> p<3806> c<3803> s<3805> l<429:26> el<429:49>
                                                    n<> u<3803> t<Statement> p<3804> c<3802> l<429:26> el<429:49>
                                                      n<> u<3802> t<Statement_item> p<3803> c<3801> l<429:26> el<429:49>
                                                        n<> u<3801> t<Nonblocking_assignment> p<3802> c<3796> l<429:26> el<429:48>
                                                          n<> u<3796> t<Variable_lvalue> p<3801> c<3793> s<3800> l<429:26> el<429:34>
                                                            n<> u<3793> t<Ps_or_hierarchical_identifier> p<3796> c<3792> s<3795> l<429:26> el<429:34>
                                                              n<data_mux> u<3792> t<SIMPLE_IDENTIFIER> p<3793> l<429:26> el<429:34>
                                                            n<> u<3795> t<Select> p<3796> c<3794> l<429:35> el<429:35>
                                                              n<> u<3794> t<Bit_select> p<3795> l<429:35> el<429:35>
                                                          n<> u<3800> t<Expression> p<3801> c<3799> l<429:38> el<429:48>
                                                            n<> u<3799> t<Primary> p<3800> c<3798> l<429:38> el<429:48>
                                                              n<> u<3798> t<Primary_literal> p<3799> c<3797> l<429:38> el<429:48>
                                                                n<odatain_in> u<3797> t<SIMPLE_IDENTIFIER> p<3798> l<429:38> el<429:48>
                                                  n<> u<3805> t<END> p<3806> l<430:25> el<430:28>
                                        n<> u<3833> t<Case_item> p<3867> c<3814> s<3865> l<431:13> el<433:27>
                                          n<> u<3814> t<Expression> p<3833> c<3813> s<3832> l<431:13> el<431:20>
                                            n<> u<3813> t<Primary> p<3814> c<3812> l<431:13> el<431:20>
                                              n<> u<3812> t<Primary_literal> p<3813> c<3811> l<431:13> el<431:20>
                                                n<"CLKIN"> u<3811> t<QUOTED_STRING> p<3812> l<431:13> el<431:20>
                                          n<> u<3832> t<Statement_or_null> p<3833> c<3831> l<431:25> el<433:27>
                                            n<> u<3831> t<Statement> p<3832> c<3830> l<431:25> el<433:27>
                                              n<> u<3830> t<Statement_item> p<3831> c<3829> l<431:25> el<433:27>
                                                n<> u<3829> t<Seq_block> p<3830> c<3827> l<431:25> el<433:27>
                                                  n<> u<3827> t<Statement_or_null> p<3829> c<3826> s<3828> l<432:26> el<432:47>
                                                    n<> u<3826> t<Statement> p<3827> c<3825> l<432:26> el<432:47>
                                                      n<> u<3825> t<Statement_item> p<3826> c<3824> l<432:26> el<432:47>
                                                        n<> u<3824> t<Nonblocking_assignment> p<3825> c<3819> l<432:26> el<432:46>
                                                          n<> u<3819> t<Variable_lvalue> p<3824> c<3816> s<3823> l<432:26> el<432:34>
                                                            n<> u<3816> t<Ps_or_hierarchical_identifier> p<3819> c<3815> s<3818> l<432:26> el<432:34>
                                                              n<data_mux> u<3815> t<SIMPLE_IDENTIFIER> p<3816> l<432:26> el<432:34>
                                                            n<> u<3818> t<Select> p<3819> c<3817> l<432:35> el<432:35>
                                                              n<> u<3817> t<Bit_select> p<3818> l<432:35> el<432:35>
                                                          n<> u<3823> t<Expression> p<3824> c<3822> l<432:38> el<432:46>
                                                            n<> u<3822> t<Primary> p<3823> c<3821> l<432:38> el<432:46>
                                                              n<> u<3821> t<Primary_literal> p<3822> c<3820> l<432:38> el<432:46>
                                                                n<clkin_in> u<3820> t<SIMPLE_IDENTIFIER> p<3821> l<432:38> el<432:46>
                                                  n<> u<3828> t<END> p<3829> l<433:24> el<433:27>
                                        n<> u<3865> t<Case_item> p<3867> c<3864> s<3866> l<434:13> el<437:26>
                                          n<> u<3864> t<Statement_or_null> p<3865> c<3863> l<434:23> el<437:26>
                                            n<> u<3863> t<Statement> p<3864> c<3862> l<434:23> el<437:26>
                                              n<> u<3862> t<Statement_item> p<3863> c<3861> l<434:23> el<437:26>
                                                n<> u<3861> t<Seq_block> p<3862> c<3850> l<434:23> el<437:26>
                                                  n<> u<3850> t<Statement_or_null> p<3861> c<3849> s<3859> l<435:27> el<435:191>
                                                    n<> u<3849> t<Statement> p<3850> c<3848> l<435:27> el<435:191>
                                                      n<> u<3848> t<Statement_item> p<3849> c<3847> l<435:27> el<435:191>
                                                        n<> u<3847> t<Subroutine_call_statement> p<3848> c<3846> l<435:27> el<435:191>
                                                          n<> u<3846> t<Subroutine_call> p<3847> c<3834> l<435:27> el<435:190>
                                                            n<$> u<3834> t<DOLLAR> p<3846> s<3835> l<435:27> el<435:28>
                                                            n<display> u<3835> t<SIMPLE_IDENTIFIER> p<3846> s<3845> l<435:28> el<435:35>
                                                            n<> u<3845> t<Argument_list> p<3846> c<3839> l<435:36> el<435:189>
                                                              n<> u<3839> t<Expression> p<3845> c<3838> s<3844> l<435:36> el<435:178>
                                                                n<> u<3838> t<Primary> p<3839> c<3837> l<435:36> el<435:178>
                                                                  n<> u<3837> t<Primary_literal> p<3838> c<3836> l<435:36> el<435:178>
                                                                    n<"Attribute Syntax Error : The attribute DELAY_SRC on ODELAYE2 instance %m is set to %s.  Legal values for this attribute are CLKIN or ODATAIN"> u<3836> t<QUOTED_STRING> p<3837> l<435:36> el<435:178>
                                                              n<> u<3844> t<Argument> p<3845> c<3843> l<435:180> el<435:189>
                                                                n<> u<3843> t<Expression> p<3844> c<3842> l<435:180> el<435:189>
                                                                  n<> u<3842> t<Primary> p<3843> c<3841> l<435:180> el<435:189>
                                                                    n<> u<3841> t<Primary_literal> p<3842> c<3840> l<435:180> el<435:189>
                                                                      n<DELAY_SRC> u<3840> t<SIMPLE_IDENTIFIER> p<3841> l<435:180> el<435:189>
                                                  n<> u<3859> t<Statement_or_null> p<3861> c<3858> s<3860> l<436:27> el<436:35>
                                                    n<> u<3858> t<Statement> p<3859> c<3857> l<436:27> el<436:35>
                                                      n<> u<3857> t<Statement_item> p<3858> c<3856> l<436:27> el<436:35>
                                                        n<> u<3856> t<Subroutine_call_statement> p<3857> c<3855> l<436:27> el<436:35>
                                                          n<> u<3855> t<Subroutine_call> p<3856> c<3851> l<436:27> el<436:34>
                                                            n<$> u<3851> t<DOLLAR> p<3855> s<3852> l<436:27> el<436:28>
                                                            n<finish> u<3852> t<SIMPLE_IDENTIFIER> p<3855> s<3854> l<436:28> el<436:34>
                                                            n<> u<3854> t<Select> p<3855> c<3853> l<436:34> el<436:34>
                                                              n<> u<3853> t<Bit_select> p<3854> l<436:34> el<436:34>
                                                  n<> u<3860> t<END> p<3861> l<437:23> el<437:26>
                                        n<> u<3866> t<ENDCASE> p<3867> l<439:9> el<439:16>
                                n<// case(DELAY_SRC)> u<3871> t<LINE_COMMENT> p<3873> s<3872> l<439:17> el<439:35>
                                n<> u<3872> t<END> p<3873> l<441:5> el<441:8>
        n<// always @(datain_in or idatain_in)> u<3885> t<LINE_COMMENT> p<5224> s<3886> l<441:9> el<441:45>
        n<//*********************************************************> u<3886> t<LINE_COMMENT> p<5224> s<3887> l<443:1> el<443:60>
        n<//*** DELAY IDATA signal> u<3887> t<LINE_COMMENT> p<5224> s<3888> l<444:1> el<444:25>
        n<//*********************************************************> u<3888> t<LINE_COMMENT> p<5224> s<3910> l<445:1> el<445:60>
        n<> u<3910> t<Module_item> p<5224> c<3909> s<3930> l<446:5> el<446:53>
          n<> u<3909> t<Non_port_module_item> p<3910> c<3908> l<446:5> el<446:53>
            n<> u<3908> t<Module_or_generate_item> p<3909> c<3907> l<446:5> el<446:53>
              n<> u<3907> t<Module_common_item> p<3908> c<3906> l<446:5> el<446:53>
                n<> u<3906> t<Continuous_assign> p<3907> c<3894> l<446:5> el<446:53>
                  n<> u<3894> t<Delay3> p<3906> c<3893> s<3905> l<446:12> el<446:22>
                    n<> u<3893> t<Mintypmax_expression> p<3894> c<3892> l<446:14> el<446:21>
                      n<> u<3892> t<Expression> p<3893> c<3891> l<446:14> el<446:21>
                        n<> u<3891> t<Primary> p<3892> c<3890> l<446:14> el<446:21>
                          n<> u<3890> t<Primary_literal> p<3891> c<3889> l<446:14> el<446:21>
                            n<DELAY_D> u<3889> t<SIMPLE_IDENTIFIER> p<3890> l<446:14> el<446:21>
                  n<> u<3905> t<Net_assignment_list> p<3906> c<3904> l<446:27> el<446:52>
                    n<> u<3904> t<Net_assignment> p<3905> c<3899> l<446:27> el<446:52>
                      n<> u<3899> t<Net_lvalue> p<3904> c<3896> s<3903> l<446:27> el<446:40>
                        n<> u<3896> t<Ps_or_hierarchical_identifier> p<3899> c<3895> s<3898> l<446:27> el<446:40>
                          n<delay_chain_0> u<3895> t<SIMPLE_IDENTIFIER> p<3896> l<446:27> el<446:40>
                        n<> u<3898> t<Constant_select> p<3899> c<3897> l<446:42> el<446:42>
                          n<> u<3897> t<Constant_bit_select> p<3898> l<446:42> el<446:42>
                      n<> u<3903> t<Expression> p<3904> c<3902> l<446:44> el<446:52>
                        n<> u<3902> t<Primary> p<3903> c<3901> l<446:44> el<446:52>
                          n<> u<3901> t<Primary_literal> p<3902> c<3900> l<446:44> el<446:52>
                            n<data_mux> u<3900> t<SIMPLE_IDENTIFIER> p<3901> l<446:44> el<446:52>
        n<> u<3930> t<Module_item> p<5224> c<3929> s<3950> l<447:5> el<447:58>
          n<> u<3929> t<Non_port_module_item> p<3930> c<3928> l<447:5> el<447:58>
            n<> u<3928> t<Module_or_generate_item> p<3929> c<3927> l<447:5> el<447:58>
              n<> u<3927> t<Module_common_item> p<3928> c<3926> l<447:5> el<447:58>
                n<> u<3926> t<Continuous_assign> p<3927> c<3914> l<447:5> el<447:58>
                  n<> u<3914> t<Delay3> p<3926> c<3913> s<3925> l<447:12> el<447:26>
                    n<CALC_TAPDELAY> u<3913> t<SIMPLE_IDENTIFIER> p<3914> c<3912> l<447:12> el<447:26>
                      n<> u<3912> t<Ps_identifier> p<3913> c<3911> l<447:13> el<447:26>
                        n<CALC_TAPDELAY> u<3911> t<SIMPLE_IDENTIFIER> p<3912> l<447:13> el<447:26>
                  n<> u<3925> t<Net_assignment_list> p<3926> c<3924> l<447:27> el<447:57>
                    n<> u<3924> t<Net_assignment> p<3925> c<3919> l<447:27> el<447:57>
                      n<> u<3919> t<Net_lvalue> p<3924> c<3916> s<3923> l<447:27> el<447:40>
                        n<> u<3916> t<Ps_or_hierarchical_identifier> p<3919> c<3915> s<3918> l<447:27> el<447:40>
                          n<delay_chain_1> u<3915> t<SIMPLE_IDENTIFIER> p<3916> l<447:27> el<447:40>
                        n<> u<3918> t<Constant_select> p<3919> c<3917> l<447:42> el<447:42>
                          n<> u<3917> t<Constant_bit_select> p<3918> l<447:42> el<447:42>
                      n<> u<3923> t<Expression> p<3924> c<3922> l<447:44> el<447:57>
                        n<> u<3922> t<Primary> p<3923> c<3921> l<447:44> el<447:57>
                          n<> u<3921> t<Primary_literal> p<3922> c<3920> l<447:44> el<447:57>
                            n<delay_chain_0> u<3920> t<SIMPLE_IDENTIFIER> p<3921> l<447:44> el<447:57>
        n<> u<3950> t<Module_item> p<5224> c<3949> s<3970> l<448:5> el<448:58>
          n<> u<3949> t<Non_port_module_item> p<3950> c<3948> l<448:5> el<448:58>
            n<> u<3948> t<Module_or_generate_item> p<3949> c<3947> l<448:5> el<448:58>
              n<> u<3947> t<Module_common_item> p<3948> c<3946> l<448:5> el<448:58>
                n<> u<3946> t<Continuous_assign> p<3947> c<3934> l<448:5> el<448:58>
                  n<> u<3934> t<Delay3> p<3946> c<3933> s<3945> l<448:12> el<448:26>
                    n<CALC_TAPDELAY> u<3933> t<SIMPLE_IDENTIFIER> p<3934> c<3932> l<448:12> el<448:26>
                      n<> u<3932> t<Ps_identifier> p<3933> c<3931> l<448:13> el<448:26>
                        n<CALC_TAPDELAY> u<3931> t<SIMPLE_IDENTIFIER> p<3932> l<448:13> el<448:26>
                  n<> u<3945> t<Net_assignment_list> p<3946> c<3944> l<448:27> el<448:57>
                    n<> u<3944> t<Net_assignment> p<3945> c<3939> l<448:27> el<448:57>
                      n<> u<3939> t<Net_lvalue> p<3944> c<3936> s<3943> l<448:27> el<448:40>
                        n<> u<3936> t<Ps_or_hierarchical_identifier> p<3939> c<3935> s<3938> l<448:27> el<448:40>
                          n<delay_chain_2> u<3935> t<SIMPLE_IDENTIFIER> p<3936> l<448:27> el<448:40>
                        n<> u<3938> t<Constant_select> p<3939> c<3937> l<448:42> el<448:42>
                          n<> u<3937> t<Constant_bit_select> p<3938> l<448:42> el<448:42>
                      n<> u<3943> t<Expression> p<3944> c<3942> l<448:44> el<448:57>
                        n<> u<3942> t<Primary> p<3943> c<3941> l<448:44> el<448:57>
                          n<> u<3941> t<Primary_literal> p<3942> c<3940> l<448:44> el<448:57>
                            n<delay_chain_1> u<3940> t<SIMPLE_IDENTIFIER> p<3941> l<448:44> el<448:57>
        n<> u<3970> t<Module_item> p<5224> c<3969> s<3990> l<449:5> el<449:58>
          n<> u<3969> t<Non_port_module_item> p<3970> c<3968> l<449:5> el<449:58>
            n<> u<3968> t<Module_or_generate_item> p<3969> c<3967> l<449:5> el<449:58>
              n<> u<3967> t<Module_common_item> p<3968> c<3966> l<449:5> el<449:58>
                n<> u<3966> t<Continuous_assign> p<3967> c<3954> l<449:5> el<449:58>
                  n<> u<3954> t<Delay3> p<3966> c<3953> s<3965> l<449:12> el<449:26>
                    n<CALC_TAPDELAY> u<3953> t<SIMPLE_IDENTIFIER> p<3954> c<3952> l<449:12> el<449:26>
                      n<> u<3952> t<Ps_identifier> p<3953> c<3951> l<449:13> el<449:26>
                        n<CALC_TAPDELAY> u<3951> t<SIMPLE_IDENTIFIER> p<3952> l<449:13> el<449:26>
                  n<> u<3965> t<Net_assignment_list> p<3966> c<3964> l<449:27> el<449:57>
                    n<> u<3964> t<Net_assignment> p<3965> c<3959> l<449:27> el<449:57>
                      n<> u<3959> t<Net_lvalue> p<3964> c<3956> s<3963> l<449:27> el<449:40>
                        n<> u<3956> t<Ps_or_hierarchical_identifier> p<3959> c<3955> s<3958> l<449:27> el<449:40>
                          n<delay_chain_3> u<3955> t<SIMPLE_IDENTIFIER> p<3956> l<449:27> el<449:40>
                        n<> u<3958> t<Constant_select> p<3959> c<3957> l<449:42> el<449:42>
                          n<> u<3957> t<Constant_bit_select> p<3958> l<449:42> el<449:42>
                      n<> u<3963> t<Expression> p<3964> c<3962> l<449:44> el<449:57>
                        n<> u<3962> t<Primary> p<3963> c<3961> l<449:44> el<449:57>
                          n<> u<3961> t<Primary_literal> p<3962> c<3960> l<449:44> el<449:57>
                            n<delay_chain_2> u<3960> t<SIMPLE_IDENTIFIER> p<3961> l<449:44> el<449:57>
        n<> u<3990> t<Module_item> p<5224> c<3989> s<4010> l<450:5> el<450:58>
          n<> u<3989> t<Non_port_module_item> p<3990> c<3988> l<450:5> el<450:58>
            n<> u<3988> t<Module_or_generate_item> p<3989> c<3987> l<450:5> el<450:58>
              n<> u<3987> t<Module_common_item> p<3988> c<3986> l<450:5> el<450:58>
                n<> u<3986> t<Continuous_assign> p<3987> c<3974> l<450:5> el<450:58>
                  n<> u<3974> t<Delay3> p<3986> c<3973> s<3985> l<450:12> el<450:26>
                    n<CALC_TAPDELAY> u<3973> t<SIMPLE_IDENTIFIER> p<3974> c<3972> l<450:12> el<450:26>
                      n<> u<3972> t<Ps_identifier> p<3973> c<3971> l<450:13> el<450:26>
                        n<CALC_TAPDELAY> u<3971> t<SIMPLE_IDENTIFIER> p<3972> l<450:13> el<450:26>
                  n<> u<3985> t<Net_assignment_list> p<3986> c<3984> l<450:27> el<450:57>
                    n<> u<3984> t<Net_assignment> p<3985> c<3979> l<450:27> el<450:57>
                      n<> u<3979> t<Net_lvalue> p<3984> c<3976> s<3983> l<450:27> el<450:40>
                        n<> u<3976> t<Ps_or_hierarchical_identifier> p<3979> c<3975> s<3978> l<450:27> el<450:40>
                          n<delay_chain_4> u<3975> t<SIMPLE_IDENTIFIER> p<3976> l<450:27> el<450:40>
                        n<> u<3978> t<Constant_select> p<3979> c<3977> l<450:42> el<450:42>
                          n<> u<3977> t<Constant_bit_select> p<3978> l<450:42> el<450:42>
                      n<> u<3983> t<Expression> p<3984> c<3982> l<450:44> el<450:57>
                        n<> u<3982> t<Primary> p<3983> c<3981> l<450:44> el<450:57>
                          n<> u<3981> t<Primary_literal> p<3982> c<3980> l<450:44> el<450:57>
                            n<delay_chain_3> u<3980> t<SIMPLE_IDENTIFIER> p<3981> l<450:44> el<450:57>
        n<> u<4010> t<Module_item> p<5224> c<4009> s<4030> l<451:5> el<451:58>
          n<> u<4009> t<Non_port_module_item> p<4010> c<4008> l<451:5> el<451:58>
            n<> u<4008> t<Module_or_generate_item> p<4009> c<4007> l<451:5> el<451:58>
              n<> u<4007> t<Module_common_item> p<4008> c<4006> l<451:5> el<451:58>
                n<> u<4006> t<Continuous_assign> p<4007> c<3994> l<451:5> el<451:58>
                  n<> u<3994> t<Delay3> p<4006> c<3993> s<4005> l<451:12> el<451:26>
                    n<CALC_TAPDELAY> u<3993> t<SIMPLE_IDENTIFIER> p<3994> c<3992> l<451:12> el<451:26>
                      n<> u<3992> t<Ps_identifier> p<3993> c<3991> l<451:13> el<451:26>
                        n<CALC_TAPDELAY> u<3991> t<SIMPLE_IDENTIFIER> p<3992> l<451:13> el<451:26>
                  n<> u<4005> t<Net_assignment_list> p<4006> c<4004> l<451:27> el<451:57>
                    n<> u<4004> t<Net_assignment> p<4005> c<3999> l<451:27> el<451:57>
                      n<> u<3999> t<Net_lvalue> p<4004> c<3996> s<4003> l<451:27> el<451:40>
                        n<> u<3996> t<Ps_or_hierarchical_identifier> p<3999> c<3995> s<3998> l<451:27> el<451:40>
                          n<delay_chain_5> u<3995> t<SIMPLE_IDENTIFIER> p<3996> l<451:27> el<451:40>
                        n<> u<3998> t<Constant_select> p<3999> c<3997> l<451:42> el<451:42>
                          n<> u<3997> t<Constant_bit_select> p<3998> l<451:42> el<451:42>
                      n<> u<4003> t<Expression> p<4004> c<4002> l<451:44> el<451:57>
                        n<> u<4002> t<Primary> p<4003> c<4001> l<451:44> el<451:57>
                          n<> u<4001> t<Primary_literal> p<4002> c<4000> l<451:44> el<451:57>
                            n<delay_chain_4> u<4000> t<SIMPLE_IDENTIFIER> p<4001> l<451:44> el<451:57>
        n<> u<4030> t<Module_item> p<5224> c<4029> s<4050> l<452:5> el<452:58>
          n<> u<4029> t<Non_port_module_item> p<4030> c<4028> l<452:5> el<452:58>
            n<> u<4028> t<Module_or_generate_item> p<4029> c<4027> l<452:5> el<452:58>
              n<> u<4027> t<Module_common_item> p<4028> c<4026> l<452:5> el<452:58>
                n<> u<4026> t<Continuous_assign> p<4027> c<4014> l<452:5> el<452:58>
                  n<> u<4014> t<Delay3> p<4026> c<4013> s<4025> l<452:12> el<452:26>
                    n<CALC_TAPDELAY> u<4013> t<SIMPLE_IDENTIFIER> p<4014> c<4012> l<452:12> el<452:26>
                      n<> u<4012> t<Ps_identifier> p<4013> c<4011> l<452:13> el<452:26>
                        n<CALC_TAPDELAY> u<4011> t<SIMPLE_IDENTIFIER> p<4012> l<452:13> el<452:26>
                  n<> u<4025> t<Net_assignment_list> p<4026> c<4024> l<452:27> el<452:57>
                    n<> u<4024> t<Net_assignment> p<4025> c<4019> l<452:27> el<452:57>
                      n<> u<4019> t<Net_lvalue> p<4024> c<4016> s<4023> l<452:27> el<452:40>
                        n<> u<4016> t<Ps_or_hierarchical_identifier> p<4019> c<4015> s<4018> l<452:27> el<452:40>
                          n<delay_chain_6> u<4015> t<SIMPLE_IDENTIFIER> p<4016> l<452:27> el<452:40>
                        n<> u<4018> t<Constant_select> p<4019> c<4017> l<452:42> el<452:42>
                          n<> u<4017> t<Constant_bit_select> p<4018> l<452:42> el<452:42>
                      n<> u<4023> t<Expression> p<4024> c<4022> l<452:44> el<452:57>
                        n<> u<4022> t<Primary> p<4023> c<4021> l<452:44> el<452:57>
                          n<> u<4021> t<Primary_literal> p<4022> c<4020> l<452:44> el<452:57>
                            n<delay_chain_5> u<4020> t<SIMPLE_IDENTIFIER> p<4021> l<452:44> el<452:57>
        n<> u<4050> t<Module_item> p<5224> c<4049> s<4070> l<453:5> el<453:58>
          n<> u<4049> t<Non_port_module_item> p<4050> c<4048> l<453:5> el<453:58>
            n<> u<4048> t<Module_or_generate_item> p<4049> c<4047> l<453:5> el<453:58>
              n<> u<4047> t<Module_common_item> p<4048> c<4046> l<453:5> el<453:58>
                n<> u<4046> t<Continuous_assign> p<4047> c<4034> l<453:5> el<453:58>
                  n<> u<4034> t<Delay3> p<4046> c<4033> s<4045> l<453:12> el<453:26>
                    n<CALC_TAPDELAY> u<4033> t<SIMPLE_IDENTIFIER> p<4034> c<4032> l<453:12> el<453:26>
                      n<> u<4032> t<Ps_identifier> p<4033> c<4031> l<453:13> el<453:26>
                        n<CALC_TAPDELAY> u<4031> t<SIMPLE_IDENTIFIER> p<4032> l<453:13> el<453:26>
                  n<> u<4045> t<Net_assignment_list> p<4046> c<4044> l<453:27> el<453:57>
                    n<> u<4044> t<Net_assignment> p<4045> c<4039> l<453:27> el<453:57>
                      n<> u<4039> t<Net_lvalue> p<4044> c<4036> s<4043> l<453:27> el<453:40>
                        n<> u<4036> t<Ps_or_hierarchical_identifier> p<4039> c<4035> s<4038> l<453:27> el<453:40>
                          n<delay_chain_7> u<4035> t<SIMPLE_IDENTIFIER> p<4036> l<453:27> el<453:40>
                        n<> u<4038> t<Constant_select> p<4039> c<4037> l<453:42> el<453:42>
                          n<> u<4037> t<Constant_bit_select> p<4038> l<453:42> el<453:42>
                      n<> u<4043> t<Expression> p<4044> c<4042> l<453:44> el<453:57>
                        n<> u<4042> t<Primary> p<4043> c<4041> l<453:44> el<453:57>
                          n<> u<4041> t<Primary_literal> p<4042> c<4040> l<453:44> el<453:57>
                            n<delay_chain_6> u<4040> t<SIMPLE_IDENTIFIER> p<4041> l<453:44> el<453:57>
        n<> u<4070> t<Module_item> p<5224> c<4069> s<4090> l<454:5> el<454:58>
          n<> u<4069> t<Non_port_module_item> p<4070> c<4068> l<454:5> el<454:58>
            n<> u<4068> t<Module_or_generate_item> p<4069> c<4067> l<454:5> el<454:58>
              n<> u<4067> t<Module_common_item> p<4068> c<4066> l<454:5> el<454:58>
                n<> u<4066> t<Continuous_assign> p<4067> c<4054> l<454:5> el<454:58>
                  n<> u<4054> t<Delay3> p<4066> c<4053> s<4065> l<454:12> el<454:26>
                    n<CALC_TAPDELAY> u<4053> t<SIMPLE_IDENTIFIER> p<4054> c<4052> l<454:12> el<454:26>
                      n<> u<4052> t<Ps_identifier> p<4053> c<4051> l<454:13> el<454:26>
                        n<CALC_TAPDELAY> u<4051> t<SIMPLE_IDENTIFIER> p<4052> l<454:13> el<454:26>
                  n<> u<4065> t<Net_assignment_list> p<4066> c<4064> l<454:27> el<454:57>
                    n<> u<4064> t<Net_assignment> p<4065> c<4059> l<454:27> el<454:57>
                      n<> u<4059> t<Net_lvalue> p<4064> c<4056> s<4063> l<454:27> el<454:40>
                        n<> u<4056> t<Ps_or_hierarchical_identifier> p<4059> c<4055> s<4058> l<454:27> el<454:40>
                          n<delay_chain_8> u<4055> t<SIMPLE_IDENTIFIER> p<4056> l<454:27> el<454:40>
                        n<> u<4058> t<Constant_select> p<4059> c<4057> l<454:42> el<454:42>
                          n<> u<4057> t<Constant_bit_select> p<4058> l<454:42> el<454:42>
                      n<> u<4063> t<Expression> p<4064> c<4062> l<454:44> el<454:57>
                        n<> u<4062> t<Primary> p<4063> c<4061> l<454:44> el<454:57>
                          n<> u<4061> t<Primary_literal> p<4062> c<4060> l<454:44> el<454:57>
                            n<delay_chain_7> u<4060> t<SIMPLE_IDENTIFIER> p<4061> l<454:44> el<454:57>
        n<> u<4090> t<Module_item> p<5224> c<4089> s<4110> l<455:5> el<455:58>
          n<> u<4089> t<Non_port_module_item> p<4090> c<4088> l<455:5> el<455:58>
            n<> u<4088> t<Module_or_generate_item> p<4089> c<4087> l<455:5> el<455:58>
              n<> u<4087> t<Module_common_item> p<4088> c<4086> l<455:5> el<455:58>
                n<> u<4086> t<Continuous_assign> p<4087> c<4074> l<455:5> el<455:58>
                  n<> u<4074> t<Delay3> p<4086> c<4073> s<4085> l<455:12> el<455:26>
                    n<CALC_TAPDELAY> u<4073> t<SIMPLE_IDENTIFIER> p<4074> c<4072> l<455:12> el<455:26>
                      n<> u<4072> t<Ps_identifier> p<4073> c<4071> l<455:13> el<455:26>
                        n<CALC_TAPDELAY> u<4071> t<SIMPLE_IDENTIFIER> p<4072> l<455:13> el<455:26>
                  n<> u<4085> t<Net_assignment_list> p<4086> c<4084> l<455:27> el<455:57>
                    n<> u<4084> t<Net_assignment> p<4085> c<4079> l<455:27> el<455:57>
                      n<> u<4079> t<Net_lvalue> p<4084> c<4076> s<4083> l<455:27> el<455:40>
                        n<> u<4076> t<Ps_or_hierarchical_identifier> p<4079> c<4075> s<4078> l<455:27> el<455:40>
                          n<delay_chain_9> u<4075> t<SIMPLE_IDENTIFIER> p<4076> l<455:27> el<455:40>
                        n<> u<4078> t<Constant_select> p<4079> c<4077> l<455:42> el<455:42>
                          n<> u<4077> t<Constant_bit_select> p<4078> l<455:42> el<455:42>
                      n<> u<4083> t<Expression> p<4084> c<4082> l<455:44> el<455:57>
                        n<> u<4082> t<Primary> p<4083> c<4081> l<455:44> el<455:57>
                          n<> u<4081> t<Primary_literal> p<4082> c<4080> l<455:44> el<455:57>
                            n<delay_chain_8> u<4080> t<SIMPLE_IDENTIFIER> p<4081> l<455:44> el<455:57>
        n<> u<4110> t<Module_item> p<5224> c<4109> s<4130> l<456:5> el<456:58>
          n<> u<4109> t<Non_port_module_item> p<4110> c<4108> l<456:5> el<456:58>
            n<> u<4108> t<Module_or_generate_item> p<4109> c<4107> l<456:5> el<456:58>
              n<> u<4107> t<Module_common_item> p<4108> c<4106> l<456:5> el<456:58>
                n<> u<4106> t<Continuous_assign> p<4107> c<4094> l<456:5> el<456:58>
                  n<> u<4094> t<Delay3> p<4106> c<4093> s<4105> l<456:12> el<456:26>
                    n<CALC_TAPDELAY> u<4093> t<SIMPLE_IDENTIFIER> p<4094> c<4092> l<456:12> el<456:26>
                      n<> u<4092> t<Ps_identifier> p<4093> c<4091> l<456:13> el<456:26>
                        n<CALC_TAPDELAY> u<4091> t<SIMPLE_IDENTIFIER> p<4092> l<456:13> el<456:26>
                  n<> u<4105> t<Net_assignment_list> p<4106> c<4104> l<456:27> el<456:57>
                    n<> u<4104> t<Net_assignment> p<4105> c<4099> l<456:27> el<456:57>
                      n<> u<4099> t<Net_lvalue> p<4104> c<4096> s<4103> l<456:27> el<456:41>
                        n<> u<4096> t<Ps_or_hierarchical_identifier> p<4099> c<4095> s<4098> l<456:27> el<456:41>
                          n<delay_chain_10> u<4095> t<SIMPLE_IDENTIFIER> p<4096> l<456:27> el<456:41>
                        n<> u<4098> t<Constant_select> p<4099> c<4097> l<456:42> el<456:42>
                          n<> u<4097> t<Constant_bit_select> p<4098> l<456:42> el<456:42>
                      n<> u<4103> t<Expression> p<4104> c<4102> l<456:44> el<456:57>
                        n<> u<4102> t<Primary> p<4103> c<4101> l<456:44> el<456:57>
                          n<> u<4101> t<Primary_literal> p<4102> c<4100> l<456:44> el<456:57>
                            n<delay_chain_9> u<4100> t<SIMPLE_IDENTIFIER> p<4101> l<456:44> el<456:57>
        n<> u<4130> t<Module_item> p<5224> c<4129> s<4150> l<457:5> el<457:59>
          n<> u<4129> t<Non_port_module_item> p<4130> c<4128> l<457:5> el<457:59>
            n<> u<4128> t<Module_or_generate_item> p<4129> c<4127> l<457:5> el<457:59>
              n<> u<4127> t<Module_common_item> p<4128> c<4126> l<457:5> el<457:59>
                n<> u<4126> t<Continuous_assign> p<4127> c<4114> l<457:5> el<457:59>
                  n<> u<4114> t<Delay3> p<4126> c<4113> s<4125> l<457:12> el<457:26>
                    n<CALC_TAPDELAY> u<4113> t<SIMPLE_IDENTIFIER> p<4114> c<4112> l<457:12> el<457:26>
                      n<> u<4112> t<Ps_identifier> p<4113> c<4111> l<457:13> el<457:26>
                        n<CALC_TAPDELAY> u<4111> t<SIMPLE_IDENTIFIER> p<4112> l<457:13> el<457:26>
                  n<> u<4125> t<Net_assignment_list> p<4126> c<4124> l<457:27> el<457:58>
                    n<> u<4124> t<Net_assignment> p<4125> c<4119> l<457:27> el<457:58>
                      n<> u<4119> t<Net_lvalue> p<4124> c<4116> s<4123> l<457:27> el<457:41>
                        n<> u<4116> t<Ps_or_hierarchical_identifier> p<4119> c<4115> s<4118> l<457:27> el<457:41>
                          n<delay_chain_11> u<4115> t<SIMPLE_IDENTIFIER> p<4116> l<457:27> el<457:41>
                        n<> u<4118> t<Constant_select> p<4119> c<4117> l<457:42> el<457:42>
                          n<> u<4117> t<Constant_bit_select> p<4118> l<457:42> el<457:42>
                      n<> u<4123> t<Expression> p<4124> c<4122> l<457:44> el<457:58>
                        n<> u<4122> t<Primary> p<4123> c<4121> l<457:44> el<457:58>
                          n<> u<4121> t<Primary_literal> p<4122> c<4120> l<457:44> el<457:58>
                            n<delay_chain_10> u<4120> t<SIMPLE_IDENTIFIER> p<4121> l<457:44> el<457:58>
        n<> u<4150> t<Module_item> p<5224> c<4149> s<4170> l<458:5> el<458:59>
          n<> u<4149> t<Non_port_module_item> p<4150> c<4148> l<458:5> el<458:59>
            n<> u<4148> t<Module_or_generate_item> p<4149> c<4147> l<458:5> el<458:59>
              n<> u<4147> t<Module_common_item> p<4148> c<4146> l<458:5> el<458:59>
                n<> u<4146> t<Continuous_assign> p<4147> c<4134> l<458:5> el<458:59>
                  n<> u<4134> t<Delay3> p<4146> c<4133> s<4145> l<458:12> el<458:26>
                    n<CALC_TAPDELAY> u<4133> t<SIMPLE_IDENTIFIER> p<4134> c<4132> l<458:12> el<458:26>
                      n<> u<4132> t<Ps_identifier> p<4133> c<4131> l<458:13> el<458:26>
                        n<CALC_TAPDELAY> u<4131> t<SIMPLE_IDENTIFIER> p<4132> l<458:13> el<458:26>
                  n<> u<4145> t<Net_assignment_list> p<4146> c<4144> l<458:27> el<458:58>
                    n<> u<4144> t<Net_assignment> p<4145> c<4139> l<458:27> el<458:58>
                      n<> u<4139> t<Net_lvalue> p<4144> c<4136> s<4143> l<458:27> el<458:41>
                        n<> u<4136> t<Ps_or_hierarchical_identifier> p<4139> c<4135> s<4138> l<458:27> el<458:41>
                          n<delay_chain_12> u<4135> t<SIMPLE_IDENTIFIER> p<4136> l<458:27> el<458:41>
                        n<> u<4138> t<Constant_select> p<4139> c<4137> l<458:42> el<458:42>
                          n<> u<4137> t<Constant_bit_select> p<4138> l<458:42> el<458:42>
                      n<> u<4143> t<Expression> p<4144> c<4142> l<458:44> el<458:58>
                        n<> u<4142> t<Primary> p<4143> c<4141> l<458:44> el<458:58>
                          n<> u<4141> t<Primary_literal> p<4142> c<4140> l<458:44> el<458:58>
                            n<delay_chain_11> u<4140> t<SIMPLE_IDENTIFIER> p<4141> l<458:44> el<458:58>
        n<> u<4170> t<Module_item> p<5224> c<4169> s<4190> l<459:5> el<459:59>
          n<> u<4169> t<Non_port_module_item> p<4170> c<4168> l<459:5> el<459:59>
            n<> u<4168> t<Module_or_generate_item> p<4169> c<4167> l<459:5> el<459:59>
              n<> u<4167> t<Module_common_item> p<4168> c<4166> l<459:5> el<459:59>
                n<> u<4166> t<Continuous_assign> p<4167> c<4154> l<459:5> el<459:59>
                  n<> u<4154> t<Delay3> p<4166> c<4153> s<4165> l<459:12> el<459:26>
                    n<CALC_TAPDELAY> u<4153> t<SIMPLE_IDENTIFIER> p<4154> c<4152> l<459:12> el<459:26>
                      n<> u<4152> t<Ps_identifier> p<4153> c<4151> l<459:13> el<459:26>
                        n<CALC_TAPDELAY> u<4151> t<SIMPLE_IDENTIFIER> p<4152> l<459:13> el<459:26>
                  n<> u<4165> t<Net_assignment_list> p<4166> c<4164> l<459:27> el<459:58>
                    n<> u<4164> t<Net_assignment> p<4165> c<4159> l<459:27> el<459:58>
                      n<> u<4159> t<Net_lvalue> p<4164> c<4156> s<4163> l<459:27> el<459:41>
                        n<> u<4156> t<Ps_or_hierarchical_identifier> p<4159> c<4155> s<4158> l<459:27> el<459:41>
                          n<delay_chain_13> u<4155> t<SIMPLE_IDENTIFIER> p<4156> l<459:27> el<459:41>
                        n<> u<4158> t<Constant_select> p<4159> c<4157> l<459:42> el<459:42>
                          n<> u<4157> t<Constant_bit_select> p<4158> l<459:42> el<459:42>
                      n<> u<4163> t<Expression> p<4164> c<4162> l<459:44> el<459:58>
                        n<> u<4162> t<Primary> p<4163> c<4161> l<459:44> el<459:58>
                          n<> u<4161> t<Primary_literal> p<4162> c<4160> l<459:44> el<459:58>
                            n<delay_chain_12> u<4160> t<SIMPLE_IDENTIFIER> p<4161> l<459:44> el<459:58>
        n<> u<4190> t<Module_item> p<5224> c<4189> s<4210> l<460:5> el<460:59>
          n<> u<4189> t<Non_port_module_item> p<4190> c<4188> l<460:5> el<460:59>
            n<> u<4188> t<Module_or_generate_item> p<4189> c<4187> l<460:5> el<460:59>
              n<> u<4187> t<Module_common_item> p<4188> c<4186> l<460:5> el<460:59>
                n<> u<4186> t<Continuous_assign> p<4187> c<4174> l<460:5> el<460:59>
                  n<> u<4174> t<Delay3> p<4186> c<4173> s<4185> l<460:12> el<460:26>
                    n<CALC_TAPDELAY> u<4173> t<SIMPLE_IDENTIFIER> p<4174> c<4172> l<460:12> el<460:26>
                      n<> u<4172> t<Ps_identifier> p<4173> c<4171> l<460:13> el<460:26>
                        n<CALC_TAPDELAY> u<4171> t<SIMPLE_IDENTIFIER> p<4172> l<460:13> el<460:26>
                  n<> u<4185> t<Net_assignment_list> p<4186> c<4184> l<460:27> el<460:58>
                    n<> u<4184> t<Net_assignment> p<4185> c<4179> l<460:27> el<460:58>
                      n<> u<4179> t<Net_lvalue> p<4184> c<4176> s<4183> l<460:27> el<460:41>
                        n<> u<4176> t<Ps_or_hierarchical_identifier> p<4179> c<4175> s<4178> l<460:27> el<460:41>
                          n<delay_chain_14> u<4175> t<SIMPLE_IDENTIFIER> p<4176> l<460:27> el<460:41>
                        n<> u<4178> t<Constant_select> p<4179> c<4177> l<460:42> el<460:42>
                          n<> u<4177> t<Constant_bit_select> p<4178> l<460:42> el<460:42>
                      n<> u<4183> t<Expression> p<4184> c<4182> l<460:44> el<460:58>
                        n<> u<4182> t<Primary> p<4183> c<4181> l<460:44> el<460:58>
                          n<> u<4181> t<Primary_literal> p<4182> c<4180> l<460:44> el<460:58>
                            n<delay_chain_13> u<4180> t<SIMPLE_IDENTIFIER> p<4181> l<460:44> el<460:58>
        n<> u<4210> t<Module_item> p<5224> c<4209> s<4230> l<461:5> el<461:59>
          n<> u<4209> t<Non_port_module_item> p<4210> c<4208> l<461:5> el<461:59>
            n<> u<4208> t<Module_or_generate_item> p<4209> c<4207> l<461:5> el<461:59>
              n<> u<4207> t<Module_common_item> p<4208> c<4206> l<461:5> el<461:59>
                n<> u<4206> t<Continuous_assign> p<4207> c<4194> l<461:5> el<461:59>
                  n<> u<4194> t<Delay3> p<4206> c<4193> s<4205> l<461:12> el<461:26>
                    n<CALC_TAPDELAY> u<4193> t<SIMPLE_IDENTIFIER> p<4194> c<4192> l<461:12> el<461:26>
                      n<> u<4192> t<Ps_identifier> p<4193> c<4191> l<461:13> el<461:26>
                        n<CALC_TAPDELAY> u<4191> t<SIMPLE_IDENTIFIER> p<4192> l<461:13> el<461:26>
                  n<> u<4205> t<Net_assignment_list> p<4206> c<4204> l<461:27> el<461:58>
                    n<> u<4204> t<Net_assignment> p<4205> c<4199> l<461:27> el<461:58>
                      n<> u<4199> t<Net_lvalue> p<4204> c<4196> s<4203> l<461:27> el<461:41>
                        n<> u<4196> t<Ps_or_hierarchical_identifier> p<4199> c<4195> s<4198> l<461:27> el<461:41>
                          n<delay_chain_15> u<4195> t<SIMPLE_IDENTIFIER> p<4196> l<461:27> el<461:41>
                        n<> u<4198> t<Constant_select> p<4199> c<4197> l<461:42> el<461:42>
                          n<> u<4197> t<Constant_bit_select> p<4198> l<461:42> el<461:42>
                      n<> u<4203> t<Expression> p<4204> c<4202> l<461:44> el<461:58>
                        n<> u<4202> t<Primary> p<4203> c<4201> l<461:44> el<461:58>
                          n<> u<4201> t<Primary_literal> p<4202> c<4200> l<461:44> el<461:58>
                            n<delay_chain_14> u<4200> t<SIMPLE_IDENTIFIER> p<4201> l<461:44> el<461:58>
        n<> u<4230> t<Module_item> p<5224> c<4229> s<4250> l<462:5> el<462:59>
          n<> u<4229> t<Non_port_module_item> p<4230> c<4228> l<462:5> el<462:59>
            n<> u<4228> t<Module_or_generate_item> p<4229> c<4227> l<462:5> el<462:59>
              n<> u<4227> t<Module_common_item> p<4228> c<4226> l<462:5> el<462:59>
                n<> u<4226> t<Continuous_assign> p<4227> c<4214> l<462:5> el<462:59>
                  n<> u<4214> t<Delay3> p<4226> c<4213> s<4225> l<462:12> el<462:26>
                    n<CALC_TAPDELAY> u<4213> t<SIMPLE_IDENTIFIER> p<4214> c<4212> l<462:12> el<462:26>
                      n<> u<4212> t<Ps_identifier> p<4213> c<4211> l<462:13> el<462:26>
                        n<CALC_TAPDELAY> u<4211> t<SIMPLE_IDENTIFIER> p<4212> l<462:13> el<462:26>
                  n<> u<4225> t<Net_assignment_list> p<4226> c<4224> l<462:27> el<462:58>
                    n<> u<4224> t<Net_assignment> p<4225> c<4219> l<462:27> el<462:58>
                      n<> u<4219> t<Net_lvalue> p<4224> c<4216> s<4223> l<462:27> el<462:41>
                        n<> u<4216> t<Ps_or_hierarchical_identifier> p<4219> c<4215> s<4218> l<462:27> el<462:41>
                          n<delay_chain_16> u<4215> t<SIMPLE_IDENTIFIER> p<4216> l<462:27> el<462:41>
                        n<> u<4218> t<Constant_select> p<4219> c<4217> l<462:42> el<462:42>
                          n<> u<4217> t<Constant_bit_select> p<4218> l<462:42> el<462:42>
                      n<> u<4223> t<Expression> p<4224> c<4222> l<462:44> el<462:58>
                        n<> u<4222> t<Primary> p<4223> c<4221> l<462:44> el<462:58>
                          n<> u<4221> t<Primary_literal> p<4222> c<4220> l<462:44> el<462:58>
                            n<delay_chain_15> u<4220> t<SIMPLE_IDENTIFIER> p<4221> l<462:44> el<462:58>
        n<> u<4250> t<Module_item> p<5224> c<4249> s<4270> l<463:5> el<463:59>
          n<> u<4249> t<Non_port_module_item> p<4250> c<4248> l<463:5> el<463:59>
            n<> u<4248> t<Module_or_generate_item> p<4249> c<4247> l<463:5> el<463:59>
              n<> u<4247> t<Module_common_item> p<4248> c<4246> l<463:5> el<463:59>
                n<> u<4246> t<Continuous_assign> p<4247> c<4234> l<463:5> el<463:59>
                  n<> u<4234> t<Delay3> p<4246> c<4233> s<4245> l<463:12> el<463:26>
                    n<CALC_TAPDELAY> u<4233> t<SIMPLE_IDENTIFIER> p<4234> c<4232> l<463:12> el<463:26>
                      n<> u<4232> t<Ps_identifier> p<4233> c<4231> l<463:13> el<463:26>
                        n<CALC_TAPDELAY> u<4231> t<SIMPLE_IDENTIFIER> p<4232> l<463:13> el<463:26>
                  n<> u<4245> t<Net_assignment_list> p<4246> c<4244> l<463:27> el<463:58>
                    n<> u<4244> t<Net_assignment> p<4245> c<4239> l<463:27> el<463:58>
                      n<> u<4239> t<Net_lvalue> p<4244> c<4236> s<4243> l<463:27> el<463:41>
                        n<> u<4236> t<Ps_or_hierarchical_identifier> p<4239> c<4235> s<4238> l<463:27> el<463:41>
                          n<delay_chain_17> u<4235> t<SIMPLE_IDENTIFIER> p<4236> l<463:27> el<463:41>
                        n<> u<4238> t<Constant_select> p<4239> c<4237> l<463:42> el<463:42>
                          n<> u<4237> t<Constant_bit_select> p<4238> l<463:42> el<463:42>
                      n<> u<4243> t<Expression> p<4244> c<4242> l<463:44> el<463:58>
                        n<> u<4242> t<Primary> p<4243> c<4241> l<463:44> el<463:58>
                          n<> u<4241> t<Primary_literal> p<4242> c<4240> l<463:44> el<463:58>
                            n<delay_chain_16> u<4240> t<SIMPLE_IDENTIFIER> p<4241> l<463:44> el<463:58>
        n<> u<4270> t<Module_item> p<5224> c<4269> s<4290> l<464:5> el<464:59>
          n<> u<4269> t<Non_port_module_item> p<4270> c<4268> l<464:5> el<464:59>
            n<> u<4268> t<Module_or_generate_item> p<4269> c<4267> l<464:5> el<464:59>
              n<> u<4267> t<Module_common_item> p<4268> c<4266> l<464:5> el<464:59>
                n<> u<4266> t<Continuous_assign> p<4267> c<4254> l<464:5> el<464:59>
                  n<> u<4254> t<Delay3> p<4266> c<4253> s<4265> l<464:12> el<464:26>
                    n<CALC_TAPDELAY> u<4253> t<SIMPLE_IDENTIFIER> p<4254> c<4252> l<464:12> el<464:26>
                      n<> u<4252> t<Ps_identifier> p<4253> c<4251> l<464:13> el<464:26>
                        n<CALC_TAPDELAY> u<4251> t<SIMPLE_IDENTIFIER> p<4252> l<464:13> el<464:26>
                  n<> u<4265> t<Net_assignment_list> p<4266> c<4264> l<464:27> el<464:58>
                    n<> u<4264> t<Net_assignment> p<4265> c<4259> l<464:27> el<464:58>
                      n<> u<4259> t<Net_lvalue> p<4264> c<4256> s<4263> l<464:27> el<464:41>
                        n<> u<4256> t<Ps_or_hierarchical_identifier> p<4259> c<4255> s<4258> l<464:27> el<464:41>
                          n<delay_chain_18> u<4255> t<SIMPLE_IDENTIFIER> p<4256> l<464:27> el<464:41>
                        n<> u<4258> t<Constant_select> p<4259> c<4257> l<464:42> el<464:42>
                          n<> u<4257> t<Constant_bit_select> p<4258> l<464:42> el<464:42>
                      n<> u<4263> t<Expression> p<4264> c<4262> l<464:44> el<464:58>
                        n<> u<4262> t<Primary> p<4263> c<4261> l<464:44> el<464:58>
                          n<> u<4261> t<Primary_literal> p<4262> c<4260> l<464:44> el<464:58>
                            n<delay_chain_17> u<4260> t<SIMPLE_IDENTIFIER> p<4261> l<464:44> el<464:58>
        n<> u<4290> t<Module_item> p<5224> c<4289> s<4310> l<465:5> el<465:59>
          n<> u<4289> t<Non_port_module_item> p<4290> c<4288> l<465:5> el<465:59>
            n<> u<4288> t<Module_or_generate_item> p<4289> c<4287> l<465:5> el<465:59>
              n<> u<4287> t<Module_common_item> p<4288> c<4286> l<465:5> el<465:59>
                n<> u<4286> t<Continuous_assign> p<4287> c<4274> l<465:5> el<465:59>
                  n<> u<4274> t<Delay3> p<4286> c<4273> s<4285> l<465:12> el<465:26>
                    n<CALC_TAPDELAY> u<4273> t<SIMPLE_IDENTIFIER> p<4274> c<4272> l<465:12> el<465:26>
                      n<> u<4272> t<Ps_identifier> p<4273> c<4271> l<465:13> el<465:26>
                        n<CALC_TAPDELAY> u<4271> t<SIMPLE_IDENTIFIER> p<4272> l<465:13> el<465:26>
                  n<> u<4285> t<Net_assignment_list> p<4286> c<4284> l<465:27> el<465:58>
                    n<> u<4284> t<Net_assignment> p<4285> c<4279> l<465:27> el<465:58>
                      n<> u<4279> t<Net_lvalue> p<4284> c<4276> s<4283> l<465:27> el<465:41>
                        n<> u<4276> t<Ps_or_hierarchical_identifier> p<4279> c<4275> s<4278> l<465:27> el<465:41>
                          n<delay_chain_19> u<4275> t<SIMPLE_IDENTIFIER> p<4276> l<465:27> el<465:41>
                        n<> u<4278> t<Constant_select> p<4279> c<4277> l<465:42> el<465:42>
                          n<> u<4277> t<Constant_bit_select> p<4278> l<465:42> el<465:42>
                      n<> u<4283> t<Expression> p<4284> c<4282> l<465:44> el<465:58>
                        n<> u<4282> t<Primary> p<4283> c<4281> l<465:44> el<465:58>
                          n<> u<4281> t<Primary_literal> p<4282> c<4280> l<465:44> el<465:58>
                            n<delay_chain_18> u<4280> t<SIMPLE_IDENTIFIER> p<4281> l<465:44> el<465:58>
        n<> u<4310> t<Module_item> p<5224> c<4309> s<4330> l<466:5> el<466:59>
          n<> u<4309> t<Non_port_module_item> p<4310> c<4308> l<466:5> el<466:59>
            n<> u<4308> t<Module_or_generate_item> p<4309> c<4307> l<466:5> el<466:59>
              n<> u<4307> t<Module_common_item> p<4308> c<4306> l<466:5> el<466:59>
                n<> u<4306> t<Continuous_assign> p<4307> c<4294> l<466:5> el<466:59>
                  n<> u<4294> t<Delay3> p<4306> c<4293> s<4305> l<466:12> el<466:26>
                    n<CALC_TAPDELAY> u<4293> t<SIMPLE_IDENTIFIER> p<4294> c<4292> l<466:12> el<466:26>
                      n<> u<4292> t<Ps_identifier> p<4293> c<4291> l<466:13> el<466:26>
                        n<CALC_TAPDELAY> u<4291> t<SIMPLE_IDENTIFIER> p<4292> l<466:13> el<466:26>
                  n<> u<4305> t<Net_assignment_list> p<4306> c<4304> l<466:27> el<466:58>
                    n<> u<4304> t<Net_assignment> p<4305> c<4299> l<466:27> el<466:58>
                      n<> u<4299> t<Net_lvalue> p<4304> c<4296> s<4303> l<466:27> el<466:41>
                        n<> u<4296> t<Ps_or_hierarchical_identifier> p<4299> c<4295> s<4298> l<466:27> el<466:41>
                          n<delay_chain_20> u<4295> t<SIMPLE_IDENTIFIER> p<4296> l<466:27> el<466:41>
                        n<> u<4298> t<Constant_select> p<4299> c<4297> l<466:42> el<466:42>
                          n<> u<4297> t<Constant_bit_select> p<4298> l<466:42> el<466:42>
                      n<> u<4303> t<Expression> p<4304> c<4302> l<466:44> el<466:58>
                        n<> u<4302> t<Primary> p<4303> c<4301> l<466:44> el<466:58>
                          n<> u<4301> t<Primary_literal> p<4302> c<4300> l<466:44> el<466:58>
                            n<delay_chain_19> u<4300> t<SIMPLE_IDENTIFIER> p<4301> l<466:44> el<466:58>
        n<> u<4330> t<Module_item> p<5224> c<4329> s<4350> l<467:5> el<467:59>
          n<> u<4329> t<Non_port_module_item> p<4330> c<4328> l<467:5> el<467:59>
            n<> u<4328> t<Module_or_generate_item> p<4329> c<4327> l<467:5> el<467:59>
              n<> u<4327> t<Module_common_item> p<4328> c<4326> l<467:5> el<467:59>
                n<> u<4326> t<Continuous_assign> p<4327> c<4314> l<467:5> el<467:59>
                  n<> u<4314> t<Delay3> p<4326> c<4313> s<4325> l<467:12> el<467:26>
                    n<CALC_TAPDELAY> u<4313> t<SIMPLE_IDENTIFIER> p<4314> c<4312> l<467:12> el<467:26>
                      n<> u<4312> t<Ps_identifier> p<4313> c<4311> l<467:13> el<467:26>
                        n<CALC_TAPDELAY> u<4311> t<SIMPLE_IDENTIFIER> p<4312> l<467:13> el<467:26>
                  n<> u<4325> t<Net_assignment_list> p<4326> c<4324> l<467:27> el<467:58>
                    n<> u<4324> t<Net_assignment> p<4325> c<4319> l<467:27> el<467:58>
                      n<> u<4319> t<Net_lvalue> p<4324> c<4316> s<4323> l<467:27> el<467:41>
                        n<> u<4316> t<Ps_or_hierarchical_identifier> p<4319> c<4315> s<4318> l<467:27> el<467:41>
                          n<delay_chain_21> u<4315> t<SIMPLE_IDENTIFIER> p<4316> l<467:27> el<467:41>
                        n<> u<4318> t<Constant_select> p<4319> c<4317> l<467:42> el<467:42>
                          n<> u<4317> t<Constant_bit_select> p<4318> l<467:42> el<467:42>
                      n<> u<4323> t<Expression> p<4324> c<4322> l<467:44> el<467:58>
                        n<> u<4322> t<Primary> p<4323> c<4321> l<467:44> el<467:58>
                          n<> u<4321> t<Primary_literal> p<4322> c<4320> l<467:44> el<467:58>
                            n<delay_chain_20> u<4320> t<SIMPLE_IDENTIFIER> p<4321> l<467:44> el<467:58>
        n<> u<4350> t<Module_item> p<5224> c<4349> s<4370> l<468:5> el<468:59>
          n<> u<4349> t<Non_port_module_item> p<4350> c<4348> l<468:5> el<468:59>
            n<> u<4348> t<Module_or_generate_item> p<4349> c<4347> l<468:5> el<468:59>
              n<> u<4347> t<Module_common_item> p<4348> c<4346> l<468:5> el<468:59>
                n<> u<4346> t<Continuous_assign> p<4347> c<4334> l<468:5> el<468:59>
                  n<> u<4334> t<Delay3> p<4346> c<4333> s<4345> l<468:12> el<468:26>
                    n<CALC_TAPDELAY> u<4333> t<SIMPLE_IDENTIFIER> p<4334> c<4332> l<468:12> el<468:26>
                      n<> u<4332> t<Ps_identifier> p<4333> c<4331> l<468:13> el<468:26>
                        n<CALC_TAPDELAY> u<4331> t<SIMPLE_IDENTIFIER> p<4332> l<468:13> el<468:26>
                  n<> u<4345> t<Net_assignment_list> p<4346> c<4344> l<468:27> el<468:58>
                    n<> u<4344> t<Net_assignment> p<4345> c<4339> l<468:27> el<468:58>
                      n<> u<4339> t<Net_lvalue> p<4344> c<4336> s<4343> l<468:27> el<468:41>
                        n<> u<4336> t<Ps_or_hierarchical_identifier> p<4339> c<4335> s<4338> l<468:27> el<468:41>
                          n<delay_chain_22> u<4335> t<SIMPLE_IDENTIFIER> p<4336> l<468:27> el<468:41>
                        n<> u<4338> t<Constant_select> p<4339> c<4337> l<468:42> el<468:42>
                          n<> u<4337> t<Constant_bit_select> p<4338> l<468:42> el<468:42>
                      n<> u<4343> t<Expression> p<4344> c<4342> l<468:44> el<468:58>
                        n<> u<4342> t<Primary> p<4343> c<4341> l<468:44> el<468:58>
                          n<> u<4341> t<Primary_literal> p<4342> c<4340> l<468:44> el<468:58>
                            n<delay_chain_21> u<4340> t<SIMPLE_IDENTIFIER> p<4341> l<468:44> el<468:58>
        n<> u<4370> t<Module_item> p<5224> c<4369> s<4390> l<469:5> el<469:59>
          n<> u<4369> t<Non_port_module_item> p<4370> c<4368> l<469:5> el<469:59>
            n<> u<4368> t<Module_or_generate_item> p<4369> c<4367> l<469:5> el<469:59>
              n<> u<4367> t<Module_common_item> p<4368> c<4366> l<469:5> el<469:59>
                n<> u<4366> t<Continuous_assign> p<4367> c<4354> l<469:5> el<469:59>
                  n<> u<4354> t<Delay3> p<4366> c<4353> s<4365> l<469:12> el<469:26>
                    n<CALC_TAPDELAY> u<4353> t<SIMPLE_IDENTIFIER> p<4354> c<4352> l<469:12> el<469:26>
                      n<> u<4352> t<Ps_identifier> p<4353> c<4351> l<469:13> el<469:26>
                        n<CALC_TAPDELAY> u<4351> t<SIMPLE_IDENTIFIER> p<4352> l<469:13> el<469:26>
                  n<> u<4365> t<Net_assignment_list> p<4366> c<4364> l<469:27> el<469:58>
                    n<> u<4364> t<Net_assignment> p<4365> c<4359> l<469:27> el<469:58>
                      n<> u<4359> t<Net_lvalue> p<4364> c<4356> s<4363> l<469:27> el<469:41>
                        n<> u<4356> t<Ps_or_hierarchical_identifier> p<4359> c<4355> s<4358> l<469:27> el<469:41>
                          n<delay_chain_23> u<4355> t<SIMPLE_IDENTIFIER> p<4356> l<469:27> el<469:41>
                        n<> u<4358> t<Constant_select> p<4359> c<4357> l<469:42> el<469:42>
                          n<> u<4357> t<Constant_bit_select> p<4358> l<469:42> el<469:42>
                      n<> u<4363> t<Expression> p<4364> c<4362> l<469:44> el<469:58>
                        n<> u<4362> t<Primary> p<4363> c<4361> l<469:44> el<469:58>
                          n<> u<4361> t<Primary_literal> p<4362> c<4360> l<469:44> el<469:58>
                            n<delay_chain_22> u<4360> t<SIMPLE_IDENTIFIER> p<4361> l<469:44> el<469:58>
        n<> u<4390> t<Module_item> p<5224> c<4389> s<4410> l<470:5> el<470:59>
          n<> u<4389> t<Non_port_module_item> p<4390> c<4388> l<470:5> el<470:59>
            n<> u<4388> t<Module_or_generate_item> p<4389> c<4387> l<470:5> el<470:59>
              n<> u<4387> t<Module_common_item> p<4388> c<4386> l<470:5> el<470:59>
                n<> u<4386> t<Continuous_assign> p<4387> c<4374> l<470:5> el<470:59>
                  n<> u<4374> t<Delay3> p<4386> c<4373> s<4385> l<470:12> el<470:26>
                    n<CALC_TAPDELAY> u<4373> t<SIMPLE_IDENTIFIER> p<4374> c<4372> l<470:12> el<470:26>
                      n<> u<4372> t<Ps_identifier> p<4373> c<4371> l<470:13> el<470:26>
                        n<CALC_TAPDELAY> u<4371> t<SIMPLE_IDENTIFIER> p<4372> l<470:13> el<470:26>
                  n<> u<4385> t<Net_assignment_list> p<4386> c<4384> l<470:27> el<470:58>
                    n<> u<4384> t<Net_assignment> p<4385> c<4379> l<470:27> el<470:58>
                      n<> u<4379> t<Net_lvalue> p<4384> c<4376> s<4383> l<470:27> el<470:41>
                        n<> u<4376> t<Ps_or_hierarchical_identifier> p<4379> c<4375> s<4378> l<470:27> el<470:41>
                          n<delay_chain_24> u<4375> t<SIMPLE_IDENTIFIER> p<4376> l<470:27> el<470:41>
                        n<> u<4378> t<Constant_select> p<4379> c<4377> l<470:42> el<470:42>
                          n<> u<4377> t<Constant_bit_select> p<4378> l<470:42> el<470:42>
                      n<> u<4383> t<Expression> p<4384> c<4382> l<470:44> el<470:58>
                        n<> u<4382> t<Primary> p<4383> c<4381> l<470:44> el<470:58>
                          n<> u<4381> t<Primary_literal> p<4382> c<4380> l<470:44> el<470:58>
                            n<delay_chain_23> u<4380> t<SIMPLE_IDENTIFIER> p<4381> l<470:44> el<470:58>
        n<> u<4410> t<Module_item> p<5224> c<4409> s<4430> l<471:5> el<471:59>
          n<> u<4409> t<Non_port_module_item> p<4410> c<4408> l<471:5> el<471:59>
            n<> u<4408> t<Module_or_generate_item> p<4409> c<4407> l<471:5> el<471:59>
              n<> u<4407> t<Module_common_item> p<4408> c<4406> l<471:5> el<471:59>
                n<> u<4406> t<Continuous_assign> p<4407> c<4394> l<471:5> el<471:59>
                  n<> u<4394> t<Delay3> p<4406> c<4393> s<4405> l<471:12> el<471:26>
                    n<CALC_TAPDELAY> u<4393> t<SIMPLE_IDENTIFIER> p<4394> c<4392> l<471:12> el<471:26>
                      n<> u<4392> t<Ps_identifier> p<4393> c<4391> l<471:13> el<471:26>
                        n<CALC_TAPDELAY> u<4391> t<SIMPLE_IDENTIFIER> p<4392> l<471:13> el<471:26>
                  n<> u<4405> t<Net_assignment_list> p<4406> c<4404> l<471:27> el<471:58>
                    n<> u<4404> t<Net_assignment> p<4405> c<4399> l<471:27> el<471:58>
                      n<> u<4399> t<Net_lvalue> p<4404> c<4396> s<4403> l<471:27> el<471:41>
                        n<> u<4396> t<Ps_or_hierarchical_identifier> p<4399> c<4395> s<4398> l<471:27> el<471:41>
                          n<delay_chain_25> u<4395> t<SIMPLE_IDENTIFIER> p<4396> l<471:27> el<471:41>
                        n<> u<4398> t<Constant_select> p<4399> c<4397> l<471:42> el<471:42>
                          n<> u<4397> t<Constant_bit_select> p<4398> l<471:42> el<471:42>
                      n<> u<4403> t<Expression> p<4404> c<4402> l<471:44> el<471:58>
                        n<> u<4402> t<Primary> p<4403> c<4401> l<471:44> el<471:58>
                          n<> u<4401> t<Primary_literal> p<4402> c<4400> l<471:44> el<471:58>
                            n<delay_chain_24> u<4400> t<SIMPLE_IDENTIFIER> p<4401> l<471:44> el<471:58>
        n<> u<4430> t<Module_item> p<5224> c<4429> s<4450> l<472:5> el<472:59>
          n<> u<4429> t<Non_port_module_item> p<4430> c<4428> l<472:5> el<472:59>
            n<> u<4428> t<Module_or_generate_item> p<4429> c<4427> l<472:5> el<472:59>
              n<> u<4427> t<Module_common_item> p<4428> c<4426> l<472:5> el<472:59>
                n<> u<4426> t<Continuous_assign> p<4427> c<4414> l<472:5> el<472:59>
                  n<> u<4414> t<Delay3> p<4426> c<4413> s<4425> l<472:12> el<472:26>
                    n<CALC_TAPDELAY> u<4413> t<SIMPLE_IDENTIFIER> p<4414> c<4412> l<472:12> el<472:26>
                      n<> u<4412> t<Ps_identifier> p<4413> c<4411> l<472:13> el<472:26>
                        n<CALC_TAPDELAY> u<4411> t<SIMPLE_IDENTIFIER> p<4412> l<472:13> el<472:26>
                  n<> u<4425> t<Net_assignment_list> p<4426> c<4424> l<472:27> el<472:58>
                    n<> u<4424> t<Net_assignment> p<4425> c<4419> l<472:27> el<472:58>
                      n<> u<4419> t<Net_lvalue> p<4424> c<4416> s<4423> l<472:27> el<472:41>
                        n<> u<4416> t<Ps_or_hierarchical_identifier> p<4419> c<4415> s<4418> l<472:27> el<472:41>
                          n<delay_chain_26> u<4415> t<SIMPLE_IDENTIFIER> p<4416> l<472:27> el<472:41>
                        n<> u<4418> t<Constant_select> p<4419> c<4417> l<472:42> el<472:42>
                          n<> u<4417> t<Constant_bit_select> p<4418> l<472:42> el<472:42>
                      n<> u<4423> t<Expression> p<4424> c<4422> l<472:44> el<472:58>
                        n<> u<4422> t<Primary> p<4423> c<4421> l<472:44> el<472:58>
                          n<> u<4421> t<Primary_literal> p<4422> c<4420> l<472:44> el<472:58>
                            n<delay_chain_25> u<4420> t<SIMPLE_IDENTIFIER> p<4421> l<472:44> el<472:58>
        n<> u<4450> t<Module_item> p<5224> c<4449> s<4470> l<473:5> el<473:59>
          n<> u<4449> t<Non_port_module_item> p<4450> c<4448> l<473:5> el<473:59>
            n<> u<4448> t<Module_or_generate_item> p<4449> c<4447> l<473:5> el<473:59>
              n<> u<4447> t<Module_common_item> p<4448> c<4446> l<473:5> el<473:59>
                n<> u<4446> t<Continuous_assign> p<4447> c<4434> l<473:5> el<473:59>
                  n<> u<4434> t<Delay3> p<4446> c<4433> s<4445> l<473:12> el<473:26>
                    n<CALC_TAPDELAY> u<4433> t<SIMPLE_IDENTIFIER> p<4434> c<4432> l<473:12> el<473:26>
                      n<> u<4432> t<Ps_identifier> p<4433> c<4431> l<473:13> el<473:26>
                        n<CALC_TAPDELAY> u<4431> t<SIMPLE_IDENTIFIER> p<4432> l<473:13> el<473:26>
                  n<> u<4445> t<Net_assignment_list> p<4446> c<4444> l<473:27> el<473:58>
                    n<> u<4444> t<Net_assignment> p<4445> c<4439> l<473:27> el<473:58>
                      n<> u<4439> t<Net_lvalue> p<4444> c<4436> s<4443> l<473:27> el<473:41>
                        n<> u<4436> t<Ps_or_hierarchical_identifier> p<4439> c<4435> s<4438> l<473:27> el<473:41>
                          n<delay_chain_27> u<4435> t<SIMPLE_IDENTIFIER> p<4436> l<473:27> el<473:41>
                        n<> u<4438> t<Constant_select> p<4439> c<4437> l<473:42> el<473:42>
                          n<> u<4437> t<Constant_bit_select> p<4438> l<473:42> el<473:42>
                      n<> u<4443> t<Expression> p<4444> c<4442> l<473:44> el<473:58>
                        n<> u<4442> t<Primary> p<4443> c<4441> l<473:44> el<473:58>
                          n<> u<4441> t<Primary_literal> p<4442> c<4440> l<473:44> el<473:58>
                            n<delay_chain_26> u<4440> t<SIMPLE_IDENTIFIER> p<4441> l<473:44> el<473:58>
        n<> u<4470> t<Module_item> p<5224> c<4469> s<4490> l<474:5> el<474:59>
          n<> u<4469> t<Non_port_module_item> p<4470> c<4468> l<474:5> el<474:59>
            n<> u<4468> t<Module_or_generate_item> p<4469> c<4467> l<474:5> el<474:59>
              n<> u<4467> t<Module_common_item> p<4468> c<4466> l<474:5> el<474:59>
                n<> u<4466> t<Continuous_assign> p<4467> c<4454> l<474:5> el<474:59>
                  n<> u<4454> t<Delay3> p<4466> c<4453> s<4465> l<474:12> el<474:26>
                    n<CALC_TAPDELAY> u<4453> t<SIMPLE_IDENTIFIER> p<4454> c<4452> l<474:12> el<474:26>
                      n<> u<4452> t<Ps_identifier> p<4453> c<4451> l<474:13> el<474:26>
                        n<CALC_TAPDELAY> u<4451> t<SIMPLE_IDENTIFIER> p<4452> l<474:13> el<474:26>
                  n<> u<4465> t<Net_assignment_list> p<4466> c<4464> l<474:27> el<474:58>
                    n<> u<4464> t<Net_assignment> p<4465> c<4459> l<474:27> el<474:58>
                      n<> u<4459> t<Net_lvalue> p<4464> c<4456> s<4463> l<474:27> el<474:41>
                        n<> u<4456> t<Ps_or_hierarchical_identifier> p<4459> c<4455> s<4458> l<474:27> el<474:41>
                          n<delay_chain_28> u<4455> t<SIMPLE_IDENTIFIER> p<4456> l<474:27> el<474:41>
                        n<> u<4458> t<Constant_select> p<4459> c<4457> l<474:42> el<474:42>
                          n<> u<4457> t<Constant_bit_select> p<4458> l<474:42> el<474:42>
                      n<> u<4463> t<Expression> p<4464> c<4462> l<474:44> el<474:58>
                        n<> u<4462> t<Primary> p<4463> c<4461> l<474:44> el<474:58>
                          n<> u<4461> t<Primary_literal> p<4462> c<4460> l<474:44> el<474:58>
                            n<delay_chain_27> u<4460> t<SIMPLE_IDENTIFIER> p<4461> l<474:44> el<474:58>
        n<> u<4490> t<Module_item> p<5224> c<4489> s<4510> l<475:5> el<475:59>
          n<> u<4489> t<Non_port_module_item> p<4490> c<4488> l<475:5> el<475:59>
            n<> u<4488> t<Module_or_generate_item> p<4489> c<4487> l<475:5> el<475:59>
              n<> u<4487> t<Module_common_item> p<4488> c<4486> l<475:5> el<475:59>
                n<> u<4486> t<Continuous_assign> p<4487> c<4474> l<475:5> el<475:59>
                  n<> u<4474> t<Delay3> p<4486> c<4473> s<4485> l<475:12> el<475:26>
                    n<CALC_TAPDELAY> u<4473> t<SIMPLE_IDENTIFIER> p<4474> c<4472> l<475:12> el<475:26>
                      n<> u<4472> t<Ps_identifier> p<4473> c<4471> l<475:13> el<475:26>
                        n<CALC_TAPDELAY> u<4471> t<SIMPLE_IDENTIFIER> p<4472> l<475:13> el<475:26>
                  n<> u<4485> t<Net_assignment_list> p<4486> c<4484> l<475:27> el<475:58>
                    n<> u<4484> t<Net_assignment> p<4485> c<4479> l<475:27> el<475:58>
                      n<> u<4479> t<Net_lvalue> p<4484> c<4476> s<4483> l<475:27> el<475:41>
                        n<> u<4476> t<Ps_or_hierarchical_identifier> p<4479> c<4475> s<4478> l<475:27> el<475:41>
                          n<delay_chain_29> u<4475> t<SIMPLE_IDENTIFIER> p<4476> l<475:27> el<475:41>
                        n<> u<4478> t<Constant_select> p<4479> c<4477> l<475:42> el<475:42>
                          n<> u<4477> t<Constant_bit_select> p<4478> l<475:42> el<475:42>
                      n<> u<4483> t<Expression> p<4484> c<4482> l<475:44> el<475:58>
                        n<> u<4482> t<Primary> p<4483> c<4481> l<475:44> el<475:58>
                          n<> u<4481> t<Primary_literal> p<4482> c<4480> l<475:44> el<475:58>
                            n<delay_chain_28> u<4480> t<SIMPLE_IDENTIFIER> p<4481> l<475:44> el<475:58>
        n<> u<4510> t<Module_item> p<5224> c<4509> s<4530> l<476:5> el<476:59>
          n<> u<4509> t<Non_port_module_item> p<4510> c<4508> l<476:5> el<476:59>
            n<> u<4508> t<Module_or_generate_item> p<4509> c<4507> l<476:5> el<476:59>
              n<> u<4507> t<Module_common_item> p<4508> c<4506> l<476:5> el<476:59>
                n<> u<4506> t<Continuous_assign> p<4507> c<4494> l<476:5> el<476:59>
                  n<> u<4494> t<Delay3> p<4506> c<4493> s<4505> l<476:12> el<476:26>
                    n<CALC_TAPDELAY> u<4493> t<SIMPLE_IDENTIFIER> p<4494> c<4492> l<476:12> el<476:26>
                      n<> u<4492> t<Ps_identifier> p<4493> c<4491> l<476:13> el<476:26>
                        n<CALC_TAPDELAY> u<4491> t<SIMPLE_IDENTIFIER> p<4492> l<476:13> el<476:26>
                  n<> u<4505> t<Net_assignment_list> p<4506> c<4504> l<476:27> el<476:58>
                    n<> u<4504> t<Net_assignment> p<4505> c<4499> l<476:27> el<476:58>
                      n<> u<4499> t<Net_lvalue> p<4504> c<4496> s<4503> l<476:27> el<476:41>
                        n<> u<4496> t<Ps_or_hierarchical_identifier> p<4499> c<4495> s<4498> l<476:27> el<476:41>
                          n<delay_chain_30> u<4495> t<SIMPLE_IDENTIFIER> p<4496> l<476:27> el<476:41>
                        n<> u<4498> t<Constant_select> p<4499> c<4497> l<476:42> el<476:42>
                          n<> u<4497> t<Constant_bit_select> p<4498> l<476:42> el<476:42>
                      n<> u<4503> t<Expression> p<4504> c<4502> l<476:44> el<476:58>
                        n<> u<4502> t<Primary> p<4503> c<4501> l<476:44> el<476:58>
                          n<> u<4501> t<Primary_literal> p<4502> c<4500> l<476:44> el<476:58>
                            n<delay_chain_29> u<4500> t<SIMPLE_IDENTIFIER> p<4501> l<476:44> el<476:58>
        n<> u<4530> t<Module_item> p<5224> c<4529> s<4531> l<477:5> el<477:59>
          n<> u<4529> t<Non_port_module_item> p<4530> c<4528> l<477:5> el<477:59>
            n<> u<4528> t<Module_or_generate_item> p<4529> c<4527> l<477:5> el<477:59>
              n<> u<4527> t<Module_common_item> p<4528> c<4526> l<477:5> el<477:59>
                n<> u<4526> t<Continuous_assign> p<4527> c<4514> l<477:5> el<477:59>
                  n<> u<4514> t<Delay3> p<4526> c<4513> s<4525> l<477:12> el<477:26>
                    n<CALC_TAPDELAY> u<4513> t<SIMPLE_IDENTIFIER> p<4514> c<4512> l<477:12> el<477:26>
                      n<> u<4512> t<Ps_identifier> p<4513> c<4511> l<477:13> el<477:26>
                        n<CALC_TAPDELAY> u<4511> t<SIMPLE_IDENTIFIER> p<4512> l<477:13> el<477:26>
                  n<> u<4525> t<Net_assignment_list> p<4526> c<4524> l<477:27> el<477:58>
                    n<> u<4524> t<Net_assignment> p<4525> c<4519> l<477:27> el<477:58>
                      n<> u<4519> t<Net_lvalue> p<4524> c<4516> s<4523> l<477:27> el<477:41>
                        n<> u<4516> t<Ps_or_hierarchical_identifier> p<4519> c<4515> s<4518> l<477:27> el<477:41>
                          n<delay_chain_31> u<4515> t<SIMPLE_IDENTIFIER> p<4516> l<477:27> el<477:41>
                        n<> u<4518> t<Constant_select> p<4519> c<4517> l<477:42> el<477:42>
                          n<> u<4517> t<Constant_bit_select> p<4518> l<477:42> el<477:42>
                      n<> u<4523> t<Expression> p<4524> c<4522> l<477:44> el<477:58>
                        n<> u<4522> t<Primary> p<4523> c<4521> l<477:44> el<477:58>
                          n<> u<4521> t<Primary_literal> p<4522> c<4520> l<477:44> el<477:58>
                            n<delay_chain_30> u<4520> t<SIMPLE_IDENTIFIER> p<4521> l<477:44> el<477:58>
        n<//*********************************************************> u<4531> t<LINE_COMMENT> p<5224> s<4532> l<479:1> el<479:60>
        n<//*** assign delay> u<4532> t<LINE_COMMENT> p<5224> s<4533> l<480:1> el<480:19>
        n<//*********************************************************> u<4533> t<LINE_COMMENT> p<5224> s<5221> l<481:1> el<481:60>
        n<> u<5221> t<Module_item> p<5224> c<5220> s<5222> l<482:5> el<519:8>
          n<> u<5220> t<Non_port_module_item> p<5221> c<5219> l<482:5> el<519:8>
            n<> u<5219> t<Module_or_generate_item> p<5220> c<5218> l<482:5> el<519:8>
              n<> u<5218> t<Module_common_item> p<5219> c<5217> l<482:5> el<519:8>
                n<> u<5217> t<Always_construct> p<5218> c<4534> l<482:5> el<519:8>
                  n<> u<4534> t<ALWAYS> p<5217> s<5216> l<482:5> el<482:11>
                  n<> u<5216> t<Statement> p<5217> c<5215> l<482:12> el<519:8>
                    n<> u<5215> t<Statement_item> p<5216> c<5214> l<482:12> el<519:8>
                      n<> u<5214> t<Procedural_timing_control_statement> p<5215> c<4541> l<482:12> el<519:8>
                        n<> u<4541> t<Procedural_timing_control> p<5214> c<4540> s<5213> l<482:12> el<482:27>
                          n<> u<4540> t<Event_control> p<4541> c<4539> l<482:12> el<482:27>
                            n<> u<4539> t<Event_expression> p<4540> c<4538> l<482:14> el<482:26>
                              n<> u<4538> t<Expression> p<4539> c<4537> l<482:14> el<482:26>
                                n<> u<4537> t<Primary> p<4538> c<4536> l<482:14> el<482:26>
                                  n<> u<4536> t<Primary_literal> p<4537> c<4535> l<482:14> el<482:26>
                                    n<odelay_count> u<4535> t<SIMPLE_IDENTIFIER> p<4536> l<482:14> el<482:26>
                        n<> u<5213> t<Statement_or_null> p<5214> c<5212> l<482:28> el<519:8>
                          n<> u<5212> t<Statement> p<5213> c<5211> l<482:28> el<519:8>
                            n<> u<5211> t<Statement_item> p<5212> c<5210> l<482:28> el<519:8>
                              n<> u<5210> t<Seq_block> p<5211> c<5208> l<482:28> el<519:8>
                                n<> u<5208> t<Statement_or_null> p<5210> c<5207> s<5209> l<483:9> el<518:16>
                                  n<> u<5207> t<Statement> p<5208> c<5206> l<483:9> el<518:16>
                                    n<> u<5206> t<Statement_item> p<5207> c<5205> l<483:9> el<518:16>
                                      n<> u<5205> t<Case_statement> p<5206> c<4543> l<483:9> el<518:16>
                                        n<> u<4543> t<Case_keyword> p<5205> c<4542> s<4547> l<483:9> el<483:13>
                                          n<> u<4542> t<CASE> p<4543> l<483:9> el<483:13>
                                        n<> u<4547> t<Expression> p<5205> c<4546> s<4567> l<483:15> el<483:27>
                                          n<> u<4546> t<Primary> p<4547> c<4545> l<483:15> el<483:27>
                                            n<> u<4545> t<Primary_literal> p<4546> c<4544> l<483:15> el<483:27>
                                              n<odelay_count> u<4544> t<SIMPLE_IDENTIFIER> p<4545> l<483:15> el<483:27>
                                        n<> u<4567> t<Case_item> p<5205> c<4551> s<4587> l<484:13> el<484:48>
                                          n<> u<4551> t<Expression> p<4567> c<4550> s<4566> l<484:13> el<484:14>
                                            n<> u<4550> t<Primary> p<4551> c<4549> l<484:13> el<484:14>
                                              n<> u<4549> t<Primary_literal> p<4550> c<4548> l<484:13> el<484:14>
                                                n<0> u<4548> t<INTEGRAL_NUMBER> p<4549> l<484:13> el<484:14>
                                          n<> u<4566> t<Statement_or_null> p<4567> c<4565> l<484:17> el<484:48>
                                            n<> u<4565> t<Statement> p<4566> c<4564> l<484:17> el<484:48>
                                              n<> u<4564> t<Statement_item> p<4565> c<4563> l<484:17> el<484:48>
                                                n<> u<4563> t<Procedural_continuous_assignment> p<4564> c<4562> l<484:17> el<484:47>
                                                  n<> u<4562> t<ASSIGN> p<4563> s<4561> l<484:17> el<484:23>
                                                  n<> u<4561> t<Variable_assignment> p<4563> c<4556> l<484:24> el<484:47>
                                                    n<> u<4556> t<Variable_lvalue> p<4561> c<4553> s<4560> l<484:24> el<484:31>
                                                      n<> u<4553> t<Ps_or_hierarchical_identifier> p<4556> c<4552> s<4555> l<484:24> el<484:31>
                                                        n<tap_out> u<4552> t<SIMPLE_IDENTIFIER> p<4553> l<484:24> el<484:31>
                                                      n<> u<4555> t<Select> p<4556> c<4554> l<484:32> el<484:32>
                                                        n<> u<4554> t<Bit_select> p<4555> l<484:32> el<484:32>
                                                    n<> u<4560> t<Expression> p<4561> c<4559> l<484:34> el<484:47>
                                                      n<> u<4559> t<Primary> p<4560> c<4558> l<484:34> el<484:47>
                                                        n<> u<4558> t<Primary_literal> p<4559> c<4557> l<484:34> el<484:47>
                                                          n<delay_chain_0> u<4557> t<SIMPLE_IDENTIFIER> p<4558> l<484:34> el<484:47>
                                        n<> u<4587> t<Case_item> p<5205> c<4571> s<4607> l<485:13> el<485:48>
                                          n<> u<4571> t<Expression> p<4587> c<4570> s<4586> l<485:13> el<485:14>
                                            n<> u<4570> t<Primary> p<4571> c<4569> l<485:13> el<485:14>
                                              n<> u<4569> t<Primary_literal> p<4570> c<4568> l<485:13> el<485:14>
                                                n<1> u<4568> t<INTEGRAL_NUMBER> p<4569> l<485:13> el<485:14>
                                          n<> u<4586> t<Statement_or_null> p<4587> c<4585> l<485:17> el<485:48>
                                            n<> u<4585> t<Statement> p<4586> c<4584> l<485:17> el<485:48>
                                              n<> u<4584> t<Statement_item> p<4585> c<4583> l<485:17> el<485:48>
                                                n<> u<4583> t<Procedural_continuous_assignment> p<4584> c<4582> l<485:17> el<485:47>
                                                  n<> u<4582> t<ASSIGN> p<4583> s<4581> l<485:17> el<485:23>
                                                  n<> u<4581> t<Variable_assignment> p<4583> c<4576> l<485:24> el<485:47>
                                                    n<> u<4576> t<Variable_lvalue> p<4581> c<4573> s<4580> l<485:24> el<485:31>
                                                      n<> u<4573> t<Ps_or_hierarchical_identifier> p<4576> c<4572> s<4575> l<485:24> el<485:31>
                                                        n<tap_out> u<4572> t<SIMPLE_IDENTIFIER> p<4573> l<485:24> el<485:31>
                                                      n<> u<4575> t<Select> p<4576> c<4574> l<485:32> el<485:32>
                                                        n<> u<4574> t<Bit_select> p<4575> l<485:32> el<485:32>
                                                    n<> u<4580> t<Expression> p<4581> c<4579> l<485:34> el<485:47>
                                                      n<> u<4579> t<Primary> p<4580> c<4578> l<485:34> el<485:47>
                                                        n<> u<4578> t<Primary_literal> p<4579> c<4577> l<485:34> el<485:47>
                                                          n<delay_chain_1> u<4577> t<SIMPLE_IDENTIFIER> p<4578> l<485:34> el<485:47>
                                        n<> u<4607> t<Case_item> p<5205> c<4591> s<4627> l<486:13> el<486:48>
                                          n<> u<4591> t<Expression> p<4607> c<4590> s<4606> l<486:13> el<486:14>
                                            n<> u<4590> t<Primary> p<4591> c<4589> l<486:13> el<486:14>
                                              n<> u<4589> t<Primary_literal> p<4590> c<4588> l<486:13> el<486:14>
                                                n<2> u<4588> t<INTEGRAL_NUMBER> p<4589> l<486:13> el<486:14>
                                          n<> u<4606> t<Statement_or_null> p<4607> c<4605> l<486:17> el<486:48>
                                            n<> u<4605> t<Statement> p<4606> c<4604> l<486:17> el<486:48>
                                              n<> u<4604> t<Statement_item> p<4605> c<4603> l<486:17> el<486:48>
                                                n<> u<4603> t<Procedural_continuous_assignment> p<4604> c<4602> l<486:17> el<486:47>
                                                  n<> u<4602> t<ASSIGN> p<4603> s<4601> l<486:17> el<486:23>
                                                  n<> u<4601> t<Variable_assignment> p<4603> c<4596> l<486:24> el<486:47>
                                                    n<> u<4596> t<Variable_lvalue> p<4601> c<4593> s<4600> l<486:24> el<486:31>
                                                      n<> u<4593> t<Ps_or_hierarchical_identifier> p<4596> c<4592> s<4595> l<486:24> el<486:31>
                                                        n<tap_out> u<4592> t<SIMPLE_IDENTIFIER> p<4593> l<486:24> el<486:31>
                                                      n<> u<4595> t<Select> p<4596> c<4594> l<486:32> el<486:32>
                                                        n<> u<4594> t<Bit_select> p<4595> l<486:32> el<486:32>
                                                    n<> u<4600> t<Expression> p<4601> c<4599> l<486:34> el<486:47>
                                                      n<> u<4599> t<Primary> p<4600> c<4598> l<486:34> el<486:47>
                                                        n<> u<4598> t<Primary_literal> p<4599> c<4597> l<486:34> el<486:47>
                                                          n<delay_chain_2> u<4597> t<SIMPLE_IDENTIFIER> p<4598> l<486:34> el<486:47>
                                        n<> u<4627> t<Case_item> p<5205> c<4611> s<4647> l<487:13> el<487:48>
                                          n<> u<4611> t<Expression> p<4627> c<4610> s<4626> l<487:13> el<487:14>
                                            n<> u<4610> t<Primary> p<4611> c<4609> l<487:13> el<487:14>
                                              n<> u<4609> t<Primary_literal> p<4610> c<4608> l<487:13> el<487:14>
                                                n<3> u<4608> t<INTEGRAL_NUMBER> p<4609> l<487:13> el<487:14>
                                          n<> u<4626> t<Statement_or_null> p<4627> c<4625> l<487:17> el<487:48>
                                            n<> u<4625> t<Statement> p<4626> c<4624> l<487:17> el<487:48>
                                              n<> u<4624> t<Statement_item> p<4625> c<4623> l<487:17> el<487:48>
                                                n<> u<4623> t<Procedural_continuous_assignment> p<4624> c<4622> l<487:17> el<487:47>
                                                  n<> u<4622> t<ASSIGN> p<4623> s<4621> l<487:17> el<487:23>
                                                  n<> u<4621> t<Variable_assignment> p<4623> c<4616> l<487:24> el<487:47>
                                                    n<> u<4616> t<Variable_lvalue> p<4621> c<4613> s<4620> l<487:24> el<487:31>
                                                      n<> u<4613> t<Ps_or_hierarchical_identifier> p<4616> c<4612> s<4615> l<487:24> el<487:31>
                                                        n<tap_out> u<4612> t<SIMPLE_IDENTIFIER> p<4613> l<487:24> el<487:31>
                                                      n<> u<4615> t<Select> p<4616> c<4614> l<487:32> el<487:32>
                                                        n<> u<4614> t<Bit_select> p<4615> l<487:32> el<487:32>
                                                    n<> u<4620> t<Expression> p<4621> c<4619> l<487:34> el<487:47>
                                                      n<> u<4619> t<Primary> p<4620> c<4618> l<487:34> el<487:47>
                                                        n<> u<4618> t<Primary_literal> p<4619> c<4617> l<487:34> el<487:47>
                                                          n<delay_chain_3> u<4617> t<SIMPLE_IDENTIFIER> p<4618> l<487:34> el<487:47>
                                        n<> u<4647> t<Case_item> p<5205> c<4631> s<4667> l<488:13> el<488:48>
                                          n<> u<4631> t<Expression> p<4647> c<4630> s<4646> l<488:13> el<488:14>
                                            n<> u<4630> t<Primary> p<4631> c<4629> l<488:13> el<488:14>
                                              n<> u<4629> t<Primary_literal> p<4630> c<4628> l<488:13> el<488:14>
                                                n<4> u<4628> t<INTEGRAL_NUMBER> p<4629> l<488:13> el<488:14>
                                          n<> u<4646> t<Statement_or_null> p<4647> c<4645> l<488:17> el<488:48>
                                            n<> u<4645> t<Statement> p<4646> c<4644> l<488:17> el<488:48>
                                              n<> u<4644> t<Statement_item> p<4645> c<4643> l<488:17> el<488:48>
                                                n<> u<4643> t<Procedural_continuous_assignment> p<4644> c<4642> l<488:17> el<488:47>
                                                  n<> u<4642> t<ASSIGN> p<4643> s<4641> l<488:17> el<488:23>
                                                  n<> u<4641> t<Variable_assignment> p<4643> c<4636> l<488:24> el<488:47>
                                                    n<> u<4636> t<Variable_lvalue> p<4641> c<4633> s<4640> l<488:24> el<488:31>
                                                      n<> u<4633> t<Ps_or_hierarchical_identifier> p<4636> c<4632> s<4635> l<488:24> el<488:31>
                                                        n<tap_out> u<4632> t<SIMPLE_IDENTIFIER> p<4633> l<488:24> el<488:31>
                                                      n<> u<4635> t<Select> p<4636> c<4634> l<488:32> el<488:32>
                                                        n<> u<4634> t<Bit_select> p<4635> l<488:32> el<488:32>
                                                    n<> u<4640> t<Expression> p<4641> c<4639> l<488:34> el<488:47>
                                                      n<> u<4639> t<Primary> p<4640> c<4638> l<488:34> el<488:47>
                                                        n<> u<4638> t<Primary_literal> p<4639> c<4637> l<488:34> el<488:47>
                                                          n<delay_chain_4> u<4637> t<SIMPLE_IDENTIFIER> p<4638> l<488:34> el<488:47>
                                        n<> u<4667> t<Case_item> p<5205> c<4651> s<4687> l<489:13> el<489:48>
                                          n<> u<4651> t<Expression> p<4667> c<4650> s<4666> l<489:13> el<489:14>
                                            n<> u<4650> t<Primary> p<4651> c<4649> l<489:13> el<489:14>
                                              n<> u<4649> t<Primary_literal> p<4650> c<4648> l<489:13> el<489:14>
                                                n<5> u<4648> t<INTEGRAL_NUMBER> p<4649> l<489:13> el<489:14>
                                          n<> u<4666> t<Statement_or_null> p<4667> c<4665> l<489:17> el<489:48>
                                            n<> u<4665> t<Statement> p<4666> c<4664> l<489:17> el<489:48>
                                              n<> u<4664> t<Statement_item> p<4665> c<4663> l<489:17> el<489:48>
                                                n<> u<4663> t<Procedural_continuous_assignment> p<4664> c<4662> l<489:17> el<489:47>
                                                  n<> u<4662> t<ASSIGN> p<4663> s<4661> l<489:17> el<489:23>
                                                  n<> u<4661> t<Variable_assignment> p<4663> c<4656> l<489:24> el<489:47>
                                                    n<> u<4656> t<Variable_lvalue> p<4661> c<4653> s<4660> l<489:24> el<489:31>
                                                      n<> u<4653> t<Ps_or_hierarchical_identifier> p<4656> c<4652> s<4655> l<489:24> el<489:31>
                                                        n<tap_out> u<4652> t<SIMPLE_IDENTIFIER> p<4653> l<489:24> el<489:31>
                                                      n<> u<4655> t<Select> p<4656> c<4654> l<489:32> el<489:32>
                                                        n<> u<4654> t<Bit_select> p<4655> l<489:32> el<489:32>
                                                    n<> u<4660> t<Expression> p<4661> c<4659> l<489:34> el<489:47>
                                                      n<> u<4659> t<Primary> p<4660> c<4658> l<489:34> el<489:47>
                                                        n<> u<4658> t<Primary_literal> p<4659> c<4657> l<489:34> el<489:47>
                                                          n<delay_chain_5> u<4657> t<SIMPLE_IDENTIFIER> p<4658> l<489:34> el<489:47>
                                        n<> u<4687> t<Case_item> p<5205> c<4671> s<4707> l<490:13> el<490:48>
                                          n<> u<4671> t<Expression> p<4687> c<4670> s<4686> l<490:13> el<490:14>
                                            n<> u<4670> t<Primary> p<4671> c<4669> l<490:13> el<490:14>
                                              n<> u<4669> t<Primary_literal> p<4670> c<4668> l<490:13> el<490:14>
                                                n<6> u<4668> t<INTEGRAL_NUMBER> p<4669> l<490:13> el<490:14>
                                          n<> u<4686> t<Statement_or_null> p<4687> c<4685> l<490:17> el<490:48>
                                            n<> u<4685> t<Statement> p<4686> c<4684> l<490:17> el<490:48>
                                              n<> u<4684> t<Statement_item> p<4685> c<4683> l<490:17> el<490:48>
                                                n<> u<4683> t<Procedural_continuous_assignment> p<4684> c<4682> l<490:17> el<490:47>
                                                  n<> u<4682> t<ASSIGN> p<4683> s<4681> l<490:17> el<490:23>
                                                  n<> u<4681> t<Variable_assignment> p<4683> c<4676> l<490:24> el<490:47>
                                                    n<> u<4676> t<Variable_lvalue> p<4681> c<4673> s<4680> l<490:24> el<490:31>
                                                      n<> u<4673> t<Ps_or_hierarchical_identifier> p<4676> c<4672> s<4675> l<490:24> el<490:31>
                                                        n<tap_out> u<4672> t<SIMPLE_IDENTIFIER> p<4673> l<490:24> el<490:31>
                                                      n<> u<4675> t<Select> p<4676> c<4674> l<490:32> el<490:32>
                                                        n<> u<4674> t<Bit_select> p<4675> l<490:32> el<490:32>
                                                    n<> u<4680> t<Expression> p<4681> c<4679> l<490:34> el<490:47>
                                                      n<> u<4679> t<Primary> p<4680> c<4678> l<490:34> el<490:47>
                                                        n<> u<4678> t<Primary_literal> p<4679> c<4677> l<490:34> el<490:47>
                                                          n<delay_chain_6> u<4677> t<SIMPLE_IDENTIFIER> p<4678> l<490:34> el<490:47>
                                        n<> u<4707> t<Case_item> p<5205> c<4691> s<4727> l<491:13> el<491:48>
                                          n<> u<4691> t<Expression> p<4707> c<4690> s<4706> l<491:13> el<491:14>
                                            n<> u<4690> t<Primary> p<4691> c<4689> l<491:13> el<491:14>
                                              n<> u<4689> t<Primary_literal> p<4690> c<4688> l<491:13> el<491:14>
                                                n<7> u<4688> t<INTEGRAL_NUMBER> p<4689> l<491:13> el<491:14>
                                          n<> u<4706> t<Statement_or_null> p<4707> c<4705> l<491:17> el<491:48>
                                            n<> u<4705> t<Statement> p<4706> c<4704> l<491:17> el<491:48>
                                              n<> u<4704> t<Statement_item> p<4705> c<4703> l<491:17> el<491:48>
                                                n<> u<4703> t<Procedural_continuous_assignment> p<4704> c<4702> l<491:17> el<491:47>
                                                  n<> u<4702> t<ASSIGN> p<4703> s<4701> l<491:17> el<491:23>
                                                  n<> u<4701> t<Variable_assignment> p<4703> c<4696> l<491:24> el<491:47>
                                                    n<> u<4696> t<Variable_lvalue> p<4701> c<4693> s<4700> l<491:24> el<491:31>
                                                      n<> u<4693> t<Ps_or_hierarchical_identifier> p<4696> c<4692> s<4695> l<491:24> el<491:31>
                                                        n<tap_out> u<4692> t<SIMPLE_IDENTIFIER> p<4693> l<491:24> el<491:31>
                                                      n<> u<4695> t<Select> p<4696> c<4694> l<491:32> el<491:32>
                                                        n<> u<4694> t<Bit_select> p<4695> l<491:32> el<491:32>
                                                    n<> u<4700> t<Expression> p<4701> c<4699> l<491:34> el<491:47>
                                                      n<> u<4699> t<Primary> p<4700> c<4698> l<491:34> el<491:47>
                                                        n<> u<4698> t<Primary_literal> p<4699> c<4697> l<491:34> el<491:47>
                                                          n<delay_chain_7> u<4697> t<SIMPLE_IDENTIFIER> p<4698> l<491:34> el<491:47>
                                        n<> u<4727> t<Case_item> p<5205> c<4711> s<4747> l<492:13> el<492:48>
                                          n<> u<4711> t<Expression> p<4727> c<4710> s<4726> l<492:13> el<492:14>
                                            n<> u<4710> t<Primary> p<4711> c<4709> l<492:13> el<492:14>
                                              n<> u<4709> t<Primary_literal> p<4710> c<4708> l<492:13> el<492:14>
                                                n<8> u<4708> t<INTEGRAL_NUMBER> p<4709> l<492:13> el<492:14>
                                          n<> u<4726> t<Statement_or_null> p<4727> c<4725> l<492:17> el<492:48>
                                            n<> u<4725> t<Statement> p<4726> c<4724> l<492:17> el<492:48>
                                              n<> u<4724> t<Statement_item> p<4725> c<4723> l<492:17> el<492:48>
                                                n<> u<4723> t<Procedural_continuous_assignment> p<4724> c<4722> l<492:17> el<492:47>
                                                  n<> u<4722> t<ASSIGN> p<4723> s<4721> l<492:17> el<492:23>
                                                  n<> u<4721> t<Variable_assignment> p<4723> c<4716> l<492:24> el<492:47>
                                                    n<> u<4716> t<Variable_lvalue> p<4721> c<4713> s<4720> l<492:24> el<492:31>
                                                      n<> u<4713> t<Ps_or_hierarchical_identifier> p<4716> c<4712> s<4715> l<492:24> el<492:31>
                                                        n<tap_out> u<4712> t<SIMPLE_IDENTIFIER> p<4713> l<492:24> el<492:31>
                                                      n<> u<4715> t<Select> p<4716> c<4714> l<492:32> el<492:32>
                                                        n<> u<4714> t<Bit_select> p<4715> l<492:32> el<492:32>
                                                    n<> u<4720> t<Expression> p<4721> c<4719> l<492:34> el<492:47>
                                                      n<> u<4719> t<Primary> p<4720> c<4718> l<492:34> el<492:47>
                                                        n<> u<4718> t<Primary_literal> p<4719> c<4717> l<492:34> el<492:47>
                                                          n<delay_chain_8> u<4717> t<SIMPLE_IDENTIFIER> p<4718> l<492:34> el<492:47>
                                        n<> u<4747> t<Case_item> p<5205> c<4731> s<4767> l<493:13> el<493:48>
                                          n<> u<4731> t<Expression> p<4747> c<4730> s<4746> l<493:13> el<493:14>
                                            n<> u<4730> t<Primary> p<4731> c<4729> l<493:13> el<493:14>
                                              n<> u<4729> t<Primary_literal> p<4730> c<4728> l<493:13> el<493:14>
                                                n<9> u<4728> t<INTEGRAL_NUMBER> p<4729> l<493:13> el<493:14>
                                          n<> u<4746> t<Statement_or_null> p<4747> c<4745> l<493:17> el<493:48>
                                            n<> u<4745> t<Statement> p<4746> c<4744> l<493:17> el<493:48>
                                              n<> u<4744> t<Statement_item> p<4745> c<4743> l<493:17> el<493:48>
                                                n<> u<4743> t<Procedural_continuous_assignment> p<4744> c<4742> l<493:17> el<493:47>
                                                  n<> u<4742> t<ASSIGN> p<4743> s<4741> l<493:17> el<493:23>
                                                  n<> u<4741> t<Variable_assignment> p<4743> c<4736> l<493:24> el<493:47>
                                                    n<> u<4736> t<Variable_lvalue> p<4741> c<4733> s<4740> l<493:24> el<493:31>
                                                      n<> u<4733> t<Ps_or_hierarchical_identifier> p<4736> c<4732> s<4735> l<493:24> el<493:31>
                                                        n<tap_out> u<4732> t<SIMPLE_IDENTIFIER> p<4733> l<493:24> el<493:31>
                                                      n<> u<4735> t<Select> p<4736> c<4734> l<493:32> el<493:32>
                                                        n<> u<4734> t<Bit_select> p<4735> l<493:32> el<493:32>
                                                    n<> u<4740> t<Expression> p<4741> c<4739> l<493:34> el<493:47>
                                                      n<> u<4739> t<Primary> p<4740> c<4738> l<493:34> el<493:47>
                                                        n<> u<4738> t<Primary_literal> p<4739> c<4737> l<493:34> el<493:47>
                                                          n<delay_chain_9> u<4737> t<SIMPLE_IDENTIFIER> p<4738> l<493:34> el<493:47>
                                        n<> u<4767> t<Case_item> p<5205> c<4751> s<4787> l<494:13> el<494:49>
                                          n<> u<4751> t<Expression> p<4767> c<4750> s<4766> l<494:13> el<494:15>
                                            n<> u<4750> t<Primary> p<4751> c<4749> l<494:13> el<494:15>
                                              n<> u<4749> t<Primary_literal> p<4750> c<4748> l<494:13> el<494:15>
                                                n<10> u<4748> t<INTEGRAL_NUMBER> p<4749> l<494:13> el<494:15>
                                          n<> u<4766> t<Statement_or_null> p<4767> c<4765> l<494:17> el<494:49>
                                            n<> u<4765> t<Statement> p<4766> c<4764> l<494:17> el<494:49>
                                              n<> u<4764> t<Statement_item> p<4765> c<4763> l<494:17> el<494:49>
                                                n<> u<4763> t<Procedural_continuous_assignment> p<4764> c<4762> l<494:17> el<494:48>
                                                  n<> u<4762> t<ASSIGN> p<4763> s<4761> l<494:17> el<494:23>
                                                  n<> u<4761> t<Variable_assignment> p<4763> c<4756> l<494:24> el<494:48>
                                                    n<> u<4756> t<Variable_lvalue> p<4761> c<4753> s<4760> l<494:24> el<494:31>
                                                      n<> u<4753> t<Ps_or_hierarchical_identifier> p<4756> c<4752> s<4755> l<494:24> el<494:31>
                                                        n<tap_out> u<4752> t<SIMPLE_IDENTIFIER> p<4753> l<494:24> el<494:31>
                                                      n<> u<4755> t<Select> p<4756> c<4754> l<494:32> el<494:32>
                                                        n<> u<4754> t<Bit_select> p<4755> l<494:32> el<494:32>
                                                    n<> u<4760> t<Expression> p<4761> c<4759> l<494:34> el<494:48>
                                                      n<> u<4759> t<Primary> p<4760> c<4758> l<494:34> el<494:48>
                                                        n<> u<4758> t<Primary_literal> p<4759> c<4757> l<494:34> el<494:48>
                                                          n<delay_chain_10> u<4757> t<SIMPLE_IDENTIFIER> p<4758> l<494:34> el<494:48>
                                        n<> u<4787> t<Case_item> p<5205> c<4771> s<4807> l<495:13> el<495:49>
                                          n<> u<4771> t<Expression> p<4787> c<4770> s<4786> l<495:13> el<495:15>
                                            n<> u<4770> t<Primary> p<4771> c<4769> l<495:13> el<495:15>
                                              n<> u<4769> t<Primary_literal> p<4770> c<4768> l<495:13> el<495:15>
                                                n<11> u<4768> t<INTEGRAL_NUMBER> p<4769> l<495:13> el<495:15>
                                          n<> u<4786> t<Statement_or_null> p<4787> c<4785> l<495:17> el<495:49>
                                            n<> u<4785> t<Statement> p<4786> c<4784> l<495:17> el<495:49>
                                              n<> u<4784> t<Statement_item> p<4785> c<4783> l<495:17> el<495:49>
                                                n<> u<4783> t<Procedural_continuous_assignment> p<4784> c<4782> l<495:17> el<495:48>
                                                  n<> u<4782> t<ASSIGN> p<4783> s<4781> l<495:17> el<495:23>
                                                  n<> u<4781> t<Variable_assignment> p<4783> c<4776> l<495:24> el<495:48>
                                                    n<> u<4776> t<Variable_lvalue> p<4781> c<4773> s<4780> l<495:24> el<495:31>
                                                      n<> u<4773> t<Ps_or_hierarchical_identifier> p<4776> c<4772> s<4775> l<495:24> el<495:31>
                                                        n<tap_out> u<4772> t<SIMPLE_IDENTIFIER> p<4773> l<495:24> el<495:31>
                                                      n<> u<4775> t<Select> p<4776> c<4774> l<495:32> el<495:32>
                                                        n<> u<4774> t<Bit_select> p<4775> l<495:32> el<495:32>
                                                    n<> u<4780> t<Expression> p<4781> c<4779> l<495:34> el<495:48>
                                                      n<> u<4779> t<Primary> p<4780> c<4778> l<495:34> el<495:48>
                                                        n<> u<4778> t<Primary_literal> p<4779> c<4777> l<495:34> el<495:48>
                                                          n<delay_chain_11> u<4777> t<SIMPLE_IDENTIFIER> p<4778> l<495:34> el<495:48>
                                        n<> u<4807> t<Case_item> p<5205> c<4791> s<4827> l<496:13> el<496:49>
                                          n<> u<4791> t<Expression> p<4807> c<4790> s<4806> l<496:13> el<496:15>
                                            n<> u<4790> t<Primary> p<4791> c<4789> l<496:13> el<496:15>
                                              n<> u<4789> t<Primary_literal> p<4790> c<4788> l<496:13> el<496:15>
                                                n<12> u<4788> t<INTEGRAL_NUMBER> p<4789> l<496:13> el<496:15>
                                          n<> u<4806> t<Statement_or_null> p<4807> c<4805> l<496:17> el<496:49>
                                            n<> u<4805> t<Statement> p<4806> c<4804> l<496:17> el<496:49>
                                              n<> u<4804> t<Statement_item> p<4805> c<4803> l<496:17> el<496:49>
                                                n<> u<4803> t<Procedural_continuous_assignment> p<4804> c<4802> l<496:17> el<496:48>
                                                  n<> u<4802> t<ASSIGN> p<4803> s<4801> l<496:17> el<496:23>
                                                  n<> u<4801> t<Variable_assignment> p<4803> c<4796> l<496:24> el<496:48>
                                                    n<> u<4796> t<Variable_lvalue> p<4801> c<4793> s<4800> l<496:24> el<496:31>
                                                      n<> u<4793> t<Ps_or_hierarchical_identifier> p<4796> c<4792> s<4795> l<496:24> el<496:31>
                                                        n<tap_out> u<4792> t<SIMPLE_IDENTIFIER> p<4793> l<496:24> el<496:31>
                                                      n<> u<4795> t<Select> p<4796> c<4794> l<496:32> el<496:32>
                                                        n<> u<4794> t<Bit_select> p<4795> l<496:32> el<496:32>
                                                    n<> u<4800> t<Expression> p<4801> c<4799> l<496:34> el<496:48>
                                                      n<> u<4799> t<Primary> p<4800> c<4798> l<496:34> el<496:48>
                                                        n<> u<4798> t<Primary_literal> p<4799> c<4797> l<496:34> el<496:48>
                                                          n<delay_chain_12> u<4797> t<SIMPLE_IDENTIFIER> p<4798> l<496:34> el<496:48>
                                        n<> u<4827> t<Case_item> p<5205> c<4811> s<4847> l<497:13> el<497:49>
                                          n<> u<4811> t<Expression> p<4827> c<4810> s<4826> l<497:13> el<497:15>
                                            n<> u<4810> t<Primary> p<4811> c<4809> l<497:13> el<497:15>
                                              n<> u<4809> t<Primary_literal> p<4810> c<4808> l<497:13> el<497:15>
                                                n<13> u<4808> t<INTEGRAL_NUMBER> p<4809> l<497:13> el<497:15>
                                          n<> u<4826> t<Statement_or_null> p<4827> c<4825> l<497:17> el<497:49>
                                            n<> u<4825> t<Statement> p<4826> c<4824> l<497:17> el<497:49>
                                              n<> u<4824> t<Statement_item> p<4825> c<4823> l<497:17> el<497:49>
                                                n<> u<4823> t<Procedural_continuous_assignment> p<4824> c<4822> l<497:17> el<497:48>
                                                  n<> u<4822> t<ASSIGN> p<4823> s<4821> l<497:17> el<497:23>
                                                  n<> u<4821> t<Variable_assignment> p<4823> c<4816> l<497:24> el<497:48>
                                                    n<> u<4816> t<Variable_lvalue> p<4821> c<4813> s<4820> l<497:24> el<497:31>
                                                      n<> u<4813> t<Ps_or_hierarchical_identifier> p<4816> c<4812> s<4815> l<497:24> el<497:31>
                                                        n<tap_out> u<4812> t<SIMPLE_IDENTIFIER> p<4813> l<497:24> el<497:31>
                                                      n<> u<4815> t<Select> p<4816> c<4814> l<497:32> el<497:32>
                                                        n<> u<4814> t<Bit_select> p<4815> l<497:32> el<497:32>
                                                    n<> u<4820> t<Expression> p<4821> c<4819> l<497:34> el<497:48>
                                                      n<> u<4819> t<Primary> p<4820> c<4818> l<497:34> el<497:48>
                                                        n<> u<4818> t<Primary_literal> p<4819> c<4817> l<497:34> el<497:48>
                                                          n<delay_chain_13> u<4817> t<SIMPLE_IDENTIFIER> p<4818> l<497:34> el<497:48>
                                        n<> u<4847> t<Case_item> p<5205> c<4831> s<4867> l<498:13> el<498:49>
                                          n<> u<4831> t<Expression> p<4847> c<4830> s<4846> l<498:13> el<498:15>
                                            n<> u<4830> t<Primary> p<4831> c<4829> l<498:13> el<498:15>
                                              n<> u<4829> t<Primary_literal> p<4830> c<4828> l<498:13> el<498:15>
                                                n<14> u<4828> t<INTEGRAL_NUMBER> p<4829> l<498:13> el<498:15>
                                          n<> u<4846> t<Statement_or_null> p<4847> c<4845> l<498:17> el<498:49>
                                            n<> u<4845> t<Statement> p<4846> c<4844> l<498:17> el<498:49>
                                              n<> u<4844> t<Statement_item> p<4845> c<4843> l<498:17> el<498:49>
                                                n<> u<4843> t<Procedural_continuous_assignment> p<4844> c<4842> l<498:17> el<498:48>
                                                  n<> u<4842> t<ASSIGN> p<4843> s<4841> l<498:17> el<498:23>
                                                  n<> u<4841> t<Variable_assignment> p<4843> c<4836> l<498:24> el<498:48>
                                                    n<> u<4836> t<Variable_lvalue> p<4841> c<4833> s<4840> l<498:24> el<498:31>
                                                      n<> u<4833> t<Ps_or_hierarchical_identifier> p<4836> c<4832> s<4835> l<498:24> el<498:31>
                                                        n<tap_out> u<4832> t<SIMPLE_IDENTIFIER> p<4833> l<498:24> el<498:31>
                                                      n<> u<4835> t<Select> p<4836> c<4834> l<498:32> el<498:32>
                                                        n<> u<4834> t<Bit_select> p<4835> l<498:32> el<498:32>
                                                    n<> u<4840> t<Expression> p<4841> c<4839> l<498:34> el<498:48>
                                                      n<> u<4839> t<Primary> p<4840> c<4838> l<498:34> el<498:48>
                                                        n<> u<4838> t<Primary_literal> p<4839> c<4837> l<498:34> el<498:48>
                                                          n<delay_chain_14> u<4837> t<SIMPLE_IDENTIFIER> p<4838> l<498:34> el<498:48>
                                        n<> u<4867> t<Case_item> p<5205> c<4851> s<4887> l<499:13> el<499:49>
                                          n<> u<4851> t<Expression> p<4867> c<4850> s<4866> l<499:13> el<499:15>
                                            n<> u<4850> t<Primary> p<4851> c<4849> l<499:13> el<499:15>
                                              n<> u<4849> t<Primary_literal> p<4850> c<4848> l<499:13> el<499:15>
                                                n<15> u<4848> t<INTEGRAL_NUMBER> p<4849> l<499:13> el<499:15>
                                          n<> u<4866> t<Statement_or_null> p<4867> c<4865> l<499:17> el<499:49>
                                            n<> u<4865> t<Statement> p<4866> c<4864> l<499:17> el<499:49>
                                              n<> u<4864> t<Statement_item> p<4865> c<4863> l<499:17> el<499:49>
                                                n<> u<4863> t<Procedural_continuous_assignment> p<4864> c<4862> l<499:17> el<499:48>
                                                  n<> u<4862> t<ASSIGN> p<4863> s<4861> l<499:17> el<499:23>
                                                  n<> u<4861> t<Variable_assignment> p<4863> c<4856> l<499:24> el<499:48>
                                                    n<> u<4856> t<Variable_lvalue> p<4861> c<4853> s<4860> l<499:24> el<499:31>
                                                      n<> u<4853> t<Ps_or_hierarchical_identifier> p<4856> c<4852> s<4855> l<499:24> el<499:31>
                                                        n<tap_out> u<4852> t<SIMPLE_IDENTIFIER> p<4853> l<499:24> el<499:31>
                                                      n<> u<4855> t<Select> p<4856> c<4854> l<499:32> el<499:32>
                                                        n<> u<4854> t<Bit_select> p<4855> l<499:32> el<499:32>
                                                    n<> u<4860> t<Expression> p<4861> c<4859> l<499:34> el<499:48>
                                                      n<> u<4859> t<Primary> p<4860> c<4858> l<499:34> el<499:48>
                                                        n<> u<4858> t<Primary_literal> p<4859> c<4857> l<499:34> el<499:48>
                                                          n<delay_chain_15> u<4857> t<SIMPLE_IDENTIFIER> p<4858> l<499:34> el<499:48>
                                        n<> u<4887> t<Case_item> p<5205> c<4871> s<4907> l<500:13> el<500:49>
                                          n<> u<4871> t<Expression> p<4887> c<4870> s<4886> l<500:13> el<500:15>
                                            n<> u<4870> t<Primary> p<4871> c<4869> l<500:13> el<500:15>
                                              n<> u<4869> t<Primary_literal> p<4870> c<4868> l<500:13> el<500:15>
                                                n<16> u<4868> t<INTEGRAL_NUMBER> p<4869> l<500:13> el<500:15>
                                          n<> u<4886> t<Statement_or_null> p<4887> c<4885> l<500:17> el<500:49>
                                            n<> u<4885> t<Statement> p<4886> c<4884> l<500:17> el<500:49>
                                              n<> u<4884> t<Statement_item> p<4885> c<4883> l<500:17> el<500:49>
                                                n<> u<4883> t<Procedural_continuous_assignment> p<4884> c<4882> l<500:17> el<500:48>
                                                  n<> u<4882> t<ASSIGN> p<4883> s<4881> l<500:17> el<500:23>
                                                  n<> u<4881> t<Variable_assignment> p<4883> c<4876> l<500:24> el<500:48>
                                                    n<> u<4876> t<Variable_lvalue> p<4881> c<4873> s<4880> l<500:24> el<500:31>
                                                      n<> u<4873> t<Ps_or_hierarchical_identifier> p<4876> c<4872> s<4875> l<500:24> el<500:31>
                                                        n<tap_out> u<4872> t<SIMPLE_IDENTIFIER> p<4873> l<500:24> el<500:31>
                                                      n<> u<4875> t<Select> p<4876> c<4874> l<500:32> el<500:32>
                                                        n<> u<4874> t<Bit_select> p<4875> l<500:32> el<500:32>
                                                    n<> u<4880> t<Expression> p<4881> c<4879> l<500:34> el<500:48>
                                                      n<> u<4879> t<Primary> p<4880> c<4878> l<500:34> el<500:48>
                                                        n<> u<4878> t<Primary_literal> p<4879> c<4877> l<500:34> el<500:48>
                                                          n<delay_chain_16> u<4877> t<SIMPLE_IDENTIFIER> p<4878> l<500:34> el<500:48>
                                        n<> u<4907> t<Case_item> p<5205> c<4891> s<4927> l<501:13> el<501:49>
                                          n<> u<4891> t<Expression> p<4907> c<4890> s<4906> l<501:13> el<501:15>
                                            n<> u<4890> t<Primary> p<4891> c<4889> l<501:13> el<501:15>
                                              n<> u<4889> t<Primary_literal> p<4890> c<4888> l<501:13> el<501:15>
                                                n<17> u<4888> t<INTEGRAL_NUMBER> p<4889> l<501:13> el<501:15>
                                          n<> u<4906> t<Statement_or_null> p<4907> c<4905> l<501:17> el<501:49>
                                            n<> u<4905> t<Statement> p<4906> c<4904> l<501:17> el<501:49>
                                              n<> u<4904> t<Statement_item> p<4905> c<4903> l<501:17> el<501:49>
                                                n<> u<4903> t<Procedural_continuous_assignment> p<4904> c<4902> l<501:17> el<501:48>
                                                  n<> u<4902> t<ASSIGN> p<4903> s<4901> l<501:17> el<501:23>
                                                  n<> u<4901> t<Variable_assignment> p<4903> c<4896> l<501:24> el<501:48>
                                                    n<> u<4896> t<Variable_lvalue> p<4901> c<4893> s<4900> l<501:24> el<501:31>
                                                      n<> u<4893> t<Ps_or_hierarchical_identifier> p<4896> c<4892> s<4895> l<501:24> el<501:31>
                                                        n<tap_out> u<4892> t<SIMPLE_IDENTIFIER> p<4893> l<501:24> el<501:31>
                                                      n<> u<4895> t<Select> p<4896> c<4894> l<501:32> el<501:32>
                                                        n<> u<4894> t<Bit_select> p<4895> l<501:32> el<501:32>
                                                    n<> u<4900> t<Expression> p<4901> c<4899> l<501:34> el<501:48>
                                                      n<> u<4899> t<Primary> p<4900> c<4898> l<501:34> el<501:48>
                                                        n<> u<4898> t<Primary_literal> p<4899> c<4897> l<501:34> el<501:48>
                                                          n<delay_chain_17> u<4897> t<SIMPLE_IDENTIFIER> p<4898> l<501:34> el<501:48>
                                        n<> u<4927> t<Case_item> p<5205> c<4911> s<4947> l<502:13> el<502:49>
                                          n<> u<4911> t<Expression> p<4927> c<4910> s<4926> l<502:13> el<502:15>
                                            n<> u<4910> t<Primary> p<4911> c<4909> l<502:13> el<502:15>
                                              n<> u<4909> t<Primary_literal> p<4910> c<4908> l<502:13> el<502:15>
                                                n<18> u<4908> t<INTEGRAL_NUMBER> p<4909> l<502:13> el<502:15>
                                          n<> u<4926> t<Statement_or_null> p<4927> c<4925> l<502:17> el<502:49>
                                            n<> u<4925> t<Statement> p<4926> c<4924> l<502:17> el<502:49>
                                              n<> u<4924> t<Statement_item> p<4925> c<4923> l<502:17> el<502:49>
                                                n<> u<4923> t<Procedural_continuous_assignment> p<4924> c<4922> l<502:17> el<502:48>
                                                  n<> u<4922> t<ASSIGN> p<4923> s<4921> l<502:17> el<502:23>
                                                  n<> u<4921> t<Variable_assignment> p<4923> c<4916> l<502:24> el<502:48>
                                                    n<> u<4916> t<Variable_lvalue> p<4921> c<4913> s<4920> l<502:24> el<502:31>
                                                      n<> u<4913> t<Ps_or_hierarchical_identifier> p<4916> c<4912> s<4915> l<502:24> el<502:31>
                                                        n<tap_out> u<4912> t<SIMPLE_IDENTIFIER> p<4913> l<502:24> el<502:31>
                                                      n<> u<4915> t<Select> p<4916> c<4914> l<502:32> el<502:32>
                                                        n<> u<4914> t<Bit_select> p<4915> l<502:32> el<502:32>
                                                    n<> u<4920> t<Expression> p<4921> c<4919> l<502:34> el<502:48>
                                                      n<> u<4919> t<Primary> p<4920> c<4918> l<502:34> el<502:48>
                                                        n<> u<4918> t<Primary_literal> p<4919> c<4917> l<502:34> el<502:48>
                                                          n<delay_chain_18> u<4917> t<SIMPLE_IDENTIFIER> p<4918> l<502:34> el<502:48>
                                        n<> u<4947> t<Case_item> p<5205> c<4931> s<4967> l<503:13> el<503:49>
                                          n<> u<4931> t<Expression> p<4947> c<4930> s<4946> l<503:13> el<503:15>
                                            n<> u<4930> t<Primary> p<4931> c<4929> l<503:13> el<503:15>
                                              n<> u<4929> t<Primary_literal> p<4930> c<4928> l<503:13> el<503:15>
                                                n<19> u<4928> t<INTEGRAL_NUMBER> p<4929> l<503:13> el<503:15>
                                          n<> u<4946> t<Statement_or_null> p<4947> c<4945> l<503:17> el<503:49>
                                            n<> u<4945> t<Statement> p<4946> c<4944> l<503:17> el<503:49>
                                              n<> u<4944> t<Statement_item> p<4945> c<4943> l<503:17> el<503:49>
                                                n<> u<4943> t<Procedural_continuous_assignment> p<4944> c<4942> l<503:17> el<503:48>
                                                  n<> u<4942> t<ASSIGN> p<4943> s<4941> l<503:17> el<503:23>
                                                  n<> u<4941> t<Variable_assignment> p<4943> c<4936> l<503:24> el<503:48>
                                                    n<> u<4936> t<Variable_lvalue> p<4941> c<4933> s<4940> l<503:24> el<503:31>
                                                      n<> u<4933> t<Ps_or_hierarchical_identifier> p<4936> c<4932> s<4935> l<503:24> el<503:31>
                                                        n<tap_out> u<4932> t<SIMPLE_IDENTIFIER> p<4933> l<503:24> el<503:31>
                                                      n<> u<4935> t<Select> p<4936> c<4934> l<503:32> el<503:32>
                                                        n<> u<4934> t<Bit_select> p<4935> l<503:32> el<503:32>
                                                    n<> u<4940> t<Expression> p<4941> c<4939> l<503:34> el<503:48>
                                                      n<> u<4939> t<Primary> p<4940> c<4938> l<503:34> el<503:48>
                                                        n<> u<4938> t<Primary_literal> p<4939> c<4937> l<503:34> el<503:48>
                                                          n<delay_chain_19> u<4937> t<SIMPLE_IDENTIFIER> p<4938> l<503:34> el<503:48>
                                        n<> u<4967> t<Case_item> p<5205> c<4951> s<4987> l<504:13> el<504:49>
                                          n<> u<4951> t<Expression> p<4967> c<4950> s<4966> l<504:13> el<504:15>
                                            n<> u<4950> t<Primary> p<4951> c<4949> l<504:13> el<504:15>
                                              n<> u<4949> t<Primary_literal> p<4950> c<4948> l<504:13> el<504:15>
                                                n<20> u<4948> t<INTEGRAL_NUMBER> p<4949> l<504:13> el<504:15>
                                          n<> u<4966> t<Statement_or_null> p<4967> c<4965> l<504:17> el<504:49>
                                            n<> u<4965> t<Statement> p<4966> c<4964> l<504:17> el<504:49>
                                              n<> u<4964> t<Statement_item> p<4965> c<4963> l<504:17> el<504:49>
                                                n<> u<4963> t<Procedural_continuous_assignment> p<4964> c<4962> l<504:17> el<504:48>
                                                  n<> u<4962> t<ASSIGN> p<4963> s<4961> l<504:17> el<504:23>
                                                  n<> u<4961> t<Variable_assignment> p<4963> c<4956> l<504:24> el<504:48>
                                                    n<> u<4956> t<Variable_lvalue> p<4961> c<4953> s<4960> l<504:24> el<504:31>
                                                      n<> u<4953> t<Ps_or_hierarchical_identifier> p<4956> c<4952> s<4955> l<504:24> el<504:31>
                                                        n<tap_out> u<4952> t<SIMPLE_IDENTIFIER> p<4953> l<504:24> el<504:31>
                                                      n<> u<4955> t<Select> p<4956> c<4954> l<504:32> el<504:32>
                                                        n<> u<4954> t<Bit_select> p<4955> l<504:32> el<504:32>
                                                    n<> u<4960> t<Expression> p<4961> c<4959> l<504:34> el<504:48>
                                                      n<> u<4959> t<Primary> p<4960> c<4958> l<504:34> el<504:48>
                                                        n<> u<4958> t<Primary_literal> p<4959> c<4957> l<504:34> el<504:48>
                                                          n<delay_chain_20> u<4957> t<SIMPLE_IDENTIFIER> p<4958> l<504:34> el<504:48>
                                        n<> u<4987> t<Case_item> p<5205> c<4971> s<5007> l<505:13> el<505:49>
                                          n<> u<4971> t<Expression> p<4987> c<4970> s<4986> l<505:13> el<505:15>
                                            n<> u<4970> t<Primary> p<4971> c<4969> l<505:13> el<505:15>
                                              n<> u<4969> t<Primary_literal> p<4970> c<4968> l<505:13> el<505:15>
                                                n<21> u<4968> t<INTEGRAL_NUMBER> p<4969> l<505:13> el<505:15>
                                          n<> u<4986> t<Statement_or_null> p<4987> c<4985> l<505:17> el<505:49>
                                            n<> u<4985> t<Statement> p<4986> c<4984> l<505:17> el<505:49>
                                              n<> u<4984> t<Statement_item> p<4985> c<4983> l<505:17> el<505:49>
                                                n<> u<4983> t<Procedural_continuous_assignment> p<4984> c<4982> l<505:17> el<505:48>
                                                  n<> u<4982> t<ASSIGN> p<4983> s<4981> l<505:17> el<505:23>
                                                  n<> u<4981> t<Variable_assignment> p<4983> c<4976> l<505:24> el<505:48>
                                                    n<> u<4976> t<Variable_lvalue> p<4981> c<4973> s<4980> l<505:24> el<505:31>
                                                      n<> u<4973> t<Ps_or_hierarchical_identifier> p<4976> c<4972> s<4975> l<505:24> el<505:31>
                                                        n<tap_out> u<4972> t<SIMPLE_IDENTIFIER> p<4973> l<505:24> el<505:31>
                                                      n<> u<4975> t<Select> p<4976> c<4974> l<505:32> el<505:32>
                                                        n<> u<4974> t<Bit_select> p<4975> l<505:32> el<505:32>
                                                    n<> u<4980> t<Expression> p<4981> c<4979> l<505:34> el<505:48>
                                                      n<> u<4979> t<Primary> p<4980> c<4978> l<505:34> el<505:48>
                                                        n<> u<4978> t<Primary_literal> p<4979> c<4977> l<505:34> el<505:48>
                                                          n<delay_chain_21> u<4977> t<SIMPLE_IDENTIFIER> p<4978> l<505:34> el<505:48>
                                        n<> u<5007> t<Case_item> p<5205> c<4991> s<5027> l<506:13> el<506:49>
                                          n<> u<4991> t<Expression> p<5007> c<4990> s<5006> l<506:13> el<506:15>
                                            n<> u<4990> t<Primary> p<4991> c<4989> l<506:13> el<506:15>
                                              n<> u<4989> t<Primary_literal> p<4990> c<4988> l<506:13> el<506:15>
                                                n<22> u<4988> t<INTEGRAL_NUMBER> p<4989> l<506:13> el<506:15>
                                          n<> u<5006> t<Statement_or_null> p<5007> c<5005> l<506:17> el<506:49>
                                            n<> u<5005> t<Statement> p<5006> c<5004> l<506:17> el<506:49>
                                              n<> u<5004> t<Statement_item> p<5005> c<5003> l<506:17> el<506:49>
                                                n<> u<5003> t<Procedural_continuous_assignment> p<5004> c<5002> l<506:17> el<506:48>
                                                  n<> u<5002> t<ASSIGN> p<5003> s<5001> l<506:17> el<506:23>
                                                  n<> u<5001> t<Variable_assignment> p<5003> c<4996> l<506:24> el<506:48>
                                                    n<> u<4996> t<Variable_lvalue> p<5001> c<4993> s<5000> l<506:24> el<506:31>
                                                      n<> u<4993> t<Ps_or_hierarchical_identifier> p<4996> c<4992> s<4995> l<506:24> el<506:31>
                                                        n<tap_out> u<4992> t<SIMPLE_IDENTIFIER> p<4993> l<506:24> el<506:31>
                                                      n<> u<4995> t<Select> p<4996> c<4994> l<506:32> el<506:32>
                                                        n<> u<4994> t<Bit_select> p<4995> l<506:32> el<506:32>
                                                    n<> u<5000> t<Expression> p<5001> c<4999> l<506:34> el<506:48>
                                                      n<> u<4999> t<Primary> p<5000> c<4998> l<506:34> el<506:48>
                                                        n<> u<4998> t<Primary_literal> p<4999> c<4997> l<506:34> el<506:48>
                                                          n<delay_chain_22> u<4997> t<SIMPLE_IDENTIFIER> p<4998> l<506:34> el<506:48>
                                        n<> u<5027> t<Case_item> p<5205> c<5011> s<5047> l<507:13> el<507:49>
                                          n<> u<5011> t<Expression> p<5027> c<5010> s<5026> l<507:13> el<507:15>
                                            n<> u<5010> t<Primary> p<5011> c<5009> l<507:13> el<507:15>
                                              n<> u<5009> t<Primary_literal> p<5010> c<5008> l<507:13> el<507:15>
                                                n<23> u<5008> t<INTEGRAL_NUMBER> p<5009> l<507:13> el<507:15>
                                          n<> u<5026> t<Statement_or_null> p<5027> c<5025> l<507:17> el<507:49>
                                            n<> u<5025> t<Statement> p<5026> c<5024> l<507:17> el<507:49>
                                              n<> u<5024> t<Statement_item> p<5025> c<5023> l<507:17> el<507:49>
                                                n<> u<5023> t<Procedural_continuous_assignment> p<5024> c<5022> l<507:17> el<507:48>
                                                  n<> u<5022> t<ASSIGN> p<5023> s<5021> l<507:17> el<507:23>
                                                  n<> u<5021> t<Variable_assignment> p<5023> c<5016> l<507:24> el<507:48>
                                                    n<> u<5016> t<Variable_lvalue> p<5021> c<5013> s<5020> l<507:24> el<507:31>
                                                      n<> u<5013> t<Ps_or_hierarchical_identifier> p<5016> c<5012> s<5015> l<507:24> el<507:31>
                                                        n<tap_out> u<5012> t<SIMPLE_IDENTIFIER> p<5013> l<507:24> el<507:31>
                                                      n<> u<5015> t<Select> p<5016> c<5014> l<507:32> el<507:32>
                                                        n<> u<5014> t<Bit_select> p<5015> l<507:32> el<507:32>
                                                    n<> u<5020> t<Expression> p<5021> c<5019> l<507:34> el<507:48>
                                                      n<> u<5019> t<Primary> p<5020> c<5018> l<507:34> el<507:48>
                                                        n<> u<5018> t<Primary_literal> p<5019> c<5017> l<507:34> el<507:48>
                                                          n<delay_chain_23> u<5017> t<SIMPLE_IDENTIFIER> p<5018> l<507:34> el<507:48>
                                        n<> u<5047> t<Case_item> p<5205> c<5031> s<5067> l<508:13> el<508:49>
                                          n<> u<5031> t<Expression> p<5047> c<5030> s<5046> l<508:13> el<508:15>
                                            n<> u<5030> t<Primary> p<5031> c<5029> l<508:13> el<508:15>
                                              n<> u<5029> t<Primary_literal> p<5030> c<5028> l<508:13> el<508:15>
                                                n<24> u<5028> t<INTEGRAL_NUMBER> p<5029> l<508:13> el<508:15>
                                          n<> u<5046> t<Statement_or_null> p<5047> c<5045> l<508:17> el<508:49>
                                            n<> u<5045> t<Statement> p<5046> c<5044> l<508:17> el<508:49>
                                              n<> u<5044> t<Statement_item> p<5045> c<5043> l<508:17> el<508:49>
                                                n<> u<5043> t<Procedural_continuous_assignment> p<5044> c<5042> l<508:17> el<508:48>
                                                  n<> u<5042> t<ASSIGN> p<5043> s<5041> l<508:17> el<508:23>
                                                  n<> u<5041> t<Variable_assignment> p<5043> c<5036> l<508:24> el<508:48>
                                                    n<> u<5036> t<Variable_lvalue> p<5041> c<5033> s<5040> l<508:24> el<508:31>
                                                      n<> u<5033> t<Ps_or_hierarchical_identifier> p<5036> c<5032> s<5035> l<508:24> el<508:31>
                                                        n<tap_out> u<5032> t<SIMPLE_IDENTIFIER> p<5033> l<508:24> el<508:31>
                                                      n<> u<5035> t<Select> p<5036> c<5034> l<508:32> el<508:32>
                                                        n<> u<5034> t<Bit_select> p<5035> l<508:32> el<508:32>
                                                    n<> u<5040> t<Expression> p<5041> c<5039> l<508:34> el<508:48>
                                                      n<> u<5039> t<Primary> p<5040> c<5038> l<508:34> el<508:48>
                                                        n<> u<5038> t<Primary_literal> p<5039> c<5037> l<508:34> el<508:48>
                                                          n<delay_chain_24> u<5037> t<SIMPLE_IDENTIFIER> p<5038> l<508:34> el<508:48>
                                        n<> u<5067> t<Case_item> p<5205> c<5051> s<5087> l<509:13> el<509:49>
                                          n<> u<5051> t<Expression> p<5067> c<5050> s<5066> l<509:13> el<509:15>
                                            n<> u<5050> t<Primary> p<5051> c<5049> l<509:13> el<509:15>
                                              n<> u<5049> t<Primary_literal> p<5050> c<5048> l<509:13> el<509:15>
                                                n<25> u<5048> t<INTEGRAL_NUMBER> p<5049> l<509:13> el<509:15>
                                          n<> u<5066> t<Statement_or_null> p<5067> c<5065> l<509:17> el<509:49>
                                            n<> u<5065> t<Statement> p<5066> c<5064> l<509:17> el<509:49>
                                              n<> u<5064> t<Statement_item> p<5065> c<5063> l<509:17> el<509:49>
                                                n<> u<5063> t<Procedural_continuous_assignment> p<5064> c<5062> l<509:17> el<509:48>
                                                  n<> u<5062> t<ASSIGN> p<5063> s<5061> l<509:17> el<509:23>
                                                  n<> u<5061> t<Variable_assignment> p<5063> c<5056> l<509:24> el<509:48>
                                                    n<> u<5056> t<Variable_lvalue> p<5061> c<5053> s<5060> l<509:24> el<509:31>
                                                      n<> u<5053> t<Ps_or_hierarchical_identifier> p<5056> c<5052> s<5055> l<509:24> el<509:31>
                                                        n<tap_out> u<5052> t<SIMPLE_IDENTIFIER> p<5053> l<509:24> el<509:31>
                                                      n<> u<5055> t<Select> p<5056> c<5054> l<509:32> el<509:32>
                                                        n<> u<5054> t<Bit_select> p<5055> l<509:32> el<509:32>
                                                    n<> u<5060> t<Expression> p<5061> c<5059> l<509:34> el<509:48>
                                                      n<> u<5059> t<Primary> p<5060> c<5058> l<509:34> el<509:48>
                                                        n<> u<5058> t<Primary_literal> p<5059> c<5057> l<509:34> el<509:48>
                                                          n<delay_chain_25> u<5057> t<SIMPLE_IDENTIFIER> p<5058> l<509:34> el<509:48>
                                        n<> u<5087> t<Case_item> p<5205> c<5071> s<5107> l<510:13> el<510:49>
                                          n<> u<5071> t<Expression> p<5087> c<5070> s<5086> l<510:13> el<510:15>
                                            n<> u<5070> t<Primary> p<5071> c<5069> l<510:13> el<510:15>
                                              n<> u<5069> t<Primary_literal> p<5070> c<5068> l<510:13> el<510:15>
                                                n<26> u<5068> t<INTEGRAL_NUMBER> p<5069> l<510:13> el<510:15>
                                          n<> u<5086> t<Statement_or_null> p<5087> c<5085> l<510:17> el<510:49>
                                            n<> u<5085> t<Statement> p<5086> c<5084> l<510:17> el<510:49>
                                              n<> u<5084> t<Statement_item> p<5085> c<5083> l<510:17> el<510:49>
                                                n<> u<5083> t<Procedural_continuous_assignment> p<5084> c<5082> l<510:17> el<510:48>
                                                  n<> u<5082> t<ASSIGN> p<5083> s<5081> l<510:17> el<510:23>
                                                  n<> u<5081> t<Variable_assignment> p<5083> c<5076> l<510:24> el<510:48>
                                                    n<> u<5076> t<Variable_lvalue> p<5081> c<5073> s<5080> l<510:24> el<510:31>
                                                      n<> u<5073> t<Ps_or_hierarchical_identifier> p<5076> c<5072> s<5075> l<510:24> el<510:31>
                                                        n<tap_out> u<5072> t<SIMPLE_IDENTIFIER> p<5073> l<510:24> el<510:31>
                                                      n<> u<5075> t<Select> p<5076> c<5074> l<510:32> el<510:32>
                                                        n<> u<5074> t<Bit_select> p<5075> l<510:32> el<510:32>
                                                    n<> u<5080> t<Expression> p<5081> c<5079> l<510:34> el<510:48>
                                                      n<> u<5079> t<Primary> p<5080> c<5078> l<510:34> el<510:48>
                                                        n<> u<5078> t<Primary_literal> p<5079> c<5077> l<510:34> el<510:48>
                                                          n<delay_chain_26> u<5077> t<SIMPLE_IDENTIFIER> p<5078> l<510:34> el<510:48>
                                        n<> u<5107> t<Case_item> p<5205> c<5091> s<5127> l<511:13> el<511:49>
                                          n<> u<5091> t<Expression> p<5107> c<5090> s<5106> l<511:13> el<511:15>
                                            n<> u<5090> t<Primary> p<5091> c<5089> l<511:13> el<511:15>
                                              n<> u<5089> t<Primary_literal> p<5090> c<5088> l<511:13> el<511:15>
                                                n<27> u<5088> t<INTEGRAL_NUMBER> p<5089> l<511:13> el<511:15>
                                          n<> u<5106> t<Statement_or_null> p<5107> c<5105> l<511:17> el<511:49>
                                            n<> u<5105> t<Statement> p<5106> c<5104> l<511:17> el<511:49>
                                              n<> u<5104> t<Statement_item> p<5105> c<5103> l<511:17> el<511:49>
                                                n<> u<5103> t<Procedural_continuous_assignment> p<5104> c<5102> l<511:17> el<511:48>
                                                  n<> u<5102> t<ASSIGN> p<5103> s<5101> l<511:17> el<511:23>
                                                  n<> u<5101> t<Variable_assignment> p<5103> c<5096> l<511:24> el<511:48>
                                                    n<> u<5096> t<Variable_lvalue> p<5101> c<5093> s<5100> l<511:24> el<511:31>
                                                      n<> u<5093> t<Ps_or_hierarchical_identifier> p<5096> c<5092> s<5095> l<511:24> el<511:31>
                                                        n<tap_out> u<5092> t<SIMPLE_IDENTIFIER> p<5093> l<511:24> el<511:31>
                                                      n<> u<5095> t<Select> p<5096> c<5094> l<511:32> el<511:32>
                                                        n<> u<5094> t<Bit_select> p<5095> l<511:32> el<511:32>
                                                    n<> u<5100> t<Expression> p<5101> c<5099> l<511:34> el<511:48>
                                                      n<> u<5099> t<Primary> p<5100> c<5098> l<511:34> el<511:48>
                                                        n<> u<5098> t<Primary_literal> p<5099> c<5097> l<511:34> el<511:48>
                                                          n<delay_chain_27> u<5097> t<SIMPLE_IDENTIFIER> p<5098> l<511:34> el<511:48>
                                        n<> u<5127> t<Case_item> p<5205> c<5111> s<5147> l<512:13> el<512:49>
                                          n<> u<5111> t<Expression> p<5127> c<5110> s<5126> l<512:13> el<512:15>
                                            n<> u<5110> t<Primary> p<5111> c<5109> l<512:13> el<512:15>
                                              n<> u<5109> t<Primary_literal> p<5110> c<5108> l<512:13> el<512:15>
                                                n<28> u<5108> t<INTEGRAL_NUMBER> p<5109> l<512:13> el<512:15>
                                          n<> u<5126> t<Statement_or_null> p<5127> c<5125> l<512:17> el<512:49>
                                            n<> u<5125> t<Statement> p<5126> c<5124> l<512:17> el<512:49>
                                              n<> u<5124> t<Statement_item> p<5125> c<5123> l<512:17> el<512:49>
                                                n<> u<5123> t<Procedural_continuous_assignment> p<5124> c<5122> l<512:17> el<512:48>
                                                  n<> u<5122> t<ASSIGN> p<5123> s<5121> l<512:17> el<512:23>
                                                  n<> u<5121> t<Variable_assignment> p<5123> c<5116> l<512:24> el<512:48>
                                                    n<> u<5116> t<Variable_lvalue> p<5121> c<5113> s<5120> l<512:24> el<512:31>
                                                      n<> u<5113> t<Ps_or_hierarchical_identifier> p<5116> c<5112> s<5115> l<512:24> el<512:31>
                                                        n<tap_out> u<5112> t<SIMPLE_IDENTIFIER> p<5113> l<512:24> el<512:31>
                                                      n<> u<5115> t<Select> p<5116> c<5114> l<512:32> el<512:32>
                                                        n<> u<5114> t<Bit_select> p<5115> l<512:32> el<512:32>
                                                    n<> u<5120> t<Expression> p<5121> c<5119> l<512:34> el<512:48>
                                                      n<> u<5119> t<Primary> p<5120> c<5118> l<512:34> el<512:48>
                                                        n<> u<5118> t<Primary_literal> p<5119> c<5117> l<512:34> el<512:48>
                                                          n<delay_chain_28> u<5117> t<SIMPLE_IDENTIFIER> p<5118> l<512:34> el<512:48>
                                        n<> u<5147> t<Case_item> p<5205> c<5131> s<5167> l<513:13> el<513:49>
                                          n<> u<5131> t<Expression> p<5147> c<5130> s<5146> l<513:13> el<513:15>
                                            n<> u<5130> t<Primary> p<5131> c<5129> l<513:13> el<513:15>
                                              n<> u<5129> t<Primary_literal> p<5130> c<5128> l<513:13> el<513:15>
                                                n<29> u<5128> t<INTEGRAL_NUMBER> p<5129> l<513:13> el<513:15>
                                          n<> u<5146> t<Statement_or_null> p<5147> c<5145> l<513:17> el<513:49>
                                            n<> u<5145> t<Statement> p<5146> c<5144> l<513:17> el<513:49>
                                              n<> u<5144> t<Statement_item> p<5145> c<5143> l<513:17> el<513:49>
                                                n<> u<5143> t<Procedural_continuous_assignment> p<5144> c<5142> l<513:17> el<513:48>
                                                  n<> u<5142> t<ASSIGN> p<5143> s<5141> l<513:17> el<513:23>
                                                  n<> u<5141> t<Variable_assignment> p<5143> c<5136> l<513:24> el<513:48>
                                                    n<> u<5136> t<Variable_lvalue> p<5141> c<5133> s<5140> l<513:24> el<513:31>
                                                      n<> u<5133> t<Ps_or_hierarchical_identifier> p<5136> c<5132> s<5135> l<513:24> el<513:31>
                                                        n<tap_out> u<5132> t<SIMPLE_IDENTIFIER> p<5133> l<513:24> el<513:31>
                                                      n<> u<5135> t<Select> p<5136> c<5134> l<513:32> el<513:32>
                                                        n<> u<5134> t<Bit_select> p<5135> l<513:32> el<513:32>
                                                    n<> u<5140> t<Expression> p<5141> c<5139> l<513:34> el<513:48>
                                                      n<> u<5139> t<Primary> p<5140> c<5138> l<513:34> el<513:48>
                                                        n<> u<5138> t<Primary_literal> p<5139> c<5137> l<513:34> el<513:48>
                                                          n<delay_chain_29> u<5137> t<SIMPLE_IDENTIFIER> p<5138> l<513:34> el<513:48>
                                        n<> u<5167> t<Case_item> p<5205> c<5151> s<5187> l<514:13> el<514:49>
                                          n<> u<5151> t<Expression> p<5167> c<5150> s<5166> l<514:13> el<514:15>
                                            n<> u<5150> t<Primary> p<5151> c<5149> l<514:13> el<514:15>
                                              n<> u<5149> t<Primary_literal> p<5150> c<5148> l<514:13> el<514:15>
                                                n<30> u<5148> t<INTEGRAL_NUMBER> p<5149> l<514:13> el<514:15>
                                          n<> u<5166> t<Statement_or_null> p<5167> c<5165> l<514:17> el<514:49>
                                            n<> u<5165> t<Statement> p<5166> c<5164> l<514:17> el<514:49>
                                              n<> u<5164> t<Statement_item> p<5165> c<5163> l<514:17> el<514:49>
                                                n<> u<5163> t<Procedural_continuous_assignment> p<5164> c<5162> l<514:17> el<514:48>
                                                  n<> u<5162> t<ASSIGN> p<5163> s<5161> l<514:17> el<514:23>
                                                  n<> u<5161> t<Variable_assignment> p<5163> c<5156> l<514:24> el<514:48>
                                                    n<> u<5156> t<Variable_lvalue> p<5161> c<5153> s<5160> l<514:24> el<514:31>
                                                      n<> u<5153> t<Ps_or_hierarchical_identifier> p<5156> c<5152> s<5155> l<514:24> el<514:31>
                                                        n<tap_out> u<5152> t<SIMPLE_IDENTIFIER> p<5153> l<514:24> el<514:31>
                                                      n<> u<5155> t<Select> p<5156> c<5154> l<514:32> el<514:32>
                                                        n<> u<5154> t<Bit_select> p<5155> l<514:32> el<514:32>
                                                    n<> u<5160> t<Expression> p<5161> c<5159> l<514:34> el<514:48>
                                                      n<> u<5159> t<Primary> p<5160> c<5158> l<514:34> el<514:48>
                                                        n<> u<5158> t<Primary_literal> p<5159> c<5157> l<514:34> el<514:48>
                                                          n<delay_chain_30> u<5157> t<SIMPLE_IDENTIFIER> p<5158> l<514:34> el<514:48>
                                        n<> u<5187> t<Case_item> p<5205> c<5171> s<5203> l<515:13> el<515:49>
                                          n<> u<5171> t<Expression> p<5187> c<5170> s<5186> l<515:13> el<515:15>
                                            n<> u<5170> t<Primary> p<5171> c<5169> l<515:13> el<515:15>
                                              n<> u<5169> t<Primary_literal> p<5170> c<5168> l<515:13> el<515:15>
                                                n<31> u<5168> t<INTEGRAL_NUMBER> p<5169> l<515:13> el<515:15>
                                          n<> u<5186> t<Statement_or_null> p<5187> c<5185> l<515:17> el<515:49>
                                            n<> u<5185> t<Statement> p<5186> c<5184> l<515:17> el<515:49>
                                              n<> u<5184> t<Statement_item> p<5185> c<5183> l<515:17> el<515:49>
                                                n<> u<5183> t<Procedural_continuous_assignment> p<5184> c<5182> l<515:17> el<515:48>
                                                  n<> u<5182> t<ASSIGN> p<5183> s<5181> l<515:17> el<515:23>
                                                  n<> u<5181> t<Variable_assignment> p<5183> c<5176> l<515:24> el<515:48>
                                                    n<> u<5176> t<Variable_lvalue> p<5181> c<5173> s<5180> l<515:24> el<515:31>
                                                      n<> u<5173> t<Ps_or_hierarchical_identifier> p<5176> c<5172> s<5175> l<515:24> el<515:31>
                                                        n<tap_out> u<5172> t<SIMPLE_IDENTIFIER> p<5173> l<515:24> el<515:31>
                                                      n<> u<5175> t<Select> p<5176> c<5174> l<515:32> el<515:32>
                                                        n<> u<5174> t<Bit_select> p<5175> l<515:32> el<515:32>
                                                    n<> u<5180> t<Expression> p<5181> c<5179> l<515:34> el<515:48>
                                                      n<> u<5179> t<Primary> p<5180> c<5178> l<515:34> el<515:48>
                                                        n<> u<5178> t<Primary_literal> p<5179> c<5177> l<515:34> el<515:48>
                                                          n<delay_chain_31> u<5177> t<SIMPLE_IDENTIFIER> p<5178> l<515:34> el<515:48>
                                        n<> u<5203> t<Case_item> p<5205> c<5202> s<5204> l<516:13> el<517:48>
                                          n<> u<5202> t<Statement_or_null> p<5203> c<5201> l<517:17> el<517:48>
                                            n<> u<5201> t<Statement> p<5202> c<5200> l<517:17> el<517:48>
                                              n<> u<5200> t<Statement_item> p<5201> c<5199> l<517:17> el<517:48>
                                                n<> u<5199> t<Procedural_continuous_assignment> p<5200> c<5198> l<517:17> el<517:47>
                                                  n<> u<5198> t<ASSIGN> p<5199> s<5197> l<517:17> el<517:23>
                                                  n<> u<5197> t<Variable_assignment> p<5199> c<5192> l<517:24> el<517:47>
                                                    n<> u<5192> t<Variable_lvalue> p<5197> c<5189> s<5196> l<517:24> el<517:31>
                                                      n<> u<5189> t<Ps_or_hierarchical_identifier> p<5192> c<5188> s<5191> l<517:24> el<517:31>
                                                        n<tap_out> u<5188> t<SIMPLE_IDENTIFIER> p<5189> l<517:24> el<517:31>
                                                      n<> u<5191> t<Select> p<5192> c<5190> l<517:32> el<517:32>
                                                        n<> u<5190> t<Bit_select> p<5191> l<517:32> el<517:32>
                                                    n<> u<5196> t<Expression> p<5197> c<5195> l<517:34> el<517:47>
                                                      n<> u<5195> t<Primary> p<5196> c<5194> l<517:34> el<517:47>
                                                        n<> u<5194> t<Primary_literal> p<5195> c<5193> l<517:34> el<517:47>
                                                          n<delay_chain_0> u<5193> t<SIMPLE_IDENTIFIER> p<5194> l<517:34> el<517:47>
                                        n<> u<5204> t<ENDCASE> p<5205> l<518:9> el<518:16>
                                n<> u<5209> t<END> p<5210> l<519:5> el<519:8>
        n<// always @ (odelay_count)> u<5222> t<LINE_COMMENT> p<5224> s<5223> l<519:9> el<519:35>
        n<> u<5223> t<ENDMODULE> p<5224> l<585:1> el<585:10>
    n<// ODELAYE2> u<5226> t<LINE_COMMENT> p<5230> s<5229> l<585:11> el<585:22>
    n<> u<5229> t<Description> p<5230> c<5228> l<587:1> el<587:15>
      n<> u<5228> t<Top_directives> p<5229> c<5227> l<587:1> el<587:15>
        n<> u<5227> t<Endcelldefine_directive> p<5228> l<587:1> el<587:15>
AST_DEBUG_END
[INF:CP0303] $Source01/glbl.v:21:1: Compile module "glbl".
[INF:CP0303] $Source01/unisims/ODELAYE2.v:36:1: Compile module "ODELAYE2".
[INF:CM0029] Using global timescale: "1ns/1ns".
====== HLDB =======
Design name:unnamed:
  vpiName: unnamed
  vpiSourceFile (2 items):
    SourceFile name:glbl.v file:$Source01/glbl.v:
      vpiParent: Design name:unnamed
      vpiName: glbl.v
      vpiPreprocFile: "$Output/lib/work/glbl.v"
      vpiPreprocMacroDefinition (1 items):
        PreprocMacroDefinition name:GLBL start:18:1 end:19:1:
          vpiParent: SourceFile name:glbl.v
          vpiName Identifier name:GLBL start:18:9 end:18:13:
            vpiParent: PreprocMacroDefinition name:GLBL
            vpiName: GLBL
          vpiPMDType: define (1)
      vpiDefNetType: none (12)
      vpiTimePrecision: -12
      vpiTimeUnit: -12
    SourceFile name:ODELAYE2.v file:$Source01/unisims/ODELAYE2.v:
      vpiParent: Design name:unnamed
      vpiName: ODELAYE2.v
      vpiPreprocFile: "$Output/lib/work/unisims/ODELAYE2.v"
      vpiDefNetType: none (12)
      vpiTimePrecision: -12
      vpiTimeUnit: -12
  vpiAllModules (2 items):
    Module name:glbl file:$Source01/glbl.v start:21:1 end:98:10:
      vpiParent: Design name:unnamed
      vpiName Identifier name:glbl start:21:8 end:21:12:
        vpiParent: Module name:glbl
        vpiName: glbl
      vpiFullName: glbl
      vpiParameter (4 items):
        Parameter name:ROC_WIDTH start:23:15 end:23:24:
          vpiParent: Module name:glbl
          vpiTypespec RefTypespec start:23:15 end:23:15:
            vpiParent: Parameter name:ROC_WIDTH
            vpiFullName: glbl.ROC_WIDTH
            vpiActual: LogicTypespec
          vpiName: ROC_WIDTH
          vpiFullName: glbl.ROC_WIDTH
        Parameter name:TOC_WIDTH start:24:15 end:24:24:
          vpiParent: Module name:glbl
          vpiTypespec RefTypespec start:24:15 end:24:15:
            vpiParent: Parameter name:TOC_WIDTH
            vpiFullName: glbl.TOC_WIDTH
            vpiActual: LogicTypespec
          vpiName: TOC_WIDTH
          vpiFullName: glbl.TOC_WIDTH
        Parameter name:GRES_WIDTH start:25:15 end:25:25:
          vpiParent: Module name:glbl
          vpiTypespec RefTypespec start:25:15 end:25:15:
            vpiParent: Parameter name:GRES_WIDTH
            vpiFullName: glbl.GRES_WIDTH
            vpiActual: LogicTypespec
          vpiName: GRES_WIDTH
          vpiFullName: glbl.GRES_WIDTH
        Parameter name:GRES_START start:26:15 end:26:25:
          vpiParent: Module name:glbl
          vpiTypespec RefTypespec start:26:15 end:26:15:
            vpiParent: Parameter name:GRES_START
            vpiFullName: glbl.GRES_START
            vpiActual: LogicTypespec
          vpiName: GRES_START
          vpiFullName: glbl.GRES_START
      vpiParamAssign (4 items):
        ParamAssign start:23:15 end:23:33:
          vpiParent: Module name:glbl
          vpiLhs RefObj name:ROC_WIDTH start:23:15 end:23:24:
            vpiParent: ParamAssign
            vpiName: ROC_WIDTH
            vpiFullName: glbl.ROC_WIDTH
            vpiActual: Parameter name:ROC_WIDTH
          vpiRhs Constant start:23:27 end:23:33:
            vpiParent: ParamAssign
            vpiTypespec RefTypespec:
              vpiParent: Constant
              vpiFullName: glbl
              vpiActual: IntTypespec
            vpiConstType: unsigned int (9)
            vpiSize: 64
            vpiDecompile: "100000"
            vpiValue: 100000
        ParamAssign start:24:15 end:24:28:
          vpiParent: Module name:glbl
          vpiLhs RefObj name:TOC_WIDTH start:24:15 end:24:24:
            vpiParent: ParamAssign
            vpiName: TOC_WIDTH
            vpiFullName: glbl.TOC_WIDTH
            vpiActual: Parameter name:TOC_WIDTH
          vpiRhs Constant start:24:27 end:24:28:
            vpiParent: ParamAssign
            vpiTypespec RefTypespec:
              vpiParent: Constant
              vpiFullName: glbl
              vpiActual: IntTypespec
            vpiConstType: unsigned int (9)
            vpiSize: 64
            vpiDecompile: "0"
            vpiValue: 0
        ParamAssign start:25:15 end:25:33:
          vpiParent: Module name:glbl
          vpiLhs RefObj name:GRES_WIDTH start:25:15 end:25:25:
            vpiParent: ParamAssign
            vpiName: GRES_WIDTH
            vpiFullName: glbl.GRES_WIDTH
            vpiActual: Parameter name:GRES_WIDTH
          vpiRhs Constant start:25:28 end:25:33:
            vpiParent: ParamAssign
            vpiTypespec RefTypespec:
              vpiParent: Constant
              vpiFullName: glbl
              vpiActual: IntTypespec
            vpiConstType: unsigned int (9)
            vpiSize: 64
            vpiDecompile: "10000"
            vpiValue: 10000
        ParamAssign start:26:15 end:26:33:
          vpiParent: Module name:glbl
          vpiLhs RefObj name:GRES_START start:26:15 end:26:25:
            vpiParent: ParamAssign
            vpiName: GRES_START
            vpiFullName: glbl.GRES_START
            vpiActual: Parameter name:GRES_START
          vpiRhs Constant start:26:28 end:26:33:
            vpiParent: ParamAssign
            vpiTypespec RefTypespec:
              vpiParent: Constant
              vpiFullName: glbl
              vpiActual: IntTypespec
            vpiConstType: unsigned int (9)
            vpiSize: 64
            vpiDecompile: "10000"
            vpiValue: 10000
      vpiTypespec (3 items):
        LogicTypespec:
          vpiParent: Module name:glbl
        LogicTypespec:
          vpiParent: Module name:glbl
          vpiRange (1 items):
            Range start:40:10 end:40:15:
              vpiParent: LogicTypespec
              vpiLeftRange Constant start:40:11 end:40:12:
                vpiParent: Range
                vpiTypespec RefTypespec:
                  vpiParent: Constant
                  vpiFullName: glbl
                  vpiActual: IntTypespec
                vpiConstType: unsigned int (9)
                vpiSize: 64
                vpiDecompile: "3"
                vpiValue: 3
              vpiRightRange Constant start:40:13 end:40:14:
                vpiParent: Range
                vpiTypespec RefTypespec:
                  vpiParent: Constant
                  vpiFullName: glbl
                  vpiActual: IntTypespec
                vpiConstType: unsigned int (9)
                vpiSize: 64
                vpiDecompile: "0"
                vpiValue: 0
          vpiVector: true
        LogicTypespec:
          vpiParent: Module name:glbl
          vpiRange (1 items):
            Range start:41:10 end:41:15:
              vpiParent: LogicTypespec
              vpiLeftRange Constant start:41:11 end:41:12:
                vpiParent: Range
                vpiTypespec RefTypespec:
                  vpiParent: Constant
                  vpiFullName: glbl
                  vpiActual: IntTypespec
                vpiConstType: unsigned int (9)
                vpiSize: 64
                vpiDecompile: "3"
                vpiValue: 3
              vpiRightRange Constant start:41:13 end:41:14:
                vpiParent: Range
                vpiTypespec RefTypespec:
                  vpiParent: Constant
                  vpiFullName: glbl
                  vpiActual: IntTypespec
                vpiConstType: unsigned int (9)
                vpiSize: 64
                vpiDecompile: "0"
                vpiValue: 0
          vpiVector: true
      vpiDefName: glbl
      vpiDefNetType: none (12)
      vpiTimePrecision: -12
      vpiTimeUnit: -12
      vpiLibrary RefObj name:work:
        vpiParent: Module name:glbl
        vpiName: work
        vpiFullName: glbl.work
      vpiCell: glbl
      vpiNet (34 items):
        Net name:GSR start:29:10 end:29:13:
          vpiParent: Module name:glbl
          vpiTypespec RefTypespec start:29:10 end:29:10:
            vpiParent: Net name:GSR
            vpiFullName: glbl.GSR
            vpiActual: LogicTypespec
          vpiName: GSR
          vpiFullName: glbl.GSR
          vpiNetType: wire (1)
        Net name:GTS start:30:10 end:30:13:
          vpiParent: Module name:glbl
          vpiTypespec RefTypespec start:30:10 end:30:10:
            vpiParent: Net name:GTS
            vpiFullName: glbl.GTS
            vpiActual: LogicTypespec
          vpiName: GTS
          vpiFullName: glbl.GTS
          vpiNetType: wire (1)
        Net name:GWE start:31:10 end:31:13:
          vpiParent: Module name:glbl
          vpiTypespec RefTypespec start:31:10 end:31:10:
            vpiParent: Net name:GWE
            vpiFullName: glbl.GWE
            vpiActual: LogicTypespec
          vpiName: GWE
          vpiFullName: glbl.GWE
          vpiNetType: wire (1)
        Net name:PRLD start:32:10 end:32:14:
          vpiParent: Module name:glbl
          vpiTypespec RefTypespec start:32:10 end:32:10:
            vpiParent: Net name:PRLD
            vpiFullName: glbl.PRLD
            vpiActual: LogicTypespec
          vpiName: PRLD
          vpiFullName: glbl.PRLD
          vpiNetType: wire (1)
        Net name:GRESTORE start:33:10 end:33:18:
          vpiParent: Module name:glbl
          vpiTypespec RefTypespec start:33:10 end:33:10:
            vpiParent: Net name:GRESTORE
            vpiFullName: glbl.GRESTORE
            vpiActual: LogicTypespec
          vpiName: GRESTORE
          vpiFullName: glbl.GRESTORE
          vpiNetType: wire (1)
        Net name:p_up_tmp start:34:10 end:34:18:
          vpiParent: Module name:glbl
          vpiTypespec RefTypespec start:34:10 end:34:10:
            vpiParent: Net name:p_up_tmp
            vpiFullName: glbl.p_up_tmp
            vpiActual: LogicTypespec
          vpiName: p_up_tmp
          vpiFullName: glbl.p_up_tmp
          vpiNetType: tri1 (6)
        Net name:PLL_LOCKG start:35:26 end:35:35:
          vpiParent: Module name:glbl
          vpiTypespec RefTypespec start:35:26 end:35:26:
            vpiParent: Net name:PLL_LOCKG
            vpiFullName: glbl.PLL_LOCKG
            vpiActual: LogicTypespec
          vpiName: PLL_LOCKG
          vpiFullName: glbl.PLL_LOCKG
          vpiNetType: tri (4)
          vpiValue RefObj name:p_up_tmp start:35:38 end:35:46:
            vpiParent: Net name:PLL_LOCKG
            vpiName: p_up_tmp
            vpiFullName: glbl.PLL_LOCKG.p_up_tmp
            vpiActual: Net name:p_up_tmp
        Net name:PROGB_GLBL start:37:10 end:37:20:
          vpiParent: Module name:glbl
          vpiTypespec RefTypespec start:37:10 end:37:10:
            vpiParent: Net name:PROGB_GLBL
            vpiFullName: glbl.PROGB_GLBL
            vpiActual: LogicTypespec
          vpiName: PROGB_GLBL
          vpiFullName: glbl.PROGB_GLBL
          vpiNetType: wire (1)
        Net name:CCLKO_GLBL start:38:10 end:38:20:
          vpiParent: Module name:glbl
          vpiTypespec RefTypespec start:38:10 end:38:10:
            vpiParent: Net name:CCLKO_GLBL
            vpiFullName: glbl.CCLKO_GLBL
            vpiActual: LogicTypespec
          vpiName: CCLKO_GLBL
          vpiFullName: glbl.CCLKO_GLBL
          vpiNetType: wire (1)
        Net name:FCSBO_GLBL start:39:10 end:39:20:
          vpiParent: Module name:glbl
          vpiTypespec RefTypespec start:39:10 end:39:10:
            vpiParent: Net name:FCSBO_GLBL
            vpiFullName: glbl.FCSBO_GLBL
            vpiActual: LogicTypespec
          vpiName: FCSBO_GLBL
          vpiFullName: glbl.FCSBO_GLBL
          vpiNetType: wire (1)
        Net name:DO_GLBL start:40:16 end:40:23:
          vpiParent: Module name:glbl
          vpiTypespec RefTypespec start:40:10 end:40:15:
            vpiParent: Net name:DO_GLBL
            vpiFullName: glbl.DO_GLBL
            vpiActual: LogicTypespec
          vpiName: DO_GLBL
          vpiFullName: glbl.DO_GLBL
          vpiNetType: wire (1)
        Net name:DI_GLBL start:41:16 end:41:23:
          vpiParent: Module name:glbl
          vpiTypespec RefTypespec start:41:10 end:41:15:
            vpiParent: Net name:DI_GLBL
            vpiFullName: glbl.DI_GLBL
            vpiActual: LogicTypespec
          vpiName: DI_GLBL
          vpiFullName: glbl.DI_GLBL
          vpiNetType: wire (1)
        Net name:GSR_int start:43:9 end:43:16:
          vpiParent: Module name:glbl
          vpiTypespec RefTypespec start:43:5 end:43:8:
            vpiParent: Net name:GSR_int
            vpiFullName: glbl.GSR_int
            vpiActual: LogicTypespec
          vpiName: GSR_int
          vpiFullName: glbl.GSR_int
        Net name:GTS_int start:44:9 end:44:16:
          vpiParent: Module name:glbl
          vpiTypespec RefTypespec start:44:5 end:44:8:
            vpiParent: Net name:GTS_int
            vpiFullName: glbl.GTS_int
            vpiActual: LogicTypespec
          vpiName: GTS_int
          vpiFullName: glbl.GTS_int
        Net name:PRLD_int start:45:9 end:45:17:
          vpiParent: Module name:glbl
          vpiTypespec RefTypespec start:45:5 end:45:8:
            vpiParent: Net name:PRLD_int
            vpiFullName: glbl.PRLD_int
            vpiActual: LogicTypespec
          vpiName: PRLD_int
          vpiFullName: glbl.PRLD_int
        Net name:GRESTORE_int start:46:9 end:46:21:
          vpiParent: Module name:glbl
          vpiTypespec RefTypespec start:46:5 end:46:8:
            vpiParent: Net name:GRESTORE_int
            vpiFullName: glbl.GRESTORE_int
            vpiActual: LogicTypespec
          vpiName: GRESTORE_int
          vpiFullName: glbl.GRESTORE_int
        Net name:JTAG_TDO_GLBL start:49:10 end:49:23:
          vpiParent: Module name:glbl
          vpiTypespec RefTypespec start:49:10 end:49:10:
            vpiParent: Net name:JTAG_TDO_GLBL
            vpiFullName: glbl.JTAG_TDO_GLBL
            vpiActual: LogicTypespec
          vpiName: JTAG_TDO_GLBL
          vpiFullName: glbl.JTAG_TDO_GLBL
          vpiNetType: wire (1)
        Net name:JTAG_TCK_GLBL start:50:10 end:50:23:
          vpiParent: Module name:glbl
          vpiTypespec RefTypespec start:50:10 end:50:10:
            vpiParent: Net name:JTAG_TCK_GLBL
            vpiFullName: glbl.JTAG_TCK_GLBL
            vpiActual: LogicTypespec
          vpiName: JTAG_TCK_GLBL
          vpiFullName: glbl.JTAG_TCK_GLBL
          vpiNetType: wire (1)
        Net name:JTAG_TDI_GLBL start:51:10 end:51:23:
          vpiParent: Module name:glbl
          vpiTypespec RefTypespec start:51:10 end:51:10:
            vpiParent: Net name:JTAG_TDI_GLBL
            vpiFullName: glbl.JTAG_TDI_GLBL
            vpiActual: LogicTypespec
          vpiName: JTAG_TDI_GLBL
          vpiFullName: glbl.JTAG_TDI_GLBL
          vpiNetType: wire (1)
        Net name:JTAG_TMS_GLBL start:52:10 end:52:23:
          vpiParent: Module name:glbl
          vpiTypespec RefTypespec start:52:10 end:52:10:
            vpiParent: Net name:JTAG_TMS_GLBL
            vpiFullName: glbl.JTAG_TMS_GLBL
            vpiActual: LogicTypespec
          vpiName: JTAG_TMS_GLBL
          vpiFullName: glbl.JTAG_TMS_GLBL
          vpiNetType: wire (1)
        Net name:JTAG_TRST_GLBL start:53:10 end:53:24:
          vpiParent: Module name:glbl
          vpiTypespec RefTypespec start:53:10 end:53:10:
            vpiParent: Net name:JTAG_TRST_GLBL
            vpiFullName: glbl.JTAG_TRST_GLBL
            vpiActual: LogicTypespec
          vpiName: JTAG_TRST_GLBL
          vpiFullName: glbl.JTAG_TRST_GLBL
          vpiNetType: wire (1)
        Net name:JTAG_CAPTURE_GLBL start:55:9 end:55:26:
          vpiParent: Module name:glbl
          vpiTypespec RefTypespec start:55:5 end:55:8:
            vpiParent: Net name:JTAG_CAPTURE_GLBL
            vpiFullName: glbl.JTAG_CAPTURE_GLBL
            vpiActual: LogicTypespec
          vpiName: JTAG_CAPTURE_GLBL
          vpiFullName: glbl.JTAG_CAPTURE_GLBL
        Net name:JTAG_RESET_GLBL start:56:9 end:56:24:
          vpiParent: Module name:glbl
          vpiTypespec RefTypespec start:56:5 end:56:8:
            vpiParent: Net name:JTAG_RESET_GLBL
            vpiFullName: glbl.JTAG_RESET_GLBL
            vpiActual: LogicTypespec
          vpiName: JTAG_RESET_GLBL
          vpiFullName: glbl.JTAG_RESET_GLBL
        Net name:JTAG_SHIFT_GLBL start:57:9 end:57:24:
          vpiParent: Module name:glbl
          vpiTypespec RefTypespec start:57:5 end:57:8:
            vpiParent: Net name:JTAG_SHIFT_GLBL
            vpiFullName: glbl.JTAG_SHIFT_GLBL
            vpiActual: LogicTypespec
          vpiName: JTAG_SHIFT_GLBL
          vpiFullName: glbl.JTAG_SHIFT_GLBL
        Net name:JTAG_UPDATE_GLBL start:58:9 end:58:25:
          vpiParent: Module name:glbl
          vpiTypespec RefTypespec start:58:5 end:58:8:
            vpiParent: Net name:JTAG_UPDATE_GLBL
            vpiFullName: glbl.JTAG_UPDATE_GLBL
            vpiActual: LogicTypespec
          vpiName: JTAG_UPDATE_GLBL
          vpiFullName: glbl.JTAG_UPDATE_GLBL
        Net name:JTAG_RUNTEST_GLBL start:59:9 end:59:26:
          vpiParent: Module name:glbl
          vpiTypespec RefTypespec start:59:5 end:59:8:
            vpiParent: Net name:JTAG_RUNTEST_GLBL
            vpiFullName: glbl.JTAG_RUNTEST_GLBL
            vpiActual: LogicTypespec
          vpiName: JTAG_RUNTEST_GLBL
          vpiFullName: glbl.JTAG_RUNTEST_GLBL
        Net name:JTAG_SEL1_GLBL start:61:9 end:61:23:
          vpiParent: Module name:glbl
          vpiTypespec RefTypespec start:61:5 end:61:8:
            vpiParent: Net name:JTAG_SEL1_GLBL
            vpiFullName: glbl.JTAG_SEL1_GLBL
            vpiActual: LogicTypespec
          vpiName: JTAG_SEL1_GLBL
          vpiFullName: glbl.JTAG_SEL1_GLBL
          vpiValue Constant start:61:26 end:61:27:
            vpiParent: Net name:JTAG_SEL1_GLBL
            vpiTypespec RefTypespec:
              vpiParent: Constant
              vpiFullName: glbl.JTAG_SEL1_GLBL
              vpiActual: IntTypespec
            vpiConstType: unsigned int (9)
            vpiSize: 64
            vpiDecompile: "0"
            vpiValue: 0
        Net name:JTAG_SEL2_GLBL start:62:9 end:62:23:
          vpiParent: Module name:glbl
          vpiTypespec RefTypespec start:62:5 end:62:8:
            vpiParent: Net name:JTAG_SEL2_GLBL
            vpiFullName: glbl.JTAG_SEL2_GLBL
            vpiActual: LogicTypespec
          vpiName: JTAG_SEL2_GLBL
          vpiFullName: glbl.JTAG_SEL2_GLBL
          vpiValue Constant start:62:26 end:62:27:
            vpiParent: Net name:JTAG_SEL2_GLBL
            vpiTypespec RefTypespec:
              vpiParent: Constant
              vpiFullName: glbl.JTAG_SEL2_GLBL
              vpiActual: IntTypespec
            vpiConstType: unsigned int (9)
            vpiSize: 64
            vpiDecompile: "0"
            vpiValue: 0
        Net name:JTAG_SEL3_GLBL start:63:9 end:63:23:
          vpiParent: Module name:glbl
          vpiTypespec RefTypespec start:63:5 end:63:8:
            vpiParent: Net name:JTAG_SEL3_GLBL
            vpiFullName: glbl.JTAG_SEL3_GLBL
            vpiActual: LogicTypespec
          vpiName: JTAG_SEL3_GLBL
          vpiFullName: glbl.JTAG_SEL3_GLBL
          vpiValue Constant start:63:26 end:63:27:
            vpiParent: Net name:JTAG_SEL3_GLBL
            vpiTypespec RefTypespec:
              vpiParent: Constant
              vpiFullName: glbl.JTAG_SEL3_GLBL
              vpiActual: IntTypespec
            vpiConstType: unsigned int (9)
            vpiSize: 64
            vpiDecompile: "0"
            vpiValue: 0
        Net name:JTAG_SEL4_GLBL start:64:9 end:64:23:
          vpiParent: Module name:glbl
          vpiTypespec RefTypespec start:64:5 end:64:8:
            vpiParent: Net name:JTAG_SEL4_GLBL
            vpiFullName: glbl.JTAG_SEL4_GLBL
            vpiActual: LogicTypespec
          vpiName: JTAG_SEL4_GLBL
          vpiFullName: glbl.JTAG_SEL4_GLBL
          vpiValue Constant start:64:26 end:64:27:
            vpiParent: Net name:JTAG_SEL4_GLBL
            vpiTypespec RefTypespec:
              vpiParent: Constant
              vpiFullName: glbl.JTAG_SEL4_GLBL
              vpiActual: IntTypespec
            vpiConstType: unsigned int (9)
            vpiSize: 64
            vpiDecompile: "0"
            vpiValue: 0
        Net name:JTAG_USER_TDO1_GLBL start:66:9 end:66:28:
          vpiParent: Module name:glbl
          vpiTypespec RefTypespec start:66:5 end:66:8:
            vpiParent: Net name:JTAG_USER_TDO1_GLBL
            vpiFullName: glbl.JTAG_USER_TDO1_GLBL
            vpiActual: LogicTypespec
          vpiName: JTAG_USER_TDO1_GLBL
          vpiFullName: glbl.JTAG_USER_TDO1_GLBL
          vpiValue Constant start:66:31 end:66:35:
            vpiParent: Net name:JTAG_USER_TDO1_GLBL
            vpiTypespec RefTypespec:
              vpiParent: Constant
              vpiFullName: glbl.JTAG_USER_TDO1_GLBL
              vpiActual: LogicTypespec
            vpiConstType: binary (3)
            vpiSize: 1
            vpiDecompile: "1'bz"
            vpiValue: z
        Net name:JTAG_USER_TDO2_GLBL start:67:9 end:67:28:
          vpiParent: Module name:glbl
          vpiTypespec RefTypespec start:67:5 end:67:8:
            vpiParent: Net name:JTAG_USER_TDO2_GLBL
            vpiFullName: glbl.JTAG_USER_TDO2_GLBL
            vpiActual: LogicTypespec
          vpiName: JTAG_USER_TDO2_GLBL
          vpiFullName: glbl.JTAG_USER_TDO2_GLBL
          vpiValue Constant start:67:31 end:67:35:
            vpiParent: Net name:JTAG_USER_TDO2_GLBL
            vpiTypespec RefTypespec:
              vpiParent: Constant
              vpiFullName: glbl.JTAG_USER_TDO2_GLBL
              vpiActual: LogicTypespec
            vpiConstType: binary (3)
            vpiSize: 1
            vpiDecompile: "1'bz"
            vpiValue: z
        Net name:JTAG_USER_TDO3_GLBL start:68:9 end:68:28:
          vpiParent: Module name:glbl
          vpiTypespec RefTypespec start:68:5 end:68:8:
            vpiParent: Net name:JTAG_USER_TDO3_GLBL
            vpiFullName: glbl.JTAG_USER_TDO3_GLBL
            vpiActual: LogicTypespec
          vpiName: JTAG_USER_TDO3_GLBL
          vpiFullName: glbl.JTAG_USER_TDO3_GLBL
          vpiValue Constant start:68:31 end:68:35:
            vpiParent: Net name:JTAG_USER_TDO3_GLBL
            vpiTypespec RefTypespec:
              vpiParent: Constant
              vpiFullName: glbl.JTAG_USER_TDO3_GLBL
              vpiActual: LogicTypespec
            vpiConstType: binary (3)
            vpiSize: 1
            vpiDecompile: "1'bz"
            vpiValue: z
        Net name:JTAG_USER_TDO4_GLBL start:69:9 end:69:28:
          vpiParent: Module name:glbl
          vpiTypespec RefTypespec start:69:5 end:69:8:
            vpiParent: Net name:JTAG_USER_TDO4_GLBL
            vpiFullName: glbl.JTAG_USER_TDO4_GLBL
            vpiActual: LogicTypespec
          vpiName: JTAG_USER_TDO4_GLBL
          vpiFullName: glbl.JTAG_USER_TDO4_GLBL
          vpiValue Constant start:69:31 end:69:35:
            vpiParent: Net name:JTAG_USER_TDO4_GLBL
            vpiTypespec RefTypespec:
              vpiParent: Constant
              vpiFullName: glbl.JTAG_USER_TDO4_GLBL
              vpiActual: LogicTypespec
            vpiConstType: binary (3)
            vpiSize: 1
            vpiDecompile: "1'bz"
            vpiValue: z
      vpiProcess (3 items):
        Initial start:76:5 end:82:8:
          vpiParent: Module name:glbl
          vpiStmt Begin start:76:13 end:82:8:
            vpiParent: Initial
            vpiFullName: glbl
            vpiTypespec (1 items):
              BitTypespec:
                vpiParent: Begin
            vpiStmt (4 items):
              Assignment start:77:2 end:77:16:
                vpiParent: Begin
                vpiBlocking: true
                vpiLhs RefObj name:GSR_int start:77:2 end:77:9:
                  vpiParent: Assignment
                  vpiName: GSR_int
                  vpiFullName: glbl.GSR_int
                  vpiActual: Net name:GSR_int
                vpiRhs Constant start:77:12 end:77:16:
                  vpiParent: Assignment
                  vpiTypespec RefTypespec:
                    vpiParent: Constant
                    vpiFullName: glbl
                    vpiActual: BitTypespec
                  vpiConstType: binary (3)
                  vpiSize: 1
                  vpiDecompile: "1'b1"
                  vpiValue: "1"
              Assignment start:78:2 end:78:17:
                vpiParent: Begin
                vpiBlocking: true
                vpiLhs RefObj name:PRLD_int start:78:2 end:78:10:
                  vpiParent: Assignment
                  vpiName: PRLD_int
                  vpiFullName: glbl.PRLD_int
                  vpiActual: Net name:PRLD_int
                vpiRhs Constant start:78:13 end:78:17:
                  vpiParent: Assignment
                  vpiTypespec RefTypespec:
                    vpiParent: Constant
                    vpiFullName: glbl
                    vpiActual: BitTypespec
                  vpiConstType: binary (3)
                  vpiSize: 1
                  vpiDecompile: "1'b1"
                  vpiValue: "1"
              DelayControl start:79:2 end:80:17:
                vpiParent: Begin
                vpiStmt Assignment start:80:2 end:80:16:
                  vpiParent: DelayControl
                  vpiBlocking: true
                  vpiLhs RefObj name:GSR_int start:80:2 end:80:9:
                    vpiParent: Assignment
                    vpiName: GSR_int
                    vpiFullName: glbl.GSR_int
                    vpiActual: Net name:GSR_int
                  vpiRhs Constant start:80:12 end:80:16:
                    vpiParent: Assignment
                    vpiTypespec RefTypespec:
                      vpiParent: Constant
                      vpiFullName: glbl
                      vpiActual: BitTypespec
                    vpiConstType: binary (3)
                    vpiSize: 1
                    vpiDecompile: "1'b0"
                    vpiValue: "0"
                vpiDelay RefObj name:ROC_WIDTH start:79:4 end:79:13:
                  vpiParent: DelayControl
                  vpiName: ROC_WIDTH
                  vpiFullName: glbl.ROC_WIDTH
                  vpiActual: Parameter name:ROC_WIDTH
              Assignment start:81:2 end:81:17:
                vpiParent: Begin
                vpiBlocking: true
                vpiLhs RefObj name:PRLD_int start:81:2 end:81:10:
                  vpiParent: Assignment
                  vpiName: PRLD_int
                  vpiFullName: glbl.PRLD_int
                  vpiActual: Net name:PRLD_int
                vpiRhs Constant start:81:13 end:81:17:
                  vpiParent: Assignment
                  vpiTypespec RefTypespec:
                    vpiParent: Constant
                    vpiFullName: glbl
                    vpiActual: BitTypespec
                  vpiConstType: binary (3)
                  vpiSize: 1
                  vpiDecompile: "1'b0"
                  vpiValue: "0"
        Initial start:84:5 end:88:8:
          vpiParent: Module name:glbl
          vpiStmt Begin start:84:13 end:88:8:
            vpiParent: Initial
            vpiFullName: glbl
            vpiTypespec (1 items):
              BitTypespec:
                vpiParent: Begin
            vpiStmt (2 items):
              Assignment start:85:2 end:85:16:
                vpiParent: Begin
                vpiBlocking: true
                vpiLhs RefObj name:GTS_int start:85:2 end:85:9:
                  vpiParent: Assignment
                  vpiName: GTS_int
                  vpiFullName: glbl.GTS_int
                  vpiActual: Net name:GTS_int
                vpiRhs Constant start:85:12 end:85:16:
                  vpiParent: Assignment
                  vpiTypespec RefTypespec:
                    vpiParent: Constant
                    vpiFullName: glbl
                    vpiActual: BitTypespec
                  vpiConstType: binary (3)
                  vpiSize: 1
                  vpiDecompile: "1'b1"
                  vpiValue: "1"
              DelayControl start:86:2 end:87:17:
                vpiParent: Begin
                vpiStmt Assignment start:87:2 end:87:16:
                  vpiParent: DelayControl
                  vpiBlocking: true
                  vpiLhs RefObj name:GTS_int start:87:2 end:87:9:
                    vpiParent: Assignment
                    vpiName: GTS_int
                    vpiFullName: glbl.GTS_int
                    vpiActual: Net name:GTS_int
                  vpiRhs Constant start:87:12 end:87:16:
                    vpiParent: Assignment
                    vpiTypespec RefTypespec:
                      vpiParent: Constant
                      vpiFullName: glbl
                      vpiActual: BitTypespec
                    vpiConstType: binary (3)
                    vpiSize: 1
                    vpiDecompile: "1'b0"
                    vpiValue: "0"
                vpiDelay RefObj name:TOC_WIDTH start:86:4 end:86:13:
                  vpiParent: DelayControl
                  vpiName: TOC_WIDTH
                  vpiFullName: glbl.TOC_WIDTH
                  vpiActual: Parameter name:TOC_WIDTH
        Initial start:90:5 end:96:8:
          vpiParent: Module name:glbl
          vpiStmt Begin start:90:13 end:96:8:
            vpiParent: Initial
            vpiFullName: glbl
            vpiTypespec (1 items):
              BitTypespec:
                vpiParent: Begin
            vpiStmt (5 items):
              Assignment start:91:2 end:91:21:
                vpiParent: Begin
                vpiBlocking: true
                vpiLhs RefObj name:GRESTORE_int start:91:2 end:91:14:
                  vpiParent: Assignment
                  vpiName: GRESTORE_int
                  vpiFullName: glbl.GRESTORE_int
                  vpiActual: Net name:GRESTORE_int
                vpiRhs Constant start:91:17 end:91:21:
                  vpiParent: Assignment
                  vpiTypespec RefTypespec:
                    vpiParent: Constant
                    vpiFullName: glbl
                    vpiActual: BitTypespec
                  vpiConstType: binary (3)
                  vpiSize: 1
                  vpiDecompile: "1'b0"
                  vpiValue: "0"
              DelayControl start:92:2 end:92:15:
                vpiParent: Begin
                vpiDelay RefObj name:GRES_START start:92:4 end:92:14:
                  vpiParent: DelayControl
                  vpiName: GRES_START
                  vpiFullName: glbl.GRES_START
                  vpiActual: Parameter name:GRES_START
              Assignment start:93:2 end:93:21:
                vpiParent: Begin
                vpiBlocking: true
                vpiLhs RefObj name:GRESTORE_int start:93:2 end:93:14:
                  vpiParent: Assignment
                  vpiName: GRESTORE_int
                  vpiFullName: glbl.GRESTORE_int
                  vpiActual: Net name:GRESTORE_int
                vpiRhs Constant start:93:17 end:93:21:
                  vpiParent: Assignment
                  vpiTypespec RefTypespec:
                    vpiParent: Constant
                    vpiFullName: glbl
                    vpiActual: BitTypespec
                  vpiConstType: binary (3)
                  vpiSize: 1
                  vpiDecompile: "1'b1"
                  vpiValue: "1"
              DelayControl start:94:2 end:94:15:
                vpiParent: Begin
                vpiDelay RefObj name:GRES_WIDTH start:94:4 end:94:14:
                  vpiParent: DelayControl
                  vpiName: GRES_WIDTH
                  vpiFullName: glbl.GRES_WIDTH
                  vpiActual: Parameter name:GRES_WIDTH
              Assignment start:95:2 end:95:21:
                vpiParent: Begin
                vpiBlocking: true
                vpiLhs RefObj name:GRESTORE_int start:95:2 end:95:14:
                  vpiParent: Assignment
                  vpiName: GRESTORE_int
                  vpiFullName: glbl.GRESTORE_int
                  vpiActual: Net name:GRESTORE_int
                vpiRhs Constant start:95:17 end:95:21:
                  vpiParent: Assignment
                  vpiTypespec RefTypespec:
                    vpiParent: Constant
                    vpiFullName: glbl
                    vpiActual: BitTypespec
                  vpiConstType: binary (3)
                  vpiSize: 1
                  vpiDecompile: "1'b0"
                  vpiValue: "0"
      vpiContAssign (4 items):
        ContAssign start:71:29 end:71:42:
          vpiParent: Module name:glbl
          vpiLhs RefObj name:GSR start:71:29 end:71:32:
            vpiParent: ContAssign
            vpiName: GSR
            vpiFullName: glbl.GSR
            vpiActual: Net name:GSR
          vpiRhs RefObj name:GSR_int start:71:35 end:71:42:
            vpiParent: ContAssign
            vpiName: GSR_int
            vpiFullName: glbl.GSR_int
            vpiActual: Net name:GSR_int
        ContAssign start:72:29 end:72:42:
          vpiParent: Module name:glbl
          vpiLhs RefObj name:GTS start:72:29 end:72:32:
            vpiParent: ContAssign
            vpiName: GTS
            vpiFullName: glbl.GTS
            vpiActual: Net name:GTS
          vpiRhs RefObj name:GTS_int start:72:35 end:72:42:
            vpiParent: ContAssign
            vpiName: GTS_int
            vpiFullName: glbl.GTS_int
            vpiActual: Net name:GTS_int
        ContAssign start:73:27 end:73:42:
          vpiParent: Module name:glbl
          vpiLhs RefObj name:PRLD start:73:27 end:73:31:
            vpiParent: ContAssign
            vpiName: PRLD
            vpiFullName: glbl.PRLD
            vpiActual: Net name:PRLD
          vpiRhs RefObj name:PRLD_int start:73:34 end:73:42:
            vpiParent: ContAssign
            vpiName: PRLD_int
            vpiFullName: glbl.PRLD_int
            vpiActual: Net name:PRLD_int
        ContAssign start:74:29 end:74:52:
          vpiParent: Module name:glbl
          vpiLhs RefObj name:GRESTORE start:74:29 end:74:37:
            vpiParent: ContAssign
            vpiName: GRESTORE
            vpiFullName: glbl.GRESTORE
            vpiActual: Net name:GRESTORE
          vpiRhs RefObj name:GRESTORE_int start:74:40 end:74:52:
            vpiParent: ContAssign
            vpiName: GRESTORE_int
            vpiFullName: glbl.GRESTORE_int
            vpiActual: Net name:GRESTORE_int
    Module name:ODELAYE2 file:$Source01/unisims/ODELAYE2.v start:36:1 end:585:10:
      vpiParent: Design name:unnamed
      vpiName Identifier name:ODELAYE2 start:36:8 end:36:16:
        vpiParent: Module name:ODELAYE2
        vpiName: ODELAYE2
      vpiFullName: ODELAYE2
      vpiParameter (16 items):
        Parameter name:CINVCTRL_SEL start:38:15 end:38:27:
          vpiParent: Module name:ODELAYE2
          vpiTypespec RefTypespec start:38:15 end:38:15:
            vpiParent: Parameter name:CINVCTRL_SEL
            vpiFullName: ODELAYE2.CINVCTRL_SEL
            vpiActual: LogicTypespec
          vpiName: CINVCTRL_SEL
          vpiFullName: ODELAYE2.CINVCTRL_SEL
        Parameter name:DELAY_SRC start:39:15 end:39:24:
          vpiParent: Module name:ODELAYE2
          vpiTypespec RefTypespec start:39:15 end:39:15:
            vpiParent: Parameter name:DELAY_SRC
            vpiFullName: ODELAYE2.DELAY_SRC
            vpiActual: LogicTypespec
          vpiName: DELAY_SRC
          vpiFullName: ODELAYE2.DELAY_SRC
        Parameter name:HIGH_PERFORMANCE_MODE start:40:15 end:40:36:
          vpiParent: Module name:ODELAYE2
          vpiTypespec RefTypespec start:40:15 end:40:15:
            vpiParent: Parameter name:HIGH_PERFORMANCE_MODE
            vpiFullName: ODELAYE2.HIGH_PERFORMANCE_MODE
            vpiActual: LogicTypespec
          vpiName: HIGH_PERFORMANCE_MODE
          vpiFullName: ODELAYE2.HIGH_PERFORMANCE_MODE
        Parameter name:IS_C_INVERTED start:41:21 end:41:34:
          vpiParent: Module name:ODELAYE2
          vpiTypespec RefTypespec start:41:15 end:41:20:
            vpiParent: Parameter name:IS_C_INVERTED
            vpiFullName: ODELAYE2.IS_C_INVERTED
            vpiActual: LogicTypespec
          vpiName: IS_C_INVERTED
          vpiFullName: ODELAYE2.IS_C_INVERTED
        Parameter name:IS_ODATAIN_INVERTED start:42:21 end:42:40:
          vpiParent: Module name:ODELAYE2
          vpiTypespec RefTypespec start:42:15 end:42:20:
            vpiParent: Parameter name:IS_ODATAIN_INVERTED
            vpiFullName: ODELAYE2.IS_ODATAIN_INVERTED
            vpiActual: LogicTypespec
          vpiName: IS_ODATAIN_INVERTED
          vpiFullName: ODELAYE2.IS_ODATAIN_INVERTED
        Parameter name:ODELAY_TYPE start:43:15 end:43:26:
          vpiParent: Module name:ODELAYE2
          vpiTypespec RefTypespec start:43:15 end:43:15:
            vpiParent: Parameter name:ODELAY_TYPE
            vpiFullName: ODELAYE2.ODELAY_TYPE
            vpiActual: LogicTypespec
          vpiName: ODELAY_TYPE
          vpiFullName: ODELAYE2.ODELAY_TYPE
        Parameter name:ODELAY_VALUE start:44:23 end:44:35:
          vpiParent: Module name:ODELAYE2
          vpiTypespec RefTypespec start:44:15 end:44:22:
            vpiParent: Parameter name:ODELAY_VALUE
            vpiFullName: ODELAYE2.ODELAY_VALUE
            vpiActual: IntegerTypespec
          vpiName: ODELAY_VALUE
          vpiFullName: ODELAYE2.ODELAY_VALUE
        Parameter name:PIPE_SEL start:45:15 end:45:23:
          vpiParent: Module name:ODELAYE2
          vpiTypespec RefTypespec start:45:15 end:45:15:
            vpiParent: Parameter name:PIPE_SEL
            vpiFullName: ODELAYE2.PIPE_SEL
            vpiActual: LogicTypespec
          vpiName: PIPE_SEL
          vpiFullName: ODELAYE2.PIPE_SEL
        Parameter name:REFCLK_FREQUENCY start:46:20 end:46:36:
          vpiParent: Module name:ODELAYE2
          vpiTypespec RefTypespec start:46:15 end:46:19:
            vpiParent: Parameter name:REFCLK_FREQUENCY
            vpiFullName: ODELAYE2.REFCLK_FREQUENCY
            vpiActual: RealTypespec
          vpiName: REFCLK_FREQUENCY
          vpiFullName: ODELAYE2.REFCLK_FREQUENCY
        Parameter name:SIGNAL_PATTERN start:47:15 end:47:29:
          vpiParent: Module name:ODELAYE2
          vpiTypespec RefTypespec start:47:15 end:47:15:
            vpiParent: Parameter name:SIGNAL_PATTERN
            vpiFullName: ODELAYE2.SIGNAL_PATTERN
            vpiActual: LogicTypespec
          vpiName: SIGNAL_PATTERN
          vpiFullName: ODELAYE2.SIGNAL_PATTERN
        Parameter name:MAX_DELAY_COUNT start:80:16 end:80:31:
          vpiParent: Module name:ODELAYE2
          vpiTypespec RefTypespec start:80:16 end:80:16:
            vpiParent: Parameter name:MAX_DELAY_COUNT
            vpiFullName: ODELAYE2.MAX_DELAY_COUNT
            vpiActual: LogicTypespec
          vpiName: MAX_DELAY_COUNT
          vpiFullName: ODELAYE2.MAX_DELAY_COUNT
          vpiLocalParam: true
        Parameter name:MIN_DELAY_COUNT start:81:16 end:81:31:
          vpiParent: Module name:ODELAYE2
          vpiTypespec RefTypespec start:81:16 end:81:16:
            vpiParent: Parameter name:MIN_DELAY_COUNT
            vpiFullName: ODELAYE2.MIN_DELAY_COUNT
            vpiActual: LogicTypespec
          vpiName: MIN_DELAY_COUNT
          vpiFullName: ODELAYE2.MIN_DELAY_COUNT
          vpiLocalParam: true
        Parameter name:MAX_REFCLK_FREQUENCYL start:83:16 end:83:37:
          vpiParent: Module name:ODELAYE2
          vpiTypespec RefTypespec start:83:16 end:83:16:
            vpiParent: Parameter name:MAX_REFCLK_FREQUENCYL
            vpiFullName: ODELAYE2.MAX_REFCLK_FREQUENCYL
            vpiActual: LogicTypespec
          vpiName: MAX_REFCLK_FREQUENCYL
          vpiFullName: ODELAYE2.MAX_REFCLK_FREQUENCYL
          vpiLocalParam: true
        Parameter name:MIN_REFCLK_FREQUENCYL start:84:16 end:84:37:
          vpiParent: Module name:ODELAYE2
          vpiTypespec RefTypespec start:84:16 end:84:16:
            vpiParent: Parameter name:MIN_REFCLK_FREQUENCYL
            vpiFullName: ODELAYE2.MIN_REFCLK_FREQUENCYL
            vpiActual: LogicTypespec
          vpiName: MIN_REFCLK_FREQUENCYL
          vpiFullName: ODELAYE2.MIN_REFCLK_FREQUENCYL
          vpiLocalParam: true
        Parameter name:MAX_REFCLK_FREQUENCYH start:86:16 end:86:37:
          vpiParent: Module name:ODELAYE2
          vpiTypespec RefTypespec start:86:16 end:86:16:
            vpiParent: Parameter name:MAX_REFCLK_FREQUENCYH
            vpiFullName: ODELAYE2.MAX_REFCLK_FREQUENCYH
            vpiActual: LogicTypespec
          vpiName: MAX_REFCLK_FREQUENCYH
          vpiFullName: ODELAYE2.MAX_REFCLK_FREQUENCYH
          vpiLocalParam: true
        Parameter name:MIN_REFCLK_FREQUENCYH start:87:16 end:87:37:
          vpiParent: Module name:ODELAYE2
          vpiTypespec RefTypespec start:87:16 end:87:16:
            vpiParent: Parameter name:MIN_REFCLK_FREQUENCYH
            vpiFullName: ODELAYE2.MIN_REFCLK_FREQUENCYH
            vpiActual: LogicTypespec
          vpiName: MIN_REFCLK_FREQUENCYH
          vpiFullName: ODELAYE2.MIN_REFCLK_FREQUENCYH
          vpiLocalParam: true
      vpiParamAssign (16 items):
        ParamAssign start:38:15 end:38:37:
          vpiParent: Module name:ODELAYE2
          vpiLhs RefObj name:CINVCTRL_SEL start:38:15 end:38:27:
            vpiParent: ParamAssign
            vpiName: CINVCTRL_SEL
            vpiFullName: ODELAYE2.CINVCTRL_SEL
            vpiActual: Parameter name:CINVCTRL_SEL
          vpiRhs Constant start:38:30 end:38:37:
            vpiParent: ParamAssign
            vpiTypespec RefTypespec:
              vpiParent: Constant
              vpiFullName: ODELAYE2
              vpiActual: StringTypespec
            vpiConstType: string (6)
            vpiSize: 40
            vpiDecompile: "\"FALSE\""
            vpiValue: FALSE
        ParamAssign start:39:15 end:39:36:
          vpiParent: Module name:ODELAYE2
          vpiLhs RefObj name:DELAY_SRC start:39:15 end:39:24:
            vpiParent: ParamAssign
            vpiName: DELAY_SRC
            vpiFullName: ODELAYE2.DELAY_SRC
            vpiActual: Parameter name:DELAY_SRC
          vpiRhs Constant start:39:27 end:39:36:
            vpiParent: ParamAssign
            vpiTypespec RefTypespec:
              vpiParent: Constant
              vpiFullName: ODELAYE2
              vpiActual: StringTypespec
            vpiConstType: string (6)
            vpiSize: 56
            vpiDecompile: "\"ODATAIN\""
            vpiValue: ODATAIN
        ParamAssign start:40:15 end:40:49:
          vpiParent: Module name:ODELAYE2
          vpiLhs RefObj name:HIGH_PERFORMANCE_MODE start:40:15 end:40:36:
            vpiParent: ParamAssign
            vpiName: HIGH_PERFORMANCE_MODE
            vpiFullName: ODELAYE2.HIGH_PERFORMANCE_MODE
            vpiActual: Parameter name:HIGH_PERFORMANCE_MODE
          vpiRhs Constant start:40:42 end:40:49:
            vpiParent: ParamAssign
            vpiTypespec RefTypespec:
              vpiParent: Constant
              vpiFullName: ODELAYE2
              vpiActual: StringTypespec
            vpiConstType: string (6)
            vpiSize: 40
            vpiDecompile: "\"FALSE\""
            vpiValue: FALSE
        ParamAssign start:41:21 end:41:41:
          vpiParent: Module name:ODELAYE2
          vpiLhs RefObj name:IS_C_INVERTED start:41:21 end:41:34:
            vpiParent: ParamAssign
            vpiName: IS_C_INVERTED
            vpiFullName: ODELAYE2.IS_C_INVERTED
            vpiActual: Parameter name:IS_C_INVERTED
          vpiRhs Constant start:41:37 end:41:41:
            vpiParent: ParamAssign
            vpiTypespec RefTypespec:
              vpiParent: Constant
              vpiFullName: ODELAYE2
              vpiActual: BitTypespec
            vpiConstType: binary (3)
            vpiSize: 1
            vpiDecompile: "1'b0"
            vpiValue: "0"
        ParamAssign start:42:21 end:42:47:
          vpiParent: Module name:ODELAYE2
          vpiLhs RefObj name:IS_ODATAIN_INVERTED start:42:21 end:42:40:
            vpiParent: ParamAssign
            vpiName: IS_ODATAIN_INVERTED
            vpiFullName: ODELAYE2.IS_ODATAIN_INVERTED
            vpiActual: Parameter name:IS_ODATAIN_INVERTED
          vpiRhs Constant start:42:43 end:42:47:
            vpiParent: ParamAssign
            vpiTypespec RefTypespec:
              vpiParent: Constant
              vpiFullName: ODELAYE2
              vpiActual: BitTypespec
            vpiConstType: binary (3)
            vpiSize: 1
            vpiDecompile: "1'b0"
            vpiValue: "0"
        ParamAssign start:43:15 end:43:37:
          vpiParent: Module name:ODELAYE2
          vpiLhs RefObj name:ODELAY_TYPE start:43:15 end:43:26:
            vpiParent: ParamAssign
            vpiName: ODELAY_TYPE
            vpiFullName: ODELAYE2.ODELAY_TYPE
            vpiActual: Parameter name:ODELAY_TYPE
          vpiRhs Constant start:43:30 end:43:37:
            vpiParent: ParamAssign
            vpiTypespec RefTypespec:
              vpiParent: Constant
              vpiFullName: ODELAYE2
              vpiActual: StringTypespec
            vpiConstType: string (6)
            vpiSize: 40
            vpiDecompile: "\"FIXED\""
            vpiValue: FIXED
        ParamAssign start:44:23 end:44:39:
          vpiParent: Module name:ODELAYE2
          vpiLhs RefObj name:ODELAY_VALUE start:44:23 end:44:35:
            vpiParent: ParamAssign
            vpiName: ODELAY_VALUE
            vpiFullName: ODELAYE2.ODELAY_VALUE
            vpiActual: Parameter name:ODELAY_VALUE
          vpiRhs Constant start:44:38 end:44:39:
            vpiParent: ParamAssign
            vpiTypespec RefTypespec:
              vpiParent: Constant
              vpiFullName: ODELAYE2
              vpiActual: IntTypespec
            vpiConstType: unsigned int (9)
            vpiSize: 64
            vpiDecompile: "0"
            vpiValue: 0
        ParamAssign start:45:15 end:45:33:
          vpiParent: Module name:ODELAYE2
          vpiLhs RefObj name:PIPE_SEL start:45:15 end:45:23:
            vpiParent: ParamAssign
            vpiName: PIPE_SEL
            vpiFullName: ODELAYE2.PIPE_SEL
            vpiActual: Parameter name:PIPE_SEL
          vpiRhs Constant start:45:26 end:45:33:
            vpiParent: ParamAssign
            vpiTypespec RefTypespec:
              vpiParent: Constant
              vpiFullName: ODELAYE2
              vpiActual: StringTypespec
            vpiConstType: string (6)
            vpiSize: 40
            vpiDecompile: "\"FALSE\""
            vpiValue: FALSE
        ParamAssign start:46:20 end:46:44:
          vpiParent: Module name:ODELAYE2
          vpiLhs RefObj name:REFCLK_FREQUENCY start:46:20 end:46:36:
            vpiParent: ParamAssign
            vpiName: REFCLK_FREQUENCY
            vpiFullName: ODELAYE2.REFCLK_FREQUENCY
            vpiActual: Parameter name:REFCLK_FREQUENCY
          vpiRhs Constant start:46:39 end:46:44:
            vpiParent: ParamAssign
            vpiTypespec RefTypespec:
              vpiParent: Constant
              vpiFullName: ODELAYE2
              vpiActual: RealTypespec
            vpiConstType: real (2)
            vpiSize: 64
            vpiDecompile: "200.0"
            vpiValue: 200
        ParamAssign start:47:15 end:47:41:
          vpiParent: Module name:ODELAYE2
          vpiLhs RefObj name:SIGNAL_PATTERN start:47:15 end:47:29:
            vpiParent: ParamAssign
            vpiName: SIGNAL_PATTERN
            vpiFullName: ODELAYE2.SIGNAL_PATTERN
            vpiActual: Parameter name:SIGNAL_PATTERN
          vpiRhs Constant start:47:35 end:47:41:
            vpiParent: ParamAssign
            vpiTypespec RefTypespec:
              vpiParent: Constant
              vpiFullName: ODELAYE2
              vpiActual: StringTypespec
            vpiConstType: string (6)
            vpiSize: 32
            vpiDecompile: "\"DATA\""
            vpiValue: DATA
        ParamAssign start:80:16 end:80:36:
          vpiParent: Module name:ODELAYE2
          vpiLhs RefObj name:MAX_DELAY_COUNT start:80:16 end:80:31:
            vpiParent: ParamAssign
            vpiName: MAX_DELAY_COUNT
            vpiFullName: ODELAYE2.MAX_DELAY_COUNT
            vpiActual: Parameter name:MAX_DELAY_COUNT
          vpiRhs Constant start:80:34 end:80:36:
            vpiParent: ParamAssign
            vpiTypespec RefTypespec:
              vpiParent: Constant
              vpiFullName: ODELAYE2
              vpiActual: IntTypespec
            vpiConstType: unsigned int (9)
            vpiSize: 64
            vpiDecompile: "31"
            vpiValue: 31
        ParamAssign start:81:16 end:81:35:
          vpiParent: Module name:ODELAYE2
          vpiLhs RefObj name:MIN_DELAY_COUNT start:81:16 end:81:31:
            vpiParent: ParamAssign
            vpiName: MIN_DELAY_COUNT
            vpiFullName: ODELAYE2.MIN_DELAY_COUNT
            vpiActual: Parameter name:MIN_DELAY_COUNT
          vpiRhs Constant start:81:34 end:81:35:
            vpiParent: ParamAssign
            vpiTypespec RefTypespec:
              vpiParent: Constant
              vpiFullName: ODELAYE2
              vpiActual: IntTypespec
            vpiConstType: unsigned int (9)
            vpiSize: 64
            vpiDecompile: "0"
            vpiValue: 0
        ParamAssign start:83:16 end:83:45:
          vpiParent: Module name:ODELAYE2
          vpiLhs RefObj name:MAX_REFCLK_FREQUENCYL start:83:16 end:83:37:
            vpiParent: ParamAssign
            vpiName: MAX_REFCLK_FREQUENCYL
            vpiFullName: ODELAYE2.MAX_REFCLK_FREQUENCYL
            vpiActual: Parameter name:MAX_REFCLK_FREQUENCYL
          vpiRhs Constant start:83:40 end:83:45:
            vpiParent: ParamAssign
            vpiTypespec RefTypespec:
              vpiParent: Constant
              vpiFullName: ODELAYE2
              vpiActual: RealTypespec
            vpiConstType: real (2)
            vpiSize: 64
            vpiDecompile: "210.0"
            vpiValue: 210
        ParamAssign start:84:16 end:84:45:
          vpiParent: Module name:ODELAYE2
          vpiLhs RefObj name:MIN_REFCLK_FREQUENCYL start:84:16 end:84:37:
            vpiParent: ParamAssign
            vpiName: MIN_REFCLK_FREQUENCYL
            vpiFullName: ODELAYE2.MIN_REFCLK_FREQUENCYL
            vpiActual: Parameter name:MIN_REFCLK_FREQUENCYL
          vpiRhs Constant start:84:40 end:84:45:
            vpiParent: ParamAssign
            vpiTypespec RefTypespec:
              vpiParent: Constant
              vpiFullName: ODELAYE2
              vpiActual: RealTypespec
            vpiConstType: real (2)
            vpiSize: 64
            vpiDecompile: "190.0"
            vpiValue: 190
        ParamAssign start:86:16 end:86:45:
          vpiParent: Module name:ODELAYE2
          vpiLhs RefObj name:MAX_REFCLK_FREQUENCYH start:86:16 end:86:37:
            vpiParent: ParamAssign
            vpiName: MAX_REFCLK_FREQUENCYH
            vpiFullName: ODELAYE2.MAX_REFCLK_FREQUENCYH
            vpiActual: Parameter name:MAX_REFCLK_FREQUENCYH
          vpiRhs Constant start:86:40 end:86:45:
            vpiParent: ParamAssign
            vpiTypespec RefTypespec:
              vpiParent: Constant
              vpiFullName: ODELAYE2
              vpiActual: RealTypespec
            vpiConstType: real (2)
            vpiSize: 64
            vpiDecompile: "410.0"
            vpiValue: 410
        ParamAssign start:87:16 end:87:45:
          vpiParent: Module name:ODELAYE2
          vpiLhs RefObj name:MIN_REFCLK_FREQUENCYH start:87:16 end:87:37:
            vpiParent: ParamAssign
            vpiName: MIN_REFCLK_FREQUENCYH
            vpiFullName: ODELAYE2.MIN_REFCLK_FREQUENCYH
            vpiActual: Parameter name:MIN_REFCLK_FREQUENCYH
          vpiRhs Constant start:87:40 end:87:45:
            vpiParent: ParamAssign
            vpiTypespec RefTypespec:
              vpiParent: Constant
              vpiFullName: ODELAYE2
              vpiActual: RealTypespec
            vpiConstType: real (2)
            vpiSize: 64
            vpiDecompile: "290.0"
            vpiValue: 290
      vpiTypespec (11 items):
        LogicTypespec:
          vpiParent: Module name:ODELAYE2
        LogicTypespec:
          vpiParent: Module name:ODELAYE2
          vpiRange (1 items):
            Range start:41:15 end:41:20:
              vpiParent: LogicTypespec
              vpiLeftRange Constant start:41:16 end:41:17:
                vpiParent: Range
                vpiTypespec RefTypespec:
                  vpiParent: Constant
                  vpiFullName: ODELAYE2
                  vpiActual: IntTypespec
                vpiConstType: unsigned int (9)
                vpiSize: 64
                vpiDecompile: "0"
                vpiValue: 0
              vpiRightRange Constant start:41:18 end:41:19:
                vpiParent: Range
                vpiTypespec RefTypespec:
                  vpiParent: Constant
                  vpiFullName: ODELAYE2
                  vpiActual: IntTypespec
                vpiConstType: unsigned int (9)
                vpiSize: 64
                vpiDecompile: "0"
                vpiValue: 0
          vpiVector: true
        BitTypespec:
          vpiParent: Module name:ODELAYE2
        LogicTypespec:
          vpiParent: Module name:ODELAYE2
          vpiRange (1 items):
            Range start:42:15 end:42:20:
              vpiParent: LogicTypespec
              vpiLeftRange Constant start:42:16 end:42:17:
                vpiParent: Range
                vpiTypespec RefTypespec:
                  vpiParent: Constant
                  vpiFullName: ODELAYE2
                  vpiActual: IntTypespec
                vpiConstType: unsigned int (9)
                vpiSize: 64
                vpiDecompile: "0"
                vpiValue: 0
              vpiRightRange Constant start:42:18 end:42:19:
                vpiParent: Range
                vpiTypespec RefTypespec:
                  vpiParent: Constant
                  vpiFullName: ODELAYE2
                  vpiActual: IntTypespec
                vpiConstType: unsigned int (9)
                vpiSize: 64
                vpiDecompile: "0"
                vpiValue: 0
          vpiVector: true
        IntegerTypespec:
          vpiParent: Module name:ODELAYE2
          vpiSigned: true
        LogicTypespec:
          vpiParent: Module name:ODELAYE2
          vpiRange (1 items):
            Range start:59:12 end:59:17:
              vpiParent: LogicTypespec
              vpiLeftRange Constant start:59:13 end:59:14:
                vpiParent: Range
                vpiTypespec RefTypespec:
                  vpiParent: Constant
                  vpiFullName: ODELAYE2
                  vpiActual: IntTypespec
                vpiConstType: unsigned int (9)
                vpiSize: 64
                vpiDecompile: "4"
                vpiValue: 4
              vpiRightRange Constant start:59:15 end:59:16:
                vpiParent: Range
                vpiTypespec RefTypespec:
                  vpiParent: Constant
                  vpiFullName: ODELAYE2
                  vpiActual: IntTypespec
                vpiConstType: unsigned int (9)
                vpiSize: 64
                vpiDecompile: "0"
                vpiValue: 0
          vpiVector: true
        LogicTypespec:
          vpiParent: Module name:ODELAYE2
          vpiRange (1 items):
            Range start:66:11 end:66:16:
              vpiParent: LogicTypespec
              vpiLeftRange Constant start:66:12 end:66:13:
                vpiParent: Range
                vpiTypespec RefTypespec:
                  vpiParent: Constant
                  vpiFullName: ODELAYE2
                  vpiActual: IntTypespec
                vpiConstType: unsigned int (9)
                vpiSize: 64
                vpiDecompile: "4"
                vpiValue: 4
              vpiRightRange Constant start:66:14 end:66:15:
                vpiParent: Range
                vpiTypespec RefTypespec:
                  vpiParent: Constant
                  vpiFullName: ODELAYE2
                  vpiActual: IntTypespec
                vpiConstType: unsigned int (9)
                vpiSize: 64
                vpiDecompile: "0"
                vpiValue: 0
          vpiVector: true
        LogicTypespec:
          vpiParent: Module name:ODELAYE2
          vpiRange (1 items):
            Range start:94:9 end:94:14:
              vpiParent: LogicTypespec
              vpiLeftRange Constant start:94:10 end:94:11:
                vpiParent: Range
                vpiTypespec RefTypespec:
                  vpiParent: Constant
                  vpiFullName: ODELAYE2
                  vpiActual: IntTypespec
                vpiConstType: unsigned int (9)
                vpiSize: 64
                vpiDecompile: "4"
                vpiValue: 4
              vpiRightRange Constant start:94:12 end:94:13:
                vpiParent: Range
                vpiTypespec RefTypespec:
                  vpiParent: Constant
                  vpiFullName: ODELAYE2
                  vpiActual: IntTypespec
                vpiConstType: unsigned int (9)
                vpiSize: 64
                vpiDecompile: "0"
                vpiValue: 0
          vpiVector: true
        LogicTypespec:
          vpiParent: Module name:ODELAYE2
          vpiRange (1 items):
            Range start:116:10 end:116:15:
              vpiParent: LogicTypespec
              vpiLeftRange Constant start:116:11 end:116:12:
                vpiParent: Range
                vpiTypespec RefTypespec:
                  vpiParent: Constant
                  vpiFullName: ODELAYE2
                  vpiActual: IntTypespec
                vpiConstType: unsigned int (9)
                vpiSize: 64
                vpiDecompile: "4"
                vpiValue: 4
              vpiRightRange Constant start:116:13 end:116:14:
                vpiParent: Range
                vpiTypespec RefTypespec:
                  vpiParent: Constant
                  vpiFullName: ODELAYE2
                  vpiActual: IntTypespec
                vpiConstType: unsigned int (9)
                vpiSize: 64
                vpiDecompile: "0"
                vpiValue: 0
          vpiVector: true
        LogicTypespec:
          vpiParent: Module name:ODELAYE2
          vpiRange (1 items):
            Range start:124:8 end:124:13:
              vpiParent: LogicTypespec
              vpiLeftRange Constant start:124:9 end:124:10:
                vpiParent: Range
                vpiTypespec RefTypespec:
                  vpiParent: Constant
                  vpiFullName: ODELAYE2
                  vpiActual: IntTypespec
                vpiConstType: unsigned int (9)
                vpiSize: 64
                vpiDecompile: "4"
                vpiValue: 4
              vpiRightRange Constant start:124:11 end:124:12:
                vpiParent: Range
                vpiTypespec RefTypespec:
                  vpiParent: Constant
                  vpiFullName: ODELAYE2
                  vpiActual: IntTypespec
                vpiConstType: unsigned int (9)
                vpiSize: 64
                vpiDecompile: "0"
                vpiValue: 0
          vpiVector: true
        LogicTypespec:
          vpiParent: Module name:ODELAYE2
          vpiRange (1 items):
            Range start:125:8 end:125:13:
              vpiParent: LogicTypespec
              vpiLeftRange Constant start:125:9 end:125:10:
                vpiParent: Range
                vpiTypespec RefTypespec:
                  vpiParent: Constant
                  vpiFullName: ODELAYE2
                  vpiActual: IntTypespec
                vpiConstType: unsigned int (9)
                vpiSize: 64
                vpiDecompile: "4"
                vpiValue: 4
              vpiRightRange Constant start:125:11 end:125:12:
                vpiParent: Range
                vpiTypespec RefTypespec:
                  vpiParent: Constant
                  vpiFullName: ODELAYE2
                  vpiActual: IntTypespec
                vpiConstType: unsigned int (9)
                vpiSize: 64
                vpiDecompile: "0"
                vpiValue: 0
          vpiVector: true
      vpiDefName: ODELAYE2
      vpiDefNetType: none (12)
      vpiTimePrecision: -12
      vpiTimeUnit: -12
      vpiLibrary RefObj name:work:
        vpiParent: Module name:ODELAYE2
        vpiName: work
        vpiFullName: ODELAYE2.work
      vpiCell: ODELAYE2
      vpiNet (79 items):
        Net name:CNTVALUEOUT start:59:18 end:59:29:
          vpiParent: Module name:ODELAYE2
          vpiTypespec RefTypespec start:59:12 end:59:17:
            vpiParent: Net name:CNTVALUEOUT
            vpiFullName: ODELAYE2.CNTVALUEOUT
            vpiActual: LogicTypespec
          vpiName: CNTVALUEOUT
          vpiFullName: ODELAYE2.CNTVALUEOUT
        Net name:DATAOUT start:60:12 end:60:19:
          vpiParent: Module name:ODELAYE2
          vpiTypespec RefTypespec start:60:12 end:60:12:
            vpiParent: Net name:DATAOUT
            vpiFullName: ODELAYE2.DATAOUT
            vpiActual: LogicTypespec
          vpiName: DATAOUT
          vpiFullName: ODELAYE2.DATAOUT
        Net name:C start:62:11 end:62:12:
          vpiParent: Module name:ODELAYE2
          vpiTypespec RefTypespec start:62:11 end:62:11:
            vpiParent: Net name:C
            vpiFullName: ODELAYE2.C
            vpiActual: LogicTypespec
          vpiName: C
          vpiFullName: ODELAYE2.C
        Net name:CE start:63:11 end:63:13:
          vpiParent: Module name:ODELAYE2
          vpiTypespec RefTypespec start:63:11 end:63:11:
            vpiParent: Net name:CE
            vpiFullName: ODELAYE2.CE
            vpiActual: LogicTypespec
          vpiName: CE
          vpiFullName: ODELAYE2.CE
        Net name:CINVCTRL start:64:11 end:64:19:
          vpiParent: Module name:ODELAYE2
          vpiTypespec RefTypespec start:64:11 end:64:11:
            vpiParent: Net name:CINVCTRL
            vpiFullName: ODELAYE2.CINVCTRL
            vpiActual: LogicTypespec
          vpiName: CINVCTRL
          vpiFullName: ODELAYE2.CINVCTRL
        Net name:CLKIN start:65:11 end:65:16:
          vpiParent: Module name:ODELAYE2
          vpiTypespec RefTypespec start:65:11 end:65:11:
            vpiParent: Net name:CLKIN
            vpiFullName: ODELAYE2.CLKIN
            vpiActual: LogicTypespec
          vpiName: CLKIN
          vpiFullName: ODELAYE2.CLKIN
        Net name:CNTVALUEIN start:66:17 end:66:27:
          vpiParent: Module name:ODELAYE2
          vpiTypespec RefTypespec start:66:11 end:66:16:
            vpiParent: Net name:CNTVALUEIN
            vpiFullName: ODELAYE2.CNTVALUEIN
            vpiActual: LogicTypespec
          vpiName: CNTVALUEIN
          vpiFullName: ODELAYE2.CNTVALUEIN
        Net name:INC start:67:11 end:67:14:
          vpiParent: Module name:ODELAYE2
          vpiTypespec RefTypespec start:67:11 end:67:11:
            vpiParent: Net name:INC
            vpiFullName: ODELAYE2.INC
            vpiActual: LogicTypespec
          vpiName: INC
          vpiFullName: ODELAYE2.INC
        Net name:LD start:68:11 end:68:13:
          vpiParent: Module name:ODELAYE2
          vpiTypespec RefTypespec start:68:11 end:68:11:
            vpiParent: Net name:LD
            vpiFullName: ODELAYE2.LD
            vpiActual: LogicTypespec
          vpiName: LD
          vpiFullName: ODELAYE2.LD
        Net name:LDPIPEEN start:69:11 end:69:19:
          vpiParent: Module name:ODELAYE2
          vpiTypespec RefTypespec start:69:11 end:69:11:
            vpiParent: Net name:LDPIPEEN
            vpiFullName: ODELAYE2.LDPIPEEN
            vpiActual: LogicTypespec
          vpiName: LDPIPEEN
          vpiFullName: ODELAYE2.LDPIPEEN
        Net name:ODATAIN start:70:11 end:70:18:
          vpiParent: Module name:ODELAYE2
          vpiTypespec RefTypespec start:70:11 end:70:11:
            vpiParent: Net name:ODATAIN
            vpiFullName: ODELAYE2.ODATAIN
            vpiActual: LogicTypespec
          vpiName: ODATAIN
          vpiFullName: ODELAYE2.ODATAIN
        Net name:REGRST start:71:11 end:71:17:
          vpiParent: Module name:ODELAYE2
          vpiTypespec RefTypespec start:71:11 end:71:11:
            vpiParent: Net name:REGRST
            vpiFullName: ODELAYE2.REGRST
            vpiActual: LogicTypespec
          vpiName: REGRST
          vpiFullName: ODELAYE2.REGRST
        Net name:DELAY_D start:56:13 end:56:20:
          vpiParent: Module name:ODELAYE2
          vpiTypespec RefTypespec start:56:5 end:56:12:
            vpiParent: Net name:DELAY_D
            vpiFullName: ODELAYE2.DELAY_D
            vpiActual: IntegerTypespec
          vpiName: DELAY_D
          vpiFullName: ODELAYE2.DELAY_D
          vpiValue Constant start:56:21 end:56:22:
            vpiParent: Net name:DELAY_D
            vpiTypespec RefTypespec:
              vpiParent: Constant
              vpiFullName: ODELAYE2.DELAY_D
              vpiActual: IntTypespec
            vpiConstType: unsigned int (9)
            vpiSize: 64
            vpiDecompile: "0"
            vpiValue: 0
        Net name:GSR start:74:11 end:74:14:
          vpiParent: Module name:ODELAYE2
          vpiTypespec RefTypespec start:74:11 end:74:11:
            vpiParent: Net name:GSR
            vpiFullName: ODELAYE2.GSR
            vpiActual: LogicTypespec
          vpiName: GSR
          vpiFullName: ODELAYE2.GSR
          vpiNetType: tri0 (5)
          vpiValue HierPath name:glbl.GSR start:74:17 end:74:25:
            vpiParent: Net name:GSR
            vpiName: glbl.GSR
            vpiFullName: ODELAYE2.GSR.glbl.GSR
            vpiPathElem (2 items):
              RefObj name:glbl start:74:17 end:74:21:
                vpiParent: HierPath name:glbl.GSR
                vpiName: glbl
                vpiFullName: ODELAYE2.GSR.glbl
                vpiActual: Module name:glbl
              RefObj name:GSR start:74:22 end:74:25:
                vpiParent: HierPath name:glbl.GSR
                vpiName: GSR
                vpiFullName: ODELAYE2.GSR.GSR
                vpiActual: Net name:GSR
        Net name:CALC_TAPDELAY start:75:11 end:75:24:
          vpiParent: Module name:ODELAYE2
          vpiTypespec RefTypespec start:75:5 end:75:9:
            vpiParent: Net name:CALC_TAPDELAY
            vpiFullName: ODELAYE2.CALC_TAPDELAY
            vpiActual: RealTypespec
          vpiName: CALC_TAPDELAY
          vpiFullName: ODELAYE2.CALC_TAPDELAY
        Net name:INIT_DELAY start:76:11 end:76:21:
          vpiParent: Module name:ODELAYE2
          vpiTypespec RefTypespec start:76:5 end:76:9:
            vpiParent: Net name:INIT_DELAY
            vpiFullName: ODELAYE2.INIT_DELAY
            vpiActual: RealTypespec
          vpiName: INIT_DELAY
          vpiFullName: ODELAYE2.INIT_DELAY
        Net name:odelay_count start:92:13 end:92:25:
          vpiParent: Module name:ODELAYE2
          vpiTypespec RefTypespec start:92:5 end:92:12:
            vpiParent: Net name:odelay_count
            vpiFullName: ODELAYE2.odelay_count
            vpiActual: IntegerTypespec
          vpiName: odelay_count
          vpiFullName: ODELAYE2.odelay_count
        Net name:CNTVALUEIN_INTEGER start:93:13 end:93:31:
          vpiParent: Module name:ODELAYE2
          vpiTypespec RefTypespec start:93:5 end:93:12:
            vpiParent: Net name:CNTVALUEIN_INTEGER
            vpiFullName: ODELAYE2.CNTVALUEIN_INTEGER
            vpiActual: IntegerTypespec
          vpiName: CNTVALUEIN_INTEGER
          vpiFullName: ODELAYE2.CNTVALUEIN_INTEGER
        Net name:cntvalueout_pre start:94:15 end:94:30:
          vpiParent: Module name:ODELAYE2
          vpiTypespec RefTypespec start:94:5 end:94:14:
            vpiParent: Net name:cntvalueout_pre
            vpiFullName: ODELAYE2.cntvalueout_pre
            vpiActual: LogicTypespec
          vpiName: cntvalueout_pre
          vpiFullName: ODELAYE2.cntvalueout_pre
        Net name:notifier start:96:9 end:96:17:
          vpiParent: Module name:ODELAYE2
          vpiTypespec RefTypespec start:96:5 end:96:8:
            vpiParent: Net name:notifier
            vpiFullName: ODELAYE2.notifier
            vpiActual: LogicTypespec
          vpiName: notifier
          vpiFullName: ODELAYE2.notifier
        Net name:data_mux start:98:9 end:98:17:
          vpiParent: Module name:ODELAYE2
          vpiTypespec RefTypespec start:98:5 end:98:8:
            vpiParent: Net name:data_mux
            vpiFullName: ODELAYE2.data_mux
            vpiActual: LogicTypespec
          vpiName: data_mux
          vpiFullName: ODELAYE2.data_mux
          vpiValue Constant start:98:20 end:98:21:
            vpiParent: Net name:data_mux
            vpiTypespec RefTypespec:
              vpiParent: Constant
              vpiFullName: ODELAYE2.data_mux
              vpiActual: IntTypespec
            vpiConstType: unsigned int (9)
            vpiSize: 64
            vpiDecompile: "0"
            vpiValue: 0
        Net name:tap_out start:99:9 end:99:16:
          vpiParent: Module name:ODELAYE2
          vpiTypespec RefTypespec start:99:5 end:99:8:
            vpiParent: Net name:tap_out
            vpiFullName: ODELAYE2.tap_out
            vpiActual: LogicTypespec
          vpiName: tap_out
          vpiFullName: ODELAYE2.tap_out
          vpiValue Constant start:99:21 end:99:22:
            vpiParent: Net name:tap_out
            vpiTypespec RefTypespec:
              vpiParent: Constant
              vpiFullName: ODELAYE2.tap_out
              vpiActual: IntTypespec
            vpiConstType: unsigned int (9)
            vpiSize: 64
            vpiDecompile: "0"
            vpiValue: 0
        Net name:DATAOUT_reg start:100:9 end:100:20:
          vpiParent: Module name:ODELAYE2
          vpiTypespec RefTypespec start:100:5 end:100:8:
            vpiParent: Net name:DATAOUT_reg
            vpiFullName: ODELAYE2.DATAOUT_reg
            vpiActual: LogicTypespec
          vpiName: DATAOUT_reg
          vpiFullName: ODELAYE2.DATAOUT_reg
          vpiValue Constant start:100:25 end:100:26:
            vpiParent: Net name:DATAOUT_reg
            vpiTypespec RefTypespec:
              vpiParent: Constant
              vpiFullName: ODELAYE2.DATAOUT_reg
              vpiActual: IntTypespec
            vpiConstType: unsigned int (9)
            vpiSize: 64
            vpiDecompile: "0"
            vpiValue: 0
        Net name:delay_chain_0 start:102:10 end:102:23:
          vpiParent: Module name:ODELAYE2
          vpiTypespec RefTypespec start:102:10 end:102:10:
            vpiParent: Net name:delay_chain_0
            vpiFullName: ODELAYE2.delay_chain_0
            vpiActual: LogicTypespec
          vpiName: delay_chain_0
          vpiFullName: ODELAYE2.delay_chain_0
          vpiNetType: wire (1)
        Net name:delay_chain_1 start:102:26 end:102:39:
          vpiParent: Module name:ODELAYE2
          vpiTypespec RefTypespec start:102:10 end:102:10:
            vpiParent: Net name:delay_chain_1
            vpiFullName: ODELAYE2.delay_chain_1
            vpiActual: LogicTypespec
          vpiName: delay_chain_1
          vpiFullName: ODELAYE2.delay_chain_1
          vpiNetType: wire (1)
        Net name:delay_chain_2 start:102:42 end:102:55:
          vpiParent: Module name:ODELAYE2
          vpiTypespec RefTypespec start:102:10 end:102:10:
            vpiParent: Net name:delay_chain_2
            vpiFullName: ODELAYE2.delay_chain_2
            vpiActual: LogicTypespec
          vpiName: delay_chain_2
          vpiFullName: ODELAYE2.delay_chain_2
          vpiNetType: wire (1)
        Net name:delay_chain_3 start:102:58 end:102:71:
          vpiParent: Module name:ODELAYE2
          vpiTypespec RefTypespec start:102:10 end:102:10:
            vpiParent: Net name:delay_chain_3
            vpiFullName: ODELAYE2.delay_chain_3
            vpiActual: LogicTypespec
          vpiName: delay_chain_3
          vpiFullName: ODELAYE2.delay_chain_3
          vpiNetType: wire (1)
        Net name:delay_chain_4 start:103:10 end:103:23:
          vpiParent: Module name:ODELAYE2
          vpiTypespec RefTypespec start:102:10 end:102:10:
            vpiParent: Net name:delay_chain_4
            vpiFullName: ODELAYE2.delay_chain_4
            vpiActual: LogicTypespec
          vpiName: delay_chain_4
          vpiFullName: ODELAYE2.delay_chain_4
          vpiNetType: wire (1)
        Net name:delay_chain_5 start:103:26 end:103:39:
          vpiParent: Module name:ODELAYE2
          vpiTypespec RefTypespec start:102:10 end:102:10:
            vpiParent: Net name:delay_chain_5
            vpiFullName: ODELAYE2.delay_chain_5
            vpiActual: LogicTypespec
          vpiName: delay_chain_5
          vpiFullName: ODELAYE2.delay_chain_5
          vpiNetType: wire (1)
        Net name:delay_chain_6 start:103:42 end:103:55:
          vpiParent: Module name:ODELAYE2
          vpiTypespec RefTypespec start:102:10 end:102:10:
            vpiParent: Net name:delay_chain_6
            vpiFullName: ODELAYE2.delay_chain_6
            vpiActual: LogicTypespec
          vpiName: delay_chain_6
          vpiFullName: ODELAYE2.delay_chain_6
          vpiNetType: wire (1)
        Net name:delay_chain_7 start:103:58 end:103:71:
          vpiParent: Module name:ODELAYE2
          vpiTypespec RefTypespec start:102:10 end:102:10:
            vpiParent: Net name:delay_chain_7
            vpiFullName: ODELAYE2.delay_chain_7
            vpiActual: LogicTypespec
          vpiName: delay_chain_7
          vpiFullName: ODELAYE2.delay_chain_7
          vpiNetType: wire (1)
        Net name:delay_chain_8 start:104:10 end:104:23:
          vpiParent: Module name:ODELAYE2
          vpiTypespec RefTypespec start:102:10 end:102:10:
            vpiParent: Net name:delay_chain_8
            vpiFullName: ODELAYE2.delay_chain_8
            vpiActual: LogicTypespec
          vpiName: delay_chain_8
          vpiFullName: ODELAYE2.delay_chain_8
          vpiNetType: wire (1)
        Net name:delay_chain_9 start:104:26 end:104:39:
          vpiParent: Module name:ODELAYE2
          vpiTypespec RefTypespec start:102:10 end:102:10:
            vpiParent: Net name:delay_chain_9
            vpiFullName: ODELAYE2.delay_chain_9
            vpiActual: LogicTypespec
          vpiName: delay_chain_9
          vpiFullName: ODELAYE2.delay_chain_9
          vpiNetType: wire (1)
        Net name:delay_chain_10 start:104:42 end:104:56:
          vpiParent: Module name:ODELAYE2
          vpiTypespec RefTypespec start:102:10 end:102:10:
            vpiParent: Net name:delay_chain_10
            vpiFullName: ODELAYE2.delay_chain_10
            vpiActual: LogicTypespec
          vpiName: delay_chain_10
          vpiFullName: ODELAYE2.delay_chain_10
          vpiNetType: wire (1)
        Net name:delay_chain_11 start:104:58 end:104:72:
          vpiParent: Module name:ODELAYE2
          vpiTypespec RefTypespec start:102:10 end:102:10:
            vpiParent: Net name:delay_chain_11
            vpiFullName: ODELAYE2.delay_chain_11
            vpiActual: LogicTypespec
          vpiName: delay_chain_11
          vpiFullName: ODELAYE2.delay_chain_11
          vpiNetType: wire (1)
        Net name:delay_chain_12 start:105:10 end:105:24:
          vpiParent: Module name:ODELAYE2
          vpiTypespec RefTypespec start:102:10 end:102:10:
            vpiParent: Net name:delay_chain_12
            vpiFullName: ODELAYE2.delay_chain_12
            vpiActual: LogicTypespec
          vpiName: delay_chain_12
          vpiFullName: ODELAYE2.delay_chain_12
          vpiNetType: wire (1)
        Net name:delay_chain_13 start:105:26 end:105:40:
          vpiParent: Module name:ODELAYE2
          vpiTypespec RefTypespec start:102:10 end:102:10:
            vpiParent: Net name:delay_chain_13
            vpiFullName: ODELAYE2.delay_chain_13
            vpiActual: LogicTypespec
          vpiName: delay_chain_13
          vpiFullName: ODELAYE2.delay_chain_13
          vpiNetType: wire (1)
        Net name:delay_chain_14 start:105:42 end:105:56:
          vpiParent: Module name:ODELAYE2
          vpiTypespec RefTypespec start:102:10 end:102:10:
            vpiParent: Net name:delay_chain_14
            vpiFullName: ODELAYE2.delay_chain_14
            vpiActual: LogicTypespec
          vpiName: delay_chain_14
          vpiFullName: ODELAYE2.delay_chain_14
          vpiNetType: wire (1)
        Net name:delay_chain_15 start:105:58 end:105:72:
          vpiParent: Module name:ODELAYE2
          vpiTypespec RefTypespec start:102:10 end:102:10:
            vpiParent: Net name:delay_chain_15
            vpiFullName: ODELAYE2.delay_chain_15
            vpiActual: LogicTypespec
          vpiName: delay_chain_15
          vpiFullName: ODELAYE2.delay_chain_15
          vpiNetType: wire (1)
        Net name:delay_chain_16 start:106:10 end:106:24:
          vpiParent: Module name:ODELAYE2
          vpiTypespec RefTypespec start:102:10 end:102:10:
            vpiParent: Net name:delay_chain_16
            vpiFullName: ODELAYE2.delay_chain_16
            vpiActual: LogicTypespec
          vpiName: delay_chain_16
          vpiFullName: ODELAYE2.delay_chain_16
          vpiNetType: wire (1)
        Net name:delay_chain_17 start:106:26 end:106:40:
          vpiParent: Module name:ODELAYE2
          vpiTypespec RefTypespec start:102:10 end:102:10:
            vpiParent: Net name:delay_chain_17
            vpiFullName: ODELAYE2.delay_chain_17
            vpiActual: LogicTypespec
          vpiName: delay_chain_17
          vpiFullName: ODELAYE2.delay_chain_17
          vpiNetType: wire (1)
        Net name:delay_chain_18 start:106:42 end:106:56:
          vpiParent: Module name:ODELAYE2
          vpiTypespec RefTypespec start:102:10 end:102:10:
            vpiParent: Net name:delay_chain_18
            vpiFullName: ODELAYE2.delay_chain_18
            vpiActual: LogicTypespec
          vpiName: delay_chain_18
          vpiFullName: ODELAYE2.delay_chain_18
          vpiNetType: wire (1)
        Net name:delay_chain_19 start:106:58 end:106:72:
          vpiParent: Module name:ODELAYE2
          vpiTypespec RefTypespec start:102:10 end:102:10:
            vpiParent: Net name:delay_chain_19
            vpiFullName: ODELAYE2.delay_chain_19
            vpiActual: LogicTypespec
          vpiName: delay_chain_19
          vpiFullName: ODELAYE2.delay_chain_19
          vpiNetType: wire (1)
        Net name:delay_chain_20 start:107:10 end:107:24:
          vpiParent: Module name:ODELAYE2
          vpiTypespec RefTypespec start:102:10 end:102:10:
            vpiParent: Net name:delay_chain_20
            vpiFullName: ODELAYE2.delay_chain_20
            vpiActual: LogicTypespec
          vpiName: delay_chain_20
          vpiFullName: ODELAYE2.delay_chain_20
          vpiNetType: wire (1)
        Net name:delay_chain_21 start:107:26 end:107:40:
          vpiParent: Module name:ODELAYE2
          vpiTypespec RefTypespec start:102:10 end:102:10:
            vpiParent: Net name:delay_chain_21
            vpiFullName: ODELAYE2.delay_chain_21
            vpiActual: LogicTypespec
          vpiName: delay_chain_21
          vpiFullName: ODELAYE2.delay_chain_21
          vpiNetType: wire (1)
        Net name:delay_chain_22 start:107:42 end:107:56:
          vpiParent: Module name:ODELAYE2
          vpiTypespec RefTypespec start:102:10 end:102:10:
            vpiParent: Net name:delay_chain_22
            vpiFullName: ODELAYE2.delay_chain_22
            vpiActual: LogicTypespec
          vpiName: delay_chain_22
          vpiFullName: ODELAYE2.delay_chain_22
          vpiNetType: wire (1)
        Net name:delay_chain_23 start:107:58 end:107:72:
          vpiParent: Module name:ODELAYE2
          vpiTypespec RefTypespec start:102:10 end:102:10:
            vpiParent: Net name:delay_chain_23
            vpiFullName: ODELAYE2.delay_chain_23
            vpiActual: LogicTypespec
          vpiName: delay_chain_23
          vpiFullName: ODELAYE2.delay_chain_23
          vpiNetType: wire (1)
        Net name:delay_chain_24 start:108:10 end:108:24:
          vpiParent: Module name:ODELAYE2
          vpiTypespec RefTypespec start:102:10 end:102:10:
            vpiParent: Net name:delay_chain_24
            vpiFullName: ODELAYE2.delay_chain_24
            vpiActual: LogicTypespec
          vpiName: delay_chain_24
          vpiFullName: ODELAYE2.delay_chain_24
          vpiNetType: wire (1)
        Net name:delay_chain_25 start:108:26 end:108:40:
          vpiParent: Module name:ODELAYE2
          vpiTypespec RefTypespec start:102:10 end:102:10:
            vpiParent: Net name:delay_chain_25
            vpiFullName: ODELAYE2.delay_chain_25
            vpiActual: LogicTypespec
          vpiName: delay_chain_25
          vpiFullName: ODELAYE2.delay_chain_25
          vpiNetType: wire (1)
        Net name:delay_chain_26 start:108:42 end:108:56:
          vpiParent: Module name:ODELAYE2
          vpiTypespec RefTypespec start:102:10 end:102:10:
            vpiParent: Net name:delay_chain_26
            vpiFullName: ODELAYE2.delay_chain_26
            vpiActual: LogicTypespec
          vpiName: delay_chain_26
          vpiFullName: ODELAYE2.delay_chain_26
          vpiNetType: wire (1)
        Net name:delay_chain_27 start:108:58 end:108:72:
          vpiParent: Module name:ODELAYE2
          vpiTypespec RefTypespec start:102:10 end:102:10:
            vpiParent: Net name:delay_chain_27
            vpiFullName: ODELAYE2.delay_chain_27
            vpiActual: LogicTypespec
          vpiName: delay_chain_27
          vpiFullName: ODELAYE2.delay_chain_27
          vpiNetType: wire (1)
        Net name:delay_chain_28 start:109:10 end:109:24:
          vpiParent: Module name:ODELAYE2
          vpiTypespec RefTypespec start:102:10 end:102:10:
            vpiParent: Net name:delay_chain_28
            vpiFullName: ODELAYE2.delay_chain_28
            vpiActual: LogicTypespec
          vpiName: delay_chain_28
          vpiFullName: ODELAYE2.delay_chain_28
          vpiNetType: wire (1)
        Net name:delay_chain_29 start:109:26 end:109:40:
          vpiParent: Module name:ODELAYE2
          vpiTypespec RefTypespec start:102:10 end:102:10:
            vpiParent: Net name:delay_chain_29
            vpiFullName: ODELAYE2.delay_chain_29
            vpiActual: LogicTypespec
          vpiName: delay_chain_29
          vpiFullName: ODELAYE2.delay_chain_29
          vpiNetType: wire (1)
        Net name:delay_chain_30 start:109:42 end:109:56:
          vpiParent: Module name:ODELAYE2
          vpiTypespec RefTypespec start:102:10 end:102:10:
            vpiParent: Net name:delay_chain_30
            vpiFullName: ODELAYE2.delay_chain_30
            vpiActual: LogicTypespec
          vpiName: delay_chain_30
          vpiFullName: ODELAYE2.delay_chain_30
          vpiNetType: wire (1)
        Net name:delay_chain_31 start:109:58 end:109:72:
          vpiParent: Module name:ODELAYE2
          vpiTypespec RefTypespec start:102:10 end:102:10:
            vpiParent: Net name:delay_chain_31
            vpiFullName: ODELAYE2.delay_chain_31
            vpiActual: LogicTypespec
          vpiName: delay_chain_31
          vpiFullName: ODELAYE2.delay_chain_31
          vpiNetType: wire (1)
        Net name:c_in start:111:10 end:111:14:
          vpiParent: Module name:ODELAYE2
          vpiTypespec RefTypespec start:111:5 end:111:8:
            vpiParent: Net name:c_in
            vpiFullName: ODELAYE2.c_in
            vpiActual: LogicTypespec
          vpiName: c_in
          vpiFullName: ODELAYE2.c_in
        Net name:c_in_pre start:112:10 end:112:18:
          vpiParent: Module name:ODELAYE2
          vpiTypespec RefTypespec start:112:10 end:112:10:
            vpiParent: Net name:c_in_pre
            vpiFullName: ODELAYE2.c_in_pre
            vpiActual: LogicTypespec
          vpiName: c_in_pre
          vpiFullName: ODELAYE2.c_in_pre
          vpiNetType: wire (1)
        Net name:delay_C start:112:19 end:112:26:
          vpiParent: Module name:ODELAYE2
          vpiTypespec RefTypespec start:112:10 end:112:10:
            vpiParent: Net name:delay_C
            vpiFullName: ODELAYE2.delay_C
            vpiActual: LogicTypespec
          vpiName: delay_C
          vpiFullName: ODELAYE2.delay_C
          vpiNetType: wire (1)
        Net name:ce_in start:113:10 end:113:15:
          vpiParent: Module name:ODELAYE2
          vpiTypespec RefTypespec start:113:10 end:113:10:
            vpiParent: Net name:ce_in
            vpiFullName: ODELAYE2.ce_in
            vpiActual: LogicTypespec
          vpiName: ce_in
          vpiFullName: ODELAYE2.ce_in
          vpiNetType: wire (1)
        Net name:delay_CE start:113:16 end:113:24:
          vpiParent: Module name:ODELAYE2
          vpiTypespec RefTypespec start:113:10 end:113:10:
            vpiParent: Net name:delay_CE
            vpiFullName: ODELAYE2.delay_CE
            vpiActual: LogicTypespec
          vpiName: delay_CE
          vpiFullName: ODELAYE2.delay_CE
          vpiNetType: wire (1)
        Net name:cinvctrl_in start:114:10 end:114:21:
          vpiParent: Module name:ODELAYE2
          vpiTypespec RefTypespec start:114:10 end:114:10:
            vpiParent: Net name:cinvctrl_in
            vpiFullName: ODELAYE2.cinvctrl_in
            vpiActual: LogicTypespec
          vpiName: cinvctrl_in
          vpiFullName: ODELAYE2.cinvctrl_in
          vpiNetType: wire (1)
        Net name:delay_CINVCTRL start:114:22 end:114:36:
          vpiParent: Module name:ODELAYE2
          vpiTypespec RefTypespec start:114:10 end:114:10:
            vpiParent: Net name:delay_CINVCTRL
            vpiFullName: ODELAYE2.delay_CINVCTRL
            vpiActual: LogicTypespec
          vpiName: delay_CINVCTRL
          vpiFullName: ODELAYE2.delay_CINVCTRL
          vpiNetType: wire (1)
        Net name:clkin_in start:115:10 end:115:18:
          vpiParent: Module name:ODELAYE2
          vpiTypespec RefTypespec start:115:10 end:115:10:
            vpiParent: Net name:clkin_in
            vpiFullName: ODELAYE2.clkin_in
            vpiActual: LogicTypespec
          vpiName: clkin_in
          vpiFullName: ODELAYE2.clkin_in
          vpiNetType: wire (1)
        Net name:delay_CLKIN start:115:19 end:115:30:
          vpiParent: Module name:ODELAYE2
          vpiTypespec RefTypespec start:115:10 end:115:10:
            vpiParent: Net name:delay_CLKIN
            vpiFullName: ODELAYE2.delay_CLKIN
            vpiActual: LogicTypespec
          vpiName: delay_CLKIN
          vpiFullName: ODELAYE2.delay_CLKIN
          vpiNetType: wire (1)
        Net name:cntvaluein_in start:116:16 end:116:29:
          vpiParent: Module name:ODELAYE2
          vpiTypespec RefTypespec start:116:10 end:116:15:
            vpiParent: Net name:cntvaluein_in
            vpiFullName: ODELAYE2.cntvaluein_in
            vpiActual: LogicTypespec
          vpiName: cntvaluein_in
          vpiFullName: ODELAYE2.cntvaluein_in
          vpiNetType: wire (1)
        Net name:delay_CNTVALUEIN start:116:30 end:116:46:
          vpiParent: Module name:ODELAYE2
          vpiTypespec RefTypespec start:116:10 end:116:15:
            vpiParent: Net name:delay_CNTVALUEIN
            vpiFullName: ODELAYE2.delay_CNTVALUEIN
            vpiActual: LogicTypespec
          vpiName: delay_CNTVALUEIN
          vpiFullName: ODELAYE2.delay_CNTVALUEIN
          vpiNetType: wire (1)
        Net name:odatain_in start:117:10 end:117:20:
          vpiParent: Module name:ODELAYE2
          vpiTypespec RefTypespec start:117:10 end:117:10:
            vpiParent: Net name:odatain_in
            vpiFullName: ODELAYE2.odatain_in
            vpiActual: LogicTypespec
          vpiName: odatain_in
          vpiFullName: ODELAYE2.odatain_in
          vpiNetType: wire (1)
        Net name:delay_ODATAIN start:117:21 end:117:34:
          vpiParent: Module name:ODELAYE2
          vpiTypespec RefTypespec start:117:10 end:117:10:
            vpiParent: Net name:delay_ODATAIN
            vpiFullName: ODELAYE2.delay_ODATAIN
            vpiActual: LogicTypespec
          vpiName: delay_ODATAIN
          vpiFullName: ODELAYE2.delay_ODATAIN
          vpiNetType: wire (1)
        Net name:gsr_in start:118:10 end:118:16:
          vpiParent: Module name:ODELAYE2
          vpiTypespec RefTypespec start:118:10 end:118:10:
            vpiParent: Net name:gsr_in
            vpiFullName: ODELAYE2.gsr_in
            vpiActual: LogicTypespec
          vpiName: gsr_in
          vpiFullName: ODELAYE2.gsr_in
          vpiNetType: wire (1)
        Net name:inc_in start:119:10 end:119:16:
          vpiParent: Module name:ODELAYE2
          vpiTypespec RefTypespec start:119:10 end:119:10:
            vpiParent: Net name:inc_in
            vpiFullName: ODELAYE2.inc_in
            vpiActual: LogicTypespec
          vpiName: inc_in
          vpiFullName: ODELAYE2.inc_in
          vpiNetType: wire (1)
        Net name:delay_INC start:119:17 end:119:26:
          vpiParent: Module name:ODELAYE2
          vpiTypespec RefTypespec start:119:10 end:119:10:
            vpiParent: Net name:delay_INC
            vpiFullName: ODELAYE2.delay_INC
            vpiActual: LogicTypespec
          vpiName: delay_INC
          vpiFullName: ODELAYE2.delay_INC
          vpiNetType: wire (1)
        Net name:ld_in start:120:10 end:120:15:
          vpiParent: Module name:ODELAYE2
          vpiTypespec RefTypespec start:120:10 end:120:10:
            vpiParent: Net name:ld_in
            vpiFullName: ODELAYE2.ld_in
            vpiActual: LogicTypespec
          vpiName: ld_in
          vpiFullName: ODELAYE2.ld_in
          vpiNetType: wire (1)
        Net name:delay_LD start:120:16 end:120:24:
          vpiParent: Module name:ODELAYE2
          vpiTypespec RefTypespec start:120:10 end:120:10:
            vpiParent: Net name:delay_LD
            vpiFullName: ODELAYE2.delay_LD
            vpiActual: LogicTypespec
          vpiName: delay_LD
          vpiFullName: ODELAYE2.delay_LD
          vpiNetType: wire (1)
        Net name:ldpipeen_in start:121:10 end:121:21:
          vpiParent: Module name:ODELAYE2
          vpiTypespec RefTypespec start:121:10 end:121:10:
            vpiParent: Net name:ldpipeen_in
            vpiFullName: ODELAYE2.ldpipeen_in
            vpiActual: LogicTypespec
          vpiName: ldpipeen_in
          vpiFullName: ODELAYE2.ldpipeen_in
          vpiNetType: wire (1)
        Net name:delay_LDPIPEEN start:121:22 end:121:36:
          vpiParent: Module name:ODELAYE2
          vpiTypespec RefTypespec start:121:10 end:121:10:
            vpiParent: Net name:delay_LDPIPEEN
            vpiFullName: ODELAYE2.delay_LDPIPEEN
            vpiActual: LogicTypespec
          vpiName: delay_LDPIPEEN
          vpiFullName: ODELAYE2.delay_LDPIPEEN
          vpiNetType: wire (1)
        Net name:regrst_in start:122:10 end:122:19:
          vpiParent: Module name:ODELAYE2
          vpiTypespec RefTypespec start:122:10 end:122:10:
            vpiParent: Net name:regrst_in
            vpiFullName: ODELAYE2.regrst_in
            vpiActual: LogicTypespec
          vpiName: regrst_in
          vpiFullName: ODELAYE2.regrst_in
          vpiNetType: wire (1)
        Net name:delay_REGRST start:122:20 end:122:32:
          vpiParent: Module name:ODELAYE2
          vpiTypespec RefTypespec start:122:10 end:122:10:
            vpiParent: Net name:delay_REGRST
            vpiFullName: ODELAYE2.delay_REGRST
            vpiActual: LogicTypespec
          vpiName: delay_REGRST
          vpiFullName: ODELAYE2.delay_REGRST
          vpiNetType: wire (1)
        Net name:qcntvalueout_reg start:124:14 end:124:30:
          vpiParent: Module name:ODELAYE2
          vpiTypespec RefTypespec start:124:4 end:124:13:
            vpiParent: Net name:qcntvalueout_reg
            vpiFullName: ODELAYE2.qcntvalueout_reg
            vpiActual: LogicTypespec
          vpiName: qcntvalueout_reg
          vpiFullName: ODELAYE2.qcntvalueout_reg
          vpiValue Constant start:124:33 end:124:37:
            vpiParent: Net name:qcntvalueout_reg
            vpiTypespec RefTypespec:
              vpiParent: Constant
              vpiFullName: ODELAYE2.qcntvalueout_reg
              vpiActual: LogicTypespec
            vpiConstType: binary (3)
            vpiSize: 5
            vpiDecompile: "5'b0"
            vpiValue: "0"
        Net name:qcntvalueout_mux start:125:14 end:125:30:
          vpiParent: Module name:ODELAYE2
          vpiTypespec RefTypespec start:125:4 end:125:13:
            vpiParent: Net name:qcntvalueout_mux
            vpiFullName: ODELAYE2.qcntvalueout_mux
            vpiActual: LogicTypespec
          vpiName: qcntvalueout_mux
          vpiFullName: ODELAYE2.qcntvalueout_mux
          vpiValue Constant start:125:33 end:125:37:
            vpiParent: Net name:qcntvalueout_mux
            vpiTypespec RefTypespec:
              vpiParent: Constant
              vpiFullName: ODELAYE2.qcntvalueout_mux
              vpiActual: LogicTypespec
            vpiConstType: binary (3)
            vpiSize: 5
            vpiDecompile: "5'b0"
            vpiValue: "0"
      vpiPort (12 items):
        Port name:CNTVALUEOUT start:36:18 end:36:29:
          vpiParent: Module name:ODELAYE2
          vpiName: CNTVALUEOUT
          vpiDirection: output (2)
          vpiLowConn RefObj name:CNTVALUEOUT start:36:18 end:36:29:
            vpiParent: Port name:CNTVALUEOUT
            vpiName: CNTVALUEOUT
            vpiFullName: ODELAYE2.CNTVALUEOUT.CNTVALUEOUT
            vpiActual: Net name:CNTVALUEOUT
          vpiTypespec RefTypespec start:59:12 end:59:17:
            vpiParent: Port name:CNTVALUEOUT
            vpiFullName: ODELAYE2.CNTVALUEOUT
            vpiActual: LogicTypespec
        Port name:DATAOUT start:36:31 end:36:38:
          vpiParent: Module name:ODELAYE2
          vpiName: DATAOUT
          vpiDirection: output (2)
          vpiLowConn RefObj name:DATAOUT start:36:31 end:36:38:
            vpiParent: Port name:DATAOUT
            vpiName: DATAOUT
            vpiFullName: ODELAYE2.DATAOUT.DATAOUT
            vpiActual: Net name:DATAOUT
          vpiTypespec RefTypespec start:60:12 end:60:12:
            vpiParent: Port name:DATAOUT
            vpiFullName: ODELAYE2.DATAOUT
            vpiActual: LogicTypespec
        Port name:C start:36:40 end:36:41:
          vpiParent: Module name:ODELAYE2
          vpiName: C
          vpiDirection: input (1)
          vpiLowConn RefObj name:C start:36:40 end:36:41:
            vpiParent: Port name:C
            vpiName: C
            vpiFullName: ODELAYE2.C.C
            vpiActual: Net name:C
          vpiTypespec RefTypespec start:62:11 end:62:11:
            vpiParent: Port name:C
            vpiFullName: ODELAYE2.C
            vpiActual: LogicTypespec
        Port name:CE start:36:43 end:36:45:
          vpiParent: Module name:ODELAYE2
          vpiName: CE
          vpiDirection: input (1)
          vpiLowConn RefObj name:CE start:36:43 end:36:45:
            vpiParent: Port name:CE
            vpiName: CE
            vpiFullName: ODELAYE2.CE.CE
            vpiActual: Net name:CE
          vpiTypespec RefTypespec start:63:11 end:63:11:
            vpiParent: Port name:CE
            vpiFullName: ODELAYE2.CE
            vpiActual: LogicTypespec
        Port name:CINVCTRL start:36:47 end:36:55:
          vpiParent: Module name:ODELAYE2
          vpiName: CINVCTRL
          vpiDirection: input (1)
          vpiLowConn RefObj name:CINVCTRL start:36:47 end:36:55:
            vpiParent: Port name:CINVCTRL
            vpiName: CINVCTRL
            vpiFullName: ODELAYE2.CINVCTRL.CINVCTRL
            vpiActual: Net name:CINVCTRL
          vpiTypespec RefTypespec start:64:11 end:64:11:
            vpiParent: Port name:CINVCTRL
            vpiFullName: ODELAYE2.CINVCTRL
            vpiActual: LogicTypespec
        Port name:CLKIN start:36:57 end:36:62:
          vpiParent: Module name:ODELAYE2
          vpiName: CLKIN
          vpiDirection: input (1)
          vpiLowConn RefObj name:CLKIN start:36:57 end:36:62:
            vpiParent: Port name:CLKIN
            vpiName: CLKIN
            vpiFullName: ODELAYE2.CLKIN.CLKIN
            vpiActual: Net name:CLKIN
          vpiTypespec RefTypespec start:65:11 end:65:11:
            vpiParent: Port name:CLKIN
            vpiFullName: ODELAYE2.CLKIN
            vpiActual: LogicTypespec
        Port name:CNTVALUEIN start:36:64 end:36:74:
          vpiParent: Module name:ODELAYE2
          vpiName: CNTVALUEIN
          vpiDirection: input (1)
          vpiLowConn RefObj name:CNTVALUEIN start:36:64 end:36:74:
            vpiParent: Port name:CNTVALUEIN
            vpiName: CNTVALUEIN
            vpiFullName: ODELAYE2.CNTVALUEIN.CNTVALUEIN
            vpiActual: Net name:CNTVALUEIN
          vpiTypespec RefTypespec start:66:11 end:66:16:
            vpiParent: Port name:CNTVALUEIN
            vpiFullName: ODELAYE2.CNTVALUEIN
            vpiActual: LogicTypespec
        Port name:INC start:36:76 end:36:79:
          vpiParent: Module name:ODELAYE2
          vpiName: INC
          vpiDirection: input (1)
          vpiLowConn RefObj name:INC start:36:76 end:36:79:
            vpiParent: Port name:INC
            vpiName: INC
            vpiFullName: ODELAYE2.INC.INC
            vpiActual: Net name:INC
          vpiTypespec RefTypespec start:67:11 end:67:11:
            vpiParent: Port name:INC
            vpiFullName: ODELAYE2.INC
            vpiActual: LogicTypespec
        Port name:LD start:36:81 end:36:83:
          vpiParent: Module name:ODELAYE2
          vpiName: LD
          vpiDirection: input (1)
          vpiLowConn RefObj name:LD start:36:81 end:36:83:
            vpiParent: Port name:LD
            vpiName: LD
            vpiFullName: ODELAYE2.LD.LD
            vpiActual: Net name:LD
          vpiTypespec RefTypespec start:68:11 end:68:11:
            vpiParent: Port name:LD
            vpiFullName: ODELAYE2.LD
            vpiActual: LogicTypespec
        Port name:LDPIPEEN start:36:85 end:36:93:
          vpiParent: Module name:ODELAYE2
          vpiName: LDPIPEEN
          vpiDirection: input (1)
          vpiLowConn RefObj name:LDPIPEEN start:36:85 end:36:93:
            vpiParent: Port name:LDPIPEEN
            vpiName: LDPIPEEN
            vpiFullName: ODELAYE2.LDPIPEEN.LDPIPEEN
            vpiActual: Net name:LDPIPEEN
          vpiTypespec RefTypespec start:69:11 end:69:11:
            vpiParent: Port name:LDPIPEEN
            vpiFullName: ODELAYE2.LDPIPEEN
            vpiActual: LogicTypespec
        Port name:ODATAIN start:36:95 end:36:102:
          vpiParent: Module name:ODELAYE2
          vpiName: ODATAIN
          vpiDirection: input (1)
          vpiLowConn RefObj name:ODATAIN start:36:95 end:36:102:
            vpiParent: Port name:ODATAIN
            vpiName: ODATAIN
            vpiFullName: ODELAYE2.ODATAIN.ODATAIN
            vpiActual: Net name:ODATAIN
          vpiTypespec RefTypespec start:70:11 end:70:11:
            vpiParent: Port name:ODATAIN
            vpiFullName: ODELAYE2.ODATAIN
            vpiActual: LogicTypespec
        Port name:REGRST start:36:104 end:36:110:
          vpiParent: Module name:ODELAYE2
          vpiName: REGRST
          vpiDirection: input (1)
          vpiLowConn RefObj name:REGRST start:36:104 end:36:110:
            vpiParent: Port name:REGRST
            vpiName: REGRST
            vpiFullName: ODELAYE2.REGRST.REGRST
            vpiActual: Net name:REGRST
          vpiTypespec RefTypespec start:71:11 end:71:11:
            vpiParent: Port name:REGRST
            vpiFullName: ODELAYE2.REGRST
            vpiActual: LogicTypespec
      vpiProcess (10 items):
        Always start:133:5 end:134:43:
          vpiParent: Module name:ODELAYE2
          vpiStmt EventControl start:133:12 end:134:43:
            vpiParent: Always
            vpiCondition RefObj name:tap_out start:133:14 end:133:21:
              vpiParent: EventControl
              vpiName: tap_out
              vpiFullName: ODELAYE2.tap_out
              vpiActual: Net name:tap_out
            vpiStmt Assignment start:134:8 end:134:42:
              vpiParent: EventControl
              vpiLhs RefObj name:DATAOUT_reg start:134:8 end:134:19:
                vpiParent: Assignment
                vpiName: DATAOUT_reg
                vpiFullName: ODELAYE2.DATAOUT_reg
                vpiActual: Net name:DATAOUT_reg
              vpiRhs DelayControl start:134:23 end:134:34:
                vpiParent: Assignment
                vpiStmt RefObj name:tap_out start:134:35 end:134:42:
                  vpiParent: DelayControl
                  vpiName: tap_out
                  vpiFullName: ODELAYE2.tap_out
                  vpiActual: Net name:tap_out
                vpiDelay RefObj name:INIT_DELAY start:134:23 end:134:34:
                  vpiParent: DelayControl
                  vpiName: INIT_DELAY
                  vpiFullName: ODELAYE2.INIT_DELAY
                  vpiActual: Net name:INIT_DELAY
          vpiAlwaysType: always (1)
        Always start:170:5 end:185:8:
          vpiParent: Module name:ODELAYE2
          vpiStmt EventControl start:170:12 end:185:8:
            vpiParent: Always
            vpiCondition RefObj name:gsr_in start:170:14 end:170:20:
              vpiParent: EventControl
              vpiName: gsr_in
              vpiFullName: ODELAYE2.gsr_in
              vpiActual: Net name:gsr_in
            vpiStmt Begin start:170:22 end:185:8:
              vpiParent: EventControl
              vpiFullName: ODELAYE2
              vpiTypespec (1 items):
                BitTypespec:
                  vpiParent: Begin
              vpiStmt (1 items):
                IfElse start:171:2 end:184:5:
                  vpiParent: Begin
                  vpiCondition Operation start:171:6 end:171:20:
                    vpiParent: IfElse
                    vpiOpType: equal (14)
                    vpiOperand (2 items):
                      RefObj name:gsr_in start:171:6 end:171:12:
                        vpiParent: Operation
                        vpiName: gsr_in
                        vpiFullName: ODELAYE2.gsr_in
                        vpiActual: Net name:gsr_in
                      Constant start:171:16 end:171:20:
                        vpiParent: Operation
                        vpiTypespec RefTypespec:
                          vpiParent: Constant
                          vpiFullName: ODELAYE2
                          vpiActual: BitTypespec
                        vpiConstType: binary (3)
                        vpiSize: 1
                        vpiDecompile: "1'b1"
                        vpiValue: "1"
                  vpiStmt Begin start:171:22 end:181:12:
                    vpiParent: IfElse
                    vpiFullName: ODELAYE2
                    vpiStmt (1 items):
                      CaseStmt start:177:16 end:180:24:
                        vpiParent: Begin
                        vpiCaseType: exact (1)
                        vpiCondition RefObj name:ODELAY_TYPE start:177:22 end:177:33:
                          vpiParent: CaseStmt
                          vpiName: ODELAY_TYPE
                          vpiFullName: ODELAYE2.ODELAY_TYPE
                          vpiActual: Parameter name:ODELAY_TYPE
                        vpiCaseItem (2 items):
                          CaseItem start:178:25 end:178:78:
                            vpiParent: CaseStmt
                            vpiExpr (2 items):
                              Constant start:178:25 end:178:35:
                                vpiParent: CaseItem
                                vpiTypespec RefTypespec:
                                  vpiParent: Constant
                                  vpiFullName: ODELAYE2
                                  vpiActual: StringTypespec
                                vpiConstType: string (6)
                                vpiSize: 64
                                vpiDecompile: "\"VAR_LOAD\""
                                vpiValue: VAR_LOAD
                              Constant start:178:37 end:178:52:
                                vpiParent: CaseItem
                                vpiTypespec RefTypespec:
                                  vpiParent: Constant
                                  vpiFullName: ODELAYE2
                                  vpiActual: StringTypespec
                                vpiConstType: string (6)
                                vpiSize: 104
                                vpiDecompile: "\"VAR_LOAD_PIPE\""
                                vpiValue: VAR_LOAD_PIPE
                            vpiStmt AssignStmt start:178:54 end:178:77:
                              vpiParent: CaseItem
                              vpiLhs RefObj name:odelay_count start:178:61 end:178:73:
                                vpiParent: AssignStmt
                                vpiName: odelay_count
                                vpiFullName: ODELAYE2.odelay_count
                                vpiActual: Net name:odelay_count
                              vpiRhs Constant start:178:76 end:178:77:
                                vpiParent: AssignStmt
                                vpiTypespec RefTypespec:
                                  vpiParent: Constant
                                  vpiFullName: ODELAYE2
                                  vpiActual: IntTypespec
                                vpiConstType: unsigned int (9)
                                vpiSize: 64
                                vpiDecompile: "0"
                                vpiValue: 0
                          CaseItem start:179:25 end:179:82:
                            vpiParent: CaseStmt
                            vpiExpr (2 items):
                              Constant start:179:25 end:179:32:
                                vpiParent: CaseItem
                                vpiTypespec RefTypespec:
                                  vpiParent: Constant
                                  vpiFullName: ODELAYE2
                                  vpiActual: StringTypespec
                                vpiConstType: string (6)
                                vpiSize: 40
                                vpiDecompile: "\"FIXED\""
                                vpiValue: FIXED
                              Constant start:179:34 end:179:44:
                                vpiParent: CaseItem
                                vpiTypespec RefTypespec:
                                  vpiParent: Constant
                                  vpiFullName: ODELAYE2
                                  vpiActual: StringTypespec
                                vpiConstType: string (6)
                                vpiSize: 64
                                vpiDecompile: "\"VARIABLE\""
                                vpiValue: VARIABLE
                            vpiStmt AssignStmt start:179:47 end:179:81:
                              vpiParent: CaseItem
                              vpiLhs RefObj name:odelay_count start:179:54 end:179:66:
                                vpiParent: AssignStmt
                                vpiName: odelay_count
                                vpiFullName: ODELAYE2.odelay_count
                                vpiActual: Net name:odelay_count
                              vpiRhs RefObj name:ODELAY_VALUE start:179:69 end:179:81:
                                vpiParent: AssignStmt
                                vpiName: ODELAY_VALUE
                                vpiFullName: ODELAYE2.ODELAY_VALUE
                                vpiActual: Parameter name:ODELAY_VALUE
                  vpiElseStmt IfStmt start:182:7 end:184:5:
                    vpiParent: IfElse
                    vpiCondition Operation start:182:11 end:182:25:
                      vpiParent: IfStmt
                      vpiOpType: equal (14)
                      vpiOperand (2 items):
                        RefObj name:gsr_in start:182:11 end:182:17:
                          vpiParent: Operation
                          vpiName: gsr_in
                          vpiFullName: ODELAYE2.gsr_in
                          vpiActual: Net name:gsr_in
                        Constant start:182:21 end:182:25:
                          vpiParent: Operation
                          vpiTypespec RefTypespec:
                            vpiParent: Constant
                            vpiFullName: ODELAYE2
                            vpiActual: BitTypespec
                          vpiConstType: binary (3)
                          vpiSize: 1
                          vpiDecompile: "1'b0"
                          vpiValue: "0"
                    vpiStmt Begin start:182:27 end:184:5:
                      vpiParent: IfStmt
                      vpiFullName: ODELAYE2
                      vpiStmt (1 items):
                        Deassign start:183:6 end:183:27:
                          vpiParent: Begin
                          vpiLhs RefObj name:odelay_count start:183:15 end:183:27:
                            vpiParent: Deassign
                            vpiName: odelay_count
                            vpiFullName: ODELAYE2.odelay_count
                            vpiActual: Net name:odelay_count
          vpiAlwaysType: always (1)
        Initial start:192:5 end:281:8:
          vpiParent: Module name:ODELAYE2
          vpiStmt Begin start:192:13 end:281:8:
            vpiParent: Initial
            vpiFullName: ODELAYE2
            vpiStmt (9 items):
              CaseStmt start:196:9 end:202:16:
                vpiParent: Begin
                vpiCaseType: exact (1)
                vpiCondition RefObj name:CINVCTRL_SEL start:196:15 end:196:27:
                  vpiParent: CaseStmt
                  vpiName: CINVCTRL_SEL
                  vpiFullName: ODELAYE2.CINVCTRL_SEL
                  vpiActual: Parameter name:CINVCTRL_SEL
                vpiCaseItem (2 items):
                  CaseItem start:197:13 end:197:32:
                    vpiParent: CaseStmt
                    vpiExpr (2 items):
                      Constant start:197:13 end:197:19:
                        vpiParent: CaseItem
                        vpiTypespec RefTypespec:
                          vpiParent: Constant
                          vpiFullName: ODELAYE2
                          vpiActual: StringTypespec
                        vpiConstType: string (6)
                        vpiSize: 32
                        vpiDecompile: "\"TRUE\""
                        vpiValue: TRUE
                      Constant start:197:21 end:197:28:
                        vpiParent: CaseItem
                        vpiTypespec RefTypespec:
                          vpiParent: Constant
                          vpiFullName: ODELAYE2
                          vpiActual: StringTypespec
                        vpiConstType: string (6)
                        vpiSize: 40
                        vpiDecompile: "\"FALSE\""
                        vpiValue: FALSE
                  CaseItem start:198:13 end:201:16:
                    vpiParent: CaseStmt
                    vpiStmt Begin start:198:23 end:201:16:
                      vpiParent: CaseItem
                      vpiFullName: ODELAYE2
                      vpiStmt (2 items):
                        SysTaskCall name:$display start:199:16 end:199:184:
                          vpiParent: Begin
                          vpiName Identifier name:$display start:199:16 end:199:24:
                            vpiParent: SysTaskCall name:$display
                            vpiName: "$display"
                          vpiArgument (2 items):
                            Constant start:199:25 end:199:168:
                              vpiParent: SysTaskCall name:$display
                              vpiTypespec RefTypespec:
                                vpiParent: Constant
                                vpiFullName: ODELAYE2
                                vpiActual: StringTypespec
                              vpiConstType: string (6)
                              vpiSize: 1128
                              vpiDecompile: "\"Attribute Syntax Error : The attribute CINVCTRL_SEL on ODELAYE2 instance %m is set to %s.  Legal values for this attribute are TRUE or FALSE.\""
                              vpiValue: "Attribute Syntax Error : The attribute CINVCTRL_SEL on ODELAYE2 instance %m is set to %s.  Legal values for this attribute are TRUE or FALSE."
                            RefObj name:CINVCTRL_SEL start:199:171 end:199:183:
                              vpiParent: SysTaskCall name:$display
                              vpiName: CINVCTRL_SEL
                              vpiFullName: ODELAYE2.CINVCTRL_SEL
                              vpiActual: Parameter name:CINVCTRL_SEL
                        DelayControl start:200:16 end:200:27:
                          vpiParent: Begin
                          vpiStmt SysTaskCall name:$finish start:200:19 end:200:26:
                            vpiParent: DelayControl
                            vpiName Identifier name:$finish start:200:19 end:200:26:
                              vpiParent: SysTaskCall name:$finish
                              vpiName: "$finish"
                          vpiDelay Constant start:200:17 end:200:18:
                            vpiParent: DelayControl
                            vpiTypespec RefTypespec:
                              vpiParent: Constant
                              vpiFullName: ODELAYE2
                              vpiActual: IntTypespec
                            vpiConstType: int (7)
                            vpiSize: 32
                            vpiDecompile: "1"
                            vpiValue: 1
              IfStmt start:206:9 end:209:12:
                vpiParent: Begin
                vpiCondition Operation start:206:13 end:206:59:
                  vpiParent: IfStmt
                  vpiOpType: logical and (26)
                  vpiOperand (2 items):
                    Operation start:206:13 end:206:35:
                      vpiParent: Operation
                      vpiOpType: not equal (15)
                      vpiOperand (2 items):
                        RefObj name:DELAY_SRC start:206:13 end:206:22:
                          vpiParent: Operation
                          vpiName: DELAY_SRC
                          vpiFullName: ODELAYE2.DELAY_SRC
                          vpiActual: Parameter name:DELAY_SRC
                        Constant start:206:26 end:206:35:
                          vpiParent: Operation
                          vpiTypespec RefTypespec:
                            vpiParent: Constant
                            vpiFullName: ODELAYE2
                            vpiActual: StringTypespec
                          vpiConstType: string (6)
                          vpiSize: 56
                          vpiDecompile: "\"ODATAIN\""
                          vpiValue: ODATAIN
                    Operation start:206:39 end:206:59:
                      vpiParent: Operation
                      vpiOpType: not equal (15)
                      vpiOperand (2 items):
                        RefObj name:DELAY_SRC start:206:39 end:206:48:
                          vpiParent: Operation
                          vpiName: DELAY_SRC
                          vpiFullName: ODELAYE2.DELAY_SRC
                          vpiActual: Parameter name:DELAY_SRC
                        Constant start:206:52 end:206:59:
                          vpiParent: Operation
                          vpiTypespec RefTypespec:
                            vpiParent: Constant
                            vpiFullName: ODELAYE2
                            vpiActual: StringTypespec
                          vpiConstType: string (6)
                          vpiSize: 40
                          vpiDecompile: "\"CLKIN\""
                          vpiValue: CLKIN
                vpiStmt Begin start:206:61 end:209:12:
                  vpiParent: IfStmt
                  vpiFullName: ODELAYE2
                  vpiStmt (2 items):
                    SysTaskCall name:$display start:207:13 end:207:176:
                      vpiParent: Begin
                      vpiName Identifier name:$display start:207:13 end:207:21:
                        vpiParent: SysTaskCall name:$display
                        vpiName: "$display"
                      vpiArgument (2 items):
                        Constant start:207:22 end:207:164:
                          vpiParent: SysTaskCall name:$display
                          vpiTypespec RefTypespec:
                            vpiParent: Constant
                            vpiFullName: ODELAYE2
                            vpiActual: StringTypespec
                          vpiConstType: string (6)
                          vpiSize: 1120
                          vpiDecompile: "\"Attribute Syntax Error : The attribute DELAY_SRC on ODELAYE2 instance %m is set to %s.  Legal values for this attribute are ODATAIN or CLKIN\""
                          vpiValue: "Attribute Syntax Error : The attribute DELAY_SRC on ODELAYE2 instance %m is set to %s.  Legal values for this attribute are ODATAIN or CLKIN"
                        RefObj name:DELAY_SRC start:207:166 end:207:175:
                          vpiParent: SysTaskCall name:$display
                          vpiName: DELAY_SRC
                          vpiFullName: ODELAYE2.DELAY_SRC
                          vpiActual: Parameter name:DELAY_SRC
                    DelayControl start:208:13 end:208:24:
                      vpiParent: Begin
                      vpiStmt SysTaskCall name:$finish start:208:16 end:208:23:
                        vpiParent: DelayControl
                        vpiName Identifier name:$finish start:208:16 end:208:23:
                          vpiParent: SysTaskCall name:$finish
                          vpiName: "$finish"
                      vpiDelay Constant start:208:14 end:208:15:
                        vpiParent: DelayControl
                        vpiTypespec RefTypespec:
                          vpiParent: Constant
                          vpiFullName: ODELAYE2
                          vpiActual: IntTypespec
                        vpiConstType: int (7)
                        vpiSize: 32
                        vpiDecompile: "1"
                        vpiValue: 1
              CaseStmt start:215:9 end:221:16:
                vpiParent: Begin
                vpiCaseType: exact (1)
                vpiCondition RefObj name:HIGH_PERFORMANCE_MODE start:215:15 end:215:36:
                  vpiParent: CaseStmt
                  vpiName: HIGH_PERFORMANCE_MODE
                  vpiFullName: ODELAYE2.HIGH_PERFORMANCE_MODE
                  vpiActual: Parameter name:HIGH_PERFORMANCE_MODE
                vpiCaseItem (2 items):
                  CaseItem start:216:13 end:216:32:
                    vpiParent: CaseStmt
                    vpiExpr (2 items):
                      Constant start:216:13 end:216:19:
                        vpiParent: CaseItem
                        vpiTypespec RefTypespec:
                          vpiParent: Constant
                          vpiFullName: ODELAYE2
                          vpiActual: StringTypespec
                        vpiConstType: string (6)
                        vpiSize: 32
                        vpiDecompile: "\"TRUE\""
                        vpiValue: TRUE
                      Constant start:216:21 end:216:28:
                        vpiParent: CaseItem
                        vpiTypespec RefTypespec:
                          vpiParent: Constant
                          vpiFullName: ODELAYE2
                          vpiActual: StringTypespec
                        vpiConstType: string (6)
                        vpiSize: 40
                        vpiDecompile: "\"FALSE\""
                        vpiValue: FALSE
                  CaseItem start:217:13 end:220:16:
                    vpiParent: CaseStmt
                    vpiStmt Begin start:217:23 end:220:16:
                      vpiParent: CaseItem
                      vpiFullName: ODELAYE2
                      vpiStmt (2 items):
                        SysTaskCall name:$display start:218:16 end:218:202:
                          vpiParent: Begin
                          vpiName Identifier name:$display start:218:16 end:218:24:
                            vpiParent: SysTaskCall name:$display
                            vpiName: "$display"
                          vpiArgument (2 items):
                            Constant start:218:25 end:218:177:
                              vpiParent: SysTaskCall name:$display
                              vpiTypespec RefTypespec:
                                vpiParent: Constant
                                vpiFullName: ODELAYE2
                                vpiActual: StringTypespec
                              vpiConstType: string (6)
                              vpiSize: 1200
                              vpiDecompile: "\"Attribute Syntax Error : The attribute HIGH_PERFORMANCE_MODE on ODELAYE2 instance %m is set to %s.  Legal values for this attribute are TRUE or FALSE.\""
                              vpiValue: "Attribute Syntax Error : The attribute HIGH_PERFORMANCE_MODE on ODELAYE2 instance %m is set to %s.  Legal values for this attribute are TRUE or FALSE."
                            RefObj name:HIGH_PERFORMANCE_MODE start:218:180 end:218:201:
                              vpiParent: SysTaskCall name:$display
                              vpiName: HIGH_PERFORMANCE_MODE
                              vpiFullName: ODELAYE2.HIGH_PERFORMANCE_MODE
                              vpiActual: Parameter name:HIGH_PERFORMANCE_MODE
                        DelayControl start:219:16 end:219:27:
                          vpiParent: Begin
                          vpiStmt SysTaskCall name:$finish start:219:19 end:219:26:
                            vpiParent: DelayControl
                            vpiName Identifier name:$finish start:219:19 end:219:26:
                              vpiParent: SysTaskCall name:$finish
                              vpiName: "$finish"
                          vpiDelay Constant start:219:17 end:219:18:
                            vpiParent: DelayControl
                            vpiTypespec RefTypespec:
                              vpiParent: Constant
                              vpiFullName: ODELAYE2
                              vpiActual: IntTypespec
                            vpiConstType: int (7)
                            vpiSize: 32
                            vpiDecompile: "1"
                            vpiValue: 1
              IfStmt start:226:9 end:231:12:
                vpiParent: Begin
                vpiCondition Operation start:226:13 end:226:127:
                  vpiParent: IfStmt
                  vpiOpType: logical and (26)
                  vpiOperand (2 items):
                    Operation start:226:13 end:226:93:
                      vpiParent: Operation
                      vpiOpType: logical and (26)
                      vpiOperand (2 items):
                        Operation start:226:13 end:226:64:
                          vpiParent: Operation
                          vpiOpType: logical and (26)
                          vpiOperand (2 items):
                            Operation start:226:13 end:226:35:
                              vpiParent: Operation
                              vpiOpType: not equal (15)
                              vpiOperand (2 items):
                                RefObj name:ODELAY_TYPE start:226:13 end:226:24:
                                  vpiParent: Operation
                                  vpiName: ODELAY_TYPE
                                  vpiFullName: ODELAYE2.ODELAY_TYPE
                                  vpiActual: Parameter name:ODELAY_TYPE
                                Constant start:226:28 end:226:35:
                                  vpiParent: Operation
                                  vpiTypespec RefTypespec:
                                    vpiParent: Constant
                                    vpiFullName: ODELAYE2
                                    vpiActual: StringTypespec
                                  vpiConstType: string (6)
                                  vpiSize: 40
                                  vpiDecompile: "\"FIXED\""
                                  vpiValue: FIXED
                            Operation start:226:39 end:226:64:
                              vpiParent: Operation
                              vpiOpType: not equal (15)
                              vpiOperand (2 items):
                                RefObj name:ODELAY_TYPE start:226:39 end:226:50:
                                  vpiParent: Operation
                                  vpiName: ODELAY_TYPE
                                  vpiFullName: ODELAYE2.ODELAY_TYPE
                                  vpiActual: Parameter name:ODELAY_TYPE
                                Constant start:226:54 end:226:64:
                                  vpiParent: Operation
                                  vpiTypespec RefTypespec:
                                    vpiParent: Constant
                                    vpiFullName: ODELAYE2
                                    vpiActual: StringTypespec
                                  vpiConstType: string (6)
                                  vpiSize: 64
                                  vpiDecompile: "\"VARIABLE\""
                                  vpiValue: VARIABLE
                        Operation start:226:68 end:226:93:
                          vpiParent: Operation
                          vpiOpType: not equal (15)
                          vpiOperand (2 items):
                            RefObj name:ODELAY_TYPE start:226:68 end:226:79:
                              vpiParent: Operation
                              vpiName: ODELAY_TYPE
                              vpiFullName: ODELAYE2.ODELAY_TYPE
                              vpiActual: Parameter name:ODELAY_TYPE
                            Constant start:226:83 end:226:93:
                              vpiParent: Operation
                              vpiTypespec RefTypespec:
                                vpiParent: Constant
                                vpiFullName: ODELAYE2
                                vpiActual: StringTypespec
                              vpiConstType: string (6)
                              vpiSize: 64
                              vpiDecompile: "\"VAR_LOAD\""
                              vpiValue: VAR_LOAD
                    Operation start:226:97 end:226:127:
                      vpiParent: Operation
                      vpiOpType: not equal (15)
                      vpiOperand (2 items):
                        RefObj name:ODELAY_TYPE start:226:97 end:226:108:
                          vpiParent: Operation
                          vpiName: ODELAY_TYPE
                          vpiFullName: ODELAYE2.ODELAY_TYPE
                          vpiActual: Parameter name:ODELAY_TYPE
                        Constant start:226:112 end:226:127:
                          vpiParent: Operation
                          vpiTypespec RefTypespec:
                            vpiParent: Constant
                            vpiFullName: ODELAYE2
                            vpiActual: StringTypespec
                          vpiConstType: string (6)
                          vpiSize: 104
                          vpiDecompile: "\"VAR_LOAD_PIPE\""
                          vpiValue: VAR_LOAD_PIPE
                vpiStmt Begin start:226:129 end:231:12:
                  vpiParent: IfStmt
                  vpiFullName: ODELAYE2
                  vpiStmt (2 items):
                    SysTaskCall name:$display start:228:13 end:228:206:
                      vpiParent: Begin
                      vpiName Identifier name:$display start:228:13 end:228:21:
                        vpiParent: SysTaskCall name:$display
                        vpiName: "$display"
                      vpiArgument (2 items):
                        Constant start:228:22 end:228:192:
                          vpiParent: SysTaskCall name:$display
                          vpiTypespec RefTypespec:
                            vpiParent: Constant
                            vpiFullName: ODELAYE2
                            vpiActual: StringTypespec
                          vpiConstType: string (6)
                          vpiSize: 1344
                          vpiDecompile: "\"Attribute Syntax Error : The attribute ODELAY_TYPE on ODELAYE2 instance %m is set to %s.  Legal values for this attribute are FIXED, VARIABLE, VAR_LOAD or VAR_LOAD_PIPE\""
                          vpiValue: "Attribute Syntax Error : The attribute ODELAY_TYPE on ODELAYE2 instance %m is set to %s.  Legal values for this attribute are FIXED, VARIABLE, VAR_LOAD or VAR_LOAD_PIPE"
                        RefObj name:ODELAY_TYPE start:228:194 end:228:205:
                          vpiParent: SysTaskCall name:$display
                          vpiName: ODELAY_TYPE
                          vpiFullName: ODELAYE2.ODELAY_TYPE
                          vpiActual: Parameter name:ODELAY_TYPE
                    DelayControl start:229:13 end:229:24:
                      vpiParent: Begin
                      vpiStmt SysTaskCall name:$finish start:229:16 end:229:23:
                        vpiParent: DelayControl
                        vpiName Identifier name:$finish start:229:16 end:229:23:
                          vpiParent: SysTaskCall name:$finish
                          vpiName: "$finish"
                      vpiDelay Constant start:229:14 end:229:15:
                        vpiParent: DelayControl
                        vpiTypespec RefTypespec:
                          vpiParent: Constant
                          vpiFullName: ODELAYE2
                          vpiActual: IntTypespec
                        vpiConstType: int (7)
                        vpiSize: 32
                        vpiDecompile: "1"
                        vpiValue: 1
              IfStmt start:236:9 end:240:12:
                vpiParent: Begin
                vpiCondition Operation start:236:13 end:236:77:
                  vpiParent: IfStmt
                  vpiOpType: logical or (27)
                  vpiOperand (2 items):
                    Operation start:236:13 end:236:43:
                      vpiParent: Operation
                      vpiOpType: less than (20)
                      vpiOperand (2 items):
                        RefObj name:ODELAY_VALUE start:236:13 end:236:25:
                          vpiParent: Operation
                          vpiName: ODELAY_VALUE
                          vpiFullName: ODELAYE2.ODELAY_VALUE
                          vpiActual: Parameter name:ODELAY_VALUE
                        RefObj name:MIN_DELAY_COUNT start:236:28 end:236:43:
                          vpiParent: Operation
                          vpiName: MIN_DELAY_COUNT
                          vpiFullName: ODELAYE2.MIN_DELAY_COUNT
                          vpiActual: Parameter name:MIN_DELAY_COUNT
                    Operation start:236:47 end:236:77:
                      vpiParent: Operation
                      vpiOpType: greater than (18)
                      vpiOperand (2 items):
                        RefObj name:ODELAY_VALUE start:236:47 end:236:59:
                          vpiParent: Operation
                          vpiName: ODELAY_VALUE
                          vpiFullName: ODELAYE2.ODELAY_VALUE
                          vpiActual: Parameter name:ODELAY_VALUE
                        RefObj name:MAX_DELAY_COUNT start:236:62 end:236:77:
                          vpiParent: Operation
                          vpiName: MAX_DELAY_COUNT
                          vpiFullName: ODELAYE2.MAX_DELAY_COUNT
                          vpiActual: Parameter name:MAX_DELAY_COUNT
                vpiStmt Begin start:236:79 end:240:12:
                  vpiParent: IfStmt
                  vpiFullName: ODELAYE2
                  vpiStmt (2 items):
                    SysTaskCall name:$display start:237:13 end:237:188:
                      vpiParent: Begin
                      vpiName Identifier name:$display start:237:13 end:237:21:
                        vpiParent: SysTaskCall name:$display
                        vpiName: "$display"
                      vpiArgument (2 items):
                        Constant start:237:22 end:237:173:
                          vpiParent: SysTaskCall name:$display
                          vpiTypespec RefTypespec:
                            vpiParent: Constant
                            vpiFullName: ODELAYE2
                            vpiActual: StringTypespec
                          vpiConstType: string (6)
                          vpiSize: 1192
                          vpiDecompile: "\"Attribute Syntax Error : The attribute ODELAY_VALUE on ODELAYE2 instance %m is set to %d.  Legal values for this attribute are 0, 1, 2, 3, .... or 31\""
                          vpiValue: "Attribute Syntax Error : The attribute ODELAY_VALUE on ODELAYE2 instance %m is set to %d.  Legal values for this attribute are 0, 1, 2, 3, .... or 31"
                        RefObj name:ODELAY_VALUE start:237:175 end:237:187:
                          vpiParent: SysTaskCall name:$display
                          vpiName: ODELAY_VALUE
                          vpiFullName: ODELAYE2.ODELAY_VALUE
                          vpiActual: Parameter name:ODELAY_VALUE
                    DelayControl start:238:13 end:238:24:
                      vpiParent: Begin
                      vpiStmt SysTaskCall name:$finish start:238:16 end:238:23:
                        vpiParent: DelayControl
                        vpiName Identifier name:$finish start:238:16 end:238:23:
                          vpiParent: SysTaskCall name:$finish
                          vpiName: "$finish"
                      vpiDelay Constant start:238:14 end:238:15:
                        vpiParent: DelayControl
                        vpiTypespec RefTypespec:
                          vpiParent: Constant
                          vpiFullName: ODELAYE2
                          vpiActual: IntTypespec
                        vpiConstType: int (7)
                        vpiSize: 32
                        vpiDecompile: "1"
                        vpiValue: 1
              CaseStmt start:244:9 end:250:16:
                vpiParent: Begin
                vpiCaseType: exact (1)
                vpiCondition RefObj name:PIPE_SEL start:244:15 end:244:23:
                  vpiParent: CaseStmt
                  vpiName: PIPE_SEL
                  vpiFullName: ODELAYE2.PIPE_SEL
                  vpiActual: Parameter name:PIPE_SEL
                vpiCaseItem (2 items):
                  CaseItem start:245:13 end:245:32:
                    vpiParent: CaseStmt
                    vpiExpr (2 items):
                      Constant start:245:13 end:245:19:
                        vpiParent: CaseItem
                        vpiTypespec RefTypespec:
                          vpiParent: Constant
                          vpiFullName: ODELAYE2
                          vpiActual: StringTypespec
                        vpiConstType: string (6)
                        vpiSize: 32
                        vpiDecompile: "\"TRUE\""
                        vpiValue: TRUE
                      Constant start:245:21 end:245:28:
                        vpiParent: CaseItem
                        vpiTypespec RefTypespec:
                          vpiParent: Constant
                          vpiFullName: ODELAYE2
                          vpiActual: StringTypespec
                        vpiConstType: string (6)
                        vpiSize: 40
                        vpiDecompile: "\"FALSE\""
                        vpiValue: FALSE
                  CaseItem start:246:13 end:249:16:
                    vpiParent: CaseStmt
                    vpiStmt Begin start:246:23 end:249:16:
                      vpiParent: CaseItem
                      vpiFullName: ODELAYE2
                      vpiStmt (2 items):
                        SysTaskCall name:$display start:247:16 end:247:176:
                          vpiParent: Begin
                          vpiName Identifier name:$display start:247:16 end:247:24:
                            vpiParent: SysTaskCall name:$display
                            vpiName: "$display"
                          vpiArgument (2 items):
                            Constant start:247:25 end:247:164:
                              vpiParent: SysTaskCall name:$display
                              vpiTypespec RefTypespec:
                                vpiParent: Constant
                                vpiFullName: ODELAYE2
                                vpiActual: StringTypespec
                              vpiConstType: string (6)
                              vpiSize: 1096
                              vpiDecompile: "\"Attribute Syntax Error : The attribute PIPE_SEL on ODELAYE2 instance %m is set to %s.  Legal values for this attribute are TRUE or FALSE.\""
                              vpiValue: "Attribute Syntax Error : The attribute PIPE_SEL on ODELAYE2 instance %m is set to %s.  Legal values for this attribute are TRUE or FALSE."
                            RefObj name:PIPE_SEL start:247:167 end:247:175:
                              vpiParent: SysTaskCall name:$display
                              vpiName: PIPE_SEL
                              vpiFullName: ODELAYE2.PIPE_SEL
                              vpiActual: Parameter name:PIPE_SEL
                        DelayControl start:248:16 end:248:27:
                          vpiParent: Begin
                          vpiStmt SysTaskCall name:$finish start:248:19 end:248:26:
                            vpiParent: DelayControl
                            vpiName Identifier name:$finish start:248:19 end:248:26:
                              vpiParent: SysTaskCall name:$finish
                              vpiName: "$finish"
                          vpiDelay Constant start:248:17 end:248:18:
                            vpiParent: DelayControl
                            vpiTypespec RefTypespec:
                              vpiParent: Constant
                              vpiFullName: ODELAYE2
                              vpiActual: IntTypespec
                            vpiConstType: int (7)
                            vpiSize: 32
                            vpiDecompile: "1"
                            vpiValue: 1
              IfElse start:257:2 end:264:12:
                vpiParent: Begin
                vpiCondition Operation start:257:6 end:259:61:
                  vpiParent: IfElse
                  vpiOpType: logical or (27)
                  vpiOperand (2 items):
                    Operation start:257:6 end:258:62:
                      vpiParent: Operation
                      vpiOpType: logical or (27)
                      vpiOperand (2 items):
                        Operation start:257:7 end:257:61:
                          vpiParent: Operation
                          vpiOpType: logical and (26)
                          vpiOperand (2 items):
                            Operation start:257:7 end:257:32:
                              vpiParent: Operation
                              vpiOpType: greater or equal (19)
                              vpiOperand (2 items):
                                RefObj name:REFCLK_FREQUENCY start:257:7 end:257:23:
                                  vpiParent: Operation
                                  vpiName: REFCLK_FREQUENCY
                                  vpiFullName: ODELAYE2.REFCLK_FREQUENCY
                                  vpiActual: Parameter name:REFCLK_FREQUENCY
                                Constant start:257:27 end:257:32:
                                  vpiParent: Operation
                                  vpiTypespec RefTypespec:
                                    vpiParent: Constant
                                    vpiFullName: ODELAYE2
                                    vpiActual: RealTypespec
                                  vpiConstType: real (2)
                                  vpiSize: 64
                                  vpiDecompile: "190.0"
                                  vpiValue: 190
                            Operation start:257:36 end:257:61:
                              vpiParent: Operation
                              vpiOpType: less or equal (21)
                              vpiOperand (2 items):
                                RefObj name:REFCLK_FREQUENCY start:257:36 end:257:52:
                                  vpiParent: Operation
                                  vpiName: REFCLK_FREQUENCY
                                  vpiFullName: ODELAYE2.REFCLK_FREQUENCY
                                  vpiActual: Parameter name:REFCLK_FREQUENCY
                                Constant start:257:56 end:257:61:
                                  vpiParent: Operation
                                  vpiTypespec RefTypespec:
                                    vpiParent: Constant
                                    vpiFullName: ODELAYE2
                                    vpiActual: RealTypespec
                                  vpiConstType: real (2)
                                  vpiSize: 64
                                  vpiDecompile: "210.0"
                                  vpiValue: 210
                        Operation start:258:7 end:258:61:
                          vpiParent: Operation
                          vpiOpType: logical and (26)
                          vpiOperand (2 items):
                            Operation start:258:7 end:258:32:
                              vpiParent: Operation
                              vpiOpType: greater or equal (19)
                              vpiOperand (2 items):
                                RefObj name:REFCLK_FREQUENCY start:258:7 end:258:23:
                                  vpiParent: Operation
                                  vpiName: REFCLK_FREQUENCY
                                  vpiFullName: ODELAYE2.REFCLK_FREQUENCY
                                  vpiActual: Parameter name:REFCLK_FREQUENCY
                                Constant start:258:27 end:258:32:
                                  vpiParent: Operation
                                  vpiTypespec RefTypespec:
                                    vpiParent: Constant
                                    vpiFullName: ODELAYE2
                                    vpiActual: RealTypespec
                                  vpiConstType: real (2)
                                  vpiSize: 64
                                  vpiDecompile: "290.0"
                                  vpiValue: 290
                            Operation start:258:36 end:258:61:
                              vpiParent: Operation
                              vpiOpType: less or equal (21)
                              vpiOperand (2 items):
                                RefObj name:REFCLK_FREQUENCY start:258:36 end:258:52:
                                  vpiParent: Operation
                                  vpiName: REFCLK_FREQUENCY
                                  vpiFullName: ODELAYE2.REFCLK_FREQUENCY
                                  vpiActual: Parameter name:REFCLK_FREQUENCY
                                Constant start:258:56 end:258:61:
                                  vpiParent: Operation
                                  vpiTypespec RefTypespec:
                                    vpiParent: Constant
                                    vpiFullName: ODELAYE2
                                    vpiActual: RealTypespec
                                  vpiConstType: real (2)
                                  vpiSize: 64
                                  vpiDecompile: "310.0"
                                  vpiValue: 310
                    Operation start:259:7 end:259:60:
                      vpiParent: Operation
                      vpiOpType: logical and (26)
                      vpiOperand (2 items):
                        Operation start:259:7 end:259:31:
                          vpiParent: Operation
                          vpiOpType: greater or equal (19)
                          vpiOperand (2 items):
                            RefObj name:REFCLK_FREQUENCY start:259:7 end:259:23:
                              vpiParent: Operation
                              vpiName: REFCLK_FREQUENCY
                              vpiFullName: ODELAYE2.REFCLK_FREQUENCY
                              vpiActual: Parameter name:REFCLK_FREQUENCY
                            Constant start:259:26 end:259:31:
                              vpiParent: Operation
                              vpiTypespec RefTypespec:
                                vpiParent: Constant
                                vpiFullName: ODELAYE2
                                vpiActual: RealTypespec
                              vpiConstType: real (2)
                              vpiSize: 64
                              vpiDecompile: "390.0"
                              vpiValue: 390
                        Operation start:259:35 end:259:60:
                          vpiParent: Operation
                          vpiOpType: less or equal (21)
                          vpiOperand (2 items):
                            RefObj name:REFCLK_FREQUENCY start:259:35 end:259:51:
                              vpiParent: Operation
                              vpiName: REFCLK_FREQUENCY
                              vpiFullName: ODELAYE2.REFCLK_FREQUENCY
                              vpiActual: Parameter name:REFCLK_FREQUENCY
                            Constant start:259:55 end:259:60:
                              vpiParent: Operation
                              vpiTypespec RefTypespec:
                                vpiParent: Constant
                                vpiFullName: ODELAYE2
                                vpiActual: RealTypespec
                              vpiConstType: real (2)
                              vpiSize: 64
                              vpiDecompile: "410.0"
                              vpiValue: 410
                vpiElseStmt Begin start:261:7 end:264:12:
                  vpiParent: IfElse
                  vpiFullName: ODELAYE2
                  vpiStmt (2 items):
                    SysTaskCall name:$display start:262:13 end:262:259:
                      vpiParent: Begin
                      vpiName Identifier name:$display start:262:13 end:262:21:
                        vpiParent: SysTaskCall name:$display
                        vpiName: "$display"
                      vpiArgument (2 items):
                        Constant start:262:22 end:262:240:
                          vpiParent: SysTaskCall name:$display
                          vpiTypespec RefTypespec:
                            vpiParent: Constant
                            vpiFullName: ODELAYE2
                            vpiActual: StringTypespec
                          vpiConstType: string (6)
                          vpiSize: 1728
                          vpiDecompile: "\"Attribute Syntax Error : The attribute REFCLK_FREQUENCY on ODELAYE2 instance %m is set to %f.  Legal values for this attribute are either between 190.0 and 210.0, or between 290.0 and 310.0 or between 390.0 and 410.0\""
                          vpiValue: "Attribute Syntax Error : The attribute REFCLK_FREQUENCY on ODELAYE2 instance %m is set to %f.  Legal values for this attribute are either between 190.0 and 210.0, or between 290.0 and 310.0 or between 390.0 and 410.0"
                        RefObj name:REFCLK_FREQUENCY start:262:242 end:262:258:
                          vpiParent: SysTaskCall name:$display
                          vpiName: REFCLK_FREQUENCY
                          vpiFullName: ODELAYE2.REFCLK_FREQUENCY
                          vpiActual: Parameter name:REFCLK_FREQUENCY
                    DelayControl start:263:13 end:263:24:
                      vpiParent: Begin
                      vpiStmt SysTaskCall name:$finish start:263:16 end:263:23:
                        vpiParent: DelayControl
                        vpiName Identifier name:$finish start:263:16 end:263:23:
                          vpiParent: SysTaskCall name:$finish
                          vpiName: "$finish"
                      vpiDelay Constant start:263:14 end:263:15:
                        vpiParent: DelayControl
                        vpiTypespec RefTypespec:
                          vpiParent: Constant
                          vpiFullName: ODELAYE2
                          vpiActual: IntTypespec
                        vpiConstType: int (7)
                        vpiSize: 32
                        vpiDecompile: "1"
                        vpiValue: 1
              CaseStmt start:269:9 end:275:16:
                vpiParent: Begin
                vpiCaseType: exact (1)
                vpiCondition RefObj name:SIGNAL_PATTERN start:269:15 end:269:29:
                  vpiParent: CaseStmt
                  vpiName: SIGNAL_PATTERN
                  vpiFullName: ODELAYE2.SIGNAL_PATTERN
                  vpiActual: Parameter name:SIGNAL_PATTERN
                vpiCaseItem (2 items):
                  CaseItem start:270:13 end:270:32:
                    vpiParent: CaseStmt
                    vpiExpr (2 items):
                      Constant start:270:13 end:270:20:
                        vpiParent: CaseItem
                        vpiTypespec RefTypespec:
                          vpiParent: Constant
                          vpiFullName: ODELAYE2
                          vpiActual: StringTypespec
                        vpiConstType: string (6)
                        vpiSize: 40
                        vpiDecompile: "\"CLOCK\""
                        vpiValue: CLOCK
                      Constant start:270:22 end:270:28:
                        vpiParent: CaseItem
                        vpiTypespec RefTypespec:
                          vpiParent: Constant
                          vpiFullName: ODELAYE2
                          vpiActual: StringTypespec
                        vpiConstType: string (6)
                        vpiSize: 32
                        vpiDecompile: "\"DATA\""
                        vpiValue: DATA
                  CaseItem start:271:13 end:274:16:
                    vpiParent: CaseStmt
                    vpiStmt Begin start:271:23 end:274:16:
                      vpiParent: CaseItem
                      vpiFullName: ODELAYE2
                      vpiStmt (2 items):
                        SysTaskCall name:$display start:272:16 end:272:188:
                          vpiParent: Begin
                          vpiName Identifier name:$display start:272:16 end:272:24:
                            vpiParent: SysTaskCall name:$display
                            vpiName: "$display"
                          vpiArgument (2 items):
                            Constant start:272:25 end:272:170:
                              vpiParent: SysTaskCall name:$display
                              vpiTypespec RefTypespec:
                                vpiParent: Constant
                                vpiFullName: ODELAYE2
                                vpiActual: StringTypespec
                              vpiConstType: string (6)
                              vpiSize: 1144
                              vpiDecompile: "\"Attribute Syntax Error : The attribute SIGNAL_PATTERN on ODELAYE2 instance %m is set to %s.  Legal values for this attribute are DATA or CLOCK.\""
                              vpiValue: "Attribute Syntax Error : The attribute SIGNAL_PATTERN on ODELAYE2 instance %m is set to %s.  Legal values for this attribute are DATA or CLOCK."
                            RefObj name:SIGNAL_PATTERN start:272:173 end:272:187:
                              vpiParent: SysTaskCall name:$display
                              vpiName: SIGNAL_PATTERN
                              vpiFullName: ODELAYE2.SIGNAL_PATTERN
                              vpiActual: Parameter name:SIGNAL_PATTERN
                        DelayControl start:273:16 end:273:27:
                          vpiParent: Begin
                          vpiStmt SysTaskCall name:$finish start:273:19 end:273:26:
                            vpiParent: DelayControl
                            vpiName Identifier name:$finish start:273:19 end:273:26:
                              vpiParent: SysTaskCall name:$finish
                              vpiName: "$finish"
                          vpiDelay Constant start:273:17 end:273:18:
                            vpiParent: DelayControl
                            vpiTypespec RefTypespec:
                              vpiParent: Constant
                              vpiFullName: ODELAYE2
                              vpiActual: IntTypespec
                            vpiConstType: int (7)
                            vpiSize: 32
                            vpiDecompile: "1"
                            vpiValue: 1
              Assignment start:279:9 end:279:25:
                vpiParent: Begin
                vpiBlocking: true
                vpiLhs RefObj name:INIT_DELAY start:279:9 end:279:19:
                  vpiParent: Assignment
                  vpiName: INIT_DELAY
                  vpiFullName: ODELAYE2.INIT_DELAY
                  vpiActual: Net name:INIT_DELAY
                vpiRhs Constant start:279:22 end:279:25:
                  vpiParent: Assignment
                  vpiTypespec RefTypespec:
                    vpiParent: Constant
                    vpiFullName: ODELAYE2
                    vpiActual: IntTypespec
                  vpiConstType: unsigned int (9)
                  vpiSize: 64
                  vpiDecompile: "600"
                  vpiValue: 600
        Initial start:284:5 end:297:8:
          vpiParent: Module name:ODELAYE2
          vpiStmt Begin start:284:13 end:297:8:
            vpiParent: Initial
            vpiFullName: ODELAYE2
            vpiStmt (1 items):
              IfElse start:285:9 end:296:20:
                vpiParent: Begin
                vpiCondition Operation start:285:13 end:285:71:
                  vpiParent: IfElse
                  vpiOpType: logical and (26)
                  vpiOperand (2 items):
                    Operation start:285:14 end:285:39:
                      vpiParent: Operation
                      vpiOpType: less or equal (21)
                      vpiOperand (2 items):
                        RefObj name:REFCLK_FREQUENCY start:285:14 end:285:30:
                          vpiParent: Operation
                          vpiName: REFCLK_FREQUENCY
                          vpiFullName: ODELAYE2.REFCLK_FREQUENCY
                          vpiActual: Parameter name:REFCLK_FREQUENCY
                        Constant start:285:34 end:285:39:
                          vpiParent: Operation
                          vpiTypespec RefTypespec:
                            vpiParent: Constant
                            vpiFullName: ODELAYE2
                            vpiActual: RealTypespec
                          vpiConstType: real (2)
                          vpiSize: 64
                          vpiDecompile: "410.0"
                          vpiValue: 410
                    Operation start:285:45 end:285:70:
                      vpiParent: Operation
                      vpiOpType: greater or equal (19)
                      vpiOperand (2 items):
                        RefObj name:REFCLK_FREQUENCY start:285:45 end:285:61:
                          vpiParent: Operation
                          vpiName: REFCLK_FREQUENCY
                          vpiFullName: ODELAYE2.REFCLK_FREQUENCY
                          vpiActual: Parameter name:REFCLK_FREQUENCY
                        Constant start:285:65 end:285:70:
                          vpiParent: Operation
                          vpiTypespec RefTypespec:
                            vpiParent: Constant
                            vpiFullName: ODELAYE2
                            vpiActual: RealTypespec
                          vpiConstType: real (2)
                          vpiSize: 64
                          vpiDecompile: "390.0"
                          vpiValue: 390
                vpiStmt Begin start:286:17 end:288:20:
                  vpiParent: IfElse
                  vpiFullName: ODELAYE2
                  vpiStmt (1 items):
                    Assignment start:287:25 end:287:43:
                      vpiParent: Begin
                      vpiBlocking: true
                      vpiLhs RefObj name:CALC_TAPDELAY start:287:25 end:287:38:
                        vpiParent: Assignment
                        vpiName: CALC_TAPDELAY
                        vpiFullName: ODELAYE2.CALC_TAPDELAY
                        vpiActual: Net name:CALC_TAPDELAY
                      vpiRhs Constant start:287:41 end:287:43:
                        vpiParent: Assignment
                        vpiTypespec RefTypespec:
                          vpiParent: Constant
                          vpiFullName: ODELAYE2
                          vpiActual: IntTypespec
                        vpiConstType: unsigned int (9)
                        vpiSize: 64
                        vpiDecompile: "39"
                        vpiValue: 39
                vpiElseStmt IfElse start:289:14 end:296:20:
                  vpiParent: IfElse
                  vpiCondition Operation start:289:18 end:289:76:
                    vpiParent: IfElse
                    vpiOpType: logical and (26)
                    vpiOperand (2 items):
                      Operation start:289:19 end:289:44:
                        vpiParent: Operation
                        vpiOpType: less or equal (21)
                        vpiOperand (2 items):
                          RefObj name:REFCLK_FREQUENCY start:289:19 end:289:35:
                            vpiParent: Operation
                            vpiName: REFCLK_FREQUENCY
                            vpiFullName: ODELAYE2.REFCLK_FREQUENCY
                            vpiActual: Parameter name:REFCLK_FREQUENCY
                          Constant start:289:39 end:289:44:
                            vpiParent: Operation
                            vpiTypespec RefTypespec:
                              vpiParent: Constant
                              vpiFullName: ODELAYE2
                              vpiActual: RealTypespec
                            vpiConstType: real (2)
                            vpiSize: 64
                            vpiDecompile: "310.0"
                            vpiValue: 310
                      Operation start:289:50 end:289:75:
                        vpiParent: Operation
                        vpiOpType: greater or equal (19)
                        vpiOperand (2 items):
                          RefObj name:REFCLK_FREQUENCY start:289:50 end:289:66:
                            vpiParent: Operation
                            vpiName: REFCLK_FREQUENCY
                            vpiFullName: ODELAYE2.REFCLK_FREQUENCY
                            vpiActual: Parameter name:REFCLK_FREQUENCY
                          Constant start:289:70 end:289:75:
                            vpiParent: Operation
                            vpiTypespec RefTypespec:
                              vpiParent: Constant
                              vpiFullName: ODELAYE2
                              vpiActual: RealTypespec
                            vpiConstType: real (2)
                            vpiSize: 64
                            vpiDecompile: "290.0"
                            vpiValue: 290
                  vpiStmt Begin start:290:17 end:292:20:
                    vpiParent: IfElse
                    vpiFullName: ODELAYE2
                    vpiStmt (1 items):
                      Assignment start:291:25 end:291:43:
                        vpiParent: Begin
                        vpiBlocking: true
                        vpiLhs RefObj name:CALC_TAPDELAY start:291:25 end:291:38:
                          vpiParent: Assignment
                          vpiName: CALC_TAPDELAY
                          vpiFullName: ODELAYE2.CALC_TAPDELAY
                          vpiActual: Net name:CALC_TAPDELAY
                        vpiRhs Constant start:291:41 end:291:43:
                          vpiParent: Assignment
                          vpiTypespec RefTypespec:
                            vpiParent: Constant
                            vpiFullName: ODELAYE2
                            vpiActual: IntTypespec
                          vpiConstType: unsigned int (9)
                          vpiSize: 64
                          vpiDecompile: "52"
                          vpiValue: 52
                  vpiElseStmt Begin start:294:17 end:296:20:
                    vpiParent: IfElse
                    vpiFullName: ODELAYE2
                    vpiStmt (1 items):
                      Assignment start:295:25 end:295:43:
                        vpiParent: Begin
                        vpiBlocking: true
                        vpiLhs RefObj name:CALC_TAPDELAY start:295:25 end:295:38:
                          vpiParent: Assignment
                          vpiName: CALC_TAPDELAY
                          vpiFullName: ODELAYE2.CALC_TAPDELAY
                          vpiActual: Net name:CALC_TAPDELAY
                        vpiRhs Constant start:295:41 end:295:43:
                          vpiParent: Assignment
                          vpiTypespec RefTypespec:
                            vpiParent: Constant
                            vpiFullName: ODELAYE2
                            vpiActual: IntTypespec
                          vpiConstType: unsigned int (9)
                          vpiSize: 64
                          vpiDecompile: "78"
                          vpiValue: 78
        Always start:319:5 end:325:8:
          vpiParent: Module name:ODELAYE2
          vpiStmt EventControl start:319:12 end:325:8:
            vpiParent: Always
            vpiCondition RefObj name:odelay_count start:319:14 end:319:26:
              vpiParent: EventControl
              vpiName: odelay_count
              vpiFullName: ODELAYE2.odelay_count
              vpiActual: Net name:odelay_count
            vpiStmt Begin start:319:28 end:325:8:
              vpiParent: EventControl
              vpiFullName: ODELAYE2
              vpiStmt (1 items):
                IfElse start:321:8 end:324:50:
                  vpiParent: Begin
                  vpiCondition Operation start:321:11 end:321:33:
                    vpiParent: IfElse
                    vpiOpType: not equal (15)
                    vpiOperand (2 items):
                      RefObj name:ODELAY_TYPE start:321:11 end:321:22:
                        vpiParent: Operation
                        vpiName: ODELAY_TYPE
                        vpiFullName: ODELAYE2.ODELAY_TYPE
                        vpiActual: Parameter name:ODELAY_TYPE
                      Constant start:321:26 end:321:33:
                        vpiParent: Operation
                        vpiTypespec RefTypespec:
                          vpiParent: Constant
                          vpiFullName: ODELAYE2
                          vpiActual: StringTypespec
                        vpiConstType: string (6)
                        vpiSize: 40
                        vpiDecompile: "\"FIXED\""
                        vpiValue: FIXED
                  vpiStmt AssignStmt start:322:12 end:322:49:
                    vpiParent: IfElse
                    vpiLhs RefObj name:cntvalueout_pre start:322:19 end:322:34:
                      vpiParent: AssignStmt
                      vpiName: cntvalueout_pre
                      vpiFullName: ODELAYE2.cntvalueout_pre
                      vpiActual: Net name:cntvalueout_pre
                    vpiRhs RefObj name:odelay_count start:322:37 end:322:49:
                      vpiParent: AssignStmt
                      vpiName: odelay_count
                      vpiFullName: ODELAYE2.odelay_count
                      vpiActual: Net name:odelay_count
                  vpiElseStmt AssignStmt start:324:12 end:324:49:
                    vpiParent: IfElse
                    vpiLhs RefObj name:cntvalueout_pre start:324:19 end:324:34:
                      vpiParent: AssignStmt
                      vpiName: cntvalueout_pre
                      vpiFullName: ODELAYE2.cntvalueout_pre
                      vpiActual: Net name:cntvalueout_pre
                    vpiRhs RefObj name:ODELAY_VALUE start:324:37 end:324:49:
                      vpiParent: AssignStmt
                      vpiName: ODELAY_VALUE
                      vpiFullName: ODELAYE2.ODELAY_VALUE
                      vpiActual: Parameter name:ODELAY_VALUE
          vpiAlwaysType: always (1)
        Always start:330:5 end:336:8:
          vpiParent: Module name:ODELAYE2
          vpiStmt EventControl start:330:12 end:336:8:
            vpiParent: Always
            vpiCondition Operation start:330:14 end:330:26:
              vpiParent: EventControl
              vpiOpType: posedge (39)
              vpiOperand (1 items):
                RefObj name:c_in start:330:22 end:330:26:
                  vpiParent: Operation
                  vpiName: c_in
                  vpiFullName: ODELAYE2.c_in
                  vpiActual: Net name:c_in
            vpiStmt Begin start:330:28 end:336:8:
              vpiParent: EventControl
              vpiFullName: ODELAYE2
              vpiTypespec (1 items):
                BitTypespec:
                  vpiParent: Begin
              vpiStmt (1 items):
                IfElse start:331:8 end:335:11:
                  vpiParent: Begin
                  vpiCondition Operation start:331:12 end:331:29:
                    vpiParent: IfElse
                    vpiOpType: equal (14)
                    vpiOperand (2 items):
                      RefObj name:regrst_in start:331:12 end:331:21:
                        vpiParent: Operation
                        vpiName: regrst_in
                        vpiFullName: ODELAYE2.regrst_in
                        vpiActual: Net name:regrst_in
                      Constant start:331:25 end:331:29:
                        vpiParent: Operation
                        vpiTypespec RefTypespec:
                          vpiParent: Constant
                          vpiFullName: ODELAYE2
                          vpiActual: BitTypespec
                        vpiConstType: binary (3)
                        vpiSize: 1
                        vpiDecompile: "1'b1"
                        vpiValue: "1"
                  vpiStmt Assignment start:332:15 end:332:38:
                    vpiParent: IfElse
                    vpiBlocking: true
                    vpiLhs RefObj name:qcntvalueout_reg start:332:15 end:332:31:
                      vpiParent: Assignment
                      vpiName: qcntvalueout_reg
                      vpiFullName: ODELAYE2.qcntvalueout_reg
                      vpiActual: Net name:qcntvalueout_reg
                    vpiRhs Constant start:332:34 end:332:38:
                      vpiParent: Assignment
                      vpiTypespec RefTypespec:
                        vpiParent: Constant
                        vpiFullName: ODELAYE2
                        vpiActual: LogicTypespec
                      vpiConstType: binary (3)
                      vpiSize: 5
                      vpiDecompile: "5'b0"
                      vpiValue: "0"
                  vpiElseStmt IfStmt start:333:13 end:335:11:
                    vpiParent: IfElse
                    vpiCondition Operation start:333:17 end:333:57:
                      vpiParent: IfStmt
                      vpiOpType: logical and (26)
                      vpiOperand (2 items):
                        Operation start:333:17 end:333:34:
                          vpiParent: Operation
                          vpiOpType: equal (14)
                          vpiOperand (2 items):
                            RefObj name:regrst_in start:333:17 end:333:26:
                              vpiParent: Operation
                              vpiName: regrst_in
                              vpiFullName: ODELAYE2.regrst_in
                              vpiActual: Net name:regrst_in
                            Constant start:333:30 end:333:34:
                              vpiParent: Operation
                              vpiTypespec RefTypespec:
                                vpiParent: Constant
                                vpiFullName: ODELAYE2
                                vpiActual: BitTypespec
                              vpiConstType: binary (3)
                              vpiSize: 1
                              vpiDecompile: "1'b0"
                              vpiValue: "0"
                        Operation start:333:38 end:333:57:
                          vpiParent: Operation
                          vpiOpType: equal (14)
                          vpiOperand (2 items):
                            RefObj name:ldpipeen_in start:333:38 end:333:49:
                              vpiParent: Operation
                              vpiName: ldpipeen_in
                              vpiFullName: ODELAYE2.ldpipeen_in
                              vpiActual: Net name:ldpipeen_in
                            Constant start:333:53 end:333:57:
                              vpiParent: Operation
                              vpiTypespec RefTypespec:
                                vpiParent: Constant
                                vpiFullName: ODELAYE2
                                vpiActual: BitTypespec
                              vpiConstType: binary (3)
                              vpiSize: 1
                              vpiDecompile: "1'b1"
                              vpiValue: "1"
                    vpiStmt Begin start:333:59 end:335:11:
                      vpiParent: IfStmt
                      vpiFullName: ODELAYE2
                      vpiStmt (1 items):
                        Assignment start:334:15 end:334:53:
                          vpiParent: Begin
                          vpiBlocking: true
                          vpiLhs RefObj name:qcntvalueout_reg start:334:15 end:334:31:
                            vpiParent: Assignment
                            vpiName: qcntvalueout_reg
                            vpiFullName: ODELAYE2.qcntvalueout_reg
                            vpiActual: Net name:qcntvalueout_reg
                          vpiRhs RefObj name:CNTVALUEIN_INTEGER start:334:35 end:334:53:
                            vpiParent: Assignment
                            vpiName: CNTVALUEIN_INTEGER
                            vpiFullName: ODELAYE2.CNTVALUEIN_INTEGER
                            vpiActual: Net name:CNTVALUEIN_INTEGER
          vpiAlwaysType: always (1)
        Always start:348:5 end:380:8:
          vpiParent: Module name:ODELAYE2
          vpiStmt EventControl start:348:12 end:380:8:
            vpiParent: Always
            vpiCondition Operation start:348:14 end:348:26:
              vpiParent: EventControl
              vpiOpType: posedge (39)
              vpiOperand (1 items):
                RefObj name:c_in start:348:22 end:348:26:
                  vpiParent: Operation
                  vpiName: c_in
                  vpiFullName: ODELAYE2.c_in
                  vpiActual: Net name:c_in
            vpiStmt Begin start:348:28 end:380:8:
              vpiParent: EventControl
              vpiFullName: ODELAYE2
              vpiStmt (1 items):
                IfStmt start:350:9 end:379:12:
                  vpiParent: Begin
                  vpiCondition Operation start:350:13 end:350:99:
                    vpiParent: IfStmt
                    vpiOpType: bitwise or (29)
                    vpiOperand (2 items):
                      Operation start:350:13 end:350:66:
                        vpiParent: Operation
                        vpiOpType: bitwise or (29)
                        vpiOperand (2 items):
                          Operation start:350:13 end:350:38:
                            vpiParent: Operation
                            vpiOpType: equal (14)
                            vpiOperand (2 items):
                              RefObj name:ODELAY_TYPE start:350:13 end:350:24:
                                vpiParent: Operation
                                vpiName: ODELAY_TYPE
                                vpiFullName: ODELAYE2.ODELAY_TYPE
                                vpiActual: Parameter name:ODELAY_TYPE
                              Constant start:350:28 end:350:38:
                                vpiParent: Operation
                                vpiTypespec RefTypespec:
                                  vpiParent: Constant
                                  vpiFullName: ODELAYE2
                                  vpiActual: StringTypespec
                                vpiConstType: string (6)
                                vpiSize: 64
                                vpiDecompile: "\"VARIABLE\""
                                vpiValue: VARIABLE
                          Operation start:350:41 end:350:66:
                            vpiParent: Operation
                            vpiOpType: equal (14)
                            vpiOperand (2 items):
                              RefObj name:ODELAY_TYPE start:350:41 end:350:52:
                                vpiParent: Operation
                                vpiName: ODELAY_TYPE
                                vpiFullName: ODELAYE2.ODELAY_TYPE
                                vpiActual: Parameter name:ODELAY_TYPE
                              Constant start:350:56 end:350:66:
                                vpiParent: Operation
                                vpiTypespec RefTypespec:
                                  vpiParent: Constant
                                  vpiFullName: ODELAYE2
                                  vpiActual: StringTypespec
                                vpiConstType: string (6)
                                vpiSize: 64
                                vpiDecompile: "\"VAR_LOAD\""
                                vpiValue: VAR_LOAD
                      Operation start:350:69 end:350:99:
                        vpiParent: Operation
                        vpiOpType: equal (14)
                        vpiOperand (2 items):
                          RefObj name:ODELAY_TYPE start:350:69 end:350:80:
                            vpiParent: Operation
                            vpiName: ODELAY_TYPE
                            vpiFullName: ODELAYE2.ODELAY_TYPE
                            vpiActual: Parameter name:ODELAY_TYPE
                          Constant start:350:84 end:350:99:
                            vpiParent: Operation
                            vpiTypespec RefTypespec:
                              vpiParent: Constant
                              vpiFullName: ODELAYE2
                              vpiActual: StringTypespec
                            vpiConstType: string (6)
                            vpiSize: 104
                            vpiDecompile: "\"VAR_LOAD_PIPE\""
                            vpiValue: VAR_LOAD_PIPE
                  vpiStmt Begin start:350:101 end:379:12:
                    vpiParent: IfStmt
                    vpiFullName: ODELAYE2
                    vpiTypespec (1 items):
                      BitTypespec:
                        vpiParent: Begin
                    vpiStmt (1 items):
                      IfElse start:351:13 end:378:16:
                        vpiParent: Begin
                        vpiCondition Operation start:351:17 end:351:30:
                          vpiParent: IfElse
                          vpiOpType: equal (14)
                          vpiOperand (2 items):
                            RefObj name:ld_in start:351:17 end:351:22:
                              vpiParent: Operation
                              vpiName: ld_in
                              vpiFullName: ODELAYE2.ld_in
                              vpiActual: Net name:ld_in
                            Constant start:351:26 end:351:30:
                              vpiParent: Operation
                              vpiTypespec RefTypespec:
                                vpiParent: Constant
                                vpiFullName: ODELAYE2
                                vpiActual: BitTypespec
                              vpiConstType: binary (3)
                              vpiSize: 1
                              vpiDecompile: "1'b1"
                              vpiValue: "1"
                        vpiStmt Begin start:351:32 end:356:16:
                          vpiParent: IfElse
                          vpiFullName: ODELAYE2
                          vpiStmt (1 items):
                            CaseStmt start:352:17 end:355:24:
                              vpiParent: Begin
                              vpiCaseType: exact (1)
                              vpiCondition RefObj name:ODELAY_TYPE start:352:23 end:352:34:
                                vpiParent: CaseStmt
                                vpiName: ODELAY_TYPE
                                vpiFullName: ODELAYE2.ODELAY_TYPE
                                vpiActual: Parameter name:ODELAY_TYPE
                              vpiCaseItem (2 items):
                                CaseItem start:353:25 end:353:66:
                                  vpiParent: CaseStmt
                                  vpiExpr (1 items):
                                    Constant start:353:25 end:353:35:
                                      vpiParent: CaseItem
                                      vpiTypespec RefTypespec:
                                        vpiParent: Constant
                                        vpiFullName: ODELAYE2
                                        vpiActual: StringTypespec
                                      vpiConstType: string (6)
                                      vpiSize: 64
                                      vpiDecompile: "\"VARIABLE\""
                                      vpiValue: VARIABLE
                                  vpiStmt Assignment start:353:38 end:353:65:
                                    vpiParent: CaseItem
                                    vpiBlocking: true
                                    vpiLhs RefObj name:odelay_count start:353:38 end:353:50:
                                      vpiParent: Assignment
                                      vpiName: odelay_count
                                      vpiFullName: ODELAYE2.odelay_count
                                      vpiActual: Net name:odelay_count
                                    vpiRhs RefObj name:ODELAY_VALUE start:353:53 end:353:65:
                                      vpiParent: Assignment
                                      vpiName: ODELAY_VALUE
                                      vpiFullName: ODELAYE2.ODELAY_VALUE
                                      vpiActual: Parameter name:ODELAY_VALUE
                                CaseItem start:354:25 end:354:87:
                                  vpiParent: CaseStmt
                                  vpiExpr (2 items):
                                    Constant start:354:25 end:354:35:
                                      vpiParent: CaseItem
                                      vpiTypespec RefTypespec:
                                        vpiParent: Constant
                                        vpiFullName: ODELAYE2
                                        vpiActual: StringTypespec
                                      vpiConstType: string (6)
                                      vpiSize: 64
                                      vpiDecompile: "\"VAR_LOAD\""
                                      vpiValue: VAR_LOAD
                                    Constant start:354:37 end:354:52:
                                      vpiParent: CaseItem
                                      vpiTypespec RefTypespec:
                                        vpiParent: Constant
                                        vpiFullName: ODELAYE2
                                        vpiActual: StringTypespec
                                      vpiConstType: string (6)
                                      vpiSize: 104
                                      vpiDecompile: "\"VAR_LOAD_PIPE\""
                                      vpiValue: VAR_LOAD_PIPE
                                  vpiStmt Assignment start:354:55 end:354:86:
                                    vpiParent: CaseItem
                                    vpiBlocking: true
                                    vpiLhs RefObj name:odelay_count start:354:55 end:354:67:
                                      vpiParent: Assignment
                                      vpiName: odelay_count
                                      vpiFullName: ODELAYE2.odelay_count
                                      vpiActual: Net name:odelay_count
                                    vpiRhs RefObj name:qcntvalueout_mux start:354:70 end:354:86:
                                      vpiParent: Assignment
                                      vpiName: qcntvalueout_mux
                                      vpiFullName: ODELAYE2.qcntvalueout_mux
                                      vpiActual: Net name:qcntvalueout_mux
                        vpiElseStmt IfStmt start:357:18 end:378:16:
                          vpiParent: IfElse
                          vpiCondition Operation start:357:22 end:357:52:
                            vpiParent: IfStmt
                            vpiOpType: logical and (26)
                            vpiOperand (2 items):
                              Operation start:357:22 end:357:35:
                                vpiParent: Operation
                                vpiOpType: equal (14)
                                vpiOperand (2 items):
                                  RefObj name:ld_in start:357:22 end:357:27:
                                    vpiParent: Operation
                                    vpiName: ld_in
                                    vpiFullName: ODELAYE2.ld_in
                                    vpiActual: Net name:ld_in
                                  Constant start:357:31 end:357:35:
                                    vpiParent: Operation
                                    vpiTypespec RefTypespec:
                                      vpiParent: Constant
                                      vpiFullName: ODELAYE2
                                      vpiActual: BitTypespec
                                    vpiConstType: binary (3)
                                    vpiSize: 1
                                    vpiDecompile: "1'b0"
                                    vpiValue: "0"
                              Operation start:357:39 end:357:52:
                                vpiParent: Operation
                                vpiOpType: equal (14)
                                vpiOperand (2 items):
                                  RefObj name:ce_in start:357:39 end:357:44:
                                    vpiParent: Operation
                                    vpiName: ce_in
                                    vpiFullName: ODELAYE2.ce_in
                                    vpiActual: Net name:ce_in
                                  Constant start:357:48 end:357:52:
                                    vpiParent: Operation
                                    vpiTypespec RefTypespec:
                                      vpiParent: Constant
                                      vpiFullName: ODELAYE2
                                      vpiActual: BitTypespec
                                    vpiConstType: binary (3)
                                    vpiSize: 1
                                    vpiDecompile: "1'b1"
                                    vpiValue: "1"
                          vpiStmt Begin start:357:54 end:378:16:
                            vpiParent: IfStmt
                            vpiFullName: ODELAYE2
                            vpiTypespec (1 items):
                              BitTypespec:
                                vpiParent: Begin
                            vpiStmt (1 items):
                              IfElse start:358:17 end:377:20:
                                vpiParent: Begin
                                vpiCondition Operation start:358:21 end:358:35:
                                  vpiParent: IfElse
                                  vpiOpType: equal (14)
                                  vpiOperand (2 items):
                                    RefObj name:inc_in start:358:21 end:358:27:
                                      vpiParent: Operation
                                      vpiName: inc_in
                                      vpiFullName: ODELAYE2.inc_in
                                      vpiActual: Net name:inc_in
                                    Constant start:358:31 end:358:35:
                                      vpiParent: Operation
                                      vpiTypespec RefTypespec:
                                        vpiParent: Constant
                                        vpiFullName: ODELAYE2
                                        vpiActual: BitTypespec
                                      vpiConstType: binary (3)
                                      vpiSize: 1
                                      vpiDecompile: "1'b1"
                                      vpiValue: "1"
                                vpiStmt Begin start:358:37 end:367:20:
                                  vpiParent: IfElse
                                  vpiFullName: ODELAYE2
                                  vpiStmt (1 items):
                                    CaseStmt start:359:21 end:366:28:
                                      vpiParent: Begin
                                      vpiCaseType: exact (1)
                                      vpiCondition RefObj name:ODELAY_TYPE start:359:27 end:359:38:
                                        vpiParent: CaseStmt
                                        vpiName: ODELAY_TYPE
                                        vpiFullName: ODELAYE2.ODELAY_TYPE
                                        vpiActual: Parameter name:ODELAY_TYPE
                                      vpiCaseItem (1 items):
                                        CaseItem start:360:25 end:365:41:
                                          vpiParent: CaseStmt
                                          vpiExpr (3 items):
                                            Constant start:360:25 end:360:35:
                                              vpiParent: CaseItem
                                              vpiTypespec RefTypespec:
                                                vpiParent: Constant
                                                vpiFullName: ODELAYE2
                                                vpiActual: StringTypespec
                                              vpiConstType: string (6)
                                              vpiSize: 64
                                              vpiDecompile: "\"VARIABLE\""
                                              vpiValue: VARIABLE
                                            Constant start:360:37 end:360:47:
                                              vpiParent: CaseItem
                                              vpiTypespec RefTypespec:
                                                vpiParent: Constant
                                                vpiFullName: ODELAYE2
                                                vpiActual: StringTypespec
                                              vpiConstType: string (6)
                                              vpiSize: 64
                                              vpiDecompile: "\"VAR_LOAD\""
                                              vpiValue: VAR_LOAD
                                            Constant start:360:49 end:360:64:
                                              vpiParent: CaseItem
                                              vpiTypespec RefTypespec:
                                                vpiParent: Constant
                                                vpiFullName: ODELAYE2
                                                vpiActual: StringTypespec
                                              vpiConstType: string (6)
                                              vpiSize: 104
                                              vpiDecompile: "\"VAR_LOAD_PIPE\""
                                              vpiValue: VAR_LOAD_PIPE
                                          vpiStmt Begin start:360:67 end:365:41:
                                            vpiParent: CaseItem
                                            vpiFullName: ODELAYE2
                                            vpiStmt (1 items):
                                              IfElse start:361:41 end:364:72:
                                                vpiParent: Begin
                                                vpiCondition Operation start:361:45 end:361:75:
                                                  vpiParent: IfElse
                                                  vpiOpType: less than (20)
                                                  vpiOperand (2 items):
                                                    RefObj name:odelay_count start:361:45 end:361:57:
                                                      vpiParent: Operation
                                                      vpiName: odelay_count
                                                      vpiFullName: ODELAYE2.odelay_count
                                                      vpiActual: Net name:odelay_count
                                                    RefObj name:MAX_DELAY_COUNT start:361:60 end:361:75:
                                                      vpiParent: Operation
                                                      vpiName: MAX_DELAY_COUNT
                                                      vpiFullName: ODELAYE2.MAX_DELAY_COUNT
                                                      vpiActual: Parameter name:MAX_DELAY_COUNT
                                                vpiStmt Assignment start:362:41 end:362:72:
                                                  vpiParent: IfElse
                                                  vpiBlocking: true
                                                  vpiLhs RefObj name:odelay_count start:362:41 end:362:53:
                                                    vpiParent: Assignment
                                                    vpiName: odelay_count
                                                    vpiFullName: ODELAYE2.odelay_count
                                                    vpiActual: Net name:odelay_count
                                                  vpiRhs Operation start:362:56 end:362:72:
                                                    vpiParent: Assignment
                                                    vpiOpType: add (24)
                                                    vpiOperand (2 items):
                                                      RefObj name:odelay_count start:362:56 end:362:68:
                                                        vpiParent: Operation
                                                        vpiName: odelay_count
                                                        vpiFullName: ODELAYE2.odelay_count
                                                        vpiActual: Net name:odelay_count
                                                      Constant start:362:71 end:362:72:
                                                        vpiParent: Operation
                                                        vpiTypespec RefTypespec:
                                                          vpiParent: Constant
                                                          vpiFullName: ODELAYE2
                                                          vpiActual: IntTypespec
                                                        vpiConstType: unsigned int (9)
                                                        vpiSize: 64
                                                        vpiDecompile: "1"
                                                        vpiValue: 1
                                                vpiElseStmt IfStmt start:363:46 end:364:72:
                                                  vpiParent: IfElse
                                                  vpiCondition Operation start:363:50 end:363:81:
                                                    vpiParent: IfStmt
                                                    vpiOpType: equal (14)
                                                    vpiOperand (2 items):
                                                      RefObj name:odelay_count start:363:50 end:363:62:
                                                        vpiParent: Operation
                                                        vpiName: odelay_count
                                                        vpiFullName: ODELAYE2.odelay_count
                                                        vpiActual: Net name:odelay_count
                                                      RefObj name:MAX_DELAY_COUNT start:363:66 end:363:81:
                                                        vpiParent: Operation
                                                        vpiName: MAX_DELAY_COUNT
                                                        vpiFullName: ODELAYE2.MAX_DELAY_COUNT
                                                        vpiActual: Parameter name:MAX_DELAY_COUNT
                                                  vpiStmt Assignment start:364:41 end:364:71:
                                                    vpiParent: IfStmt
                                                    vpiBlocking: true
                                                    vpiLhs RefObj name:odelay_count start:364:41 end:364:53:
                                                      vpiParent: Assignment
                                                      vpiName: odelay_count
                                                      vpiFullName: ODELAYE2.odelay_count
                                                      vpiActual: Net name:odelay_count
                                                    vpiRhs RefObj name:MIN_DELAY_COUNT start:364:56 end:364:71:
                                                      vpiParent: Assignment
                                                      vpiName: MIN_DELAY_COUNT
                                                      vpiFullName: ODELAYE2.MIN_DELAY_COUNT
                                                      vpiActual: Parameter name:MIN_DELAY_COUNT
                                vpiElseStmt IfStmt start:368:22 end:377:20:
                                  vpiParent: IfElse
                                  vpiCondition Operation start:368:26 end:368:40:
                                    vpiParent: IfStmt
                                    vpiOpType: equal (14)
                                    vpiOperand (2 items):
                                      RefObj name:inc_in start:368:26 end:368:32:
                                        vpiParent: Operation
                                        vpiName: inc_in
                                        vpiFullName: ODELAYE2.inc_in
                                        vpiActual: Net name:inc_in
                                      Constant start:368:36 end:368:40:
                                        vpiParent: Operation
                                        vpiTypespec RefTypespec:
                                          vpiParent: Constant
                                          vpiFullName: ODELAYE2
                                          vpiActual: BitTypespec
                                        vpiConstType: binary (3)
                                        vpiSize: 1
                                        vpiDecompile: "1'b0"
                                        vpiValue: "0"
                                  vpiStmt Begin start:368:42 end:377:20:
                                    vpiParent: IfStmt
                                    vpiFullName: ODELAYE2
                                    vpiStmt (1 items):
                                      CaseStmt start:369:21 end:376:28:
                                        vpiParent: Begin
                                        vpiCaseType: exact (1)
                                        vpiCondition RefObj name:ODELAY_TYPE start:369:27 end:369:38:
                                          vpiParent: CaseStmt
                                          vpiName: ODELAY_TYPE
                                          vpiFullName: ODELAYE2.ODELAY_TYPE
                                          vpiActual: Parameter name:ODELAY_TYPE
                                        vpiCaseItem (1 items):
                                          CaseItem start:370:25 end:375:41:
                                            vpiParent: CaseStmt
                                            vpiExpr (3 items):
                                              Constant start:370:25 end:370:35:
                                                vpiParent: CaseItem
                                                vpiTypespec RefTypespec:
                                                  vpiParent: Constant
                                                  vpiFullName: ODELAYE2
                                                  vpiActual: StringTypespec
                                                vpiConstType: string (6)
                                                vpiSize: 64
                                                vpiDecompile: "\"VARIABLE\""
                                                vpiValue: VARIABLE
                                              Constant start:370:37 end:370:47:
                                                vpiParent: CaseItem
                                                vpiTypespec RefTypespec:
                                                  vpiParent: Constant
                                                  vpiFullName: ODELAYE2
                                                  vpiActual: StringTypespec
                                                vpiConstType: string (6)
                                                vpiSize: 64
                                                vpiDecompile: "\"VAR_LOAD\""
                                                vpiValue: VAR_LOAD
                                              Constant start:370:49 end:370:64:
                                                vpiParent: CaseItem
                                                vpiTypespec RefTypespec:
                                                  vpiParent: Constant
                                                  vpiFullName: ODELAYE2
                                                  vpiActual: StringTypespec
                                                vpiConstType: string (6)
                                                vpiSize: 104
                                                vpiDecompile: "\"VAR_LOAD_PIPE\""
                                                vpiValue: VAR_LOAD_PIPE
                                            vpiStmt Begin start:370:67 end:375:41:
                                              vpiParent: CaseItem
                                              vpiFullName: ODELAYE2
                                              vpiStmt (1 items):
                                                IfElse start:371:41 end:374:72:
                                                  vpiParent: Begin
                                                  vpiCondition Operation start:371:45 end:371:76:
                                                    vpiParent: IfElse
                                                    vpiOpType: greater than (18)
                                                    vpiOperand (2 items):
                                                      RefObj name:odelay_count start:371:45 end:371:57:
                                                        vpiParent: Operation
                                                        vpiName: odelay_count
                                                        vpiFullName: ODELAYE2.odelay_count
                                                        vpiActual: Net name:odelay_count
                                                      RefObj name:MIN_DELAY_COUNT start:371:61 end:371:76:
                                                        vpiParent: Operation
                                                        vpiName: MIN_DELAY_COUNT
                                                        vpiFullName: ODELAYE2.MIN_DELAY_COUNT
                                                        vpiActual: Parameter name:MIN_DELAY_COUNT
                                                  vpiStmt Assignment start:372:41 end:372:72:
                                                    vpiParent: IfElse
                                                    vpiBlocking: true
                                                    vpiLhs RefObj name:odelay_count start:372:41 end:372:53:
                                                      vpiParent: Assignment
                                                      vpiName: odelay_count
                                                      vpiFullName: ODELAYE2.odelay_count
                                                      vpiActual: Net name:odelay_count
                                                    vpiRhs Operation start:372:56 end:372:72:
                                                      vpiParent: Assignment
                                                      vpiOpType: subtract (11)
                                                      vpiOperand (2 items):
                                                        RefObj name:odelay_count start:372:56 end:372:68:
                                                          vpiParent: Operation
                                                          vpiName: odelay_count
                                                          vpiFullName: ODELAYE2.odelay_count
                                                          vpiActual: Net name:odelay_count
                                                        Constant start:372:71 end:372:72:
                                                          vpiParent: Operation
                                                          vpiTypespec RefTypespec:
                                                            vpiParent: Constant
                                                            vpiFullName: ODELAYE2
                                                            vpiActual: IntTypespec
                                                          vpiConstType: unsigned int (9)
                                                          vpiSize: 64
                                                          vpiDecompile: "1"
                                                          vpiValue: 1
                                                  vpiElseStmt IfStmt start:373:46 end:374:72:
                                                    vpiParent: IfElse
                                                    vpiCondition Operation start:373:50 end:373:81:
                                                      vpiParent: IfStmt
                                                      vpiOpType: equal (14)
                                                      vpiOperand (2 items):
                                                        RefObj name:odelay_count start:373:50 end:373:62:
                                                          vpiParent: Operation
                                                          vpiName: odelay_count
                                                          vpiFullName: ODELAYE2.odelay_count
                                                          vpiActual: Net name:odelay_count
                                                        RefObj name:MIN_DELAY_COUNT start:373:66 end:373:81:
                                                          vpiParent: Operation
                                                          vpiName: MIN_DELAY_COUNT
                                                          vpiFullName: ODELAYE2.MIN_DELAY_COUNT
                                                          vpiActual: Parameter name:MIN_DELAY_COUNT
                                                    vpiStmt Assignment start:374:41 end:374:71:
                                                      vpiParent: IfStmt
                                                      vpiBlocking: true
                                                      vpiLhs RefObj name:odelay_count start:374:41 end:374:53:
                                                        vpiParent: Assignment
                                                        vpiName: odelay_count
                                                        vpiFullName: ODELAYE2.odelay_count
                                                        vpiActual: Net name:odelay_count
                                                      vpiRhs RefObj name:MAX_DELAY_COUNT start:374:56 end:374:71:
                                                        vpiParent: Assignment
                                                        vpiName: MAX_DELAY_COUNT
                                                        vpiFullName: ODELAYE2.MAX_DELAY_COUNT
                                                        vpiActual: Parameter name:MAX_DELAY_COUNT
          vpiAlwaysType: always (1)
        Always start:382:5 end:417:8:
          vpiParent: Module name:ODELAYE2
          vpiStmt EventControl start:382:12 end:417:8:
            vpiParent: Always
            vpiCondition Operation start:382:14 end:382:37:
              vpiParent: EventControl
              vpiOpType: event or (35)
              vpiOperand (2 items):
                RefObj name:cntvaluein_in start:382:14 end:382:27:
                  vpiParent: Operation
                  vpiName: cntvaluein_in
                  vpiFullName: ODELAYE2.cntvaluein_in
                  vpiActual: Net name:cntvaluein_in
                RefObj name:gsr_in start:382:31 end:382:37:
                  vpiParent: Operation
                  vpiName: gsr_in
                  vpiFullName: ODELAYE2.gsr_in
                  vpiActual: Net name:gsr_in
            vpiStmt Begin start:382:39 end:417:8:
              vpiParent: EventControl
              vpiFullName: ODELAYE2
              vpiStmt (1 items):
                CaseStmt start:383:17 end:416:24:
                  vpiParent: Begin
                  vpiCaseType: exact (1)
                  vpiCondition RefObj name:cntvaluein_in start:383:23 end:383:36:
                    vpiParent: CaseStmt
                    vpiName: cntvaluein_in
                    vpiFullName: ODELAYE2.cntvaluein_in
                    vpiActual: Net name:cntvaluein_in
                  vpiCaseItem (32 items):
                    CaseItem start:384:25 end:384:66:
                      vpiParent: CaseStmt
                      vpiExpr (1 items):
                        Constant start:384:25 end:384:33:
                          vpiParent: CaseItem
                          vpiTypespec RefTypespec:
                            vpiParent: Constant
                            vpiFullName: ODELAYE2
                            vpiActual: LogicTypespec
                          vpiConstType: binary (3)
                          vpiSize: 5
                          vpiDecompile: "5'b00000"
                          vpiValue: "00000"
                      vpiStmt AssignStmt start:384:36 end:384:65:
                        vpiParent: CaseItem
                        vpiLhs RefObj name:CNTVALUEIN_INTEGER start:384:43 end:384:61:
                          vpiParent: AssignStmt
                          vpiName: CNTVALUEIN_INTEGER
                          vpiFullName: ODELAYE2.CNTVALUEIN_INTEGER
                          vpiActual: Net name:CNTVALUEIN_INTEGER
                        vpiRhs Constant start:384:64 end:384:65:
                          vpiParent: AssignStmt
                          vpiTypespec RefTypespec:
                            vpiParent: Constant
                            vpiFullName: ODELAYE2
                            vpiActual: IntTypespec
                          vpiConstType: unsigned int (9)
                          vpiSize: 64
                          vpiDecompile: "0"
                          vpiValue: 0
                    CaseItem start:385:25 end:385:66:
                      vpiParent: CaseStmt
                      vpiExpr (1 items):
                        Constant start:385:25 end:385:33:
                          vpiParent: CaseItem
                          vpiTypespec RefTypespec:
                            vpiParent: Constant
                            vpiFullName: ODELAYE2
                            vpiActual: LogicTypespec
                          vpiConstType: binary (3)
                          vpiSize: 5
                          vpiDecompile: "5'b00001"
                          vpiValue: "00001"
                      vpiStmt AssignStmt start:385:36 end:385:65:
                        vpiParent: CaseItem
                        vpiLhs RefObj name:CNTVALUEIN_INTEGER start:385:43 end:385:61:
                          vpiParent: AssignStmt
                          vpiName: CNTVALUEIN_INTEGER
                          vpiFullName: ODELAYE2.CNTVALUEIN_INTEGER
                          vpiActual: Net name:CNTVALUEIN_INTEGER
                        vpiRhs Constant start:385:64 end:385:65:
                          vpiParent: AssignStmt
                          vpiTypespec RefTypespec:
                            vpiParent: Constant
                            vpiFullName: ODELAYE2
                            vpiActual: IntTypespec
                          vpiConstType: unsigned int (9)
                          vpiSize: 64
                          vpiDecompile: "1"
                          vpiValue: 1
                    CaseItem start:386:25 end:386:66:
                      vpiParent: CaseStmt
                      vpiExpr (1 items):
                        Constant start:386:25 end:386:33:
                          vpiParent: CaseItem
                          vpiTypespec RefTypespec:
                            vpiParent: Constant
                            vpiFullName: ODELAYE2
                            vpiActual: LogicTypespec
                          vpiConstType: binary (3)
                          vpiSize: 5
                          vpiDecompile: "5'b00010"
                          vpiValue: "00010"
                      vpiStmt AssignStmt start:386:36 end:386:65:
                        vpiParent: CaseItem
                        vpiLhs RefObj name:CNTVALUEIN_INTEGER start:386:43 end:386:61:
                          vpiParent: AssignStmt
                          vpiName: CNTVALUEIN_INTEGER
                          vpiFullName: ODELAYE2.CNTVALUEIN_INTEGER
                          vpiActual: Net name:CNTVALUEIN_INTEGER
                        vpiRhs Constant start:386:64 end:386:65:
                          vpiParent: AssignStmt
                          vpiTypespec RefTypespec:
                            vpiParent: Constant
                            vpiFullName: ODELAYE2
                            vpiActual: IntTypespec
                          vpiConstType: unsigned int (9)
                          vpiSize: 64
                          vpiDecompile: "2"
                          vpiValue: 2
                    CaseItem start:387:25 end:387:66:
                      vpiParent: CaseStmt
                      vpiExpr (1 items):
                        Constant start:387:25 end:387:33:
                          vpiParent: CaseItem
                          vpiTypespec RefTypespec:
                            vpiParent: Constant
                            vpiFullName: ODELAYE2
                            vpiActual: LogicTypespec
                          vpiConstType: binary (3)
                          vpiSize: 5
                          vpiDecompile: "5'b00011"
                          vpiValue: "00011"
                      vpiStmt AssignStmt start:387:36 end:387:65:
                        vpiParent: CaseItem
                        vpiLhs RefObj name:CNTVALUEIN_INTEGER start:387:43 end:387:61:
                          vpiParent: AssignStmt
                          vpiName: CNTVALUEIN_INTEGER
                          vpiFullName: ODELAYE2.CNTVALUEIN_INTEGER
                          vpiActual: Net name:CNTVALUEIN_INTEGER
                        vpiRhs Constant start:387:64 end:387:65:
                          vpiParent: AssignStmt
                          vpiTypespec RefTypespec:
                            vpiParent: Constant
                            vpiFullName: ODELAYE2
                            vpiActual: IntTypespec
                          vpiConstType: unsigned int (9)
                          vpiSize: 64
                          vpiDecompile: "3"
                          vpiValue: 3
                    CaseItem start:388:25 end:388:66:
                      vpiParent: CaseStmt
                      vpiExpr (1 items):
                        Constant start:388:25 end:388:33:
                          vpiParent: CaseItem
                          vpiTypespec RefTypespec:
                            vpiParent: Constant
                            vpiFullName: ODELAYE2
                            vpiActual: LogicTypespec
                          vpiConstType: binary (3)
                          vpiSize: 5
                          vpiDecompile: "5'b00100"
                          vpiValue: "00100"
                      vpiStmt AssignStmt start:388:36 end:388:65:
                        vpiParent: CaseItem
                        vpiLhs RefObj name:CNTVALUEIN_INTEGER start:388:43 end:388:61:
                          vpiParent: AssignStmt
                          vpiName: CNTVALUEIN_INTEGER
                          vpiFullName: ODELAYE2.CNTVALUEIN_INTEGER
                          vpiActual: Net name:CNTVALUEIN_INTEGER
                        vpiRhs Constant start:388:64 end:388:65:
                          vpiParent: AssignStmt
                          vpiTypespec RefTypespec:
                            vpiParent: Constant
                            vpiFullName: ODELAYE2
                            vpiActual: IntTypespec
                          vpiConstType: unsigned int (9)
                          vpiSize: 64
                          vpiDecompile: "4"
                          vpiValue: 4
                    CaseItem start:389:25 end:389:66:
                      vpiParent: CaseStmt
                      vpiExpr (1 items):
                        Constant start:389:25 end:389:33:
                          vpiParent: CaseItem
                          vpiTypespec RefTypespec:
                            vpiParent: Constant
                            vpiFullName: ODELAYE2
                            vpiActual: LogicTypespec
                          vpiConstType: binary (3)
                          vpiSize: 5
                          vpiDecompile: "5'b00101"
                          vpiValue: "00101"
                      vpiStmt AssignStmt start:389:36 end:389:65:
                        vpiParent: CaseItem
                        vpiLhs RefObj name:CNTVALUEIN_INTEGER start:389:43 end:389:61:
                          vpiParent: AssignStmt
                          vpiName: CNTVALUEIN_INTEGER
                          vpiFullName: ODELAYE2.CNTVALUEIN_INTEGER
                          vpiActual: Net name:CNTVALUEIN_INTEGER
                        vpiRhs Constant start:389:64 end:389:65:
                          vpiParent: AssignStmt
                          vpiTypespec RefTypespec:
                            vpiParent: Constant
                            vpiFullName: ODELAYE2
                            vpiActual: IntTypespec
                          vpiConstType: unsigned int (9)
                          vpiSize: 64
                          vpiDecompile: "5"
                          vpiValue: 5
                    CaseItem start:390:25 end:390:66:
                      vpiParent: CaseStmt
                      vpiExpr (1 items):
                        Constant start:390:25 end:390:33:
                          vpiParent: CaseItem
                          vpiTypespec RefTypespec:
                            vpiParent: Constant
                            vpiFullName: ODELAYE2
                            vpiActual: LogicTypespec
                          vpiConstType: binary (3)
                          vpiSize: 5
                          vpiDecompile: "5'b00110"
                          vpiValue: "00110"
                      vpiStmt AssignStmt start:390:36 end:390:65:
                        vpiParent: CaseItem
                        vpiLhs RefObj name:CNTVALUEIN_INTEGER start:390:43 end:390:61:
                          vpiParent: AssignStmt
                          vpiName: CNTVALUEIN_INTEGER
                          vpiFullName: ODELAYE2.CNTVALUEIN_INTEGER
                          vpiActual: Net name:CNTVALUEIN_INTEGER
                        vpiRhs Constant start:390:64 end:390:65:
                          vpiParent: AssignStmt
                          vpiTypespec RefTypespec:
                            vpiParent: Constant
                            vpiFullName: ODELAYE2
                            vpiActual: IntTypespec
                          vpiConstType: unsigned int (9)
                          vpiSize: 64
                          vpiDecompile: "6"
                          vpiValue: 6
                    CaseItem start:391:25 end:391:66:
                      vpiParent: CaseStmt
                      vpiExpr (1 items):
                        Constant start:391:25 end:391:33:
                          vpiParent: CaseItem
                          vpiTypespec RefTypespec:
                            vpiParent: Constant
                            vpiFullName: ODELAYE2
                            vpiActual: LogicTypespec
                          vpiConstType: binary (3)
                          vpiSize: 5
                          vpiDecompile: "5'b00111"
                          vpiValue: "00111"
                      vpiStmt AssignStmt start:391:36 end:391:65:
                        vpiParent: CaseItem
                        vpiLhs RefObj name:CNTVALUEIN_INTEGER start:391:43 end:391:61:
                          vpiParent: AssignStmt
                          vpiName: CNTVALUEIN_INTEGER
                          vpiFullName: ODELAYE2.CNTVALUEIN_INTEGER
                          vpiActual: Net name:CNTVALUEIN_INTEGER
                        vpiRhs Constant start:391:64 end:391:65:
                          vpiParent: AssignStmt
                          vpiTypespec RefTypespec:
                            vpiParent: Constant
                            vpiFullName: ODELAYE2
                            vpiActual: IntTypespec
                          vpiConstType: unsigned int (9)
                          vpiSize: 64
                          vpiDecompile: "7"
                          vpiValue: 7
                    CaseItem start:392:25 end:392:66:
                      vpiParent: CaseStmt
                      vpiExpr (1 items):
                        Constant start:392:25 end:392:33:
                          vpiParent: CaseItem
                          vpiTypespec RefTypespec:
                            vpiParent: Constant
                            vpiFullName: ODELAYE2
                            vpiActual: LogicTypespec
                          vpiConstType: binary (3)
                          vpiSize: 5
                          vpiDecompile: "5'b01000"
                          vpiValue: "01000"
                      vpiStmt AssignStmt start:392:36 end:392:65:
                        vpiParent: CaseItem
                        vpiLhs RefObj name:CNTVALUEIN_INTEGER start:392:43 end:392:61:
                          vpiParent: AssignStmt
                          vpiName: CNTVALUEIN_INTEGER
                          vpiFullName: ODELAYE2.CNTVALUEIN_INTEGER
                          vpiActual: Net name:CNTVALUEIN_INTEGER
                        vpiRhs Constant start:392:64 end:392:65:
                          vpiParent: AssignStmt
                          vpiTypespec RefTypespec:
                            vpiParent: Constant
                            vpiFullName: ODELAYE2
                            vpiActual: IntTypespec
                          vpiConstType: unsigned int (9)
                          vpiSize: 64
                          vpiDecompile: "8"
                          vpiValue: 8
                    CaseItem start:393:25 end:393:66:
                      vpiParent: CaseStmt
                      vpiExpr (1 items):
                        Constant start:393:25 end:393:33:
                          vpiParent: CaseItem
                          vpiTypespec RefTypespec:
                            vpiParent: Constant
                            vpiFullName: ODELAYE2
                            vpiActual: LogicTypespec
                          vpiConstType: binary (3)
                          vpiSize: 5
                          vpiDecompile: "5'b01001"
                          vpiValue: "01001"
                      vpiStmt AssignStmt start:393:36 end:393:65:
                        vpiParent: CaseItem
                        vpiLhs RefObj name:CNTVALUEIN_INTEGER start:393:43 end:393:61:
                          vpiParent: AssignStmt
                          vpiName: CNTVALUEIN_INTEGER
                          vpiFullName: ODELAYE2.CNTVALUEIN_INTEGER
                          vpiActual: Net name:CNTVALUEIN_INTEGER
                        vpiRhs Constant start:393:64 end:393:65:
                          vpiParent: AssignStmt
                          vpiTypespec RefTypespec:
                            vpiParent: Constant
                            vpiFullName: ODELAYE2
                            vpiActual: IntTypespec
                          vpiConstType: unsigned int (9)
                          vpiSize: 64
                          vpiDecompile: "9"
                          vpiValue: 9
                    CaseItem start:394:25 end:394:67:
                      vpiParent: CaseStmt
                      vpiExpr (1 items):
                        Constant start:394:25 end:394:33:
                          vpiParent: CaseItem
                          vpiTypespec RefTypespec:
                            vpiParent: Constant
                            vpiFullName: ODELAYE2
                            vpiActual: LogicTypespec
                          vpiConstType: binary (3)
                          vpiSize: 5
                          vpiDecompile: "5'b01010"
                          vpiValue: "01010"
                      vpiStmt AssignStmt start:394:36 end:394:66:
                        vpiParent: CaseItem
                        vpiLhs RefObj name:CNTVALUEIN_INTEGER start:394:43 end:394:61:
                          vpiParent: AssignStmt
                          vpiName: CNTVALUEIN_INTEGER
                          vpiFullName: ODELAYE2.CNTVALUEIN_INTEGER
                          vpiActual: Net name:CNTVALUEIN_INTEGER
                        vpiRhs Constant start:394:64 end:394:66:
                          vpiParent: AssignStmt
                          vpiTypespec RefTypespec:
                            vpiParent: Constant
                            vpiFullName: ODELAYE2
                            vpiActual: IntTypespec
                          vpiConstType: unsigned int (9)
                          vpiSize: 64
                          vpiDecompile: "10"
                          vpiValue: 10
                    CaseItem start:395:25 end:395:67:
                      vpiParent: CaseStmt
                      vpiExpr (1 items):
                        Constant start:395:25 end:395:33:
                          vpiParent: CaseItem
                          vpiTypespec RefTypespec:
                            vpiParent: Constant
                            vpiFullName: ODELAYE2
                            vpiActual: LogicTypespec
                          vpiConstType: binary (3)
                          vpiSize: 5
                          vpiDecompile: "5'b01011"
                          vpiValue: "01011"
                      vpiStmt AssignStmt start:395:36 end:395:66:
                        vpiParent: CaseItem
                        vpiLhs RefObj name:CNTVALUEIN_INTEGER start:395:43 end:395:61:
                          vpiParent: AssignStmt
                          vpiName: CNTVALUEIN_INTEGER
                          vpiFullName: ODELAYE2.CNTVALUEIN_INTEGER
                          vpiActual: Net name:CNTVALUEIN_INTEGER
                        vpiRhs Constant start:395:64 end:395:66:
                          vpiParent: AssignStmt
                          vpiTypespec RefTypespec:
                            vpiParent: Constant
                            vpiFullName: ODELAYE2
                            vpiActual: IntTypespec
                          vpiConstType: unsigned int (9)
                          vpiSize: 64
                          vpiDecompile: "11"
                          vpiValue: 11
                    CaseItem start:396:25 end:396:67:
                      vpiParent: CaseStmt
                      vpiExpr (1 items):
                        Constant start:396:25 end:396:33:
                          vpiParent: CaseItem
                          vpiTypespec RefTypespec:
                            vpiParent: Constant
                            vpiFullName: ODELAYE2
                            vpiActual: LogicTypespec
                          vpiConstType: binary (3)
                          vpiSize: 5
                          vpiDecompile: "5'b01100"
                          vpiValue: "01100"
                      vpiStmt AssignStmt start:396:36 end:396:66:
                        vpiParent: CaseItem
                        vpiLhs RefObj name:CNTVALUEIN_INTEGER start:396:43 end:396:61:
                          vpiParent: AssignStmt
                          vpiName: CNTVALUEIN_INTEGER
                          vpiFullName: ODELAYE2.CNTVALUEIN_INTEGER
                          vpiActual: Net name:CNTVALUEIN_INTEGER
                        vpiRhs Constant start:396:64 end:396:66:
                          vpiParent: AssignStmt
                          vpiTypespec RefTypespec:
                            vpiParent: Constant
                            vpiFullName: ODELAYE2
                            vpiActual: IntTypespec
                          vpiConstType: unsigned int (9)
                          vpiSize: 64
                          vpiDecompile: "12"
                          vpiValue: 12
                    CaseItem start:397:25 end:397:67:
                      vpiParent: CaseStmt
                      vpiExpr (1 items):
                        Constant start:397:25 end:397:33:
                          vpiParent: CaseItem
                          vpiTypespec RefTypespec:
                            vpiParent: Constant
                            vpiFullName: ODELAYE2
                            vpiActual: LogicTypespec
                          vpiConstType: binary (3)
                          vpiSize: 5
                          vpiDecompile: "5'b01101"
                          vpiValue: "01101"
                      vpiStmt AssignStmt start:397:36 end:397:66:
                        vpiParent: CaseItem
                        vpiLhs RefObj name:CNTVALUEIN_INTEGER start:397:43 end:397:61:
                          vpiParent: AssignStmt
                          vpiName: CNTVALUEIN_INTEGER
                          vpiFullName: ODELAYE2.CNTVALUEIN_INTEGER
                          vpiActual: Net name:CNTVALUEIN_INTEGER
                        vpiRhs Constant start:397:64 end:397:66:
                          vpiParent: AssignStmt
                          vpiTypespec RefTypespec:
                            vpiParent: Constant
                            vpiFullName: ODELAYE2
                            vpiActual: IntTypespec
                          vpiConstType: unsigned int (9)
                          vpiSize: 64
                          vpiDecompile: "13"
                          vpiValue: 13
                    CaseItem start:398:25 end:398:67:
                      vpiParent: CaseStmt
                      vpiExpr (1 items):
                        Constant start:398:25 end:398:33:
                          vpiParent: CaseItem
                          vpiTypespec RefTypespec:
                            vpiParent: Constant
                            vpiFullName: ODELAYE2
                            vpiActual: LogicTypespec
                          vpiConstType: binary (3)
                          vpiSize: 5
                          vpiDecompile: "5'b01110"
                          vpiValue: "01110"
                      vpiStmt AssignStmt start:398:36 end:398:66:
                        vpiParent: CaseItem
                        vpiLhs RefObj name:CNTVALUEIN_INTEGER start:398:43 end:398:61:
                          vpiParent: AssignStmt
                          vpiName: CNTVALUEIN_INTEGER
                          vpiFullName: ODELAYE2.CNTVALUEIN_INTEGER
                          vpiActual: Net name:CNTVALUEIN_INTEGER
                        vpiRhs Constant start:398:64 end:398:66:
                          vpiParent: AssignStmt
                          vpiTypespec RefTypespec:
                            vpiParent: Constant
                            vpiFullName: ODELAYE2
                            vpiActual: IntTypespec
                          vpiConstType: unsigned int (9)
                          vpiSize: 64
                          vpiDecompile: "14"
                          vpiValue: 14
                    CaseItem start:399:25 end:399:67:
                      vpiParent: CaseStmt
                      vpiExpr (1 items):
                        Constant start:399:25 end:399:33:
                          vpiParent: CaseItem
                          vpiTypespec RefTypespec:
                            vpiParent: Constant
                            vpiFullName: ODELAYE2
                            vpiActual: LogicTypespec
                          vpiConstType: binary (3)
                          vpiSize: 5
                          vpiDecompile: "5'b01111"
                          vpiValue: "01111"
                      vpiStmt AssignStmt start:399:36 end:399:66:
                        vpiParent: CaseItem
                        vpiLhs RefObj name:CNTVALUEIN_INTEGER start:399:43 end:399:61:
                          vpiParent: AssignStmt
                          vpiName: CNTVALUEIN_INTEGER
                          vpiFullName: ODELAYE2.CNTVALUEIN_INTEGER
                          vpiActual: Net name:CNTVALUEIN_INTEGER
                        vpiRhs Constant start:399:64 end:399:66:
                          vpiParent: AssignStmt
                          vpiTypespec RefTypespec:
                            vpiParent: Constant
                            vpiFullName: ODELAYE2
                            vpiActual: IntTypespec
                          vpiConstType: unsigned int (9)
                          vpiSize: 64
                          vpiDecompile: "15"
                          vpiValue: 15
                    CaseItem start:400:25 end:400:67:
                      vpiParent: CaseStmt
                      vpiExpr (1 items):
                        Constant start:400:25 end:400:33:
                          vpiParent: CaseItem
                          vpiTypespec RefTypespec:
                            vpiParent: Constant
                            vpiFullName: ODELAYE2
                            vpiActual: LogicTypespec
                          vpiConstType: binary (3)
                          vpiSize: 5
                          vpiDecompile: "5'b10000"
                          vpiValue: "10000"
                      vpiStmt AssignStmt start:400:36 end:400:66:
                        vpiParent: CaseItem
                        vpiLhs RefObj name:CNTVALUEIN_INTEGER start:400:43 end:400:61:
                          vpiParent: AssignStmt
                          vpiName: CNTVALUEIN_INTEGER
                          vpiFullName: ODELAYE2.CNTVALUEIN_INTEGER
                          vpiActual: Net name:CNTVALUEIN_INTEGER
                        vpiRhs Constant start:400:64 end:400:66:
                          vpiParent: AssignStmt
                          vpiTypespec RefTypespec:
                            vpiParent: Constant
                            vpiFullName: ODELAYE2
                            vpiActual: IntTypespec
                          vpiConstType: unsigned int (9)
                          vpiSize: 64
                          vpiDecompile: "16"
                          vpiValue: 16
                    CaseItem start:401:25 end:401:67:
                      vpiParent: CaseStmt
                      vpiExpr (1 items):
                        Constant start:401:25 end:401:33:
                          vpiParent: CaseItem
                          vpiTypespec RefTypespec:
                            vpiParent: Constant
                            vpiFullName: ODELAYE2
                            vpiActual: LogicTypespec
                          vpiConstType: binary (3)
                          vpiSize: 5
                          vpiDecompile: "5'b10001"
                          vpiValue: "10001"
                      vpiStmt AssignStmt start:401:36 end:401:66:
                        vpiParent: CaseItem
                        vpiLhs RefObj name:CNTVALUEIN_INTEGER start:401:43 end:401:61:
                          vpiParent: AssignStmt
                          vpiName: CNTVALUEIN_INTEGER
                          vpiFullName: ODELAYE2.CNTVALUEIN_INTEGER
                          vpiActual: Net name:CNTVALUEIN_INTEGER
                        vpiRhs Constant start:401:64 end:401:66:
                          vpiParent: AssignStmt
                          vpiTypespec RefTypespec:
                            vpiParent: Constant
                            vpiFullName: ODELAYE2
                            vpiActual: IntTypespec
                          vpiConstType: unsigned int (9)
                          vpiSize: 64
                          vpiDecompile: "17"
                          vpiValue: 17
                    CaseItem start:402:25 end:402:67:
                      vpiParent: CaseStmt
                      vpiExpr (1 items):
                        Constant start:402:25 end:402:33:
                          vpiParent: CaseItem
                          vpiTypespec RefTypespec:
                            vpiParent: Constant
                            vpiFullName: ODELAYE2
                            vpiActual: LogicTypespec
                          vpiConstType: binary (3)
                          vpiSize: 5
                          vpiDecompile: "5'b10010"
                          vpiValue: "10010"
                      vpiStmt AssignStmt start:402:36 end:402:66:
                        vpiParent: CaseItem
                        vpiLhs RefObj name:CNTVALUEIN_INTEGER start:402:43 end:402:61:
                          vpiParent: AssignStmt
                          vpiName: CNTVALUEIN_INTEGER
                          vpiFullName: ODELAYE2.CNTVALUEIN_INTEGER
                          vpiActual: Net name:CNTVALUEIN_INTEGER
                        vpiRhs Constant start:402:64 end:402:66:
                          vpiParent: AssignStmt
                          vpiTypespec RefTypespec:
                            vpiParent: Constant
                            vpiFullName: ODELAYE2
                            vpiActual: IntTypespec
                          vpiConstType: unsigned int (9)
                          vpiSize: 64
                          vpiDecompile: "18"
                          vpiValue: 18
                    CaseItem start:403:25 end:403:67:
                      vpiParent: CaseStmt
                      vpiExpr (1 items):
                        Constant start:403:25 end:403:33:
                          vpiParent: CaseItem
                          vpiTypespec RefTypespec:
                            vpiParent: Constant
                            vpiFullName: ODELAYE2
                            vpiActual: LogicTypespec
                          vpiConstType: binary (3)
                          vpiSize: 5
                          vpiDecompile: "5'b10011"
                          vpiValue: "10011"
                      vpiStmt AssignStmt start:403:36 end:403:66:
                        vpiParent: CaseItem
                        vpiLhs RefObj name:CNTVALUEIN_INTEGER start:403:43 end:403:61:
                          vpiParent: AssignStmt
                          vpiName: CNTVALUEIN_INTEGER
                          vpiFullName: ODELAYE2.CNTVALUEIN_INTEGER
                          vpiActual: Net name:CNTVALUEIN_INTEGER
                        vpiRhs Constant start:403:64 end:403:66:
                          vpiParent: AssignStmt
                          vpiTypespec RefTypespec:
                            vpiParent: Constant
                            vpiFullName: ODELAYE2
                            vpiActual: IntTypespec
                          vpiConstType: unsigned int (9)
                          vpiSize: 64
                          vpiDecompile: "19"
                          vpiValue: 19
                    CaseItem start:404:25 end:404:67:
                      vpiParent: CaseStmt
                      vpiExpr (1 items):
                        Constant start:404:25 end:404:33:
                          vpiParent: CaseItem
                          vpiTypespec RefTypespec:
                            vpiParent: Constant
                            vpiFullName: ODELAYE2
                            vpiActual: LogicTypespec
                          vpiConstType: binary (3)
                          vpiSize: 5
                          vpiDecompile: "5'b10100"
                          vpiValue: "10100"
                      vpiStmt AssignStmt start:404:36 end:404:66:
                        vpiParent: CaseItem
                        vpiLhs RefObj name:CNTVALUEIN_INTEGER start:404:43 end:404:61:
                          vpiParent: AssignStmt
                          vpiName: CNTVALUEIN_INTEGER
                          vpiFullName: ODELAYE2.CNTVALUEIN_INTEGER
                          vpiActual: Net name:CNTVALUEIN_INTEGER
                        vpiRhs Constant start:404:64 end:404:66:
                          vpiParent: AssignStmt
                          vpiTypespec RefTypespec:
                            vpiParent: Constant
                            vpiFullName: ODELAYE2
                            vpiActual: IntTypespec
                          vpiConstType: unsigned int (9)
                          vpiSize: 64
                          vpiDecompile: "20"
                          vpiValue: 20
                    CaseItem start:405:25 end:405:67:
                      vpiParent: CaseStmt
                      vpiExpr (1 items):
                        Constant start:405:25 end:405:33:
                          vpiParent: CaseItem
                          vpiTypespec RefTypespec:
                            vpiParent: Constant
                            vpiFullName: ODELAYE2
                            vpiActual: LogicTypespec
                          vpiConstType: binary (3)
                          vpiSize: 5
                          vpiDecompile: "5'b10101"
                          vpiValue: "10101"
                      vpiStmt AssignStmt start:405:36 end:405:66:
                        vpiParent: CaseItem
                        vpiLhs RefObj name:CNTVALUEIN_INTEGER start:405:43 end:405:61:
                          vpiParent: AssignStmt
                          vpiName: CNTVALUEIN_INTEGER
                          vpiFullName: ODELAYE2.CNTVALUEIN_INTEGER
                          vpiActual: Net name:CNTVALUEIN_INTEGER
                        vpiRhs Constant start:405:64 end:405:66:
                          vpiParent: AssignStmt
                          vpiTypespec RefTypespec:
                            vpiParent: Constant
                            vpiFullName: ODELAYE2
                            vpiActual: IntTypespec
                          vpiConstType: unsigned int (9)
                          vpiSize: 64
                          vpiDecompile: "21"
                          vpiValue: 21
                    CaseItem start:406:25 end:406:67:
                      vpiParent: CaseStmt
                      vpiExpr (1 items):
                        Constant start:406:25 end:406:33:
                          vpiParent: CaseItem
                          vpiTypespec RefTypespec:
                            vpiParent: Constant
                            vpiFullName: ODELAYE2
                            vpiActual: LogicTypespec
                          vpiConstType: binary (3)
                          vpiSize: 5
                          vpiDecompile: "5'b10110"
                          vpiValue: "10110"
                      vpiStmt AssignStmt start:406:36 end:406:66:
                        vpiParent: CaseItem
                        vpiLhs RefObj name:CNTVALUEIN_INTEGER start:406:43 end:406:61:
                          vpiParent: AssignStmt
                          vpiName: CNTVALUEIN_INTEGER
                          vpiFullName: ODELAYE2.CNTVALUEIN_INTEGER
                          vpiActual: Net name:CNTVALUEIN_INTEGER
                        vpiRhs Constant start:406:64 end:406:66:
                          vpiParent: AssignStmt
                          vpiTypespec RefTypespec:
                            vpiParent: Constant
                            vpiFullName: ODELAYE2
                            vpiActual: IntTypespec
                          vpiConstType: unsigned int (9)
                          vpiSize: 64
                          vpiDecompile: "22"
                          vpiValue: 22
                    CaseItem start:407:25 end:407:67:
                      vpiParent: CaseStmt
                      vpiExpr (1 items):
                        Constant start:407:25 end:407:33:
                          vpiParent: CaseItem
                          vpiTypespec RefTypespec:
                            vpiParent: Constant
                            vpiFullName: ODELAYE2
                            vpiActual: LogicTypespec
                          vpiConstType: binary (3)
                          vpiSize: 5
                          vpiDecompile: "5'b10111"
                          vpiValue: "10111"
                      vpiStmt AssignStmt start:407:36 end:407:66:
                        vpiParent: CaseItem
                        vpiLhs RefObj name:CNTVALUEIN_INTEGER start:407:43 end:407:61:
                          vpiParent: AssignStmt
                          vpiName: CNTVALUEIN_INTEGER
                          vpiFullName: ODELAYE2.CNTVALUEIN_INTEGER
                          vpiActual: Net name:CNTVALUEIN_INTEGER
                        vpiRhs Constant start:407:64 end:407:66:
                          vpiParent: AssignStmt
                          vpiTypespec RefTypespec:
                            vpiParent: Constant
                            vpiFullName: ODELAYE2
                            vpiActual: IntTypespec
                          vpiConstType: unsigned int (9)
                          vpiSize: 64
                          vpiDecompile: "23"
                          vpiValue: 23
                    CaseItem start:408:25 end:408:67:
                      vpiParent: CaseStmt
                      vpiExpr (1 items):
                        Constant start:408:25 end:408:33:
                          vpiParent: CaseItem
                          vpiTypespec RefTypespec:
                            vpiParent: Constant
                            vpiFullName: ODELAYE2
                            vpiActual: LogicTypespec
                          vpiConstType: binary (3)
                          vpiSize: 5
                          vpiDecompile: "5'b11000"
                          vpiValue: "11000"
                      vpiStmt AssignStmt start:408:36 end:408:66:
                        vpiParent: CaseItem
                        vpiLhs RefObj name:CNTVALUEIN_INTEGER start:408:43 end:408:61:
                          vpiParent: AssignStmt
                          vpiName: CNTVALUEIN_INTEGER
                          vpiFullName: ODELAYE2.CNTVALUEIN_INTEGER
                          vpiActual: Net name:CNTVALUEIN_INTEGER
                        vpiRhs Constant start:408:64 end:408:66:
                          vpiParent: AssignStmt
                          vpiTypespec RefTypespec:
                            vpiParent: Constant
                            vpiFullName: ODELAYE2
                            vpiActual: IntTypespec
                          vpiConstType: unsigned int (9)
                          vpiSize: 64
                          vpiDecompile: "24"
                          vpiValue: 24
                    CaseItem start:409:25 end:409:67:
                      vpiParent: CaseStmt
                      vpiExpr (1 items):
                        Constant start:409:25 end:409:33:
                          vpiParent: CaseItem
                          vpiTypespec RefTypespec:
                            vpiParent: Constant
                            vpiFullName: ODELAYE2
                            vpiActual: LogicTypespec
                          vpiConstType: binary (3)
                          vpiSize: 5
                          vpiDecompile: "5'b11001"
                          vpiValue: "11001"
                      vpiStmt AssignStmt start:409:36 end:409:66:
                        vpiParent: CaseItem
                        vpiLhs RefObj name:CNTVALUEIN_INTEGER start:409:43 end:409:61:
                          vpiParent: AssignStmt
                          vpiName: CNTVALUEIN_INTEGER
                          vpiFullName: ODELAYE2.CNTVALUEIN_INTEGER
                          vpiActual: Net name:CNTVALUEIN_INTEGER
                        vpiRhs Constant start:409:64 end:409:66:
                          vpiParent: AssignStmt
                          vpiTypespec RefTypespec:
                            vpiParent: Constant
                            vpiFullName: ODELAYE2
                            vpiActual: IntTypespec
                          vpiConstType: unsigned int (9)
                          vpiSize: 64
                          vpiDecompile: "25"
                          vpiValue: 25
                    CaseItem start:410:25 end:410:67:
                      vpiParent: CaseStmt
                      vpiExpr (1 items):
                        Constant start:410:25 end:410:33:
                          vpiParent: CaseItem
                          vpiTypespec RefTypespec:
                            vpiParent: Constant
                            vpiFullName: ODELAYE2
                            vpiActual: LogicTypespec
                          vpiConstType: binary (3)
                          vpiSize: 5
                          vpiDecompile: "5'b11010"
                          vpiValue: "11010"
                      vpiStmt AssignStmt start:410:36 end:410:66:
                        vpiParent: CaseItem
                        vpiLhs RefObj name:CNTVALUEIN_INTEGER start:410:43 end:410:61:
                          vpiParent: AssignStmt
                          vpiName: CNTVALUEIN_INTEGER
                          vpiFullName: ODELAYE2.CNTVALUEIN_INTEGER
                          vpiActual: Net name:CNTVALUEIN_INTEGER
                        vpiRhs Constant start:410:64 end:410:66:
                          vpiParent: AssignStmt
                          vpiTypespec RefTypespec:
                            vpiParent: Constant
                            vpiFullName: ODELAYE2
                            vpiActual: IntTypespec
                          vpiConstType: unsigned int (9)
                          vpiSize: 64
                          vpiDecompile: "26"
                          vpiValue: 26
                    CaseItem start:411:25 end:411:67:
                      vpiParent: CaseStmt
                      vpiExpr (1 items):
                        Constant start:411:25 end:411:33:
                          vpiParent: CaseItem
                          vpiTypespec RefTypespec:
                            vpiParent: Constant
                            vpiFullName: ODELAYE2
                            vpiActual: LogicTypespec
                          vpiConstType: binary (3)
                          vpiSize: 5
                          vpiDecompile: "5'b11011"
                          vpiValue: "11011"
                      vpiStmt AssignStmt start:411:36 end:411:66:
                        vpiParent: CaseItem
                        vpiLhs RefObj name:CNTVALUEIN_INTEGER start:411:43 end:411:61:
                          vpiParent: AssignStmt
                          vpiName: CNTVALUEIN_INTEGER
                          vpiFullName: ODELAYE2.CNTVALUEIN_INTEGER
                          vpiActual: Net name:CNTVALUEIN_INTEGER
                        vpiRhs Constant start:411:64 end:411:66:
                          vpiParent: AssignStmt
                          vpiTypespec RefTypespec:
                            vpiParent: Constant
                            vpiFullName: ODELAYE2
                            vpiActual: IntTypespec
                          vpiConstType: unsigned int (9)
                          vpiSize: 64
                          vpiDecompile: "27"
                          vpiValue: 27
                    CaseItem start:412:25 end:412:67:
                      vpiParent: CaseStmt
                      vpiExpr (1 items):
                        Constant start:412:25 end:412:33:
                          vpiParent: CaseItem
                          vpiTypespec RefTypespec:
                            vpiParent: Constant
                            vpiFullName: ODELAYE2
                            vpiActual: LogicTypespec
                          vpiConstType: binary (3)
                          vpiSize: 5
                          vpiDecompile: "5'b11100"
                          vpiValue: "11100"
                      vpiStmt AssignStmt start:412:36 end:412:66:
                        vpiParent: CaseItem
                        vpiLhs RefObj name:CNTVALUEIN_INTEGER start:412:43 end:412:61:
                          vpiParent: AssignStmt
                          vpiName: CNTVALUEIN_INTEGER
                          vpiFullName: ODELAYE2.CNTVALUEIN_INTEGER
                          vpiActual: Net name:CNTVALUEIN_INTEGER
                        vpiRhs Constant start:412:64 end:412:66:
                          vpiParent: AssignStmt
                          vpiTypespec RefTypespec:
                            vpiParent: Constant
                            vpiFullName: ODELAYE2
                            vpiActual: IntTypespec
                          vpiConstType: unsigned int (9)
                          vpiSize: 64
                          vpiDecompile: "28"
                          vpiValue: 28
                    CaseItem start:413:25 end:413:67:
                      vpiParent: CaseStmt
                      vpiExpr (1 items):
                        Constant start:413:25 end:413:33:
                          vpiParent: CaseItem
                          vpiTypespec RefTypespec:
                            vpiParent: Constant
                            vpiFullName: ODELAYE2
                            vpiActual: LogicTypespec
                          vpiConstType: binary (3)
                          vpiSize: 5
                          vpiDecompile: "5'b11101"
                          vpiValue: "11101"
                      vpiStmt AssignStmt start:413:36 end:413:66:
                        vpiParent: CaseItem
                        vpiLhs RefObj name:CNTVALUEIN_INTEGER start:413:43 end:413:61:
                          vpiParent: AssignStmt
                          vpiName: CNTVALUEIN_INTEGER
                          vpiFullName: ODELAYE2.CNTVALUEIN_INTEGER
                          vpiActual: Net name:CNTVALUEIN_INTEGER
                        vpiRhs Constant start:413:64 end:413:66:
                          vpiParent: AssignStmt
                          vpiTypespec RefTypespec:
                            vpiParent: Constant
                            vpiFullName: ODELAYE2
                            vpiActual: IntTypespec
                          vpiConstType: unsigned int (9)
                          vpiSize: 64
                          vpiDecompile: "29"
                          vpiValue: 29
                    CaseItem start:414:25 end:414:67:
                      vpiParent: CaseStmt
                      vpiExpr (1 items):
                        Constant start:414:25 end:414:33:
                          vpiParent: CaseItem
                          vpiTypespec RefTypespec:
                            vpiParent: Constant
                            vpiFullName: ODELAYE2
                            vpiActual: LogicTypespec
                          vpiConstType: binary (3)
                          vpiSize: 5
                          vpiDecompile: "5'b11110"
                          vpiValue: "11110"
                      vpiStmt AssignStmt start:414:36 end:414:66:
                        vpiParent: CaseItem
                        vpiLhs RefObj name:CNTVALUEIN_INTEGER start:414:43 end:414:61:
                          vpiParent: AssignStmt
                          vpiName: CNTVALUEIN_INTEGER
                          vpiFullName: ODELAYE2.CNTVALUEIN_INTEGER
                          vpiActual: Net name:CNTVALUEIN_INTEGER
                        vpiRhs Constant start:414:64 end:414:66:
                          vpiParent: AssignStmt
                          vpiTypespec RefTypespec:
                            vpiParent: Constant
                            vpiFullName: ODELAYE2
                            vpiActual: IntTypespec
                          vpiConstType: unsigned int (9)
                          vpiSize: 64
                          vpiDecompile: "30"
                          vpiValue: 30
                    CaseItem start:415:25 end:415:67:
                      vpiParent: CaseStmt
                      vpiExpr (1 items):
                        Constant start:415:25 end:415:33:
                          vpiParent: CaseItem
                          vpiTypespec RefTypespec:
                            vpiParent: Constant
                            vpiFullName: ODELAYE2
                            vpiActual: LogicTypespec
                          vpiConstType: binary (3)
                          vpiSize: 5
                          vpiDecompile: "5'b11111"
                          vpiValue: "11111"
                      vpiStmt AssignStmt start:415:36 end:415:66:
                        vpiParent: CaseItem
                        vpiLhs RefObj name:CNTVALUEIN_INTEGER start:415:43 end:415:61:
                          vpiParent: AssignStmt
                          vpiName: CNTVALUEIN_INTEGER
                          vpiFullName: ODELAYE2.CNTVALUEIN_INTEGER
                          vpiActual: Net name:CNTVALUEIN_INTEGER
                        vpiRhs Constant start:415:64 end:415:66:
                          vpiParent: AssignStmt
                          vpiTypespec RefTypespec:
                            vpiParent: Constant
                            vpiFullName: ODELAYE2
                            vpiActual: IntTypespec
                          vpiConstType: unsigned int (9)
                          vpiSize: 64
                          vpiDecompile: "31"
                          vpiValue: 31
          vpiAlwaysType: always (1)
        Always start:424:5 end:441:8:
          vpiParent: Module name:ODELAYE2
          vpiStmt EventControl start:424:12 end:441:8:
            vpiParent: Always
            vpiCondition Operation start:424:14 end:424:36:
              vpiParent: EventControl
              vpiOpType: event or (35)
              vpiOperand (2 items):
                RefObj name:clkin_in start:424:14 end:424:22:
                  vpiParent: Operation
                  vpiName: clkin_in
                  vpiFullName: ODELAYE2.clkin_in
                  vpiActual: Net name:clkin_in
                RefObj name:odatain_in start:424:26 end:424:36:
                  vpiParent: Operation
                  vpiName: odatain_in
                  vpiFullName: ODELAYE2.odatain_in
                  vpiActual: Net name:odatain_in
            vpiStmt Begin start:424:38 end:441:8:
              vpiParent: EventControl
              vpiFullName: ODELAYE2
              vpiStmt (1 items):
                CaseStmt start:426:9 end:439:16:
                  vpiParent: Begin
                  vpiCaseType: exact (1)
                  vpiCondition RefObj name:DELAY_SRC start:426:15 end:426:24:
                    vpiParent: CaseStmt
                    vpiName: DELAY_SRC
                    vpiFullName: ODELAYE2.DELAY_SRC
                    vpiActual: Parameter name:DELAY_SRC
                  vpiCaseItem (3 items):
                    CaseItem start:428:13 end:430:28:
                      vpiParent: CaseStmt
                      vpiExpr (1 items):
                        Constant start:428:13 end:428:22:
                          vpiParent: CaseItem
                          vpiTypespec RefTypespec:
                            vpiParent: Constant
                            vpiFullName: ODELAYE2
                            vpiActual: StringTypespec
                          vpiConstType: string (6)
                          vpiSize: 56
                          vpiDecompile: "\"ODATAIN\""
                          vpiValue: ODATAIN
                      vpiStmt Begin start:428:25 end:430:28:
                        vpiParent: CaseItem
                        vpiFullName: ODELAYE2
                        vpiStmt (1 items):
                          Assignment start:429:26 end:429:48:
                            vpiParent: Begin
                            vpiLhs RefObj name:data_mux start:429:26 end:429:34:
                              vpiParent: Assignment
                              vpiName: data_mux
                              vpiFullName: ODELAYE2.data_mux
                              vpiActual: Net name:data_mux
                            vpiRhs RefObj name:odatain_in start:429:38 end:429:48:
                              vpiParent: Assignment
                              vpiName: odatain_in
                              vpiFullName: ODELAYE2.odatain_in
                              vpiActual: Net name:odatain_in
                    CaseItem start:431:13 end:433:27:
                      vpiParent: CaseStmt
                      vpiExpr (1 items):
                        Constant start:431:13 end:431:20:
                          vpiParent: CaseItem
                          vpiTypespec RefTypespec:
                            vpiParent: Constant
                            vpiFullName: ODELAYE2
                            vpiActual: StringTypespec
                          vpiConstType: string (6)
                          vpiSize: 40
                          vpiDecompile: "\"CLKIN\""
                          vpiValue: CLKIN
                      vpiStmt Begin start:431:25 end:433:27:
                        vpiParent: CaseItem
                        vpiFullName: ODELAYE2
                        vpiStmt (1 items):
                          Assignment start:432:26 end:432:46:
                            vpiParent: Begin
                            vpiLhs RefObj name:data_mux start:432:26 end:432:34:
                              vpiParent: Assignment
                              vpiName: data_mux
                              vpiFullName: ODELAYE2.data_mux
                              vpiActual: Net name:data_mux
                            vpiRhs RefObj name:clkin_in start:432:38 end:432:46:
                              vpiParent: Assignment
                              vpiName: clkin_in
                              vpiFullName: ODELAYE2.clkin_in
                              vpiActual: Net name:clkin_in
                    CaseItem start:434:13 end:437:26:
                      vpiParent: CaseStmt
                      vpiStmt Begin start:434:23 end:437:26:
                        vpiParent: CaseItem
                        vpiFullName: ODELAYE2
                        vpiStmt (2 items):
                          SysTaskCall name:$display start:435:27 end:435:190:
                            vpiParent: Begin
                            vpiName Identifier name:$display start:435:27 end:435:35:
                              vpiParent: SysTaskCall name:$display
                              vpiName: "$display"
                            vpiArgument (2 items):
                              Constant start:435:36 end:435:178:
                                vpiParent: SysTaskCall name:$display
                                vpiTypespec RefTypespec:
                                  vpiParent: Constant
                                  vpiFullName: ODELAYE2
                                  vpiActual: StringTypespec
                                vpiConstType: string (6)
                                vpiSize: 1120
                                vpiDecompile: "\"Attribute Syntax Error : The attribute DELAY_SRC on ODELAYE2 instance %m is set to %s.  Legal values for this attribute are CLKIN or ODATAIN\""
                                vpiValue: "Attribute Syntax Error : The attribute DELAY_SRC on ODELAYE2 instance %m is set to %s.  Legal values for this attribute are CLKIN or ODATAIN"
                              RefObj name:DELAY_SRC start:435:180 end:435:189:
                                vpiParent: SysTaskCall name:$display
                                vpiName: DELAY_SRC
                                vpiFullName: ODELAYE2.DELAY_SRC
                                vpiActual: Parameter name:DELAY_SRC
                          SysTaskCall name:$finish start:436:27 end:436:34:
                            vpiParent: Begin
                            vpiName Identifier name:$finish start:436:27 end:436:34:
                              vpiParent: SysTaskCall name:$finish
                              vpiName: "$finish"
          vpiAlwaysType: always (1)
        Always start:482:5 end:519:8:
          vpiParent: Module name:ODELAYE2
          vpiStmt EventControl start:482:12 end:519:8:
            vpiParent: Always
            vpiCondition RefObj name:odelay_count start:482:14 end:482:26:
              vpiParent: EventControl
              vpiName: odelay_count
              vpiFullName: ODELAYE2.odelay_count
              vpiActual: Net name:odelay_count
            vpiStmt Begin start:482:28 end:519:8:
              vpiParent: EventControl
              vpiFullName: ODELAYE2
              vpiStmt (1 items):
                CaseStmt start:483:9 end:518:16:
                  vpiParent: Begin
                  vpiCaseType: exact (1)
                  vpiCondition RefObj name:odelay_count start:483:15 end:483:27:
                    vpiParent: CaseStmt
                    vpiName: odelay_count
                    vpiFullName: ODELAYE2.odelay_count
                    vpiActual: Net name:odelay_count
                  vpiCaseItem (33 items):
                    CaseItem start:484:13 end:484:48:
                      vpiParent: CaseStmt
                      vpiExpr (1 items):
                        Constant start:484:13 end:484:14:
                          vpiParent: CaseItem
                          vpiTypespec RefTypespec:
                            vpiParent: Constant
                            vpiFullName: ODELAYE2
                            vpiActual: IntTypespec
                          vpiConstType: unsigned int (9)
                          vpiSize: 64
                          vpiDecompile: "0"
                          vpiValue: 0
                      vpiStmt AssignStmt start:484:17 end:484:47:
                        vpiParent: CaseItem
                        vpiLhs RefObj name:tap_out start:484:24 end:484:31:
                          vpiParent: AssignStmt
                          vpiName: tap_out
                          vpiFullName: ODELAYE2.tap_out
                          vpiActual: Net name:tap_out
                        vpiRhs RefObj name:delay_chain_0 start:484:34 end:484:47:
                          vpiParent: AssignStmt
                          vpiName: delay_chain_0
                          vpiFullName: ODELAYE2.delay_chain_0
                          vpiActual: Net name:delay_chain_0
                    CaseItem start:485:13 end:485:48:
                      vpiParent: CaseStmt
                      vpiExpr (1 items):
                        Constant start:485:13 end:485:14:
                          vpiParent: CaseItem
                          vpiTypespec RefTypespec:
                            vpiParent: Constant
                            vpiFullName: ODELAYE2
                            vpiActual: IntTypespec
                          vpiConstType: unsigned int (9)
                          vpiSize: 64
                          vpiDecompile: "1"
                          vpiValue: 1
                      vpiStmt AssignStmt start:485:17 end:485:47:
                        vpiParent: CaseItem
                        vpiLhs RefObj name:tap_out start:485:24 end:485:31:
                          vpiParent: AssignStmt
                          vpiName: tap_out
                          vpiFullName: ODELAYE2.tap_out
                          vpiActual: Net name:tap_out
                        vpiRhs RefObj name:delay_chain_1 start:485:34 end:485:47:
                          vpiParent: AssignStmt
                          vpiName: delay_chain_1
                          vpiFullName: ODELAYE2.delay_chain_1
                          vpiActual: Net name:delay_chain_1
                    CaseItem start:486:13 end:486:48:
                      vpiParent: CaseStmt
                      vpiExpr (1 items):
                        Constant start:486:13 end:486:14:
                          vpiParent: CaseItem
                          vpiTypespec RefTypespec:
                            vpiParent: Constant
                            vpiFullName: ODELAYE2
                            vpiActual: IntTypespec
                          vpiConstType: unsigned int (9)
                          vpiSize: 64
                          vpiDecompile: "2"
                          vpiValue: 2
                      vpiStmt AssignStmt start:486:17 end:486:47:
                        vpiParent: CaseItem
                        vpiLhs RefObj name:tap_out start:486:24 end:486:31:
                          vpiParent: AssignStmt
                          vpiName: tap_out
                          vpiFullName: ODELAYE2.tap_out
                          vpiActual: Net name:tap_out
                        vpiRhs RefObj name:delay_chain_2 start:486:34 end:486:47:
                          vpiParent: AssignStmt
                          vpiName: delay_chain_2
                          vpiFullName: ODELAYE2.delay_chain_2
                          vpiActual: Net name:delay_chain_2
                    CaseItem start:487:13 end:487:48:
                      vpiParent: CaseStmt
                      vpiExpr (1 items):
                        Constant start:487:13 end:487:14:
                          vpiParent: CaseItem
                          vpiTypespec RefTypespec:
                            vpiParent: Constant
                            vpiFullName: ODELAYE2
                            vpiActual: IntTypespec
                          vpiConstType: unsigned int (9)
                          vpiSize: 64
                          vpiDecompile: "3"
                          vpiValue: 3
                      vpiStmt AssignStmt start:487:17 end:487:47:
                        vpiParent: CaseItem
                        vpiLhs RefObj name:tap_out start:487:24 end:487:31:
                          vpiParent: AssignStmt
                          vpiName: tap_out
                          vpiFullName: ODELAYE2.tap_out
                          vpiActual: Net name:tap_out
                        vpiRhs RefObj name:delay_chain_3 start:487:34 end:487:47:
                          vpiParent: AssignStmt
                          vpiName: delay_chain_3
                          vpiFullName: ODELAYE2.delay_chain_3
                          vpiActual: Net name:delay_chain_3
                    CaseItem start:488:13 end:488:48:
                      vpiParent: CaseStmt
                      vpiExpr (1 items):
                        Constant start:488:13 end:488:14:
                          vpiParent: CaseItem
                          vpiTypespec RefTypespec:
                            vpiParent: Constant
                            vpiFullName: ODELAYE2
                            vpiActual: IntTypespec
                          vpiConstType: unsigned int (9)
                          vpiSize: 64
                          vpiDecompile: "4"
                          vpiValue: 4
                      vpiStmt AssignStmt start:488:17 end:488:47:
                        vpiParent: CaseItem
                        vpiLhs RefObj name:tap_out start:488:24 end:488:31:
                          vpiParent: AssignStmt
                          vpiName: tap_out
                          vpiFullName: ODELAYE2.tap_out
                          vpiActual: Net name:tap_out
                        vpiRhs RefObj name:delay_chain_4 start:488:34 end:488:47:
                          vpiParent: AssignStmt
                          vpiName: delay_chain_4
                          vpiFullName: ODELAYE2.delay_chain_4
                          vpiActual: Net name:delay_chain_4
                    CaseItem start:489:13 end:489:48:
                      vpiParent: CaseStmt
                      vpiExpr (1 items):
                        Constant start:489:13 end:489:14:
                          vpiParent: CaseItem
                          vpiTypespec RefTypespec:
                            vpiParent: Constant
                            vpiFullName: ODELAYE2
                            vpiActual: IntTypespec
                          vpiConstType: unsigned int (9)
                          vpiSize: 64
                          vpiDecompile: "5"
                          vpiValue: 5
                      vpiStmt AssignStmt start:489:17 end:489:47:
                        vpiParent: CaseItem
                        vpiLhs RefObj name:tap_out start:489:24 end:489:31:
                          vpiParent: AssignStmt
                          vpiName: tap_out
                          vpiFullName: ODELAYE2.tap_out
                          vpiActual: Net name:tap_out
                        vpiRhs RefObj name:delay_chain_5 start:489:34 end:489:47:
                          vpiParent: AssignStmt
                          vpiName: delay_chain_5
                          vpiFullName: ODELAYE2.delay_chain_5
                          vpiActual: Net name:delay_chain_5
                    CaseItem start:490:13 end:490:48:
                      vpiParent: CaseStmt
                      vpiExpr (1 items):
                        Constant start:490:13 end:490:14:
                          vpiParent: CaseItem
                          vpiTypespec RefTypespec:
                            vpiParent: Constant
                            vpiFullName: ODELAYE2
                            vpiActual: IntTypespec
                          vpiConstType: unsigned int (9)
                          vpiSize: 64
                          vpiDecompile: "6"
                          vpiValue: 6
                      vpiStmt AssignStmt start:490:17 end:490:47:
                        vpiParent: CaseItem
                        vpiLhs RefObj name:tap_out start:490:24 end:490:31:
                          vpiParent: AssignStmt
                          vpiName: tap_out
                          vpiFullName: ODELAYE2.tap_out
                          vpiActual: Net name:tap_out
                        vpiRhs RefObj name:delay_chain_6 start:490:34 end:490:47:
                          vpiParent: AssignStmt
                          vpiName: delay_chain_6
                          vpiFullName: ODELAYE2.delay_chain_6
                          vpiActual: Net name:delay_chain_6
                    CaseItem start:491:13 end:491:48:
                      vpiParent: CaseStmt
                      vpiExpr (1 items):
                        Constant start:491:13 end:491:14:
                          vpiParent: CaseItem
                          vpiTypespec RefTypespec:
                            vpiParent: Constant
                            vpiFullName: ODELAYE2
                            vpiActual: IntTypespec
                          vpiConstType: unsigned int (9)
                          vpiSize: 64
                          vpiDecompile: "7"
                          vpiValue: 7
                      vpiStmt AssignStmt start:491:17 end:491:47:
                        vpiParent: CaseItem
                        vpiLhs RefObj name:tap_out start:491:24 end:491:31:
                          vpiParent: AssignStmt
                          vpiName: tap_out
                          vpiFullName: ODELAYE2.tap_out
                          vpiActual: Net name:tap_out
                        vpiRhs RefObj name:delay_chain_7 start:491:34 end:491:47:
                          vpiParent: AssignStmt
                          vpiName: delay_chain_7
                          vpiFullName: ODELAYE2.delay_chain_7
                          vpiActual: Net name:delay_chain_7
                    CaseItem start:492:13 end:492:48:
                      vpiParent: CaseStmt
                      vpiExpr (1 items):
                        Constant start:492:13 end:492:14:
                          vpiParent: CaseItem
                          vpiTypespec RefTypespec:
                            vpiParent: Constant
                            vpiFullName: ODELAYE2
                            vpiActual: IntTypespec
                          vpiConstType: unsigned int (9)
                          vpiSize: 64
                          vpiDecompile: "8"
                          vpiValue: 8
                      vpiStmt AssignStmt start:492:17 end:492:47:
                        vpiParent: CaseItem
                        vpiLhs RefObj name:tap_out start:492:24 end:492:31:
                          vpiParent: AssignStmt
                          vpiName: tap_out
                          vpiFullName: ODELAYE2.tap_out
                          vpiActual: Net name:tap_out
                        vpiRhs RefObj name:delay_chain_8 start:492:34 end:492:47:
                          vpiParent: AssignStmt
                          vpiName: delay_chain_8
                          vpiFullName: ODELAYE2.delay_chain_8
                          vpiActual: Net name:delay_chain_8
                    CaseItem start:493:13 end:493:48:
                      vpiParent: CaseStmt
                      vpiExpr (1 items):
                        Constant start:493:13 end:493:14:
                          vpiParent: CaseItem
                          vpiTypespec RefTypespec:
                            vpiParent: Constant
                            vpiFullName: ODELAYE2
                            vpiActual: IntTypespec
                          vpiConstType: unsigned int (9)
                          vpiSize: 64
                          vpiDecompile: "9"
                          vpiValue: 9
                      vpiStmt AssignStmt start:493:17 end:493:47:
                        vpiParent: CaseItem
                        vpiLhs RefObj name:tap_out start:493:24 end:493:31:
                          vpiParent: AssignStmt
                          vpiName: tap_out
                          vpiFullName: ODELAYE2.tap_out
                          vpiActual: Net name:tap_out
                        vpiRhs RefObj name:delay_chain_9 start:493:34 end:493:47:
                          vpiParent: AssignStmt
                          vpiName: delay_chain_9
                          vpiFullName: ODELAYE2.delay_chain_9
                          vpiActual: Net name:delay_chain_9
                    CaseItem start:494:13 end:494:49:
                      vpiParent: CaseStmt
                      vpiExpr (1 items):
                        Constant start:494:13 end:494:15:
                          vpiParent: CaseItem
                          vpiTypespec RefTypespec:
                            vpiParent: Constant
                            vpiFullName: ODELAYE2
                            vpiActual: IntTypespec
                          vpiConstType: unsigned int (9)
                          vpiSize: 64
                          vpiDecompile: "10"
                          vpiValue: 10
                      vpiStmt AssignStmt start:494:17 end:494:48:
                        vpiParent: CaseItem
                        vpiLhs RefObj name:tap_out start:494:24 end:494:31:
                          vpiParent: AssignStmt
                          vpiName: tap_out
                          vpiFullName: ODELAYE2.tap_out
                          vpiActual: Net name:tap_out
                        vpiRhs RefObj name:delay_chain_10 start:494:34 end:494:48:
                          vpiParent: AssignStmt
                          vpiName: delay_chain_10
                          vpiFullName: ODELAYE2.delay_chain_10
                          vpiActual: Net name:delay_chain_10
                    CaseItem start:495:13 end:495:49:
                      vpiParent: CaseStmt
                      vpiExpr (1 items):
                        Constant start:495:13 end:495:15:
                          vpiParent: CaseItem
                          vpiTypespec RefTypespec:
                            vpiParent: Constant
                            vpiFullName: ODELAYE2
                            vpiActual: IntTypespec
                          vpiConstType: unsigned int (9)
                          vpiSize: 64
                          vpiDecompile: "11"
                          vpiValue: 11
                      vpiStmt AssignStmt start:495:17 end:495:48:
                        vpiParent: CaseItem
                        vpiLhs RefObj name:tap_out start:495:24 end:495:31:
                          vpiParent: AssignStmt
                          vpiName: tap_out
                          vpiFullName: ODELAYE2.tap_out
                          vpiActual: Net name:tap_out
                        vpiRhs RefObj name:delay_chain_11 start:495:34 end:495:48:
                          vpiParent: AssignStmt
                          vpiName: delay_chain_11
                          vpiFullName: ODELAYE2.delay_chain_11
                          vpiActual: Net name:delay_chain_11
                    CaseItem start:496:13 end:496:49:
                      vpiParent: CaseStmt
                      vpiExpr (1 items):
                        Constant start:496:13 end:496:15:
                          vpiParent: CaseItem
                          vpiTypespec RefTypespec:
                            vpiParent: Constant
                            vpiFullName: ODELAYE2
                            vpiActual: IntTypespec
                          vpiConstType: unsigned int (9)
                          vpiSize: 64
                          vpiDecompile: "12"
                          vpiValue: 12
                      vpiStmt AssignStmt start:496:17 end:496:48:
                        vpiParent: CaseItem
                        vpiLhs RefObj name:tap_out start:496:24 end:496:31:
                          vpiParent: AssignStmt
                          vpiName: tap_out
                          vpiFullName: ODELAYE2.tap_out
                          vpiActual: Net name:tap_out
                        vpiRhs RefObj name:delay_chain_12 start:496:34 end:496:48:
                          vpiParent: AssignStmt
                          vpiName: delay_chain_12
                          vpiFullName: ODELAYE2.delay_chain_12
                          vpiActual: Net name:delay_chain_12
                    CaseItem start:497:13 end:497:49:
                      vpiParent: CaseStmt
                      vpiExpr (1 items):
                        Constant start:497:13 end:497:15:
                          vpiParent: CaseItem
                          vpiTypespec RefTypespec:
                            vpiParent: Constant
                            vpiFullName: ODELAYE2
                            vpiActual: IntTypespec
                          vpiConstType: unsigned int (9)
                          vpiSize: 64
                          vpiDecompile: "13"
                          vpiValue: 13
                      vpiStmt AssignStmt start:497:17 end:497:48:
                        vpiParent: CaseItem
                        vpiLhs RefObj name:tap_out start:497:24 end:497:31:
                          vpiParent: AssignStmt
                          vpiName: tap_out
                          vpiFullName: ODELAYE2.tap_out
                          vpiActual: Net name:tap_out
                        vpiRhs RefObj name:delay_chain_13 start:497:34 end:497:48:
                          vpiParent: AssignStmt
                          vpiName: delay_chain_13
                          vpiFullName: ODELAYE2.delay_chain_13
                          vpiActual: Net name:delay_chain_13
                    CaseItem start:498:13 end:498:49:
                      vpiParent: CaseStmt
                      vpiExpr (1 items):
                        Constant start:498:13 end:498:15:
                          vpiParent: CaseItem
                          vpiTypespec RefTypespec:
                            vpiParent: Constant
                            vpiFullName: ODELAYE2
                            vpiActual: IntTypespec
                          vpiConstType: unsigned int (9)
                          vpiSize: 64
                          vpiDecompile: "14"
                          vpiValue: 14
                      vpiStmt AssignStmt start:498:17 end:498:48:
                        vpiParent: CaseItem
                        vpiLhs RefObj name:tap_out start:498:24 end:498:31:
                          vpiParent: AssignStmt
                          vpiName: tap_out
                          vpiFullName: ODELAYE2.tap_out
                          vpiActual: Net name:tap_out
                        vpiRhs RefObj name:delay_chain_14 start:498:34 end:498:48:
                          vpiParent: AssignStmt
                          vpiName: delay_chain_14
                          vpiFullName: ODELAYE2.delay_chain_14
                          vpiActual: Net name:delay_chain_14
                    CaseItem start:499:13 end:499:49:
                      vpiParent: CaseStmt
                      vpiExpr (1 items):
                        Constant start:499:13 end:499:15:
                          vpiParent: CaseItem
                          vpiTypespec RefTypespec:
                            vpiParent: Constant
                            vpiFullName: ODELAYE2
                            vpiActual: IntTypespec
                          vpiConstType: unsigned int (9)
                          vpiSize: 64
                          vpiDecompile: "15"
                          vpiValue: 15
                      vpiStmt AssignStmt start:499:17 end:499:48:
                        vpiParent: CaseItem
                        vpiLhs RefObj name:tap_out start:499:24 end:499:31:
                          vpiParent: AssignStmt
                          vpiName: tap_out
                          vpiFullName: ODELAYE2.tap_out
                          vpiActual: Net name:tap_out
                        vpiRhs RefObj name:delay_chain_15 start:499:34 end:499:48:
                          vpiParent: AssignStmt
                          vpiName: delay_chain_15
                          vpiFullName: ODELAYE2.delay_chain_15
                          vpiActual: Net name:delay_chain_15
                    CaseItem start:500:13 end:500:49:
                      vpiParent: CaseStmt
                      vpiExpr (1 items):
                        Constant start:500:13 end:500:15:
                          vpiParent: CaseItem
                          vpiTypespec RefTypespec:
                            vpiParent: Constant
                            vpiFullName: ODELAYE2
                            vpiActual: IntTypespec
                          vpiConstType: unsigned int (9)
                          vpiSize: 64
                          vpiDecompile: "16"
                          vpiValue: 16
                      vpiStmt AssignStmt start:500:17 end:500:48:
                        vpiParent: CaseItem
                        vpiLhs RefObj name:tap_out start:500:24 end:500:31:
                          vpiParent: AssignStmt
                          vpiName: tap_out
                          vpiFullName: ODELAYE2.tap_out
                          vpiActual: Net name:tap_out
                        vpiRhs RefObj name:delay_chain_16 start:500:34 end:500:48:
                          vpiParent: AssignStmt
                          vpiName: delay_chain_16
                          vpiFullName: ODELAYE2.delay_chain_16
                          vpiActual: Net name:delay_chain_16
                    CaseItem start:501:13 end:501:49:
                      vpiParent: CaseStmt
                      vpiExpr (1 items):
                        Constant start:501:13 end:501:15:
                          vpiParent: CaseItem
                          vpiTypespec RefTypespec:
                            vpiParent: Constant
                            vpiFullName: ODELAYE2
                            vpiActual: IntTypespec
                          vpiConstType: unsigned int (9)
                          vpiSize: 64
                          vpiDecompile: "17"
                          vpiValue: 17
                      vpiStmt AssignStmt start:501:17 end:501:48:
                        vpiParent: CaseItem
                        vpiLhs RefObj name:tap_out start:501:24 end:501:31:
                          vpiParent: AssignStmt
                          vpiName: tap_out
                          vpiFullName: ODELAYE2.tap_out
                          vpiActual: Net name:tap_out
                        vpiRhs RefObj name:delay_chain_17 start:501:34 end:501:48:
                          vpiParent: AssignStmt
                          vpiName: delay_chain_17
                          vpiFullName: ODELAYE2.delay_chain_17
                          vpiActual: Net name:delay_chain_17
                    CaseItem start:502:13 end:502:49:
                      vpiParent: CaseStmt
                      vpiExpr (1 items):
                        Constant start:502:13 end:502:15:
                          vpiParent: CaseItem
                          vpiTypespec RefTypespec:
                            vpiParent: Constant
                            vpiFullName: ODELAYE2
                            vpiActual: IntTypespec
                          vpiConstType: unsigned int (9)
                          vpiSize: 64
                          vpiDecompile: "18"
                          vpiValue: 18
                      vpiStmt AssignStmt start:502:17 end:502:48:
                        vpiParent: CaseItem
                        vpiLhs RefObj name:tap_out start:502:24 end:502:31:
                          vpiParent: AssignStmt
                          vpiName: tap_out
                          vpiFullName: ODELAYE2.tap_out
                          vpiActual: Net name:tap_out
                        vpiRhs RefObj name:delay_chain_18 start:502:34 end:502:48:
                          vpiParent: AssignStmt
                          vpiName: delay_chain_18
                          vpiFullName: ODELAYE2.delay_chain_18
                          vpiActual: Net name:delay_chain_18
                    CaseItem start:503:13 end:503:49:
                      vpiParent: CaseStmt
                      vpiExpr (1 items):
                        Constant start:503:13 end:503:15:
                          vpiParent: CaseItem
                          vpiTypespec RefTypespec:
                            vpiParent: Constant
                            vpiFullName: ODELAYE2
                            vpiActual: IntTypespec
                          vpiConstType: unsigned int (9)
                          vpiSize: 64
                          vpiDecompile: "19"
                          vpiValue: 19
                      vpiStmt AssignStmt start:503:17 end:503:48:
                        vpiParent: CaseItem
                        vpiLhs RefObj name:tap_out start:503:24 end:503:31:
                          vpiParent: AssignStmt
                          vpiName: tap_out
                          vpiFullName: ODELAYE2.tap_out
                          vpiActual: Net name:tap_out
                        vpiRhs RefObj name:delay_chain_19 start:503:34 end:503:48:
                          vpiParent: AssignStmt
                          vpiName: delay_chain_19
                          vpiFullName: ODELAYE2.delay_chain_19
                          vpiActual: Net name:delay_chain_19
                    CaseItem start:504:13 end:504:49:
                      vpiParent: CaseStmt
                      vpiExpr (1 items):
                        Constant start:504:13 end:504:15:
                          vpiParent: CaseItem
                          vpiTypespec RefTypespec:
                            vpiParent: Constant
                            vpiFullName: ODELAYE2
                            vpiActual: IntTypespec
                          vpiConstType: unsigned int (9)
                          vpiSize: 64
                          vpiDecompile: "20"
                          vpiValue: 20
                      vpiStmt AssignStmt start:504:17 end:504:48:
                        vpiParent: CaseItem
                        vpiLhs RefObj name:tap_out start:504:24 end:504:31:
                          vpiParent: AssignStmt
                          vpiName: tap_out
                          vpiFullName: ODELAYE2.tap_out
                          vpiActual: Net name:tap_out
                        vpiRhs RefObj name:delay_chain_20 start:504:34 end:504:48:
                          vpiParent: AssignStmt
                          vpiName: delay_chain_20
                          vpiFullName: ODELAYE2.delay_chain_20
                          vpiActual: Net name:delay_chain_20
                    CaseItem start:505:13 end:505:49:
                      vpiParent: CaseStmt
                      vpiExpr (1 items):
                        Constant start:505:13 end:505:15:
                          vpiParent: CaseItem
                          vpiTypespec RefTypespec:
                            vpiParent: Constant
                            vpiFullName: ODELAYE2
                            vpiActual: IntTypespec
                          vpiConstType: unsigned int (9)
                          vpiSize: 64
                          vpiDecompile: "21"
                          vpiValue: 21
                      vpiStmt AssignStmt start:505:17 end:505:48:
                        vpiParent: CaseItem
                        vpiLhs RefObj name:tap_out start:505:24 end:505:31:
                          vpiParent: AssignStmt
                          vpiName: tap_out
                          vpiFullName: ODELAYE2.tap_out
                          vpiActual: Net name:tap_out
                        vpiRhs RefObj name:delay_chain_21 start:505:34 end:505:48:
                          vpiParent: AssignStmt
                          vpiName: delay_chain_21
                          vpiFullName: ODELAYE2.delay_chain_21
                          vpiActual: Net name:delay_chain_21
                    CaseItem start:506:13 end:506:49:
                      vpiParent: CaseStmt
                      vpiExpr (1 items):
                        Constant start:506:13 end:506:15:
                          vpiParent: CaseItem
                          vpiTypespec RefTypespec:
                            vpiParent: Constant
                            vpiFullName: ODELAYE2
                            vpiActual: IntTypespec
                          vpiConstType: unsigned int (9)
                          vpiSize: 64
                          vpiDecompile: "22"
                          vpiValue: 22
                      vpiStmt AssignStmt start:506:17 end:506:48:
                        vpiParent: CaseItem
                        vpiLhs RefObj name:tap_out start:506:24 end:506:31:
                          vpiParent: AssignStmt
                          vpiName: tap_out
                          vpiFullName: ODELAYE2.tap_out
                          vpiActual: Net name:tap_out
                        vpiRhs RefObj name:delay_chain_22 start:506:34 end:506:48:
                          vpiParent: AssignStmt
                          vpiName: delay_chain_22
                          vpiFullName: ODELAYE2.delay_chain_22
                          vpiActual: Net name:delay_chain_22
                    CaseItem start:507:13 end:507:49:
                      vpiParent: CaseStmt
                      vpiExpr (1 items):
                        Constant start:507:13 end:507:15:
                          vpiParent: CaseItem
                          vpiTypespec RefTypespec:
                            vpiParent: Constant
                            vpiFullName: ODELAYE2
                            vpiActual: IntTypespec
                          vpiConstType: unsigned int (9)
                          vpiSize: 64
                          vpiDecompile: "23"
                          vpiValue: 23
                      vpiStmt AssignStmt start:507:17 end:507:48:
                        vpiParent: CaseItem
                        vpiLhs RefObj name:tap_out start:507:24 end:507:31:
                          vpiParent: AssignStmt
                          vpiName: tap_out
                          vpiFullName: ODELAYE2.tap_out
                          vpiActual: Net name:tap_out
                        vpiRhs RefObj name:delay_chain_23 start:507:34 end:507:48:
                          vpiParent: AssignStmt
                          vpiName: delay_chain_23
                          vpiFullName: ODELAYE2.delay_chain_23
                          vpiActual: Net name:delay_chain_23
                    CaseItem start:508:13 end:508:49:
                      vpiParent: CaseStmt
                      vpiExpr (1 items):
                        Constant start:508:13 end:508:15:
                          vpiParent: CaseItem
                          vpiTypespec RefTypespec:
                            vpiParent: Constant
                            vpiFullName: ODELAYE2
                            vpiActual: IntTypespec
                          vpiConstType: unsigned int (9)
                          vpiSize: 64
                          vpiDecompile: "24"
                          vpiValue: 24
                      vpiStmt AssignStmt start:508:17 end:508:48:
                        vpiParent: CaseItem
                        vpiLhs RefObj name:tap_out start:508:24 end:508:31:
                          vpiParent: AssignStmt
                          vpiName: tap_out
                          vpiFullName: ODELAYE2.tap_out
                          vpiActual: Net name:tap_out
                        vpiRhs RefObj name:delay_chain_24 start:508:34 end:508:48:
                          vpiParent: AssignStmt
                          vpiName: delay_chain_24
                          vpiFullName: ODELAYE2.delay_chain_24
                          vpiActual: Net name:delay_chain_24
                    CaseItem start:509:13 end:509:49:
                      vpiParent: CaseStmt
                      vpiExpr (1 items):
                        Constant start:509:13 end:509:15:
                          vpiParent: CaseItem
                          vpiTypespec RefTypespec:
                            vpiParent: Constant
                            vpiFullName: ODELAYE2
                            vpiActual: IntTypespec
                          vpiConstType: unsigned int (9)
                          vpiSize: 64
                          vpiDecompile: "25"
                          vpiValue: 25
                      vpiStmt AssignStmt start:509:17 end:509:48:
                        vpiParent: CaseItem
                        vpiLhs RefObj name:tap_out start:509:24 end:509:31:
                          vpiParent: AssignStmt
                          vpiName: tap_out
                          vpiFullName: ODELAYE2.tap_out
                          vpiActual: Net name:tap_out
                        vpiRhs RefObj name:delay_chain_25 start:509:34 end:509:48:
                          vpiParent: AssignStmt
                          vpiName: delay_chain_25
                          vpiFullName: ODELAYE2.delay_chain_25
                          vpiActual: Net name:delay_chain_25
                    CaseItem start:510:13 end:510:49:
                      vpiParent: CaseStmt
                      vpiExpr (1 items):
                        Constant start:510:13 end:510:15:
                          vpiParent: CaseItem
                          vpiTypespec RefTypespec:
                            vpiParent: Constant
                            vpiFullName: ODELAYE2
                            vpiActual: IntTypespec
                          vpiConstType: unsigned int (9)
                          vpiSize: 64
                          vpiDecompile: "26"
                          vpiValue: 26
                      vpiStmt AssignStmt start:510:17 end:510:48:
                        vpiParent: CaseItem
                        vpiLhs RefObj name:tap_out start:510:24 end:510:31:
                          vpiParent: AssignStmt
                          vpiName: tap_out
                          vpiFullName: ODELAYE2.tap_out
                          vpiActual: Net name:tap_out
                        vpiRhs RefObj name:delay_chain_26 start:510:34 end:510:48:
                          vpiParent: AssignStmt
                          vpiName: delay_chain_26
                          vpiFullName: ODELAYE2.delay_chain_26
                          vpiActual: Net name:delay_chain_26
                    CaseItem start:511:13 end:511:49:
                      vpiParent: CaseStmt
                      vpiExpr (1 items):
                        Constant start:511:13 end:511:15:
                          vpiParent: CaseItem
                          vpiTypespec RefTypespec:
                            vpiParent: Constant
                            vpiFullName: ODELAYE2
                            vpiActual: IntTypespec
                          vpiConstType: unsigned int (9)
                          vpiSize: 64
                          vpiDecompile: "27"
                          vpiValue: 27
                      vpiStmt AssignStmt start:511:17 end:511:48:
                        vpiParent: CaseItem
                        vpiLhs RefObj name:tap_out start:511:24 end:511:31:
                          vpiParent: AssignStmt
                          vpiName: tap_out
                          vpiFullName: ODELAYE2.tap_out
                          vpiActual: Net name:tap_out
                        vpiRhs RefObj name:delay_chain_27 start:511:34 end:511:48:
                          vpiParent: AssignStmt
                          vpiName: delay_chain_27
                          vpiFullName: ODELAYE2.delay_chain_27
                          vpiActual: Net name:delay_chain_27
                    CaseItem start:512:13 end:512:49:
                      vpiParent: CaseStmt
                      vpiExpr (1 items):
                        Constant start:512:13 end:512:15:
                          vpiParent: CaseItem
                          vpiTypespec RefTypespec:
                            vpiParent: Constant
                            vpiFullName: ODELAYE2
                            vpiActual: IntTypespec
                          vpiConstType: unsigned int (9)
                          vpiSize: 64
                          vpiDecompile: "28"
                          vpiValue: 28
                      vpiStmt AssignStmt start:512:17 end:512:48:
                        vpiParent: CaseItem
                        vpiLhs RefObj name:tap_out start:512:24 end:512:31:
                          vpiParent: AssignStmt
                          vpiName: tap_out
                          vpiFullName: ODELAYE2.tap_out
                          vpiActual: Net name:tap_out
                        vpiRhs RefObj name:delay_chain_28 start:512:34 end:512:48:
                          vpiParent: AssignStmt
                          vpiName: delay_chain_28
                          vpiFullName: ODELAYE2.delay_chain_28
                          vpiActual: Net name:delay_chain_28
                    CaseItem start:513:13 end:513:49:
                      vpiParent: CaseStmt
                      vpiExpr (1 items):
                        Constant start:513:13 end:513:15:
                          vpiParent: CaseItem
                          vpiTypespec RefTypespec:
                            vpiParent: Constant
                            vpiFullName: ODELAYE2
                            vpiActual: IntTypespec
                          vpiConstType: unsigned int (9)
                          vpiSize: 64
                          vpiDecompile: "29"
                          vpiValue: 29
                      vpiStmt AssignStmt start:513:17 end:513:48:
                        vpiParent: CaseItem
                        vpiLhs RefObj name:tap_out start:513:24 end:513:31:
                          vpiParent: AssignStmt
                          vpiName: tap_out
                          vpiFullName: ODELAYE2.tap_out
                          vpiActual: Net name:tap_out
                        vpiRhs RefObj name:delay_chain_29 start:513:34 end:513:48:
                          vpiParent: AssignStmt
                          vpiName: delay_chain_29
                          vpiFullName: ODELAYE2.delay_chain_29
                          vpiActual: Net name:delay_chain_29
                    CaseItem start:514:13 end:514:49:
                      vpiParent: CaseStmt
                      vpiExpr (1 items):
                        Constant start:514:13 end:514:15:
                          vpiParent: CaseItem
                          vpiTypespec RefTypespec:
                            vpiParent: Constant
                            vpiFullName: ODELAYE2
                            vpiActual: IntTypespec
                          vpiConstType: unsigned int (9)
                          vpiSize: 64
                          vpiDecompile: "30"
                          vpiValue: 30
                      vpiStmt AssignStmt start:514:17 end:514:48:
                        vpiParent: CaseItem
                        vpiLhs RefObj name:tap_out start:514:24 end:514:31:
                          vpiParent: AssignStmt
                          vpiName: tap_out
                          vpiFullName: ODELAYE2.tap_out
                          vpiActual: Net name:tap_out
                        vpiRhs RefObj name:delay_chain_30 start:514:34 end:514:48:
                          vpiParent: AssignStmt
                          vpiName: delay_chain_30
                          vpiFullName: ODELAYE2.delay_chain_30
                          vpiActual: Net name:delay_chain_30
                    CaseItem start:515:13 end:515:49:
                      vpiParent: CaseStmt
                      vpiExpr (1 items):
                        Constant start:515:13 end:515:15:
                          vpiParent: CaseItem
                          vpiTypespec RefTypespec:
                            vpiParent: Constant
                            vpiFullName: ODELAYE2
                            vpiActual: IntTypespec
                          vpiConstType: unsigned int (9)
                          vpiSize: 64
                          vpiDecompile: "31"
                          vpiValue: 31
                      vpiStmt AssignStmt start:515:17 end:515:48:
                        vpiParent: CaseItem
                        vpiLhs RefObj name:tap_out start:515:24 end:515:31:
                          vpiParent: AssignStmt
                          vpiName: tap_out
                          vpiFullName: ODELAYE2.tap_out
                          vpiActual: Net name:tap_out
                        vpiRhs RefObj name:delay_chain_31 start:515:34 end:515:48:
                          vpiParent: AssignStmt
                          vpiName: delay_chain_31
                          vpiFullName: ODELAYE2.delay_chain_31
                          vpiActual: Net name:delay_chain_31
                    CaseItem start:516:13 end:517:48:
                      vpiParent: CaseStmt
                      vpiStmt AssignStmt start:517:17 end:517:47:
                        vpiParent: CaseItem
                        vpiLhs RefObj name:tap_out start:517:24 end:517:31:
                          vpiParent: AssignStmt
                          vpiName: tap_out
                          vpiFullName: ODELAYE2.tap_out
                          vpiActual: Net name:tap_out
                        vpiRhs RefObj name:delay_chain_0 start:517:34 end:517:47:
                          vpiParent: AssignStmt
                          vpiName: delay_chain_0
                          vpiFullName: ODELAYE2.delay_chain_0
                          vpiActual: Net name:delay_chain_0
          vpiAlwaysType: always (1)
      vpiContAssign (55 items):
        ContAssign start:136:12 end:136:33:
          vpiParent: Module name:ODELAYE2
          vpiLhs RefObj name:DATAOUT start:136:12 end:136:19:
            vpiParent: ContAssign
            vpiName: DATAOUT
            vpiFullName: ODELAYE2.DATAOUT
            vpiActual: Net name:DATAOUT
          vpiRhs RefObj name:DATAOUT_reg start:136:22 end:136:33:
            vpiParent: ContAssign
            vpiName: DATAOUT_reg
            vpiFullName: ODELAYE2.DATAOUT_reg
            vpiActual: Net name:DATAOUT_reg
        ContAssign start:137:12 end:137:41:
          vpiParent: Module name:ODELAYE2
          vpiLhs RefObj name:CNTVALUEOUT start:137:12 end:137:23:
            vpiParent: ContAssign
            vpiName: CNTVALUEOUT
            vpiFullName: ODELAYE2.CNTVALUEOUT
            vpiActual: Net name:CNTVALUEOUT
          vpiRhs RefObj name:cntvalueout_pre start:137:26 end:137:41:
            vpiParent: ContAssign
            vpiName: cntvalueout_pre
            vpiFullName: ODELAYE2.cntvalueout_pre
            vpiActual: Net name:cntvalueout_pre
        ContAssign start:143:12 end:143:24:
          vpiParent: Module name:ODELAYE2
          vpiLhs RefObj name:delay_C start:143:12 end:143:19:
            vpiParent: ContAssign
            vpiName: delay_C
            vpiFullName: ODELAYE2.delay_C
            vpiActual: Net name:delay_C
          vpiRhs RefObj name:C start:143:23 end:143:24:
            vpiParent: ContAssign
            vpiName: C
            vpiFullName: ODELAYE2.C
            vpiActual: Net name:C
        ContAssign start:144:12 end:144:25:
          vpiParent: Module name:ODELAYE2
          vpiLhs RefObj name:delay_CE start:144:12 end:144:20:
            vpiParent: ContAssign
            vpiName: delay_CE
            vpiFullName: ODELAYE2.delay_CE
            vpiActual: Net name:delay_CE
          vpiRhs RefObj name:CE start:144:23 end:144:25:
            vpiParent: ContAssign
            vpiName: CE
            vpiFullName: ODELAYE2.CE
            vpiActual: Net name:CE
        ContAssign start:145:12 end:145:41:
          vpiParent: Module name:ODELAYE2
          vpiLhs RefObj name:delay_CNTVALUEIN start:145:12 end:145:28:
            vpiParent: ContAssign
            vpiName: delay_CNTVALUEIN
            vpiFullName: ODELAYE2.delay_CNTVALUEIN
            vpiActual: Net name:delay_CNTVALUEIN
          vpiRhs RefObj name:CNTVALUEIN start:145:31 end:145:41:
            vpiParent: ContAssign
            vpiName: CNTVALUEIN
            vpiFullName: ODELAYE2.CNTVALUEIN
            vpiActual: Net name:CNTVALUEIN
        ContAssign start:146:12 end:146:27:
          vpiParent: Module name:ODELAYE2
          vpiLhs RefObj name:delay_INC start:146:12 end:146:21:
            vpiParent: ContAssign
            vpiName: delay_INC
            vpiFullName: ODELAYE2.delay_INC
            vpiActual: Net name:delay_INC
          vpiRhs RefObj name:INC start:146:24 end:146:27:
            vpiParent: ContAssign
            vpiName: INC
            vpiFullName: ODELAYE2.INC
            vpiActual: Net name:INC
        ContAssign start:147:12 end:147:25:
          vpiParent: Module name:ODELAYE2
          vpiLhs RefObj name:delay_LD start:147:12 end:147:20:
            vpiParent: ContAssign
            vpiName: delay_LD
            vpiFullName: ODELAYE2.delay_LD
            vpiActual: Net name:delay_LD
          vpiRhs RefObj name:LD start:147:23 end:147:25:
            vpiParent: ContAssign
            vpiName: LD
            vpiFullName: ODELAYE2.LD
            vpiActual: Net name:LD
        ContAssign start:148:12 end:148:37:
          vpiParent: Module name:ODELAYE2
          vpiLhs RefObj name:delay_LDPIPEEN start:148:12 end:148:26:
            vpiParent: ContAssign
            vpiName: delay_LDPIPEEN
            vpiFullName: ODELAYE2.delay_LDPIPEEN
            vpiActual: Net name:delay_LDPIPEEN
          vpiRhs RefObj name:LDPIPEEN start:148:29 end:148:37:
            vpiParent: ContAssign
            vpiName: LDPIPEEN
            vpiFullName: ODELAYE2.LDPIPEEN
            vpiActual: Net name:LDPIPEEN
        ContAssign start:149:12 end:149:33:
          vpiParent: Module name:ODELAYE2
          vpiLhs RefObj name:delay_REGRST start:149:12 end:149:24:
            vpiParent: ContAssign
            vpiName: delay_REGRST
            vpiFullName: ODELAYE2.delay_REGRST
            vpiActual: Net name:delay_REGRST
          vpiRhs RefObj name:REGRST start:149:27 end:149:33:
            vpiParent: ContAssign
            vpiName: REGRST
            vpiFullName: ODELAYE2.REGRST
            vpiActual: Net name:REGRST
        ContAssign start:151:12 end:151:37:
          vpiParent: Module name:ODELAYE2
          vpiLhs RefObj name:delay_CINVCTRL start:151:12 end:151:26:
            vpiParent: ContAssign
            vpiName: delay_CINVCTRL
            vpiFullName: ODELAYE2.delay_CINVCTRL
            vpiActual: Net name:delay_CINVCTRL
          vpiRhs RefObj name:CINVCTRL start:151:29 end:151:37:
            vpiParent: ContAssign
            vpiName: CINVCTRL
            vpiFullName: ODELAYE2.CINVCTRL
            vpiActual: Net name:CINVCTRL
        ContAssign start:152:12 end:152:31:
          vpiParent: Module name:ODELAYE2
          vpiLhs RefObj name:delay_CLKIN start:152:12 end:152:23:
            vpiParent: ContAssign
            vpiName: delay_CLKIN
            vpiFullName: ODELAYE2.delay_CLKIN
            vpiActual: Net name:delay_CLKIN
          vpiRhs RefObj name:CLKIN start:152:26 end:152:31:
            vpiParent: ContAssign
            vpiName: CLKIN
            vpiFullName: ODELAYE2.CLKIN
            vpiActual: Net name:CLKIN
        ContAssign start:153:12 end:153:35:
          vpiParent: Module name:ODELAYE2
          vpiLhs RefObj name:delay_ODATAIN start:153:12 end:153:25:
            vpiParent: ContAssign
            vpiName: delay_ODATAIN
            vpiFullName: ODELAYE2.delay_ODATAIN
            vpiActual: Net name:delay_ODATAIN
          vpiRhs RefObj name:ODATAIN start:153:28 end:153:35:
            vpiParent: ContAssign
            vpiName: ODATAIN
            vpiFullName: ODELAYE2.ODATAIN
            vpiActual: Net name:ODATAIN
        ContAssign start:154:12 end:154:24:
          vpiParent: Module name:ODELAYE2
          vpiLhs RefObj name:gsr_in start:154:12 end:154:18:
            vpiParent: ContAssign
            vpiName: gsr_in
            vpiFullName: ODELAYE2.gsr_in
            vpiActual: Net name:gsr_in
          vpiRhs RefObj name:GSR start:154:21 end:154:24:
            vpiParent: ContAssign
            vpiName: GSR
            vpiFullName: ODELAYE2.GSR
            vpiActual: Net name:GSR
        ContAssign start:156:11 end:156:45:
          vpiParent: Module name:ODELAYE2
          vpiLhs RefObj name:c_in_pre start:156:11 end:156:19:
            vpiParent: ContAssign
            vpiName: c_in_pre
            vpiFullName: ODELAYE2.c_in_pre
            vpiActual: Net name:c_in_pre
          vpiRhs Operation start:156:22 end:156:45:
            vpiParent: ContAssign
            vpiOpType: bitwise xor (30)
            vpiOperand (2 items):
              RefObj name:IS_C_INVERTED start:156:22 end:156:35:
                vpiParent: Operation
                vpiName: IS_C_INVERTED
                vpiFullName: ODELAYE2.IS_C_INVERTED
                vpiActual: Parameter name:IS_C_INVERTED
              RefObj name:delay_C start:156:38 end:156:45:
                vpiParent: Operation
                vpiName: delay_C
                vpiFullName: ODELAYE2.delay_C
                vpiActual: Net name:delay_C
        ContAssign start:157:12 end:157:28:
          vpiParent: Module name:ODELAYE2
          vpiLhs RefObj name:ce_in start:157:12 end:157:17:
            vpiParent: ContAssign
            vpiName: ce_in
            vpiFullName: ODELAYE2.ce_in
            vpiActual: Net name:ce_in
          vpiRhs RefObj name:delay_CE start:157:20 end:157:28:
            vpiParent: ContAssign
            vpiName: delay_CE
            vpiFullName: ODELAYE2.delay_CE
            vpiActual: Net name:delay_CE
        ContAssign start:158:12 end:158:44:
          vpiParent: Module name:ODELAYE2
          vpiLhs RefObj name:cntvaluein_in start:158:12 end:158:25:
            vpiParent: ContAssign
            vpiName: cntvaluein_in
            vpiFullName: ODELAYE2.cntvaluein_in
            vpiActual: Net name:cntvaluein_in
          vpiRhs RefObj name:delay_CNTVALUEIN start:158:28 end:158:44:
            vpiParent: ContAssign
            vpiName: delay_CNTVALUEIN
            vpiFullName: ODELAYE2.delay_CNTVALUEIN
            vpiActual: Net name:delay_CNTVALUEIN
        ContAssign start:159:12 end:159:30:
          vpiParent: Module name:ODELAYE2
          vpiLhs RefObj name:inc_in start:159:12 end:159:18:
            vpiParent: ContAssign
            vpiName: inc_in
            vpiFullName: ODELAYE2.inc_in
            vpiActual: Net name:inc_in
          vpiRhs RefObj name:delay_INC start:159:21 end:159:30:
            vpiParent: ContAssign
            vpiName: delay_INC
            vpiFullName: ODELAYE2.delay_INC
            vpiActual: Net name:delay_INC
        ContAssign start:160:12 end:160:28:
          vpiParent: Module name:ODELAYE2
          vpiLhs RefObj name:ld_in start:160:12 end:160:17:
            vpiParent: ContAssign
            vpiName: ld_in
            vpiFullName: ODELAYE2.ld_in
            vpiActual: Net name:ld_in
          vpiRhs RefObj name:delay_LD start:160:20 end:160:28:
            vpiParent: ContAssign
            vpiName: delay_LD
            vpiFullName: ODELAYE2.delay_LD
            vpiActual: Net name:delay_LD
        ContAssign start:161:12 end:161:40:
          vpiParent: Module name:ODELAYE2
          vpiLhs RefObj name:ldpipeen_in start:161:12 end:161:23:
            vpiParent: ContAssign
            vpiName: ldpipeen_in
            vpiFullName: ODELAYE2.ldpipeen_in
            vpiActual: Net name:ldpipeen_in
          vpiRhs RefObj name:delay_LDPIPEEN start:161:26 end:161:40:
            vpiParent: ContAssign
            vpiName: delay_LDPIPEEN
            vpiFullName: ODELAYE2.delay_LDPIPEEN
            vpiActual: Net name:delay_LDPIPEEN
        ContAssign start:162:12 end:162:36:
          vpiParent: Module name:ODELAYE2
          vpiLhs RefObj name:regrst_in start:162:12 end:162:21:
            vpiParent: ContAssign
            vpiName: regrst_in
            vpiFullName: ODELAYE2.regrst_in
            vpiActual: Net name:regrst_in
          vpiRhs RefObj name:delay_REGRST start:162:24 end:162:36:
            vpiParent: ContAssign
            vpiName: delay_REGRST
            vpiFullName: ODELAYE2.delay_REGRST
            vpiActual: Net name:delay_REGRST
        ContAssign start:163:11 end:163:39:
          vpiParent: Module name:ODELAYE2
          vpiLhs RefObj name:cinvctrl_in start:163:11 end:163:22:
            vpiParent: ContAssign
            vpiName: cinvctrl_in
            vpiFullName: ODELAYE2.cinvctrl_in
            vpiActual: Net name:cinvctrl_in
          vpiRhs RefObj name:delay_CINVCTRL start:163:25 end:163:39:
            vpiParent: ContAssign
            vpiName: delay_CINVCTRL
            vpiFullName: ODELAYE2.delay_CINVCTRL
            vpiActual: Net name:delay_CINVCTRL
        ContAssign start:164:12 end:164:34:
          vpiParent: Module name:ODELAYE2
          vpiLhs RefObj name:clkin_in start:164:12 end:164:20:
            vpiParent: ContAssign
            vpiName: clkin_in
            vpiFullName: ODELAYE2.clkin_in
            vpiActual: Net name:clkin_in
          vpiRhs RefObj name:delay_CLKIN start:164:23 end:164:34:
            vpiParent: ContAssign
            vpiName: delay_CLKIN
            vpiFullName: ODELAYE2.delay_CLKIN
            vpiActual: Net name:delay_CLKIN
        ContAssign start:165:12 end:165:60:
          vpiParent: Module name:ODELAYE2
          vpiLhs RefObj name:odatain_in start:165:12 end:165:22:
            vpiParent: ContAssign
            vpiName: odatain_in
            vpiFullName: ODELAYE2.odatain_in
            vpiActual: Net name:odatain_in
          vpiRhs Operation start:165:25 end:165:60:
            vpiParent: ContAssign
            vpiOpType: bitwise xor (30)
            vpiOperand (2 items):
              RefObj name:IS_ODATAIN_INVERTED start:165:25 end:165:44:
                vpiParent: Operation
                vpiName: IS_ODATAIN_INVERTED
                vpiFullName: ODELAYE2.IS_ODATAIN_INVERTED
                vpiActual: Parameter name:IS_ODATAIN_INVERTED
              RefObj name:delay_ODATAIN start:165:47 end:165:60:
                vpiParent: Operation
                vpiName: delay_ODATAIN
                vpiFullName: ODELAYE2.delay_ODATAIN
                vpiActual: Net name:delay_ODATAIN
        ContAssign start:446:27 end:446:52:
          vpiParent: Module name:ODELAYE2
          vpiDelay RefObj name:DELAY_D start:446:14 end:446:21:
            vpiParent: ContAssign
            vpiName: DELAY_D
            vpiFullName: ODELAYE2.DELAY_D
            vpiActual: Net name:DELAY_D
          vpiLhs RefObj name:delay_chain_0 start:446:27 end:446:40:
            vpiParent: ContAssign
            vpiName: delay_chain_0
            vpiFullName: ODELAYE2.delay_chain_0
            vpiActual: Net name:delay_chain_0
          vpiRhs RefObj name:data_mux start:446:44 end:446:52:
            vpiParent: ContAssign
            vpiName: data_mux
            vpiFullName: ODELAYE2.data_mux
            vpiActual: Net name:data_mux
        ContAssign start:447:27 end:447:57:
          vpiParent: Module name:ODELAYE2
          vpiLhs RefObj name:delay_chain_1 start:447:27 end:447:40:
            vpiParent: ContAssign
            vpiName: delay_chain_1
            vpiFullName: ODELAYE2.delay_chain_1
            vpiActual: Net name:delay_chain_1
          vpiRhs RefObj name:delay_chain_0 start:447:44 end:447:57:
            vpiParent: ContAssign
            vpiName: delay_chain_0
            vpiFullName: ODELAYE2.delay_chain_0
            vpiActual: Net name:delay_chain_0
        ContAssign start:448:27 end:448:57:
          vpiParent: Module name:ODELAYE2
          vpiLhs RefObj name:delay_chain_2 start:448:27 end:448:40:
            vpiParent: ContAssign
            vpiName: delay_chain_2
            vpiFullName: ODELAYE2.delay_chain_2
            vpiActual: Net name:delay_chain_2
          vpiRhs RefObj name:delay_chain_1 start:448:44 end:448:57:
            vpiParent: ContAssign
            vpiName: delay_chain_1
            vpiFullName: ODELAYE2.delay_chain_1
            vpiActual: Net name:delay_chain_1
        ContAssign start:449:27 end:449:57:
          vpiParent: Module name:ODELAYE2
          vpiLhs RefObj name:delay_chain_3 start:449:27 end:449:40:
            vpiParent: ContAssign
            vpiName: delay_chain_3
            vpiFullName: ODELAYE2.delay_chain_3
            vpiActual: Net name:delay_chain_3
          vpiRhs RefObj name:delay_chain_2 start:449:44 end:449:57:
            vpiParent: ContAssign
            vpiName: delay_chain_2
            vpiFullName: ODELAYE2.delay_chain_2
            vpiActual: Net name:delay_chain_2
        ContAssign start:450:27 end:450:57:
          vpiParent: Module name:ODELAYE2
          vpiLhs RefObj name:delay_chain_4 start:450:27 end:450:40:
            vpiParent: ContAssign
            vpiName: delay_chain_4
            vpiFullName: ODELAYE2.delay_chain_4
            vpiActual: Net name:delay_chain_4
          vpiRhs RefObj name:delay_chain_3 start:450:44 end:450:57:
            vpiParent: ContAssign
            vpiName: delay_chain_3
            vpiFullName: ODELAYE2.delay_chain_3
            vpiActual: Net name:delay_chain_3
        ContAssign start:451:27 end:451:57:
          vpiParent: Module name:ODELAYE2
          vpiLhs RefObj name:delay_chain_5 start:451:27 end:451:40:
            vpiParent: ContAssign
            vpiName: delay_chain_5
            vpiFullName: ODELAYE2.delay_chain_5
            vpiActual: Net name:delay_chain_5
          vpiRhs RefObj name:delay_chain_4 start:451:44 end:451:57:
            vpiParent: ContAssign
            vpiName: delay_chain_4
            vpiFullName: ODELAYE2.delay_chain_4
            vpiActual: Net name:delay_chain_4
        ContAssign start:452:27 end:452:57:
          vpiParent: Module name:ODELAYE2
          vpiLhs RefObj name:delay_chain_6 start:452:27 end:452:40:
            vpiParent: ContAssign
            vpiName: delay_chain_6
            vpiFullName: ODELAYE2.delay_chain_6
            vpiActual: Net name:delay_chain_6
          vpiRhs RefObj name:delay_chain_5 start:452:44 end:452:57:
            vpiParent: ContAssign
            vpiName: delay_chain_5
            vpiFullName: ODELAYE2.delay_chain_5
            vpiActual: Net name:delay_chain_5
        ContAssign start:453:27 end:453:57:
          vpiParent: Module name:ODELAYE2
          vpiLhs RefObj name:delay_chain_7 start:453:27 end:453:40:
            vpiParent: ContAssign
            vpiName: delay_chain_7
            vpiFullName: ODELAYE2.delay_chain_7
            vpiActual: Net name:delay_chain_7
          vpiRhs RefObj name:delay_chain_6 start:453:44 end:453:57:
            vpiParent: ContAssign
            vpiName: delay_chain_6
            vpiFullName: ODELAYE2.delay_chain_6
            vpiActual: Net name:delay_chain_6
        ContAssign start:454:27 end:454:57:
          vpiParent: Module name:ODELAYE2
          vpiLhs RefObj name:delay_chain_8 start:454:27 end:454:40:
            vpiParent: ContAssign
            vpiName: delay_chain_8
            vpiFullName: ODELAYE2.delay_chain_8
            vpiActual: Net name:delay_chain_8
          vpiRhs RefObj name:delay_chain_7 start:454:44 end:454:57:
            vpiParent: ContAssign
            vpiName: delay_chain_7
            vpiFullName: ODELAYE2.delay_chain_7
            vpiActual: Net name:delay_chain_7
        ContAssign start:455:27 end:455:57:
          vpiParent: Module name:ODELAYE2
          vpiLhs RefObj name:delay_chain_9 start:455:27 end:455:40:
            vpiParent: ContAssign
            vpiName: delay_chain_9
            vpiFullName: ODELAYE2.delay_chain_9
            vpiActual: Net name:delay_chain_9
          vpiRhs RefObj name:delay_chain_8 start:455:44 end:455:57:
            vpiParent: ContAssign
            vpiName: delay_chain_8
            vpiFullName: ODELAYE2.delay_chain_8
            vpiActual: Net name:delay_chain_8
        ContAssign start:456:27 end:456:57:
          vpiParent: Module name:ODELAYE2
          vpiLhs RefObj name:delay_chain_10 start:456:27 end:456:41:
            vpiParent: ContAssign
            vpiName: delay_chain_10
            vpiFullName: ODELAYE2.delay_chain_10
            vpiActual: Net name:delay_chain_10
          vpiRhs RefObj name:delay_chain_9 start:456:44 end:456:57:
            vpiParent: ContAssign
            vpiName: delay_chain_9
            vpiFullName: ODELAYE2.delay_chain_9
            vpiActual: Net name:delay_chain_9
        ContAssign start:457:27 end:457:58:
          vpiParent: Module name:ODELAYE2
          vpiLhs RefObj name:delay_chain_11 start:457:27 end:457:41:
            vpiParent: ContAssign
            vpiName: delay_chain_11
            vpiFullName: ODELAYE2.delay_chain_11
            vpiActual: Net name:delay_chain_11
          vpiRhs RefObj name:delay_chain_10 start:457:44 end:457:58:
            vpiParent: ContAssign
            vpiName: delay_chain_10
            vpiFullName: ODELAYE2.delay_chain_10
            vpiActual: Net name:delay_chain_10
        ContAssign start:458:27 end:458:58:
          vpiParent: Module name:ODELAYE2
          vpiLhs RefObj name:delay_chain_12 start:458:27 end:458:41:
            vpiParent: ContAssign
            vpiName: delay_chain_12
            vpiFullName: ODELAYE2.delay_chain_12
            vpiActual: Net name:delay_chain_12
          vpiRhs RefObj name:delay_chain_11 start:458:44 end:458:58:
            vpiParent: ContAssign
            vpiName: delay_chain_11
            vpiFullName: ODELAYE2.delay_chain_11
            vpiActual: Net name:delay_chain_11
        ContAssign start:459:27 end:459:58:
          vpiParent: Module name:ODELAYE2
          vpiLhs RefObj name:delay_chain_13 start:459:27 end:459:41:
            vpiParent: ContAssign
            vpiName: delay_chain_13
            vpiFullName: ODELAYE2.delay_chain_13
            vpiActual: Net name:delay_chain_13
          vpiRhs RefObj name:delay_chain_12 start:459:44 end:459:58:
            vpiParent: ContAssign
            vpiName: delay_chain_12
            vpiFullName: ODELAYE2.delay_chain_12
            vpiActual: Net name:delay_chain_12
        ContAssign start:460:27 end:460:58:
          vpiParent: Module name:ODELAYE2
          vpiLhs RefObj name:delay_chain_14 start:460:27 end:460:41:
            vpiParent: ContAssign
            vpiName: delay_chain_14
            vpiFullName: ODELAYE2.delay_chain_14
            vpiActual: Net name:delay_chain_14
          vpiRhs RefObj name:delay_chain_13 start:460:44 end:460:58:
            vpiParent: ContAssign
            vpiName: delay_chain_13
            vpiFullName: ODELAYE2.delay_chain_13
            vpiActual: Net name:delay_chain_13
        ContAssign start:461:27 end:461:58:
          vpiParent: Module name:ODELAYE2
          vpiLhs RefObj name:delay_chain_15 start:461:27 end:461:41:
            vpiParent: ContAssign
            vpiName: delay_chain_15
            vpiFullName: ODELAYE2.delay_chain_15
            vpiActual: Net name:delay_chain_15
          vpiRhs RefObj name:delay_chain_14 start:461:44 end:461:58:
            vpiParent: ContAssign
            vpiName: delay_chain_14
            vpiFullName: ODELAYE2.delay_chain_14
            vpiActual: Net name:delay_chain_14
        ContAssign start:462:27 end:462:58:
          vpiParent: Module name:ODELAYE2
          vpiLhs RefObj name:delay_chain_16 start:462:27 end:462:41:
            vpiParent: ContAssign
            vpiName: delay_chain_16
            vpiFullName: ODELAYE2.delay_chain_16
            vpiActual: Net name:delay_chain_16
          vpiRhs RefObj name:delay_chain_15 start:462:44 end:462:58:
            vpiParent: ContAssign
            vpiName: delay_chain_15
            vpiFullName: ODELAYE2.delay_chain_15
            vpiActual: Net name:delay_chain_15
        ContAssign start:463:27 end:463:58:
          vpiParent: Module name:ODELAYE2
          vpiLhs RefObj name:delay_chain_17 start:463:27 end:463:41:
            vpiParent: ContAssign
            vpiName: delay_chain_17
            vpiFullName: ODELAYE2.delay_chain_17
            vpiActual: Net name:delay_chain_17
          vpiRhs RefObj name:delay_chain_16 start:463:44 end:463:58:
            vpiParent: ContAssign
            vpiName: delay_chain_16
            vpiFullName: ODELAYE2.delay_chain_16
            vpiActual: Net name:delay_chain_16
        ContAssign start:464:27 end:464:58:
          vpiParent: Module name:ODELAYE2
          vpiLhs RefObj name:delay_chain_18 start:464:27 end:464:41:
            vpiParent: ContAssign
            vpiName: delay_chain_18
            vpiFullName: ODELAYE2.delay_chain_18
            vpiActual: Net name:delay_chain_18
          vpiRhs RefObj name:delay_chain_17 start:464:44 end:464:58:
            vpiParent: ContAssign
            vpiName: delay_chain_17
            vpiFullName: ODELAYE2.delay_chain_17
            vpiActual: Net name:delay_chain_17
        ContAssign start:465:27 end:465:58:
          vpiParent: Module name:ODELAYE2
          vpiLhs RefObj name:delay_chain_19 start:465:27 end:465:41:
            vpiParent: ContAssign
            vpiName: delay_chain_19
            vpiFullName: ODELAYE2.delay_chain_19
            vpiActual: Net name:delay_chain_19
          vpiRhs RefObj name:delay_chain_18 start:465:44 end:465:58:
            vpiParent: ContAssign
            vpiName: delay_chain_18
            vpiFullName: ODELAYE2.delay_chain_18
            vpiActual: Net name:delay_chain_18
        ContAssign start:466:27 end:466:58:
          vpiParent: Module name:ODELAYE2
          vpiLhs RefObj name:delay_chain_20 start:466:27 end:466:41:
            vpiParent: ContAssign
            vpiName: delay_chain_20
            vpiFullName: ODELAYE2.delay_chain_20
            vpiActual: Net name:delay_chain_20
          vpiRhs RefObj name:delay_chain_19 start:466:44 end:466:58:
            vpiParent: ContAssign
            vpiName: delay_chain_19
            vpiFullName: ODELAYE2.delay_chain_19
            vpiActual: Net name:delay_chain_19
        ContAssign start:467:27 end:467:58:
          vpiParent: Module name:ODELAYE2
          vpiLhs RefObj name:delay_chain_21 start:467:27 end:467:41:
            vpiParent: ContAssign
            vpiName: delay_chain_21
            vpiFullName: ODELAYE2.delay_chain_21
            vpiActual: Net name:delay_chain_21
          vpiRhs RefObj name:delay_chain_20 start:467:44 end:467:58:
            vpiParent: ContAssign
            vpiName: delay_chain_20
            vpiFullName: ODELAYE2.delay_chain_20
            vpiActual: Net name:delay_chain_20
        ContAssign start:468:27 end:468:58:
          vpiParent: Module name:ODELAYE2
          vpiLhs RefObj name:delay_chain_22 start:468:27 end:468:41:
            vpiParent: ContAssign
            vpiName: delay_chain_22
            vpiFullName: ODELAYE2.delay_chain_22
            vpiActual: Net name:delay_chain_22
          vpiRhs RefObj name:delay_chain_21 start:468:44 end:468:58:
            vpiParent: ContAssign
            vpiName: delay_chain_21
            vpiFullName: ODELAYE2.delay_chain_21
            vpiActual: Net name:delay_chain_21
        ContAssign start:469:27 end:469:58:
          vpiParent: Module name:ODELAYE2
          vpiLhs RefObj name:delay_chain_23 start:469:27 end:469:41:
            vpiParent: ContAssign
            vpiName: delay_chain_23
            vpiFullName: ODELAYE2.delay_chain_23
            vpiActual: Net name:delay_chain_23
          vpiRhs RefObj name:delay_chain_22 start:469:44 end:469:58:
            vpiParent: ContAssign
            vpiName: delay_chain_22
            vpiFullName: ODELAYE2.delay_chain_22
            vpiActual: Net name:delay_chain_22
        ContAssign start:470:27 end:470:58:
          vpiParent: Module name:ODELAYE2
          vpiLhs RefObj name:delay_chain_24 start:470:27 end:470:41:
            vpiParent: ContAssign
            vpiName: delay_chain_24
            vpiFullName: ODELAYE2.delay_chain_24
            vpiActual: Net name:delay_chain_24
          vpiRhs RefObj name:delay_chain_23 start:470:44 end:470:58:
            vpiParent: ContAssign
            vpiName: delay_chain_23
            vpiFullName: ODELAYE2.delay_chain_23
            vpiActual: Net name:delay_chain_23
        ContAssign start:471:27 end:471:58:
          vpiParent: Module name:ODELAYE2
          vpiLhs RefObj name:delay_chain_25 start:471:27 end:471:41:
            vpiParent: ContAssign
            vpiName: delay_chain_25
            vpiFullName: ODELAYE2.delay_chain_25
            vpiActual: Net name:delay_chain_25
          vpiRhs RefObj name:delay_chain_24 start:471:44 end:471:58:
            vpiParent: ContAssign
            vpiName: delay_chain_24
            vpiFullName: ODELAYE2.delay_chain_24
            vpiActual: Net name:delay_chain_24
        ContAssign start:472:27 end:472:58:
          vpiParent: Module name:ODELAYE2
          vpiLhs RefObj name:delay_chain_26 start:472:27 end:472:41:
            vpiParent: ContAssign
            vpiName: delay_chain_26
            vpiFullName: ODELAYE2.delay_chain_26
            vpiActual: Net name:delay_chain_26
          vpiRhs RefObj name:delay_chain_25 start:472:44 end:472:58:
            vpiParent: ContAssign
            vpiName: delay_chain_25
            vpiFullName: ODELAYE2.delay_chain_25
            vpiActual: Net name:delay_chain_25
        ContAssign start:473:27 end:473:58:
          vpiParent: Module name:ODELAYE2
          vpiLhs RefObj name:delay_chain_27 start:473:27 end:473:41:
            vpiParent: ContAssign
            vpiName: delay_chain_27
            vpiFullName: ODELAYE2.delay_chain_27
            vpiActual: Net name:delay_chain_27
          vpiRhs RefObj name:delay_chain_26 start:473:44 end:473:58:
            vpiParent: ContAssign
            vpiName: delay_chain_26
            vpiFullName: ODELAYE2.delay_chain_26
            vpiActual: Net name:delay_chain_26
        ContAssign start:474:27 end:474:58:
          vpiParent: Module name:ODELAYE2
          vpiLhs RefObj name:delay_chain_28 start:474:27 end:474:41:
            vpiParent: ContAssign
            vpiName: delay_chain_28
            vpiFullName: ODELAYE2.delay_chain_28
            vpiActual: Net name:delay_chain_28
          vpiRhs RefObj name:delay_chain_27 start:474:44 end:474:58:
            vpiParent: ContAssign
            vpiName: delay_chain_27
            vpiFullName: ODELAYE2.delay_chain_27
            vpiActual: Net name:delay_chain_27
        ContAssign start:475:27 end:475:58:
          vpiParent: Module name:ODELAYE2
          vpiLhs RefObj name:delay_chain_29 start:475:27 end:475:41:
            vpiParent: ContAssign
            vpiName: delay_chain_29
            vpiFullName: ODELAYE2.delay_chain_29
            vpiActual: Net name:delay_chain_29
          vpiRhs RefObj name:delay_chain_28 start:475:44 end:475:58:
            vpiParent: ContAssign
            vpiName: delay_chain_28
            vpiFullName: ODELAYE2.delay_chain_28
            vpiActual: Net name:delay_chain_28
        ContAssign start:476:27 end:476:58:
          vpiParent: Module name:ODELAYE2
          vpiLhs RefObj name:delay_chain_30 start:476:27 end:476:41:
            vpiParent: ContAssign
            vpiName: delay_chain_30
            vpiFullName: ODELAYE2.delay_chain_30
            vpiActual: Net name:delay_chain_30
          vpiRhs RefObj name:delay_chain_29 start:476:44 end:476:58:
            vpiParent: ContAssign
            vpiName: delay_chain_29
            vpiFullName: ODELAYE2.delay_chain_29
            vpiActual: Net name:delay_chain_29
        ContAssign start:477:27 end:477:58:
          vpiParent: Module name:ODELAYE2
          vpiLhs RefObj name:delay_chain_31 start:477:27 end:477:41:
            vpiParent: ContAssign
            vpiName: delay_chain_31
            vpiFullName: ODELAYE2.delay_chain_31
            vpiActual: Net name:delay_chain_31
          vpiRhs RefObj name:delay_chain_30 start:477:44 end:477:58:
            vpiParent: ContAssign
            vpiName: delay_chain_30
            vpiFullName: ODELAYE2.delay_chain_30
            vpiActual: Net name:delay_chain_30
      vpiGenStmt (2 items):
        GenRegion start:310:4 end:315:15:
          vpiParent: Module name:ODELAYE2
          vpiFullName: ODELAYE2
          vpiStmt GenCase start:311:7 end:314:14:
            vpiParent: GenRegion
            vpiCondition RefObj name:CINVCTRL_SEL start:311:13 end:311:25:
              vpiParent: GenCase
              vpiName: CINVCTRL_SEL
              vpiFullName: ODELAYE2.CINVCTRL_SEL
              vpiActual: Parameter name:CINVCTRL_SEL
            vpiCaseItem (2 items):
              CaseItem start:312:10 end:312:98:
                vpiParent: GenCase
                vpiExpr (1 items):
                  Constant start:312:10 end:312:16:
                    vpiParent: CaseItem
                    vpiTypespec RefTypespec:
                      vpiParent: Constant
                      vpiFullName: ODELAYE2
                      vpiActual: StringTypespec
                    vpiConstType: string (6)
                    vpiSize: 32
                    vpiDecompile: "\"TRUE\""
                    vpiValue: TRUE
                vpiStmt Always start:312:20 end:312:98:
                  vpiParent: CaseItem
                  vpiStmt EventControl start:312:27 end:312:98:
                    vpiParent: Always
                    vpiCondition Operation start:312:29 end:312:52:
                      vpiParent: EventControl
                      vpiOpType: event or (35)
                      vpiOperand (2 items):
                        RefObj name:c_in_pre start:312:29 end:312:37:
                          vpiParent: Operation
                          vpiName: c_in_pre
                          vpiFullName: ODELAYE2.c_in_pre
                          vpiActual: Net name:c_in_pre
                        RefObj name:cinvctrl_in start:312:41 end:312:52:
                          vpiParent: Operation
                          vpiName: cinvctrl_in
                          vpiFullName: ODELAYE2.cinvctrl_in
                          vpiActual: Net name:cinvctrl_in
                    vpiStmt Assignment start:312:54 end:312:97:
                      vpiParent: EventControl
                      vpiBlocking: true
                      vpiLhs RefObj name:c_in start:312:54 end:312:58:
                        vpiParent: Assignment
                        vpiName: c_in
                        vpiFullName: ODELAYE2.c_in
                        vpiActual: Net name:c_in
                      vpiRhs Operation start:312:62 end:312:96:
                        vpiParent: Assignment
                        vpiOpType: condition (32)
                        vpiOperand (3 items):
                          RefObj name:cinvctrl_in start:312:62 end:312:73:
                            vpiParent: Operation
                            vpiName: cinvctrl_in
                            vpiFullName: ODELAYE2.cinvctrl_in
                            vpiActual: Net name:cinvctrl_in
                          Operation start:312:76 end:312:85:
                            vpiParent: Operation
                            vpiOpType: bitwise negation (4)
                            vpiOperand (1 items):
                              RefObj name:c_in_pre start:312:77 end:312:85:
                                vpiParent: Operation
                                vpiName: c_in_pre
                                vpiFullName: ODELAYE2.c_in_pre
                                vpiActual: Net name:c_in_pre
                          RefObj name:c_in_pre start:312:88 end:312:96:
                            vpiParent: Operation
                            vpiName: c_in_pre
                            vpiFullName: ODELAYE2.c_in_pre
                            vpiActual: Net name:c_in_pre
                  vpiAlwaysType: always (1)
              CaseItem start:313:10 end:313:55:
                vpiParent: GenCase
                vpiExpr (1 items):
                  Constant start:313:10 end:313:17:
                    vpiParent: CaseItem
                    vpiTypespec RefTypespec:
                      vpiParent: Constant
                      vpiFullName: ODELAYE2
                      vpiActual: StringTypespec
                    vpiConstType: string (6)
                    vpiSize: 40
                    vpiDecompile: "\"FALSE\""
                    vpiValue: FALSE
                vpiStmt Always start:313:20 end:313:55:
                  vpiParent: CaseItem
                  vpiStmt EventControl start:313:27 end:313:55:
                    vpiParent: Always
                    vpiCondition RefObj name:c_in_pre start:313:29 end:313:37:
                      vpiParent: EventControl
                      vpiName: c_in_pre
                      vpiFullName: ODELAYE2.c_in_pre
                      vpiActual: Net name:c_in_pre
                    vpiStmt Assignment start:313:39 end:313:54:
                      vpiParent: EventControl
                      vpiBlocking: true
                      vpiLhs RefObj name:c_in start:313:39 end:313:43:
                        vpiParent: Assignment
                        vpiName: c_in
                        vpiFullName: ODELAYE2.c_in
                        vpiActual: Net name:c_in
                      vpiRhs RefObj name:c_in_pre start:313:46 end:313:54:
                        vpiParent: Assignment
                        vpiName: c_in_pre
                        vpiFullName: ODELAYE2.c_in_pre
                        vpiActual: Net name:c_in_pre
                  vpiAlwaysType: always (1)
        GenRegion start:338:4 end:343:15:
          vpiParent: Module name:ODELAYE2
          vpiFullName: ODELAYE2
          vpiStmt GenCase start:339:7 end:342:14:
            vpiParent: GenRegion
            vpiCondition RefObj name:PIPE_SEL start:339:13 end:339:21:
              vpiParent: GenCase
              vpiName: PIPE_SEL
              vpiFullName: ODELAYE2.PIPE_SEL
              vpiActual: Parameter name:PIPE_SEL
            vpiCaseItem (2 items):
              CaseItem start:340:10 end:340:86:
                vpiParent: GenCase
                vpiExpr (1 items):
                  Constant start:340:10 end:340:16:
                    vpiParent: CaseItem
                    vpiTypespec RefTypespec:
                      vpiParent: Constant
                      vpiFullName: ODELAYE2
                      vpiActual: StringTypespec
                    vpiConstType: string (6)
                    vpiSize: 32
                    vpiDecompile: "\"TRUE\""
                    vpiValue: TRUE
                vpiStmt Always start:340:20 end:340:86:
                  vpiParent: CaseItem
                  vpiStmt EventControl start:340:27 end:340:86:
                    vpiParent: Always
                    vpiCondition RefObj name:qcntvalueout_reg start:340:29 end:340:45:
                      vpiParent: EventControl
                      vpiName: qcntvalueout_reg
                      vpiFullName: ODELAYE2.qcntvalueout_reg
                      vpiActual: Net name:qcntvalueout_reg
                    vpiStmt Assignment start:340:47 end:340:85:
                      vpiParent: EventControl
                      vpiLhs RefObj name:qcntvalueout_mux start:340:47 end:340:63:
                        vpiParent: Assignment
                        vpiName: qcntvalueout_mux
                        vpiFullName: ODELAYE2.qcntvalueout_mux
                        vpiActual: Net name:qcntvalueout_mux
                      vpiRhs RefObj name:qcntvalueout_reg start:340:69 end:340:85:
                        vpiParent: Assignment
                        vpiName: qcntvalueout_reg
                        vpiFullName: ODELAYE2.qcntvalueout_reg
                        vpiActual: Net name:qcntvalueout_reg
                  vpiAlwaysType: always (1)
              CaseItem start:341:10 end:341:90:
                vpiParent: GenCase
                vpiExpr (1 items):
                  Constant start:341:10 end:341:17:
                    vpiParent: CaseItem
                    vpiTypespec RefTypespec:
                      vpiParent: Constant
                      vpiFullName: ODELAYE2
                      vpiActual: StringTypespec
                    vpiConstType: string (6)
                    vpiSize: 40
                    vpiDecompile: "\"FALSE\""
                    vpiValue: FALSE
                vpiStmt Always start:341:20 end:341:90:
                  vpiParent: CaseItem
                  vpiStmt EventControl start:341:27 end:341:90:
                    vpiParent: Always
                    vpiCondition RefObj name:CNTVALUEIN_INTEGER start:341:29 end:341:47:
                      vpiParent: EventControl
                      vpiName: CNTVALUEIN_INTEGER
                      vpiFullName: ODELAYE2.CNTVALUEIN_INTEGER
                      vpiActual: Net name:CNTVALUEIN_INTEGER
                    vpiStmt Assignment start:341:49 end:341:89:
                      vpiParent: EventControl
                      vpiLhs RefObj name:qcntvalueout_mux start:341:49 end:341:65:
                        vpiParent: Assignment
                        vpiName: qcntvalueout_mux
                        vpiFullName: ODELAYE2.qcntvalueout_mux
                        vpiActual: Net name:qcntvalueout_mux
                      vpiRhs RefObj name:CNTVALUEIN_INTEGER start:341:71 end:341:89:
                        vpiParent: Assignment
                        vpiName: CNTVALUEIN_INTEGER
                        vpiFullName: ODELAYE2.CNTVALUEIN_INTEGER
                        vpiActual: Net name:CNTVALUEIN_INTEGER
                  vpiAlwaysType: always (1)
  vpiTypespec (6 items):
    ModuleTypespec name:glbl:
      vpiParent: Design name:unnamed
      vpiName Identifier name:glbl start:21:8 end:21:12:
        vpiParent: ModuleTypespec name:glbl
        vpiName: glbl
      vpiModule: Module name:glbl
    IntTypespec:
      vpiParent: Design name:unnamed
      vpiSigned: true
    LogicTypespec:
      vpiParent: Design name:unnamed
    ModuleTypespec name:ODELAYE2:
      vpiParent: Design name:unnamed
      vpiName Identifier name:ODELAYE2 start:36:8 end:36:16:
        vpiParent: ModuleTypespec name:ODELAYE2
        vpiName: ODELAYE2
      vpiModule: Module name:ODELAYE2
    StringTypespec:
      vpiParent: Design name:unnamed
    RealTypespec:
      vpiParent: Design name:unnamed
===================
[  FATAL] : 0
[ SYNTAX] : 0
[  ERROR] : 0
[WARNING] : 0
[   NOTE] : 0
********************************************************************************
*                    End HLC SystemVerilog Compiler/Linter                     *
********************************************************************************

#**#**#**#**#**#**#**#**#**#**#**#**#**#**#**#**#**#**#**#**#**#**#**#**#**#**#**#**#**#**#**#**#**#**#**#**#**#**#**#**

Environment:
      test-name: XilinxUnisimLibrary/verilog/src/unisims/ODELAYE2
   test-dirpath: ${HLC_DIR}/regression/XilinxUnisimLibrary/verilog/src/unisims/ODELAYE2
  hldb-filepath: ${HLC_DIR}/regression/XilinxUnisimLibrary/verilog/src/unisims/ODELAYE2/design.hldb
mounts-filepath: ${HLC_DIR}/regression/XilinxUnisimLibrary/verilog/src/unisims/ODELAYE2/mounts.json


{'result': {'coverage': 96.4,
            'error_count': 0,
            'file_count': 2,
            'files': {'$Output/lib/work/glbl.v': {'post_len': 20,
                                                  'pre_len': 1237},
                      '$Output/lib/work/unisims/ODELAYE2.v': {'post_len': 448,
                                                              'pre_len': 11765}},
            'post_len': 468,
            'pre_len': 13002,
            'test_name': 'XilinxUnisimLibrary/verilog/src/unisims/ODELAYE2'}}

+-------------------------------------+----------+-----------+
| INPUT                               |   PRELEN |   POSTLEN |
+=====================================+==========+===========+
| $Output/lib/work/glbl.v             |     1237 |        20 |
| $Output/lib/work/unisims/ODELAYE2.v |    11765 |       448 |
+=====================================+==========+===========+
|                                     |    13002 |       468 |
+-------------------------------------+----------+-----------+

[   ERROR] : 0
[COVERAGE] : 96.4


#**#**#**#**#**#**#**#**#**#**#**#**#**#**#**#**#**#**#**#**#**#**#**#**#**#**#**#**#**#**#**#**#**#**#**#**#**#**#**#**

COMMAND: ${HLC_DIR}/regression/XilinxUnisimLibrary/verilog/src/unisims/ODELAYE2/design.hldb ${HLC_DIR}/regression/XilinxUnisimLibrary/verilog/src/unisims/ODELAYE2/reduced.hldb

==================== BEGIN REDUCTION RESULT ====================
Name                            Before   After   Added   Removed
----------------------------------------------------------------
Constant                           241     242      11        10
LogicTypespec                       13      14       1         0
Operation                           63      50       0        13
RefObj                             392     378       0        14
RefTypespec                        386     387      11        10
----------------------------------------------------------------
Others                             593     593       0         0
----------------------------------------------------------------
                                  1688    1664      23        47
===================== END REDUCTION RESULT =====================
