[INF:CM0023] Creating log file "${SURELOG_DIR}/regression/UtdSV/fpu_cnt_lead0_53b.v/slpp_all/surelog.log".
AST_DEBUG_BEGIN
Count: 3277
LIB: work
FILE: ${SURELOG_DIR}/tests/UtdSV/fpu_cnt_lead0_53b.v
n<${SURELOG_DIR}/tests/UtdSV/fpu_cnt_lead0_53b.v> u<3276> t<Top_level_rule> c<1> l<27:1> el<439:1>
  n<> u<1> t<Null_rule> p<3276> s<2> l<27:1> el<27:1>
  n<// ========== Copyright Header Begin ==========================================> u<2> t<LINE_COMMENT> p<3276> s<3> l<1:1> el<1:80>
  n<// > u<3> t<LINE_COMMENT> p<3276> s<4> l<2:1> el<2:4>
  n<// OpenSPARC T1 Processor File: fpu_cnt_lead0_53b.v> u<4> t<LINE_COMMENT> p<3276> s<5> l<3:1> el<3:52>
  n<// Copyright (c) 2006 Sun Microsystems, Inc.  All Rights Reserved.> u<5> t<LINE_COMMENT> p<3276> s<6> l<4:1> el<4:67>
  n<// DO NOT ALTER OR REMOVE COPYRIGHT NOTICES.> u<6> t<LINE_COMMENT> p<3276> s<7> l<5:1> el<5:45>
  n<// > u<7> t<LINE_COMMENT> p<3276> s<8> l<6:1> el<6:4>
  n<// The above named program is free software; you can redistribute it and/or> u<8> t<LINE_COMMENT> p<3276> s<9> l<7:1> el<7:76>
  n<// modify it under the terms of the GNU General Public> u<9> t<LINE_COMMENT> p<3276> s<10> l<8:1> el<8:55>
  n<// License version 2 as published by the Free Software Foundation.> u<10> t<LINE_COMMENT> p<3276> s<11> l<9:1> el<9:67>
  n<// > u<11> t<LINE_COMMENT> p<3276> s<12> l<10:1> el<10:4>
  n<// The above named program is distributed in the hope that it will be > u<12> t<LINE_COMMENT> p<3276> s<13> l<11:1> el<11:71>
  n<// useful, but WITHOUT ANY WARRANTY; without even the implied warranty of> u<13> t<LINE_COMMENT> p<3276> s<14> l<12:1> el<12:74>
  n<// MERCHANTABILITY or FITNESS FOR A PARTICULAR PURPOSE.  See the GNU> u<14> t<LINE_COMMENT> p<3276> s<15> l<13:1> el<13:69>
  n<// General Public License for more details.> u<15> t<LINE_COMMENT> p<3276> s<16> l<14:1> el<14:44>
  n<// > u<16> t<LINE_COMMENT> p<3276> s<17> l<15:1> el<15:4>
  n<// You should have received a copy of the GNU General Public> u<17> t<LINE_COMMENT> p<3276> s<18> l<16:1> el<16:61>
  n<// License along with this work; if not, write to the Free Software> u<18> t<LINE_COMMENT> p<3276> s<19> l<17:1> el<17:68>
  n<// Foundation, Inc., 51 Franklin St, Fifth Floor, Boston, MA 02110-1301, USA.> u<19> t<LINE_COMMENT> p<3276> s<20> l<18:1> el<18:78>
  n<// > u<20> t<LINE_COMMENT> p<3276> s<21> l<19:1> el<19:4>
  n<// ========== Copyright Header End ============================================> u<21> t<LINE_COMMENT> p<3276> s<22> l<20:1> el<20:80>
  n<///////////////////////////////////////////////////////////////////////////////> u<22> t<LINE_COMMENT> p<3276> s<23> l<21:1> el<21:80>
  n<//> u<23> t<LINE_COMMENT> p<3276> s<24> l<22:1> el<22:3>
  n<//	53 bit lead 0 counter.> u<24> t<LINE_COMMENT> p<3276> s<25> l<23:1> el<23:26>
  n<//> u<25> t<LINE_COMMENT> p<3276> s<26> l<24:1> el<24:3>
  n<///////////////////////////////////////////////////////////////////////////////> u<26> t<LINE_COMMENT> p<3276> s<3275> l<25:1> el<25:80>
  n<> u<3275> t<Source_text> p<3276> c<3274> l<27:1> el<436:10>
    n<> u<3274> t<Description> p<3275> c<3273> l<27:1> el<436:10>
      n<> u<3273> t<Module_declaration> p<3274> c<43> l<27:1> el<436:10>
        n<> u<43> t<Module_nonansi_header> p<3273> c<27> s<60> l<27:1> el<31:3>
          n<module> u<27> t<Module_keyword> p<43> s<28> l<27:1> el<27:7>
          n<fpu_cnt_lead0_53b> u<28> t<SIMPLE_IDENTIFIER> p<43> s<29> l<27:8> el<27:25>
          n<> u<29> t<Package_import_declaration_list> p<43> s<42> l<27:26> el<27:26>
          n<> u<42> t<Port_list> p<43> c<35> l<27:26> el<31:2>
            n<> u<35> t<Port> p<42> c<34> s<41> l<28:2> el<28:5>
              n<> u<34> t<Port_expression> p<35> c<33> l<28:2> el<28:5>
                n<> u<33> t<Port_reference> p<34> c<30> l<28:2> el<28:5>
                  n<din> u<30> t<SIMPLE_IDENTIFIER> p<33> s<32> l<28:2> el<28:5>
                  n<> u<32> t<Constant_select> p<33> c<31> l<28:5> el<28:5>
                    n<> u<31> t<Constant_bit_select> p<32> l<28:5> el<28:5>
            n<> u<41> t<Port> p<42> c<40> l<30:2> el<30:7>
              n<> u<40> t<Port_expression> p<41> c<39> l<30:2> el<30:7>
                n<> u<39> t<Port_reference> p<40> c<36> l<30:2> el<30:7>
                  n<lead0> u<36> t<SIMPLE_IDENTIFIER> p<39> s<38> l<30:2> el<30:7>
                  n<> u<38> t<Constant_select> p<39> c<37> l<31:1> el<31:1>
                    n<> u<37> t<Constant_bit_select> p<38> l<31:1> el<31:1>
        n<> u<60> t<Module_item> p<3273> c<59> s<61> l<34:1> el<34:18>
          n<> u<59> t<Port_declaration> p<60> c<58> l<34:1> el<34:17>
            n<> u<58> t<Input_declaration> p<59> c<55> l<34:1> el<34:17>
              n<> u<55> t<Net_port_type> p<58> c<54> s<57> l<34:7> el<34:13>
                n<> u<54> t<Data_type_or_implicit> p<55> c<53> l<34:7> el<34:13>
                  n<> u<53> t<Packed_dimension> p<54> c<52> l<34:7> el<34:13>
                    n<> u<52> t<Constant_range> p<53> c<47> l<34:8> el<34:12>
                      n<> u<47> t<Constant_expression> p<52> c<46> s<51> l<34:8> el<34:10>
                        n<> u<46> t<Constant_primary> p<47> c<45> l<34:8> el<34:10>
                          n<> u<45> t<Primary_literal> p<46> c<44> l<34:8> el<34:10>
                            n<52> u<44> t<INTEGRAL_NUMBER> p<45> l<34:8> el<34:10>
                      n<> u<51> t<Constant_expression> p<52> c<50> l<34:11> el<34:12>
                        n<> u<50> t<Constant_primary> p<51> c<49> l<34:11> el<34:12>
                          n<> u<49> t<Primary_literal> p<50> c<48> l<34:11> el<34:12>
                            n<0> u<48> t<INTEGRAL_NUMBER> p<49> l<34:11> el<34:12>
              n<> u<57> t<Port_identifier_list> p<58> c<56> l<34:14> el<34:17>
                n<din> u<56> t<SIMPLE_IDENTIFIER> p<57> l<34:14> el<34:17>
        n<// data in- count its leading 0's> u<61> t<LINE_COMMENT> p<3273> s<78> l<34:21> el<34:54>
        n<> u<78> t<Module_item> p<3273> c<77> s<79> l<36:1> el<36:20>
          n<> u<77> t<Port_declaration> p<78> c<76> l<36:1> el<36:19>
            n<> u<76> t<Output_declaration> p<77> c<73> l<36:1> el<36:19>
              n<> u<73> t<Net_port_type> p<76> c<72> s<75> l<36:8> el<36:13>
                n<> u<72> t<Data_type_or_implicit> p<73> c<71> l<36:8> el<36:13>
                  n<> u<71> t<Packed_dimension> p<72> c<70> l<36:8> el<36:13>
                    n<> u<70> t<Constant_range> p<71> c<65> l<36:9> el<36:12>
                      n<> u<65> t<Constant_expression> p<70> c<64> s<69> l<36:9> el<36:10>
                        n<> u<64> t<Constant_primary> p<65> c<63> l<36:9> el<36:10>
                          n<> u<63> t<Primary_literal> p<64> c<62> l<36:9> el<36:10>
                            n<5> u<62> t<INTEGRAL_NUMBER> p<63> l<36:9> el<36:10>
                      n<> u<69> t<Constant_expression> p<70> c<68> l<36:11> el<36:12>
                        n<> u<68> t<Constant_primary> p<69> c<67> l<36:11> el<36:12>
                          n<> u<67> t<Primary_literal> p<68> c<66> l<36:11> el<36:12>
                            n<0> u<66> t<INTEGRAL_NUMBER> p<67> l<36:11> el<36:12>
              n<> u<75> t<Port_identifier_list> p<76> c<74> l<36:14> el<36:19>
                n<lead0> u<74> t<SIMPLE_IDENTIFIER> p<75> l<36:14> el<36:19>
        n<// number of leading 0's in data in> u<79> t<LINE_COMMENT> p<3273> s<91> l<36:23> el<36:58>
        n<> u<91> t<Module_item> p<3273> c<90> s<103> l<39:1> el<39:22>
          n<> u<90> t<Non_port_module_item> p<91> c<89> l<39:1> el<39:22>
            n<> u<89> t<Module_or_generate_item> p<90> c<88> l<39:1> el<39:22>
              n<> u<88> t<Module_common_item> p<89> c<87> l<39:1> el<39:22>
                n<> u<87> t<Module_or_generate_item_declaration> p<88> c<86> l<39:1> el<39:22>
                  n<> u<86> t<Package_or_generate_item_declaration> p<87> c<85> l<39:1> el<39:22>
                    n<> u<85> t<Net_declaration> p<86> c<80> l<39:1> el<39:22>
                      n<> u<80> t<WIRE> p<85> s<81> l<39:1> el<39:5>
                      n<> u<81> t<Data_type_or_implicit> p<85> s<84> l<39:7> el<39:7>
                      n<> u<84> t<Net_decl_assignment_list> p<85> c<83> l<39:7> el<39:21>
                        n<> u<83> t<Net_decl_assignment> p<84> c<82> l<39:7> el<39:21>
                          n<din_52_49_eq_0> u<82> t<SIMPLE_IDENTIFIER> p<83> l<39:7> el<39:21>
        n<> u<103> t<Module_item> p<3273> c<102> s<115> l<40:1> el<40:22>
          n<> u<102> t<Non_port_module_item> p<103> c<101> l<40:1> el<40:22>
            n<> u<101> t<Module_or_generate_item> p<102> c<100> l<40:1> el<40:22>
              n<> u<100> t<Module_common_item> p<101> c<99> l<40:1> el<40:22>
                n<> u<99> t<Module_or_generate_item_declaration> p<100> c<98> l<40:1> el<40:22>
                  n<> u<98> t<Package_or_generate_item_declaration> p<99> c<97> l<40:1> el<40:22>
                    n<> u<97> t<Net_declaration> p<98> c<92> l<40:1> el<40:22>
                      n<> u<92> t<WIRE> p<97> s<93> l<40:1> el<40:5>
                      n<> u<93> t<Data_type_or_implicit> p<97> s<96> l<40:7> el<40:7>
                      n<> u<96> t<Net_decl_assignment_list> p<97> c<95> l<40:7> el<40:21>
                        n<> u<95> t<Net_decl_assignment> p<96> c<94> l<40:7> el<40:21>
                          n<din_52_51_eq_0> u<94> t<SIMPLE_IDENTIFIER> p<95> l<40:7> el<40:21>
        n<> u<115> t<Module_item> p<3273> c<114> s<127> l<41:1> el<41:21>
          n<> u<114> t<Non_port_module_item> p<115> c<113> l<41:1> el<41:21>
            n<> u<113> t<Module_or_generate_item> p<114> c<112> l<41:1> el<41:21>
              n<> u<112> t<Module_common_item> p<113> c<111> l<41:1> el<41:21>
                n<> u<111> t<Module_or_generate_item_declaration> p<112> c<110> l<41:1> el<41:21>
                  n<> u<110> t<Package_or_generate_item_declaration> p<111> c<109> l<41:1> el<41:21>
                    n<> u<109> t<Net_declaration> p<110> c<104> l<41:1> el<41:21>
                      n<> u<104> t<WIRE> p<109> s<105> l<41:1> el<41:5>
                      n<> u<105> t<Data_type_or_implicit> p<109> s<108> l<41:7> el<41:7>
                      n<> u<108> t<Net_decl_assignment_list> p<109> c<107> l<41:7> el<41:20>
                        n<> u<107> t<Net_decl_assignment> p<108> c<106> l<41:7> el<41:20>
                          n<lead0_52_49_0> u<106> t<SIMPLE_IDENTIFIER> p<107> l<41:7> el<41:20>
        n<> u<127> t<Module_item> p<3273> c<126> s<139> l<42:1> el<42:22>
          n<> u<126> t<Non_port_module_item> p<127> c<125> l<42:1> el<42:22>
            n<> u<125> t<Module_or_generate_item> p<126> c<124> l<42:1> el<42:22>
              n<> u<124> t<Module_common_item> p<125> c<123> l<42:1> el<42:22>
                n<> u<123> t<Module_or_generate_item_declaration> p<124> c<122> l<42:1> el<42:22>
                  n<> u<122> t<Package_or_generate_item_declaration> p<123> c<121> l<42:1> el<42:22>
                    n<> u<121> t<Net_declaration> p<122> c<116> l<42:1> el<42:22>
                      n<> u<116> t<WIRE> p<121> s<117> l<42:1> el<42:5>
                      n<> u<117> t<Data_type_or_implicit> p<121> s<120> l<42:7> el<42:7>
                      n<> u<120> t<Net_decl_assignment_list> p<121> c<119> l<42:7> el<42:21>
                        n<> u<119> t<Net_decl_assignment> p<120> c<118> l<42:7> el<42:21>
                          n<din_48_45_eq_0> u<118> t<SIMPLE_IDENTIFIER> p<119> l<42:7> el<42:21>
        n<> u<139> t<Module_item> p<3273> c<138> s<151> l<43:1> el<43:22>
          n<> u<138> t<Non_port_module_item> p<139> c<137> l<43:1> el<43:22>
            n<> u<137> t<Module_or_generate_item> p<138> c<136> l<43:1> el<43:22>
              n<> u<136> t<Module_common_item> p<137> c<135> l<43:1> el<43:22>
                n<> u<135> t<Module_or_generate_item_declaration> p<136> c<134> l<43:1> el<43:22>
                  n<> u<134> t<Package_or_generate_item_declaration> p<135> c<133> l<43:1> el<43:22>
                    n<> u<133> t<Net_declaration> p<134> c<128> l<43:1> el<43:22>
                      n<> u<128> t<WIRE> p<133> s<129> l<43:1> el<43:5>
                      n<> u<129> t<Data_type_or_implicit> p<133> s<132> l<43:7> el<43:7>
                      n<> u<132> t<Net_decl_assignment_list> p<133> c<131> l<43:7> el<43:21>
                        n<> u<131> t<Net_decl_assignment> p<132> c<130> l<43:7> el<43:21>
                          n<din_48_47_eq_0> u<130> t<SIMPLE_IDENTIFIER> p<131> l<43:7> el<43:21>
        n<> u<151> t<Module_item> p<3273> c<150> s<163> l<44:1> el<44:21>
          n<> u<150> t<Non_port_module_item> p<151> c<149> l<44:1> el<44:21>
            n<> u<149> t<Module_or_generate_item> p<150> c<148> l<44:1> el<44:21>
              n<> u<148> t<Module_common_item> p<149> c<147> l<44:1> el<44:21>
                n<> u<147> t<Module_or_generate_item_declaration> p<148> c<146> l<44:1> el<44:21>
                  n<> u<146> t<Package_or_generate_item_declaration> p<147> c<145> l<44:1> el<44:21>
                    n<> u<145> t<Net_declaration> p<146> c<140> l<44:1> el<44:21>
                      n<> u<140> t<WIRE> p<145> s<141> l<44:1> el<44:5>
                      n<> u<141> t<Data_type_or_implicit> p<145> s<144> l<44:7> el<44:7>
                      n<> u<144> t<Net_decl_assignment_list> p<145> c<143> l<44:7> el<44:20>
                        n<> u<143> t<Net_decl_assignment> p<144> c<142> l<44:7> el<44:20>
                          n<lead0_48_45_0> u<142> t<SIMPLE_IDENTIFIER> p<143> l<44:7> el<44:20>
        n<> u<163> t<Module_item> p<3273> c<162> s<175> l<45:1> el<45:22>
          n<> u<162> t<Non_port_module_item> p<163> c<161> l<45:1> el<45:22>
            n<> u<161> t<Module_or_generate_item> p<162> c<160> l<45:1> el<45:22>
              n<> u<160> t<Module_common_item> p<161> c<159> l<45:1> el<45:22>
                n<> u<159> t<Module_or_generate_item_declaration> p<160> c<158> l<45:1> el<45:22>
                  n<> u<158> t<Package_or_generate_item_declaration> p<159> c<157> l<45:1> el<45:22>
                    n<> u<157> t<Net_declaration> p<158> c<152> l<45:1> el<45:22>
                      n<> u<152> t<WIRE> p<157> s<153> l<45:1> el<45:5>
                      n<> u<153> t<Data_type_or_implicit> p<157> s<156> l<45:7> el<45:7>
                      n<> u<156> t<Net_decl_assignment_list> p<157> c<155> l<45:7> el<45:21>
                        n<> u<155> t<Net_decl_assignment> p<156> c<154> l<45:7> el<45:21>
                          n<din_44_41_eq_0> u<154> t<SIMPLE_IDENTIFIER> p<155> l<45:7> el<45:21>
        n<> u<175> t<Module_item> p<3273> c<174> s<187> l<46:1> el<46:22>
          n<> u<174> t<Non_port_module_item> p<175> c<173> l<46:1> el<46:22>
            n<> u<173> t<Module_or_generate_item> p<174> c<172> l<46:1> el<46:22>
              n<> u<172> t<Module_common_item> p<173> c<171> l<46:1> el<46:22>
                n<> u<171> t<Module_or_generate_item_declaration> p<172> c<170> l<46:1> el<46:22>
                  n<> u<170> t<Package_or_generate_item_declaration> p<171> c<169> l<46:1> el<46:22>
                    n<> u<169> t<Net_declaration> p<170> c<164> l<46:1> el<46:22>
                      n<> u<164> t<WIRE> p<169> s<165> l<46:1> el<46:5>
                      n<> u<165> t<Data_type_or_implicit> p<169> s<168> l<46:7> el<46:7>
                      n<> u<168> t<Net_decl_assignment_list> p<169> c<167> l<46:7> el<46:21>
                        n<> u<167> t<Net_decl_assignment> p<168> c<166> l<46:7> el<46:21>
                          n<din_44_43_eq_0> u<166> t<SIMPLE_IDENTIFIER> p<167> l<46:7> el<46:21>
        n<> u<187> t<Module_item> p<3273> c<186> s<199> l<47:1> el<47:21>
          n<> u<186> t<Non_port_module_item> p<187> c<185> l<47:1> el<47:21>
            n<> u<185> t<Module_or_generate_item> p<186> c<184> l<47:1> el<47:21>
              n<> u<184> t<Module_common_item> p<185> c<183> l<47:1> el<47:21>
                n<> u<183> t<Module_or_generate_item_declaration> p<184> c<182> l<47:1> el<47:21>
                  n<> u<182> t<Package_or_generate_item_declaration> p<183> c<181> l<47:1> el<47:21>
                    n<> u<181> t<Net_declaration> p<182> c<176> l<47:1> el<47:21>
                      n<> u<176> t<WIRE> p<181> s<177> l<47:1> el<47:5>
                      n<> u<177> t<Data_type_or_implicit> p<181> s<180> l<47:7> el<47:7>
                      n<> u<180> t<Net_decl_assignment_list> p<181> c<179> l<47:7> el<47:20>
                        n<> u<179> t<Net_decl_assignment> p<180> c<178> l<47:7> el<47:20>
                          n<lead0_44_41_0> u<178> t<SIMPLE_IDENTIFIER> p<179> l<47:7> el<47:20>
        n<> u<199> t<Module_item> p<3273> c<198> s<211> l<48:1> el<48:22>
          n<> u<198> t<Non_port_module_item> p<199> c<197> l<48:1> el<48:22>
            n<> u<197> t<Module_or_generate_item> p<198> c<196> l<48:1> el<48:22>
              n<> u<196> t<Module_common_item> p<197> c<195> l<48:1> el<48:22>
                n<> u<195> t<Module_or_generate_item_declaration> p<196> c<194> l<48:1> el<48:22>
                  n<> u<194> t<Package_or_generate_item_declaration> p<195> c<193> l<48:1> el<48:22>
                    n<> u<193> t<Net_declaration> p<194> c<188> l<48:1> el<48:22>
                      n<> u<188> t<WIRE> p<193> s<189> l<48:1> el<48:5>
                      n<> u<189> t<Data_type_or_implicit> p<193> s<192> l<48:7> el<48:7>
                      n<> u<192> t<Net_decl_assignment_list> p<193> c<191> l<48:7> el<48:21>
                        n<> u<191> t<Net_decl_assignment> p<192> c<190> l<48:7> el<48:21>
                          n<din_40_37_eq_0> u<190> t<SIMPLE_IDENTIFIER> p<191> l<48:7> el<48:21>
        n<> u<211> t<Module_item> p<3273> c<210> s<223> l<49:1> el<49:22>
          n<> u<210> t<Non_port_module_item> p<211> c<209> l<49:1> el<49:22>
            n<> u<209> t<Module_or_generate_item> p<210> c<208> l<49:1> el<49:22>
              n<> u<208> t<Module_common_item> p<209> c<207> l<49:1> el<49:22>
                n<> u<207> t<Module_or_generate_item_declaration> p<208> c<206> l<49:1> el<49:22>
                  n<> u<206> t<Package_or_generate_item_declaration> p<207> c<205> l<49:1> el<49:22>
                    n<> u<205> t<Net_declaration> p<206> c<200> l<49:1> el<49:22>
                      n<> u<200> t<WIRE> p<205> s<201> l<49:1> el<49:5>
                      n<> u<201> t<Data_type_or_implicit> p<205> s<204> l<49:7> el<49:7>
                      n<> u<204> t<Net_decl_assignment_list> p<205> c<203> l<49:7> el<49:21>
                        n<> u<203> t<Net_decl_assignment> p<204> c<202> l<49:7> el<49:21>
                          n<din_40_39_eq_0> u<202> t<SIMPLE_IDENTIFIER> p<203> l<49:7> el<49:21>
        n<> u<223> t<Module_item> p<3273> c<222> s<235> l<50:1> el<50:21>
          n<> u<222> t<Non_port_module_item> p<223> c<221> l<50:1> el<50:21>
            n<> u<221> t<Module_or_generate_item> p<222> c<220> l<50:1> el<50:21>
              n<> u<220> t<Module_common_item> p<221> c<219> l<50:1> el<50:21>
                n<> u<219> t<Module_or_generate_item_declaration> p<220> c<218> l<50:1> el<50:21>
                  n<> u<218> t<Package_or_generate_item_declaration> p<219> c<217> l<50:1> el<50:21>
                    n<> u<217> t<Net_declaration> p<218> c<212> l<50:1> el<50:21>
                      n<> u<212> t<WIRE> p<217> s<213> l<50:1> el<50:5>
                      n<> u<213> t<Data_type_or_implicit> p<217> s<216> l<50:7> el<50:7>
                      n<> u<216> t<Net_decl_assignment_list> p<217> c<215> l<50:7> el<50:20>
                        n<> u<215> t<Net_decl_assignment> p<216> c<214> l<50:7> el<50:20>
                          n<lead0_40_37_0> u<214> t<SIMPLE_IDENTIFIER> p<215> l<50:7> el<50:20>
        n<> u<235> t<Module_item> p<3273> c<234> s<247> l<51:1> el<51:22>
          n<> u<234> t<Non_port_module_item> p<235> c<233> l<51:1> el<51:22>
            n<> u<233> t<Module_or_generate_item> p<234> c<232> l<51:1> el<51:22>
              n<> u<232> t<Module_common_item> p<233> c<231> l<51:1> el<51:22>
                n<> u<231> t<Module_or_generate_item_declaration> p<232> c<230> l<51:1> el<51:22>
                  n<> u<230> t<Package_or_generate_item_declaration> p<231> c<229> l<51:1> el<51:22>
                    n<> u<229> t<Net_declaration> p<230> c<224> l<51:1> el<51:22>
                      n<> u<224> t<WIRE> p<229> s<225> l<51:1> el<51:5>
                      n<> u<225> t<Data_type_or_implicit> p<229> s<228> l<51:7> el<51:7>
                      n<> u<228> t<Net_decl_assignment_list> p<229> c<227> l<51:7> el<51:21>
                        n<> u<227> t<Net_decl_assignment> p<228> c<226> l<51:7> el<51:21>
                          n<din_36_33_eq_0> u<226> t<SIMPLE_IDENTIFIER> p<227> l<51:7> el<51:21>
        n<> u<247> t<Module_item> p<3273> c<246> s<259> l<52:1> el<52:22>
          n<> u<246> t<Non_port_module_item> p<247> c<245> l<52:1> el<52:22>
            n<> u<245> t<Module_or_generate_item> p<246> c<244> l<52:1> el<52:22>
              n<> u<244> t<Module_common_item> p<245> c<243> l<52:1> el<52:22>
                n<> u<243> t<Module_or_generate_item_declaration> p<244> c<242> l<52:1> el<52:22>
                  n<> u<242> t<Package_or_generate_item_declaration> p<243> c<241> l<52:1> el<52:22>
                    n<> u<241> t<Net_declaration> p<242> c<236> l<52:1> el<52:22>
                      n<> u<236> t<WIRE> p<241> s<237> l<52:1> el<52:5>
                      n<> u<237> t<Data_type_or_implicit> p<241> s<240> l<52:7> el<52:7>
                      n<> u<240> t<Net_decl_assignment_list> p<241> c<239> l<52:7> el<52:21>
                        n<> u<239> t<Net_decl_assignment> p<240> c<238> l<52:7> el<52:21>
                          n<din_36_35_eq_0> u<238> t<SIMPLE_IDENTIFIER> p<239> l<52:7> el<52:21>
        n<> u<259> t<Module_item> p<3273> c<258> s<271> l<53:1> el<53:21>
          n<> u<258> t<Non_port_module_item> p<259> c<257> l<53:1> el<53:21>
            n<> u<257> t<Module_or_generate_item> p<258> c<256> l<53:1> el<53:21>
              n<> u<256> t<Module_common_item> p<257> c<255> l<53:1> el<53:21>
                n<> u<255> t<Module_or_generate_item_declaration> p<256> c<254> l<53:1> el<53:21>
                  n<> u<254> t<Package_or_generate_item_declaration> p<255> c<253> l<53:1> el<53:21>
                    n<> u<253> t<Net_declaration> p<254> c<248> l<53:1> el<53:21>
                      n<> u<248> t<WIRE> p<253> s<249> l<53:1> el<53:5>
                      n<> u<249> t<Data_type_or_implicit> p<253> s<252> l<53:7> el<53:7>
                      n<> u<252> t<Net_decl_assignment_list> p<253> c<251> l<53:7> el<53:20>
                        n<> u<251> t<Net_decl_assignment> p<252> c<250> l<53:7> el<53:20>
                          n<lead0_36_33_0> u<250> t<SIMPLE_IDENTIFIER> p<251> l<53:7> el<53:20>
        n<> u<271> t<Module_item> p<3273> c<270> s<283> l<54:1> el<54:22>
          n<> u<270> t<Non_port_module_item> p<271> c<269> l<54:1> el<54:22>
            n<> u<269> t<Module_or_generate_item> p<270> c<268> l<54:1> el<54:22>
              n<> u<268> t<Module_common_item> p<269> c<267> l<54:1> el<54:22>
                n<> u<267> t<Module_or_generate_item_declaration> p<268> c<266> l<54:1> el<54:22>
                  n<> u<266> t<Package_or_generate_item_declaration> p<267> c<265> l<54:1> el<54:22>
                    n<> u<265> t<Net_declaration> p<266> c<260> l<54:1> el<54:22>
                      n<> u<260> t<WIRE> p<265> s<261> l<54:1> el<54:5>
                      n<> u<261> t<Data_type_or_implicit> p<265> s<264> l<54:7> el<54:7>
                      n<> u<264> t<Net_decl_assignment_list> p<265> c<263> l<54:7> el<54:21>
                        n<> u<263> t<Net_decl_assignment> p<264> c<262> l<54:7> el<54:21>
                          n<din_32_29_eq_0> u<262> t<SIMPLE_IDENTIFIER> p<263> l<54:7> el<54:21>
        n<> u<283> t<Module_item> p<3273> c<282> s<295> l<55:1> el<55:22>
          n<> u<282> t<Non_port_module_item> p<283> c<281> l<55:1> el<55:22>
            n<> u<281> t<Module_or_generate_item> p<282> c<280> l<55:1> el<55:22>
              n<> u<280> t<Module_common_item> p<281> c<279> l<55:1> el<55:22>
                n<> u<279> t<Module_or_generate_item_declaration> p<280> c<278> l<55:1> el<55:22>
                  n<> u<278> t<Package_or_generate_item_declaration> p<279> c<277> l<55:1> el<55:22>
                    n<> u<277> t<Net_declaration> p<278> c<272> l<55:1> el<55:22>
                      n<> u<272> t<WIRE> p<277> s<273> l<55:1> el<55:5>
                      n<> u<273> t<Data_type_or_implicit> p<277> s<276> l<55:7> el<55:7>
                      n<> u<276> t<Net_decl_assignment_list> p<277> c<275> l<55:7> el<55:21>
                        n<> u<275> t<Net_decl_assignment> p<276> c<274> l<55:7> el<55:21>
                          n<din_32_31_eq_0> u<274> t<SIMPLE_IDENTIFIER> p<275> l<55:7> el<55:21>
        n<> u<295> t<Module_item> p<3273> c<294> s<307> l<56:1> el<56:21>
          n<> u<294> t<Non_port_module_item> p<295> c<293> l<56:1> el<56:21>
            n<> u<293> t<Module_or_generate_item> p<294> c<292> l<56:1> el<56:21>
              n<> u<292> t<Module_common_item> p<293> c<291> l<56:1> el<56:21>
                n<> u<291> t<Module_or_generate_item_declaration> p<292> c<290> l<56:1> el<56:21>
                  n<> u<290> t<Package_or_generate_item_declaration> p<291> c<289> l<56:1> el<56:21>
                    n<> u<289> t<Net_declaration> p<290> c<284> l<56:1> el<56:21>
                      n<> u<284> t<WIRE> p<289> s<285> l<56:1> el<56:5>
                      n<> u<285> t<Data_type_or_implicit> p<289> s<288> l<56:7> el<56:7>
                      n<> u<288> t<Net_decl_assignment_list> p<289> c<287> l<56:7> el<56:20>
                        n<> u<287> t<Net_decl_assignment> p<288> c<286> l<56:7> el<56:20>
                          n<lead0_32_29_0> u<286> t<SIMPLE_IDENTIFIER> p<287> l<56:7> el<56:20>
        n<> u<307> t<Module_item> p<3273> c<306> s<319> l<57:1> el<57:22>
          n<> u<306> t<Non_port_module_item> p<307> c<305> l<57:1> el<57:22>
            n<> u<305> t<Module_or_generate_item> p<306> c<304> l<57:1> el<57:22>
              n<> u<304> t<Module_common_item> p<305> c<303> l<57:1> el<57:22>
                n<> u<303> t<Module_or_generate_item_declaration> p<304> c<302> l<57:1> el<57:22>
                  n<> u<302> t<Package_or_generate_item_declaration> p<303> c<301> l<57:1> el<57:22>
                    n<> u<301> t<Net_declaration> p<302> c<296> l<57:1> el<57:22>
                      n<> u<296> t<WIRE> p<301> s<297> l<57:1> el<57:5>
                      n<> u<297> t<Data_type_or_implicit> p<301> s<300> l<57:7> el<57:7>
                      n<> u<300> t<Net_decl_assignment_list> p<301> c<299> l<57:7> el<57:21>
                        n<> u<299> t<Net_decl_assignment> p<300> c<298> l<57:7> el<57:21>
                          n<din_28_25_eq_0> u<298> t<SIMPLE_IDENTIFIER> p<299> l<57:7> el<57:21>
        n<> u<319> t<Module_item> p<3273> c<318> s<331> l<58:1> el<58:22>
          n<> u<318> t<Non_port_module_item> p<319> c<317> l<58:1> el<58:22>
            n<> u<317> t<Module_or_generate_item> p<318> c<316> l<58:1> el<58:22>
              n<> u<316> t<Module_common_item> p<317> c<315> l<58:1> el<58:22>
                n<> u<315> t<Module_or_generate_item_declaration> p<316> c<314> l<58:1> el<58:22>
                  n<> u<314> t<Package_or_generate_item_declaration> p<315> c<313> l<58:1> el<58:22>
                    n<> u<313> t<Net_declaration> p<314> c<308> l<58:1> el<58:22>
                      n<> u<308> t<WIRE> p<313> s<309> l<58:1> el<58:5>
                      n<> u<309> t<Data_type_or_implicit> p<313> s<312> l<58:7> el<58:7>
                      n<> u<312> t<Net_decl_assignment_list> p<313> c<311> l<58:7> el<58:21>
                        n<> u<311> t<Net_decl_assignment> p<312> c<310> l<58:7> el<58:21>
                          n<din_28_27_eq_0> u<310> t<SIMPLE_IDENTIFIER> p<311> l<58:7> el<58:21>
        n<> u<331> t<Module_item> p<3273> c<330> s<343> l<59:1> el<59:21>
          n<> u<330> t<Non_port_module_item> p<331> c<329> l<59:1> el<59:21>
            n<> u<329> t<Module_or_generate_item> p<330> c<328> l<59:1> el<59:21>
              n<> u<328> t<Module_common_item> p<329> c<327> l<59:1> el<59:21>
                n<> u<327> t<Module_or_generate_item_declaration> p<328> c<326> l<59:1> el<59:21>
                  n<> u<326> t<Package_or_generate_item_declaration> p<327> c<325> l<59:1> el<59:21>
                    n<> u<325> t<Net_declaration> p<326> c<320> l<59:1> el<59:21>
                      n<> u<320> t<WIRE> p<325> s<321> l<59:1> el<59:5>
                      n<> u<321> t<Data_type_or_implicit> p<325> s<324> l<59:7> el<59:7>
                      n<> u<324> t<Net_decl_assignment_list> p<325> c<323> l<59:7> el<59:20>
                        n<> u<323> t<Net_decl_assignment> p<324> c<322> l<59:7> el<59:20>
                          n<lead0_28_25_0> u<322> t<SIMPLE_IDENTIFIER> p<323> l<59:7> el<59:20>
        n<> u<343> t<Module_item> p<3273> c<342> s<355> l<60:1> el<60:22>
          n<> u<342> t<Non_port_module_item> p<343> c<341> l<60:1> el<60:22>
            n<> u<341> t<Module_or_generate_item> p<342> c<340> l<60:1> el<60:22>
              n<> u<340> t<Module_common_item> p<341> c<339> l<60:1> el<60:22>
                n<> u<339> t<Module_or_generate_item_declaration> p<340> c<338> l<60:1> el<60:22>
                  n<> u<338> t<Package_or_generate_item_declaration> p<339> c<337> l<60:1> el<60:22>
                    n<> u<337> t<Net_declaration> p<338> c<332> l<60:1> el<60:22>
                      n<> u<332> t<WIRE> p<337> s<333> l<60:1> el<60:5>
                      n<> u<333> t<Data_type_or_implicit> p<337> s<336> l<60:7> el<60:7>
                      n<> u<336> t<Net_decl_assignment_list> p<337> c<335> l<60:7> el<60:21>
                        n<> u<335> t<Net_decl_assignment> p<336> c<334> l<60:7> el<60:21>
                          n<din_24_21_eq_0> u<334> t<SIMPLE_IDENTIFIER> p<335> l<60:7> el<60:21>
        n<> u<355> t<Module_item> p<3273> c<354> s<367> l<61:1> el<61:22>
          n<> u<354> t<Non_port_module_item> p<355> c<353> l<61:1> el<61:22>
            n<> u<353> t<Module_or_generate_item> p<354> c<352> l<61:1> el<61:22>
              n<> u<352> t<Module_common_item> p<353> c<351> l<61:1> el<61:22>
                n<> u<351> t<Module_or_generate_item_declaration> p<352> c<350> l<61:1> el<61:22>
                  n<> u<350> t<Package_or_generate_item_declaration> p<351> c<349> l<61:1> el<61:22>
                    n<> u<349> t<Net_declaration> p<350> c<344> l<61:1> el<61:22>
                      n<> u<344> t<WIRE> p<349> s<345> l<61:1> el<61:5>
                      n<> u<345> t<Data_type_or_implicit> p<349> s<348> l<61:7> el<61:7>
                      n<> u<348> t<Net_decl_assignment_list> p<349> c<347> l<61:7> el<61:21>
                        n<> u<347> t<Net_decl_assignment> p<348> c<346> l<61:7> el<61:21>
                          n<din_24_23_eq_0> u<346> t<SIMPLE_IDENTIFIER> p<347> l<61:7> el<61:21>
        n<> u<367> t<Module_item> p<3273> c<366> s<379> l<62:1> el<62:21>
          n<> u<366> t<Non_port_module_item> p<367> c<365> l<62:1> el<62:21>
            n<> u<365> t<Module_or_generate_item> p<366> c<364> l<62:1> el<62:21>
              n<> u<364> t<Module_common_item> p<365> c<363> l<62:1> el<62:21>
                n<> u<363> t<Module_or_generate_item_declaration> p<364> c<362> l<62:1> el<62:21>
                  n<> u<362> t<Package_or_generate_item_declaration> p<363> c<361> l<62:1> el<62:21>
                    n<> u<361> t<Net_declaration> p<362> c<356> l<62:1> el<62:21>
                      n<> u<356> t<WIRE> p<361> s<357> l<62:1> el<62:5>
                      n<> u<357> t<Data_type_or_implicit> p<361> s<360> l<62:7> el<62:7>
                      n<> u<360> t<Net_decl_assignment_list> p<361> c<359> l<62:7> el<62:20>
                        n<> u<359> t<Net_decl_assignment> p<360> c<358> l<62:7> el<62:20>
                          n<lead0_24_21_0> u<358> t<SIMPLE_IDENTIFIER> p<359> l<62:7> el<62:20>
        n<> u<379> t<Module_item> p<3273> c<378> s<391> l<63:1> el<63:22>
          n<> u<378> t<Non_port_module_item> p<379> c<377> l<63:1> el<63:22>
            n<> u<377> t<Module_or_generate_item> p<378> c<376> l<63:1> el<63:22>
              n<> u<376> t<Module_common_item> p<377> c<375> l<63:1> el<63:22>
                n<> u<375> t<Module_or_generate_item_declaration> p<376> c<374> l<63:1> el<63:22>
                  n<> u<374> t<Package_or_generate_item_declaration> p<375> c<373> l<63:1> el<63:22>
                    n<> u<373> t<Net_declaration> p<374> c<368> l<63:1> el<63:22>
                      n<> u<368> t<WIRE> p<373> s<369> l<63:1> el<63:5>
                      n<> u<369> t<Data_type_or_implicit> p<373> s<372> l<63:7> el<63:7>
                      n<> u<372> t<Net_decl_assignment_list> p<373> c<371> l<63:7> el<63:21>
                        n<> u<371> t<Net_decl_assignment> p<372> c<370> l<63:7> el<63:21>
                          n<din_20_17_eq_0> u<370> t<SIMPLE_IDENTIFIER> p<371> l<63:7> el<63:21>
        n<> u<391> t<Module_item> p<3273> c<390> s<403> l<64:1> el<64:22>
          n<> u<390> t<Non_port_module_item> p<391> c<389> l<64:1> el<64:22>
            n<> u<389> t<Module_or_generate_item> p<390> c<388> l<64:1> el<64:22>
              n<> u<388> t<Module_common_item> p<389> c<387> l<64:1> el<64:22>
                n<> u<387> t<Module_or_generate_item_declaration> p<388> c<386> l<64:1> el<64:22>
                  n<> u<386> t<Package_or_generate_item_declaration> p<387> c<385> l<64:1> el<64:22>
                    n<> u<385> t<Net_declaration> p<386> c<380> l<64:1> el<64:22>
                      n<> u<380> t<WIRE> p<385> s<381> l<64:1> el<64:5>
                      n<> u<381> t<Data_type_or_implicit> p<385> s<384> l<64:7> el<64:7>
                      n<> u<384> t<Net_decl_assignment_list> p<385> c<383> l<64:7> el<64:21>
                        n<> u<383> t<Net_decl_assignment> p<384> c<382> l<64:7> el<64:21>
                          n<din_20_19_eq_0> u<382> t<SIMPLE_IDENTIFIER> p<383> l<64:7> el<64:21>
        n<> u<403> t<Module_item> p<3273> c<402> s<415> l<65:1> el<65:21>
          n<> u<402> t<Non_port_module_item> p<403> c<401> l<65:1> el<65:21>
            n<> u<401> t<Module_or_generate_item> p<402> c<400> l<65:1> el<65:21>
              n<> u<400> t<Module_common_item> p<401> c<399> l<65:1> el<65:21>
                n<> u<399> t<Module_or_generate_item_declaration> p<400> c<398> l<65:1> el<65:21>
                  n<> u<398> t<Package_or_generate_item_declaration> p<399> c<397> l<65:1> el<65:21>
                    n<> u<397> t<Net_declaration> p<398> c<392> l<65:1> el<65:21>
                      n<> u<392> t<WIRE> p<397> s<393> l<65:1> el<65:5>
                      n<> u<393> t<Data_type_or_implicit> p<397> s<396> l<65:7> el<65:7>
                      n<> u<396> t<Net_decl_assignment_list> p<397> c<395> l<65:7> el<65:20>
                        n<> u<395> t<Net_decl_assignment> p<396> c<394> l<65:7> el<65:20>
                          n<lead0_20_17_0> u<394> t<SIMPLE_IDENTIFIER> p<395> l<65:7> el<65:20>
        n<> u<415> t<Module_item> p<3273> c<414> s<427> l<66:1> el<66:22>
          n<> u<414> t<Non_port_module_item> p<415> c<413> l<66:1> el<66:22>
            n<> u<413> t<Module_or_generate_item> p<414> c<412> l<66:1> el<66:22>
              n<> u<412> t<Module_common_item> p<413> c<411> l<66:1> el<66:22>
                n<> u<411> t<Module_or_generate_item_declaration> p<412> c<410> l<66:1> el<66:22>
                  n<> u<410> t<Package_or_generate_item_declaration> p<411> c<409> l<66:1> el<66:22>
                    n<> u<409> t<Net_declaration> p<410> c<404> l<66:1> el<66:22>
                      n<> u<404> t<WIRE> p<409> s<405> l<66:1> el<66:5>
                      n<> u<405> t<Data_type_or_implicit> p<409> s<408> l<66:7> el<66:7>
                      n<> u<408> t<Net_decl_assignment_list> p<409> c<407> l<66:7> el<66:21>
                        n<> u<407> t<Net_decl_assignment> p<408> c<406> l<66:7> el<66:21>
                          n<din_16_13_eq_0> u<406> t<SIMPLE_IDENTIFIER> p<407> l<66:7> el<66:21>
        n<> u<427> t<Module_item> p<3273> c<426> s<439> l<67:1> el<67:22>
          n<> u<426> t<Non_port_module_item> p<427> c<425> l<67:1> el<67:22>
            n<> u<425> t<Module_or_generate_item> p<426> c<424> l<67:1> el<67:22>
              n<> u<424> t<Module_common_item> p<425> c<423> l<67:1> el<67:22>
                n<> u<423> t<Module_or_generate_item_declaration> p<424> c<422> l<67:1> el<67:22>
                  n<> u<422> t<Package_or_generate_item_declaration> p<423> c<421> l<67:1> el<67:22>
                    n<> u<421> t<Net_declaration> p<422> c<416> l<67:1> el<67:22>
                      n<> u<416> t<WIRE> p<421> s<417> l<67:1> el<67:5>
                      n<> u<417> t<Data_type_or_implicit> p<421> s<420> l<67:7> el<67:7>
                      n<> u<420> t<Net_decl_assignment_list> p<421> c<419> l<67:7> el<67:21>
                        n<> u<419> t<Net_decl_assignment> p<420> c<418> l<67:7> el<67:21>
                          n<din_16_15_eq_0> u<418> t<SIMPLE_IDENTIFIER> p<419> l<67:7> el<67:21>
        n<> u<439> t<Module_item> p<3273> c<438> s<451> l<68:1> el<68:21>
          n<> u<438> t<Non_port_module_item> p<439> c<437> l<68:1> el<68:21>
            n<> u<437> t<Module_or_generate_item> p<438> c<436> l<68:1> el<68:21>
              n<> u<436> t<Module_common_item> p<437> c<435> l<68:1> el<68:21>
                n<> u<435> t<Module_or_generate_item_declaration> p<436> c<434> l<68:1> el<68:21>
                  n<> u<434> t<Package_or_generate_item_declaration> p<435> c<433> l<68:1> el<68:21>
                    n<> u<433> t<Net_declaration> p<434> c<428> l<68:1> el<68:21>
                      n<> u<428> t<WIRE> p<433> s<429> l<68:1> el<68:5>
                      n<> u<429> t<Data_type_or_implicit> p<433> s<432> l<68:7> el<68:7>
                      n<> u<432> t<Net_decl_assignment_list> p<433> c<431> l<68:7> el<68:20>
                        n<> u<431> t<Net_decl_assignment> p<432> c<430> l<68:7> el<68:20>
                          n<lead0_16_13_0> u<430> t<SIMPLE_IDENTIFIER> p<431> l<68:7> el<68:20>
        n<> u<451> t<Module_item> p<3273> c<450> s<463> l<69:1> el<69:21>
          n<> u<450> t<Non_port_module_item> p<451> c<449> l<69:1> el<69:21>
            n<> u<449> t<Module_or_generate_item> p<450> c<448> l<69:1> el<69:21>
              n<> u<448> t<Module_common_item> p<449> c<447> l<69:1> el<69:21>
                n<> u<447> t<Module_or_generate_item_declaration> p<448> c<446> l<69:1> el<69:21>
                  n<> u<446> t<Package_or_generate_item_declaration> p<447> c<445> l<69:1> el<69:21>
                    n<> u<445> t<Net_declaration> p<446> c<440> l<69:1> el<69:21>
                      n<> u<440> t<WIRE> p<445> s<441> l<69:1> el<69:5>
                      n<> u<441> t<Data_type_or_implicit> p<445> s<444> l<69:7> el<69:7>
                      n<> u<444> t<Net_decl_assignment_list> p<445> c<443> l<69:7> el<69:20>
                        n<> u<443> t<Net_decl_assignment> p<444> c<442> l<69:7> el<69:20>
                          n<din_12_9_eq_0> u<442> t<SIMPLE_IDENTIFIER> p<443> l<69:7> el<69:20>
        n<> u<463> t<Module_item> p<3273> c<462> s<475> l<70:1> el<70:22>
          n<> u<462> t<Non_port_module_item> p<463> c<461> l<70:1> el<70:22>
            n<> u<461> t<Module_or_generate_item> p<462> c<460> l<70:1> el<70:22>
              n<> u<460> t<Module_common_item> p<461> c<459> l<70:1> el<70:22>
                n<> u<459> t<Module_or_generate_item_declaration> p<460> c<458> l<70:1> el<70:22>
                  n<> u<458> t<Package_or_generate_item_declaration> p<459> c<457> l<70:1> el<70:22>
                    n<> u<457> t<Net_declaration> p<458> c<452> l<70:1> el<70:22>
                      n<> u<452> t<WIRE> p<457> s<453> l<70:1> el<70:5>
                      n<> u<453> t<Data_type_or_implicit> p<457> s<456> l<70:7> el<70:7>
                      n<> u<456> t<Net_decl_assignment_list> p<457> c<455> l<70:7> el<70:21>
                        n<> u<455> t<Net_decl_assignment> p<456> c<454> l<70:7> el<70:21>
                          n<din_12_11_eq_0> u<454> t<SIMPLE_IDENTIFIER> p<455> l<70:7> el<70:21>
        n<> u<475> t<Module_item> p<3273> c<474> s<487> l<71:1> el<71:20>
          n<> u<474> t<Non_port_module_item> p<475> c<473> l<71:1> el<71:20>
            n<> u<473> t<Module_or_generate_item> p<474> c<472> l<71:1> el<71:20>
              n<> u<472> t<Module_common_item> p<473> c<471> l<71:1> el<71:20>
                n<> u<471> t<Module_or_generate_item_declaration> p<472> c<470> l<71:1> el<71:20>
                  n<> u<470> t<Package_or_generate_item_declaration> p<471> c<469> l<71:1> el<71:20>
                    n<> u<469> t<Net_declaration> p<470> c<464> l<71:1> el<71:20>
                      n<> u<464> t<WIRE> p<469> s<465> l<71:1> el<71:5>
                      n<> u<465> t<Data_type_or_implicit> p<469> s<468> l<71:7> el<71:7>
                      n<> u<468> t<Net_decl_assignment_list> p<469> c<467> l<71:7> el<71:19>
                        n<> u<467> t<Net_decl_assignment> p<468> c<466> l<71:7> el<71:19>
                          n<lead0_12_9_0> u<466> t<SIMPLE_IDENTIFIER> p<467> l<71:7> el<71:19>
        n<> u<487> t<Module_item> p<3273> c<486> s<499> l<72:1> el<72:20>
          n<> u<486> t<Non_port_module_item> p<487> c<485> l<72:1> el<72:20>
            n<> u<485> t<Module_or_generate_item> p<486> c<484> l<72:1> el<72:20>
              n<> u<484> t<Module_common_item> p<485> c<483> l<72:1> el<72:20>
                n<> u<483> t<Module_or_generate_item_declaration> p<484> c<482> l<72:1> el<72:20>
                  n<> u<482> t<Package_or_generate_item_declaration> p<483> c<481> l<72:1> el<72:20>
                    n<> u<481> t<Net_declaration> p<482> c<476> l<72:1> el<72:20>
                      n<> u<476> t<WIRE> p<481> s<477> l<72:1> el<72:5>
                      n<> u<477> t<Data_type_or_implicit> p<481> s<480> l<72:7> el<72:7>
                      n<> u<480> t<Net_decl_assignment_list> p<481> c<479> l<72:7> el<72:19>
                        n<> u<479> t<Net_decl_assignment> p<480> c<478> l<72:7> el<72:19>
                          n<din_8_5_eq_0> u<478> t<SIMPLE_IDENTIFIER> p<479> l<72:7> el<72:19>
        n<> u<499> t<Module_item> p<3273> c<498> s<511> l<73:1> el<73:20>
          n<> u<498> t<Non_port_module_item> p<499> c<497> l<73:1> el<73:20>
            n<> u<497> t<Module_or_generate_item> p<498> c<496> l<73:1> el<73:20>
              n<> u<496> t<Module_common_item> p<497> c<495> l<73:1> el<73:20>
                n<> u<495> t<Module_or_generate_item_declaration> p<496> c<494> l<73:1> el<73:20>
                  n<> u<494> t<Package_or_generate_item_declaration> p<495> c<493> l<73:1> el<73:20>
                    n<> u<493> t<Net_declaration> p<494> c<488> l<73:1> el<73:20>
                      n<> u<488> t<WIRE> p<493> s<489> l<73:1> el<73:5>
                      n<> u<489> t<Data_type_or_implicit> p<493> s<492> l<73:7> el<73:7>
                      n<> u<492> t<Net_decl_assignment_list> p<493> c<491> l<73:7> el<73:19>
                        n<> u<491> t<Net_decl_assignment> p<492> c<490> l<73:7> el<73:19>
                          n<din_8_7_eq_0> u<490> t<SIMPLE_IDENTIFIER> p<491> l<73:7> el<73:19>
        n<> u<511> t<Module_item> p<3273> c<510> s<523> l<74:1> el<74:19>
          n<> u<510> t<Non_port_module_item> p<511> c<509> l<74:1> el<74:19>
            n<> u<509> t<Module_or_generate_item> p<510> c<508> l<74:1> el<74:19>
              n<> u<508> t<Module_common_item> p<509> c<507> l<74:1> el<74:19>
                n<> u<507> t<Module_or_generate_item_declaration> p<508> c<506> l<74:1> el<74:19>
                  n<> u<506> t<Package_or_generate_item_declaration> p<507> c<505> l<74:1> el<74:19>
                    n<> u<505> t<Net_declaration> p<506> c<500> l<74:1> el<74:19>
                      n<> u<500> t<WIRE> p<505> s<501> l<74:1> el<74:5>
                      n<> u<501> t<Data_type_or_implicit> p<505> s<504> l<74:7> el<74:7>
                      n<> u<504> t<Net_decl_assignment_list> p<505> c<503> l<74:7> el<74:18>
                        n<> u<503> t<Net_decl_assignment> p<504> c<502> l<74:7> el<74:18>
                          n<lead0_8_5_0> u<502> t<SIMPLE_IDENTIFIER> p<503> l<74:7> el<74:18>
        n<> u<523> t<Module_item> p<3273> c<522> s<535> l<75:1> el<75:20>
          n<> u<522> t<Non_port_module_item> p<523> c<521> l<75:1> el<75:20>
            n<> u<521> t<Module_or_generate_item> p<522> c<520> l<75:1> el<75:20>
              n<> u<520> t<Module_common_item> p<521> c<519> l<75:1> el<75:20>
                n<> u<519> t<Module_or_generate_item_declaration> p<520> c<518> l<75:1> el<75:20>
                  n<> u<518> t<Package_or_generate_item_declaration> p<519> c<517> l<75:1> el<75:20>
                    n<> u<517> t<Net_declaration> p<518> c<512> l<75:1> el<75:20>
                      n<> u<512> t<WIRE> p<517> s<513> l<75:1> el<75:5>
                      n<> u<513> t<Data_type_or_implicit> p<517> s<516> l<75:7> el<75:7>
                      n<> u<516> t<Net_decl_assignment_list> p<517> c<515> l<75:7> el<75:19>
                        n<> u<515> t<Net_decl_assignment> p<516> c<514> l<75:7> el<75:19>
                          n<din_4_1_eq_0> u<514> t<SIMPLE_IDENTIFIER> p<515> l<75:7> el<75:19>
        n<> u<535> t<Module_item> p<3273> c<534> s<547> l<76:1> el<76:20>
          n<> u<534> t<Non_port_module_item> p<535> c<533> l<76:1> el<76:20>
            n<> u<533> t<Module_or_generate_item> p<534> c<532> l<76:1> el<76:20>
              n<> u<532> t<Module_common_item> p<533> c<531> l<76:1> el<76:20>
                n<> u<531> t<Module_or_generate_item_declaration> p<532> c<530> l<76:1> el<76:20>
                  n<> u<530> t<Package_or_generate_item_declaration> p<531> c<529> l<76:1> el<76:20>
                    n<> u<529> t<Net_declaration> p<530> c<524> l<76:1> el<76:20>
                      n<> u<524> t<WIRE> p<529> s<525> l<76:1> el<76:5>
                      n<> u<525> t<Data_type_or_implicit> p<529> s<528> l<76:7> el<76:7>
                      n<> u<528> t<Net_decl_assignment_list> p<529> c<527> l<76:7> el<76:19>
                        n<> u<527> t<Net_decl_assignment> p<528> c<526> l<76:7> el<76:19>
                          n<din_4_3_eq_0> u<526> t<SIMPLE_IDENTIFIER> p<527> l<76:7> el<76:19>
        n<> u<547> t<Module_item> p<3273> c<546> s<559> l<77:1> el<77:19>
          n<> u<546> t<Non_port_module_item> p<547> c<545> l<77:1> el<77:19>
            n<> u<545> t<Module_or_generate_item> p<546> c<544> l<77:1> el<77:19>
              n<> u<544> t<Module_common_item> p<545> c<543> l<77:1> el<77:19>
                n<> u<543> t<Module_or_generate_item_declaration> p<544> c<542> l<77:1> el<77:19>
                  n<> u<542> t<Package_or_generate_item_declaration> p<543> c<541> l<77:1> el<77:19>
                    n<> u<541> t<Net_declaration> p<542> c<536> l<77:1> el<77:19>
                      n<> u<536> t<WIRE> p<541> s<537> l<77:1> el<77:5>
                      n<> u<537> t<Data_type_or_implicit> p<541> s<540> l<77:7> el<77:7>
                      n<> u<540> t<Net_decl_assignment_list> p<541> c<539> l<77:7> el<77:18>
                        n<> u<539> t<Net_decl_assignment> p<540> c<538> l<77:7> el<77:18>
                          n<lead0_4_1_0> u<538> t<SIMPLE_IDENTIFIER> p<539> l<77:7> el<77:18>
        n<> u<559> t<Module_item> p<3273> c<558> s<571> l<78:1> el<78:17>
          n<> u<558> t<Non_port_module_item> p<559> c<557> l<78:1> el<78:17>
            n<> u<557> t<Module_or_generate_item> p<558> c<556> l<78:1> el<78:17>
              n<> u<556> t<Module_common_item> p<557> c<555> l<78:1> el<78:17>
                n<> u<555> t<Module_or_generate_item_declaration> p<556> c<554> l<78:1> el<78:17>
                  n<> u<554> t<Package_or_generate_item_declaration> p<555> c<553> l<78:1> el<78:17>
                    n<> u<553> t<Net_declaration> p<554> c<548> l<78:1> el<78:17>
                      n<> u<548> t<WIRE> p<553> s<549> l<78:1> el<78:5>
                      n<> u<549> t<Data_type_or_implicit> p<553> s<552> l<78:7> el<78:7>
                      n<> u<552> t<Net_decl_assignment_list> p<553> c<551> l<78:7> el<78:16>
                        n<> u<551> t<Net_decl_assignment> p<552> c<550> l<78:7> el<78:16>
                          n<lead0_0_0> u<550> t<SIMPLE_IDENTIFIER> p<551> l<78:7> el<78:16>
        n<> u<571> t<Module_item> p<3273> c<570> s<583> l<79:1> el<79:22>
          n<> u<570> t<Non_port_module_item> p<571> c<569> l<79:1> el<79:22>
            n<> u<569> t<Module_or_generate_item> p<570> c<568> l<79:1> el<79:22>
              n<> u<568> t<Module_common_item> p<569> c<567> l<79:1> el<79:22>
                n<> u<567> t<Module_or_generate_item_declaration> p<568> c<566> l<79:1> el<79:22>
                  n<> u<566> t<Package_or_generate_item_declaration> p<567> c<565> l<79:1> el<79:22>
                    n<> u<565> t<Net_declaration> p<566> c<560> l<79:1> el<79:22>
                      n<> u<560> t<WIRE> p<565> s<561> l<79:1> el<79:5>
                      n<> u<561> t<Data_type_or_implicit> p<565> s<564> l<79:7> el<79:7>
                      n<> u<564> t<Net_decl_assignment_list> p<565> c<563> l<79:7> el<79:21>
                        n<> u<563> t<Net_decl_assignment> p<564> c<562> l<79:7> el<79:21>
                          n<din_52_45_eq_0> u<562> t<SIMPLE_IDENTIFIER> p<563> l<79:7> el<79:21>
        n<> u<583> t<Module_item> p<3273> c<582> s<595> l<80:1> el<80:21>
          n<> u<582> t<Non_port_module_item> p<583> c<581> l<80:1> el<80:21>
            n<> u<581> t<Module_or_generate_item> p<582> c<580> l<80:1> el<80:21>
              n<> u<580> t<Module_common_item> p<581> c<579> l<80:1> el<80:21>
                n<> u<579> t<Module_or_generate_item_declaration> p<580> c<578> l<80:1> el<80:21>
                  n<> u<578> t<Package_or_generate_item_declaration> p<579> c<577> l<80:1> el<80:21>
                    n<> u<577> t<Net_declaration> p<578> c<572> l<80:1> el<80:21>
                      n<> u<572> t<WIRE> p<577> s<573> l<80:1> el<80:5>
                      n<> u<573> t<Data_type_or_implicit> p<577> s<576> l<80:7> el<80:7>
                      n<> u<576> t<Net_decl_assignment_list> p<577> c<575> l<80:7> el<80:20>
                        n<> u<575> t<Net_decl_assignment> p<576> c<574> l<80:7> el<80:20>
                          n<lead0_52_45_1> u<574> t<SIMPLE_IDENTIFIER> p<575> l<80:7> el<80:20>
        n<> u<595> t<Module_item> p<3273> c<594> s<607> l<81:1> el<81:21>
          n<> u<594> t<Non_port_module_item> p<595> c<593> l<81:1> el<81:21>
            n<> u<593> t<Module_or_generate_item> p<594> c<592> l<81:1> el<81:21>
              n<> u<592> t<Module_common_item> p<593> c<591> l<81:1> el<81:21>
                n<> u<591> t<Module_or_generate_item_declaration> p<592> c<590> l<81:1> el<81:21>
                  n<> u<590> t<Package_or_generate_item_declaration> p<591> c<589> l<81:1> el<81:21>
                    n<> u<589> t<Net_declaration> p<590> c<584> l<81:1> el<81:21>
                      n<> u<584> t<WIRE> p<589> s<585> l<81:1> el<81:5>
                      n<> u<585> t<Data_type_or_implicit> p<589> s<588> l<81:7> el<81:7>
                      n<> u<588> t<Net_decl_assignment_list> p<589> c<587> l<81:7> el<81:20>
                        n<> u<587> t<Net_decl_assignment> p<588> c<586> l<81:7> el<81:20>
                          n<lead0_52_45_0> u<586> t<SIMPLE_IDENTIFIER> p<587> l<81:7> el<81:20>
        n<> u<607> t<Module_item> p<3273> c<606> s<619> l<82:1> el<82:22>
          n<> u<606> t<Non_port_module_item> p<607> c<605> l<82:1> el<82:22>
            n<> u<605> t<Module_or_generate_item> p<606> c<604> l<82:1> el<82:22>
              n<> u<604> t<Module_common_item> p<605> c<603> l<82:1> el<82:22>
                n<> u<603> t<Module_or_generate_item_declaration> p<604> c<602> l<82:1> el<82:22>
                  n<> u<602> t<Package_or_generate_item_declaration> p<603> c<601> l<82:1> el<82:22>
                    n<> u<601> t<Net_declaration> p<602> c<596> l<82:1> el<82:22>
                      n<> u<596> t<WIRE> p<601> s<597> l<82:1> el<82:5>
                      n<> u<597> t<Data_type_or_implicit> p<601> s<600> l<82:7> el<82:7>
                      n<> u<600> t<Net_decl_assignment_list> p<601> c<599> l<82:7> el<82:21>
                        n<> u<599> t<Net_decl_assignment> p<600> c<598> l<82:7> el<82:21>
                          n<din_44_37_eq_0> u<598> t<SIMPLE_IDENTIFIER> p<599> l<82:7> el<82:21>
        n<> u<619> t<Module_item> p<3273> c<618> s<631> l<83:1> el<83:21>
          n<> u<618> t<Non_port_module_item> p<619> c<617> l<83:1> el<83:21>
            n<> u<617> t<Module_or_generate_item> p<618> c<616> l<83:1> el<83:21>
              n<> u<616> t<Module_common_item> p<617> c<615> l<83:1> el<83:21>
                n<> u<615> t<Module_or_generate_item_declaration> p<616> c<614> l<83:1> el<83:21>
                  n<> u<614> t<Package_or_generate_item_declaration> p<615> c<613> l<83:1> el<83:21>
                    n<> u<613> t<Net_declaration> p<614> c<608> l<83:1> el<83:21>
                      n<> u<608> t<WIRE> p<613> s<609> l<83:1> el<83:5>
                      n<> u<609> t<Data_type_or_implicit> p<613> s<612> l<83:7> el<83:7>
                      n<> u<612> t<Net_decl_assignment_list> p<613> c<611> l<83:7> el<83:20>
                        n<> u<611> t<Net_decl_assignment> p<612> c<610> l<83:7> el<83:20>
                          n<lead0_44_37_1> u<610> t<SIMPLE_IDENTIFIER> p<611> l<83:7> el<83:20>
        n<> u<631> t<Module_item> p<3273> c<630> s<643> l<84:1> el<84:21>
          n<> u<630> t<Non_port_module_item> p<631> c<629> l<84:1> el<84:21>
            n<> u<629> t<Module_or_generate_item> p<630> c<628> l<84:1> el<84:21>
              n<> u<628> t<Module_common_item> p<629> c<627> l<84:1> el<84:21>
                n<> u<627> t<Module_or_generate_item_declaration> p<628> c<626> l<84:1> el<84:21>
                  n<> u<626> t<Package_or_generate_item_declaration> p<627> c<625> l<84:1> el<84:21>
                    n<> u<625> t<Net_declaration> p<626> c<620> l<84:1> el<84:21>
                      n<> u<620> t<WIRE> p<625> s<621> l<84:1> el<84:5>
                      n<> u<621> t<Data_type_or_implicit> p<625> s<624> l<84:7> el<84:7>
                      n<> u<624> t<Net_decl_assignment_list> p<625> c<623> l<84:7> el<84:20>
                        n<> u<623> t<Net_decl_assignment> p<624> c<622> l<84:7> el<84:20>
                          n<lead0_44_37_0> u<622> t<SIMPLE_IDENTIFIER> p<623> l<84:7> el<84:20>
        n<> u<643> t<Module_item> p<3273> c<642> s<655> l<85:1> el<85:22>
          n<> u<642> t<Non_port_module_item> p<643> c<641> l<85:1> el<85:22>
            n<> u<641> t<Module_or_generate_item> p<642> c<640> l<85:1> el<85:22>
              n<> u<640> t<Module_common_item> p<641> c<639> l<85:1> el<85:22>
                n<> u<639> t<Module_or_generate_item_declaration> p<640> c<638> l<85:1> el<85:22>
                  n<> u<638> t<Package_or_generate_item_declaration> p<639> c<637> l<85:1> el<85:22>
                    n<> u<637> t<Net_declaration> p<638> c<632> l<85:1> el<85:22>
                      n<> u<632> t<WIRE> p<637> s<633> l<85:1> el<85:5>
                      n<> u<633> t<Data_type_or_implicit> p<637> s<636> l<85:7> el<85:7>
                      n<> u<636> t<Net_decl_assignment_list> p<637> c<635> l<85:7> el<85:21>
                        n<> u<635> t<Net_decl_assignment> p<636> c<634> l<85:7> el<85:21>
                          n<din_36_29_eq_0> u<634> t<SIMPLE_IDENTIFIER> p<635> l<85:7> el<85:21>
        n<> u<655> t<Module_item> p<3273> c<654> s<667> l<86:1> el<86:21>
          n<> u<654> t<Non_port_module_item> p<655> c<653> l<86:1> el<86:21>
            n<> u<653> t<Module_or_generate_item> p<654> c<652> l<86:1> el<86:21>
              n<> u<652> t<Module_common_item> p<653> c<651> l<86:1> el<86:21>
                n<> u<651> t<Module_or_generate_item_declaration> p<652> c<650> l<86:1> el<86:21>
                  n<> u<650> t<Package_or_generate_item_declaration> p<651> c<649> l<86:1> el<86:21>
                    n<> u<649> t<Net_declaration> p<650> c<644> l<86:1> el<86:21>
                      n<> u<644> t<WIRE> p<649> s<645> l<86:1> el<86:5>
                      n<> u<645> t<Data_type_or_implicit> p<649> s<648> l<86:7> el<86:7>
                      n<> u<648> t<Net_decl_assignment_list> p<649> c<647> l<86:7> el<86:20>
                        n<> u<647> t<Net_decl_assignment> p<648> c<646> l<86:7> el<86:20>
                          n<lead0_36_29_1> u<646> t<SIMPLE_IDENTIFIER> p<647> l<86:7> el<86:20>
        n<> u<667> t<Module_item> p<3273> c<666> s<679> l<87:1> el<87:21>
          n<> u<666> t<Non_port_module_item> p<667> c<665> l<87:1> el<87:21>
            n<> u<665> t<Module_or_generate_item> p<666> c<664> l<87:1> el<87:21>
              n<> u<664> t<Module_common_item> p<665> c<663> l<87:1> el<87:21>
                n<> u<663> t<Module_or_generate_item_declaration> p<664> c<662> l<87:1> el<87:21>
                  n<> u<662> t<Package_or_generate_item_declaration> p<663> c<661> l<87:1> el<87:21>
                    n<> u<661> t<Net_declaration> p<662> c<656> l<87:1> el<87:21>
                      n<> u<656> t<WIRE> p<661> s<657> l<87:1> el<87:5>
                      n<> u<657> t<Data_type_or_implicit> p<661> s<660> l<87:7> el<87:7>
                      n<> u<660> t<Net_decl_assignment_list> p<661> c<659> l<87:7> el<87:20>
                        n<> u<659> t<Net_decl_assignment> p<660> c<658> l<87:7> el<87:20>
                          n<lead0_36_29_0> u<658> t<SIMPLE_IDENTIFIER> p<659> l<87:7> el<87:20>
        n<> u<679> t<Module_item> p<3273> c<678> s<691> l<88:1> el<88:22>
          n<> u<678> t<Non_port_module_item> p<679> c<677> l<88:1> el<88:22>
            n<> u<677> t<Module_or_generate_item> p<678> c<676> l<88:1> el<88:22>
              n<> u<676> t<Module_common_item> p<677> c<675> l<88:1> el<88:22>
                n<> u<675> t<Module_or_generate_item_declaration> p<676> c<674> l<88:1> el<88:22>
                  n<> u<674> t<Package_or_generate_item_declaration> p<675> c<673> l<88:1> el<88:22>
                    n<> u<673> t<Net_declaration> p<674> c<668> l<88:1> el<88:22>
                      n<> u<668> t<WIRE> p<673> s<669> l<88:1> el<88:5>
                      n<> u<669> t<Data_type_or_implicit> p<673> s<672> l<88:7> el<88:7>
                      n<> u<672> t<Net_decl_assignment_list> p<673> c<671> l<88:7> el<88:21>
                        n<> u<671> t<Net_decl_assignment> p<672> c<670> l<88:7> el<88:21>
                          n<din_28_21_eq_0> u<670> t<SIMPLE_IDENTIFIER> p<671> l<88:7> el<88:21>
        n<> u<691> t<Module_item> p<3273> c<690> s<703> l<89:1> el<89:21>
          n<> u<690> t<Non_port_module_item> p<691> c<689> l<89:1> el<89:21>
            n<> u<689> t<Module_or_generate_item> p<690> c<688> l<89:1> el<89:21>
              n<> u<688> t<Module_common_item> p<689> c<687> l<89:1> el<89:21>
                n<> u<687> t<Module_or_generate_item_declaration> p<688> c<686> l<89:1> el<89:21>
                  n<> u<686> t<Package_or_generate_item_declaration> p<687> c<685> l<89:1> el<89:21>
                    n<> u<685> t<Net_declaration> p<686> c<680> l<89:1> el<89:21>
                      n<> u<680> t<WIRE> p<685> s<681> l<89:1> el<89:5>
                      n<> u<681> t<Data_type_or_implicit> p<685> s<684> l<89:7> el<89:7>
                      n<> u<684> t<Net_decl_assignment_list> p<685> c<683> l<89:7> el<89:20>
                        n<> u<683> t<Net_decl_assignment> p<684> c<682> l<89:7> el<89:20>
                          n<lead0_28_21_1> u<682> t<SIMPLE_IDENTIFIER> p<683> l<89:7> el<89:20>
        n<> u<703> t<Module_item> p<3273> c<702> s<715> l<90:1> el<90:21>
          n<> u<702> t<Non_port_module_item> p<703> c<701> l<90:1> el<90:21>
            n<> u<701> t<Module_or_generate_item> p<702> c<700> l<90:1> el<90:21>
              n<> u<700> t<Module_common_item> p<701> c<699> l<90:1> el<90:21>
                n<> u<699> t<Module_or_generate_item_declaration> p<700> c<698> l<90:1> el<90:21>
                  n<> u<698> t<Package_or_generate_item_declaration> p<699> c<697> l<90:1> el<90:21>
                    n<> u<697> t<Net_declaration> p<698> c<692> l<90:1> el<90:21>
                      n<> u<692> t<WIRE> p<697> s<693> l<90:1> el<90:5>
                      n<> u<693> t<Data_type_or_implicit> p<697> s<696> l<90:7> el<90:7>
                      n<> u<696> t<Net_decl_assignment_list> p<697> c<695> l<90:7> el<90:20>
                        n<> u<695> t<Net_decl_assignment> p<696> c<694> l<90:7> el<90:20>
                          n<lead0_28_21_0> u<694> t<SIMPLE_IDENTIFIER> p<695> l<90:7> el<90:20>
        n<> u<715> t<Module_item> p<3273> c<714> s<727> l<91:1> el<91:22>
          n<> u<714> t<Non_port_module_item> p<715> c<713> l<91:1> el<91:22>
            n<> u<713> t<Module_or_generate_item> p<714> c<712> l<91:1> el<91:22>
              n<> u<712> t<Module_common_item> p<713> c<711> l<91:1> el<91:22>
                n<> u<711> t<Module_or_generate_item_declaration> p<712> c<710> l<91:1> el<91:22>
                  n<> u<710> t<Package_or_generate_item_declaration> p<711> c<709> l<91:1> el<91:22>
                    n<> u<709> t<Net_declaration> p<710> c<704> l<91:1> el<91:22>
                      n<> u<704> t<WIRE> p<709> s<705> l<91:1> el<91:5>
                      n<> u<705> t<Data_type_or_implicit> p<709> s<708> l<91:7> el<91:7>
                      n<> u<708> t<Net_decl_assignment_list> p<709> c<707> l<91:7> el<91:21>
                        n<> u<707> t<Net_decl_assignment> p<708> c<706> l<91:7> el<91:21>
                          n<din_20_13_eq_0> u<706> t<SIMPLE_IDENTIFIER> p<707> l<91:7> el<91:21>
        n<> u<727> t<Module_item> p<3273> c<726> s<739> l<92:1> el<92:21>
          n<> u<726> t<Non_port_module_item> p<727> c<725> l<92:1> el<92:21>
            n<> u<725> t<Module_or_generate_item> p<726> c<724> l<92:1> el<92:21>
              n<> u<724> t<Module_common_item> p<725> c<723> l<92:1> el<92:21>
                n<> u<723> t<Module_or_generate_item_declaration> p<724> c<722> l<92:1> el<92:21>
                  n<> u<722> t<Package_or_generate_item_declaration> p<723> c<721> l<92:1> el<92:21>
                    n<> u<721> t<Net_declaration> p<722> c<716> l<92:1> el<92:21>
                      n<> u<716> t<WIRE> p<721> s<717> l<92:1> el<92:5>
                      n<> u<717> t<Data_type_or_implicit> p<721> s<720> l<92:7> el<92:7>
                      n<> u<720> t<Net_decl_assignment_list> p<721> c<719> l<92:7> el<92:20>
                        n<> u<719> t<Net_decl_assignment> p<720> c<718> l<92:7> el<92:20>
                          n<lead0_20_13_1> u<718> t<SIMPLE_IDENTIFIER> p<719> l<92:7> el<92:20>
        n<> u<739> t<Module_item> p<3273> c<738> s<751> l<93:1> el<93:21>
          n<> u<738> t<Non_port_module_item> p<739> c<737> l<93:1> el<93:21>
            n<> u<737> t<Module_or_generate_item> p<738> c<736> l<93:1> el<93:21>
              n<> u<736> t<Module_common_item> p<737> c<735> l<93:1> el<93:21>
                n<> u<735> t<Module_or_generate_item_declaration> p<736> c<734> l<93:1> el<93:21>
                  n<> u<734> t<Package_or_generate_item_declaration> p<735> c<733> l<93:1> el<93:21>
                    n<> u<733> t<Net_declaration> p<734> c<728> l<93:1> el<93:21>
                      n<> u<728> t<WIRE> p<733> s<729> l<93:1> el<93:5>
                      n<> u<729> t<Data_type_or_implicit> p<733> s<732> l<93:7> el<93:7>
                      n<> u<732> t<Net_decl_assignment_list> p<733> c<731> l<93:7> el<93:20>
                        n<> u<731> t<Net_decl_assignment> p<732> c<730> l<93:7> el<93:20>
                          n<lead0_20_13_0> u<730> t<SIMPLE_IDENTIFIER> p<731> l<93:7> el<93:20>
        n<> u<751> t<Module_item> p<3273> c<750> s<763> l<94:1> el<94:21>
          n<> u<750> t<Non_port_module_item> p<751> c<749> l<94:1> el<94:21>
            n<> u<749> t<Module_or_generate_item> p<750> c<748> l<94:1> el<94:21>
              n<> u<748> t<Module_common_item> p<749> c<747> l<94:1> el<94:21>
                n<> u<747> t<Module_or_generate_item_declaration> p<748> c<746> l<94:1> el<94:21>
                  n<> u<746> t<Package_or_generate_item_declaration> p<747> c<745> l<94:1> el<94:21>
                    n<> u<745> t<Net_declaration> p<746> c<740> l<94:1> el<94:21>
                      n<> u<740> t<WIRE> p<745> s<741> l<94:1> el<94:5>
                      n<> u<741> t<Data_type_or_implicit> p<745> s<744> l<94:7> el<94:7>
                      n<> u<744> t<Net_decl_assignment_list> p<745> c<743> l<94:7> el<94:20>
                        n<> u<743> t<Net_decl_assignment> p<744> c<742> l<94:7> el<94:20>
                          n<din_12_5_eq_0> u<742> t<SIMPLE_IDENTIFIER> p<743> l<94:7> el<94:20>
        n<> u<763> t<Module_item> p<3273> c<762> s<775> l<95:1> el<95:20>
          n<> u<762> t<Non_port_module_item> p<763> c<761> l<95:1> el<95:20>
            n<> u<761> t<Module_or_generate_item> p<762> c<760> l<95:1> el<95:20>
              n<> u<760> t<Module_common_item> p<761> c<759> l<95:1> el<95:20>
                n<> u<759> t<Module_or_generate_item_declaration> p<760> c<758> l<95:1> el<95:20>
                  n<> u<758> t<Package_or_generate_item_declaration> p<759> c<757> l<95:1> el<95:20>
                    n<> u<757> t<Net_declaration> p<758> c<752> l<95:1> el<95:20>
                      n<> u<752> t<WIRE> p<757> s<753> l<95:1> el<95:5>
                      n<> u<753> t<Data_type_or_implicit> p<757> s<756> l<95:7> el<95:7>
                      n<> u<756> t<Net_decl_assignment_list> p<757> c<755> l<95:7> el<95:19>
                        n<> u<755> t<Net_decl_assignment> p<756> c<754> l<95:7> el<95:19>
                          n<lead0_12_5_1> u<754> t<SIMPLE_IDENTIFIER> p<755> l<95:7> el<95:19>
        n<> u<775> t<Module_item> p<3273> c<774> s<787> l<96:1> el<96:20>
          n<> u<774> t<Non_port_module_item> p<775> c<773> l<96:1> el<96:20>
            n<> u<773> t<Module_or_generate_item> p<774> c<772> l<96:1> el<96:20>
              n<> u<772> t<Module_common_item> p<773> c<771> l<96:1> el<96:20>
                n<> u<771> t<Module_or_generate_item_declaration> p<772> c<770> l<96:1> el<96:20>
                  n<> u<770> t<Package_or_generate_item_declaration> p<771> c<769> l<96:1> el<96:20>
                    n<> u<769> t<Net_declaration> p<770> c<764> l<96:1> el<96:20>
                      n<> u<764> t<WIRE> p<769> s<765> l<96:1> el<96:5>
                      n<> u<765> t<Data_type_or_implicit> p<769> s<768> l<96:7> el<96:7>
                      n<> u<768> t<Net_decl_assignment_list> p<769> c<767> l<96:7> el<96:19>
                        n<> u<767> t<Net_decl_assignment> p<768> c<766> l<96:7> el<96:19>
                          n<lead0_12_5_0> u<766> t<SIMPLE_IDENTIFIER> p<767> l<96:7> el<96:19>
        n<> u<787> t<Module_item> p<3273> c<786> s<799> l<97:1> el<97:19>
          n<> u<786> t<Non_port_module_item> p<787> c<785> l<97:1> el<97:19>
            n<> u<785> t<Module_or_generate_item> p<786> c<784> l<97:1> el<97:19>
              n<> u<784> t<Module_common_item> p<785> c<783> l<97:1> el<97:19>
                n<> u<783> t<Module_or_generate_item_declaration> p<784> c<782> l<97:1> el<97:19>
                  n<> u<782> t<Package_or_generate_item_declaration> p<783> c<781> l<97:1> el<97:19>
                    n<> u<781> t<Net_declaration> p<782> c<776> l<97:1> el<97:19>
                      n<> u<776> t<WIRE> p<781> s<777> l<97:1> el<97:5>
                      n<> u<777> t<Data_type_or_implicit> p<781> s<780> l<97:7> el<97:7>
                      n<> u<780> t<Net_decl_assignment_list> p<781> c<779> l<97:7> el<97:18>
                        n<> u<779> t<Net_decl_assignment> p<780> c<778> l<97:7> el<97:18>
                          n<lead0_4_0_1> u<778> t<SIMPLE_IDENTIFIER> p<779> l<97:7> el<97:18>
        n<> u<799> t<Module_item> p<3273> c<798> s<811> l<98:1> el<98:19>
          n<> u<798> t<Non_port_module_item> p<799> c<797> l<98:1> el<98:19>
            n<> u<797> t<Module_or_generate_item> p<798> c<796> l<98:1> el<98:19>
              n<> u<796> t<Module_common_item> p<797> c<795> l<98:1> el<98:19>
                n<> u<795> t<Module_or_generate_item_declaration> p<796> c<794> l<98:1> el<98:19>
                  n<> u<794> t<Package_or_generate_item_declaration> p<795> c<793> l<98:1> el<98:19>
                    n<> u<793> t<Net_declaration> p<794> c<788> l<98:1> el<98:19>
                      n<> u<788> t<WIRE> p<793> s<789> l<98:1> el<98:5>
                      n<> u<789> t<Data_type_or_implicit> p<793> s<792> l<98:7> el<98:7>
                      n<> u<792> t<Net_decl_assignment_list> p<793> c<791> l<98:7> el<98:18>
                        n<> u<791> t<Net_decl_assignment> p<792> c<790> l<98:7> el<98:18>
                          n<lead0_4_0_0> u<790> t<SIMPLE_IDENTIFIER> p<791> l<98:7> el<98:18>
        n<> u<811> t<Module_item> p<3273> c<810> s<823> l<99:1> el<99:22>
          n<> u<810> t<Non_port_module_item> p<811> c<809> l<99:1> el<99:22>
            n<> u<809> t<Module_or_generate_item> p<810> c<808> l<99:1> el<99:22>
              n<> u<808> t<Module_common_item> p<809> c<807> l<99:1> el<99:22>
                n<> u<807> t<Module_or_generate_item_declaration> p<808> c<806> l<99:1> el<99:22>
                  n<> u<806> t<Package_or_generate_item_declaration> p<807> c<805> l<99:1> el<99:22>
                    n<> u<805> t<Net_declaration> p<806> c<800> l<99:1> el<99:22>
                      n<> u<800> t<WIRE> p<805> s<801> l<99:1> el<99:5>
                      n<> u<801> t<Data_type_or_implicit> p<805> s<804> l<99:7> el<99:7>
                      n<> u<804> t<Net_decl_assignment_list> p<805> c<803> l<99:7> el<99:21>
                        n<> u<803> t<Net_decl_assignment> p<804> c<802> l<99:7> el<99:21>
                          n<din_52_37_eq_0> u<802> t<SIMPLE_IDENTIFIER> p<803> l<99:7> el<99:21>
        n<> u<823> t<Module_item> p<3273> c<822> s<835> l<100:1> el<100:21>
          n<> u<822> t<Non_port_module_item> p<823> c<821> l<100:1> el<100:21>
            n<> u<821> t<Module_or_generate_item> p<822> c<820> l<100:1> el<100:21>
              n<> u<820> t<Module_common_item> p<821> c<819> l<100:1> el<100:21>
                n<> u<819> t<Module_or_generate_item_declaration> p<820> c<818> l<100:1> el<100:21>
                  n<> u<818> t<Package_or_generate_item_declaration> p<819> c<817> l<100:1> el<100:21>
                    n<> u<817> t<Net_declaration> p<818> c<812> l<100:1> el<100:21>
                      n<> u<812> t<WIRE> p<817> s<813> l<100:1> el<100:5>
                      n<> u<813> t<Data_type_or_implicit> p<817> s<816> l<100:7> el<100:7>
                      n<> u<816> t<Net_decl_assignment_list> p<817> c<815> l<100:7> el<100:20>
                        n<> u<815> t<Net_decl_assignment> p<816> c<814> l<100:7> el<100:20>
                          n<lead0_52_37_2> u<814> t<SIMPLE_IDENTIFIER> p<815> l<100:7> el<100:20>
        n<> u<835> t<Module_item> p<3273> c<834> s<847> l<101:1> el<101:21>
          n<> u<834> t<Non_port_module_item> p<835> c<833> l<101:1> el<101:21>
            n<> u<833> t<Module_or_generate_item> p<834> c<832> l<101:1> el<101:21>
              n<> u<832> t<Module_common_item> p<833> c<831> l<101:1> el<101:21>
                n<> u<831> t<Module_or_generate_item_declaration> p<832> c<830> l<101:1> el<101:21>
                  n<> u<830> t<Package_or_generate_item_declaration> p<831> c<829> l<101:1> el<101:21>
                    n<> u<829> t<Net_declaration> p<830> c<824> l<101:1> el<101:21>
                      n<> u<824> t<WIRE> p<829> s<825> l<101:1> el<101:5>
                      n<> u<825> t<Data_type_or_implicit> p<829> s<828> l<101:7> el<101:7>
                      n<> u<828> t<Net_decl_assignment_list> p<829> c<827> l<101:7> el<101:20>
                        n<> u<827> t<Net_decl_assignment> p<828> c<826> l<101:7> el<101:20>
                          n<lead0_52_37_1> u<826> t<SIMPLE_IDENTIFIER> p<827> l<101:7> el<101:20>
        n<> u<847> t<Module_item> p<3273> c<846> s<859> l<102:1> el<102:21>
          n<> u<846> t<Non_port_module_item> p<847> c<845> l<102:1> el<102:21>
            n<> u<845> t<Module_or_generate_item> p<846> c<844> l<102:1> el<102:21>
              n<> u<844> t<Module_common_item> p<845> c<843> l<102:1> el<102:21>
                n<> u<843> t<Module_or_generate_item_declaration> p<844> c<842> l<102:1> el<102:21>
                  n<> u<842> t<Package_or_generate_item_declaration> p<843> c<841> l<102:1> el<102:21>
                    n<> u<841> t<Net_declaration> p<842> c<836> l<102:1> el<102:21>
                      n<> u<836> t<WIRE> p<841> s<837> l<102:1> el<102:5>
                      n<> u<837> t<Data_type_or_implicit> p<841> s<840> l<102:7> el<102:7>
                      n<> u<840> t<Net_decl_assignment_list> p<841> c<839> l<102:7> el<102:20>
                        n<> u<839> t<Net_decl_assignment> p<840> c<838> l<102:7> el<102:20>
                          n<lead0_52_37_0> u<838> t<SIMPLE_IDENTIFIER> p<839> l<102:7> el<102:20>
        n<> u<859> t<Module_item> p<3273> c<858> s<871> l<103:1> el<103:22>
          n<> u<858> t<Non_port_module_item> p<859> c<857> l<103:1> el<103:22>
            n<> u<857> t<Module_or_generate_item> p<858> c<856> l<103:1> el<103:22>
              n<> u<856> t<Module_common_item> p<857> c<855> l<103:1> el<103:22>
                n<> u<855> t<Module_or_generate_item_declaration> p<856> c<854> l<103:1> el<103:22>
                  n<> u<854> t<Package_or_generate_item_declaration> p<855> c<853> l<103:1> el<103:22>
                    n<> u<853> t<Net_declaration> p<854> c<848> l<103:1> el<103:22>
                      n<> u<848> t<WIRE> p<853> s<849> l<103:1> el<103:5>
                      n<> u<849> t<Data_type_or_implicit> p<853> s<852> l<103:7> el<103:7>
                      n<> u<852> t<Net_decl_assignment_list> p<853> c<851> l<103:7> el<103:21>
                        n<> u<851> t<Net_decl_assignment> p<852> c<850> l<103:7> el<103:21>
                          n<din_36_21_eq_0> u<850> t<SIMPLE_IDENTIFIER> p<851> l<103:7> el<103:21>
        n<> u<871> t<Module_item> p<3273> c<870> s<883> l<104:1> el<104:21>
          n<> u<870> t<Non_port_module_item> p<871> c<869> l<104:1> el<104:21>
            n<> u<869> t<Module_or_generate_item> p<870> c<868> l<104:1> el<104:21>
              n<> u<868> t<Module_common_item> p<869> c<867> l<104:1> el<104:21>
                n<> u<867> t<Module_or_generate_item_declaration> p<868> c<866> l<104:1> el<104:21>
                  n<> u<866> t<Package_or_generate_item_declaration> p<867> c<865> l<104:1> el<104:21>
                    n<> u<865> t<Net_declaration> p<866> c<860> l<104:1> el<104:21>
                      n<> u<860> t<WIRE> p<865> s<861> l<104:1> el<104:5>
                      n<> u<861> t<Data_type_or_implicit> p<865> s<864> l<104:7> el<104:7>
                      n<> u<864> t<Net_decl_assignment_list> p<865> c<863> l<104:7> el<104:20>
                        n<> u<863> t<Net_decl_assignment> p<864> c<862> l<104:7> el<104:20>
                          n<lead0_36_21_2> u<862> t<SIMPLE_IDENTIFIER> p<863> l<104:7> el<104:20>
        n<> u<883> t<Module_item> p<3273> c<882> s<895> l<105:1> el<105:21>
          n<> u<882> t<Non_port_module_item> p<883> c<881> l<105:1> el<105:21>
            n<> u<881> t<Module_or_generate_item> p<882> c<880> l<105:1> el<105:21>
              n<> u<880> t<Module_common_item> p<881> c<879> l<105:1> el<105:21>
                n<> u<879> t<Module_or_generate_item_declaration> p<880> c<878> l<105:1> el<105:21>
                  n<> u<878> t<Package_or_generate_item_declaration> p<879> c<877> l<105:1> el<105:21>
                    n<> u<877> t<Net_declaration> p<878> c<872> l<105:1> el<105:21>
                      n<> u<872> t<WIRE> p<877> s<873> l<105:1> el<105:5>
                      n<> u<873> t<Data_type_or_implicit> p<877> s<876> l<105:7> el<105:7>
                      n<> u<876> t<Net_decl_assignment_list> p<877> c<875> l<105:7> el<105:20>
                        n<> u<875> t<Net_decl_assignment> p<876> c<874> l<105:7> el<105:20>
                          n<lead0_36_21_1> u<874> t<SIMPLE_IDENTIFIER> p<875> l<105:7> el<105:20>
        n<> u<895> t<Module_item> p<3273> c<894> s<907> l<106:1> el<106:21>
          n<> u<894> t<Non_port_module_item> p<895> c<893> l<106:1> el<106:21>
            n<> u<893> t<Module_or_generate_item> p<894> c<892> l<106:1> el<106:21>
              n<> u<892> t<Module_common_item> p<893> c<891> l<106:1> el<106:21>
                n<> u<891> t<Module_or_generate_item_declaration> p<892> c<890> l<106:1> el<106:21>
                  n<> u<890> t<Package_or_generate_item_declaration> p<891> c<889> l<106:1> el<106:21>
                    n<> u<889> t<Net_declaration> p<890> c<884> l<106:1> el<106:21>
                      n<> u<884> t<WIRE> p<889> s<885> l<106:1> el<106:5>
                      n<> u<885> t<Data_type_or_implicit> p<889> s<888> l<106:7> el<106:7>
                      n<> u<888> t<Net_decl_assignment_list> p<889> c<887> l<106:7> el<106:20>
                        n<> u<887> t<Net_decl_assignment> p<888> c<886> l<106:7> el<106:20>
                          n<lead0_36_21_0> u<886> t<SIMPLE_IDENTIFIER> p<887> l<106:7> el<106:20>
        n<> u<907> t<Module_item> p<3273> c<906> s<919> l<107:1> el<107:21>
          n<> u<906> t<Non_port_module_item> p<907> c<905> l<107:1> el<107:21>
            n<> u<905> t<Module_or_generate_item> p<906> c<904> l<107:1> el<107:21>
              n<> u<904> t<Module_common_item> p<905> c<903> l<107:1> el<107:21>
                n<> u<903> t<Module_or_generate_item_declaration> p<904> c<902> l<107:1> el<107:21>
                  n<> u<902> t<Package_or_generate_item_declaration> p<903> c<901> l<107:1> el<107:21>
                    n<> u<901> t<Net_declaration> p<902> c<896> l<107:1> el<107:21>
                      n<> u<896> t<WIRE> p<901> s<897> l<107:1> el<107:5>
                      n<> u<897> t<Data_type_or_implicit> p<901> s<900> l<107:7> el<107:7>
                      n<> u<900> t<Net_decl_assignment_list> p<901> c<899> l<107:7> el<107:20>
                        n<> u<899> t<Net_decl_assignment> p<900> c<898> l<107:7> el<107:20>
                          n<din_20_5_eq_0> u<898> t<SIMPLE_IDENTIFIER> p<899> l<107:7> el<107:20>
        n<> u<919> t<Module_item> p<3273> c<918> s<931> l<108:1> el<108:20>
          n<> u<918> t<Non_port_module_item> p<919> c<917> l<108:1> el<108:20>
            n<> u<917> t<Module_or_generate_item> p<918> c<916> l<108:1> el<108:20>
              n<> u<916> t<Module_common_item> p<917> c<915> l<108:1> el<108:20>
                n<> u<915> t<Module_or_generate_item_declaration> p<916> c<914> l<108:1> el<108:20>
                  n<> u<914> t<Package_or_generate_item_declaration> p<915> c<913> l<108:1> el<108:20>
                    n<> u<913> t<Net_declaration> p<914> c<908> l<108:1> el<108:20>
                      n<> u<908> t<WIRE> p<913> s<909> l<108:1> el<108:5>
                      n<> u<909> t<Data_type_or_implicit> p<913> s<912> l<108:7> el<108:7>
                      n<> u<912> t<Net_decl_assignment_list> p<913> c<911> l<108:7> el<108:19>
                        n<> u<911> t<Net_decl_assignment> p<912> c<910> l<108:7> el<108:19>
                          n<lead0_20_5_2> u<910> t<SIMPLE_IDENTIFIER> p<911> l<108:7> el<108:19>
        n<> u<931> t<Module_item> p<3273> c<930> s<943> l<109:1> el<109:20>
          n<> u<930> t<Non_port_module_item> p<931> c<929> l<109:1> el<109:20>
            n<> u<929> t<Module_or_generate_item> p<930> c<928> l<109:1> el<109:20>
              n<> u<928> t<Module_common_item> p<929> c<927> l<109:1> el<109:20>
                n<> u<927> t<Module_or_generate_item_declaration> p<928> c<926> l<109:1> el<109:20>
                  n<> u<926> t<Package_or_generate_item_declaration> p<927> c<925> l<109:1> el<109:20>
                    n<> u<925> t<Net_declaration> p<926> c<920> l<109:1> el<109:20>
                      n<> u<920> t<WIRE> p<925> s<921> l<109:1> el<109:5>
                      n<> u<921> t<Data_type_or_implicit> p<925> s<924> l<109:7> el<109:7>
                      n<> u<924> t<Net_decl_assignment_list> p<925> c<923> l<109:7> el<109:19>
                        n<> u<923> t<Net_decl_assignment> p<924> c<922> l<109:7> el<109:19>
                          n<lead0_20_5_1> u<922> t<SIMPLE_IDENTIFIER> p<923> l<109:7> el<109:19>
        n<> u<943> t<Module_item> p<3273> c<942> s<955> l<110:1> el<110:20>
          n<> u<942> t<Non_port_module_item> p<943> c<941> l<110:1> el<110:20>
            n<> u<941> t<Module_or_generate_item> p<942> c<940> l<110:1> el<110:20>
              n<> u<940> t<Module_common_item> p<941> c<939> l<110:1> el<110:20>
                n<> u<939> t<Module_or_generate_item_declaration> p<940> c<938> l<110:1> el<110:20>
                  n<> u<938> t<Package_or_generate_item_declaration> p<939> c<937> l<110:1> el<110:20>
                    n<> u<937> t<Net_declaration> p<938> c<932> l<110:1> el<110:20>
                      n<> u<932> t<WIRE> p<937> s<933> l<110:1> el<110:5>
                      n<> u<933> t<Data_type_or_implicit> p<937> s<936> l<110:7> el<110:7>
                      n<> u<936> t<Net_decl_assignment_list> p<937> c<935> l<110:7> el<110:19>
                        n<> u<935> t<Net_decl_assignment> p<936> c<934> l<110:7> el<110:19>
                          n<lead0_20_5_0> u<934> t<SIMPLE_IDENTIFIER> p<935> l<110:7> el<110:19>
        n<> u<955> t<Module_item> p<3273> c<954> s<967> l<111:1> el<111:19>
          n<> u<954> t<Non_port_module_item> p<955> c<953> l<111:1> el<111:19>
            n<> u<953> t<Module_or_generate_item> p<954> c<952> l<111:1> el<111:19>
              n<> u<952> t<Module_common_item> p<953> c<951> l<111:1> el<111:19>
                n<> u<951> t<Module_or_generate_item_declaration> p<952> c<950> l<111:1> el<111:19>
                  n<> u<950> t<Package_or_generate_item_declaration> p<951> c<949> l<111:1> el<111:19>
                    n<> u<949> t<Net_declaration> p<950> c<944> l<111:1> el<111:19>
                      n<> u<944> t<WIRE> p<949> s<945> l<111:1> el<111:5>
                      n<> u<945> t<Data_type_or_implicit> p<949> s<948> l<111:7> el<111:7>
                      n<> u<948> t<Net_decl_assignment_list> p<949> c<947> l<111:7> el<111:18>
                        n<> u<947> t<Net_decl_assignment> p<948> c<946> l<111:7> el<111:18>
                          n<lead0_4_0_2> u<946> t<SIMPLE_IDENTIFIER> p<947> l<111:7> el<111:18>
        n<> u<967> t<Module_item> p<3273> c<966> s<979> l<112:1> el<112:22>
          n<> u<966> t<Non_port_module_item> p<967> c<965> l<112:1> el<112:22>
            n<> u<965> t<Module_or_generate_item> p<966> c<964> l<112:1> el<112:22>
              n<> u<964> t<Module_common_item> p<965> c<963> l<112:1> el<112:22>
                n<> u<963> t<Module_or_generate_item_declaration> p<964> c<962> l<112:1> el<112:22>
                  n<> u<962> t<Package_or_generate_item_declaration> p<963> c<961> l<112:1> el<112:22>
                    n<> u<961> t<Net_declaration> p<962> c<956> l<112:1> el<112:22>
                      n<> u<956> t<WIRE> p<961> s<957> l<112:1> el<112:5>
                      n<> u<957> t<Data_type_or_implicit> p<961> s<960> l<112:7> el<112:7>
                      n<> u<960> t<Net_decl_assignment_list> p<961> c<959> l<112:7> el<112:21>
                        n<> u<959> t<Net_decl_assignment> p<960> c<958> l<112:7> el<112:21>
                          n<din_52_21_eq_0> u<958> t<SIMPLE_IDENTIFIER> p<959> l<112:7> el<112:21>
        n<> u<979> t<Module_item> p<3273> c<978> s<991> l<113:1> el<113:21>
          n<> u<978> t<Non_port_module_item> p<979> c<977> l<113:1> el<113:21>
            n<> u<977> t<Module_or_generate_item> p<978> c<976> l<113:1> el<113:21>
              n<> u<976> t<Module_common_item> p<977> c<975> l<113:1> el<113:21>
                n<> u<975> t<Module_or_generate_item_declaration> p<976> c<974> l<113:1> el<113:21>
                  n<> u<974> t<Package_or_generate_item_declaration> p<975> c<973> l<113:1> el<113:21>
                    n<> u<973> t<Net_declaration> p<974> c<968> l<113:1> el<113:21>
                      n<> u<968> t<WIRE> p<973> s<969> l<113:1> el<113:5>
                      n<> u<969> t<Data_type_or_implicit> p<973> s<972> l<113:7> el<113:7>
                      n<> u<972> t<Net_decl_assignment_list> p<973> c<971> l<113:7> el<113:20>
                        n<> u<971> t<Net_decl_assignment> p<972> c<970> l<113:7> el<113:20>
                          n<lead0_52_21_3> u<970> t<SIMPLE_IDENTIFIER> p<971> l<113:7> el<113:20>
        n<> u<991> t<Module_item> p<3273> c<990> s<1003> l<114:1> el<114:21>
          n<> u<990> t<Non_port_module_item> p<991> c<989> l<114:1> el<114:21>
            n<> u<989> t<Module_or_generate_item> p<990> c<988> l<114:1> el<114:21>
              n<> u<988> t<Module_common_item> p<989> c<987> l<114:1> el<114:21>
                n<> u<987> t<Module_or_generate_item_declaration> p<988> c<986> l<114:1> el<114:21>
                  n<> u<986> t<Package_or_generate_item_declaration> p<987> c<985> l<114:1> el<114:21>
                    n<> u<985> t<Net_declaration> p<986> c<980> l<114:1> el<114:21>
                      n<> u<980> t<WIRE> p<985> s<981> l<114:1> el<114:5>
                      n<> u<981> t<Data_type_or_implicit> p<985> s<984> l<114:7> el<114:7>
                      n<> u<984> t<Net_decl_assignment_list> p<985> c<983> l<114:7> el<114:20>
                        n<> u<983> t<Net_decl_assignment> p<984> c<982> l<114:7> el<114:20>
                          n<lead0_52_21_2> u<982> t<SIMPLE_IDENTIFIER> p<983> l<114:7> el<114:20>
        n<> u<1003> t<Module_item> p<3273> c<1002> s<1015> l<115:1> el<115:21>
          n<> u<1002> t<Non_port_module_item> p<1003> c<1001> l<115:1> el<115:21>
            n<> u<1001> t<Module_or_generate_item> p<1002> c<1000> l<115:1> el<115:21>
              n<> u<1000> t<Module_common_item> p<1001> c<999> l<115:1> el<115:21>
                n<> u<999> t<Module_or_generate_item_declaration> p<1000> c<998> l<115:1> el<115:21>
                  n<> u<998> t<Package_or_generate_item_declaration> p<999> c<997> l<115:1> el<115:21>
                    n<> u<997> t<Net_declaration> p<998> c<992> l<115:1> el<115:21>
                      n<> u<992> t<WIRE> p<997> s<993> l<115:1> el<115:5>
                      n<> u<993> t<Data_type_or_implicit> p<997> s<996> l<115:7> el<115:7>
                      n<> u<996> t<Net_decl_assignment_list> p<997> c<995> l<115:7> el<115:20>
                        n<> u<995> t<Net_decl_assignment> p<996> c<994> l<115:7> el<115:20>
                          n<lead0_52_21_1> u<994> t<SIMPLE_IDENTIFIER> p<995> l<115:7> el<115:20>
        n<> u<1015> t<Module_item> p<3273> c<1014> s<1027> l<116:1> el<116:21>
          n<> u<1014> t<Non_port_module_item> p<1015> c<1013> l<116:1> el<116:21>
            n<> u<1013> t<Module_or_generate_item> p<1014> c<1012> l<116:1> el<116:21>
              n<> u<1012> t<Module_common_item> p<1013> c<1011> l<116:1> el<116:21>
                n<> u<1011> t<Module_or_generate_item_declaration> p<1012> c<1010> l<116:1> el<116:21>
                  n<> u<1010> t<Package_or_generate_item_declaration> p<1011> c<1009> l<116:1> el<116:21>
                    n<> u<1009> t<Net_declaration> p<1010> c<1004> l<116:1> el<116:21>
                      n<> u<1004> t<WIRE> p<1009> s<1005> l<116:1> el<116:5>
                      n<> u<1005> t<Data_type_or_implicit> p<1009> s<1008> l<116:7> el<116:7>
                      n<> u<1008> t<Net_decl_assignment_list> p<1009> c<1007> l<116:7> el<116:20>
                        n<> u<1007> t<Net_decl_assignment> p<1008> c<1006> l<116:7> el<116:20>
                          n<lead0_52_21_0> u<1006> t<SIMPLE_IDENTIFIER> p<1007> l<116:7> el<116:20>
        n<> u<1027> t<Module_item> p<3273> c<1026> s<1039> l<117:1> el<117:20>
          n<> u<1026> t<Non_port_module_item> p<1027> c<1025> l<117:1> el<117:20>
            n<> u<1025> t<Module_or_generate_item> p<1026> c<1024> l<117:1> el<117:20>
              n<> u<1024> t<Module_common_item> p<1025> c<1023> l<117:1> el<117:20>
                n<> u<1023> t<Module_or_generate_item_declaration> p<1024> c<1022> l<117:1> el<117:20>
                  n<> u<1022> t<Package_or_generate_item_declaration> p<1023> c<1021> l<117:1> el<117:20>
                    n<> u<1021> t<Net_declaration> p<1022> c<1016> l<117:1> el<117:20>
                      n<> u<1016> t<WIRE> p<1021> s<1017> l<117:1> el<117:5>
                      n<> u<1017> t<Data_type_or_implicit> p<1021> s<1020> l<117:7> el<117:7>
                      n<> u<1020> t<Net_decl_assignment_list> p<1021> c<1019> l<117:7> el<117:19>
                        n<> u<1019> t<Net_decl_assignment> p<1020> c<1018> l<117:7> el<117:19>
                          n<lead0_20_0_3> u<1018> t<SIMPLE_IDENTIFIER> p<1019> l<117:7> el<117:19>
        n<> u<1039> t<Module_item> p<3273> c<1038> s<1051> l<118:1> el<118:20>
          n<> u<1038> t<Non_port_module_item> p<1039> c<1037> l<118:1> el<118:20>
            n<> u<1037> t<Module_or_generate_item> p<1038> c<1036> l<118:1> el<118:20>
              n<> u<1036> t<Module_common_item> p<1037> c<1035> l<118:1> el<118:20>
                n<> u<1035> t<Module_or_generate_item_declaration> p<1036> c<1034> l<118:1> el<118:20>
                  n<> u<1034> t<Package_or_generate_item_declaration> p<1035> c<1033> l<118:1> el<118:20>
                    n<> u<1033> t<Net_declaration> p<1034> c<1028> l<118:1> el<118:20>
                      n<> u<1028> t<WIRE> p<1033> s<1029> l<118:1> el<118:5>
                      n<> u<1029> t<Data_type_or_implicit> p<1033> s<1032> l<118:7> el<118:7>
                      n<> u<1032> t<Net_decl_assignment_list> p<1033> c<1031> l<118:7> el<118:19>
                        n<> u<1031> t<Net_decl_assignment> p<1032> c<1030> l<118:7> el<118:19>
                          n<lead0_20_0_2> u<1030> t<SIMPLE_IDENTIFIER> p<1031> l<118:7> el<118:19>
        n<> u<1051> t<Module_item> p<3273> c<1050> s<1063> l<119:1> el<119:20>
          n<> u<1050> t<Non_port_module_item> p<1051> c<1049> l<119:1> el<119:20>
            n<> u<1049> t<Module_or_generate_item> p<1050> c<1048> l<119:1> el<119:20>
              n<> u<1048> t<Module_common_item> p<1049> c<1047> l<119:1> el<119:20>
                n<> u<1047> t<Module_or_generate_item_declaration> p<1048> c<1046> l<119:1> el<119:20>
                  n<> u<1046> t<Package_or_generate_item_declaration> p<1047> c<1045> l<119:1> el<119:20>
                    n<> u<1045> t<Net_declaration> p<1046> c<1040> l<119:1> el<119:20>
                      n<> u<1040> t<WIRE> p<1045> s<1041> l<119:1> el<119:5>
                      n<> u<1041> t<Data_type_or_implicit> p<1045> s<1044> l<119:7> el<119:7>
                      n<> u<1044> t<Net_decl_assignment_list> p<1045> c<1043> l<119:7> el<119:19>
                        n<> u<1043> t<Net_decl_assignment> p<1044> c<1042> l<119:7> el<119:19>
                          n<lead0_20_0_1> u<1042> t<SIMPLE_IDENTIFIER> p<1043> l<119:7> el<119:19>
        n<> u<1063> t<Module_item> p<3273> c<1062> s<1075> l<120:1> el<120:20>
          n<> u<1062> t<Non_port_module_item> p<1063> c<1061> l<120:1> el<120:20>
            n<> u<1061> t<Module_or_generate_item> p<1062> c<1060> l<120:1> el<120:20>
              n<> u<1060> t<Module_common_item> p<1061> c<1059> l<120:1> el<120:20>
                n<> u<1059> t<Module_or_generate_item_declaration> p<1060> c<1058> l<120:1> el<120:20>
                  n<> u<1058> t<Package_or_generate_item_declaration> p<1059> c<1057> l<120:1> el<120:20>
                    n<> u<1057> t<Net_declaration> p<1058> c<1052> l<120:1> el<120:20>
                      n<> u<1052> t<WIRE> p<1057> s<1053> l<120:1> el<120:5>
                      n<> u<1053> t<Data_type_or_implicit> p<1057> s<1056> l<120:7> el<120:7>
                      n<> u<1056> t<Net_decl_assignment_list> p<1057> c<1055> l<120:7> el<120:19>
                        n<> u<1055> t<Net_decl_assignment> p<1056> c<1054> l<120:7> el<120:19>
                          n<lead0_20_0_0> u<1054> t<SIMPLE_IDENTIFIER> p<1055> l<120:7> el<120:19>
        n<> u<1075> t<Module_item> p<3273> c<1074> s<1087> l<121:1> el<121:15>
          n<> u<1074> t<Non_port_module_item> p<1075> c<1073> l<121:1> el<121:15>
            n<> u<1073> t<Module_or_generate_item> p<1074> c<1072> l<121:1> el<121:15>
              n<> u<1072> t<Module_common_item> p<1073> c<1071> l<121:1> el<121:15>
                n<> u<1071> t<Module_or_generate_item_declaration> p<1072> c<1070> l<121:1> el<121:15>
                  n<> u<1070> t<Package_or_generate_item_declaration> p<1071> c<1069> l<121:1> el<121:15>
                    n<> u<1069> t<Net_declaration> p<1070> c<1064> l<121:1> el<121:15>
                      n<> u<1064> t<WIRE> p<1069> s<1065> l<121:1> el<121:5>
                      n<> u<1065> t<Data_type_or_implicit> p<1069> s<1068> l<121:7> el<121:7>
                      n<> u<1068> t<Net_decl_assignment_list> p<1069> c<1067> l<121:7> el<121:14>
                        n<> u<1067> t<Net_decl_assignment> p<1068> c<1066> l<121:7> el<121:14>
                          n<lead0_5> u<1066> t<SIMPLE_IDENTIFIER> p<1067> l<121:7> el<121:14>
        n<> u<1087> t<Module_item> p<3273> c<1086> s<1099> l<122:1> el<122:15>
          n<> u<1086> t<Non_port_module_item> p<1087> c<1085> l<122:1> el<122:15>
            n<> u<1085> t<Module_or_generate_item> p<1086> c<1084> l<122:1> el<122:15>
              n<> u<1084> t<Module_common_item> p<1085> c<1083> l<122:1> el<122:15>
                n<> u<1083> t<Module_or_generate_item_declaration> p<1084> c<1082> l<122:1> el<122:15>
                  n<> u<1082> t<Package_or_generate_item_declaration> p<1083> c<1081> l<122:1> el<122:15>
                    n<> u<1081> t<Net_declaration> p<1082> c<1076> l<122:1> el<122:15>
                      n<> u<1076> t<WIRE> p<1081> s<1077> l<122:1> el<122:5>
                      n<> u<1077> t<Data_type_or_implicit> p<1081> s<1080> l<122:7> el<122:7>
                      n<> u<1080> t<Net_decl_assignment_list> p<1081> c<1079> l<122:7> el<122:14>
                        n<> u<1079> t<Net_decl_assignment> p<1080> c<1078> l<122:7> el<122:14>
                          n<lead0_4> u<1078> t<SIMPLE_IDENTIFIER> p<1079> l<122:7> el<122:14>
        n<> u<1099> t<Module_item> p<3273> c<1098> s<1111> l<123:1> el<123:15>
          n<> u<1098> t<Non_port_module_item> p<1099> c<1097> l<123:1> el<123:15>
            n<> u<1097> t<Module_or_generate_item> p<1098> c<1096> l<123:1> el<123:15>
              n<> u<1096> t<Module_common_item> p<1097> c<1095> l<123:1> el<123:15>
                n<> u<1095> t<Module_or_generate_item_declaration> p<1096> c<1094> l<123:1> el<123:15>
                  n<> u<1094> t<Package_or_generate_item_declaration> p<1095> c<1093> l<123:1> el<123:15>
                    n<> u<1093> t<Net_declaration> p<1094> c<1088> l<123:1> el<123:15>
                      n<> u<1088> t<WIRE> p<1093> s<1089> l<123:1> el<123:5>
                      n<> u<1089> t<Data_type_or_implicit> p<1093> s<1092> l<123:7> el<123:7>
                      n<> u<1092> t<Net_decl_assignment_list> p<1093> c<1091> l<123:7> el<123:14>
                        n<> u<1091> t<Net_decl_assignment> p<1092> c<1090> l<123:7> el<123:14>
                          n<lead0_3> u<1090> t<SIMPLE_IDENTIFIER> p<1091> l<123:7> el<123:14>
        n<> u<1111> t<Module_item> p<3273> c<1110> s<1123> l<124:1> el<124:15>
          n<> u<1110> t<Non_port_module_item> p<1111> c<1109> l<124:1> el<124:15>
            n<> u<1109> t<Module_or_generate_item> p<1110> c<1108> l<124:1> el<124:15>
              n<> u<1108> t<Module_common_item> p<1109> c<1107> l<124:1> el<124:15>
                n<> u<1107> t<Module_or_generate_item_declaration> p<1108> c<1106> l<124:1> el<124:15>
                  n<> u<1106> t<Package_or_generate_item_declaration> p<1107> c<1105> l<124:1> el<124:15>
                    n<> u<1105> t<Net_declaration> p<1106> c<1100> l<124:1> el<124:15>
                      n<> u<1100> t<WIRE> p<1105> s<1101> l<124:1> el<124:5>
                      n<> u<1101> t<Data_type_or_implicit> p<1105> s<1104> l<124:7> el<124:7>
                      n<> u<1104> t<Net_decl_assignment_list> p<1105> c<1103> l<124:7> el<124:14>
                        n<> u<1103> t<Net_decl_assignment> p<1104> c<1102> l<124:7> el<124:14>
                          n<lead0_2> u<1102> t<SIMPLE_IDENTIFIER> p<1103> l<124:7> el<124:14>
        n<> u<1123> t<Module_item> p<3273> c<1122> s<1135> l<125:1> el<125:15>
          n<> u<1122> t<Non_port_module_item> p<1123> c<1121> l<125:1> el<125:15>
            n<> u<1121> t<Module_or_generate_item> p<1122> c<1120> l<125:1> el<125:15>
              n<> u<1120> t<Module_common_item> p<1121> c<1119> l<125:1> el<125:15>
                n<> u<1119> t<Module_or_generate_item_declaration> p<1120> c<1118> l<125:1> el<125:15>
                  n<> u<1118> t<Package_or_generate_item_declaration> p<1119> c<1117> l<125:1> el<125:15>
                    n<> u<1117> t<Net_declaration> p<1118> c<1112> l<125:1> el<125:15>
                      n<> u<1112> t<WIRE> p<1117> s<1113> l<125:1> el<125:5>
                      n<> u<1113> t<Data_type_or_implicit> p<1117> s<1116> l<125:7> el<125:7>
                      n<> u<1116> t<Net_decl_assignment_list> p<1117> c<1115> l<125:7> el<125:14>
                        n<> u<1115> t<Net_decl_assignment> p<1116> c<1114> l<125:7> el<125:14>
                          n<lead0_1> u<1114> t<SIMPLE_IDENTIFIER> p<1115> l<125:7> el<125:14>
        n<> u<1135> t<Module_item> p<3273> c<1134> s<1157> l<126:1> el<126:15>
          n<> u<1134> t<Non_port_module_item> p<1135> c<1133> l<126:1> el<126:15>
            n<> u<1133> t<Module_or_generate_item> p<1134> c<1132> l<126:1> el<126:15>
              n<> u<1132> t<Module_common_item> p<1133> c<1131> l<126:1> el<126:15>
                n<> u<1131> t<Module_or_generate_item_declaration> p<1132> c<1130> l<126:1> el<126:15>
                  n<> u<1130> t<Package_or_generate_item_declaration> p<1131> c<1129> l<126:1> el<126:15>
                    n<> u<1129> t<Net_declaration> p<1130> c<1124> l<126:1> el<126:15>
                      n<> u<1124> t<WIRE> p<1129> s<1125> l<126:1> el<126:5>
                      n<> u<1125> t<Data_type_or_implicit> p<1129> s<1128> l<126:7> el<126:7>
                      n<> u<1128> t<Net_decl_assignment_list> p<1129> c<1127> l<126:7> el<126:14>
                        n<> u<1127> t<Net_decl_assignment> p<1128> c<1126> l<126:7> el<126:14>
                          n<lead0_0> u<1126> t<SIMPLE_IDENTIFIER> p<1127> l<126:7> el<126:14>
        n<> u<1157> t<Module_item> p<3273> c<1156> s<1158> l<127:1> el<127:18>
          n<> u<1156> t<Non_port_module_item> p<1157> c<1155> l<127:1> el<127:18>
            n<> u<1155> t<Module_or_generate_item> p<1156> c<1154> l<127:1> el<127:18>
              n<> u<1154> t<Module_common_item> p<1155> c<1153> l<127:1> el<127:18>
                n<> u<1153> t<Module_or_generate_item_declaration> p<1154> c<1152> l<127:1> el<127:18>
                  n<> u<1152> t<Package_or_generate_item_declaration> p<1153> c<1151> l<127:1> el<127:18>
                    n<> u<1151> t<Net_declaration> p<1152> c<1136> l<127:1> el<127:18>
                      n<> u<1136> t<WIRE> p<1151> s<1147> l<127:1> el<127:5>
                      n<> u<1147> t<Data_type_or_implicit> p<1151> c<1146> s<1150> l<127:6> el<127:11>
                        n<> u<1146> t<Packed_dimension> p<1147> c<1145> l<127:6> el<127:11>
                          n<> u<1145> t<Constant_range> p<1146> c<1140> l<127:7> el<127:10>
                            n<> u<1140> t<Constant_expression> p<1145> c<1139> s<1144> l<127:7> el<127:8>
                              n<> u<1139> t<Constant_primary> p<1140> c<1138> l<127:7> el<127:8>
                                n<> u<1138> t<Primary_literal> p<1139> c<1137> l<127:7> el<127:8>
                                  n<5> u<1137> t<INTEGRAL_NUMBER> p<1138> l<127:7> el<127:8>
                            n<> u<1144> t<Constant_expression> p<1145> c<1143> l<127:9> el<127:10>
                              n<> u<1143> t<Constant_primary> p<1144> c<1142> l<127:9> el<127:10>
                                n<> u<1142> t<Primary_literal> p<1143> c<1141> l<127:9> el<127:10>
                                  n<0> u<1141> t<INTEGRAL_NUMBER> p<1142> l<127:9> el<127:10>
                      n<> u<1150> t<Net_decl_assignment_list> p<1151> c<1149> l<127:12> el<127:17>
                        n<> u<1149> t<Net_decl_assignment> p<1150> c<1148> l<127:12> el<127:17>
                          n<lead0> u<1148> t<SIMPLE_IDENTIFIER> p<1149> l<127:12> el<127:17>
        n<///////////////////////////////////////////////////////////////////////////////> u<1158> t<LINE_COMMENT> p<3273> s<1159> l<130:1> el<130:80>
        n<//> u<1159> t<LINE_COMMENT> p<3273> s<1160> l<131:1> el<131:3>
        n<//	Instantiations of lead 0 building blocks.> u<1160> t<LINE_COMMENT> p<3273> s<1161> l<132:1> el<132:45>
        n<//> u<1161> t<LINE_COMMENT> p<3273> s<1162> l<133:1> el<133:3>
        n<///////////////////////////////////////////////////////////////////////////////> u<1162> t<LINE_COMMENT> p<3273> s<1215> l<134:1> el<134:80>
        n<> u<1215> t<Module_item> p<3273> c<1214> s<1268> l<136:1> el<142:3>
          n<> u<1214> t<Non_port_module_item> p<1215> c<1213> l<136:1> el<142:3>
            n<> u<1213> t<Module_or_generate_item> p<1214> c<1212> l<136:1> el<142:3>
              n<> u<1212> t<Unsupported_instantiation> p<1213> c<1163> l<136:1> el<142:3>
                n<fpu_cnt_lead0_lvl1> u<1163> t<SIMPLE_IDENTIFIER> p<1212> s<1211> l<136:1> el<136:19>
                n<> u<1211> t<Hierarchical_instance> p<1212> c<1165> l<136:20> el<142:2>
                  n<> u<1165> t<Name_of_instance> p<1211> c<1164> s<1210> l<136:20> el<136:46>
                    n<i_fpu_cnt_lead0_lvl1_52_49> u<1164> t<SIMPLE_IDENTIFIER> p<1165> l<136:20> el<136:46>
                  n<> u<1210> t<Port_connection_list> p<1211> c<1185> l<137:2> el<141:30>
                    n<> u<1185> t<Named_port_connection> p<1210> c<1166> s<1193> l<137:2> el<137:21>
                      n<din> u<1166> t<SIMPLE_IDENTIFIER> p<1185> s<1183> l<137:3> el<137:6>
                      n<> u<1183> t<OPEN_PARENS> p<1185> s<1182> l<137:9> el<137:10>
                      n<> u<1182> t<Expression> p<1185> c<1181> s<1184> l<137:10> el<137:20>
                        n<> u<1181> t<Primary> p<1182> c<1180> l<137:10> el<137:20>
                          n<> u<1180> t<Subroutine_call> p<1181> c<1167> l<137:10> el<137:20>
                            n<din> u<1167> t<SIMPLE_IDENTIFIER> p<1180> s<1179> l<137:10> el<137:13>
                            n<> u<1179> t<Select> p<1180> c<1168> l<137:13> el<137:20>
                              n<> u<1168> t<Bit_select> p<1179> s<1178> l<137:13> el<137:13>
                              n<> u<1178> t<Part_select_range> p<1179> c<1177> l<137:14> el<137:19>
                                n<> u<1177> t<Constant_range> p<1178> c<1172> l<137:14> el<137:19>
                                  n<> u<1172> t<Constant_expression> p<1177> c<1171> s<1176> l<137:14> el<137:16>
                                    n<> u<1171> t<Constant_primary> p<1172> c<1170> l<137:14> el<137:16>
                                      n<> u<1170> t<Primary_literal> p<1171> c<1169> l<137:14> el<137:16>
                                        n<52> u<1169> t<INTEGRAL_NUMBER> p<1170> l<137:14> el<137:16>
                                  n<> u<1176> t<Constant_expression> p<1177> c<1175> l<137:17> el<137:19>
                                    n<> u<1175> t<Constant_primary> p<1176> c<1174> l<137:17> el<137:19>
                                      n<> u<1174> t<Primary_literal> p<1175> c<1173> l<137:17> el<137:19>
                                        n<49> u<1173> t<INTEGRAL_NUMBER> p<1174> l<137:17> el<137:19>
                      n<> u<1184> t<CLOSE_PARENS> p<1185> l<137:20> el<137:21>
                    n<> u<1193> t<Named_port_connection> p<1210> c<1186> s<1201> l<139:2> el<139:33>
                      n<din_3_0_eq_0> u<1186> t<SIMPLE_IDENTIFIER> p<1193> s<1191> l<139:3> el<139:15>
                      n<> u<1191> t<OPEN_PARENS> p<1193> s<1190> l<139:17> el<139:18>
                      n<> u<1190> t<Expression> p<1193> c<1189> s<1192> l<139:18> el<139:32>
                        n<> u<1189> t<Primary> p<1190> c<1188> l<139:18> el<139:32>
                          n<> u<1188> t<Primary_literal> p<1189> c<1187> l<139:18> el<139:32>
                            n<din_52_49_eq_0> u<1187> t<SIMPLE_IDENTIFIER> p<1188> l<139:18> el<139:32>
                      n<> u<1192> t<CLOSE_PARENS> p<1193> l<139:32> el<139:33>
                    n<> u<1201> t<Named_port_connection> p<1210> c<1194> s<1209> l<140:2> el<140:33>
                      n<din_3_2_eq_0> u<1194> t<SIMPLE_IDENTIFIER> p<1201> s<1199> l<140:3> el<140:15>
                      n<> u<1199> t<OPEN_PARENS> p<1201> s<1198> l<140:17> el<140:18>
                      n<> u<1198> t<Expression> p<1201> c<1197> s<1200> l<140:18> el<140:32>
                        n<> u<1197> t<Primary> p<1198> c<1196> l<140:18> el<140:32>
                          n<> u<1196> t<Primary_literal> p<1197> c<1195> l<140:18> el<140:32>
                            n<din_52_51_eq_0> u<1195> t<SIMPLE_IDENTIFIER> p<1196> l<140:18> el<140:32>
                      n<> u<1200> t<CLOSE_PARENS> p<1201> l<140:32> el<140:33>
                    n<> u<1209> t<Named_port_connection> p<1210> c<1202> l<141:2> el<141:30>
                      n<lead0_4b_0> u<1202> t<SIMPLE_IDENTIFIER> p<1209> s<1207> l<141:3> el<141:13>
                      n<> u<1207> t<OPEN_PARENS> p<1209> s<1206> l<141:15> el<141:16>
                      n<> u<1206> t<Expression> p<1209> c<1205> s<1208> l<141:16> el<141:29>
                        n<> u<1205> t<Primary> p<1206> c<1204> l<141:16> el<141:29>
                          n<> u<1204> t<Primary_literal> p<1205> c<1203> l<141:16> el<141:29>
                            n<lead0_52_49_0> u<1203> t<SIMPLE_IDENTIFIER> p<1204> l<141:16> el<141:29>
                      n<> u<1208> t<CLOSE_PARENS> p<1209> l<141:29> el<141:30>
        n<> u<1268> t<Module_item> p<3273> c<1267> s<1321> l<144:1> el<150:3>
          n<> u<1267> t<Non_port_module_item> p<1268> c<1266> l<144:1> el<150:3>
            n<> u<1266> t<Module_or_generate_item> p<1267> c<1265> l<144:1> el<150:3>
              n<> u<1265> t<Unsupported_instantiation> p<1266> c<1216> l<144:1> el<150:3>
                n<fpu_cnt_lead0_lvl1> u<1216> t<SIMPLE_IDENTIFIER> p<1265> s<1264> l<144:1> el<144:19>
                n<> u<1264> t<Hierarchical_instance> p<1265> c<1218> l<144:20> el<150:2>
                  n<> u<1218> t<Name_of_instance> p<1264> c<1217> s<1263> l<144:20> el<144:46>
                    n<i_fpu_cnt_lead0_lvl1_48_45> u<1217> t<SIMPLE_IDENTIFIER> p<1218> l<144:20> el<144:46>
                  n<> u<1263> t<Port_connection_list> p<1264> c<1238> l<145:9> el<149:48>
                    n<> u<1238> t<Named_port_connection> p<1263> c<1219> s<1246> l<145:9> el<145:45>
                      n<din> u<1219> t<SIMPLE_IDENTIFIER> p<1238> s<1236> l<145:10> el<145:13>
                      n<> u<1236> t<OPEN_PARENS> p<1238> s<1235> l<145:33> el<145:34>
                      n<> u<1235> t<Expression> p<1238> c<1234> s<1237> l<145:34> el<145:44>
                        n<> u<1234> t<Primary> p<1235> c<1233> l<145:34> el<145:44>
                          n<> u<1233> t<Subroutine_call> p<1234> c<1220> l<145:34> el<145:44>
                            n<din> u<1220> t<SIMPLE_IDENTIFIER> p<1233> s<1232> l<145:34> el<145:37>
                            n<> u<1232> t<Select> p<1233> c<1221> l<145:37> el<145:44>
                              n<> u<1221> t<Bit_select> p<1232> s<1231> l<145:37> el<145:37>
                              n<> u<1231> t<Part_select_range> p<1232> c<1230> l<145:38> el<145:43>
                                n<> u<1230> t<Constant_range> p<1231> c<1225> l<145:38> el<145:43>
                                  n<> u<1225> t<Constant_expression> p<1230> c<1224> s<1229> l<145:38> el<145:40>
                                    n<> u<1224> t<Constant_primary> p<1225> c<1223> l<145:38> el<145:40>
                                      n<> u<1223> t<Primary_literal> p<1224> c<1222> l<145:38> el<145:40>
                                        n<48> u<1222> t<INTEGRAL_NUMBER> p<1223> l<145:38> el<145:40>
                                  n<> u<1229> t<Constant_expression> p<1230> c<1228> l<145:41> el<145:43>
                                    n<> u<1228> t<Constant_primary> p<1229> c<1227> l<145:41> el<145:43>
                                      n<> u<1227> t<Primary_literal> p<1228> c<1226> l<145:41> el<145:43>
                                        n<45> u<1226> t<INTEGRAL_NUMBER> p<1227> l<145:41> el<145:43>
                      n<> u<1237> t<CLOSE_PARENS> p<1238> l<145:44> el<145:45>
                    n<> u<1246> t<Named_port_connection> p<1263> c<1239> s<1254> l<147:9> el<147:49>
                      n<din_3_0_eq_0> u<1239> t<SIMPLE_IDENTIFIER> p<1246> s<1244> l<147:10> el<147:22>
                      n<> u<1244> t<OPEN_PARENS> p<1246> s<1243> l<147:33> el<147:34>
                      n<> u<1243> t<Expression> p<1246> c<1242> s<1245> l<147:34> el<147:48>
                        n<> u<1242> t<Primary> p<1243> c<1241> l<147:34> el<147:48>
                          n<> u<1241> t<Primary_literal> p<1242> c<1240> l<147:34> el<147:48>
                            n<din_48_45_eq_0> u<1240> t<SIMPLE_IDENTIFIER> p<1241> l<147:34> el<147:48>
                      n<> u<1245> t<CLOSE_PARENS> p<1246> l<147:48> el<147:49>
                    n<> u<1254> t<Named_port_connection> p<1263> c<1247> s<1262> l<148:9> el<148:49>
                      n<din_3_2_eq_0> u<1247> t<SIMPLE_IDENTIFIER> p<1254> s<1252> l<148:10> el<148:22>
                      n<> u<1252> t<OPEN_PARENS> p<1254> s<1251> l<148:33> el<148:34>
                      n<> u<1251> t<Expression> p<1254> c<1250> s<1253> l<148:34> el<148:48>
                        n<> u<1250> t<Primary> p<1251> c<1249> l<148:34> el<148:48>
                          n<> u<1249> t<Primary_literal> p<1250> c<1248> l<148:34> el<148:48>
                            n<din_48_47_eq_0> u<1248> t<SIMPLE_IDENTIFIER> p<1249> l<148:34> el<148:48>
                      n<> u<1253> t<CLOSE_PARENS> p<1254> l<148:48> el<148:49>
                    n<> u<1262> t<Named_port_connection> p<1263> c<1255> l<149:9> el<149:48>
                      n<lead0_4b_0> u<1255> t<SIMPLE_IDENTIFIER> p<1262> s<1260> l<149:10> el<149:20>
                      n<> u<1260> t<OPEN_PARENS> p<1262> s<1259> l<149:33> el<149:34>
                      n<> u<1259> t<Expression> p<1262> c<1258> s<1261> l<149:34> el<149:47>
                        n<> u<1258> t<Primary> p<1259> c<1257> l<149:34> el<149:47>
                          n<> u<1257> t<Primary_literal> p<1258> c<1256> l<149:34> el<149:47>
                            n<lead0_48_45_0> u<1256> t<SIMPLE_IDENTIFIER> p<1257> l<149:34> el<149:47>
                      n<> u<1261> t<CLOSE_PARENS> p<1262> l<149:47> el<149:48>
        n<> u<1321> t<Module_item> p<3273> c<1320> s<1374> l<152:1> el<158:3>
          n<> u<1320> t<Non_port_module_item> p<1321> c<1319> l<152:1> el<158:3>
            n<> u<1319> t<Module_or_generate_item> p<1320> c<1318> l<152:1> el<158:3>
              n<> u<1318> t<Unsupported_instantiation> p<1319> c<1269> l<152:1> el<158:3>
                n<fpu_cnt_lead0_lvl1> u<1269> t<SIMPLE_IDENTIFIER> p<1318> s<1317> l<152:1> el<152:19>
                n<> u<1317> t<Hierarchical_instance> p<1318> c<1271> l<152:20> el<158:2>
                  n<> u<1271> t<Name_of_instance> p<1317> c<1270> s<1316> l<152:20> el<152:46>
                    n<i_fpu_cnt_lead0_lvl1_44_41> u<1270> t<SIMPLE_IDENTIFIER> p<1271> l<152:20> el<152:46>
                  n<> u<1316> t<Port_connection_list> p<1317> c<1291> l<153:9> el<157:48>
                    n<> u<1291> t<Named_port_connection> p<1316> c<1272> s<1299> l<153:9> el<153:45>
                      n<din> u<1272> t<SIMPLE_IDENTIFIER> p<1291> s<1289> l<153:10> el<153:13>
                      n<> u<1289> t<OPEN_PARENS> p<1291> s<1288> l<153:33> el<153:34>
                      n<> u<1288> t<Expression> p<1291> c<1287> s<1290> l<153:34> el<153:44>
                        n<> u<1287> t<Primary> p<1288> c<1286> l<153:34> el<153:44>
                          n<> u<1286> t<Subroutine_call> p<1287> c<1273> l<153:34> el<153:44>
                            n<din> u<1273> t<SIMPLE_IDENTIFIER> p<1286> s<1285> l<153:34> el<153:37>
                            n<> u<1285> t<Select> p<1286> c<1274> l<153:37> el<153:44>
                              n<> u<1274> t<Bit_select> p<1285> s<1284> l<153:37> el<153:37>
                              n<> u<1284> t<Part_select_range> p<1285> c<1283> l<153:38> el<153:43>
                                n<> u<1283> t<Constant_range> p<1284> c<1278> l<153:38> el<153:43>
                                  n<> u<1278> t<Constant_expression> p<1283> c<1277> s<1282> l<153:38> el<153:40>
                                    n<> u<1277> t<Constant_primary> p<1278> c<1276> l<153:38> el<153:40>
                                      n<> u<1276> t<Primary_literal> p<1277> c<1275> l<153:38> el<153:40>
                                        n<44> u<1275> t<INTEGRAL_NUMBER> p<1276> l<153:38> el<153:40>
                                  n<> u<1282> t<Constant_expression> p<1283> c<1281> l<153:41> el<153:43>
                                    n<> u<1281> t<Constant_primary> p<1282> c<1280> l<153:41> el<153:43>
                                      n<> u<1280> t<Primary_literal> p<1281> c<1279> l<153:41> el<153:43>
                                        n<41> u<1279> t<INTEGRAL_NUMBER> p<1280> l<153:41> el<153:43>
                      n<> u<1290> t<CLOSE_PARENS> p<1291> l<153:44> el<153:45>
                    n<> u<1299> t<Named_port_connection> p<1316> c<1292> s<1307> l<155:9> el<155:49>
                      n<din_3_0_eq_0> u<1292> t<SIMPLE_IDENTIFIER> p<1299> s<1297> l<155:10> el<155:22>
                      n<> u<1297> t<OPEN_PARENS> p<1299> s<1296> l<155:33> el<155:34>
                      n<> u<1296> t<Expression> p<1299> c<1295> s<1298> l<155:34> el<155:48>
                        n<> u<1295> t<Primary> p<1296> c<1294> l<155:34> el<155:48>
                          n<> u<1294> t<Primary_literal> p<1295> c<1293> l<155:34> el<155:48>
                            n<din_44_41_eq_0> u<1293> t<SIMPLE_IDENTIFIER> p<1294> l<155:34> el<155:48>
                      n<> u<1298> t<CLOSE_PARENS> p<1299> l<155:48> el<155:49>
                    n<> u<1307> t<Named_port_connection> p<1316> c<1300> s<1315> l<156:9> el<156:49>
                      n<din_3_2_eq_0> u<1300> t<SIMPLE_IDENTIFIER> p<1307> s<1305> l<156:10> el<156:22>
                      n<> u<1305> t<OPEN_PARENS> p<1307> s<1304> l<156:33> el<156:34>
                      n<> u<1304> t<Expression> p<1307> c<1303> s<1306> l<156:34> el<156:48>
                        n<> u<1303> t<Primary> p<1304> c<1302> l<156:34> el<156:48>
                          n<> u<1302> t<Primary_literal> p<1303> c<1301> l<156:34> el<156:48>
                            n<din_44_43_eq_0> u<1301> t<SIMPLE_IDENTIFIER> p<1302> l<156:34> el<156:48>
                      n<> u<1306> t<CLOSE_PARENS> p<1307> l<156:48> el<156:49>
                    n<> u<1315> t<Named_port_connection> p<1316> c<1308> l<157:9> el<157:48>
                      n<lead0_4b_0> u<1308> t<SIMPLE_IDENTIFIER> p<1315> s<1313> l<157:10> el<157:20>
                      n<> u<1313> t<OPEN_PARENS> p<1315> s<1312> l<157:33> el<157:34>
                      n<> u<1312> t<Expression> p<1315> c<1311> s<1314> l<157:34> el<157:47>
                        n<> u<1311> t<Primary> p<1312> c<1310> l<157:34> el<157:47>
                          n<> u<1310> t<Primary_literal> p<1311> c<1309> l<157:34> el<157:47>
                            n<lead0_44_41_0> u<1309> t<SIMPLE_IDENTIFIER> p<1310> l<157:34> el<157:47>
                      n<> u<1314> t<CLOSE_PARENS> p<1315> l<157:47> el<157:48>
        n<> u<1374> t<Module_item> p<3273> c<1373> s<1427> l<160:1> el<166:3>
          n<> u<1373> t<Non_port_module_item> p<1374> c<1372> l<160:1> el<166:3>
            n<> u<1372> t<Module_or_generate_item> p<1373> c<1371> l<160:1> el<166:3>
              n<> u<1371> t<Unsupported_instantiation> p<1372> c<1322> l<160:1> el<166:3>
                n<fpu_cnt_lead0_lvl1> u<1322> t<SIMPLE_IDENTIFIER> p<1371> s<1370> l<160:1> el<160:19>
                n<> u<1370> t<Hierarchical_instance> p<1371> c<1324> l<160:20> el<166:2>
                  n<> u<1324> t<Name_of_instance> p<1370> c<1323> s<1369> l<160:20> el<160:46>
                    n<i_fpu_cnt_lead0_lvl1_40_37> u<1323> t<SIMPLE_IDENTIFIER> p<1324> l<160:20> el<160:46>
                  n<> u<1369> t<Port_connection_list> p<1370> c<1344> l<161:9> el<165:48>
                    n<> u<1344> t<Named_port_connection> p<1369> c<1325> s<1352> l<161:9> el<161:45>
                      n<din> u<1325> t<SIMPLE_IDENTIFIER> p<1344> s<1342> l<161:10> el<161:13>
                      n<> u<1342> t<OPEN_PARENS> p<1344> s<1341> l<161:33> el<161:34>
                      n<> u<1341> t<Expression> p<1344> c<1340> s<1343> l<161:34> el<161:44>
                        n<> u<1340> t<Primary> p<1341> c<1339> l<161:34> el<161:44>
                          n<> u<1339> t<Subroutine_call> p<1340> c<1326> l<161:34> el<161:44>
                            n<din> u<1326> t<SIMPLE_IDENTIFIER> p<1339> s<1338> l<161:34> el<161:37>
                            n<> u<1338> t<Select> p<1339> c<1327> l<161:37> el<161:44>
                              n<> u<1327> t<Bit_select> p<1338> s<1337> l<161:37> el<161:37>
                              n<> u<1337> t<Part_select_range> p<1338> c<1336> l<161:38> el<161:43>
                                n<> u<1336> t<Constant_range> p<1337> c<1331> l<161:38> el<161:43>
                                  n<> u<1331> t<Constant_expression> p<1336> c<1330> s<1335> l<161:38> el<161:40>
                                    n<> u<1330> t<Constant_primary> p<1331> c<1329> l<161:38> el<161:40>
                                      n<> u<1329> t<Primary_literal> p<1330> c<1328> l<161:38> el<161:40>
                                        n<40> u<1328> t<INTEGRAL_NUMBER> p<1329> l<161:38> el<161:40>
                                  n<> u<1335> t<Constant_expression> p<1336> c<1334> l<161:41> el<161:43>
                                    n<> u<1334> t<Constant_primary> p<1335> c<1333> l<161:41> el<161:43>
                                      n<> u<1333> t<Primary_literal> p<1334> c<1332> l<161:41> el<161:43>
                                        n<37> u<1332> t<INTEGRAL_NUMBER> p<1333> l<161:41> el<161:43>
                      n<> u<1343> t<CLOSE_PARENS> p<1344> l<161:44> el<161:45>
                    n<> u<1352> t<Named_port_connection> p<1369> c<1345> s<1360> l<163:9> el<163:49>
                      n<din_3_0_eq_0> u<1345> t<SIMPLE_IDENTIFIER> p<1352> s<1350> l<163:10> el<163:22>
                      n<> u<1350> t<OPEN_PARENS> p<1352> s<1349> l<163:33> el<163:34>
                      n<> u<1349> t<Expression> p<1352> c<1348> s<1351> l<163:34> el<163:48>
                        n<> u<1348> t<Primary> p<1349> c<1347> l<163:34> el<163:48>
                          n<> u<1347> t<Primary_literal> p<1348> c<1346> l<163:34> el<163:48>
                            n<din_40_37_eq_0> u<1346> t<SIMPLE_IDENTIFIER> p<1347> l<163:34> el<163:48>
                      n<> u<1351> t<CLOSE_PARENS> p<1352> l<163:48> el<163:49>
                    n<> u<1360> t<Named_port_connection> p<1369> c<1353> s<1368> l<164:9> el<164:49>
                      n<din_3_2_eq_0> u<1353> t<SIMPLE_IDENTIFIER> p<1360> s<1358> l<164:10> el<164:22>
                      n<> u<1358> t<OPEN_PARENS> p<1360> s<1357> l<164:33> el<164:34>
                      n<> u<1357> t<Expression> p<1360> c<1356> s<1359> l<164:34> el<164:48>
                        n<> u<1356> t<Primary> p<1357> c<1355> l<164:34> el<164:48>
                          n<> u<1355> t<Primary_literal> p<1356> c<1354> l<164:34> el<164:48>
                            n<din_40_39_eq_0> u<1354> t<SIMPLE_IDENTIFIER> p<1355> l<164:34> el<164:48>
                      n<> u<1359> t<CLOSE_PARENS> p<1360> l<164:48> el<164:49>
                    n<> u<1368> t<Named_port_connection> p<1369> c<1361> l<165:9> el<165:48>
                      n<lead0_4b_0> u<1361> t<SIMPLE_IDENTIFIER> p<1368> s<1366> l<165:10> el<165:20>
                      n<> u<1366> t<OPEN_PARENS> p<1368> s<1365> l<165:33> el<165:34>
                      n<> u<1365> t<Expression> p<1368> c<1364> s<1367> l<165:34> el<165:47>
                        n<> u<1364> t<Primary> p<1365> c<1363> l<165:34> el<165:47>
                          n<> u<1363> t<Primary_literal> p<1364> c<1362> l<165:34> el<165:47>
                            n<lead0_40_37_0> u<1362> t<SIMPLE_IDENTIFIER> p<1363> l<165:34> el<165:47>
                      n<> u<1367> t<CLOSE_PARENS> p<1368> l<165:47> el<165:48>
        n<> u<1427> t<Module_item> p<3273> c<1426> s<1480> l<168:1> el<174:3>
          n<> u<1426> t<Non_port_module_item> p<1427> c<1425> l<168:1> el<174:3>
            n<> u<1425> t<Module_or_generate_item> p<1426> c<1424> l<168:1> el<174:3>
              n<> u<1424> t<Unsupported_instantiation> p<1425> c<1375> l<168:1> el<174:3>
                n<fpu_cnt_lead0_lvl1> u<1375> t<SIMPLE_IDENTIFIER> p<1424> s<1423> l<168:1> el<168:19>
                n<> u<1423> t<Hierarchical_instance> p<1424> c<1377> l<168:20> el<174:2>
                  n<> u<1377> t<Name_of_instance> p<1423> c<1376> s<1422> l<168:20> el<168:46>
                    n<i_fpu_cnt_lead0_lvl1_36_33> u<1376> t<SIMPLE_IDENTIFIER> p<1377> l<168:20> el<168:46>
                  n<> u<1422> t<Port_connection_list> p<1423> c<1397> l<169:9> el<173:48>
                    n<> u<1397> t<Named_port_connection> p<1422> c<1378> s<1405> l<169:9> el<169:45>
                      n<din> u<1378> t<SIMPLE_IDENTIFIER> p<1397> s<1395> l<169:10> el<169:13>
                      n<> u<1395> t<OPEN_PARENS> p<1397> s<1394> l<169:33> el<169:34>
                      n<> u<1394> t<Expression> p<1397> c<1393> s<1396> l<169:34> el<169:44>
                        n<> u<1393> t<Primary> p<1394> c<1392> l<169:34> el<169:44>
                          n<> u<1392> t<Subroutine_call> p<1393> c<1379> l<169:34> el<169:44>
                            n<din> u<1379> t<SIMPLE_IDENTIFIER> p<1392> s<1391> l<169:34> el<169:37>
                            n<> u<1391> t<Select> p<1392> c<1380> l<169:37> el<169:44>
                              n<> u<1380> t<Bit_select> p<1391> s<1390> l<169:37> el<169:37>
                              n<> u<1390> t<Part_select_range> p<1391> c<1389> l<169:38> el<169:43>
                                n<> u<1389> t<Constant_range> p<1390> c<1384> l<169:38> el<169:43>
                                  n<> u<1384> t<Constant_expression> p<1389> c<1383> s<1388> l<169:38> el<169:40>
                                    n<> u<1383> t<Constant_primary> p<1384> c<1382> l<169:38> el<169:40>
                                      n<> u<1382> t<Primary_literal> p<1383> c<1381> l<169:38> el<169:40>
                                        n<36> u<1381> t<INTEGRAL_NUMBER> p<1382> l<169:38> el<169:40>
                                  n<> u<1388> t<Constant_expression> p<1389> c<1387> l<169:41> el<169:43>
                                    n<> u<1387> t<Constant_primary> p<1388> c<1386> l<169:41> el<169:43>
                                      n<> u<1386> t<Primary_literal> p<1387> c<1385> l<169:41> el<169:43>
                                        n<33> u<1385> t<INTEGRAL_NUMBER> p<1386> l<169:41> el<169:43>
                      n<> u<1396> t<CLOSE_PARENS> p<1397> l<169:44> el<169:45>
                    n<> u<1405> t<Named_port_connection> p<1422> c<1398> s<1413> l<171:9> el<171:49>
                      n<din_3_0_eq_0> u<1398> t<SIMPLE_IDENTIFIER> p<1405> s<1403> l<171:10> el<171:22>
                      n<> u<1403> t<OPEN_PARENS> p<1405> s<1402> l<171:33> el<171:34>
                      n<> u<1402> t<Expression> p<1405> c<1401> s<1404> l<171:34> el<171:48>
                        n<> u<1401> t<Primary> p<1402> c<1400> l<171:34> el<171:48>
                          n<> u<1400> t<Primary_literal> p<1401> c<1399> l<171:34> el<171:48>
                            n<din_36_33_eq_0> u<1399> t<SIMPLE_IDENTIFIER> p<1400> l<171:34> el<171:48>
                      n<> u<1404> t<CLOSE_PARENS> p<1405> l<171:48> el<171:49>
                    n<> u<1413> t<Named_port_connection> p<1422> c<1406> s<1421> l<172:9> el<172:49>
                      n<din_3_2_eq_0> u<1406> t<SIMPLE_IDENTIFIER> p<1413> s<1411> l<172:10> el<172:22>
                      n<> u<1411> t<OPEN_PARENS> p<1413> s<1410> l<172:33> el<172:34>
                      n<> u<1410> t<Expression> p<1413> c<1409> s<1412> l<172:34> el<172:48>
                        n<> u<1409> t<Primary> p<1410> c<1408> l<172:34> el<172:48>
                          n<> u<1408> t<Primary_literal> p<1409> c<1407> l<172:34> el<172:48>
                            n<din_36_35_eq_0> u<1407> t<SIMPLE_IDENTIFIER> p<1408> l<172:34> el<172:48>
                      n<> u<1412> t<CLOSE_PARENS> p<1413> l<172:48> el<172:49>
                    n<> u<1421> t<Named_port_connection> p<1422> c<1414> l<173:9> el<173:48>
                      n<lead0_4b_0> u<1414> t<SIMPLE_IDENTIFIER> p<1421> s<1419> l<173:10> el<173:20>
                      n<> u<1419> t<OPEN_PARENS> p<1421> s<1418> l<173:33> el<173:34>
                      n<> u<1418> t<Expression> p<1421> c<1417> s<1420> l<173:34> el<173:47>
                        n<> u<1417> t<Primary> p<1418> c<1416> l<173:34> el<173:47>
                          n<> u<1416> t<Primary_literal> p<1417> c<1415> l<173:34> el<173:47>
                            n<lead0_36_33_0> u<1415> t<SIMPLE_IDENTIFIER> p<1416> l<173:34> el<173:47>
                      n<> u<1420> t<CLOSE_PARENS> p<1421> l<173:47> el<173:48>
        n<> u<1480> t<Module_item> p<3273> c<1479> s<1533> l<176:1> el<182:3>
          n<> u<1479> t<Non_port_module_item> p<1480> c<1478> l<176:1> el<182:3>
            n<> u<1478> t<Module_or_generate_item> p<1479> c<1477> l<176:1> el<182:3>
              n<> u<1477> t<Unsupported_instantiation> p<1478> c<1428> l<176:1> el<182:3>
                n<fpu_cnt_lead0_lvl1> u<1428> t<SIMPLE_IDENTIFIER> p<1477> s<1476> l<176:1> el<176:19>
                n<> u<1476> t<Hierarchical_instance> p<1477> c<1430> l<176:20> el<182:2>
                  n<> u<1430> t<Name_of_instance> p<1476> c<1429> s<1475> l<176:20> el<176:46>
                    n<i_fpu_cnt_lead0_lvl1_32_29> u<1429> t<SIMPLE_IDENTIFIER> p<1430> l<176:20> el<176:46>
                  n<> u<1475> t<Port_connection_list> p<1476> c<1450> l<177:9> el<181:48>
                    n<> u<1450> t<Named_port_connection> p<1475> c<1431> s<1458> l<177:9> el<177:45>
                      n<din> u<1431> t<SIMPLE_IDENTIFIER> p<1450> s<1448> l<177:10> el<177:13>
                      n<> u<1448> t<OPEN_PARENS> p<1450> s<1447> l<177:33> el<177:34>
                      n<> u<1447> t<Expression> p<1450> c<1446> s<1449> l<177:34> el<177:44>
                        n<> u<1446> t<Primary> p<1447> c<1445> l<177:34> el<177:44>
                          n<> u<1445> t<Subroutine_call> p<1446> c<1432> l<177:34> el<177:44>
                            n<din> u<1432> t<SIMPLE_IDENTIFIER> p<1445> s<1444> l<177:34> el<177:37>
                            n<> u<1444> t<Select> p<1445> c<1433> l<177:37> el<177:44>
                              n<> u<1433> t<Bit_select> p<1444> s<1443> l<177:37> el<177:37>
                              n<> u<1443> t<Part_select_range> p<1444> c<1442> l<177:38> el<177:43>
                                n<> u<1442> t<Constant_range> p<1443> c<1437> l<177:38> el<177:43>
                                  n<> u<1437> t<Constant_expression> p<1442> c<1436> s<1441> l<177:38> el<177:40>
                                    n<> u<1436> t<Constant_primary> p<1437> c<1435> l<177:38> el<177:40>
                                      n<> u<1435> t<Primary_literal> p<1436> c<1434> l<177:38> el<177:40>
                                        n<32> u<1434> t<INTEGRAL_NUMBER> p<1435> l<177:38> el<177:40>
                                  n<> u<1441> t<Constant_expression> p<1442> c<1440> l<177:41> el<177:43>
                                    n<> u<1440> t<Constant_primary> p<1441> c<1439> l<177:41> el<177:43>
                                      n<> u<1439> t<Primary_literal> p<1440> c<1438> l<177:41> el<177:43>
                                        n<29> u<1438> t<INTEGRAL_NUMBER> p<1439> l<177:41> el<177:43>
                      n<> u<1449> t<CLOSE_PARENS> p<1450> l<177:44> el<177:45>
                    n<> u<1458> t<Named_port_connection> p<1475> c<1451> s<1466> l<179:9> el<179:49>
                      n<din_3_0_eq_0> u<1451> t<SIMPLE_IDENTIFIER> p<1458> s<1456> l<179:10> el<179:22>
                      n<> u<1456> t<OPEN_PARENS> p<1458> s<1455> l<179:33> el<179:34>
                      n<> u<1455> t<Expression> p<1458> c<1454> s<1457> l<179:34> el<179:48>
                        n<> u<1454> t<Primary> p<1455> c<1453> l<179:34> el<179:48>
                          n<> u<1453> t<Primary_literal> p<1454> c<1452> l<179:34> el<179:48>
                            n<din_32_29_eq_0> u<1452> t<SIMPLE_IDENTIFIER> p<1453> l<179:34> el<179:48>
                      n<> u<1457> t<CLOSE_PARENS> p<1458> l<179:48> el<179:49>
                    n<> u<1466> t<Named_port_connection> p<1475> c<1459> s<1474> l<180:9> el<180:49>
                      n<din_3_2_eq_0> u<1459> t<SIMPLE_IDENTIFIER> p<1466> s<1464> l<180:10> el<180:22>
                      n<> u<1464> t<OPEN_PARENS> p<1466> s<1463> l<180:33> el<180:34>
                      n<> u<1463> t<Expression> p<1466> c<1462> s<1465> l<180:34> el<180:48>
                        n<> u<1462> t<Primary> p<1463> c<1461> l<180:34> el<180:48>
                          n<> u<1461> t<Primary_literal> p<1462> c<1460> l<180:34> el<180:48>
                            n<din_32_31_eq_0> u<1460> t<SIMPLE_IDENTIFIER> p<1461> l<180:34> el<180:48>
                      n<> u<1465> t<CLOSE_PARENS> p<1466> l<180:48> el<180:49>
                    n<> u<1474> t<Named_port_connection> p<1475> c<1467> l<181:9> el<181:48>
                      n<lead0_4b_0> u<1467> t<SIMPLE_IDENTIFIER> p<1474> s<1472> l<181:10> el<181:20>
                      n<> u<1472> t<OPEN_PARENS> p<1474> s<1471> l<181:33> el<181:34>
                      n<> u<1471> t<Expression> p<1474> c<1470> s<1473> l<181:34> el<181:47>
                        n<> u<1470> t<Primary> p<1471> c<1469> l<181:34> el<181:47>
                          n<> u<1469> t<Primary_literal> p<1470> c<1468> l<181:34> el<181:47>
                            n<lead0_32_29_0> u<1468> t<SIMPLE_IDENTIFIER> p<1469> l<181:34> el<181:47>
                      n<> u<1473> t<CLOSE_PARENS> p<1474> l<181:47> el<181:48>
        n<> u<1533> t<Module_item> p<3273> c<1532> s<1586> l<184:1> el<190:3>
          n<> u<1532> t<Non_port_module_item> p<1533> c<1531> l<184:1> el<190:3>
            n<> u<1531> t<Module_or_generate_item> p<1532> c<1530> l<184:1> el<190:3>
              n<> u<1530> t<Unsupported_instantiation> p<1531> c<1481> l<184:1> el<190:3>
                n<fpu_cnt_lead0_lvl1> u<1481> t<SIMPLE_IDENTIFIER> p<1530> s<1529> l<184:1> el<184:19>
                n<> u<1529> t<Hierarchical_instance> p<1530> c<1483> l<184:20> el<190:2>
                  n<> u<1483> t<Name_of_instance> p<1529> c<1482> s<1528> l<184:20> el<184:46>
                    n<i_fpu_cnt_lead0_lvl1_28_25> u<1482> t<SIMPLE_IDENTIFIER> p<1483> l<184:20> el<184:46>
                  n<> u<1528> t<Port_connection_list> p<1529> c<1503> l<185:9> el<189:48>
                    n<> u<1503> t<Named_port_connection> p<1528> c<1484> s<1511> l<185:9> el<185:45>
                      n<din> u<1484> t<SIMPLE_IDENTIFIER> p<1503> s<1501> l<185:10> el<185:13>
                      n<> u<1501> t<OPEN_PARENS> p<1503> s<1500> l<185:33> el<185:34>
                      n<> u<1500> t<Expression> p<1503> c<1499> s<1502> l<185:34> el<185:44>
                        n<> u<1499> t<Primary> p<1500> c<1498> l<185:34> el<185:44>
                          n<> u<1498> t<Subroutine_call> p<1499> c<1485> l<185:34> el<185:44>
                            n<din> u<1485> t<SIMPLE_IDENTIFIER> p<1498> s<1497> l<185:34> el<185:37>
                            n<> u<1497> t<Select> p<1498> c<1486> l<185:37> el<185:44>
                              n<> u<1486> t<Bit_select> p<1497> s<1496> l<185:37> el<185:37>
                              n<> u<1496> t<Part_select_range> p<1497> c<1495> l<185:38> el<185:43>
                                n<> u<1495> t<Constant_range> p<1496> c<1490> l<185:38> el<185:43>
                                  n<> u<1490> t<Constant_expression> p<1495> c<1489> s<1494> l<185:38> el<185:40>
                                    n<> u<1489> t<Constant_primary> p<1490> c<1488> l<185:38> el<185:40>
                                      n<> u<1488> t<Primary_literal> p<1489> c<1487> l<185:38> el<185:40>
                                        n<28> u<1487> t<INTEGRAL_NUMBER> p<1488> l<185:38> el<185:40>
                                  n<> u<1494> t<Constant_expression> p<1495> c<1493> l<185:41> el<185:43>
                                    n<> u<1493> t<Constant_primary> p<1494> c<1492> l<185:41> el<185:43>
                                      n<> u<1492> t<Primary_literal> p<1493> c<1491> l<185:41> el<185:43>
                                        n<25> u<1491> t<INTEGRAL_NUMBER> p<1492> l<185:41> el<185:43>
                      n<> u<1502> t<CLOSE_PARENS> p<1503> l<185:44> el<185:45>
                    n<> u<1511> t<Named_port_connection> p<1528> c<1504> s<1519> l<187:9> el<187:49>
                      n<din_3_0_eq_0> u<1504> t<SIMPLE_IDENTIFIER> p<1511> s<1509> l<187:10> el<187:22>
                      n<> u<1509> t<OPEN_PARENS> p<1511> s<1508> l<187:33> el<187:34>
                      n<> u<1508> t<Expression> p<1511> c<1507> s<1510> l<187:34> el<187:48>
                        n<> u<1507> t<Primary> p<1508> c<1506> l<187:34> el<187:48>
                          n<> u<1506> t<Primary_literal> p<1507> c<1505> l<187:34> el<187:48>
                            n<din_28_25_eq_0> u<1505> t<SIMPLE_IDENTIFIER> p<1506> l<187:34> el<187:48>
                      n<> u<1510> t<CLOSE_PARENS> p<1511> l<187:48> el<187:49>
                    n<> u<1519> t<Named_port_connection> p<1528> c<1512> s<1527> l<188:9> el<188:49>
                      n<din_3_2_eq_0> u<1512> t<SIMPLE_IDENTIFIER> p<1519> s<1517> l<188:10> el<188:22>
                      n<> u<1517> t<OPEN_PARENS> p<1519> s<1516> l<188:33> el<188:34>
                      n<> u<1516> t<Expression> p<1519> c<1515> s<1518> l<188:34> el<188:48>
                        n<> u<1515> t<Primary> p<1516> c<1514> l<188:34> el<188:48>
                          n<> u<1514> t<Primary_literal> p<1515> c<1513> l<188:34> el<188:48>
                            n<din_28_27_eq_0> u<1513> t<SIMPLE_IDENTIFIER> p<1514> l<188:34> el<188:48>
                      n<> u<1518> t<CLOSE_PARENS> p<1519> l<188:48> el<188:49>
                    n<> u<1527> t<Named_port_connection> p<1528> c<1520> l<189:9> el<189:48>
                      n<lead0_4b_0> u<1520> t<SIMPLE_IDENTIFIER> p<1527> s<1525> l<189:10> el<189:20>
                      n<> u<1525> t<OPEN_PARENS> p<1527> s<1524> l<189:33> el<189:34>
                      n<> u<1524> t<Expression> p<1527> c<1523> s<1526> l<189:34> el<189:47>
                        n<> u<1523> t<Primary> p<1524> c<1522> l<189:34> el<189:47>
                          n<> u<1522> t<Primary_literal> p<1523> c<1521> l<189:34> el<189:47>
                            n<lead0_28_25_0> u<1521> t<SIMPLE_IDENTIFIER> p<1522> l<189:34> el<189:47>
                      n<> u<1526> t<CLOSE_PARENS> p<1527> l<189:47> el<189:48>
        n<> u<1586> t<Module_item> p<3273> c<1585> s<1639> l<192:1> el<198:3>
          n<> u<1585> t<Non_port_module_item> p<1586> c<1584> l<192:1> el<198:3>
            n<> u<1584> t<Module_or_generate_item> p<1585> c<1583> l<192:1> el<198:3>
              n<> u<1583> t<Unsupported_instantiation> p<1584> c<1534> l<192:1> el<198:3>
                n<fpu_cnt_lead0_lvl1> u<1534> t<SIMPLE_IDENTIFIER> p<1583> s<1582> l<192:1> el<192:19>
                n<> u<1582> t<Hierarchical_instance> p<1583> c<1536> l<192:20> el<198:2>
                  n<> u<1536> t<Name_of_instance> p<1582> c<1535> s<1581> l<192:20> el<192:46>
                    n<i_fpu_cnt_lead0_lvl1_24_21> u<1535> t<SIMPLE_IDENTIFIER> p<1536> l<192:20> el<192:46>
                  n<> u<1581> t<Port_connection_list> p<1582> c<1556> l<193:9> el<197:48>
                    n<> u<1556> t<Named_port_connection> p<1581> c<1537> s<1564> l<193:9> el<193:45>
                      n<din> u<1537> t<SIMPLE_IDENTIFIER> p<1556> s<1554> l<193:10> el<193:13>
                      n<> u<1554> t<OPEN_PARENS> p<1556> s<1553> l<193:33> el<193:34>
                      n<> u<1553> t<Expression> p<1556> c<1552> s<1555> l<193:34> el<193:44>
                        n<> u<1552> t<Primary> p<1553> c<1551> l<193:34> el<193:44>
                          n<> u<1551> t<Subroutine_call> p<1552> c<1538> l<193:34> el<193:44>
                            n<din> u<1538> t<SIMPLE_IDENTIFIER> p<1551> s<1550> l<193:34> el<193:37>
                            n<> u<1550> t<Select> p<1551> c<1539> l<193:37> el<193:44>
                              n<> u<1539> t<Bit_select> p<1550> s<1549> l<193:37> el<193:37>
                              n<> u<1549> t<Part_select_range> p<1550> c<1548> l<193:38> el<193:43>
                                n<> u<1548> t<Constant_range> p<1549> c<1543> l<193:38> el<193:43>
                                  n<> u<1543> t<Constant_expression> p<1548> c<1542> s<1547> l<193:38> el<193:40>
                                    n<> u<1542> t<Constant_primary> p<1543> c<1541> l<193:38> el<193:40>
                                      n<> u<1541> t<Primary_literal> p<1542> c<1540> l<193:38> el<193:40>
                                        n<24> u<1540> t<INTEGRAL_NUMBER> p<1541> l<193:38> el<193:40>
                                  n<> u<1547> t<Constant_expression> p<1548> c<1546> l<193:41> el<193:43>
                                    n<> u<1546> t<Constant_primary> p<1547> c<1545> l<193:41> el<193:43>
                                      n<> u<1545> t<Primary_literal> p<1546> c<1544> l<193:41> el<193:43>
                                        n<21> u<1544> t<INTEGRAL_NUMBER> p<1545> l<193:41> el<193:43>
                      n<> u<1555> t<CLOSE_PARENS> p<1556> l<193:44> el<193:45>
                    n<> u<1564> t<Named_port_connection> p<1581> c<1557> s<1572> l<195:9> el<195:49>
                      n<din_3_0_eq_0> u<1557> t<SIMPLE_IDENTIFIER> p<1564> s<1562> l<195:10> el<195:22>
                      n<> u<1562> t<OPEN_PARENS> p<1564> s<1561> l<195:33> el<195:34>
                      n<> u<1561> t<Expression> p<1564> c<1560> s<1563> l<195:34> el<195:48>
                        n<> u<1560> t<Primary> p<1561> c<1559> l<195:34> el<195:48>
                          n<> u<1559> t<Primary_literal> p<1560> c<1558> l<195:34> el<195:48>
                            n<din_24_21_eq_0> u<1558> t<SIMPLE_IDENTIFIER> p<1559> l<195:34> el<195:48>
                      n<> u<1563> t<CLOSE_PARENS> p<1564> l<195:48> el<195:49>
                    n<> u<1572> t<Named_port_connection> p<1581> c<1565> s<1580> l<196:9> el<196:49>
                      n<din_3_2_eq_0> u<1565> t<SIMPLE_IDENTIFIER> p<1572> s<1570> l<196:10> el<196:22>
                      n<> u<1570> t<OPEN_PARENS> p<1572> s<1569> l<196:33> el<196:34>
                      n<> u<1569> t<Expression> p<1572> c<1568> s<1571> l<196:34> el<196:48>
                        n<> u<1568> t<Primary> p<1569> c<1567> l<196:34> el<196:48>
                          n<> u<1567> t<Primary_literal> p<1568> c<1566> l<196:34> el<196:48>
                            n<din_24_23_eq_0> u<1566> t<SIMPLE_IDENTIFIER> p<1567> l<196:34> el<196:48>
                      n<> u<1571> t<CLOSE_PARENS> p<1572> l<196:48> el<196:49>
                    n<> u<1580> t<Named_port_connection> p<1581> c<1573> l<197:9> el<197:48>
                      n<lead0_4b_0> u<1573> t<SIMPLE_IDENTIFIER> p<1580> s<1578> l<197:10> el<197:20>
                      n<> u<1578> t<OPEN_PARENS> p<1580> s<1577> l<197:33> el<197:34>
                      n<> u<1577> t<Expression> p<1580> c<1576> s<1579> l<197:34> el<197:47>
                        n<> u<1576> t<Primary> p<1577> c<1575> l<197:34> el<197:47>
                          n<> u<1575> t<Primary_literal> p<1576> c<1574> l<197:34> el<197:47>
                            n<lead0_24_21_0> u<1574> t<SIMPLE_IDENTIFIER> p<1575> l<197:34> el<197:47>
                      n<> u<1579> t<CLOSE_PARENS> p<1580> l<197:47> el<197:48>
        n<> u<1639> t<Module_item> p<3273> c<1638> s<1692> l<200:1> el<206:3>
          n<> u<1638> t<Non_port_module_item> p<1639> c<1637> l<200:1> el<206:3>
            n<> u<1637> t<Module_or_generate_item> p<1638> c<1636> l<200:1> el<206:3>
              n<> u<1636> t<Unsupported_instantiation> p<1637> c<1587> l<200:1> el<206:3>
                n<fpu_cnt_lead0_lvl1> u<1587> t<SIMPLE_IDENTIFIER> p<1636> s<1635> l<200:1> el<200:19>
                n<> u<1635> t<Hierarchical_instance> p<1636> c<1589> l<200:20> el<206:2>
                  n<> u<1589> t<Name_of_instance> p<1635> c<1588> s<1634> l<200:20> el<200:46>
                    n<i_fpu_cnt_lead0_lvl1_20_17> u<1588> t<SIMPLE_IDENTIFIER> p<1589> l<200:20> el<200:46>
                  n<> u<1634> t<Port_connection_list> p<1635> c<1609> l<201:9> el<205:48>
                    n<> u<1609> t<Named_port_connection> p<1634> c<1590> s<1617> l<201:9> el<201:45>
                      n<din> u<1590> t<SIMPLE_IDENTIFIER> p<1609> s<1607> l<201:10> el<201:13>
                      n<> u<1607> t<OPEN_PARENS> p<1609> s<1606> l<201:33> el<201:34>
                      n<> u<1606> t<Expression> p<1609> c<1605> s<1608> l<201:34> el<201:44>
                        n<> u<1605> t<Primary> p<1606> c<1604> l<201:34> el<201:44>
                          n<> u<1604> t<Subroutine_call> p<1605> c<1591> l<201:34> el<201:44>
                            n<din> u<1591> t<SIMPLE_IDENTIFIER> p<1604> s<1603> l<201:34> el<201:37>
                            n<> u<1603> t<Select> p<1604> c<1592> l<201:37> el<201:44>
                              n<> u<1592> t<Bit_select> p<1603> s<1602> l<201:37> el<201:37>
                              n<> u<1602> t<Part_select_range> p<1603> c<1601> l<201:38> el<201:43>
                                n<> u<1601> t<Constant_range> p<1602> c<1596> l<201:38> el<201:43>
                                  n<> u<1596> t<Constant_expression> p<1601> c<1595> s<1600> l<201:38> el<201:40>
                                    n<> u<1595> t<Constant_primary> p<1596> c<1594> l<201:38> el<201:40>
                                      n<> u<1594> t<Primary_literal> p<1595> c<1593> l<201:38> el<201:40>
                                        n<20> u<1593> t<INTEGRAL_NUMBER> p<1594> l<201:38> el<201:40>
                                  n<> u<1600> t<Constant_expression> p<1601> c<1599> l<201:41> el<201:43>
                                    n<> u<1599> t<Constant_primary> p<1600> c<1598> l<201:41> el<201:43>
                                      n<> u<1598> t<Primary_literal> p<1599> c<1597> l<201:41> el<201:43>
                                        n<17> u<1597> t<INTEGRAL_NUMBER> p<1598> l<201:41> el<201:43>
                      n<> u<1608> t<CLOSE_PARENS> p<1609> l<201:44> el<201:45>
                    n<> u<1617> t<Named_port_connection> p<1634> c<1610> s<1625> l<203:9> el<203:49>
                      n<din_3_0_eq_0> u<1610> t<SIMPLE_IDENTIFIER> p<1617> s<1615> l<203:10> el<203:22>
                      n<> u<1615> t<OPEN_PARENS> p<1617> s<1614> l<203:33> el<203:34>
                      n<> u<1614> t<Expression> p<1617> c<1613> s<1616> l<203:34> el<203:48>
                        n<> u<1613> t<Primary> p<1614> c<1612> l<203:34> el<203:48>
                          n<> u<1612> t<Primary_literal> p<1613> c<1611> l<203:34> el<203:48>
                            n<din_20_17_eq_0> u<1611> t<SIMPLE_IDENTIFIER> p<1612> l<203:34> el<203:48>
                      n<> u<1616> t<CLOSE_PARENS> p<1617> l<203:48> el<203:49>
                    n<> u<1625> t<Named_port_connection> p<1634> c<1618> s<1633> l<204:9> el<204:49>
                      n<din_3_2_eq_0> u<1618> t<SIMPLE_IDENTIFIER> p<1625> s<1623> l<204:10> el<204:22>
                      n<> u<1623> t<OPEN_PARENS> p<1625> s<1622> l<204:33> el<204:34>
                      n<> u<1622> t<Expression> p<1625> c<1621> s<1624> l<204:34> el<204:48>
                        n<> u<1621> t<Primary> p<1622> c<1620> l<204:34> el<204:48>
                          n<> u<1620> t<Primary_literal> p<1621> c<1619> l<204:34> el<204:48>
                            n<din_20_19_eq_0> u<1619> t<SIMPLE_IDENTIFIER> p<1620> l<204:34> el<204:48>
                      n<> u<1624> t<CLOSE_PARENS> p<1625> l<204:48> el<204:49>
                    n<> u<1633> t<Named_port_connection> p<1634> c<1626> l<205:9> el<205:48>
                      n<lead0_4b_0> u<1626> t<SIMPLE_IDENTIFIER> p<1633> s<1631> l<205:10> el<205:20>
                      n<> u<1631> t<OPEN_PARENS> p<1633> s<1630> l<205:33> el<205:34>
                      n<> u<1630> t<Expression> p<1633> c<1629> s<1632> l<205:34> el<205:47>
                        n<> u<1629> t<Primary> p<1630> c<1628> l<205:34> el<205:47>
                          n<> u<1628> t<Primary_literal> p<1629> c<1627> l<205:34> el<205:47>
                            n<lead0_20_17_0> u<1627> t<SIMPLE_IDENTIFIER> p<1628> l<205:34> el<205:47>
                      n<> u<1632> t<CLOSE_PARENS> p<1633> l<205:47> el<205:48>
        n<> u<1692> t<Module_item> p<3273> c<1691> s<1745> l<208:1> el<214:3>
          n<> u<1691> t<Non_port_module_item> p<1692> c<1690> l<208:1> el<214:3>
            n<> u<1690> t<Module_or_generate_item> p<1691> c<1689> l<208:1> el<214:3>
              n<> u<1689> t<Unsupported_instantiation> p<1690> c<1640> l<208:1> el<214:3>
                n<fpu_cnt_lead0_lvl1> u<1640> t<SIMPLE_IDENTIFIER> p<1689> s<1688> l<208:1> el<208:19>
                n<> u<1688> t<Hierarchical_instance> p<1689> c<1642> l<208:20> el<214:2>
                  n<> u<1642> t<Name_of_instance> p<1688> c<1641> s<1687> l<208:20> el<208:46>
                    n<i_fpu_cnt_lead0_lvl1_16_13> u<1641> t<SIMPLE_IDENTIFIER> p<1642> l<208:20> el<208:46>
                  n<> u<1687> t<Port_connection_list> p<1688> c<1662> l<209:9> el<213:48>
                    n<> u<1662> t<Named_port_connection> p<1687> c<1643> s<1670> l<209:9> el<209:45>
                      n<din> u<1643> t<SIMPLE_IDENTIFIER> p<1662> s<1660> l<209:10> el<209:13>
                      n<> u<1660> t<OPEN_PARENS> p<1662> s<1659> l<209:33> el<209:34>
                      n<> u<1659> t<Expression> p<1662> c<1658> s<1661> l<209:34> el<209:44>
                        n<> u<1658> t<Primary> p<1659> c<1657> l<209:34> el<209:44>
                          n<> u<1657> t<Subroutine_call> p<1658> c<1644> l<209:34> el<209:44>
                            n<din> u<1644> t<SIMPLE_IDENTIFIER> p<1657> s<1656> l<209:34> el<209:37>
                            n<> u<1656> t<Select> p<1657> c<1645> l<209:37> el<209:44>
                              n<> u<1645> t<Bit_select> p<1656> s<1655> l<209:37> el<209:37>
                              n<> u<1655> t<Part_select_range> p<1656> c<1654> l<209:38> el<209:43>
                                n<> u<1654> t<Constant_range> p<1655> c<1649> l<209:38> el<209:43>
                                  n<> u<1649> t<Constant_expression> p<1654> c<1648> s<1653> l<209:38> el<209:40>
                                    n<> u<1648> t<Constant_primary> p<1649> c<1647> l<209:38> el<209:40>
                                      n<> u<1647> t<Primary_literal> p<1648> c<1646> l<209:38> el<209:40>
                                        n<16> u<1646> t<INTEGRAL_NUMBER> p<1647> l<209:38> el<209:40>
                                  n<> u<1653> t<Constant_expression> p<1654> c<1652> l<209:41> el<209:43>
                                    n<> u<1652> t<Constant_primary> p<1653> c<1651> l<209:41> el<209:43>
                                      n<> u<1651> t<Primary_literal> p<1652> c<1650> l<209:41> el<209:43>
                                        n<13> u<1650> t<INTEGRAL_NUMBER> p<1651> l<209:41> el<209:43>
                      n<> u<1661> t<CLOSE_PARENS> p<1662> l<209:44> el<209:45>
                    n<> u<1670> t<Named_port_connection> p<1687> c<1663> s<1678> l<211:9> el<211:49>
                      n<din_3_0_eq_0> u<1663> t<SIMPLE_IDENTIFIER> p<1670> s<1668> l<211:10> el<211:22>
                      n<> u<1668> t<OPEN_PARENS> p<1670> s<1667> l<211:33> el<211:34>
                      n<> u<1667> t<Expression> p<1670> c<1666> s<1669> l<211:34> el<211:48>
                        n<> u<1666> t<Primary> p<1667> c<1665> l<211:34> el<211:48>
                          n<> u<1665> t<Primary_literal> p<1666> c<1664> l<211:34> el<211:48>
                            n<din_16_13_eq_0> u<1664> t<SIMPLE_IDENTIFIER> p<1665> l<211:34> el<211:48>
                      n<> u<1669> t<CLOSE_PARENS> p<1670> l<211:48> el<211:49>
                    n<> u<1678> t<Named_port_connection> p<1687> c<1671> s<1686> l<212:9> el<212:49>
                      n<din_3_2_eq_0> u<1671> t<SIMPLE_IDENTIFIER> p<1678> s<1676> l<212:10> el<212:22>
                      n<> u<1676> t<OPEN_PARENS> p<1678> s<1675> l<212:33> el<212:34>
                      n<> u<1675> t<Expression> p<1678> c<1674> s<1677> l<212:34> el<212:48>
                        n<> u<1674> t<Primary> p<1675> c<1673> l<212:34> el<212:48>
                          n<> u<1673> t<Primary_literal> p<1674> c<1672> l<212:34> el<212:48>
                            n<din_16_15_eq_0> u<1672> t<SIMPLE_IDENTIFIER> p<1673> l<212:34> el<212:48>
                      n<> u<1677> t<CLOSE_PARENS> p<1678> l<212:48> el<212:49>
                    n<> u<1686> t<Named_port_connection> p<1687> c<1679> l<213:9> el<213:48>
                      n<lead0_4b_0> u<1679> t<SIMPLE_IDENTIFIER> p<1686> s<1684> l<213:10> el<213:20>
                      n<> u<1684> t<OPEN_PARENS> p<1686> s<1683> l<213:33> el<213:34>
                      n<> u<1683> t<Expression> p<1686> c<1682> s<1685> l<213:34> el<213:47>
                        n<> u<1682> t<Primary> p<1683> c<1681> l<213:34> el<213:47>
                          n<> u<1681> t<Primary_literal> p<1682> c<1680> l<213:34> el<213:47>
                            n<lead0_16_13_0> u<1680> t<SIMPLE_IDENTIFIER> p<1681> l<213:34> el<213:47>
                      n<> u<1685> t<CLOSE_PARENS> p<1686> l<213:47> el<213:48>
        n<> u<1745> t<Module_item> p<3273> c<1744> s<1798> l<216:1> el<222:3>
          n<> u<1744> t<Non_port_module_item> p<1745> c<1743> l<216:1> el<222:3>
            n<> u<1743> t<Module_or_generate_item> p<1744> c<1742> l<216:1> el<222:3>
              n<> u<1742> t<Unsupported_instantiation> p<1743> c<1693> l<216:1> el<222:3>
                n<fpu_cnt_lead0_lvl1> u<1693> t<SIMPLE_IDENTIFIER> p<1742> s<1741> l<216:1> el<216:19>
                n<> u<1741> t<Hierarchical_instance> p<1742> c<1695> l<216:20> el<222:2>
                  n<> u<1695> t<Name_of_instance> p<1741> c<1694> s<1740> l<216:20> el<216:45>
                    n<i_fpu_cnt_lead0_lvl1_12_9> u<1694> t<SIMPLE_IDENTIFIER> p<1695> l<216:20> el<216:45>
                  n<> u<1740> t<Port_connection_list> p<1741> c<1715> l<217:9> el<221:47>
                    n<> u<1715> t<Named_port_connection> p<1740> c<1696> s<1723> l<217:9> el<217:44>
                      n<din> u<1696> t<SIMPLE_IDENTIFIER> p<1715> s<1713> l<217:10> el<217:13>
                      n<> u<1713> t<OPEN_PARENS> p<1715> s<1712> l<217:33> el<217:34>
                      n<> u<1712> t<Expression> p<1715> c<1711> s<1714> l<217:34> el<217:43>
                        n<> u<1711> t<Primary> p<1712> c<1710> l<217:34> el<217:43>
                          n<> u<1710> t<Subroutine_call> p<1711> c<1697> l<217:34> el<217:43>
                            n<din> u<1697> t<SIMPLE_IDENTIFIER> p<1710> s<1709> l<217:34> el<217:37>
                            n<> u<1709> t<Select> p<1710> c<1698> l<217:37> el<217:43>
                              n<> u<1698> t<Bit_select> p<1709> s<1708> l<217:37> el<217:37>
                              n<> u<1708> t<Part_select_range> p<1709> c<1707> l<217:38> el<217:42>
                                n<> u<1707> t<Constant_range> p<1708> c<1702> l<217:38> el<217:42>
                                  n<> u<1702> t<Constant_expression> p<1707> c<1701> s<1706> l<217:38> el<217:40>
                                    n<> u<1701> t<Constant_primary> p<1702> c<1700> l<217:38> el<217:40>
                                      n<> u<1700> t<Primary_literal> p<1701> c<1699> l<217:38> el<217:40>
                                        n<12> u<1699> t<INTEGRAL_NUMBER> p<1700> l<217:38> el<217:40>
                                  n<> u<1706> t<Constant_expression> p<1707> c<1705> l<217:41> el<217:42>
                                    n<> u<1705> t<Constant_primary> p<1706> c<1704> l<217:41> el<217:42>
                                      n<> u<1704> t<Primary_literal> p<1705> c<1703> l<217:41> el<217:42>
                                        n<9> u<1703> t<INTEGRAL_NUMBER> p<1704> l<217:41> el<217:42>
                      n<> u<1714> t<CLOSE_PARENS> p<1715> l<217:43> el<217:44>
                    n<> u<1723> t<Named_port_connection> p<1740> c<1716> s<1731> l<219:9> el<219:48>
                      n<din_3_0_eq_0> u<1716> t<SIMPLE_IDENTIFIER> p<1723> s<1721> l<219:10> el<219:22>
                      n<> u<1721> t<OPEN_PARENS> p<1723> s<1720> l<219:33> el<219:34>
                      n<> u<1720> t<Expression> p<1723> c<1719> s<1722> l<219:34> el<219:47>
                        n<> u<1719> t<Primary> p<1720> c<1718> l<219:34> el<219:47>
                          n<> u<1718> t<Primary_literal> p<1719> c<1717> l<219:34> el<219:47>
                            n<din_12_9_eq_0> u<1717> t<SIMPLE_IDENTIFIER> p<1718> l<219:34> el<219:47>
                      n<> u<1722> t<CLOSE_PARENS> p<1723> l<219:47> el<219:48>
                    n<> u<1731> t<Named_port_connection> p<1740> c<1724> s<1739> l<220:9> el<220:49>
                      n<din_3_2_eq_0> u<1724> t<SIMPLE_IDENTIFIER> p<1731> s<1729> l<220:10> el<220:22>
                      n<> u<1729> t<OPEN_PARENS> p<1731> s<1728> l<220:33> el<220:34>
                      n<> u<1728> t<Expression> p<1731> c<1727> s<1730> l<220:34> el<220:48>
                        n<> u<1727> t<Primary> p<1728> c<1726> l<220:34> el<220:48>
                          n<> u<1726> t<Primary_literal> p<1727> c<1725> l<220:34> el<220:48>
                            n<din_12_11_eq_0> u<1725> t<SIMPLE_IDENTIFIER> p<1726> l<220:34> el<220:48>
                      n<> u<1730> t<CLOSE_PARENS> p<1731> l<220:48> el<220:49>
                    n<> u<1739> t<Named_port_connection> p<1740> c<1732> l<221:9> el<221:47>
                      n<lead0_4b_0> u<1732> t<SIMPLE_IDENTIFIER> p<1739> s<1737> l<221:10> el<221:20>
                      n<> u<1737> t<OPEN_PARENS> p<1739> s<1736> l<221:33> el<221:34>
                      n<> u<1736> t<Expression> p<1739> c<1735> s<1738> l<221:34> el<221:46>
                        n<> u<1735> t<Primary> p<1736> c<1734> l<221:34> el<221:46>
                          n<> u<1734> t<Primary_literal> p<1735> c<1733> l<221:34> el<221:46>
                            n<lead0_12_9_0> u<1733> t<SIMPLE_IDENTIFIER> p<1734> l<221:34> el<221:46>
                      n<> u<1738> t<CLOSE_PARENS> p<1739> l<221:46> el<221:47>
        n<> u<1798> t<Module_item> p<3273> c<1797> s<1851> l<224:1> el<230:3>
          n<> u<1797> t<Non_port_module_item> p<1798> c<1796> l<224:1> el<230:3>
            n<> u<1796> t<Module_or_generate_item> p<1797> c<1795> l<224:1> el<230:3>
              n<> u<1795> t<Unsupported_instantiation> p<1796> c<1746> l<224:1> el<230:3>
                n<fpu_cnt_lead0_lvl1> u<1746> t<SIMPLE_IDENTIFIER> p<1795> s<1794> l<224:1> el<224:19>
                n<> u<1794> t<Hierarchical_instance> p<1795> c<1748> l<224:20> el<230:2>
                  n<> u<1748> t<Name_of_instance> p<1794> c<1747> s<1793> l<224:20> el<224:44>
                    n<i_fpu_cnt_lead0_lvl1_8_5> u<1747> t<SIMPLE_IDENTIFIER> p<1748> l<224:20> el<224:44>
                  n<> u<1793> t<Port_connection_list> p<1794> c<1768> l<225:9> el<229:46>
                    n<> u<1768> t<Named_port_connection> p<1793> c<1749> s<1776> l<225:9> el<225:43>
                      n<din> u<1749> t<SIMPLE_IDENTIFIER> p<1768> s<1766> l<225:10> el<225:13>
                      n<> u<1766> t<OPEN_PARENS> p<1768> s<1765> l<225:33> el<225:34>
                      n<> u<1765> t<Expression> p<1768> c<1764> s<1767> l<225:34> el<225:42>
                        n<> u<1764> t<Primary> p<1765> c<1763> l<225:34> el<225:42>
                          n<> u<1763> t<Subroutine_call> p<1764> c<1750> l<225:34> el<225:42>
                            n<din> u<1750> t<SIMPLE_IDENTIFIER> p<1763> s<1762> l<225:34> el<225:37>
                            n<> u<1762> t<Select> p<1763> c<1751> l<225:37> el<225:42>
                              n<> u<1751> t<Bit_select> p<1762> s<1761> l<225:37> el<225:37>
                              n<> u<1761> t<Part_select_range> p<1762> c<1760> l<225:38> el<225:41>
                                n<> u<1760> t<Constant_range> p<1761> c<1755> l<225:38> el<225:41>
                                  n<> u<1755> t<Constant_expression> p<1760> c<1754> s<1759> l<225:38> el<225:39>
                                    n<> u<1754> t<Constant_primary> p<1755> c<1753> l<225:38> el<225:39>
                                      n<> u<1753> t<Primary_literal> p<1754> c<1752> l<225:38> el<225:39>
                                        n<8> u<1752> t<INTEGRAL_NUMBER> p<1753> l<225:38> el<225:39>
                                  n<> u<1759> t<Constant_expression> p<1760> c<1758> l<225:40> el<225:41>
                                    n<> u<1758> t<Constant_primary> p<1759> c<1757> l<225:40> el<225:41>
                                      n<> u<1757> t<Primary_literal> p<1758> c<1756> l<225:40> el<225:41>
                                        n<5> u<1756> t<INTEGRAL_NUMBER> p<1757> l<225:40> el<225:41>
                      n<> u<1767> t<CLOSE_PARENS> p<1768> l<225:42> el<225:43>
                    n<> u<1776> t<Named_port_connection> p<1793> c<1769> s<1784> l<227:9> el<227:47>
                      n<din_3_0_eq_0> u<1769> t<SIMPLE_IDENTIFIER> p<1776> s<1774> l<227:10> el<227:22>
                      n<> u<1774> t<OPEN_PARENS> p<1776> s<1773> l<227:33> el<227:34>
                      n<> u<1773> t<Expression> p<1776> c<1772> s<1775> l<227:34> el<227:46>
                        n<> u<1772> t<Primary> p<1773> c<1771> l<227:34> el<227:46>
                          n<> u<1771> t<Primary_literal> p<1772> c<1770> l<227:34> el<227:46>
                            n<din_8_5_eq_0> u<1770> t<SIMPLE_IDENTIFIER> p<1771> l<227:34> el<227:46>
                      n<> u<1775> t<CLOSE_PARENS> p<1776> l<227:46> el<227:47>
                    n<> u<1784> t<Named_port_connection> p<1793> c<1777> s<1792> l<228:9> el<228:47>
                      n<din_3_2_eq_0> u<1777> t<SIMPLE_IDENTIFIER> p<1784> s<1782> l<228:10> el<228:22>
                      n<> u<1782> t<OPEN_PARENS> p<1784> s<1781> l<228:33> el<228:34>
                      n<> u<1781> t<Expression> p<1784> c<1780> s<1783> l<228:34> el<228:46>
                        n<> u<1780> t<Primary> p<1781> c<1779> l<228:34> el<228:46>
                          n<> u<1779> t<Primary_literal> p<1780> c<1778> l<228:34> el<228:46>
                            n<din_8_7_eq_0> u<1778> t<SIMPLE_IDENTIFIER> p<1779> l<228:34> el<228:46>
                      n<> u<1783> t<CLOSE_PARENS> p<1784> l<228:46> el<228:47>
                    n<> u<1792> t<Named_port_connection> p<1793> c<1785> l<229:9> el<229:46>
                      n<lead0_4b_0> u<1785> t<SIMPLE_IDENTIFIER> p<1792> s<1790> l<229:10> el<229:20>
                      n<> u<1790> t<OPEN_PARENS> p<1792> s<1789> l<229:33> el<229:34>
                      n<> u<1789> t<Expression> p<1792> c<1788> s<1791> l<229:34> el<229:45>
                        n<> u<1788> t<Primary> p<1789> c<1787> l<229:34> el<229:45>
                          n<> u<1787> t<Primary_literal> p<1788> c<1786> l<229:34> el<229:45>
                            n<lead0_8_5_0> u<1786> t<SIMPLE_IDENTIFIER> p<1787> l<229:34> el<229:45>
                      n<> u<1791> t<CLOSE_PARENS> p<1792> l<229:45> el<229:46>
        n<> u<1851> t<Module_item> p<3273> c<1850> s<1876> l<232:1> el<238:3>
          n<> u<1850> t<Non_port_module_item> p<1851> c<1849> l<232:1> el<238:3>
            n<> u<1849> t<Module_or_generate_item> p<1850> c<1848> l<232:1> el<238:3>
              n<> u<1848> t<Unsupported_instantiation> p<1849> c<1799> l<232:1> el<238:3>
                n<fpu_cnt_lead0_lvl1> u<1799> t<SIMPLE_IDENTIFIER> p<1848> s<1847> l<232:1> el<232:19>
                n<> u<1847> t<Hierarchical_instance> p<1848> c<1801> l<232:20> el<238:2>
                  n<> u<1801> t<Name_of_instance> p<1847> c<1800> s<1846> l<232:20> el<232:44>
                    n<i_fpu_cnt_lead0_lvl1_4_1> u<1800> t<SIMPLE_IDENTIFIER> p<1801> l<232:20> el<232:44>
                  n<> u<1846> t<Port_connection_list> p<1847> c<1821> l<233:9> el<237:46>
                    n<> u<1821> t<Named_port_connection> p<1846> c<1802> s<1829> l<233:9> el<233:43>
                      n<din> u<1802> t<SIMPLE_IDENTIFIER> p<1821> s<1819> l<233:10> el<233:13>
                      n<> u<1819> t<OPEN_PARENS> p<1821> s<1818> l<233:33> el<233:34>
                      n<> u<1818> t<Expression> p<1821> c<1817> s<1820> l<233:34> el<233:42>
                        n<> u<1817> t<Primary> p<1818> c<1816> l<233:34> el<233:42>
                          n<> u<1816> t<Subroutine_call> p<1817> c<1803> l<233:34> el<233:42>
                            n<din> u<1803> t<SIMPLE_IDENTIFIER> p<1816> s<1815> l<233:34> el<233:37>
                            n<> u<1815> t<Select> p<1816> c<1804> l<233:37> el<233:42>
                              n<> u<1804> t<Bit_select> p<1815> s<1814> l<233:37> el<233:37>
                              n<> u<1814> t<Part_select_range> p<1815> c<1813> l<233:38> el<233:41>
                                n<> u<1813> t<Constant_range> p<1814> c<1808> l<233:38> el<233:41>
                                  n<> u<1808> t<Constant_expression> p<1813> c<1807> s<1812> l<233:38> el<233:39>
                                    n<> u<1807> t<Constant_primary> p<1808> c<1806> l<233:38> el<233:39>
                                      n<> u<1806> t<Primary_literal> p<1807> c<1805> l<233:38> el<233:39>
                                        n<4> u<1805> t<INTEGRAL_NUMBER> p<1806> l<233:38> el<233:39>
                                  n<> u<1812> t<Constant_expression> p<1813> c<1811> l<233:40> el<233:41>
                                    n<> u<1811> t<Constant_primary> p<1812> c<1810> l<233:40> el<233:41>
                                      n<> u<1810> t<Primary_literal> p<1811> c<1809> l<233:40> el<233:41>
                                        n<1> u<1809> t<INTEGRAL_NUMBER> p<1810> l<233:40> el<233:41>
                      n<> u<1820> t<CLOSE_PARENS> p<1821> l<233:42> el<233:43>
                    n<> u<1829> t<Named_port_connection> p<1846> c<1822> s<1837> l<235:9> el<235:47>
                      n<din_3_0_eq_0> u<1822> t<SIMPLE_IDENTIFIER> p<1829> s<1827> l<235:10> el<235:22>
                      n<> u<1827> t<OPEN_PARENS> p<1829> s<1826> l<235:33> el<235:34>
                      n<> u<1826> t<Expression> p<1829> c<1825> s<1828> l<235:34> el<235:46>
                        n<> u<1825> t<Primary> p<1826> c<1824> l<235:34> el<235:46>
                          n<> u<1824> t<Primary_literal> p<1825> c<1823> l<235:34> el<235:46>
                            n<din_4_1_eq_0> u<1823> t<SIMPLE_IDENTIFIER> p<1824> l<235:34> el<235:46>
                      n<> u<1828> t<CLOSE_PARENS> p<1829> l<235:46> el<235:47>
                    n<> u<1837> t<Named_port_connection> p<1846> c<1830> s<1845> l<236:9> el<236:47>
                      n<din_3_2_eq_0> u<1830> t<SIMPLE_IDENTIFIER> p<1837> s<1835> l<236:10> el<236:22>
                      n<> u<1835> t<OPEN_PARENS> p<1837> s<1834> l<236:33> el<236:34>
                      n<> u<1834> t<Expression> p<1837> c<1833> s<1836> l<236:34> el<236:46>
                        n<> u<1833> t<Primary> p<1834> c<1832> l<236:34> el<236:46>
                          n<> u<1832> t<Primary_literal> p<1833> c<1831> l<236:34> el<236:46>
                            n<din_4_3_eq_0> u<1831> t<SIMPLE_IDENTIFIER> p<1832> l<236:34> el<236:46>
                      n<> u<1836> t<CLOSE_PARENS> p<1837> l<236:46> el<236:47>
                    n<> u<1845> t<Named_port_connection> p<1846> c<1838> l<237:9> el<237:46>
                      n<lead0_4b_0> u<1838> t<SIMPLE_IDENTIFIER> p<1845> s<1843> l<237:10> el<237:20>
                      n<> u<1843> t<OPEN_PARENS> p<1845> s<1842> l<237:33> el<237:34>
                      n<> u<1842> t<Expression> p<1845> c<1841> s<1844> l<237:34> el<237:45>
                        n<> u<1841> t<Primary> p<1842> c<1840> l<237:34> el<237:45>
                          n<> u<1840> t<Primary_literal> p<1841> c<1839> l<237:34> el<237:45>
                            n<lead0_4_1_0> u<1839> t<SIMPLE_IDENTIFIER> p<1840> l<237:34> el<237:45>
                      n<> u<1844> t<CLOSE_PARENS> p<1845> l<237:45> el<237:46>
        n<> u<1876> t<Module_item> p<3273> c<1875> s<1957> l<240:1> el<240:29>
          n<> u<1875> t<Non_port_module_item> p<1876> c<1874> l<240:1> el<240:29>
            n<> u<1874> t<Module_or_generate_item> p<1875> c<1873> l<240:1> el<240:29>
              n<> u<1873> t<Module_common_item> p<1874> c<1872> l<240:1> el<240:29>
                n<> u<1872> t<Continuous_assign> p<1873> c<1871> l<240:1> el<240:29>
                  n<> u<1871> t<Net_assignment_list> p<1872> c<1870> l<240:8> el<240:28>
                    n<> u<1870> t<Net_assignment> p<1871> c<1856> l<240:8> el<240:28>
                      n<> u<1856> t<Net_lvalue> p<1870> c<1853> s<1869> l<240:8> el<240:17>
                        n<> u<1853> t<Ps_or_hierarchical_identifier> p<1856> c<1852> s<1855> l<240:8> el<240:17>
                          n<lead0_0_0> u<1852> t<SIMPLE_IDENTIFIER> p<1853> l<240:8> el<240:17>
                        n<> u<1855> t<Constant_select> p<1856> c<1854> l<240:17> el<240:17>
                          n<> u<1854> t<Constant_bit_select> p<1855> l<240:17> el<240:17>
                      n<> u<1869> t<Expression> p<1870> c<1868> l<240:19> el<240:28>
                        n<> u<1868> t<Expression> p<1869> c<1867> l<240:20> el<240:27>
                          n<> u<1867> t<BANG> p<1868> s<1866> l<240:20> el<240:21>
                          n<> u<1866> t<Expression> p<1868> c<1865> l<240:21> el<240:27>
                            n<> u<1865> t<Primary> p<1866> c<1864> l<240:21> el<240:27>
                              n<> u<1864> t<Subroutine_call> p<1865> c<1857> l<240:21> el<240:27>
                                n<din> u<1857> t<SIMPLE_IDENTIFIER> p<1864> s<1863> l<240:21> el<240:24>
                                n<> u<1863> t<Select> p<1864> c<1862> l<240:24> el<240:27>
                                  n<> u<1862> t<Bit_select> p<1863> c<1861> l<240:24> el<240:27>
                                    n<> u<1861> t<Expression> p<1862> c<1860> l<240:25> el<240:26>
                                      n<> u<1860> t<Primary> p<1861> c<1859> l<240:25> el<240:26>
                                        n<> u<1859> t<Primary_literal> p<1860> c<1858> l<240:25> el<240:26>
                                          n<0> u<1858> t<INTEGRAL_NUMBER> p<1859> l<240:25> el<240:26>
        n<> u<1957> t<Module_item> p<3273> c<1956> s<2038> l<243:1> el<254:3>
          n<> u<1956> t<Non_port_module_item> p<1957> c<1955> l<243:1> el<254:3>
            n<> u<1955> t<Module_or_generate_item> p<1956> c<1954> l<243:1> el<254:3>
              n<> u<1954> t<Unsupported_instantiation> p<1955> c<1877> l<243:1> el<254:3>
                n<fpu_cnt_lead0_lvl2> u<1877> t<SIMPLE_IDENTIFIER> p<1954> s<1953> l<243:1> el<243:19>
                n<> u<1953> t<Hierarchical_instance> p<1954> c<1879> l<243:20> el<254:2>
                  n<> u<1879> t<Name_of_instance> p<1953> c<1878> s<1952> l<243:20> el<243:46>
                    n<i_fpu_cnt_lead0_lvl2_52_45> u<1878> t<SIMPLE_IDENTIFIER> p<1879> l<243:20> el<243:46>
                  n<> u<1952> t<Port_connection_list> p<1953> c<1887> l<244:2> el<253:30>
                    n<> u<1887> t<Named_port_connection> p<1952> c<1880> s<1895> l<244:2> el<244:33>
                      n<din_7_4_eq_0> u<1880> t<SIMPLE_IDENTIFIER> p<1887> s<1885> l<244:3> el<244:15>
                      n<> u<1885> t<OPEN_PARENS> p<1887> s<1884> l<244:17> el<244:18>
                      n<> u<1884> t<Expression> p<1887> c<1883> s<1886> l<244:18> el<244:32>
                        n<> u<1883> t<Primary> p<1884> c<1882> l<244:18> el<244:32>
                          n<> u<1882> t<Primary_literal> p<1883> c<1881> l<244:18> el<244:32>
                            n<din_52_49_eq_0> u<1881> t<SIMPLE_IDENTIFIER> p<1882> l<244:18> el<244:32>
                      n<> u<1886> t<CLOSE_PARENS> p<1887> l<244:32> el<244:33>
                    n<> u<1895> t<Named_port_connection> p<1952> c<1888> s<1903> l<245:2> el<245:33>
                      n<din_7_6_eq_0> u<1888> t<SIMPLE_IDENTIFIER> p<1895> s<1893> l<245:3> el<245:15>
                      n<> u<1893> t<OPEN_PARENS> p<1895> s<1892> l<245:17> el<245:18>
                      n<> u<1892> t<Expression> p<1895> c<1891> s<1894> l<245:18> el<245:32>
                        n<> u<1891> t<Primary> p<1892> c<1890> l<245:18> el<245:32>
                          n<> u<1890> t<Primary_literal> p<1891> c<1889> l<245:18> el<245:32>
                            n<din_52_51_eq_0> u<1889> t<SIMPLE_IDENTIFIER> p<1890> l<245:18> el<245:32>
                      n<> u<1894> t<CLOSE_PARENS> p<1895> l<245:32> el<245:33>
                    n<> u<1903> t<Named_port_connection> p<1952> c<1896> s<1911> l<246:2> el<246:33>
                      n<lead0_4b_0_hi> u<1896> t<SIMPLE_IDENTIFIER> p<1903> s<1901> l<246:3> el<246:16>
                      n<> u<1901> t<OPEN_PARENS> p<1903> s<1900> l<246:18> el<246:19>
                      n<> u<1900> t<Expression> p<1903> c<1899> s<1902> l<246:19> el<246:32>
                        n<> u<1899> t<Primary> p<1900> c<1898> l<246:19> el<246:32>
                          n<> u<1898> t<Primary_literal> p<1899> c<1897> l<246:19> el<246:32>
                            n<lead0_52_49_0> u<1897> t<SIMPLE_IDENTIFIER> p<1898> l<246:19> el<246:32>
                      n<> u<1902> t<CLOSE_PARENS> p<1903> l<246:32> el<246:33>
                    n<> u<1911> t<Named_port_connection> p<1952> c<1904> s<1919> l<247:2> el<247:33>
                      n<din_3_0_eq_0> u<1904> t<SIMPLE_IDENTIFIER> p<1911> s<1909> l<247:3> el<247:15>
                      n<> u<1909> t<OPEN_PARENS> p<1911> s<1908> l<247:17> el<247:18>
                      n<> u<1908> t<Expression> p<1911> c<1907> s<1910> l<247:18> el<247:32>
                        n<> u<1907> t<Primary> p<1908> c<1906> l<247:18> el<247:32>
                          n<> u<1906> t<Primary_literal> p<1907> c<1905> l<247:18> el<247:32>
                            n<din_48_45_eq_0> u<1905> t<SIMPLE_IDENTIFIER> p<1906> l<247:18> el<247:32>
                      n<> u<1910> t<CLOSE_PARENS> p<1911> l<247:32> el<247:33>
                    n<> u<1919> t<Named_port_connection> p<1952> c<1912> s<1927> l<248:2> el<248:33>
                      n<din_3_2_eq_0> u<1912> t<SIMPLE_IDENTIFIER> p<1919> s<1917> l<248:3> el<248:15>
                      n<> u<1917> t<OPEN_PARENS> p<1919> s<1916> l<248:17> el<248:18>
                      n<> u<1916> t<Expression> p<1919> c<1915> s<1918> l<248:18> el<248:32>
                        n<> u<1915> t<Primary> p<1916> c<1914> l<248:18> el<248:32>
                          n<> u<1914> t<Primary_literal> p<1915> c<1913> l<248:18> el<248:32>
                            n<din_48_47_eq_0> u<1913> t<SIMPLE_IDENTIFIER> p<1914> l<248:18> el<248:32>
                      n<> u<1918> t<CLOSE_PARENS> p<1919> l<248:32> el<248:33>
                    n<> u<1927> t<Named_port_connection> p<1952> c<1920> s<1935> l<249:2> el<249:33>
                      n<lead0_4b_0_lo> u<1920> t<SIMPLE_IDENTIFIER> p<1927> s<1925> l<249:3> el<249:16>
                      n<> u<1925> t<OPEN_PARENS> p<1927> s<1924> l<249:18> el<249:19>
                      n<> u<1924> t<Expression> p<1927> c<1923> s<1926> l<249:19> el<249:32>
                        n<> u<1923> t<Primary> p<1924> c<1922> l<249:19> el<249:32>
                          n<> u<1922> t<Primary_literal> p<1923> c<1921> l<249:19> el<249:32>
                            n<lead0_48_45_0> u<1921> t<SIMPLE_IDENTIFIER> p<1922> l<249:19> el<249:32>
                      n<> u<1926> t<CLOSE_PARENS> p<1927> l<249:32> el<249:33>
                    n<> u<1935> t<Named_port_connection> p<1952> c<1928> s<1943> l<251:2> el<251:33>
                      n<din_7_0_eq_0> u<1928> t<SIMPLE_IDENTIFIER> p<1935> s<1933> l<251:3> el<251:15>
                      n<> u<1933> t<OPEN_PARENS> p<1935> s<1932> l<251:17> el<251:18>
                      n<> u<1932> t<Expression> p<1935> c<1931> s<1934> l<251:18> el<251:32>
                        n<> u<1931> t<Primary> p<1932> c<1930> l<251:18> el<251:32>
                          n<> u<1930> t<Primary_literal> p<1931> c<1929> l<251:18> el<251:32>
                            n<din_52_45_eq_0> u<1929> t<SIMPLE_IDENTIFIER> p<1930> l<251:18> el<251:32>
                      n<> u<1934> t<CLOSE_PARENS> p<1935> l<251:32> el<251:33>
                    n<> u<1943> t<Named_port_connection> p<1952> c<1936> s<1951> l<252:2> el<252:30>
                      n<lead0_8b_1> u<1936> t<SIMPLE_IDENTIFIER> p<1943> s<1941> l<252:3> el<252:13>
                      n<> u<1941> t<OPEN_PARENS> p<1943> s<1940> l<252:15> el<252:16>
                      n<> u<1940> t<Expression> p<1943> c<1939> s<1942> l<252:16> el<252:29>
                        n<> u<1939> t<Primary> p<1940> c<1938> l<252:16> el<252:29>
                          n<> u<1938> t<Primary_literal> p<1939> c<1937> l<252:16> el<252:29>
                            n<lead0_52_45_1> u<1937> t<SIMPLE_IDENTIFIER> p<1938> l<252:16> el<252:29>
                      n<> u<1942> t<CLOSE_PARENS> p<1943> l<252:29> el<252:30>
                    n<> u<1951> t<Named_port_connection> p<1952> c<1944> l<253:2> el<253:30>
                      n<lead0_8b_0> u<1944> t<SIMPLE_IDENTIFIER> p<1951> s<1949> l<253:3> el<253:13>
                      n<> u<1949> t<OPEN_PARENS> p<1951> s<1948> l<253:15> el<253:16>
                      n<> u<1948> t<Expression> p<1951> c<1947> s<1950> l<253:16> el<253:29>
                        n<> u<1947> t<Primary> p<1948> c<1946> l<253:16> el<253:29>
                          n<> u<1946> t<Primary_literal> p<1947> c<1945> l<253:16> el<253:29>
                            n<lead0_52_45_0> u<1945> t<SIMPLE_IDENTIFIER> p<1946> l<253:16> el<253:29>
                      n<> u<1950> t<CLOSE_PARENS> p<1951> l<253:29> el<253:30>
        n<> u<2038> t<Module_item> p<3273> c<2037> s<2119> l<256:1> el<267:3>
          n<> u<2037> t<Non_port_module_item> p<2038> c<2036> l<256:1> el<267:3>
            n<> u<2036> t<Module_or_generate_item> p<2037> c<2035> l<256:1> el<267:3>
              n<> u<2035> t<Unsupported_instantiation> p<2036> c<1958> l<256:1> el<267:3>
                n<fpu_cnt_lead0_lvl2> u<1958> t<SIMPLE_IDENTIFIER> p<2035> s<2034> l<256:1> el<256:19>
                n<> u<2034> t<Hierarchical_instance> p<2035> c<1960> l<256:20> el<267:2>
                  n<> u<1960> t<Name_of_instance> p<2034> c<1959> s<2033> l<256:20> el<256:46>
                    n<i_fpu_cnt_lead0_lvl2_44_37> u<1959> t<SIMPLE_IDENTIFIER> p<1960> l<256:20> el<256:46>
                  n<> u<2033> t<Port_connection_list> p<2034> c<1968> l<257:9> el<266:48>
                    n<> u<1968> t<Named_port_connection> p<2033> c<1961> s<1976> l<257:9> el<257:49>
                      n<din_7_4_eq_0> u<1961> t<SIMPLE_IDENTIFIER> p<1968> s<1966> l<257:10> el<257:22>
                      n<> u<1966> t<OPEN_PARENS> p<1968> s<1965> l<257:33> el<257:34>
                      n<> u<1965> t<Expression> p<1968> c<1964> s<1967> l<257:34> el<257:48>
                        n<> u<1964> t<Primary> p<1965> c<1963> l<257:34> el<257:48>
                          n<> u<1963> t<Primary_literal> p<1964> c<1962> l<257:34> el<257:48>
                            n<din_44_41_eq_0> u<1962> t<SIMPLE_IDENTIFIER> p<1963> l<257:34> el<257:48>
                      n<> u<1967> t<CLOSE_PARENS> p<1968> l<257:48> el<257:49>
                    n<> u<1976> t<Named_port_connection> p<2033> c<1969> s<1984> l<258:9> el<258:49>
                      n<din_7_6_eq_0> u<1969> t<SIMPLE_IDENTIFIER> p<1976> s<1974> l<258:10> el<258:22>
                      n<> u<1974> t<OPEN_PARENS> p<1976> s<1973> l<258:33> el<258:34>
                      n<> u<1973> t<Expression> p<1976> c<1972> s<1975> l<258:34> el<258:48>
                        n<> u<1972> t<Primary> p<1973> c<1971> l<258:34> el<258:48>
                          n<> u<1971> t<Primary_literal> p<1972> c<1970> l<258:34> el<258:48>
                            n<din_44_43_eq_0> u<1970> t<SIMPLE_IDENTIFIER> p<1971> l<258:34> el<258:48>
                      n<> u<1975> t<CLOSE_PARENS> p<1976> l<258:48> el<258:49>
                    n<> u<1984> t<Named_port_connection> p<2033> c<1977> s<1992> l<259:9> el<259:48>
                      n<lead0_4b_0_hi> u<1977> t<SIMPLE_IDENTIFIER> p<1984> s<1982> l<259:10> el<259:23>
                      n<> u<1982> t<OPEN_PARENS> p<1984> s<1981> l<259:33> el<259:34>
                      n<> u<1981> t<Expression> p<1984> c<1980> s<1983> l<259:34> el<259:47>
                        n<> u<1980> t<Primary> p<1981> c<1979> l<259:34> el<259:47>
                          n<> u<1979> t<Primary_literal> p<1980> c<1978> l<259:34> el<259:47>
                            n<lead0_44_41_0> u<1978> t<SIMPLE_IDENTIFIER> p<1979> l<259:34> el<259:47>
                      n<> u<1983> t<CLOSE_PARENS> p<1984> l<259:47> el<259:48>
                    n<> u<1992> t<Named_port_connection> p<2033> c<1985> s<2000> l<260:9> el<260:49>
                      n<din_3_0_eq_0> u<1985> t<SIMPLE_IDENTIFIER> p<1992> s<1990> l<260:10> el<260:22>
                      n<> u<1990> t<OPEN_PARENS> p<1992> s<1989> l<260:33> el<260:34>
                      n<> u<1989> t<Expression> p<1992> c<1988> s<1991> l<260:34> el<260:48>
                        n<> u<1988> t<Primary> p<1989> c<1987> l<260:34> el<260:48>
                          n<> u<1987> t<Primary_literal> p<1988> c<1986> l<260:34> el<260:48>
                            n<din_40_37_eq_0> u<1986> t<SIMPLE_IDENTIFIER> p<1987> l<260:34> el<260:48>
                      n<> u<1991> t<CLOSE_PARENS> p<1992> l<260:48> el<260:49>
                    n<> u<2000> t<Named_port_connection> p<2033> c<1993> s<2008> l<261:9> el<261:49>
                      n<din_3_2_eq_0> u<1993> t<SIMPLE_IDENTIFIER> p<2000> s<1998> l<261:10> el<261:22>
                      n<> u<1998> t<OPEN_PARENS> p<2000> s<1997> l<261:33> el<261:34>
                      n<> u<1997> t<Expression> p<2000> c<1996> s<1999> l<261:34> el<261:48>
                        n<> u<1996> t<Primary> p<1997> c<1995> l<261:34> el<261:48>
                          n<> u<1995> t<Primary_literal> p<1996> c<1994> l<261:34> el<261:48>
                            n<din_40_39_eq_0> u<1994> t<SIMPLE_IDENTIFIER> p<1995> l<261:34> el<261:48>
                      n<> u<1999> t<CLOSE_PARENS> p<2000> l<261:48> el<261:49>
                    n<> u<2008> t<Named_port_connection> p<2033> c<2001> s<2016> l<262:9> el<262:48>
                      n<lead0_4b_0_lo> u<2001> t<SIMPLE_IDENTIFIER> p<2008> s<2006> l<262:10> el<262:23>
                      n<> u<2006> t<OPEN_PARENS> p<2008> s<2005> l<262:33> el<262:34>
                      n<> u<2005> t<Expression> p<2008> c<2004> s<2007> l<262:34> el<262:47>
                        n<> u<2004> t<Primary> p<2005> c<2003> l<262:34> el<262:47>
                          n<> u<2003> t<Primary_literal> p<2004> c<2002> l<262:34> el<262:47>
                            n<lead0_40_37_0> u<2002> t<SIMPLE_IDENTIFIER> p<2003> l<262:34> el<262:47>
                      n<> u<2007> t<CLOSE_PARENS> p<2008> l<262:47> el<262:48>
                    n<> u<2016> t<Named_port_connection> p<2033> c<2009> s<2024> l<264:9> el<264:49>
                      n<din_7_0_eq_0> u<2009> t<SIMPLE_IDENTIFIER> p<2016> s<2014> l<264:10> el<264:22>
                      n<> u<2014> t<OPEN_PARENS> p<2016> s<2013> l<264:33> el<264:34>
                      n<> u<2013> t<Expression> p<2016> c<2012> s<2015> l<264:34> el<264:48>
                        n<> u<2012> t<Primary> p<2013> c<2011> l<264:34> el<264:48>
                          n<> u<2011> t<Primary_literal> p<2012> c<2010> l<264:34> el<264:48>
                            n<din_44_37_eq_0> u<2010> t<SIMPLE_IDENTIFIER> p<2011> l<264:34> el<264:48>
                      n<> u<2015> t<CLOSE_PARENS> p<2016> l<264:48> el<264:49>
                    n<> u<2024> t<Named_port_connection> p<2033> c<2017> s<2032> l<265:9> el<265:48>
                      n<lead0_8b_1> u<2017> t<SIMPLE_IDENTIFIER> p<2024> s<2022> l<265:10> el<265:20>
                      n<> u<2022> t<OPEN_PARENS> p<2024> s<2021> l<265:33> el<265:34>
                      n<> u<2021> t<Expression> p<2024> c<2020> s<2023> l<265:34> el<265:47>
                        n<> u<2020> t<Primary> p<2021> c<2019> l<265:34> el<265:47>
                          n<> u<2019> t<Primary_literal> p<2020> c<2018> l<265:34> el<265:47>
                            n<lead0_44_37_1> u<2018> t<SIMPLE_IDENTIFIER> p<2019> l<265:34> el<265:47>
                      n<> u<2023> t<CLOSE_PARENS> p<2024> l<265:47> el<265:48>
                    n<> u<2032> t<Named_port_connection> p<2033> c<2025> l<266:9> el<266:48>
                      n<lead0_8b_0> u<2025> t<SIMPLE_IDENTIFIER> p<2032> s<2030> l<266:10> el<266:20>
                      n<> u<2030> t<OPEN_PARENS> p<2032> s<2029> l<266:33> el<266:34>
                      n<> u<2029> t<Expression> p<2032> c<2028> s<2031> l<266:34> el<266:47>
                        n<> u<2028> t<Primary> p<2029> c<2027> l<266:34> el<266:47>
                          n<> u<2027> t<Primary_literal> p<2028> c<2026> l<266:34> el<266:47>
                            n<lead0_44_37_0> u<2026> t<SIMPLE_IDENTIFIER> p<2027> l<266:34> el<266:47>
                      n<> u<2031> t<CLOSE_PARENS> p<2032> l<266:47> el<266:48>
        n<> u<2119> t<Module_item> p<3273> c<2118> s<2200> l<269:1> el<280:3>
          n<> u<2118> t<Non_port_module_item> p<2119> c<2117> l<269:1> el<280:3>
            n<> u<2117> t<Module_or_generate_item> p<2118> c<2116> l<269:1> el<280:3>
              n<> u<2116> t<Unsupported_instantiation> p<2117> c<2039> l<269:1> el<280:3>
                n<fpu_cnt_lead0_lvl2> u<2039> t<SIMPLE_IDENTIFIER> p<2116> s<2115> l<269:1> el<269:19>
                n<> u<2115> t<Hierarchical_instance> p<2116> c<2041> l<269:20> el<280:2>
                  n<> u<2041> t<Name_of_instance> p<2115> c<2040> s<2114> l<269:20> el<269:46>
                    n<i_fpu_cnt_lead0_lvl2_36_29> u<2040> t<SIMPLE_IDENTIFIER> p<2041> l<269:20> el<269:46>
                  n<> u<2114> t<Port_connection_list> p<2115> c<2049> l<270:9> el<279:48>
                    n<> u<2049> t<Named_port_connection> p<2114> c<2042> s<2057> l<270:9> el<270:49>
                      n<din_7_4_eq_0> u<2042> t<SIMPLE_IDENTIFIER> p<2049> s<2047> l<270:10> el<270:22>
                      n<> u<2047> t<OPEN_PARENS> p<2049> s<2046> l<270:33> el<270:34>
                      n<> u<2046> t<Expression> p<2049> c<2045> s<2048> l<270:34> el<270:48>
                        n<> u<2045> t<Primary> p<2046> c<2044> l<270:34> el<270:48>
                          n<> u<2044> t<Primary_literal> p<2045> c<2043> l<270:34> el<270:48>
                            n<din_36_33_eq_0> u<2043> t<SIMPLE_IDENTIFIER> p<2044> l<270:34> el<270:48>
                      n<> u<2048> t<CLOSE_PARENS> p<2049> l<270:48> el<270:49>
                    n<> u<2057> t<Named_port_connection> p<2114> c<2050> s<2065> l<271:9> el<271:49>
                      n<din_7_6_eq_0> u<2050> t<SIMPLE_IDENTIFIER> p<2057> s<2055> l<271:10> el<271:22>
                      n<> u<2055> t<OPEN_PARENS> p<2057> s<2054> l<271:33> el<271:34>
                      n<> u<2054> t<Expression> p<2057> c<2053> s<2056> l<271:34> el<271:48>
                        n<> u<2053> t<Primary> p<2054> c<2052> l<271:34> el<271:48>
                          n<> u<2052> t<Primary_literal> p<2053> c<2051> l<271:34> el<271:48>
                            n<din_36_35_eq_0> u<2051> t<SIMPLE_IDENTIFIER> p<2052> l<271:34> el<271:48>
                      n<> u<2056> t<CLOSE_PARENS> p<2057> l<271:48> el<271:49>
                    n<> u<2065> t<Named_port_connection> p<2114> c<2058> s<2073> l<272:9> el<272:48>
                      n<lead0_4b_0_hi> u<2058> t<SIMPLE_IDENTIFIER> p<2065> s<2063> l<272:10> el<272:23>
                      n<> u<2063> t<OPEN_PARENS> p<2065> s<2062> l<272:33> el<272:34>
                      n<> u<2062> t<Expression> p<2065> c<2061> s<2064> l<272:34> el<272:47>
                        n<> u<2061> t<Primary> p<2062> c<2060> l<272:34> el<272:47>
                          n<> u<2060> t<Primary_literal> p<2061> c<2059> l<272:34> el<272:47>
                            n<lead0_36_33_0> u<2059> t<SIMPLE_IDENTIFIER> p<2060> l<272:34> el<272:47>
                      n<> u<2064> t<CLOSE_PARENS> p<2065> l<272:47> el<272:48>
                    n<> u<2073> t<Named_port_connection> p<2114> c<2066> s<2081> l<273:9> el<273:49>
                      n<din_3_0_eq_0> u<2066> t<SIMPLE_IDENTIFIER> p<2073> s<2071> l<273:10> el<273:22>
                      n<> u<2071> t<OPEN_PARENS> p<2073> s<2070> l<273:33> el<273:34>
                      n<> u<2070> t<Expression> p<2073> c<2069> s<2072> l<273:34> el<273:48>
                        n<> u<2069> t<Primary> p<2070> c<2068> l<273:34> el<273:48>
                          n<> u<2068> t<Primary_literal> p<2069> c<2067> l<273:34> el<273:48>
                            n<din_32_29_eq_0> u<2067> t<SIMPLE_IDENTIFIER> p<2068> l<273:34> el<273:48>
                      n<> u<2072> t<CLOSE_PARENS> p<2073> l<273:48> el<273:49>
                    n<> u<2081> t<Named_port_connection> p<2114> c<2074> s<2089> l<274:9> el<274:49>
                      n<din_3_2_eq_0> u<2074> t<SIMPLE_IDENTIFIER> p<2081> s<2079> l<274:10> el<274:22>
                      n<> u<2079> t<OPEN_PARENS> p<2081> s<2078> l<274:33> el<274:34>
                      n<> u<2078> t<Expression> p<2081> c<2077> s<2080> l<274:34> el<274:48>
                        n<> u<2077> t<Primary> p<2078> c<2076> l<274:34> el<274:48>
                          n<> u<2076> t<Primary_literal> p<2077> c<2075> l<274:34> el<274:48>
                            n<din_32_31_eq_0> u<2075> t<SIMPLE_IDENTIFIER> p<2076> l<274:34> el<274:48>
                      n<> u<2080> t<CLOSE_PARENS> p<2081> l<274:48> el<274:49>
                    n<> u<2089> t<Named_port_connection> p<2114> c<2082> s<2097> l<275:9> el<275:48>
                      n<lead0_4b_0_lo> u<2082> t<SIMPLE_IDENTIFIER> p<2089> s<2087> l<275:10> el<275:23>
                      n<> u<2087> t<OPEN_PARENS> p<2089> s<2086> l<275:33> el<275:34>
                      n<> u<2086> t<Expression> p<2089> c<2085> s<2088> l<275:34> el<275:47>
                        n<> u<2085> t<Primary> p<2086> c<2084> l<275:34> el<275:47>
                          n<> u<2084> t<Primary_literal> p<2085> c<2083> l<275:34> el<275:47>
                            n<lead0_32_29_0> u<2083> t<SIMPLE_IDENTIFIER> p<2084> l<275:34> el<275:47>
                      n<> u<2088> t<CLOSE_PARENS> p<2089> l<275:47> el<275:48>
                    n<> u<2097> t<Named_port_connection> p<2114> c<2090> s<2105> l<277:9> el<277:49>
                      n<din_7_0_eq_0> u<2090> t<SIMPLE_IDENTIFIER> p<2097> s<2095> l<277:10> el<277:22>
                      n<> u<2095> t<OPEN_PARENS> p<2097> s<2094> l<277:33> el<277:34>
                      n<> u<2094> t<Expression> p<2097> c<2093> s<2096> l<277:34> el<277:48>
                        n<> u<2093> t<Primary> p<2094> c<2092> l<277:34> el<277:48>
                          n<> u<2092> t<Primary_literal> p<2093> c<2091> l<277:34> el<277:48>
                            n<din_36_29_eq_0> u<2091> t<SIMPLE_IDENTIFIER> p<2092> l<277:34> el<277:48>
                      n<> u<2096> t<CLOSE_PARENS> p<2097> l<277:48> el<277:49>
                    n<> u<2105> t<Named_port_connection> p<2114> c<2098> s<2113> l<278:9> el<278:48>
                      n<lead0_8b_1> u<2098> t<SIMPLE_IDENTIFIER> p<2105> s<2103> l<278:10> el<278:20>
                      n<> u<2103> t<OPEN_PARENS> p<2105> s<2102> l<278:33> el<278:34>
                      n<> u<2102> t<Expression> p<2105> c<2101> s<2104> l<278:34> el<278:47>
                        n<> u<2101> t<Primary> p<2102> c<2100> l<278:34> el<278:47>
                          n<> u<2100> t<Primary_literal> p<2101> c<2099> l<278:34> el<278:47>
                            n<lead0_36_29_1> u<2099> t<SIMPLE_IDENTIFIER> p<2100> l<278:34> el<278:47>
                      n<> u<2104> t<CLOSE_PARENS> p<2105> l<278:47> el<278:48>
                    n<> u<2113> t<Named_port_connection> p<2114> c<2106> l<279:9> el<279:48>
                      n<lead0_8b_0> u<2106> t<SIMPLE_IDENTIFIER> p<2113> s<2111> l<279:10> el<279:20>
                      n<> u<2111> t<OPEN_PARENS> p<2113> s<2110> l<279:33> el<279:34>
                      n<> u<2110> t<Expression> p<2113> c<2109> s<2112> l<279:34> el<279:47>
                        n<> u<2109> t<Primary> p<2110> c<2108> l<279:34> el<279:47>
                          n<> u<2108> t<Primary_literal> p<2109> c<2107> l<279:34> el<279:47>
                            n<lead0_36_29_0> u<2107> t<SIMPLE_IDENTIFIER> p<2108> l<279:34> el<279:47>
                      n<> u<2112> t<CLOSE_PARENS> p<2113> l<279:47> el<279:48>
        n<> u<2200> t<Module_item> p<3273> c<2199> s<2281> l<282:1> el<293:3>
          n<> u<2199> t<Non_port_module_item> p<2200> c<2198> l<282:1> el<293:3>
            n<> u<2198> t<Module_or_generate_item> p<2199> c<2197> l<282:1> el<293:3>
              n<> u<2197> t<Unsupported_instantiation> p<2198> c<2120> l<282:1> el<293:3>
                n<fpu_cnt_lead0_lvl2> u<2120> t<SIMPLE_IDENTIFIER> p<2197> s<2196> l<282:1> el<282:19>
                n<> u<2196> t<Hierarchical_instance> p<2197> c<2122> l<282:20> el<293:2>
                  n<> u<2122> t<Name_of_instance> p<2196> c<2121> s<2195> l<282:20> el<282:46>
                    n<i_fpu_cnt_lead0_lvl2_28_21> u<2121> t<SIMPLE_IDENTIFIER> p<2122> l<282:20> el<282:46>
                  n<> u<2195> t<Port_connection_list> p<2196> c<2130> l<283:9> el<292:48>
                    n<> u<2130> t<Named_port_connection> p<2195> c<2123> s<2138> l<283:9> el<283:49>
                      n<din_7_4_eq_0> u<2123> t<SIMPLE_IDENTIFIER> p<2130> s<2128> l<283:10> el<283:22>
                      n<> u<2128> t<OPEN_PARENS> p<2130> s<2127> l<283:33> el<283:34>
                      n<> u<2127> t<Expression> p<2130> c<2126> s<2129> l<283:34> el<283:48>
                        n<> u<2126> t<Primary> p<2127> c<2125> l<283:34> el<283:48>
                          n<> u<2125> t<Primary_literal> p<2126> c<2124> l<283:34> el<283:48>
                            n<din_28_25_eq_0> u<2124> t<SIMPLE_IDENTIFIER> p<2125> l<283:34> el<283:48>
                      n<> u<2129> t<CLOSE_PARENS> p<2130> l<283:48> el<283:49>
                    n<> u<2138> t<Named_port_connection> p<2195> c<2131> s<2146> l<284:9> el<284:49>
                      n<din_7_6_eq_0> u<2131> t<SIMPLE_IDENTIFIER> p<2138> s<2136> l<284:10> el<284:22>
                      n<> u<2136> t<OPEN_PARENS> p<2138> s<2135> l<284:33> el<284:34>
                      n<> u<2135> t<Expression> p<2138> c<2134> s<2137> l<284:34> el<284:48>
                        n<> u<2134> t<Primary> p<2135> c<2133> l<284:34> el<284:48>
                          n<> u<2133> t<Primary_literal> p<2134> c<2132> l<284:34> el<284:48>
                            n<din_28_27_eq_0> u<2132> t<SIMPLE_IDENTIFIER> p<2133> l<284:34> el<284:48>
                      n<> u<2137> t<CLOSE_PARENS> p<2138> l<284:48> el<284:49>
                    n<> u<2146> t<Named_port_connection> p<2195> c<2139> s<2154> l<285:9> el<285:48>
                      n<lead0_4b_0_hi> u<2139> t<SIMPLE_IDENTIFIER> p<2146> s<2144> l<285:10> el<285:23>
                      n<> u<2144> t<OPEN_PARENS> p<2146> s<2143> l<285:33> el<285:34>
                      n<> u<2143> t<Expression> p<2146> c<2142> s<2145> l<285:34> el<285:47>
                        n<> u<2142> t<Primary> p<2143> c<2141> l<285:34> el<285:47>
                          n<> u<2141> t<Primary_literal> p<2142> c<2140> l<285:34> el<285:47>
                            n<lead0_28_25_0> u<2140> t<SIMPLE_IDENTIFIER> p<2141> l<285:34> el<285:47>
                      n<> u<2145> t<CLOSE_PARENS> p<2146> l<285:47> el<285:48>
                    n<> u<2154> t<Named_port_connection> p<2195> c<2147> s<2162> l<286:9> el<286:49>
                      n<din_3_0_eq_0> u<2147> t<SIMPLE_IDENTIFIER> p<2154> s<2152> l<286:10> el<286:22>
                      n<> u<2152> t<OPEN_PARENS> p<2154> s<2151> l<286:33> el<286:34>
                      n<> u<2151> t<Expression> p<2154> c<2150> s<2153> l<286:34> el<286:48>
                        n<> u<2150> t<Primary> p<2151> c<2149> l<286:34> el<286:48>
                          n<> u<2149> t<Primary_literal> p<2150> c<2148> l<286:34> el<286:48>
                            n<din_24_21_eq_0> u<2148> t<SIMPLE_IDENTIFIER> p<2149> l<286:34> el<286:48>
                      n<> u<2153> t<CLOSE_PARENS> p<2154> l<286:48> el<286:49>
                    n<> u<2162> t<Named_port_connection> p<2195> c<2155> s<2170> l<287:9> el<287:49>
                      n<din_3_2_eq_0> u<2155> t<SIMPLE_IDENTIFIER> p<2162> s<2160> l<287:10> el<287:22>
                      n<> u<2160> t<OPEN_PARENS> p<2162> s<2159> l<287:33> el<287:34>
                      n<> u<2159> t<Expression> p<2162> c<2158> s<2161> l<287:34> el<287:48>
                        n<> u<2158> t<Primary> p<2159> c<2157> l<287:34> el<287:48>
                          n<> u<2157> t<Primary_literal> p<2158> c<2156> l<287:34> el<287:48>
                            n<din_24_23_eq_0> u<2156> t<SIMPLE_IDENTIFIER> p<2157> l<287:34> el<287:48>
                      n<> u<2161> t<CLOSE_PARENS> p<2162> l<287:48> el<287:49>
                    n<> u<2170> t<Named_port_connection> p<2195> c<2163> s<2178> l<288:9> el<288:48>
                      n<lead0_4b_0_lo> u<2163> t<SIMPLE_IDENTIFIER> p<2170> s<2168> l<288:10> el<288:23>
                      n<> u<2168> t<OPEN_PARENS> p<2170> s<2167> l<288:33> el<288:34>
                      n<> u<2167> t<Expression> p<2170> c<2166> s<2169> l<288:34> el<288:47>
                        n<> u<2166> t<Primary> p<2167> c<2165> l<288:34> el<288:47>
                          n<> u<2165> t<Primary_literal> p<2166> c<2164> l<288:34> el<288:47>
                            n<lead0_24_21_0> u<2164> t<SIMPLE_IDENTIFIER> p<2165> l<288:34> el<288:47>
                      n<> u<2169> t<CLOSE_PARENS> p<2170> l<288:47> el<288:48>
                    n<> u<2178> t<Named_port_connection> p<2195> c<2171> s<2186> l<290:9> el<290:49>
                      n<din_7_0_eq_0> u<2171> t<SIMPLE_IDENTIFIER> p<2178> s<2176> l<290:10> el<290:22>
                      n<> u<2176> t<OPEN_PARENS> p<2178> s<2175> l<290:33> el<290:34>
                      n<> u<2175> t<Expression> p<2178> c<2174> s<2177> l<290:34> el<290:48>
                        n<> u<2174> t<Primary> p<2175> c<2173> l<290:34> el<290:48>
                          n<> u<2173> t<Primary_literal> p<2174> c<2172> l<290:34> el<290:48>
                            n<din_28_21_eq_0> u<2172> t<SIMPLE_IDENTIFIER> p<2173> l<290:34> el<290:48>
                      n<> u<2177> t<CLOSE_PARENS> p<2178> l<290:48> el<290:49>
                    n<> u<2186> t<Named_port_connection> p<2195> c<2179> s<2194> l<291:9> el<291:48>
                      n<lead0_8b_1> u<2179> t<SIMPLE_IDENTIFIER> p<2186> s<2184> l<291:10> el<291:20>
                      n<> u<2184> t<OPEN_PARENS> p<2186> s<2183> l<291:33> el<291:34>
                      n<> u<2183> t<Expression> p<2186> c<2182> s<2185> l<291:34> el<291:47>
                        n<> u<2182> t<Primary> p<2183> c<2181> l<291:34> el<291:47>
                          n<> u<2181> t<Primary_literal> p<2182> c<2180> l<291:34> el<291:47>
                            n<lead0_28_21_1> u<2180> t<SIMPLE_IDENTIFIER> p<2181> l<291:34> el<291:47>
                      n<> u<2185> t<CLOSE_PARENS> p<2186> l<291:47> el<291:48>
                    n<> u<2194> t<Named_port_connection> p<2195> c<2187> l<292:9> el<292:48>
                      n<lead0_8b_0> u<2187> t<SIMPLE_IDENTIFIER> p<2194> s<2192> l<292:10> el<292:20>
                      n<> u<2192> t<OPEN_PARENS> p<2194> s<2191> l<292:33> el<292:34>
                      n<> u<2191> t<Expression> p<2194> c<2190> s<2193> l<292:34> el<292:47>
                        n<> u<2190> t<Primary> p<2191> c<2189> l<292:34> el<292:47>
                          n<> u<2189> t<Primary_literal> p<2190> c<2188> l<292:34> el<292:47>
                            n<lead0_28_21_0> u<2188> t<SIMPLE_IDENTIFIER> p<2189> l<292:34> el<292:47>
                      n<> u<2193> t<CLOSE_PARENS> p<2194> l<292:47> el<292:48>
        n<> u<2281> t<Module_item> p<3273> c<2280> s<2362> l<295:1> el<306:3>
          n<> u<2280> t<Non_port_module_item> p<2281> c<2279> l<295:1> el<306:3>
            n<> u<2279> t<Module_or_generate_item> p<2280> c<2278> l<295:1> el<306:3>
              n<> u<2278> t<Unsupported_instantiation> p<2279> c<2201> l<295:1> el<306:3>
                n<fpu_cnt_lead0_lvl2> u<2201> t<SIMPLE_IDENTIFIER> p<2278> s<2277> l<295:1> el<295:19>
                n<> u<2277> t<Hierarchical_instance> p<2278> c<2203> l<295:20> el<306:2>
                  n<> u<2203> t<Name_of_instance> p<2277> c<2202> s<2276> l<295:20> el<295:46>
                    n<i_fpu_cnt_lead0_lvl2_20_13> u<2202> t<SIMPLE_IDENTIFIER> p<2203> l<295:20> el<295:46>
                  n<> u<2276> t<Port_connection_list> p<2277> c<2211> l<296:9> el<305:48>
                    n<> u<2211> t<Named_port_connection> p<2276> c<2204> s<2219> l<296:9> el<296:49>
                      n<din_7_4_eq_0> u<2204> t<SIMPLE_IDENTIFIER> p<2211> s<2209> l<296:10> el<296:22>
                      n<> u<2209> t<OPEN_PARENS> p<2211> s<2208> l<296:33> el<296:34>
                      n<> u<2208> t<Expression> p<2211> c<2207> s<2210> l<296:34> el<296:48>
                        n<> u<2207> t<Primary> p<2208> c<2206> l<296:34> el<296:48>
                          n<> u<2206> t<Primary_literal> p<2207> c<2205> l<296:34> el<296:48>
                            n<din_20_17_eq_0> u<2205> t<SIMPLE_IDENTIFIER> p<2206> l<296:34> el<296:48>
                      n<> u<2210> t<CLOSE_PARENS> p<2211> l<296:48> el<296:49>
                    n<> u<2219> t<Named_port_connection> p<2276> c<2212> s<2227> l<297:9> el<297:49>
                      n<din_7_6_eq_0> u<2212> t<SIMPLE_IDENTIFIER> p<2219> s<2217> l<297:10> el<297:22>
                      n<> u<2217> t<OPEN_PARENS> p<2219> s<2216> l<297:33> el<297:34>
                      n<> u<2216> t<Expression> p<2219> c<2215> s<2218> l<297:34> el<297:48>
                        n<> u<2215> t<Primary> p<2216> c<2214> l<297:34> el<297:48>
                          n<> u<2214> t<Primary_literal> p<2215> c<2213> l<297:34> el<297:48>
                            n<din_20_19_eq_0> u<2213> t<SIMPLE_IDENTIFIER> p<2214> l<297:34> el<297:48>
                      n<> u<2218> t<CLOSE_PARENS> p<2219> l<297:48> el<297:49>
                    n<> u<2227> t<Named_port_connection> p<2276> c<2220> s<2235> l<298:9> el<298:48>
                      n<lead0_4b_0_hi> u<2220> t<SIMPLE_IDENTIFIER> p<2227> s<2225> l<298:10> el<298:23>
                      n<> u<2225> t<OPEN_PARENS> p<2227> s<2224> l<298:33> el<298:34>
                      n<> u<2224> t<Expression> p<2227> c<2223> s<2226> l<298:34> el<298:47>
                        n<> u<2223> t<Primary> p<2224> c<2222> l<298:34> el<298:47>
                          n<> u<2222> t<Primary_literal> p<2223> c<2221> l<298:34> el<298:47>
                            n<lead0_20_17_0> u<2221> t<SIMPLE_IDENTIFIER> p<2222> l<298:34> el<298:47>
                      n<> u<2226> t<CLOSE_PARENS> p<2227> l<298:47> el<298:48>
                    n<> u<2235> t<Named_port_connection> p<2276> c<2228> s<2243> l<299:9> el<299:49>
                      n<din_3_0_eq_0> u<2228> t<SIMPLE_IDENTIFIER> p<2235> s<2233> l<299:10> el<299:22>
                      n<> u<2233> t<OPEN_PARENS> p<2235> s<2232> l<299:33> el<299:34>
                      n<> u<2232> t<Expression> p<2235> c<2231> s<2234> l<299:34> el<299:48>
                        n<> u<2231> t<Primary> p<2232> c<2230> l<299:34> el<299:48>
                          n<> u<2230> t<Primary_literal> p<2231> c<2229> l<299:34> el<299:48>
                            n<din_16_13_eq_0> u<2229> t<SIMPLE_IDENTIFIER> p<2230> l<299:34> el<299:48>
                      n<> u<2234> t<CLOSE_PARENS> p<2235> l<299:48> el<299:49>
                    n<> u<2243> t<Named_port_connection> p<2276> c<2236> s<2251> l<300:9> el<300:49>
                      n<din_3_2_eq_0> u<2236> t<SIMPLE_IDENTIFIER> p<2243> s<2241> l<300:10> el<300:22>
                      n<> u<2241> t<OPEN_PARENS> p<2243> s<2240> l<300:33> el<300:34>
                      n<> u<2240> t<Expression> p<2243> c<2239> s<2242> l<300:34> el<300:48>
                        n<> u<2239> t<Primary> p<2240> c<2238> l<300:34> el<300:48>
                          n<> u<2238> t<Primary_literal> p<2239> c<2237> l<300:34> el<300:48>
                            n<din_16_15_eq_0> u<2237> t<SIMPLE_IDENTIFIER> p<2238> l<300:34> el<300:48>
                      n<> u<2242> t<CLOSE_PARENS> p<2243> l<300:48> el<300:49>
                    n<> u<2251> t<Named_port_connection> p<2276> c<2244> s<2259> l<301:9> el<301:48>
                      n<lead0_4b_0_lo> u<2244> t<SIMPLE_IDENTIFIER> p<2251> s<2249> l<301:10> el<301:23>
                      n<> u<2249> t<OPEN_PARENS> p<2251> s<2248> l<301:33> el<301:34>
                      n<> u<2248> t<Expression> p<2251> c<2247> s<2250> l<301:34> el<301:47>
                        n<> u<2247> t<Primary> p<2248> c<2246> l<301:34> el<301:47>
                          n<> u<2246> t<Primary_literal> p<2247> c<2245> l<301:34> el<301:47>
                            n<lead0_16_13_0> u<2245> t<SIMPLE_IDENTIFIER> p<2246> l<301:34> el<301:47>
                      n<> u<2250> t<CLOSE_PARENS> p<2251> l<301:47> el<301:48>
                    n<> u<2259> t<Named_port_connection> p<2276> c<2252> s<2267> l<303:9> el<303:49>
                      n<din_7_0_eq_0> u<2252> t<SIMPLE_IDENTIFIER> p<2259> s<2257> l<303:10> el<303:22>
                      n<> u<2257> t<OPEN_PARENS> p<2259> s<2256> l<303:33> el<303:34>
                      n<> u<2256> t<Expression> p<2259> c<2255> s<2258> l<303:34> el<303:48>
                        n<> u<2255> t<Primary> p<2256> c<2254> l<303:34> el<303:48>
                          n<> u<2254> t<Primary_literal> p<2255> c<2253> l<303:34> el<303:48>
                            n<din_20_13_eq_0> u<2253> t<SIMPLE_IDENTIFIER> p<2254> l<303:34> el<303:48>
                      n<> u<2258> t<CLOSE_PARENS> p<2259> l<303:48> el<303:49>
                    n<> u<2267> t<Named_port_connection> p<2276> c<2260> s<2275> l<304:9> el<304:48>
                      n<lead0_8b_1> u<2260> t<SIMPLE_IDENTIFIER> p<2267> s<2265> l<304:10> el<304:20>
                      n<> u<2265> t<OPEN_PARENS> p<2267> s<2264> l<304:33> el<304:34>
                      n<> u<2264> t<Expression> p<2267> c<2263> s<2266> l<304:34> el<304:47>
                        n<> u<2263> t<Primary> p<2264> c<2262> l<304:34> el<304:47>
                          n<> u<2262> t<Primary_literal> p<2263> c<2261> l<304:34> el<304:47>
                            n<lead0_20_13_1> u<2261> t<SIMPLE_IDENTIFIER> p<2262> l<304:34> el<304:47>
                      n<> u<2266> t<CLOSE_PARENS> p<2267> l<304:47> el<304:48>
                    n<> u<2275> t<Named_port_connection> p<2276> c<2268> l<305:9> el<305:48>
                      n<lead0_8b_0> u<2268> t<SIMPLE_IDENTIFIER> p<2275> s<2273> l<305:10> el<305:20>
                      n<> u<2273> t<OPEN_PARENS> p<2275> s<2272> l<305:33> el<305:34>
                      n<> u<2272> t<Expression> p<2275> c<2271> s<2274> l<305:34> el<305:47>
                        n<> u<2271> t<Primary> p<2272> c<2270> l<305:34> el<305:47>
                          n<> u<2270> t<Primary_literal> p<2271> c<2269> l<305:34> el<305:47>
                            n<lead0_20_13_0> u<2269> t<SIMPLE_IDENTIFIER> p<2270> l<305:34> el<305:47>
                      n<> u<2274> t<CLOSE_PARENS> p<2275> l<305:47> el<305:48>
        n<> u<2362> t<Module_item> p<3273> c<2361> s<2387> l<308:1> el<319:3>
          n<> u<2361> t<Non_port_module_item> p<2362> c<2360> l<308:1> el<319:3>
            n<> u<2360> t<Module_or_generate_item> p<2361> c<2359> l<308:1> el<319:3>
              n<> u<2359> t<Unsupported_instantiation> p<2360> c<2282> l<308:1> el<319:3>
                n<fpu_cnt_lead0_lvl2> u<2282> t<SIMPLE_IDENTIFIER> p<2359> s<2358> l<308:1> el<308:19>
                n<> u<2358> t<Hierarchical_instance> p<2359> c<2284> l<308:20> el<319:2>
                  n<> u<2284> t<Name_of_instance> p<2358> c<2283> s<2357> l<308:20> el<308:45>
                    n<i_fpu_cnt_lead0_lvl2_12_5> u<2283> t<SIMPLE_IDENTIFIER> p<2284> l<308:20> el<308:45>
                  n<> u<2357> t<Port_connection_list> p<2358> c<2292> l<309:9> el<318:47>
                    n<> u<2292> t<Named_port_connection> p<2357> c<2285> s<2300> l<309:9> el<309:48>
                      n<din_7_4_eq_0> u<2285> t<SIMPLE_IDENTIFIER> p<2292> s<2290> l<309:10> el<309:22>
                      n<> u<2290> t<OPEN_PARENS> p<2292> s<2289> l<309:33> el<309:34>
                      n<> u<2289> t<Expression> p<2292> c<2288> s<2291> l<309:34> el<309:47>
                        n<> u<2288> t<Primary> p<2289> c<2287> l<309:34> el<309:47>
                          n<> u<2287> t<Primary_literal> p<2288> c<2286> l<309:34> el<309:47>
                            n<din_12_9_eq_0> u<2286> t<SIMPLE_IDENTIFIER> p<2287> l<309:34> el<309:47>
                      n<> u<2291> t<CLOSE_PARENS> p<2292> l<309:47> el<309:48>
                    n<> u<2300> t<Named_port_connection> p<2357> c<2293> s<2308> l<310:9> el<310:49>
                      n<din_7_6_eq_0> u<2293> t<SIMPLE_IDENTIFIER> p<2300> s<2298> l<310:10> el<310:22>
                      n<> u<2298> t<OPEN_PARENS> p<2300> s<2297> l<310:33> el<310:34>
                      n<> u<2297> t<Expression> p<2300> c<2296> s<2299> l<310:34> el<310:48>
                        n<> u<2296> t<Primary> p<2297> c<2295> l<310:34> el<310:48>
                          n<> u<2295> t<Primary_literal> p<2296> c<2294> l<310:34> el<310:48>
                            n<din_12_11_eq_0> u<2294> t<SIMPLE_IDENTIFIER> p<2295> l<310:34> el<310:48>
                      n<> u<2299> t<CLOSE_PARENS> p<2300> l<310:48> el<310:49>
                    n<> u<2308> t<Named_port_connection> p<2357> c<2301> s<2316> l<311:9> el<311:47>
                      n<lead0_4b_0_hi> u<2301> t<SIMPLE_IDENTIFIER> p<2308> s<2306> l<311:10> el<311:23>
                      n<> u<2306> t<OPEN_PARENS> p<2308> s<2305> l<311:33> el<311:34>
                      n<> u<2305> t<Expression> p<2308> c<2304> s<2307> l<311:34> el<311:46>
                        n<> u<2304> t<Primary> p<2305> c<2303> l<311:34> el<311:46>
                          n<> u<2303> t<Primary_literal> p<2304> c<2302> l<311:34> el<311:46>
                            n<lead0_12_9_0> u<2302> t<SIMPLE_IDENTIFIER> p<2303> l<311:34> el<311:46>
                      n<> u<2307> t<CLOSE_PARENS> p<2308> l<311:46> el<311:47>
                    n<> u<2316> t<Named_port_connection> p<2357> c<2309> s<2324> l<312:9> el<312:47>
                      n<din_3_0_eq_0> u<2309> t<SIMPLE_IDENTIFIER> p<2316> s<2314> l<312:10> el<312:22>
                      n<> u<2314> t<OPEN_PARENS> p<2316> s<2313> l<312:33> el<312:34>
                      n<> u<2313> t<Expression> p<2316> c<2312> s<2315> l<312:34> el<312:46>
                        n<> u<2312> t<Primary> p<2313> c<2311> l<312:34> el<312:46>
                          n<> u<2311> t<Primary_literal> p<2312> c<2310> l<312:34> el<312:46>
                            n<din_8_5_eq_0> u<2310> t<SIMPLE_IDENTIFIER> p<2311> l<312:34> el<312:46>
                      n<> u<2315> t<CLOSE_PARENS> p<2316> l<312:46> el<312:47>
                    n<> u<2324> t<Named_port_connection> p<2357> c<2317> s<2332> l<313:9> el<313:47>
                      n<din_3_2_eq_0> u<2317> t<SIMPLE_IDENTIFIER> p<2324> s<2322> l<313:10> el<313:22>
                      n<> u<2322> t<OPEN_PARENS> p<2324> s<2321> l<313:33> el<313:34>
                      n<> u<2321> t<Expression> p<2324> c<2320> s<2323> l<313:34> el<313:46>
                        n<> u<2320> t<Primary> p<2321> c<2319> l<313:34> el<313:46>
                          n<> u<2319> t<Primary_literal> p<2320> c<2318> l<313:34> el<313:46>
                            n<din_8_7_eq_0> u<2318> t<SIMPLE_IDENTIFIER> p<2319> l<313:34> el<313:46>
                      n<> u<2323> t<CLOSE_PARENS> p<2324> l<313:46> el<313:47>
                    n<> u<2332> t<Named_port_connection> p<2357> c<2325> s<2340> l<314:9> el<314:46>
                      n<lead0_4b_0_lo> u<2325> t<SIMPLE_IDENTIFIER> p<2332> s<2330> l<314:10> el<314:23>
                      n<> u<2330> t<OPEN_PARENS> p<2332> s<2329> l<314:33> el<314:34>
                      n<> u<2329> t<Expression> p<2332> c<2328> s<2331> l<314:34> el<314:45>
                        n<> u<2328> t<Primary> p<2329> c<2327> l<314:34> el<314:45>
                          n<> u<2327> t<Primary_literal> p<2328> c<2326> l<314:34> el<314:45>
                            n<lead0_8_5_0> u<2326> t<SIMPLE_IDENTIFIER> p<2327> l<314:34> el<314:45>
                      n<> u<2331> t<CLOSE_PARENS> p<2332> l<314:45> el<314:46>
                    n<> u<2340> t<Named_port_connection> p<2357> c<2333> s<2348> l<316:9> el<316:48>
                      n<din_7_0_eq_0> u<2333> t<SIMPLE_IDENTIFIER> p<2340> s<2338> l<316:10> el<316:22>
                      n<> u<2338> t<OPEN_PARENS> p<2340> s<2337> l<316:33> el<316:34>
                      n<> u<2337> t<Expression> p<2340> c<2336> s<2339> l<316:34> el<316:47>
                        n<> u<2336> t<Primary> p<2337> c<2335> l<316:34> el<316:47>
                          n<> u<2335> t<Primary_literal> p<2336> c<2334> l<316:34> el<316:47>
                            n<din_12_5_eq_0> u<2334> t<SIMPLE_IDENTIFIER> p<2335> l<316:34> el<316:47>
                      n<> u<2339> t<CLOSE_PARENS> p<2340> l<316:47> el<316:48>
                    n<> u<2348> t<Named_port_connection> p<2357> c<2341> s<2356> l<317:9> el<317:47>
                      n<lead0_8b_1> u<2341> t<SIMPLE_IDENTIFIER> p<2348> s<2346> l<317:10> el<317:20>
                      n<> u<2346> t<OPEN_PARENS> p<2348> s<2345> l<317:33> el<317:34>
                      n<> u<2345> t<Expression> p<2348> c<2344> s<2347> l<317:34> el<317:46>
                        n<> u<2344> t<Primary> p<2345> c<2343> l<317:34> el<317:46>
                          n<> u<2343> t<Primary_literal> p<2344> c<2342> l<317:34> el<317:46>
                            n<lead0_12_5_1> u<2342> t<SIMPLE_IDENTIFIER> p<2343> l<317:34> el<317:46>
                      n<> u<2347> t<CLOSE_PARENS> p<2348> l<317:46> el<317:47>
                    n<> u<2356> t<Named_port_connection> p<2357> c<2349> l<318:9> el<318:47>
                      n<lead0_8b_0> u<2349> t<SIMPLE_IDENTIFIER> p<2356> s<2354> l<318:10> el<318:20>
                      n<> u<2354> t<OPEN_PARENS> p<2356> s<2353> l<318:33> el<318:34>
                      n<> u<2353> t<Expression> p<2356> c<2352> s<2355> l<318:34> el<318:46>
                        n<> u<2352> t<Primary> p<2353> c<2351> l<318:34> el<318:46>
                          n<> u<2351> t<Primary_literal> p<2352> c<2350> l<318:34> el<318:46>
                            n<lead0_12_5_0> u<2350> t<SIMPLE_IDENTIFIER> p<2351> l<318:34> el<318:46>
                      n<> u<2355> t<CLOSE_PARENS> p<2356> l<318:46> el<318:47>
        n<> u<2387> t<Module_item> p<3273> c<2386> s<2426> l<321:1> el<321:53>
          n<> u<2386> t<Non_port_module_item> p<2387> c<2385> l<321:1> el<321:53>
            n<> u<2385> t<Module_or_generate_item> p<2386> c<2384> l<321:1> el<321:53>
              n<> u<2384> t<Module_common_item> p<2385> c<2383> l<321:1> el<321:53>
                n<> u<2383> t<Continuous_assign> p<2384> c<2382> l<321:1> el<321:53>
                  n<> u<2382> t<Net_assignment_list> p<2383> c<2381> l<321:8> el<321:52>
                    n<> u<2381> t<Net_assignment> p<2382> c<2367> l<321:8> el<321:52>
                      n<> u<2367> t<Net_lvalue> p<2381> c<2364> s<2380> l<321:8> el<321:19>
                        n<> u<2364> t<Ps_or_hierarchical_identifier> p<2367> c<2363> s<2366> l<321:8> el<321:19>
                          n<lead0_4_0_1> u<2363> t<SIMPLE_IDENTIFIER> p<2364> l<321:8> el<321:19>
                        n<> u<2366> t<Constant_select> p<2367> c<2365> l<321:19> el<321:19>
                          n<> u<2365> t<Constant_bit_select> p<2366> l<321:19> el<321:19>
                      n<> u<2380> t<Expression> p<2381> c<2374> l<321:21> el<321:52>
                        n<> u<2374> t<Expression> p<2380> c<2373> s<2379> l<321:21> el<321:36>
                          n<> u<2373> t<Expression> p<2374> c<2372> l<321:22> el<321:35>
                            n<> u<2372> t<BANG> p<2373> s<2371> l<321:22> el<321:23>
                            n<> u<2371> t<Expression> p<2373> c<2370> l<321:23> el<321:35>
                              n<> u<2370> t<Primary> p<2371> c<2369> l<321:23> el<321:35>
                                n<> u<2369> t<Primary_literal> p<2370> c<2368> l<321:23> el<321:35>
                                  n<din_4_1_eq_0> u<2368> t<SIMPLE_IDENTIFIER> p<2369> l<321:23> el<321:35>
                        n<> u<2379> t<LOGICAL_AND> p<2380> s<2378> l<321:37> el<321:39>
                        n<> u<2378> t<Expression> p<2380> c<2377> l<321:40> el<321:52>
                          n<> u<2377> t<Primary> p<2378> c<2376> l<321:40> el<321:52>
                            n<> u<2376> t<Primary_literal> p<2377> c<2375> l<321:40> el<321:52>
                              n<din_4_3_eq_0> u<2375> t<SIMPLE_IDENTIFIER> p<2376> l<321:40> el<321:52>
        n<> u<2426> t<Module_item> p<3273> c<2425> s<2531> l<323:1> el<324:34>
          n<> u<2425> t<Non_port_module_item> p<2426> c<2424> l<323:1> el<324:34>
            n<> u<2424> t<Module_or_generate_item> p<2425> c<2423> l<323:1> el<324:34>
              n<> u<2423> t<Module_common_item> p<2424> c<2422> l<323:1> el<324:34>
                n<> u<2422> t<Continuous_assign> p<2423> c<2421> l<323:1> el<324:34>
                  n<> u<2421> t<Net_assignment_list> p<2422> c<2420> l<323:8> el<324:33>
                    n<> u<2420> t<Net_assignment> p<2421> c<2392> l<323:8> el<324:33>
                      n<> u<2392> t<Net_lvalue> p<2420> c<2389> s<2419> l<323:8> el<323:19>
                        n<> u<2389> t<Ps_or_hierarchical_identifier> p<2392> c<2388> s<2391> l<323:8> el<323:19>
                          n<lead0_4_0_0> u<2388> t<SIMPLE_IDENTIFIER> p<2389> l<323:8> el<323:19>
                        n<> u<2391> t<Constant_select> p<2392> c<2390> l<323:19> el<323:19>
                          n<> u<2390> t<Constant_bit_select> p<2391> l<323:19> el<323:19>
                      n<> u<2419> t<Expression> p<2420> c<2406> l<323:21> el<324:33>
                        n<> u<2406> t<Expression> p<2419> c<2405> s<2418> l<323:21> el<323:53>
                          n<> u<2405> t<Expression> p<2406> c<2399> l<323:22> el<323:52>
                            n<> u<2399> t<Expression> p<2405> c<2398> s<2404> l<323:22> el<323:37>
                              n<> u<2398> t<Expression> p<2399> c<2397> l<323:23> el<323:36>
                                n<> u<2397> t<BANG> p<2398> s<2396> l<323:23> el<323:24>
                                n<> u<2396> t<Expression> p<2398> c<2395> l<323:24> el<323:36>
                                  n<> u<2395> t<Primary> p<2396> c<2394> l<323:24> el<323:36>
                                    n<> u<2394> t<Primary_literal> p<2395> c<2393> l<323:24> el<323:36>
                                      n<din_4_1_eq_0> u<2393> t<SIMPLE_IDENTIFIER> p<2394> l<323:24> el<323:36>
                            n<> u<2404> t<LOGICAL_AND> p<2405> s<2403> l<323:38> el<323:40>
                            n<> u<2403> t<Expression> p<2405> c<2402> l<323:41> el<323:52>
                              n<> u<2402> t<Primary> p<2403> c<2401> l<323:41> el<323:52>
                                n<> u<2401> t<Primary_literal> p<2402> c<2400> l<323:41> el<323:52>
                                  n<lead0_4_1_0> u<2400> t<SIMPLE_IDENTIFIER> p<2401> l<323:41> el<323:52>
                        n<> u<2418> t<LOGICAL_OR> p<2419> s<2417> l<324:3> el<324:5>
                        n<> u<2417> t<Expression> p<2419> c<2416> l<324:6> el<324:33>
                          n<> u<2416> t<Expression> p<2417> c<2410> l<324:7> el<324:32>
                            n<> u<2410> t<Expression> p<2416> c<2409> s<2415> l<324:7> el<324:19>
                              n<> u<2409> t<Primary> p<2410> c<2408> l<324:7> el<324:19>
                                n<> u<2408> t<Primary_literal> p<2409> c<2407> l<324:7> el<324:19>
                                  n<din_4_1_eq_0> u<2407> t<SIMPLE_IDENTIFIER> p<2408> l<324:7> el<324:19>
                            n<> u<2415> t<LOGICAL_AND> p<2416> s<2414> l<324:20> el<324:22>
                            n<> u<2414> t<Expression> p<2416> c<2413> l<324:23> el<324:32>
                              n<> u<2413> t<Primary> p<2414> c<2412> l<324:23> el<324:32>
                                n<> u<2412> t<Primary_literal> p<2413> c<2411> l<324:23> el<324:32>
                                  n<lead0_0_0> u<2411> t<SIMPLE_IDENTIFIER> p<2412> l<324:23> el<324:32>
        n<> u<2531> t<Module_item> p<3273> c<2530> s<2636> l<327:1> el<341:3>
          n<> u<2530> t<Non_port_module_item> p<2531> c<2529> l<327:1> el<341:3>
            n<> u<2529> t<Module_or_generate_item> p<2530> c<2528> l<327:1> el<341:3>
              n<> u<2528> t<Unsupported_instantiation> p<2529> c<2427> l<327:1> el<341:3>
                n<fpu_cnt_lead0_lvl3> u<2427> t<SIMPLE_IDENTIFIER> p<2528> s<2527> l<327:1> el<327:19>
                n<> u<2527> t<Hierarchical_instance> p<2528> c<2429> l<327:20> el<341:2>
                  n<> u<2429> t<Name_of_instance> p<2527> c<2428> s<2526> l<327:20> el<327:46>
                    n<i_fpu_cnt_lead0_lvl3_52_37> u<2428> t<SIMPLE_IDENTIFIER> p<2429> l<327:20> el<327:46>
                  n<> u<2526> t<Port_connection_list> p<2527> c<2437> l<328:2> el<340:31>
                    n<> u<2437> t<Named_port_connection> p<2526> c<2430> s<2445> l<328:2> el<328:34>
                      n<din_15_8_eq_0> u<2430> t<SIMPLE_IDENTIFIER> p<2437> s<2435> l<328:3> el<328:16>
                      n<> u<2435> t<OPEN_PARENS> p<2437> s<2434> l<328:18> el<328:19>
                      n<> u<2434> t<Expression> p<2437> c<2433> s<2436> l<328:19> el<328:33>
                        n<> u<2433> t<Primary> p<2434> c<2432> l<328:19> el<328:33>
                          n<> u<2432> t<Primary_literal> p<2433> c<2431> l<328:19> el<328:33>
                            n<din_52_45_eq_0> u<2431> t<SIMPLE_IDENTIFIER> p<2432> l<328:19> el<328:33>
                      n<> u<2436> t<CLOSE_PARENS> p<2437> l<328:33> el<328:34>
                    n<> u<2445> t<Named_port_connection> p<2526> c<2438> s<2453> l<329:2> el<329:35>
                      n<din_15_12_eq_0> u<2438> t<SIMPLE_IDENTIFIER> p<2445> s<2443> l<329:3> el<329:17>
                      n<> u<2443> t<OPEN_PARENS> p<2445> s<2442> l<329:19> el<329:20>
                      n<> u<2442> t<Expression> p<2445> c<2441> s<2444> l<329:20> el<329:34>
                        n<> u<2441> t<Primary> p<2442> c<2440> l<329:20> el<329:34>
                          n<> u<2440> t<Primary_literal> p<2441> c<2439> l<329:20> el<329:34>
                            n<din_52_49_eq_0> u<2439> t<SIMPLE_IDENTIFIER> p<2440> l<329:20> el<329:34>
                      n<> u<2444> t<CLOSE_PARENS> p<2445> l<329:34> el<329:35>
                    n<> u<2453> t<Named_port_connection> p<2526> c<2446> s<2461> l<330:2> el<330:33>
                      n<lead0_8b_1_hi> u<2446> t<SIMPLE_IDENTIFIER> p<2453> s<2451> l<330:3> el<330:16>
                      n<> u<2451> t<OPEN_PARENS> p<2453> s<2450> l<330:18> el<330:19>
                      n<> u<2450> t<Expression> p<2453> c<2449> s<2452> l<330:19> el<330:32>
                        n<> u<2449> t<Primary> p<2450> c<2448> l<330:19> el<330:32>
                          n<> u<2448> t<Primary_literal> p<2449> c<2447> l<330:19> el<330:32>
                            n<lead0_52_45_1> u<2447> t<SIMPLE_IDENTIFIER> p<2448> l<330:19> el<330:32>
                      n<> u<2452> t<CLOSE_PARENS> p<2453> l<330:32> el<330:33>
                    n<> u<2461> t<Named_port_connection> p<2526> c<2454> s<2469> l<331:2> el<331:33>
                      n<lead0_8b_0_hi> u<2454> t<SIMPLE_IDENTIFIER> p<2461> s<2459> l<331:3> el<331:16>
                      n<> u<2459> t<OPEN_PARENS> p<2461> s<2458> l<331:18> el<331:19>
                      n<> u<2458> t<Expression> p<2461> c<2457> s<2460> l<331:19> el<331:32>
                        n<> u<2457> t<Primary> p<2458> c<2456> l<331:19> el<331:32>
                          n<> u<2456> t<Primary_literal> p<2457> c<2455> l<331:19> el<331:32>
                            n<lead0_52_45_0> u<2455> t<SIMPLE_IDENTIFIER> p<2456> l<331:19> el<331:32>
                      n<> u<2460> t<CLOSE_PARENS> p<2461> l<331:32> el<331:33>
                    n<> u<2469> t<Named_port_connection> p<2526> c<2462> s<2477> l<332:2> el<332:33>
                      n<din_7_0_eq_0> u<2462> t<SIMPLE_IDENTIFIER> p<2469> s<2467> l<332:3> el<332:15>
                      n<> u<2467> t<OPEN_PARENS> p<2469> s<2466> l<332:17> el<332:18>
                      n<> u<2466> t<Expression> p<2469> c<2465> s<2468> l<332:18> el<332:32>
                        n<> u<2465> t<Primary> p<2466> c<2464> l<332:18> el<332:32>
                          n<> u<2464> t<Primary_literal> p<2465> c<2463> l<332:18> el<332:32>
                            n<din_44_37_eq_0> u<2463> t<SIMPLE_IDENTIFIER> p<2464> l<332:18> el<332:32>
                      n<> u<2468> t<CLOSE_PARENS> p<2469> l<332:32> el<332:33>
                    n<> u<2477> t<Named_port_connection> p<2526> c<2470> s<2485> l<333:2> el<333:33>
                      n<din_7_4_eq_0> u<2470> t<SIMPLE_IDENTIFIER> p<2477> s<2475> l<333:3> el<333:15>
                      n<> u<2475> t<OPEN_PARENS> p<2477> s<2474> l<333:17> el<333:18>
                      n<> u<2474> t<Expression> p<2477> c<2473> s<2476> l<333:18> el<333:32>
                        n<> u<2473> t<Primary> p<2474> c<2472> l<333:18> el<333:32>
                          n<> u<2472> t<Primary_literal> p<2473> c<2471> l<333:18> el<333:32>
                            n<din_44_41_eq_0> u<2471> t<SIMPLE_IDENTIFIER> p<2472> l<333:18> el<333:32>
                      n<> u<2476> t<CLOSE_PARENS> p<2477> l<333:32> el<333:33>
                    n<> u<2485> t<Named_port_connection> p<2526> c<2478> s<2493> l<334:2> el<334:33>
                      n<lead0_8b_1_lo> u<2478> t<SIMPLE_IDENTIFIER> p<2485> s<2483> l<334:3> el<334:16>
                      n<> u<2483> t<OPEN_PARENS> p<2485> s<2482> l<334:18> el<334:19>
                      n<> u<2482> t<Expression> p<2485> c<2481> s<2484> l<334:19> el<334:32>
                        n<> u<2481> t<Primary> p<2482> c<2480> l<334:19> el<334:32>
                          n<> u<2480> t<Primary_literal> p<2481> c<2479> l<334:19> el<334:32>
                            n<lead0_44_37_1> u<2479> t<SIMPLE_IDENTIFIER> p<2480> l<334:19> el<334:32>
                      n<> u<2484> t<CLOSE_PARENS> p<2485> l<334:32> el<334:33>
                    n<> u<2493> t<Named_port_connection> p<2526> c<2486> s<2501> l<335:2> el<335:33>
                      n<lead0_8b_0_lo> u<2486> t<SIMPLE_IDENTIFIER> p<2493> s<2491> l<335:3> el<335:16>
                      n<> u<2491> t<OPEN_PARENS> p<2493> s<2490> l<335:18> el<335:19>
                      n<> u<2490> t<Expression> p<2493> c<2489> s<2492> l<335:19> el<335:32>
                        n<> u<2489> t<Primary> p<2490> c<2488> l<335:19> el<335:32>
                          n<> u<2488> t<Primary_literal> p<2489> c<2487> l<335:19> el<335:32>
                            n<lead0_44_37_0> u<2487> t<SIMPLE_IDENTIFIER> p<2488> l<335:19> el<335:32>
                      n<> u<2492> t<CLOSE_PARENS> p<2493> l<335:32> el<335:33>
                    n<> u<2501> t<Named_port_connection> p<2526> c<2494> s<2509> l<337:2> el<337:34>
                      n<din_15_0_eq_0> u<2494> t<SIMPLE_IDENTIFIER> p<2501> s<2499> l<337:3> el<337:16>
                      n<> u<2499> t<OPEN_PARENS> p<2501> s<2498> l<337:18> el<337:19>
                      n<> u<2498> t<Expression> p<2501> c<2497> s<2500> l<337:19> el<337:33>
                        n<> u<2497> t<Primary> p<2498> c<2496> l<337:19> el<337:33>
                          n<> u<2496> t<Primary_literal> p<2497> c<2495> l<337:19> el<337:33>
                            n<din_52_37_eq_0> u<2495> t<SIMPLE_IDENTIFIER> p<2496> l<337:19> el<337:33>
                      n<> u<2500> t<CLOSE_PARENS> p<2501> l<337:33> el<337:34>
                    n<> u<2509> t<Named_port_connection> p<2526> c<2502> s<2517> l<338:2> el<338:31>
                      n<lead0_16b_2> u<2502> t<SIMPLE_IDENTIFIER> p<2509> s<2507> l<338:3> el<338:14>
                      n<> u<2507> t<OPEN_PARENS> p<2509> s<2506> l<338:16> el<338:17>
                      n<> u<2506> t<Expression> p<2509> c<2505> s<2508> l<338:17> el<338:30>
                        n<> u<2505> t<Primary> p<2506> c<2504> l<338:17> el<338:30>
                          n<> u<2504> t<Primary_literal> p<2505> c<2503> l<338:17> el<338:30>
                            n<lead0_52_37_2> u<2503> t<SIMPLE_IDENTIFIER> p<2504> l<338:17> el<338:30>
                      n<> u<2508> t<CLOSE_PARENS> p<2509> l<338:30> el<338:31>
                    n<> u<2517> t<Named_port_connection> p<2526> c<2510> s<2525> l<339:2> el<339:31>
                      n<lead0_16b_1> u<2510> t<SIMPLE_IDENTIFIER> p<2517> s<2515> l<339:3> el<339:14>
                      n<> u<2515> t<OPEN_PARENS> p<2517> s<2514> l<339:16> el<339:17>
                      n<> u<2514> t<Expression> p<2517> c<2513> s<2516> l<339:17> el<339:30>
                        n<> u<2513> t<Primary> p<2514> c<2512> l<339:17> el<339:30>
                          n<> u<2512> t<Primary_literal> p<2513> c<2511> l<339:17> el<339:30>
                            n<lead0_52_37_1> u<2511> t<SIMPLE_IDENTIFIER> p<2512> l<339:17> el<339:30>
                      n<> u<2516> t<CLOSE_PARENS> p<2517> l<339:30> el<339:31>
                    n<> u<2525> t<Named_port_connection> p<2526> c<2518> l<340:2> el<340:31>
                      n<lead0_16b_0> u<2518> t<SIMPLE_IDENTIFIER> p<2525> s<2523> l<340:3> el<340:14>
                      n<> u<2523> t<OPEN_PARENS> p<2525> s<2522> l<340:16> el<340:17>
                      n<> u<2522> t<Expression> p<2525> c<2521> s<2524> l<340:17> el<340:30>
                        n<> u<2521> t<Primary> p<2522> c<2520> l<340:17> el<340:30>
                          n<> u<2520> t<Primary_literal> p<2521> c<2519> l<340:17> el<340:30>
                            n<lead0_52_37_0> u<2519> t<SIMPLE_IDENTIFIER> p<2520> l<340:17> el<340:30>
                      n<> u<2524> t<CLOSE_PARENS> p<2525> l<340:30> el<340:31>
        n<> u<2636> t<Module_item> p<3273> c<2635> s<2741> l<343:1> el<357:3>
          n<> u<2635> t<Non_port_module_item> p<2636> c<2634> l<343:1> el<357:3>
            n<> u<2634> t<Module_or_generate_item> p<2635> c<2633> l<343:1> el<357:3>
              n<> u<2633> t<Unsupported_instantiation> p<2634> c<2532> l<343:1> el<357:3>
                n<fpu_cnt_lead0_lvl3> u<2532> t<SIMPLE_IDENTIFIER> p<2633> s<2632> l<343:1> el<343:19>
                n<> u<2632> t<Hierarchical_instance> p<2633> c<2534> l<343:20> el<357:2>
                  n<> u<2534> t<Name_of_instance> p<2632> c<2533> s<2631> l<343:20> el<343:46>
                    n<i_fpu_cnt_lead0_lvl3_36_21> u<2533> t<SIMPLE_IDENTIFIER> p<2534> l<343:20> el<343:46>
                  n<> u<2631> t<Port_connection_list> p<2632> c<2542> l<344:9> el<356:48>
                    n<> u<2542> t<Named_port_connection> p<2631> c<2535> s<2550> l<344:9> el<344:49>
                      n<din_15_8_eq_0> u<2535> t<SIMPLE_IDENTIFIER> p<2542> s<2540> l<344:10> el<344:23>
                      n<> u<2540> t<OPEN_PARENS> p<2542> s<2539> l<344:33> el<344:34>
                      n<> u<2539> t<Expression> p<2542> c<2538> s<2541> l<344:34> el<344:48>
                        n<> u<2538> t<Primary> p<2539> c<2537> l<344:34> el<344:48>
                          n<> u<2537> t<Primary_literal> p<2538> c<2536> l<344:34> el<344:48>
                            n<din_36_29_eq_0> u<2536> t<SIMPLE_IDENTIFIER> p<2537> l<344:34> el<344:48>
                      n<> u<2541> t<CLOSE_PARENS> p<2542> l<344:48> el<344:49>
                    n<> u<2550> t<Named_port_connection> p<2631> c<2543> s<2558> l<345:9> el<345:49>
                      n<din_15_12_eq_0> u<2543> t<SIMPLE_IDENTIFIER> p<2550> s<2548> l<345:10> el<345:24>
                      n<> u<2548> t<OPEN_PARENS> p<2550> s<2547> l<345:33> el<345:34>
                      n<> u<2547> t<Expression> p<2550> c<2546> s<2549> l<345:34> el<345:48>
                        n<> u<2546> t<Primary> p<2547> c<2545> l<345:34> el<345:48>
                          n<> u<2545> t<Primary_literal> p<2546> c<2544> l<345:34> el<345:48>
                            n<din_36_33_eq_0> u<2544> t<SIMPLE_IDENTIFIER> p<2545> l<345:34> el<345:48>
                      n<> u<2549> t<CLOSE_PARENS> p<2550> l<345:48> el<345:49>
                    n<> u<2558> t<Named_port_connection> p<2631> c<2551> s<2566> l<346:9> el<346:48>
                      n<lead0_8b_1_hi> u<2551> t<SIMPLE_IDENTIFIER> p<2558> s<2556> l<346:10> el<346:23>
                      n<> u<2556> t<OPEN_PARENS> p<2558> s<2555> l<346:33> el<346:34>
                      n<> u<2555> t<Expression> p<2558> c<2554> s<2557> l<346:34> el<346:47>
                        n<> u<2554> t<Primary> p<2555> c<2553> l<346:34> el<346:47>
                          n<> u<2553> t<Primary_literal> p<2554> c<2552> l<346:34> el<346:47>
                            n<lead0_36_29_1> u<2552> t<SIMPLE_IDENTIFIER> p<2553> l<346:34> el<346:47>
                      n<> u<2557> t<CLOSE_PARENS> p<2558> l<346:47> el<346:48>
                    n<> u<2566> t<Named_port_connection> p<2631> c<2559> s<2574> l<347:9> el<347:48>
                      n<lead0_8b_0_hi> u<2559> t<SIMPLE_IDENTIFIER> p<2566> s<2564> l<347:10> el<347:23>
                      n<> u<2564> t<OPEN_PARENS> p<2566> s<2563> l<347:33> el<347:34>
                      n<> u<2563> t<Expression> p<2566> c<2562> s<2565> l<347:34> el<347:47>
                        n<> u<2562> t<Primary> p<2563> c<2561> l<347:34> el<347:47>
                          n<> u<2561> t<Primary_literal> p<2562> c<2560> l<347:34> el<347:47>
                            n<lead0_36_29_0> u<2560> t<SIMPLE_IDENTIFIER> p<2561> l<347:34> el<347:47>
                      n<> u<2565> t<CLOSE_PARENS> p<2566> l<347:47> el<347:48>
                    n<> u<2574> t<Named_port_connection> p<2631> c<2567> s<2582> l<348:9> el<348:49>
                      n<din_7_0_eq_0> u<2567> t<SIMPLE_IDENTIFIER> p<2574> s<2572> l<348:10> el<348:22>
                      n<> u<2572> t<OPEN_PARENS> p<2574> s<2571> l<348:33> el<348:34>
                      n<> u<2571> t<Expression> p<2574> c<2570> s<2573> l<348:34> el<348:48>
                        n<> u<2570> t<Primary> p<2571> c<2569> l<348:34> el<348:48>
                          n<> u<2569> t<Primary_literal> p<2570> c<2568> l<348:34> el<348:48>
                            n<din_28_21_eq_0> u<2568> t<SIMPLE_IDENTIFIER> p<2569> l<348:34> el<348:48>
                      n<> u<2573> t<CLOSE_PARENS> p<2574> l<348:48> el<348:49>
                    n<> u<2582> t<Named_port_connection> p<2631> c<2575> s<2590> l<349:9> el<349:49>
                      n<din_7_4_eq_0> u<2575> t<SIMPLE_IDENTIFIER> p<2582> s<2580> l<349:10> el<349:22>
                      n<> u<2580> t<OPEN_PARENS> p<2582> s<2579> l<349:33> el<349:34>
                      n<> u<2579> t<Expression> p<2582> c<2578> s<2581> l<349:34> el<349:48>
                        n<> u<2578> t<Primary> p<2579> c<2577> l<349:34> el<349:48>
                          n<> u<2577> t<Primary_literal> p<2578> c<2576> l<349:34> el<349:48>
                            n<din_28_25_eq_0> u<2576> t<SIMPLE_IDENTIFIER> p<2577> l<349:34> el<349:48>
                      n<> u<2581> t<CLOSE_PARENS> p<2582> l<349:48> el<349:49>
                    n<> u<2590> t<Named_port_connection> p<2631> c<2583> s<2598> l<350:9> el<350:48>
                      n<lead0_8b_1_lo> u<2583> t<SIMPLE_IDENTIFIER> p<2590> s<2588> l<350:10> el<350:23>
                      n<> u<2588> t<OPEN_PARENS> p<2590> s<2587> l<350:33> el<350:34>
                      n<> u<2587> t<Expression> p<2590> c<2586> s<2589> l<350:34> el<350:47>
                        n<> u<2586> t<Primary> p<2587> c<2585> l<350:34> el<350:47>
                          n<> u<2585> t<Primary_literal> p<2586> c<2584> l<350:34> el<350:47>
                            n<lead0_28_21_1> u<2584> t<SIMPLE_IDENTIFIER> p<2585> l<350:34> el<350:47>
                      n<> u<2589> t<CLOSE_PARENS> p<2590> l<350:47> el<350:48>
                    n<> u<2598> t<Named_port_connection> p<2631> c<2591> s<2606> l<351:9> el<351:48>
                      n<lead0_8b_0_lo> u<2591> t<SIMPLE_IDENTIFIER> p<2598> s<2596> l<351:10> el<351:23>
                      n<> u<2596> t<OPEN_PARENS> p<2598> s<2595> l<351:33> el<351:34>
                      n<> u<2595> t<Expression> p<2598> c<2594> s<2597> l<351:34> el<351:47>
                        n<> u<2594> t<Primary> p<2595> c<2593> l<351:34> el<351:47>
                          n<> u<2593> t<Primary_literal> p<2594> c<2592> l<351:34> el<351:47>
                            n<lead0_28_21_0> u<2592> t<SIMPLE_IDENTIFIER> p<2593> l<351:34> el<351:47>
                      n<> u<2597> t<CLOSE_PARENS> p<2598> l<351:47> el<351:48>
                    n<> u<2606> t<Named_port_connection> p<2631> c<2599> s<2614> l<353:9> el<353:49>
                      n<din_15_0_eq_0> u<2599> t<SIMPLE_IDENTIFIER> p<2606> s<2604> l<353:10> el<353:23>
                      n<> u<2604> t<OPEN_PARENS> p<2606> s<2603> l<353:33> el<353:34>
                      n<> u<2603> t<Expression> p<2606> c<2602> s<2605> l<353:34> el<353:48>
                        n<> u<2602> t<Primary> p<2603> c<2601> l<353:34> el<353:48>
                          n<> u<2601> t<Primary_literal> p<2602> c<2600> l<353:34> el<353:48>
                            n<din_36_21_eq_0> u<2600> t<SIMPLE_IDENTIFIER> p<2601> l<353:34> el<353:48>
                      n<> u<2605> t<CLOSE_PARENS> p<2606> l<353:48> el<353:49>
                    n<> u<2614> t<Named_port_connection> p<2631> c<2607> s<2622> l<354:9> el<354:48>
                      n<lead0_16b_2> u<2607> t<SIMPLE_IDENTIFIER> p<2614> s<2612> l<354:10> el<354:21>
                      n<> u<2612> t<OPEN_PARENS> p<2614> s<2611> l<354:33> el<354:34>
                      n<> u<2611> t<Expression> p<2614> c<2610> s<2613> l<354:34> el<354:47>
                        n<> u<2610> t<Primary> p<2611> c<2609> l<354:34> el<354:47>
                          n<> u<2609> t<Primary_literal> p<2610> c<2608> l<354:34> el<354:47>
                            n<lead0_36_21_2> u<2608> t<SIMPLE_IDENTIFIER> p<2609> l<354:34> el<354:47>
                      n<> u<2613> t<CLOSE_PARENS> p<2614> l<354:47> el<354:48>
                    n<> u<2622> t<Named_port_connection> p<2631> c<2615> s<2630> l<355:9> el<355:48>
                      n<lead0_16b_1> u<2615> t<SIMPLE_IDENTIFIER> p<2622> s<2620> l<355:10> el<355:21>
                      n<> u<2620> t<OPEN_PARENS> p<2622> s<2619> l<355:33> el<355:34>
                      n<> u<2619> t<Expression> p<2622> c<2618> s<2621> l<355:34> el<355:47>
                        n<> u<2618> t<Primary> p<2619> c<2617> l<355:34> el<355:47>
                          n<> u<2617> t<Primary_literal> p<2618> c<2616> l<355:34> el<355:47>
                            n<lead0_36_21_1> u<2616> t<SIMPLE_IDENTIFIER> p<2617> l<355:34> el<355:47>
                      n<> u<2621> t<CLOSE_PARENS> p<2622> l<355:47> el<355:48>
                    n<> u<2630> t<Named_port_connection> p<2631> c<2623> l<356:9> el<356:48>
                      n<lead0_16b_0> u<2623> t<SIMPLE_IDENTIFIER> p<2630> s<2628> l<356:10> el<356:21>
                      n<> u<2628> t<OPEN_PARENS> p<2630> s<2627> l<356:33> el<356:34>
                      n<> u<2627> t<Expression> p<2630> c<2626> s<2629> l<356:34> el<356:47>
                        n<> u<2626> t<Primary> p<2627> c<2625> l<356:34> el<356:47>
                          n<> u<2625> t<Primary_literal> p<2626> c<2624> l<356:34> el<356:47>
                            n<lead0_36_21_0> u<2624> t<SIMPLE_IDENTIFIER> p<2625> l<356:34> el<356:47>
                      n<> u<2629> t<CLOSE_PARENS> p<2630> l<356:47> el<356:48>
        n<> u<2741> t<Module_item> p<3273> c<2740> s<2757> l<359:1> el<373:3>
          n<> u<2740> t<Non_port_module_item> p<2741> c<2739> l<359:1> el<373:3>
            n<> u<2739> t<Module_or_generate_item> p<2740> c<2738> l<359:1> el<373:3>
              n<> u<2738> t<Unsupported_instantiation> p<2739> c<2637> l<359:1> el<373:3>
                n<fpu_cnt_lead0_lvl3> u<2637> t<SIMPLE_IDENTIFIER> p<2738> s<2737> l<359:1> el<359:19>
                n<> u<2737> t<Hierarchical_instance> p<2738> c<2639> l<359:20> el<373:2>
                  n<> u<2639> t<Name_of_instance> p<2737> c<2638> s<2736> l<359:20> el<359:45>
                    n<i_fpu_cnt_lead0_lvl3_20_5> u<2638> t<SIMPLE_IDENTIFIER> p<2639> l<359:20> el<359:45>
                  n<> u<2736> t<Port_connection_list> p<2737> c<2647> l<360:9> el<372:47>
                    n<> u<2647> t<Named_port_connection> p<2736> c<2640> s<2655> l<360:9> el<360:49>
                      n<din_15_8_eq_0> u<2640> t<SIMPLE_IDENTIFIER> p<2647> s<2645> l<360:10> el<360:23>
                      n<> u<2645> t<OPEN_PARENS> p<2647> s<2644> l<360:33> el<360:34>
                      n<> u<2644> t<Expression> p<2647> c<2643> s<2646> l<360:34> el<360:48>
                        n<> u<2643> t<Primary> p<2644> c<2642> l<360:34> el<360:48>
                          n<> u<2642> t<Primary_literal> p<2643> c<2641> l<360:34> el<360:48>
                            n<din_20_13_eq_0> u<2641> t<SIMPLE_IDENTIFIER> p<2642> l<360:34> el<360:48>
                      n<> u<2646> t<CLOSE_PARENS> p<2647> l<360:48> el<360:49>
                    n<> u<2655> t<Named_port_connection> p<2736> c<2648> s<2663> l<361:9> el<361:49>
                      n<din_15_12_eq_0> u<2648> t<SIMPLE_IDENTIFIER> p<2655> s<2653> l<361:10> el<361:24>
                      n<> u<2653> t<OPEN_PARENS> p<2655> s<2652> l<361:33> el<361:34>
                      n<> u<2652> t<Expression> p<2655> c<2651> s<2654> l<361:34> el<361:48>
                        n<> u<2651> t<Primary> p<2652> c<2650> l<361:34> el<361:48>
                          n<> u<2650> t<Primary_literal> p<2651> c<2649> l<361:34> el<361:48>
                            n<din_20_17_eq_0> u<2649> t<SIMPLE_IDENTIFIER> p<2650> l<361:34> el<361:48>
                      n<> u<2654> t<CLOSE_PARENS> p<2655> l<361:48> el<361:49>
                    n<> u<2663> t<Named_port_connection> p<2736> c<2656> s<2671> l<362:9> el<362:48>
                      n<lead0_8b_1_hi> u<2656> t<SIMPLE_IDENTIFIER> p<2663> s<2661> l<362:10> el<362:23>
                      n<> u<2661> t<OPEN_PARENS> p<2663> s<2660> l<362:33> el<362:34>
                      n<> u<2660> t<Expression> p<2663> c<2659> s<2662> l<362:34> el<362:47>
                        n<> u<2659> t<Primary> p<2660> c<2658> l<362:34> el<362:47>
                          n<> u<2658> t<Primary_literal> p<2659> c<2657> l<362:34> el<362:47>
                            n<lead0_20_13_1> u<2657> t<SIMPLE_IDENTIFIER> p<2658> l<362:34> el<362:47>
                      n<> u<2662> t<CLOSE_PARENS> p<2663> l<362:47> el<362:48>
                    n<> u<2671> t<Named_port_connection> p<2736> c<2664> s<2679> l<363:9> el<363:48>
                      n<lead0_8b_0_hi> u<2664> t<SIMPLE_IDENTIFIER> p<2671> s<2669> l<363:10> el<363:23>
                      n<> u<2669> t<OPEN_PARENS> p<2671> s<2668> l<363:33> el<363:34>
                      n<> u<2668> t<Expression> p<2671> c<2667> s<2670> l<363:34> el<363:47>
                        n<> u<2667> t<Primary> p<2668> c<2666> l<363:34> el<363:47>
                          n<> u<2666> t<Primary_literal> p<2667> c<2665> l<363:34> el<363:47>
                            n<lead0_20_13_0> u<2665> t<SIMPLE_IDENTIFIER> p<2666> l<363:34> el<363:47>
                      n<> u<2670> t<CLOSE_PARENS> p<2671> l<363:47> el<363:48>
                    n<> u<2679> t<Named_port_connection> p<2736> c<2672> s<2687> l<364:9> el<364:48>
                      n<din_7_0_eq_0> u<2672> t<SIMPLE_IDENTIFIER> p<2679> s<2677> l<364:10> el<364:22>
                      n<> u<2677> t<OPEN_PARENS> p<2679> s<2676> l<364:33> el<364:34>
                      n<> u<2676> t<Expression> p<2679> c<2675> s<2678> l<364:34> el<364:47>
                        n<> u<2675> t<Primary> p<2676> c<2674> l<364:34> el<364:47>
                          n<> u<2674> t<Primary_literal> p<2675> c<2673> l<364:34> el<364:47>
                            n<din_12_5_eq_0> u<2673> t<SIMPLE_IDENTIFIER> p<2674> l<364:34> el<364:47>
                      n<> u<2678> t<CLOSE_PARENS> p<2679> l<364:47> el<364:48>
                    n<> u<2687> t<Named_port_connection> p<2736> c<2680> s<2695> l<365:9> el<365:48>
                      n<din_7_4_eq_0> u<2680> t<SIMPLE_IDENTIFIER> p<2687> s<2685> l<365:10> el<365:22>
                      n<> u<2685> t<OPEN_PARENS> p<2687> s<2684> l<365:33> el<365:34>
                      n<> u<2684> t<Expression> p<2687> c<2683> s<2686> l<365:34> el<365:47>
                        n<> u<2683> t<Primary> p<2684> c<2682> l<365:34> el<365:47>
                          n<> u<2682> t<Primary_literal> p<2683> c<2681> l<365:34> el<365:47>
                            n<din_12_9_eq_0> u<2681> t<SIMPLE_IDENTIFIER> p<2682> l<365:34> el<365:47>
                      n<> u<2686> t<CLOSE_PARENS> p<2687> l<365:47> el<365:48>
                    n<> u<2695> t<Named_port_connection> p<2736> c<2688> s<2703> l<366:9> el<366:47>
                      n<lead0_8b_1_lo> u<2688> t<SIMPLE_IDENTIFIER> p<2695> s<2693> l<366:10> el<366:23>
                      n<> u<2693> t<OPEN_PARENS> p<2695> s<2692> l<366:33> el<366:34>
                      n<> u<2692> t<Expression> p<2695> c<2691> s<2694> l<366:34> el<366:46>
                        n<> u<2691> t<Primary> p<2692> c<2690> l<366:34> el<366:46>
                          n<> u<2690> t<Primary_literal> p<2691> c<2689> l<366:34> el<366:46>
                            n<lead0_12_5_1> u<2689> t<SIMPLE_IDENTIFIER> p<2690> l<366:34> el<366:46>
                      n<> u<2694> t<CLOSE_PARENS> p<2695> l<366:46> el<366:47>
                    n<> u<2703> t<Named_port_connection> p<2736> c<2696> s<2711> l<367:9> el<367:47>
                      n<lead0_8b_0_lo> u<2696> t<SIMPLE_IDENTIFIER> p<2703> s<2701> l<367:10> el<367:23>
                      n<> u<2701> t<OPEN_PARENS> p<2703> s<2700> l<367:33> el<367:34>
                      n<> u<2700> t<Expression> p<2703> c<2699> s<2702> l<367:34> el<367:46>
                        n<> u<2699> t<Primary> p<2700> c<2698> l<367:34> el<367:46>
                          n<> u<2698> t<Primary_literal> p<2699> c<2697> l<367:34> el<367:46>
                            n<lead0_12_5_0> u<2697> t<SIMPLE_IDENTIFIER> p<2698> l<367:34> el<367:46>
                      n<> u<2702> t<CLOSE_PARENS> p<2703> l<367:46> el<367:47>
                    n<> u<2711> t<Named_port_connection> p<2736> c<2704> s<2719> l<369:9> el<369:48>
                      n<din_15_0_eq_0> u<2704> t<SIMPLE_IDENTIFIER> p<2711> s<2709> l<369:10> el<369:23>
                      n<> u<2709> t<OPEN_PARENS> p<2711> s<2708> l<369:33> el<369:34>
                      n<> u<2708> t<Expression> p<2711> c<2707> s<2710> l<369:34> el<369:47>
                        n<> u<2707> t<Primary> p<2708> c<2706> l<369:34> el<369:47>
                          n<> u<2706> t<Primary_literal> p<2707> c<2705> l<369:34> el<369:47>
                            n<din_20_5_eq_0> u<2705> t<SIMPLE_IDENTIFIER> p<2706> l<369:34> el<369:47>
                      n<> u<2710> t<CLOSE_PARENS> p<2711> l<369:47> el<369:48>
                    n<> u<2719> t<Named_port_connection> p<2736> c<2712> s<2727> l<370:9> el<370:47>
                      n<lead0_16b_2> u<2712> t<SIMPLE_IDENTIFIER> p<2719> s<2717> l<370:10> el<370:21>
                      n<> u<2717> t<OPEN_PARENS> p<2719> s<2716> l<370:33> el<370:34>
                      n<> u<2716> t<Expression> p<2719> c<2715> s<2718> l<370:34> el<370:46>
                        n<> u<2715> t<Primary> p<2716> c<2714> l<370:34> el<370:46>
                          n<> u<2714> t<Primary_literal> p<2715> c<2713> l<370:34> el<370:46>
                            n<lead0_20_5_2> u<2713> t<SIMPLE_IDENTIFIER> p<2714> l<370:34> el<370:46>
                      n<> u<2718> t<CLOSE_PARENS> p<2719> l<370:46> el<370:47>
                    n<> u<2727> t<Named_port_connection> p<2736> c<2720> s<2735> l<371:9> el<371:47>
                      n<lead0_16b_1> u<2720> t<SIMPLE_IDENTIFIER> p<2727> s<2725> l<371:10> el<371:21>
                      n<> u<2725> t<OPEN_PARENS> p<2727> s<2724> l<371:33> el<371:34>
                      n<> u<2724> t<Expression> p<2727> c<2723> s<2726> l<371:34> el<371:46>
                        n<> u<2723> t<Primary> p<2724> c<2722> l<371:34> el<371:46>
                          n<> u<2722> t<Primary_literal> p<2723> c<2721> l<371:34> el<371:46>
                            n<lead0_20_5_1> u<2721> t<SIMPLE_IDENTIFIER> p<2722> l<371:34> el<371:46>
                      n<> u<2726> t<CLOSE_PARENS> p<2727> l<371:46> el<371:47>
                    n<> u<2735> t<Named_port_connection> p<2736> c<2728> l<372:9> el<372:47>
                      n<lead0_16b_0> u<2728> t<SIMPLE_IDENTIFIER> p<2735> s<2733> l<372:10> el<372:21>
                      n<> u<2733> t<OPEN_PARENS> p<2735> s<2732> l<372:33> el<372:34>
                      n<> u<2732> t<Expression> p<2735> c<2731> s<2734> l<372:34> el<372:46>
                        n<> u<2731> t<Primary> p<2732> c<2730> l<372:34> el<372:46>
                          n<> u<2730> t<Primary_literal> p<2731> c<2729> l<372:34> el<372:46>
                            n<lead0_20_5_0> u<2729> t<SIMPLE_IDENTIFIER> p<2730> l<372:34> el<372:46>
                      n<> u<2734> t<CLOSE_PARENS> p<2735> l<372:46> el<372:47>
        n<> u<2757> t<Module_item> p<3273> c<2756> s<2886> l<375:1> el<375:34>
          n<> u<2756> t<Non_port_module_item> p<2757> c<2755> l<375:1> el<375:34>
            n<> u<2755> t<Module_or_generate_item> p<2756> c<2754> l<375:1> el<375:34>
              n<> u<2754> t<Module_common_item> p<2755> c<2753> l<375:1> el<375:34>
                n<> u<2753> t<Continuous_assign> p<2754> c<2752> l<375:1> el<375:34>
                  n<> u<2752> t<Net_assignment_list> p<2753> c<2751> l<375:8> el<375:33>
                    n<> u<2751> t<Net_assignment> p<2752> c<2746> l<375:8> el<375:33>
                      n<> u<2746> t<Net_lvalue> p<2751> c<2743> s<2750> l<375:8> el<375:19>
                        n<> u<2743> t<Ps_or_hierarchical_identifier> p<2746> c<2742> s<2745> l<375:8> el<375:19>
                          n<lead0_4_0_2> u<2742> t<SIMPLE_IDENTIFIER> p<2743> l<375:8> el<375:19>
                        n<> u<2745> t<Constant_select> p<2746> c<2744> l<375:19> el<375:19>
                          n<> u<2744> t<Constant_bit_select> p<2745> l<375:19> el<375:19>
                      n<> u<2750> t<Expression> p<2751> c<2749> l<375:21> el<375:33>
                        n<> u<2749> t<Primary> p<2750> c<2748> l<375:21> el<375:33>
                          n<> u<2748> t<Primary_literal> p<2749> c<2747> l<375:21> el<375:33>
                            n<din_4_1_eq_0> u<2747> t<SIMPLE_IDENTIFIER> p<2748> l<375:21> el<375:33>
        n<> u<2886> t<Module_item> p<3273> c<2885> s<3011> l<378:1> el<395:3>
          n<> u<2885> t<Non_port_module_item> p<2886> c<2884> l<378:1> el<395:3>
            n<> u<2884> t<Module_or_generate_item> p<2885> c<2883> l<378:1> el<395:3>
              n<> u<2883> t<Unsupported_instantiation> p<2884> c<2758> l<378:1> el<395:3>
                n<fpu_cnt_lead0_lvl4> u<2758> t<SIMPLE_IDENTIFIER> p<2883> s<2882> l<378:1> el<378:19>
                n<> u<2882> t<Hierarchical_instance> p<2883> c<2760> l<378:20> el<395:2>
                  n<> u<2760> t<Name_of_instance> p<2882> c<2759> s<2881> l<378:20> el<378:46>
                    n<i_fpu_cnt_lead0_lvl4_52_21> u<2759> t<SIMPLE_IDENTIFIER> p<2760> l<378:20> el<378:46>
                  n<> u<2881> t<Port_connection_list> p<2882> c<2768> l<379:2> el<394:31>
                    n<> u<2768> t<Named_port_connection> p<2881> c<2761> s<2776> l<379:2> el<379:35>
                      n<din_31_16_eq_0> u<2761> t<SIMPLE_IDENTIFIER> p<2768> s<2766> l<379:3> el<379:17>
                      n<> u<2766> t<OPEN_PARENS> p<2768> s<2765> l<379:19> el<379:20>
                      n<> u<2765> t<Expression> p<2768> c<2764> s<2767> l<379:20> el<379:34>
                        n<> u<2764> t<Primary> p<2765> c<2763> l<379:20> el<379:34>
                          n<> u<2763> t<Primary_literal> p<2764> c<2762> l<379:20> el<379:34>
                            n<din_52_37_eq_0> u<2762> t<SIMPLE_IDENTIFIER> p<2763> l<379:20> el<379:34>
                      n<> u<2767> t<CLOSE_PARENS> p<2768> l<379:34> el<379:35>
                    n<> u<2776> t<Named_port_connection> p<2881> c<2769> s<2784> l<380:2> el<380:35>
                      n<din_31_24_eq_0> u<2769> t<SIMPLE_IDENTIFIER> p<2776> s<2774> l<380:3> el<380:17>
                      n<> u<2774> t<OPEN_PARENS> p<2776> s<2773> l<380:19> el<380:20>
                      n<> u<2773> t<Expression> p<2776> c<2772> s<2775> l<380:20> el<380:34>
                        n<> u<2772> t<Primary> p<2773> c<2771> l<380:20> el<380:34>
                          n<> u<2771> t<Primary_literal> p<2772> c<2770> l<380:20> el<380:34>
                            n<din_52_45_eq_0> u<2770> t<SIMPLE_IDENTIFIER> p<2771> l<380:20> el<380:34>
                      n<> u<2775> t<CLOSE_PARENS> p<2776> l<380:34> el<380:35>
                    n<> u<2784> t<Named_port_connection> p<2881> c<2777> s<2792> l<381:2> el<381:34>
                      n<lead0_16b_2_hi> u<2777> t<SIMPLE_IDENTIFIER> p<2784> s<2782> l<381:3> el<381:17>
                      n<> u<2782> t<OPEN_PARENS> p<2784> s<2781> l<381:19> el<381:20>
                      n<> u<2781> t<Expression> p<2784> c<2780> s<2783> l<381:20> el<381:33>
                        n<> u<2780> t<Primary> p<2781> c<2779> l<381:20> el<381:33>
                          n<> u<2779> t<Primary_literal> p<2780> c<2778> l<381:20> el<381:33>
                            n<lead0_52_37_2> u<2778> t<SIMPLE_IDENTIFIER> p<2779> l<381:20> el<381:33>
                      n<> u<2783> t<CLOSE_PARENS> p<2784> l<381:33> el<381:34>
                    n<> u<2792> t<Named_port_connection> p<2881> c<2785> s<2800> l<382:2> el<382:34>
                      n<lead0_16b_1_hi> u<2785> t<SIMPLE_IDENTIFIER> p<2792> s<2790> l<382:3> el<382:17>
                      n<> u<2790> t<OPEN_PARENS> p<2792> s<2789> l<382:19> el<382:20>
                      n<> u<2789> t<Expression> p<2792> c<2788> s<2791> l<382:20> el<382:33>
                        n<> u<2788> t<Primary> p<2789> c<2787> l<382:20> el<382:33>
                          n<> u<2787> t<Primary_literal> p<2788> c<2786> l<382:20> el<382:33>
                            n<lead0_52_37_1> u<2786> t<SIMPLE_IDENTIFIER> p<2787> l<382:20> el<382:33>
                      n<> u<2791> t<CLOSE_PARENS> p<2792> l<382:33> el<382:34>
                    n<> u<2800> t<Named_port_connection> p<2881> c<2793> s<2808> l<383:2> el<383:34>
                      n<lead0_16b_0_hi> u<2793> t<SIMPLE_IDENTIFIER> p<2800> s<2798> l<383:3> el<383:17>
                      n<> u<2798> t<OPEN_PARENS> p<2800> s<2797> l<383:19> el<383:20>
                      n<> u<2797> t<Expression> p<2800> c<2796> s<2799> l<383:20> el<383:33>
                        n<> u<2796> t<Primary> p<2797> c<2795> l<383:20> el<383:33>
                          n<> u<2795> t<Primary_literal> p<2796> c<2794> l<383:20> el<383:33>
                            n<lead0_52_37_0> u<2794> t<SIMPLE_IDENTIFIER> p<2795> l<383:20> el<383:33>
                      n<> u<2799> t<CLOSE_PARENS> p<2800> l<383:33> el<383:34>
                    n<> u<2808> t<Named_port_connection> p<2881> c<2801> s<2816> l<384:2> el<384:34>
                      n<din_15_0_eq_0> u<2801> t<SIMPLE_IDENTIFIER> p<2808> s<2806> l<384:3> el<384:16>
                      n<> u<2806> t<OPEN_PARENS> p<2808> s<2805> l<384:18> el<384:19>
                      n<> u<2805> t<Expression> p<2808> c<2804> s<2807> l<384:19> el<384:33>
                        n<> u<2804> t<Primary> p<2805> c<2803> l<384:19> el<384:33>
                          n<> u<2803> t<Primary_literal> p<2804> c<2802> l<384:19> el<384:33>
                            n<din_36_21_eq_0> u<2802> t<SIMPLE_IDENTIFIER> p<2803> l<384:19> el<384:33>
                      n<> u<2807> t<CLOSE_PARENS> p<2808> l<384:33> el<384:34>
                    n<> u<2816> t<Named_port_connection> p<2881> c<2809> s<2824> l<385:2> el<385:34>
                      n<din_15_8_eq_0> u<2809> t<SIMPLE_IDENTIFIER> p<2816> s<2814> l<385:3> el<385:16>
                      n<> u<2814> t<OPEN_PARENS> p<2816> s<2813> l<385:18> el<385:19>
                      n<> u<2813> t<Expression> p<2816> c<2812> s<2815> l<385:19> el<385:33>
                        n<> u<2812> t<Primary> p<2813> c<2811> l<385:19> el<385:33>
                          n<> u<2811> t<Primary_literal> p<2812> c<2810> l<385:19> el<385:33>
                            n<din_36_29_eq_0> u<2810> t<SIMPLE_IDENTIFIER> p<2811> l<385:19> el<385:33>
                      n<> u<2815> t<CLOSE_PARENS> p<2816> l<385:33> el<385:34>
                    n<> u<2824> t<Named_port_connection> p<2881> c<2817> s<2832> l<386:2> el<386:34>
                      n<lead0_16b_2_lo> u<2817> t<SIMPLE_IDENTIFIER> p<2824> s<2822> l<386:3> el<386:17>
                      n<> u<2822> t<OPEN_PARENS> p<2824> s<2821> l<386:19> el<386:20>
                      n<> u<2821> t<Expression> p<2824> c<2820> s<2823> l<386:20> el<386:33>
                        n<> u<2820> t<Primary> p<2821> c<2819> l<386:20> el<386:33>
                          n<> u<2819> t<Primary_literal> p<2820> c<2818> l<386:20> el<386:33>
                            n<lead0_36_21_2> u<2818> t<SIMPLE_IDENTIFIER> p<2819> l<386:20> el<386:33>
                      n<> u<2823> t<CLOSE_PARENS> p<2824> l<386:33> el<386:34>
                    n<> u<2832> t<Named_port_connection> p<2881> c<2825> s<2840> l<387:2> el<387:34>
                      n<lead0_16b_1_lo> u<2825> t<SIMPLE_IDENTIFIER> p<2832> s<2830> l<387:3> el<387:17>
                      n<> u<2830> t<OPEN_PARENS> p<2832> s<2829> l<387:19> el<387:20>
                      n<> u<2829> t<Expression> p<2832> c<2828> s<2831> l<387:20> el<387:33>
                        n<> u<2828> t<Primary> p<2829> c<2827> l<387:20> el<387:33>
                          n<> u<2827> t<Primary_literal> p<2828> c<2826> l<387:20> el<387:33>
                            n<lead0_36_21_1> u<2826> t<SIMPLE_IDENTIFIER> p<2827> l<387:20> el<387:33>
                      n<> u<2831> t<CLOSE_PARENS> p<2832> l<387:33> el<387:34>
                    n<> u<2840> t<Named_port_connection> p<2881> c<2833> s<2848> l<388:2> el<388:34>
                      n<lead0_16b_0_lo> u<2833> t<SIMPLE_IDENTIFIER> p<2840> s<2838> l<388:3> el<388:17>
                      n<> u<2838> t<OPEN_PARENS> p<2840> s<2837> l<388:19> el<388:20>
                      n<> u<2837> t<Expression> p<2840> c<2836> s<2839> l<388:20> el<388:33>
                        n<> u<2836> t<Primary> p<2837> c<2835> l<388:20> el<388:33>
                          n<> u<2835> t<Primary_literal> p<2836> c<2834> l<388:20> el<388:33>
                            n<lead0_36_21_0> u<2834> t<SIMPLE_IDENTIFIER> p<2835> l<388:20> el<388:33>
                      n<> u<2839> t<CLOSE_PARENS> p<2840> l<388:33> el<388:34>
                    n<> u<2848> t<Named_port_connection> p<2881> c<2841> s<2856> l<390:2> el<390:34>
                      n<din_31_0_eq_0> u<2841> t<SIMPLE_IDENTIFIER> p<2848> s<2846> l<390:3> el<390:16>
                      n<> u<2846> t<OPEN_PARENS> p<2848> s<2845> l<390:18> el<390:19>
                      n<> u<2845> t<Expression> p<2848> c<2844> s<2847> l<390:19> el<390:33>
                        n<> u<2844> t<Primary> p<2845> c<2843> l<390:19> el<390:33>
                          n<> u<2843> t<Primary_literal> p<2844> c<2842> l<390:19> el<390:33>
                            n<din_52_21_eq_0> u<2842> t<SIMPLE_IDENTIFIER> p<2843> l<390:19> el<390:33>
                      n<> u<2847> t<CLOSE_PARENS> p<2848> l<390:33> el<390:34>
                    n<> u<2856> t<Named_port_connection> p<2881> c<2849> s<2864> l<391:2> el<391:31>
                      n<lead0_32b_3> u<2849> t<SIMPLE_IDENTIFIER> p<2856> s<2854> l<391:3> el<391:14>
                      n<> u<2854> t<OPEN_PARENS> p<2856> s<2853> l<391:16> el<391:17>
                      n<> u<2853> t<Expression> p<2856> c<2852> s<2855> l<391:17> el<391:30>
                        n<> u<2852> t<Primary> p<2853> c<2851> l<391:17> el<391:30>
                          n<> u<2851> t<Primary_literal> p<2852> c<2850> l<391:17> el<391:30>
                            n<lead0_52_21_3> u<2850> t<SIMPLE_IDENTIFIER> p<2851> l<391:17> el<391:30>
                      n<> u<2855> t<CLOSE_PARENS> p<2856> l<391:30> el<391:31>
                    n<> u<2864> t<Named_port_connection> p<2881> c<2857> s<2872> l<392:2> el<392:31>
                      n<lead0_32b_2> u<2857> t<SIMPLE_IDENTIFIER> p<2864> s<2862> l<392:3> el<392:14>
                      n<> u<2862> t<OPEN_PARENS> p<2864> s<2861> l<392:16> el<392:17>
                      n<> u<2861> t<Expression> p<2864> c<2860> s<2863> l<392:17> el<392:30>
                        n<> u<2860> t<Primary> p<2861> c<2859> l<392:17> el<392:30>
                          n<> u<2859> t<Primary_literal> p<2860> c<2858> l<392:17> el<392:30>
                            n<lead0_52_21_2> u<2858> t<SIMPLE_IDENTIFIER> p<2859> l<392:17> el<392:30>
                      n<> u<2863> t<CLOSE_PARENS> p<2864> l<392:30> el<392:31>
                    n<> u<2872> t<Named_port_connection> p<2881> c<2865> s<2880> l<393:2> el<393:31>
                      n<lead0_32b_1> u<2865> t<SIMPLE_IDENTIFIER> p<2872> s<2870> l<393:3> el<393:14>
                      n<> u<2870> t<OPEN_PARENS> p<2872> s<2869> l<393:16> el<393:17>
                      n<> u<2869> t<Expression> p<2872> c<2868> s<2871> l<393:17> el<393:30>
                        n<> u<2868> t<Primary> p<2869> c<2867> l<393:17> el<393:30>
                          n<> u<2867> t<Primary_literal> p<2868> c<2866> l<393:17> el<393:30>
                            n<lead0_52_21_1> u<2866> t<SIMPLE_IDENTIFIER> p<2867> l<393:17> el<393:30>
                      n<> u<2871> t<CLOSE_PARENS> p<2872> l<393:30> el<393:31>
                    n<> u<2880> t<Named_port_connection> p<2881> c<2873> l<394:2> el<394:31>
                      n<lead0_32b_0> u<2873> t<SIMPLE_IDENTIFIER> p<2880> s<2878> l<394:3> el<394:14>
                      n<> u<2878> t<OPEN_PARENS> p<2880> s<2877> l<394:16> el<394:17>
                      n<> u<2877> t<Expression> p<2880> c<2876> s<2879> l<394:17> el<394:30>
                        n<> u<2876> t<Primary> p<2877> c<2875> l<394:17> el<394:30>
                          n<> u<2875> t<Primary_literal> p<2876> c<2874> l<394:17> el<394:30>
                            n<lead0_52_21_0> u<2874> t<SIMPLE_IDENTIFIER> p<2875> l<394:17> el<394:30>
                      n<> u<2879> t<CLOSE_PARENS> p<2880> l<394:30> el<394:31>
        n<> u<3011> t<Module_item> p<3273> c<3010> s<3027> l<397:1> el<414:3>
          n<> u<3010> t<Non_port_module_item> p<3011> c<3009> l<397:1> el<414:3>
            n<> u<3009> t<Module_or_generate_item> p<3010> c<3008> l<397:1> el<414:3>
              n<> u<3008> t<Unsupported_instantiation> p<3009> c<2887> l<397:1> el<414:3>
                n<fpu_cnt_lead0_lvl4> u<2887> t<SIMPLE_IDENTIFIER> p<3008> s<3007> l<397:1> el<397:19>
                n<> u<3007> t<Hierarchical_instance> p<3008> c<2889> l<397:20> el<414:2>
                  n<> u<2889> t<Name_of_instance> p<3007> c<2888> s<3006> l<397:20> el<397:45>
                    n<i_fpu_cnt_lead0_lvl4_20_0> u<2888> t<SIMPLE_IDENTIFIER> p<2889> l<397:20> el<397:45>
                  n<> u<3006> t<Port_connection_list> p<3007> c<2897> l<398:9> el<413:47>
                    n<> u<2897> t<Named_port_connection> p<3006> c<2890> s<2905> l<398:9> el<398:48>
                      n<din_31_16_eq_0> u<2890> t<SIMPLE_IDENTIFIER> p<2897> s<2895> l<398:10> el<398:24>
                      n<> u<2895> t<OPEN_PARENS> p<2897> s<2894> l<398:33> el<398:34>
                      n<> u<2894> t<Expression> p<2897> c<2893> s<2896> l<398:34> el<398:47>
                        n<> u<2893> t<Primary> p<2894> c<2892> l<398:34> el<398:47>
                          n<> u<2892> t<Primary_literal> p<2893> c<2891> l<398:34> el<398:47>
                            n<din_20_5_eq_0> u<2891> t<SIMPLE_IDENTIFIER> p<2892> l<398:34> el<398:47>
                      n<> u<2896> t<CLOSE_PARENS> p<2897> l<398:47> el<398:48>
                    n<> u<2905> t<Named_port_connection> p<3006> c<2898> s<2913> l<399:9> el<399:49>
                      n<din_31_24_eq_0> u<2898> t<SIMPLE_IDENTIFIER> p<2905> s<2903> l<399:10> el<399:24>
                      n<> u<2903> t<OPEN_PARENS> p<2905> s<2902> l<399:33> el<399:34>
                      n<> u<2902> t<Expression> p<2905> c<2901> s<2904> l<399:34> el<399:48>
                        n<> u<2901> t<Primary> p<2902> c<2900> l<399:34> el<399:48>
                          n<> u<2900> t<Primary_literal> p<2901> c<2899> l<399:34> el<399:48>
                            n<din_20_13_eq_0> u<2899> t<SIMPLE_IDENTIFIER> p<2900> l<399:34> el<399:48>
                      n<> u<2904> t<CLOSE_PARENS> p<2905> l<399:48> el<399:49>
                    n<> u<2913> t<Named_port_connection> p<3006> c<2906> s<2921> l<400:9> el<400:47>
                      n<lead0_16b_2_hi> u<2906> t<SIMPLE_IDENTIFIER> p<2913> s<2911> l<400:10> el<400:24>
                      n<> u<2911> t<OPEN_PARENS> p<2913> s<2910> l<400:33> el<400:34>
                      n<> u<2910> t<Expression> p<2913> c<2909> s<2912> l<400:34> el<400:46>
                        n<> u<2909> t<Primary> p<2910> c<2908> l<400:34> el<400:46>
                          n<> u<2908> t<Primary_literal> p<2909> c<2907> l<400:34> el<400:46>
                            n<lead0_20_5_2> u<2907> t<SIMPLE_IDENTIFIER> p<2908> l<400:34> el<400:46>
                      n<> u<2912> t<CLOSE_PARENS> p<2913> l<400:46> el<400:47>
                    n<> u<2921> t<Named_port_connection> p<3006> c<2914> s<2929> l<401:9> el<401:47>
                      n<lead0_16b_1_hi> u<2914> t<SIMPLE_IDENTIFIER> p<2921> s<2919> l<401:10> el<401:24>
                      n<> u<2919> t<OPEN_PARENS> p<2921> s<2918> l<401:33> el<401:34>
                      n<> u<2918> t<Expression> p<2921> c<2917> s<2920> l<401:34> el<401:46>
                        n<> u<2917> t<Primary> p<2918> c<2916> l<401:34> el<401:46>
                          n<> u<2916> t<Primary_literal> p<2917> c<2915> l<401:34> el<401:46>
                            n<lead0_20_5_1> u<2915> t<SIMPLE_IDENTIFIER> p<2916> l<401:34> el<401:46>
                      n<> u<2920> t<CLOSE_PARENS> p<2921> l<401:46> el<401:47>
                    n<> u<2929> t<Named_port_connection> p<3006> c<2922> s<2937> l<402:9> el<402:47>
                      n<lead0_16b_0_hi> u<2922> t<SIMPLE_IDENTIFIER> p<2929> s<2927> l<402:10> el<402:24>
                      n<> u<2927> t<OPEN_PARENS> p<2929> s<2926> l<402:33> el<402:34>
                      n<> u<2926> t<Expression> p<2929> c<2925> s<2928> l<402:34> el<402:46>
                        n<> u<2925> t<Primary> p<2926> c<2924> l<402:34> el<402:46>
                          n<> u<2924> t<Primary_literal> p<2925> c<2923> l<402:34> el<402:46>
                            n<lead0_20_5_0> u<2923> t<SIMPLE_IDENTIFIER> p<2924> l<402:34> el<402:46>
                      n<> u<2928> t<CLOSE_PARENS> p<2929> l<402:46> el<402:47>
                    n<> u<2937> t<Named_port_connection> p<3006> c<2930> s<2945> l<403:9> el<403:39>
                      n<din_15_0_eq_0> u<2930> t<SIMPLE_IDENTIFIER> p<2937> s<2935> l<403:10> el<403:23>
                      n<> u<2935> t<OPEN_PARENS> p<2937> s<2934> l<403:33> el<403:34>
                      n<> u<2934> t<Expression> p<2937> c<2933> s<2936> l<403:34> el<403:38>
                        n<> u<2933> t<Primary> p<2934> c<2932> l<403:34> el<403:38>
                          n<> u<2932> t<Primary_literal> p<2933> c<2931> l<403:34> el<403:38>
                            n<> u<2931> t<ONE_TICK_b0> p<2932> l<403:34> el<403:38>
                      n<> u<2936> t<CLOSE_PARENS> p<2937> l<403:38> el<403:39>
                    n<> u<2945> t<Named_port_connection> p<3006> c<2938> s<2953> l<404:9> el<404:39>
                      n<din_15_8_eq_0> u<2938> t<SIMPLE_IDENTIFIER> p<2945> s<2943> l<404:10> el<404:23>
                      n<> u<2943> t<OPEN_PARENS> p<2945> s<2942> l<404:33> el<404:34>
                      n<> u<2942> t<Expression> p<2945> c<2941> s<2944> l<404:34> el<404:38>
                        n<> u<2941> t<Primary> p<2942> c<2940> l<404:34> el<404:38>
                          n<> u<2940> t<Primary_literal> p<2941> c<2939> l<404:34> el<404:38>
                            n<> u<2939> t<ONE_TICK_b0> p<2940> l<404:34> el<404:38>
                      n<> u<2944> t<CLOSE_PARENS> p<2945> l<404:38> el<404:39>
                    n<> u<2953> t<Named_port_connection> p<3006> c<2946> s<2961> l<405:9> el<405:46>
                      n<lead0_16b_2_lo> u<2946> t<SIMPLE_IDENTIFIER> p<2953> s<2951> l<405:10> el<405:24>
                      n<> u<2951> t<OPEN_PARENS> p<2953> s<2950> l<405:33> el<405:34>
                      n<> u<2950> t<Expression> p<2953> c<2949> s<2952> l<405:34> el<405:45>
                        n<> u<2949> t<Primary> p<2950> c<2948> l<405:34> el<405:45>
                          n<> u<2948> t<Primary_literal> p<2949> c<2947> l<405:34> el<405:45>
                            n<lead0_4_0_2> u<2947> t<SIMPLE_IDENTIFIER> p<2948> l<405:34> el<405:45>
                      n<> u<2952> t<CLOSE_PARENS> p<2953> l<405:45> el<405:46>
                    n<> u<2961> t<Named_port_connection> p<3006> c<2954> s<2969> l<406:9> el<406:46>
                      n<lead0_16b_1_lo> u<2954> t<SIMPLE_IDENTIFIER> p<2961> s<2959> l<406:10> el<406:24>
                      n<> u<2959> t<OPEN_PARENS> p<2961> s<2958> l<406:33> el<406:34>
                      n<> u<2958> t<Expression> p<2961> c<2957> s<2960> l<406:34> el<406:45>
                        n<> u<2957> t<Primary> p<2958> c<2956> l<406:34> el<406:45>
                          n<> u<2956> t<Primary_literal> p<2957> c<2955> l<406:34> el<406:45>
                            n<lead0_4_0_1> u<2955> t<SIMPLE_IDENTIFIER> p<2956> l<406:34> el<406:45>
                      n<> u<2960> t<CLOSE_PARENS> p<2961> l<406:45> el<406:46>
                    n<> u<2969> t<Named_port_connection> p<3006> c<2962> s<2973> l<407:9> el<407:46>
                      n<lead0_16b_0_lo> u<2962> t<SIMPLE_IDENTIFIER> p<2969> s<2967> l<407:10> el<407:24>
                      n<> u<2967> t<OPEN_PARENS> p<2969> s<2966> l<407:33> el<407:34>
                      n<> u<2966> t<Expression> p<2969> c<2965> s<2968> l<407:34> el<407:45>
                        n<> u<2965> t<Primary> p<2966> c<2964> l<407:34> el<407:45>
                          n<> u<2964> t<Primary_literal> p<2965> c<2963> l<407:34> el<407:45>
                            n<lead0_4_0_0> u<2963> t<SIMPLE_IDENTIFIER> p<2964> l<407:34> el<407:45>
                      n<> u<2968> t<CLOSE_PARENS> p<2969> l<407:45> el<407:46>
                    n<> u<2973> t<Named_port_connection> p<3006> c<2970> s<2981> l<409:9> el<409:47>
                      n<din_31_0_eq_0> u<2970> t<SIMPLE_IDENTIFIER> p<2973> s<2971> l<409:10> el<409:23>
                      n<> u<2971> t<OPEN_PARENS> p<2973> s<2972> l<409:33> el<409:34>
                      n<> u<2972> t<CLOSE_PARENS> p<2973> l<409:46> el<409:47>
                    n<> u<2981> t<Named_port_connection> p<3006> c<2974> s<2989> l<410:9> el<410:47>
                      n<lead0_32b_3> u<2974> t<SIMPLE_IDENTIFIER> p<2981> s<2979> l<410:10> el<410:21>
                      n<> u<2979> t<OPEN_PARENS> p<2981> s<2978> l<410:33> el<410:34>
                      n<> u<2978> t<Expression> p<2981> c<2977> s<2980> l<410:34> el<410:46>
                        n<> u<2977> t<Primary> p<2978> c<2976> l<410:34> el<410:46>
                          n<> u<2976> t<Primary_literal> p<2977> c<2975> l<410:34> el<410:46>
                            n<lead0_20_0_3> u<2975> t<SIMPLE_IDENTIFIER> p<2976> l<410:34> el<410:46>
                      n<> u<2980> t<CLOSE_PARENS> p<2981> l<410:46> el<410:47>
                    n<> u<2989> t<Named_port_connection> p<3006> c<2982> s<2997> l<411:9> el<411:47>
                      n<lead0_32b_2> u<2982> t<SIMPLE_IDENTIFIER> p<2989> s<2987> l<411:10> el<411:21>
                      n<> u<2987> t<OPEN_PARENS> p<2989> s<2986> l<411:33> el<411:34>
                      n<> u<2986> t<Expression> p<2989> c<2985> s<2988> l<411:34> el<411:46>
                        n<> u<2985> t<Primary> p<2986> c<2984> l<411:34> el<411:46>
                          n<> u<2984> t<Primary_literal> p<2985> c<2983> l<411:34> el<411:46>
                            n<lead0_20_0_2> u<2983> t<SIMPLE_IDENTIFIER> p<2984> l<411:34> el<411:46>
                      n<> u<2988> t<CLOSE_PARENS> p<2989> l<411:46> el<411:47>
                    n<> u<2997> t<Named_port_connection> p<3006> c<2990> s<3005> l<412:9> el<412:47>
                      n<lead0_32b_1> u<2990> t<SIMPLE_IDENTIFIER> p<2997> s<2995> l<412:10> el<412:21>
                      n<> u<2995> t<OPEN_PARENS> p<2997> s<2994> l<412:33> el<412:34>
                      n<> u<2994> t<Expression> p<2997> c<2993> s<2996> l<412:34> el<412:46>
                        n<> u<2993> t<Primary> p<2994> c<2992> l<412:34> el<412:46>
                          n<> u<2992> t<Primary_literal> p<2993> c<2991> l<412:34> el<412:46>
                            n<lead0_20_0_1> u<2991> t<SIMPLE_IDENTIFIER> p<2992> l<412:34> el<412:46>
                      n<> u<2996> t<CLOSE_PARENS> p<2997> l<412:46> el<412:47>
                    n<> u<3005> t<Named_port_connection> p<3006> c<2998> l<413:9> el<413:47>
                      n<lead0_32b_0> u<2998> t<SIMPLE_IDENTIFIER> p<3005> s<3003> l<413:10> el<413:21>
                      n<> u<3003> t<OPEN_PARENS> p<3005> s<3002> l<413:33> el<413:34>
                      n<> u<3002> t<Expression> p<3005> c<3001> s<3004> l<413:34> el<413:46>
                        n<> u<3001> t<Primary> p<3002> c<3000> l<413:34> el<413:46>
                          n<> u<3000> t<Primary_literal> p<3001> c<2999> l<413:34> el<413:46>
                            n<lead0_20_0_0> u<2999> t<SIMPLE_IDENTIFIER> p<3000> l<413:34> el<413:46>
                      n<> u<3004> t<CLOSE_PARENS> p<3005> l<413:46> el<413:47>
        n<> u<3027> t<Module_item> p<3273> c<3026> s<3066> l<416:1> el<416:32>
          n<> u<3026> t<Non_port_module_item> p<3027> c<3025> l<416:1> el<416:32>
            n<> u<3025> t<Module_or_generate_item> p<3026> c<3024> l<416:1> el<416:32>
              n<> u<3024> t<Module_common_item> p<3025> c<3023> l<416:1> el<416:32>
                n<> u<3023> t<Continuous_assign> p<3024> c<3022> l<416:1> el<416:32>
                  n<> u<3022> t<Net_assignment_list> p<3023> c<3021> l<416:8> el<416:31>
                    n<> u<3021> t<Net_assignment> p<3022> c<3016> l<416:8> el<416:31>
                      n<> u<3016> t<Net_lvalue> p<3021> c<3013> s<3020> l<416:8> el<416:15>
                        n<> u<3013> t<Ps_or_hierarchical_identifier> p<3016> c<3012> s<3015> l<416:8> el<416:15>
                          n<lead0_5> u<3012> t<SIMPLE_IDENTIFIER> p<3013> l<416:8> el<416:15>
                        n<> u<3015> t<Constant_select> p<3016> c<3014> l<416:15> el<416:15>
                          n<> u<3014> t<Constant_bit_select> p<3015> l<416:15> el<416:15>
                      n<> u<3020> t<Expression> p<3021> c<3019> l<416:17> el<416:31>
                        n<> u<3019> t<Primary> p<3020> c<3018> l<416:17> el<416:31>
                          n<> u<3018> t<Primary_literal> p<3019> c<3017> l<416:17> el<416:31>
                            n<din_52_21_eq_0> u<3017> t<SIMPLE_IDENTIFIER> p<3018> l<416:17> el<416:31>
        n<> u<3066> t<Module_item> p<3273> c<3065> s<3105> l<418:1> el<419:40>
          n<> u<3065> t<Non_port_module_item> p<3066> c<3064> l<418:1> el<419:40>
            n<> u<3064> t<Module_or_generate_item> p<3065> c<3063> l<418:1> el<419:40>
              n<> u<3063> t<Module_common_item> p<3064> c<3062> l<418:1> el<419:40>
                n<> u<3062> t<Continuous_assign> p<3063> c<3061> l<418:1> el<419:40>
                  n<> u<3061> t<Net_assignment_list> p<3062> c<3060> l<418:8> el<419:39>
                    n<> u<3060> t<Net_assignment> p<3061> c<3032> l<418:8> el<419:39>
                      n<> u<3032> t<Net_lvalue> p<3060> c<3029> s<3059> l<418:8> el<418:15>
                        n<> u<3029> t<Ps_or_hierarchical_identifier> p<3032> c<3028> s<3031> l<418:8> el<418:15>
                          n<lead0_4> u<3028> t<SIMPLE_IDENTIFIER> p<3029> l<418:8> el<418:15>
                        n<> u<3031> t<Constant_select> p<3032> c<3030> l<418:15> el<418:15>
                          n<> u<3030> t<Constant_bit_select> p<3031> l<418:15> el<418:15>
                      n<> u<3059> t<Expression> p<3060> c<3046> l<418:17> el<419:39>
                        n<> u<3046> t<Expression> p<3059> c<3045> s<3058> l<418:17> el<418:54>
                          n<> u<3045> t<Expression> p<3046> c<3039> l<418:18> el<418:53>
                            n<> u<3039> t<Expression> p<3045> c<3038> s<3044> l<418:18> el<418:35>
                              n<> u<3038> t<Expression> p<3039> c<3037> l<418:19> el<418:34>
                                n<> u<3037> t<BANG> p<3038> s<3036> l<418:19> el<418:20>
                                n<> u<3036> t<Expression> p<3038> c<3035> l<418:20> el<418:34>
                                  n<> u<3035> t<Primary> p<3036> c<3034> l<418:20> el<418:34>
                                    n<> u<3034> t<Primary_literal> p<3035> c<3033> l<418:20> el<418:34>
                                      n<din_52_21_eq_0> u<3033> t<SIMPLE_IDENTIFIER> p<3034> l<418:20> el<418:34>
                            n<> u<3044> t<LOGICAL_AND> p<3045> s<3043> l<418:36> el<418:38>
                            n<> u<3043> t<Expression> p<3045> c<3042> l<418:39> el<418:53>
                              n<> u<3042> t<Primary> p<3043> c<3041> l<418:39> el<418:53>
                                n<> u<3041> t<Primary_literal> p<3042> c<3040> l<418:39> el<418:53>
                                  n<din_52_37_eq_0> u<3040> t<SIMPLE_IDENTIFIER> p<3041> l<418:39> el<418:53>
                        n<> u<3058> t<LOGICAL_OR> p<3059> s<3057> l<419:3> el<419:5>
                        n<> u<3057> t<Expression> p<3059> c<3056> l<419:6> el<419:39>
                          n<> u<3056> t<Expression> p<3057> c<3050> l<419:7> el<419:38>
                            n<> u<3050> t<Expression> p<3056> c<3049> s<3055> l<419:7> el<419:21>
                              n<> u<3049> t<Primary> p<3050> c<3048> l<419:7> el<419:21>
                                n<> u<3048> t<Primary_literal> p<3049> c<3047> l<419:7> el<419:21>
                                  n<din_52_21_eq_0> u<3047> t<SIMPLE_IDENTIFIER> p<3048> l<419:7> el<419:21>
                            n<> u<3055> t<LOGICAL_AND> p<3056> s<3054> l<419:22> el<419:24>
                            n<> u<3054> t<Expression> p<3056> c<3053> l<419:25> el<419:38>
                              n<> u<3053> t<Primary> p<3054> c<3052> l<419:25> el<419:38>
                                n<> u<3052> t<Primary_literal> p<3053> c<3051> l<419:25> el<419:38>
                                  n<din_20_5_eq_0> u<3051> t<SIMPLE_IDENTIFIER> p<3052> l<419:25> el<419:38>
        n<> u<3105> t<Module_item> p<3273> c<3104> s<3144> l<421:1> el<422:39>
          n<> u<3104> t<Non_port_module_item> p<3105> c<3103> l<421:1> el<422:39>
            n<> u<3103> t<Module_or_generate_item> p<3104> c<3102> l<421:1> el<422:39>
              n<> u<3102> t<Module_common_item> p<3103> c<3101> l<421:1> el<422:39>
                n<> u<3101> t<Continuous_assign> p<3102> c<3100> l<421:1> el<422:39>
                  n<> u<3100> t<Net_assignment_list> p<3101> c<3099> l<421:8> el<422:38>
                    n<> u<3099> t<Net_assignment> p<3100> c<3071> l<421:8> el<422:38>
                      n<> u<3071> t<Net_lvalue> p<3099> c<3068> s<3098> l<421:8> el<421:15>
                        n<> u<3068> t<Ps_or_hierarchical_identifier> p<3071> c<3067> s<3070> l<421:8> el<421:15>
                          n<lead0_3> u<3067> t<SIMPLE_IDENTIFIER> p<3068> l<421:8> el<421:15>
                        n<> u<3070> t<Constant_select> p<3071> c<3069> l<421:15> el<421:15>
                          n<> u<3069> t<Constant_bit_select> p<3070> l<421:15> el<421:15>
                      n<> u<3098> t<Expression> p<3099> c<3085> l<421:17> el<422:38>
                        n<> u<3085> t<Expression> p<3098> c<3084> s<3097> l<421:17> el<421:53>
                          n<> u<3084> t<Expression> p<3085> c<3078> l<421:18> el<421:52>
                            n<> u<3078> t<Expression> p<3084> c<3077> s<3083> l<421:18> el<421:35>
                              n<> u<3077> t<Expression> p<3078> c<3076> l<421:19> el<421:34>
                                n<> u<3076> t<BANG> p<3077> s<3075> l<421:19> el<421:20>
                                n<> u<3075> t<Expression> p<3077> c<3074> l<421:20> el<421:34>
                                  n<> u<3074> t<Primary> p<3075> c<3073> l<421:20> el<421:34>
                                    n<> u<3073> t<Primary_literal> p<3074> c<3072> l<421:20> el<421:34>
                                      n<din_52_21_eq_0> u<3072> t<SIMPLE_IDENTIFIER> p<3073> l<421:20> el<421:34>
                            n<> u<3083> t<LOGICAL_AND> p<3084> s<3082> l<421:36> el<421:38>
                            n<> u<3082> t<Expression> p<3084> c<3081> l<421:39> el<421:52>
                              n<> u<3081> t<Primary> p<3082> c<3080> l<421:39> el<421:52>
                                n<> u<3080> t<Primary_literal> p<3081> c<3079> l<421:39> el<421:52>
                                  n<lead0_52_21_3> u<3079> t<SIMPLE_IDENTIFIER> p<3080> l<421:39> el<421:52>
                        n<> u<3097> t<LOGICAL_OR> p<3098> s<3096> l<422:3> el<422:5>
                        n<> u<3096> t<Expression> p<3098> c<3095> l<422:6> el<422:38>
                          n<> u<3095> t<Expression> p<3096> c<3089> l<422:7> el<422:37>
                            n<> u<3089> t<Expression> p<3095> c<3088> s<3094> l<422:7> el<422:21>
                              n<> u<3088> t<Primary> p<3089> c<3087> l<422:7> el<422:21>
                                n<> u<3087> t<Primary_literal> p<3088> c<3086> l<422:7> el<422:21>
                                  n<din_52_21_eq_0> u<3086> t<SIMPLE_IDENTIFIER> p<3087> l<422:7> el<422:21>
                            n<> u<3094> t<LOGICAL_AND> p<3095> s<3093> l<422:22> el<422:24>
                            n<> u<3093> t<Expression> p<3095> c<3092> l<422:25> el<422:37>
                              n<> u<3092> t<Primary> p<3093> c<3091> l<422:25> el<422:37>
                                n<> u<3091> t<Primary_literal> p<3092> c<3090> l<422:25> el<422:37>
                                  n<lead0_20_0_3> u<3090> t<SIMPLE_IDENTIFIER> p<3091> l<422:25> el<422:37>
        n<> u<3144> t<Module_item> p<3273> c<3143> s<3183> l<424:1> el<425:39>
          n<> u<3143> t<Non_port_module_item> p<3144> c<3142> l<424:1> el<425:39>
            n<> u<3142> t<Module_or_generate_item> p<3143> c<3141> l<424:1> el<425:39>
              n<> u<3141> t<Module_common_item> p<3142> c<3140> l<424:1> el<425:39>
                n<> u<3140> t<Continuous_assign> p<3141> c<3139> l<424:1> el<425:39>
                  n<> u<3139> t<Net_assignment_list> p<3140> c<3138> l<424:8> el<425:38>
                    n<> u<3138> t<Net_assignment> p<3139> c<3110> l<424:8> el<425:38>
                      n<> u<3110> t<Net_lvalue> p<3138> c<3107> s<3137> l<424:8> el<424:15>
                        n<> u<3107> t<Ps_or_hierarchical_identifier> p<3110> c<3106> s<3109> l<424:8> el<424:15>
                          n<lead0_2> u<3106> t<SIMPLE_IDENTIFIER> p<3107> l<424:8> el<424:15>
                        n<> u<3109> t<Constant_select> p<3110> c<3108> l<424:15> el<424:15>
                          n<> u<3108> t<Constant_bit_select> p<3109> l<424:15> el<424:15>
                      n<> u<3137> t<Expression> p<3138> c<3124> l<424:17> el<425:38>
                        n<> u<3124> t<Expression> p<3137> c<3123> s<3136> l<424:17> el<424:53>
                          n<> u<3123> t<Expression> p<3124> c<3117> l<424:18> el<424:52>
                            n<> u<3117> t<Expression> p<3123> c<3116> s<3122> l<424:18> el<424:35>
                              n<> u<3116> t<Expression> p<3117> c<3115> l<424:19> el<424:34>
                                n<> u<3115> t<BANG> p<3116> s<3114> l<424:19> el<424:20>
                                n<> u<3114> t<Expression> p<3116> c<3113> l<424:20> el<424:34>
                                  n<> u<3113> t<Primary> p<3114> c<3112> l<424:20> el<424:34>
                                    n<> u<3112> t<Primary_literal> p<3113> c<3111> l<424:20> el<424:34>
                                      n<din_52_21_eq_0> u<3111> t<SIMPLE_IDENTIFIER> p<3112> l<424:20> el<424:34>
                            n<> u<3122> t<LOGICAL_AND> p<3123> s<3121> l<424:36> el<424:38>
                            n<> u<3121> t<Expression> p<3123> c<3120> l<424:39> el<424:52>
                              n<> u<3120> t<Primary> p<3121> c<3119> l<424:39> el<424:52>
                                n<> u<3119> t<Primary_literal> p<3120> c<3118> l<424:39> el<424:52>
                                  n<lead0_52_21_2> u<3118> t<SIMPLE_IDENTIFIER> p<3119> l<424:39> el<424:52>
                        n<> u<3136> t<LOGICAL_OR> p<3137> s<3135> l<425:3> el<425:5>
                        n<> u<3135> t<Expression> p<3137> c<3134> l<425:6> el<425:38>
                          n<> u<3134> t<Expression> p<3135> c<3128> l<425:7> el<425:37>
                            n<> u<3128> t<Expression> p<3134> c<3127> s<3133> l<425:7> el<425:21>
                              n<> u<3127> t<Primary> p<3128> c<3126> l<425:7> el<425:21>
                                n<> u<3126> t<Primary_literal> p<3127> c<3125> l<425:7> el<425:21>
                                  n<din_52_21_eq_0> u<3125> t<SIMPLE_IDENTIFIER> p<3126> l<425:7> el<425:21>
                            n<> u<3133> t<LOGICAL_AND> p<3134> s<3132> l<425:22> el<425:24>
                            n<> u<3132> t<Expression> p<3134> c<3131> l<425:25> el<425:37>
                              n<> u<3131> t<Primary> p<3132> c<3130> l<425:25> el<425:37>
                                n<> u<3130> t<Primary_literal> p<3131> c<3129> l<425:25> el<425:37>
                                  n<lead0_20_0_2> u<3129> t<SIMPLE_IDENTIFIER> p<3130> l<425:25> el<425:37>
        n<> u<3183> t<Module_item> p<3273> c<3182> s<3222> l<427:1> el<428:39>
          n<> u<3182> t<Non_port_module_item> p<3183> c<3181> l<427:1> el<428:39>
            n<> u<3181> t<Module_or_generate_item> p<3182> c<3180> l<427:1> el<428:39>
              n<> u<3180> t<Module_common_item> p<3181> c<3179> l<427:1> el<428:39>
                n<> u<3179> t<Continuous_assign> p<3180> c<3178> l<427:1> el<428:39>
                  n<> u<3178> t<Net_assignment_list> p<3179> c<3177> l<427:8> el<428:38>
                    n<> u<3177> t<Net_assignment> p<3178> c<3149> l<427:8> el<428:38>
                      n<> u<3149> t<Net_lvalue> p<3177> c<3146> s<3176> l<427:8> el<427:15>
                        n<> u<3146> t<Ps_or_hierarchical_identifier> p<3149> c<3145> s<3148> l<427:8> el<427:15>
                          n<lead0_1> u<3145> t<SIMPLE_IDENTIFIER> p<3146> l<427:8> el<427:15>
                        n<> u<3148> t<Constant_select> p<3149> c<3147> l<427:15> el<427:15>
                          n<> u<3147> t<Constant_bit_select> p<3148> l<427:15> el<427:15>
                      n<> u<3176> t<Expression> p<3177> c<3163> l<427:17> el<428:38>
                        n<> u<3163> t<Expression> p<3176> c<3162> s<3175> l<427:17> el<427:53>
                          n<> u<3162> t<Expression> p<3163> c<3156> l<427:18> el<427:52>
                            n<> u<3156> t<Expression> p<3162> c<3155> s<3161> l<427:18> el<427:35>
                              n<> u<3155> t<Expression> p<3156> c<3154> l<427:19> el<427:34>
                                n<> u<3154> t<BANG> p<3155> s<3153> l<427:19> el<427:20>
                                n<> u<3153> t<Expression> p<3155> c<3152> l<427:20> el<427:34>
                                  n<> u<3152> t<Primary> p<3153> c<3151> l<427:20> el<427:34>
                                    n<> u<3151> t<Primary_literal> p<3152> c<3150> l<427:20> el<427:34>
                                      n<din_52_21_eq_0> u<3150> t<SIMPLE_IDENTIFIER> p<3151> l<427:20> el<427:34>
                            n<> u<3161> t<LOGICAL_AND> p<3162> s<3160> l<427:36> el<427:38>
                            n<> u<3160> t<Expression> p<3162> c<3159> l<427:39> el<427:52>
                              n<> u<3159> t<Primary> p<3160> c<3158> l<427:39> el<427:52>
                                n<> u<3158> t<Primary_literal> p<3159> c<3157> l<427:39> el<427:52>
                                  n<lead0_52_21_1> u<3157> t<SIMPLE_IDENTIFIER> p<3158> l<427:39> el<427:52>
                        n<> u<3175> t<LOGICAL_OR> p<3176> s<3174> l<428:3> el<428:5>
                        n<> u<3174> t<Expression> p<3176> c<3173> l<428:6> el<428:38>
                          n<> u<3173> t<Expression> p<3174> c<3167> l<428:7> el<428:37>
                            n<> u<3167> t<Expression> p<3173> c<3166> s<3172> l<428:7> el<428:21>
                              n<> u<3166> t<Primary> p<3167> c<3165> l<428:7> el<428:21>
                                n<> u<3165> t<Primary_literal> p<3166> c<3164> l<428:7> el<428:21>
                                  n<din_52_21_eq_0> u<3164> t<SIMPLE_IDENTIFIER> p<3165> l<428:7> el<428:21>
                            n<> u<3172> t<LOGICAL_AND> p<3173> s<3171> l<428:22> el<428:24>
                            n<> u<3171> t<Expression> p<3173> c<3170> l<428:25> el<428:37>
                              n<> u<3170> t<Primary> p<3171> c<3169> l<428:25> el<428:37>
                                n<> u<3169> t<Primary_literal> p<3170> c<3168> l<428:25> el<428:37>
                                  n<lead0_20_0_1> u<3168> t<SIMPLE_IDENTIFIER> p<3169> l<428:25> el<428:37>
        n<> u<3222> t<Module_item> p<3273> c<3221> s<3271> l<430:1> el<431:39>
          n<> u<3221> t<Non_port_module_item> p<3222> c<3220> l<430:1> el<431:39>
            n<> u<3220> t<Module_or_generate_item> p<3221> c<3219> l<430:1> el<431:39>
              n<> u<3219> t<Module_common_item> p<3220> c<3218> l<430:1> el<431:39>
                n<> u<3218> t<Continuous_assign> p<3219> c<3217> l<430:1> el<431:39>
                  n<> u<3217> t<Net_assignment_list> p<3218> c<3216> l<430:8> el<431:38>
                    n<> u<3216> t<Net_assignment> p<3217> c<3188> l<430:8> el<431:38>
                      n<> u<3188> t<Net_lvalue> p<3216> c<3185> s<3215> l<430:8> el<430:15>
                        n<> u<3185> t<Ps_or_hierarchical_identifier> p<3188> c<3184> s<3187> l<430:8> el<430:15>
                          n<lead0_0> u<3184> t<SIMPLE_IDENTIFIER> p<3185> l<430:8> el<430:15>
                        n<> u<3187> t<Constant_select> p<3188> c<3186> l<430:15> el<430:15>
                          n<> u<3186> t<Constant_bit_select> p<3187> l<430:15> el<430:15>
                      n<> u<3215> t<Expression> p<3216> c<3202> l<430:17> el<431:38>
                        n<> u<3202> t<Expression> p<3215> c<3201> s<3214> l<430:17> el<430:53>
                          n<> u<3201> t<Expression> p<3202> c<3195> l<430:18> el<430:52>
                            n<> u<3195> t<Expression> p<3201> c<3194> s<3200> l<430:18> el<430:35>
                              n<> u<3194> t<Expression> p<3195> c<3193> l<430:19> el<430:34>
                                n<> u<3193> t<BANG> p<3194> s<3192> l<430:19> el<430:20>
                                n<> u<3192> t<Expression> p<3194> c<3191> l<430:20> el<430:34>
                                  n<> u<3191> t<Primary> p<3192> c<3190> l<430:20> el<430:34>
                                    n<> u<3190> t<Primary_literal> p<3191> c<3189> l<430:20> el<430:34>
                                      n<din_52_21_eq_0> u<3189> t<SIMPLE_IDENTIFIER> p<3190> l<430:20> el<430:34>
                            n<> u<3200> t<LOGICAL_AND> p<3201> s<3199> l<430:36> el<430:38>
                            n<> u<3199> t<Expression> p<3201> c<3198> l<430:39> el<430:52>
                              n<> u<3198> t<Primary> p<3199> c<3197> l<430:39> el<430:52>
                                n<> u<3197> t<Primary_literal> p<3198> c<3196> l<430:39> el<430:52>
                                  n<lead0_52_21_0> u<3196> t<SIMPLE_IDENTIFIER> p<3197> l<430:39> el<430:52>
                        n<> u<3214> t<LOGICAL_OR> p<3215> s<3213> l<431:3> el<431:5>
                        n<> u<3213> t<Expression> p<3215> c<3212> l<431:6> el<431:38>
                          n<> u<3212> t<Expression> p<3213> c<3206> l<431:7> el<431:37>
                            n<> u<3206> t<Expression> p<3212> c<3205> s<3211> l<431:7> el<431:21>
                              n<> u<3205> t<Primary> p<3206> c<3204> l<431:7> el<431:21>
                                n<> u<3204> t<Primary_literal> p<3205> c<3203> l<431:7> el<431:21>
                                  n<din_52_21_eq_0> u<3203> t<SIMPLE_IDENTIFIER> p<3204> l<431:7> el<431:21>
                            n<> u<3211> t<LOGICAL_AND> p<3212> s<3210> l<431:22> el<431:24>
                            n<> u<3210> t<Expression> p<3212> c<3209> l<431:25> el<431:37>
                              n<> u<3209> t<Primary> p<3210> c<3208> l<431:25> el<431:37>
                                n<> u<3208> t<Primary_literal> p<3209> c<3207> l<431:25> el<431:37>
                                  n<lead0_20_0_0> u<3207> t<SIMPLE_IDENTIFIER> p<3208> l<431:25> el<431:37>
        n<> u<3271> t<Module_item> p<3273> c<3270> s<3272> l<433:1> el<433:75>
          n<> u<3270> t<Non_port_module_item> p<3271> c<3269> l<433:1> el<433:75>
            n<> u<3269> t<Module_or_generate_item> p<3270> c<3268> l<433:1> el<433:75>
              n<> u<3268> t<Module_common_item> p<3269> c<3267> l<433:1> el<433:75>
                n<> u<3267> t<Continuous_assign> p<3268> c<3266> l<433:1> el<433:75>
                  n<> u<3266> t<Net_assignment_list> p<3267> c<3265> l<433:8> el<433:74>
                    n<> u<3265> t<Net_assignment> p<3266> c<3237> l<433:8> el<433:74>
                      n<> u<3237> t<Net_lvalue> p<3265> c<3224> s<3264> l<433:8> el<433:18>
                        n<> u<3224> t<Ps_or_hierarchical_identifier> p<3237> c<3223> s<3236> l<433:8> el<433:13>
                          n<lead0> u<3223> t<SIMPLE_IDENTIFIER> p<3224> l<433:8> el<433:13>
                        n<> u<3236> t<Constant_select> p<3237> c<3225> l<433:13> el<433:18>
                          n<> u<3225> t<Constant_bit_select> p<3236> s<3235> l<433:13> el<433:13>
                          n<> u<3235> t<Constant_part_select_range> p<3236> c<3234> l<433:13> el<433:18>
                            n<> u<3234> t<Constant_range> p<3235> c<3229> l<433:14> el<433:17>
                              n<> u<3229> t<Constant_expression> p<3234> c<3228> s<3233> l<433:14> el<433:15>
                                n<> u<3228> t<Constant_primary> p<3229> c<3227> l<433:14> el<433:15>
                                  n<> u<3227> t<Primary_literal> p<3228> c<3226> l<433:14> el<433:15>
                                    n<5> u<3226> t<INTEGRAL_NUMBER> p<3227> l<433:14> el<433:15>
                              n<> u<3233> t<Constant_expression> p<3234> c<3232> l<433:16> el<433:17>
                                n<> u<3232> t<Constant_primary> p<3233> c<3231> l<433:16> el<433:17>
                                  n<> u<3231> t<Primary_literal> p<3232> c<3230> l<433:16> el<433:17>
                                    n<0> u<3230> t<INTEGRAL_NUMBER> p<3231> l<433:16> el<433:17>
                      n<> u<3264> t<Expression> p<3265> c<3263> l<433:20> el<433:74>
                        n<> u<3263> t<Primary> p<3264> c<3262> l<433:20> el<433:74>
                          n<> u<3262> t<Concatenation> p<3263> c<3241> l<433:20> el<433:74>
                            n<> u<3241> t<Expression> p<3262> c<3240> s<3245> l<433:21> el<433:28>
                              n<> u<3240> t<Primary> p<3241> c<3239> l<433:21> el<433:28>
                                n<> u<3239> t<Primary_literal> p<3240> c<3238> l<433:21> el<433:28>
                                  n<lead0_5> u<3238> t<SIMPLE_IDENTIFIER> p<3239> l<433:21> el<433:28>
                            n<> u<3245> t<Expression> p<3262> c<3244> s<3249> l<433:30> el<433:37>
                              n<> u<3244> t<Primary> p<3245> c<3243> l<433:30> el<433:37>
                                n<> u<3243> t<Primary_literal> p<3244> c<3242> l<433:30> el<433:37>
                                  n<lead0_4> u<3242> t<SIMPLE_IDENTIFIER> p<3243> l<433:30> el<433:37>
                            n<> u<3249> t<Expression> p<3262> c<3248> s<3253> l<433:39> el<433:46>
                              n<> u<3248> t<Primary> p<3249> c<3247> l<433:39> el<433:46>
                                n<> u<3247> t<Primary_literal> p<3248> c<3246> l<433:39> el<433:46>
                                  n<lead0_3> u<3246> t<SIMPLE_IDENTIFIER> p<3247> l<433:39> el<433:46>
                            n<> u<3253> t<Expression> p<3262> c<3252> s<3257> l<433:48> el<433:55>
                              n<> u<3252> t<Primary> p<3253> c<3251> l<433:48> el<433:55>
                                n<> u<3251> t<Primary_literal> p<3252> c<3250> l<433:48> el<433:55>
                                  n<lead0_2> u<3250> t<SIMPLE_IDENTIFIER> p<3251> l<433:48> el<433:55>
                            n<> u<3257> t<Expression> p<3262> c<3256> s<3261> l<433:57> el<433:64>
                              n<> u<3256> t<Primary> p<3257> c<3255> l<433:57> el<433:64>
                                n<> u<3255> t<Primary_literal> p<3256> c<3254> l<433:57> el<433:64>
                                  n<lead0_1> u<3254> t<SIMPLE_IDENTIFIER> p<3255> l<433:57> el<433:64>
                            n<> u<3261> t<Expression> p<3262> c<3260> l<433:66> el<433:73>
                              n<> u<3260> t<Primary> p<3261> c<3259> l<433:66> el<433:73>
                                n<> u<3259> t<Primary_literal> p<3260> c<3258> l<433:66> el<433:73>
                                  n<lead0_0> u<3258> t<SIMPLE_IDENTIFIER> p<3259> l<433:66> el<433:73>
        n<> u<3272> t<ENDMODULE> p<3273> l<436:1> el<436:10>
AST_DEBUG_END
[INF:CP0303] ${SURELOG_DIR}/tests/UtdSV/fpu_cnt_lead0_53b.v:27:1: Compile module "work@fpu_cnt_lead0_53b".
[INF:CM0029] Using global timescale: "1ns/1ns".
[ERR:EL0535] ${SURELOG_DIR}/tests/UtdSV/fpu_cnt_lead0_53b.v:139:3: Illegal implicit net "id:318, name:din_3_0_eq_0".
[ERR:EL0535] ${SURELOG_DIR}/tests/UtdSV/fpu_cnt_lead0_53b.v:140:3: Illegal implicit net "id:321, name:din_3_2_eq_0".
[ERR:EL0535] ${SURELOG_DIR}/tests/UtdSV/fpu_cnt_lead0_53b.v:141:3: Illegal implicit net "id:324, name:lead0_4b_0".
[ERR:EL0535] ${SURELOG_DIR}/tests/UtdSV/fpu_cnt_lead0_53b.v:147:10: Illegal implicit net "id:342, name:din_3_0_eq_0".
[ERR:EL0535] ${SURELOG_DIR}/tests/UtdSV/fpu_cnt_lead0_53b.v:148:10: Illegal implicit net "id:345, name:din_3_2_eq_0".
[ERR:EL0535] ${SURELOG_DIR}/tests/UtdSV/fpu_cnt_lead0_53b.v:149:10: Illegal implicit net "id:348, name:lead0_4b_0".
[ERR:EL0535] ${SURELOG_DIR}/tests/UtdSV/fpu_cnt_lead0_53b.v:155:10: Illegal implicit net "id:366, name:din_3_0_eq_0".
[ERR:EL0535] ${SURELOG_DIR}/tests/UtdSV/fpu_cnt_lead0_53b.v:156:10: Illegal implicit net "id:369, name:din_3_2_eq_0".
[ERR:EL0535] ${SURELOG_DIR}/tests/UtdSV/fpu_cnt_lead0_53b.v:157:10: Illegal implicit net "id:372, name:lead0_4b_0".
[ERR:EL0535] ${SURELOG_DIR}/tests/UtdSV/fpu_cnt_lead0_53b.v:163:10: Illegal implicit net "id:390, name:din_3_0_eq_0".
[ERR:EL0535] ${SURELOG_DIR}/tests/UtdSV/fpu_cnt_lead0_53b.v:164:10: Illegal implicit net "id:393, name:din_3_2_eq_0".
[ERR:EL0535] ${SURELOG_DIR}/tests/UtdSV/fpu_cnt_lead0_53b.v:165:10: Illegal implicit net "id:396, name:lead0_4b_0".
[ERR:EL0535] ${SURELOG_DIR}/tests/UtdSV/fpu_cnt_lead0_53b.v:171:10: Illegal implicit net "id:414, name:din_3_0_eq_0".
[ERR:EL0535] ${SURELOG_DIR}/tests/UtdSV/fpu_cnt_lead0_53b.v:172:10: Illegal implicit net "id:417, name:din_3_2_eq_0".
[ERR:EL0535] ${SURELOG_DIR}/tests/UtdSV/fpu_cnt_lead0_53b.v:173:10: Illegal implicit net "id:420, name:lead0_4b_0".
[ERR:EL0535] ${SURELOG_DIR}/tests/UtdSV/fpu_cnt_lead0_53b.v:179:10: Illegal implicit net "id:438, name:din_3_0_eq_0".
[ERR:EL0535] ${SURELOG_DIR}/tests/UtdSV/fpu_cnt_lead0_53b.v:180:10: Illegal implicit net "id:441, name:din_3_2_eq_0".
[ERR:EL0535] ${SURELOG_DIR}/tests/UtdSV/fpu_cnt_lead0_53b.v:181:10: Illegal implicit net "id:444, name:lead0_4b_0".
[ERR:EL0535] ${SURELOG_DIR}/tests/UtdSV/fpu_cnt_lead0_53b.v:187:10: Illegal implicit net "id:462, name:din_3_0_eq_0".
[ERR:EL0535] ${SURELOG_DIR}/tests/UtdSV/fpu_cnt_lead0_53b.v:188:10: Illegal implicit net "id:465, name:din_3_2_eq_0".
[ERR:EL0535] ${SURELOG_DIR}/tests/UtdSV/fpu_cnt_lead0_53b.v:189:10: Illegal implicit net "id:468, name:lead0_4b_0".
[ERR:EL0535] ${SURELOG_DIR}/tests/UtdSV/fpu_cnt_lead0_53b.v:195:10: Illegal implicit net "id:486, name:din_3_0_eq_0".
[ERR:EL0535] ${SURELOG_DIR}/tests/UtdSV/fpu_cnt_lead0_53b.v:196:10: Illegal implicit net "id:489, name:din_3_2_eq_0".
[ERR:EL0535] ${SURELOG_DIR}/tests/UtdSV/fpu_cnt_lead0_53b.v:197:10: Illegal implicit net "id:492, name:lead0_4b_0".
[ERR:EL0535] ${SURELOG_DIR}/tests/UtdSV/fpu_cnt_lead0_53b.v:203:10: Illegal implicit net "id:510, name:din_3_0_eq_0".
[ERR:EL0535] ${SURELOG_DIR}/tests/UtdSV/fpu_cnt_lead0_53b.v:204:10: Illegal implicit net "id:513, name:din_3_2_eq_0".
[ERR:EL0535] ${SURELOG_DIR}/tests/UtdSV/fpu_cnt_lead0_53b.v:205:10: Illegal implicit net "id:516, name:lead0_4b_0".
[ERR:EL0535] ${SURELOG_DIR}/tests/UtdSV/fpu_cnt_lead0_53b.v:211:10: Illegal implicit net "id:534, name:din_3_0_eq_0".
[ERR:EL0535] ${SURELOG_DIR}/tests/UtdSV/fpu_cnt_lead0_53b.v:212:10: Illegal implicit net "id:537, name:din_3_2_eq_0".
[ERR:EL0535] ${SURELOG_DIR}/tests/UtdSV/fpu_cnt_lead0_53b.v:213:10: Illegal implicit net "id:540, name:lead0_4b_0".
[ERR:EL0535] ${SURELOG_DIR}/tests/UtdSV/fpu_cnt_lead0_53b.v:219:10: Illegal implicit net "id:558, name:din_3_0_eq_0".
[ERR:EL0535] ${SURELOG_DIR}/tests/UtdSV/fpu_cnt_lead0_53b.v:220:10: Illegal implicit net "id:561, name:din_3_2_eq_0".
[ERR:EL0535] ${SURELOG_DIR}/tests/UtdSV/fpu_cnt_lead0_53b.v:221:10: Illegal implicit net "id:564, name:lead0_4b_0".
[ERR:EL0535] ${SURELOG_DIR}/tests/UtdSV/fpu_cnt_lead0_53b.v:227:10: Illegal implicit net "id:582, name:din_3_0_eq_0".
[ERR:EL0535] ${SURELOG_DIR}/tests/UtdSV/fpu_cnt_lead0_53b.v:228:10: Illegal implicit net "id:585, name:din_3_2_eq_0".
[ERR:EL0535] ${SURELOG_DIR}/tests/UtdSV/fpu_cnt_lead0_53b.v:229:10: Illegal implicit net "id:588, name:lead0_4b_0".
[ERR:EL0535] ${SURELOG_DIR}/tests/UtdSV/fpu_cnt_lead0_53b.v:235:10: Illegal implicit net "id:606, name:din_3_0_eq_0".
[ERR:EL0535] ${SURELOG_DIR}/tests/UtdSV/fpu_cnt_lead0_53b.v:236:10: Illegal implicit net "id:609, name:din_3_2_eq_0".
[ERR:EL0535] ${SURELOG_DIR}/tests/UtdSV/fpu_cnt_lead0_53b.v:237:10: Illegal implicit net "id:612, name:lead0_4b_0".
[ERR:EL0535] ${SURELOG_DIR}/tests/UtdSV/fpu_cnt_lead0_53b.v:244:3: Illegal implicit net "id:627, name:din_7_4_eq_0".
[ERR:EL0535] ${SURELOG_DIR}/tests/UtdSV/fpu_cnt_lead0_53b.v:245:3: Illegal implicit net "id:630, name:din_7_6_eq_0".
[ERR:EL0535] ${SURELOG_DIR}/tests/UtdSV/fpu_cnt_lead0_53b.v:246:3: Illegal implicit net "id:633, name:lead0_4b_0_hi".
[ERR:EL0535] ${SURELOG_DIR}/tests/UtdSV/fpu_cnt_lead0_53b.v:247:3: Illegal implicit net "id:636, name:din_3_0_eq_0".
[ERR:EL0535] ${SURELOG_DIR}/tests/UtdSV/fpu_cnt_lead0_53b.v:248:3: Illegal implicit net "id:639, name:din_3_2_eq_0".
[ERR:EL0535] ${SURELOG_DIR}/tests/UtdSV/fpu_cnt_lead0_53b.v:249:3: Illegal implicit net "id:642, name:lead0_4b_0_lo".
[ERR:EL0535] ${SURELOG_DIR}/tests/UtdSV/fpu_cnt_lead0_53b.v:251:3: Illegal implicit net "id:645, name:din_7_0_eq_0".
[ERR:EL0535] ${SURELOG_DIR}/tests/UtdSV/fpu_cnt_lead0_53b.v:252:3: Illegal implicit net "id:648, name:lead0_8b_1".
[ERR:EL0535] ${SURELOG_DIR}/tests/UtdSV/fpu_cnt_lead0_53b.v:253:3: Illegal implicit net "id:651, name:lead0_8b_0".
[ERR:EL0535] ${SURELOG_DIR}/tests/UtdSV/fpu_cnt_lead0_53b.v:257:10: Illegal implicit net "id:658, name:din_7_4_eq_0".
[ERR:EL0535] ${SURELOG_DIR}/tests/UtdSV/fpu_cnt_lead0_53b.v:258:10: Illegal implicit net "id:661, name:din_7_6_eq_0".
[ERR:EL0535] ${SURELOG_DIR}/tests/UtdSV/fpu_cnt_lead0_53b.v:259:10: Illegal implicit net "id:664, name:lead0_4b_0_hi".
[ERR:EL0535] ${SURELOG_DIR}/tests/UtdSV/fpu_cnt_lead0_53b.v:260:10: Illegal implicit net "id:667, name:din_3_0_eq_0".
[ERR:EL0535] ${SURELOG_DIR}/tests/UtdSV/fpu_cnt_lead0_53b.v:261:10: Illegal implicit net "id:670, name:din_3_2_eq_0".
[ERR:EL0535] ${SURELOG_DIR}/tests/UtdSV/fpu_cnt_lead0_53b.v:262:10: Illegal implicit net "id:673, name:lead0_4b_0_lo".
[ERR:EL0535] ${SURELOG_DIR}/tests/UtdSV/fpu_cnt_lead0_53b.v:264:10: Illegal implicit net "id:676, name:din_7_0_eq_0".
[ERR:EL0535] ${SURELOG_DIR}/tests/UtdSV/fpu_cnt_lead0_53b.v:265:10: Illegal implicit net "id:679, name:lead0_8b_1".
[ERR:EL0535] ${SURELOG_DIR}/tests/UtdSV/fpu_cnt_lead0_53b.v:266:10: Illegal implicit net "id:682, name:lead0_8b_0".
[ERR:EL0535] ${SURELOG_DIR}/tests/UtdSV/fpu_cnt_lead0_53b.v:270:10: Illegal implicit net "id:689, name:din_7_4_eq_0".
[ERR:EL0535] ${SURELOG_DIR}/tests/UtdSV/fpu_cnt_lead0_53b.v:271:10: Illegal implicit net "id:692, name:din_7_6_eq_0".
[ERR:EL0535] ${SURELOG_DIR}/tests/UtdSV/fpu_cnt_lead0_53b.v:272:10: Illegal implicit net "id:695, name:lead0_4b_0_hi".
[ERR:EL0535] ${SURELOG_DIR}/tests/UtdSV/fpu_cnt_lead0_53b.v:273:10: Illegal implicit net "id:698, name:din_3_0_eq_0".
[ERR:EL0535] ${SURELOG_DIR}/tests/UtdSV/fpu_cnt_lead0_53b.v:274:10: Illegal implicit net "id:701, name:din_3_2_eq_0".
[ERR:EL0535] ${SURELOG_DIR}/tests/UtdSV/fpu_cnt_lead0_53b.v:275:10: Illegal implicit net "id:704, name:lead0_4b_0_lo".
[ERR:EL0535] ${SURELOG_DIR}/tests/UtdSV/fpu_cnt_lead0_53b.v:277:10: Illegal implicit net "id:707, name:din_7_0_eq_0".
[ERR:EL0535] ${SURELOG_DIR}/tests/UtdSV/fpu_cnt_lead0_53b.v:278:10: Illegal implicit net "id:710, name:lead0_8b_1".
[ERR:EL0535] ${SURELOG_DIR}/tests/UtdSV/fpu_cnt_lead0_53b.v:279:10: Illegal implicit net "id:713, name:lead0_8b_0".
[ERR:EL0535] ${SURELOG_DIR}/tests/UtdSV/fpu_cnt_lead0_53b.v:283:10: Illegal implicit net "id:720, name:din_7_4_eq_0".
[ERR:EL0535] ${SURELOG_DIR}/tests/UtdSV/fpu_cnt_lead0_53b.v:284:10: Illegal implicit net "id:723, name:din_7_6_eq_0".
[ERR:EL0535] ${SURELOG_DIR}/tests/UtdSV/fpu_cnt_lead0_53b.v:285:10: Illegal implicit net "id:726, name:lead0_4b_0_hi".
[ERR:EL0535] ${SURELOG_DIR}/tests/UtdSV/fpu_cnt_lead0_53b.v:286:10: Illegal implicit net "id:729, name:din_3_0_eq_0".
[ERR:EL0535] ${SURELOG_DIR}/tests/UtdSV/fpu_cnt_lead0_53b.v:287:10: Illegal implicit net "id:732, name:din_3_2_eq_0".
[ERR:EL0535] ${SURELOG_DIR}/tests/UtdSV/fpu_cnt_lead0_53b.v:288:10: Illegal implicit net "id:735, name:lead0_4b_0_lo".
[ERR:EL0535] ${SURELOG_DIR}/tests/UtdSV/fpu_cnt_lead0_53b.v:290:10: Illegal implicit net "id:738, name:din_7_0_eq_0".
[ERR:EL0535] ${SURELOG_DIR}/tests/UtdSV/fpu_cnt_lead0_53b.v:291:10: Illegal implicit net "id:741, name:lead0_8b_1".
[ERR:EL0535] ${SURELOG_DIR}/tests/UtdSV/fpu_cnt_lead0_53b.v:292:10: Illegal implicit net "id:744, name:lead0_8b_0".
[ERR:EL0535] ${SURELOG_DIR}/tests/UtdSV/fpu_cnt_lead0_53b.v:296:10: Illegal implicit net "id:751, name:din_7_4_eq_0".
[ERR:EL0535] ${SURELOG_DIR}/tests/UtdSV/fpu_cnt_lead0_53b.v:297:10: Illegal implicit net "id:754, name:din_7_6_eq_0".
[ERR:EL0535] ${SURELOG_DIR}/tests/UtdSV/fpu_cnt_lead0_53b.v:298:10: Illegal implicit net "id:757, name:lead0_4b_0_hi".
[ERR:EL0535] ${SURELOG_DIR}/tests/UtdSV/fpu_cnt_lead0_53b.v:299:10: Illegal implicit net "id:760, name:din_3_0_eq_0".
[ERR:EL0535] ${SURELOG_DIR}/tests/UtdSV/fpu_cnt_lead0_53b.v:300:10: Illegal implicit net "id:763, name:din_3_2_eq_0".
[ERR:EL0535] ${SURELOG_DIR}/tests/UtdSV/fpu_cnt_lead0_53b.v:301:10: Illegal implicit net "id:766, name:lead0_4b_0_lo".
[ERR:EL0535] ${SURELOG_DIR}/tests/UtdSV/fpu_cnt_lead0_53b.v:303:10: Illegal implicit net "id:769, name:din_7_0_eq_0".
[ERR:EL0535] ${SURELOG_DIR}/tests/UtdSV/fpu_cnt_lead0_53b.v:304:10: Illegal implicit net "id:772, name:lead0_8b_1".
[ERR:EL0535] ${SURELOG_DIR}/tests/UtdSV/fpu_cnt_lead0_53b.v:305:10: Illegal implicit net "id:775, name:lead0_8b_0".
[ERR:EL0535] ${SURELOG_DIR}/tests/UtdSV/fpu_cnt_lead0_53b.v:309:10: Illegal implicit net "id:782, name:din_7_4_eq_0".
[ERR:EL0535] ${SURELOG_DIR}/tests/UtdSV/fpu_cnt_lead0_53b.v:310:10: Illegal implicit net "id:785, name:din_7_6_eq_0".
[ERR:EL0535] ${SURELOG_DIR}/tests/UtdSV/fpu_cnt_lead0_53b.v:311:10: Illegal implicit net "id:788, name:lead0_4b_0_hi".
[ERR:EL0535] ${SURELOG_DIR}/tests/UtdSV/fpu_cnt_lead0_53b.v:312:10: Illegal implicit net "id:791, name:din_3_0_eq_0".
[ERR:EL0535] ${SURELOG_DIR}/tests/UtdSV/fpu_cnt_lead0_53b.v:313:10: Illegal implicit net "id:794, name:din_3_2_eq_0".
[ERR:EL0535] ${SURELOG_DIR}/tests/UtdSV/fpu_cnt_lead0_53b.v:314:10: Illegal implicit net "id:797, name:lead0_4b_0_lo".
[ERR:EL0535] ${SURELOG_DIR}/tests/UtdSV/fpu_cnt_lead0_53b.v:316:10: Illegal implicit net "id:800, name:din_7_0_eq_0".
[ERR:EL0535] ${SURELOG_DIR}/tests/UtdSV/fpu_cnt_lead0_53b.v:317:10: Illegal implicit net "id:803, name:lead0_8b_1".
[ERR:EL0535] ${SURELOG_DIR}/tests/UtdSV/fpu_cnt_lead0_53b.v:318:10: Illegal implicit net "id:806, name:lead0_8b_0".
[ERR:EL0535] ${SURELOG_DIR}/tests/UtdSV/fpu_cnt_lead0_53b.v:328:3: Illegal implicit net "id:829, name:din_15_8_eq_0".
[ERR:EL0535] ${SURELOG_DIR}/tests/UtdSV/fpu_cnt_lead0_53b.v:329:3: Illegal implicit net "id:832, name:din_15_12_eq_0".
[ERR:EL0535] ${SURELOG_DIR}/tests/UtdSV/fpu_cnt_lead0_53b.v:330:3: Illegal implicit net "id:835, name:lead0_8b_1_hi".
[ERR:EL0535] ${SURELOG_DIR}/tests/UtdSV/fpu_cnt_lead0_53b.v:331:3: Illegal implicit net "id:838, name:lead0_8b_0_hi".
[ERR:EL0535] ${SURELOG_DIR}/tests/UtdSV/fpu_cnt_lead0_53b.v:332:3: Illegal implicit net "id:841, name:din_7_0_eq_0".
[ERR:EL0535] ${SURELOG_DIR}/tests/UtdSV/fpu_cnt_lead0_53b.v:333:3: Illegal implicit net "id:844, name:din_7_4_eq_0".
[ERR:EL0535] ${SURELOG_DIR}/tests/UtdSV/fpu_cnt_lead0_53b.v:334:3: Illegal implicit net "id:847, name:lead0_8b_1_lo".
[ERR:EL0535] ${SURELOG_DIR}/tests/UtdSV/fpu_cnt_lead0_53b.v:335:3: Illegal implicit net "id:850, name:lead0_8b_0_lo".
[ERR:EL0535] ${SURELOG_DIR}/tests/UtdSV/fpu_cnt_lead0_53b.v:337:3: Illegal implicit net "id:853, name:din_15_0_eq_0".
[ERR:EL0535] ${SURELOG_DIR}/tests/UtdSV/fpu_cnt_lead0_53b.v:338:3: Illegal implicit net "id:856, name:lead0_16b_2".
[ERR:EL0535] ${SURELOG_DIR}/tests/UtdSV/fpu_cnt_lead0_53b.v:339:3: Illegal implicit net "id:859, name:lead0_16b_1".
[ERR:EL0535] ${SURELOG_DIR}/tests/UtdSV/fpu_cnt_lead0_53b.v:340:3: Illegal implicit net "id:862, name:lead0_16b_0".
[ERR:EL0535] ${SURELOG_DIR}/tests/UtdSV/fpu_cnt_lead0_53b.v:344:10: Illegal implicit net "id:869, name:din_15_8_eq_0".
[ERR:EL0535] ${SURELOG_DIR}/tests/UtdSV/fpu_cnt_lead0_53b.v:345:10: Illegal implicit net "id:872, name:din_15_12_eq_0".
[ERR:EL0535] ${SURELOG_DIR}/tests/UtdSV/fpu_cnt_lead0_53b.v:346:10: Illegal implicit net "id:875, name:lead0_8b_1_hi".
[ERR:EL0535] ${SURELOG_DIR}/tests/UtdSV/fpu_cnt_lead0_53b.v:347:10: Illegal implicit net "id:878, name:lead0_8b_0_hi".
[ERR:EL0535] ${SURELOG_DIR}/tests/UtdSV/fpu_cnt_lead0_53b.v:348:10: Illegal implicit net "id:881, name:din_7_0_eq_0".
[ERR:EL0535] ${SURELOG_DIR}/tests/UtdSV/fpu_cnt_lead0_53b.v:349:10: Illegal implicit net "id:884, name:din_7_4_eq_0".
[ERR:EL0535] ${SURELOG_DIR}/tests/UtdSV/fpu_cnt_lead0_53b.v:350:10: Illegal implicit net "id:887, name:lead0_8b_1_lo".
[ERR:EL0535] ${SURELOG_DIR}/tests/UtdSV/fpu_cnt_lead0_53b.v:351:10: Illegal implicit net "id:890, name:lead0_8b_0_lo".
[ERR:EL0535] ${SURELOG_DIR}/tests/UtdSV/fpu_cnt_lead0_53b.v:353:10: Illegal implicit net "id:893, name:din_15_0_eq_0".
[ERR:EL0535] ${SURELOG_DIR}/tests/UtdSV/fpu_cnt_lead0_53b.v:354:10: Illegal implicit net "id:896, name:lead0_16b_2".
[ERR:EL0535] ${SURELOG_DIR}/tests/UtdSV/fpu_cnt_lead0_53b.v:355:10: Illegal implicit net "id:899, name:lead0_16b_1".
[ERR:EL0535] ${SURELOG_DIR}/tests/UtdSV/fpu_cnt_lead0_53b.v:356:10: Illegal implicit net "id:902, name:lead0_16b_0".
[ERR:EL0535] ${SURELOG_DIR}/tests/UtdSV/fpu_cnt_lead0_53b.v:360:10: Illegal implicit net "id:909, name:din_15_8_eq_0".
[ERR:EL0535] ${SURELOG_DIR}/tests/UtdSV/fpu_cnt_lead0_53b.v:361:10: Illegal implicit net "id:912, name:din_15_12_eq_0".
[ERR:EL0535] ${SURELOG_DIR}/tests/UtdSV/fpu_cnt_lead0_53b.v:362:10: Illegal implicit net "id:915, name:lead0_8b_1_hi".
[ERR:EL0535] ${SURELOG_DIR}/tests/UtdSV/fpu_cnt_lead0_53b.v:363:10: Illegal implicit net "id:918, name:lead0_8b_0_hi".
[ERR:EL0535] ${SURELOG_DIR}/tests/UtdSV/fpu_cnt_lead0_53b.v:364:10: Illegal implicit net "id:921, name:din_7_0_eq_0".
[ERR:EL0535] ${SURELOG_DIR}/tests/UtdSV/fpu_cnt_lead0_53b.v:365:10: Illegal implicit net "id:924, name:din_7_4_eq_0".
[ERR:EL0535] ${SURELOG_DIR}/tests/UtdSV/fpu_cnt_lead0_53b.v:366:10: Illegal implicit net "id:927, name:lead0_8b_1_lo".
[ERR:EL0535] ${SURELOG_DIR}/tests/UtdSV/fpu_cnt_lead0_53b.v:367:10: Illegal implicit net "id:930, name:lead0_8b_0_lo".
[ERR:EL0535] ${SURELOG_DIR}/tests/UtdSV/fpu_cnt_lead0_53b.v:369:10: Illegal implicit net "id:933, name:din_15_0_eq_0".
[ERR:EL0535] ${SURELOG_DIR}/tests/UtdSV/fpu_cnt_lead0_53b.v:370:10: Illegal implicit net "id:936, name:lead0_16b_2".
[ERR:EL0535] ${SURELOG_DIR}/tests/UtdSV/fpu_cnt_lead0_53b.v:371:10: Illegal implicit net "id:939, name:lead0_16b_1".
[ERR:EL0535] ${SURELOG_DIR}/tests/UtdSV/fpu_cnt_lead0_53b.v:372:10: Illegal implicit net "id:942, name:lead0_16b_0".
[ERR:EL0535] ${SURELOG_DIR}/tests/UtdSV/fpu_cnt_lead0_53b.v:379:3: Illegal implicit net "id:952, name:din_31_16_eq_0".
[ERR:EL0535] ${SURELOG_DIR}/tests/UtdSV/fpu_cnt_lead0_53b.v:380:3: Illegal implicit net "id:955, name:din_31_24_eq_0".
[ERR:EL0535] ${SURELOG_DIR}/tests/UtdSV/fpu_cnt_lead0_53b.v:381:3: Illegal implicit net "id:958, name:lead0_16b_2_hi".
[ERR:EL0535] ${SURELOG_DIR}/tests/UtdSV/fpu_cnt_lead0_53b.v:382:3: Illegal implicit net "id:961, name:lead0_16b_1_hi".
[ERR:EL0535] ${SURELOG_DIR}/tests/UtdSV/fpu_cnt_lead0_53b.v:383:3: Illegal implicit net "id:964, name:lead0_16b_0_hi".
[ERR:EL0535] ${SURELOG_DIR}/tests/UtdSV/fpu_cnt_lead0_53b.v:384:3: Illegal implicit net "id:967, name:din_15_0_eq_0".
[ERR:EL0535] ${SURELOG_DIR}/tests/UtdSV/fpu_cnt_lead0_53b.v:385:3: Illegal implicit net "id:970, name:din_15_8_eq_0".
[ERR:EL0535] ${SURELOG_DIR}/tests/UtdSV/fpu_cnt_lead0_53b.v:386:3: Illegal implicit net "id:973, name:lead0_16b_2_lo".
[ERR:EL0535] ${SURELOG_DIR}/tests/UtdSV/fpu_cnt_lead0_53b.v:387:3: Illegal implicit net "id:976, name:lead0_16b_1_lo".
[ERR:EL0535] ${SURELOG_DIR}/tests/UtdSV/fpu_cnt_lead0_53b.v:388:3: Illegal implicit net "id:979, name:lead0_16b_0_lo".
[ERR:EL0535] ${SURELOG_DIR}/tests/UtdSV/fpu_cnt_lead0_53b.v:390:3: Illegal implicit net "id:982, name:din_31_0_eq_0".
[ERR:EL0535] ${SURELOG_DIR}/tests/UtdSV/fpu_cnt_lead0_53b.v:391:3: Illegal implicit net "id:985, name:lead0_32b_3".
[ERR:EL0535] ${SURELOG_DIR}/tests/UtdSV/fpu_cnt_lead0_53b.v:392:3: Illegal implicit net "id:988, name:lead0_32b_2".
[ERR:EL0535] ${SURELOG_DIR}/tests/UtdSV/fpu_cnt_lead0_53b.v:393:3: Illegal implicit net "id:991, name:lead0_32b_1".
[ERR:EL0535] ${SURELOG_DIR}/tests/UtdSV/fpu_cnt_lead0_53b.v:394:3: Illegal implicit net "id:994, name:lead0_32b_0".
[ERR:EL0535] ${SURELOG_DIR}/tests/UtdSV/fpu_cnt_lead0_53b.v:398:10: Illegal implicit net "id:1001, name:din_31_16_eq_0".
[ERR:EL0535] ${SURELOG_DIR}/tests/UtdSV/fpu_cnt_lead0_53b.v:399:10: Illegal implicit net "id:1004, name:din_31_24_eq_0".
[ERR:EL0535] ${SURELOG_DIR}/tests/UtdSV/fpu_cnt_lead0_53b.v:400:10: Illegal implicit net "id:1007, name:lead0_16b_2_hi".
[ERR:EL0535] ${SURELOG_DIR}/tests/UtdSV/fpu_cnt_lead0_53b.v:401:10: Illegal implicit net "id:1010, name:lead0_16b_1_hi".
[ERR:EL0535] ${SURELOG_DIR}/tests/UtdSV/fpu_cnt_lead0_53b.v:402:10: Illegal implicit net "id:1013, name:lead0_16b_0_hi".
[ERR:EL0535] ${SURELOG_DIR}/tests/UtdSV/fpu_cnt_lead0_53b.v:403:10: Illegal implicit net "id:1018, name:din_15_0_eq_0".
[ERR:EL0535] ${SURELOG_DIR}/tests/UtdSV/fpu_cnt_lead0_53b.v:404:10: Illegal implicit net "id:1023, name:din_15_8_eq_0".
[ERR:EL0535] ${SURELOG_DIR}/tests/UtdSV/fpu_cnt_lead0_53b.v:405:10: Illegal implicit net "id:1026, name:lead0_16b_2_lo".
[ERR:EL0535] ${SURELOG_DIR}/tests/UtdSV/fpu_cnt_lead0_53b.v:406:10: Illegal implicit net "id:1029, name:lead0_16b_1_lo".
[ERR:EL0535] ${SURELOG_DIR}/tests/UtdSV/fpu_cnt_lead0_53b.v:407:10: Illegal implicit net "id:1032, name:lead0_16b_0_lo".
[ERR:EL0535] ${SURELOG_DIR}/tests/UtdSV/fpu_cnt_lead0_53b.v:409:10: Illegal implicit net "id:1034, name:din_31_0_eq_0".
[ERR:EL0535] ${SURELOG_DIR}/tests/UtdSV/fpu_cnt_lead0_53b.v:410:10: Illegal implicit net "id:1037, name:lead0_32b_3".
[ERR:EL0535] ${SURELOG_DIR}/tests/UtdSV/fpu_cnt_lead0_53b.v:411:10: Illegal implicit net "id:1040, name:lead0_32b_2".
[ERR:EL0535] ${SURELOG_DIR}/tests/UtdSV/fpu_cnt_lead0_53b.v:412:10: Illegal implicit net "id:1043, name:lead0_32b_1".
[ERR:EL0535] ${SURELOG_DIR}/tests/UtdSV/fpu_cnt_lead0_53b.v:413:10: Illegal implicit net "id:1046, name:lead0_32b_0".
====== UHDM =======
Design name:unnamed:
  vpiName: unnamed
  vpiSourceFiles (1 items):
    SourceFile name:fpu_cnt_lead0_53b.v file:${SURELOG_DIR}/tests/UtdSV/fpu_cnt_lead0_53b.v:
      vpiParent: Design name:unnamed
      vpiName: fpu_cnt_lead0_53b.v
      vpiPreprocFile: "${SURELOG_DIR}/regression/UtdSV/fpu_cnt_lead0_53b.v/slpp_all/lib/work/fpu_cnt_lead0_53b.v"
      vpiDefNetType: none (12)
  vpiAllModules (1 items):
    Module name:work@fpu_cnt_lead0_53b file:${SURELOG_DIR}/tests/UtdSV/fpu_cnt_lead0_53b.v start:27:1 end:436:10:
      vpiParent: Design name:unnamed
      vpiName Identifier name:work@fpu_cnt_lead0_53b start:27:8 end:27:25:
        vpiParent: Module name:work@fpu_cnt_lead0_53b
        vpiName: work@fpu_cnt_lead0_53b
      vpiFullName: work@fpu_cnt_lead0_53b
      vpiTypespec (29 items):
        LogicTypespec:
          vpiParent: Module name:work@fpu_cnt_lead0_53b
          vpiRange (1 items):
            Range start:34:7 end:34:13:
              vpiParent: LogicTypespec
              vpiLeftRange Constant start:34:8 end:34:10:
                vpiParent: Range
                vpiTypespec RefTypespec:
                  vpiParent: Constant
                  vpiFullName: work@fpu_cnt_lead0_53b
                  vpiActual: IntTypespec
                vpiConstType: unsigned int (9)
                vpiSize: 64
                vpiDecompile: "52"
                vpiValue: 52
              vpiRightRange Constant start:34:11 end:34:12:
                vpiParent: Range
                vpiTypespec RefTypespec:
                  vpiParent: Constant
                  vpiFullName: work@fpu_cnt_lead0_53b
                  vpiActual: IntTypespec
                vpiConstType: unsigned int (9)
                vpiSize: 64
                vpiDecompile: "0"
                vpiValue: 0
          vpiVector: true
        LogicTypespec:
          vpiParent: Module name:work@fpu_cnt_lead0_53b
          vpiRange (1 items):
            Range start:36:8 end:36:13:
              vpiParent: LogicTypespec
              vpiLeftRange Constant start:36:9 end:36:10:
                vpiParent: Range
                vpiTypespec RefTypespec:
                  vpiParent: Constant
                  vpiFullName: work@fpu_cnt_lead0_53b
                  vpiActual: IntTypespec
                vpiConstType: unsigned int (9)
                vpiSize: 64
                vpiDecompile: "5"
                vpiValue: 5
              vpiRightRange Constant start:36:11 end:36:12:
                vpiParent: Range
                vpiTypespec RefTypespec:
                  vpiParent: Constant
                  vpiFullName: work@fpu_cnt_lead0_53b
                  vpiActual: IntTypespec
                vpiConstType: unsigned int (9)
                vpiSize: 64
                vpiDecompile: "0"
                vpiValue: 0
          vpiVector: true
        LogicTypespec:
          vpiParent: Module name:work@fpu_cnt_lead0_53b
        LogicTypespec:
          vpiParent: Module name:work@fpu_cnt_lead0_53b
          vpiRange (1 items):
            Range start:127:6 end:127:11:
              vpiParent: LogicTypespec
              vpiLeftRange Constant start:127:7 end:127:8:
                vpiParent: Range
                vpiTypespec RefTypespec:
                  vpiParent: Constant
                  vpiFullName: work@fpu_cnt_lead0_53b
                  vpiActual: IntTypespec
                vpiConstType: unsigned int (9)
                vpiSize: 64
                vpiDecompile: "5"
                vpiValue: 5
              vpiRightRange Constant start:127:9 end:127:10:
                vpiParent: Range
                vpiTypespec RefTypespec:
                  vpiParent: Constant
                  vpiFullName: work@fpu_cnt_lead0_53b
                  vpiActual: IntTypespec
                vpiConstType: unsigned int (9)
                vpiSize: 64
                vpiDecompile: "0"
                vpiValue: 0
          vpiVector: true
        UnsupportedTypespec name:work@fpu_cnt_lead0_lvl1 start:136:1 end:136:19:
          vpiParent: Module name:work@fpu_cnt_lead0_53b
          vpiName Identifier name:work@fpu_cnt_lead0_lvl1 start:136:1 end:136:19:
            vpiParent: UnsupportedTypespec name:work@fpu_cnt_lead0_lvl1
            vpiName: work@fpu_cnt_lead0_lvl1
        UnsupportedTypespec name:work@fpu_cnt_lead0_lvl1 start:144:1 end:144:19:
          vpiParent: Module name:work@fpu_cnt_lead0_53b
          vpiName Identifier name:work@fpu_cnt_lead0_lvl1 start:144:1 end:144:19:
            vpiParent: UnsupportedTypespec name:work@fpu_cnt_lead0_lvl1
            vpiName: work@fpu_cnt_lead0_lvl1
        UnsupportedTypespec name:work@fpu_cnt_lead0_lvl1 start:152:1 end:152:19:
          vpiParent: Module name:work@fpu_cnt_lead0_53b
          vpiName Identifier name:work@fpu_cnt_lead0_lvl1 start:152:1 end:152:19:
            vpiParent: UnsupportedTypespec name:work@fpu_cnt_lead0_lvl1
            vpiName: work@fpu_cnt_lead0_lvl1
        UnsupportedTypespec name:work@fpu_cnt_lead0_lvl1 start:160:1 end:160:19:
          vpiParent: Module name:work@fpu_cnt_lead0_53b
          vpiName Identifier name:work@fpu_cnt_lead0_lvl1 start:160:1 end:160:19:
            vpiParent: UnsupportedTypespec name:work@fpu_cnt_lead0_lvl1
            vpiName: work@fpu_cnt_lead0_lvl1
        UnsupportedTypespec name:work@fpu_cnt_lead0_lvl1 start:168:1 end:168:19:
          vpiParent: Module name:work@fpu_cnt_lead0_53b
          vpiName Identifier name:work@fpu_cnt_lead0_lvl1 start:168:1 end:168:19:
            vpiParent: UnsupportedTypespec name:work@fpu_cnt_lead0_lvl1
            vpiName: work@fpu_cnt_lead0_lvl1
        UnsupportedTypespec name:work@fpu_cnt_lead0_lvl1 start:176:1 end:176:19:
          vpiParent: Module name:work@fpu_cnt_lead0_53b
          vpiName Identifier name:work@fpu_cnt_lead0_lvl1 start:176:1 end:176:19:
            vpiParent: UnsupportedTypespec name:work@fpu_cnt_lead0_lvl1
            vpiName: work@fpu_cnt_lead0_lvl1
        UnsupportedTypespec name:work@fpu_cnt_lead0_lvl1 start:184:1 end:184:19:
          vpiParent: Module name:work@fpu_cnt_lead0_53b
          vpiName Identifier name:work@fpu_cnt_lead0_lvl1 start:184:1 end:184:19:
            vpiParent: UnsupportedTypespec name:work@fpu_cnt_lead0_lvl1
            vpiName: work@fpu_cnt_lead0_lvl1
        UnsupportedTypespec name:work@fpu_cnt_lead0_lvl1 start:192:1 end:192:19:
          vpiParent: Module name:work@fpu_cnt_lead0_53b
          vpiName Identifier name:work@fpu_cnt_lead0_lvl1 start:192:1 end:192:19:
            vpiParent: UnsupportedTypespec name:work@fpu_cnt_lead0_lvl1
            vpiName: work@fpu_cnt_lead0_lvl1
        UnsupportedTypespec name:work@fpu_cnt_lead0_lvl1 start:200:1 end:200:19:
          vpiParent: Module name:work@fpu_cnt_lead0_53b
          vpiName Identifier name:work@fpu_cnt_lead0_lvl1 start:200:1 end:200:19:
            vpiParent: UnsupportedTypespec name:work@fpu_cnt_lead0_lvl1
            vpiName: work@fpu_cnt_lead0_lvl1
        UnsupportedTypespec name:work@fpu_cnt_lead0_lvl1 start:208:1 end:208:19:
          vpiParent: Module name:work@fpu_cnt_lead0_53b
          vpiName Identifier name:work@fpu_cnt_lead0_lvl1 start:208:1 end:208:19:
            vpiParent: UnsupportedTypespec name:work@fpu_cnt_lead0_lvl1
            vpiName: work@fpu_cnt_lead0_lvl1
        UnsupportedTypespec name:work@fpu_cnt_lead0_lvl1 start:216:1 end:216:19:
          vpiParent: Module name:work@fpu_cnt_lead0_53b
          vpiName Identifier name:work@fpu_cnt_lead0_lvl1 start:216:1 end:216:19:
            vpiParent: UnsupportedTypespec name:work@fpu_cnt_lead0_lvl1
            vpiName: work@fpu_cnt_lead0_lvl1
        UnsupportedTypespec name:work@fpu_cnt_lead0_lvl1 start:224:1 end:224:19:
          vpiParent: Module name:work@fpu_cnt_lead0_53b
          vpiName Identifier name:work@fpu_cnt_lead0_lvl1 start:224:1 end:224:19:
            vpiParent: UnsupportedTypespec name:work@fpu_cnt_lead0_lvl1
            vpiName: work@fpu_cnt_lead0_lvl1
        UnsupportedTypespec name:work@fpu_cnt_lead0_lvl1 start:232:1 end:232:19:
          vpiParent: Module name:work@fpu_cnt_lead0_53b
          vpiName Identifier name:work@fpu_cnt_lead0_lvl1 start:232:1 end:232:19:
            vpiParent: UnsupportedTypespec name:work@fpu_cnt_lead0_lvl1
            vpiName: work@fpu_cnt_lead0_lvl1
        UnsupportedTypespec name:work@fpu_cnt_lead0_lvl2 start:243:1 end:243:19:
          vpiParent: Module name:work@fpu_cnt_lead0_53b
          vpiName Identifier name:work@fpu_cnt_lead0_lvl2 start:243:1 end:243:19:
            vpiParent: UnsupportedTypespec name:work@fpu_cnt_lead0_lvl2
            vpiName: work@fpu_cnt_lead0_lvl2
        UnsupportedTypespec name:work@fpu_cnt_lead0_lvl2 start:256:1 end:256:19:
          vpiParent: Module name:work@fpu_cnt_lead0_53b
          vpiName Identifier name:work@fpu_cnt_lead0_lvl2 start:256:1 end:256:19:
            vpiParent: UnsupportedTypespec name:work@fpu_cnt_lead0_lvl2
            vpiName: work@fpu_cnt_lead0_lvl2
        UnsupportedTypespec name:work@fpu_cnt_lead0_lvl2 start:269:1 end:269:19:
          vpiParent: Module name:work@fpu_cnt_lead0_53b
          vpiName Identifier name:work@fpu_cnt_lead0_lvl2 start:269:1 end:269:19:
            vpiParent: UnsupportedTypespec name:work@fpu_cnt_lead0_lvl2
            vpiName: work@fpu_cnt_lead0_lvl2
        UnsupportedTypespec name:work@fpu_cnt_lead0_lvl2 start:282:1 end:282:19:
          vpiParent: Module name:work@fpu_cnt_lead0_53b
          vpiName Identifier name:work@fpu_cnt_lead0_lvl2 start:282:1 end:282:19:
            vpiParent: UnsupportedTypespec name:work@fpu_cnt_lead0_lvl2
            vpiName: work@fpu_cnt_lead0_lvl2
        UnsupportedTypespec name:work@fpu_cnt_lead0_lvl2 start:295:1 end:295:19:
          vpiParent: Module name:work@fpu_cnt_lead0_53b
          vpiName Identifier name:work@fpu_cnt_lead0_lvl2 start:295:1 end:295:19:
            vpiParent: UnsupportedTypespec name:work@fpu_cnt_lead0_lvl2
            vpiName: work@fpu_cnt_lead0_lvl2
        UnsupportedTypespec name:work@fpu_cnt_lead0_lvl2 start:308:1 end:308:19:
          vpiParent: Module name:work@fpu_cnt_lead0_53b
          vpiName Identifier name:work@fpu_cnt_lead0_lvl2 start:308:1 end:308:19:
            vpiParent: UnsupportedTypespec name:work@fpu_cnt_lead0_lvl2
            vpiName: work@fpu_cnt_lead0_lvl2
        UnsupportedTypespec name:work@fpu_cnt_lead0_lvl3 start:327:1 end:327:19:
          vpiParent: Module name:work@fpu_cnt_lead0_53b
          vpiName Identifier name:work@fpu_cnt_lead0_lvl3 start:327:1 end:327:19:
            vpiParent: UnsupportedTypespec name:work@fpu_cnt_lead0_lvl3
            vpiName: work@fpu_cnt_lead0_lvl3
        UnsupportedTypespec name:work@fpu_cnt_lead0_lvl3 start:343:1 end:343:19:
          vpiParent: Module name:work@fpu_cnt_lead0_53b
          vpiName Identifier name:work@fpu_cnt_lead0_lvl3 start:343:1 end:343:19:
            vpiParent: UnsupportedTypespec name:work@fpu_cnt_lead0_lvl3
            vpiName: work@fpu_cnt_lead0_lvl3
        UnsupportedTypespec name:work@fpu_cnt_lead0_lvl3 start:359:1 end:359:19:
          vpiParent: Module name:work@fpu_cnt_lead0_53b
          vpiName Identifier name:work@fpu_cnt_lead0_lvl3 start:359:1 end:359:19:
            vpiParent: UnsupportedTypespec name:work@fpu_cnt_lead0_lvl3
            vpiName: work@fpu_cnt_lead0_lvl3
        UnsupportedTypespec name:work@fpu_cnt_lead0_lvl4 start:378:1 end:378:19:
          vpiParent: Module name:work@fpu_cnt_lead0_53b
          vpiName Identifier name:work@fpu_cnt_lead0_lvl4 start:378:1 end:378:19:
            vpiParent: UnsupportedTypespec name:work@fpu_cnt_lead0_lvl4
            vpiName: work@fpu_cnt_lead0_lvl4
        BitTypespec:
          vpiParent: Module name:work@fpu_cnt_lead0_53b
        UnsupportedTypespec name:work@fpu_cnt_lead0_lvl4 start:397:1 end:397:19:
          vpiParent: Module name:work@fpu_cnt_lead0_53b
          vpiName Identifier name:work@fpu_cnt_lead0_lvl4 start:397:1 end:397:19:
            vpiParent: UnsupportedTypespec name:work@fpu_cnt_lead0_lvl4
            vpiName: work@fpu_cnt_lead0_lvl4
      vpiDefName: work@fpu_cnt_lead0_53b
      vpiDefNetType: none (12)
      vpiNet (90 items):
        Net name:din start:34:14 end:34:17:
          vpiParent: Module name:work@fpu_cnt_lead0_53b
          vpiTypespec RefTypespec start:34:7 end:34:13:
            vpiParent: Net name:din
            vpiFullName: work@fpu_cnt_lead0_53b.din
            vpiActual: LogicTypespec
          vpiName: din
          vpiFullName: work@fpu_cnt_lead0_53b.din
        Net name:lead0 start:36:14 end:36:19:
          vpiParent: Module name:work@fpu_cnt_lead0_53b
          vpiTypespec RefTypespec start:36:8 end:36:13:
            vpiParent: Net name:lead0
            vpiFullName: work@fpu_cnt_lead0_53b.lead0
            vpiActual: LogicTypespec
          vpiName: lead0
          vpiFullName: work@fpu_cnt_lead0_53b.lead0
          vpiNetType: wire (1)
        Net name:din_52_49_eq_0 start:39:7 end:39:21:
          vpiParent: Module name:work@fpu_cnt_lead0_53b
          vpiTypespec RefTypespec start:39:7 end:39:7:
            vpiParent: Net name:din_52_49_eq_0
            vpiFullName: work@fpu_cnt_lead0_53b.din_52_49_eq_0
            vpiActual: LogicTypespec
          vpiName: din_52_49_eq_0
          vpiFullName: work@fpu_cnt_lead0_53b.din_52_49_eq_0
          vpiNetType: wire (1)
        Net name:din_52_51_eq_0 start:40:7 end:40:21:
          vpiParent: Module name:work@fpu_cnt_lead0_53b
          vpiTypespec RefTypespec start:40:7 end:40:7:
            vpiParent: Net name:din_52_51_eq_0
            vpiFullName: work@fpu_cnt_lead0_53b.din_52_51_eq_0
            vpiActual: LogicTypespec
          vpiName: din_52_51_eq_0
          vpiFullName: work@fpu_cnt_lead0_53b.din_52_51_eq_0
          vpiNetType: wire (1)
        Net name:lead0_52_49_0 start:41:7 end:41:20:
          vpiParent: Module name:work@fpu_cnt_lead0_53b
          vpiTypespec RefTypespec start:41:7 end:41:7:
            vpiParent: Net name:lead0_52_49_0
            vpiFullName: work@fpu_cnt_lead0_53b.lead0_52_49_0
            vpiActual: LogicTypespec
          vpiName: lead0_52_49_0
          vpiFullName: work@fpu_cnt_lead0_53b.lead0_52_49_0
          vpiNetType: wire (1)
        Net name:din_48_45_eq_0 start:42:7 end:42:21:
          vpiParent: Module name:work@fpu_cnt_lead0_53b
          vpiTypespec RefTypespec start:42:7 end:42:7:
            vpiParent: Net name:din_48_45_eq_0
            vpiFullName: work@fpu_cnt_lead0_53b.din_48_45_eq_0
            vpiActual: LogicTypespec
          vpiName: din_48_45_eq_0
          vpiFullName: work@fpu_cnt_lead0_53b.din_48_45_eq_0
          vpiNetType: wire (1)
        Net name:din_48_47_eq_0 start:43:7 end:43:21:
          vpiParent: Module name:work@fpu_cnt_lead0_53b
          vpiTypespec RefTypespec start:43:7 end:43:7:
            vpiParent: Net name:din_48_47_eq_0
            vpiFullName: work@fpu_cnt_lead0_53b.din_48_47_eq_0
            vpiActual: LogicTypespec
          vpiName: din_48_47_eq_0
          vpiFullName: work@fpu_cnt_lead0_53b.din_48_47_eq_0
          vpiNetType: wire (1)
        Net name:lead0_48_45_0 start:44:7 end:44:20:
          vpiParent: Module name:work@fpu_cnt_lead0_53b
          vpiTypespec RefTypespec start:44:7 end:44:7:
            vpiParent: Net name:lead0_48_45_0
            vpiFullName: work@fpu_cnt_lead0_53b.lead0_48_45_0
            vpiActual: LogicTypespec
          vpiName: lead0_48_45_0
          vpiFullName: work@fpu_cnt_lead0_53b.lead0_48_45_0
          vpiNetType: wire (1)
        Net name:din_44_41_eq_0 start:45:7 end:45:21:
          vpiParent: Module name:work@fpu_cnt_lead0_53b
          vpiTypespec RefTypespec start:45:7 end:45:7:
            vpiParent: Net name:din_44_41_eq_0
            vpiFullName: work@fpu_cnt_lead0_53b.din_44_41_eq_0
            vpiActual: LogicTypespec
          vpiName: din_44_41_eq_0
          vpiFullName: work@fpu_cnt_lead0_53b.din_44_41_eq_0
          vpiNetType: wire (1)
        Net name:din_44_43_eq_0 start:46:7 end:46:21:
          vpiParent: Module name:work@fpu_cnt_lead0_53b
          vpiTypespec RefTypespec start:46:7 end:46:7:
            vpiParent: Net name:din_44_43_eq_0
            vpiFullName: work@fpu_cnt_lead0_53b.din_44_43_eq_0
            vpiActual: LogicTypespec
          vpiName: din_44_43_eq_0
          vpiFullName: work@fpu_cnt_lead0_53b.din_44_43_eq_0
          vpiNetType: wire (1)
        Net name:lead0_44_41_0 start:47:7 end:47:20:
          vpiParent: Module name:work@fpu_cnt_lead0_53b
          vpiTypespec RefTypespec start:47:7 end:47:7:
            vpiParent: Net name:lead0_44_41_0
            vpiFullName: work@fpu_cnt_lead0_53b.lead0_44_41_0
            vpiActual: LogicTypespec
          vpiName: lead0_44_41_0
          vpiFullName: work@fpu_cnt_lead0_53b.lead0_44_41_0
          vpiNetType: wire (1)
        Net name:din_40_37_eq_0 start:48:7 end:48:21:
          vpiParent: Module name:work@fpu_cnt_lead0_53b
          vpiTypespec RefTypespec start:48:7 end:48:7:
            vpiParent: Net name:din_40_37_eq_0
            vpiFullName: work@fpu_cnt_lead0_53b.din_40_37_eq_0
            vpiActual: LogicTypespec
          vpiName: din_40_37_eq_0
          vpiFullName: work@fpu_cnt_lead0_53b.din_40_37_eq_0
          vpiNetType: wire (1)
        Net name:din_40_39_eq_0 start:49:7 end:49:21:
          vpiParent: Module name:work@fpu_cnt_lead0_53b
          vpiTypespec RefTypespec start:49:7 end:49:7:
            vpiParent: Net name:din_40_39_eq_0
            vpiFullName: work@fpu_cnt_lead0_53b.din_40_39_eq_0
            vpiActual: LogicTypespec
          vpiName: din_40_39_eq_0
          vpiFullName: work@fpu_cnt_lead0_53b.din_40_39_eq_0
          vpiNetType: wire (1)
        Net name:lead0_40_37_0 start:50:7 end:50:20:
          vpiParent: Module name:work@fpu_cnt_lead0_53b
          vpiTypespec RefTypespec start:50:7 end:50:7:
            vpiParent: Net name:lead0_40_37_0
            vpiFullName: work@fpu_cnt_lead0_53b.lead0_40_37_0
            vpiActual: LogicTypespec
          vpiName: lead0_40_37_0
          vpiFullName: work@fpu_cnt_lead0_53b.lead0_40_37_0
          vpiNetType: wire (1)
        Net name:din_36_33_eq_0 start:51:7 end:51:21:
          vpiParent: Module name:work@fpu_cnt_lead0_53b
          vpiTypespec RefTypespec start:51:7 end:51:7:
            vpiParent: Net name:din_36_33_eq_0
            vpiFullName: work@fpu_cnt_lead0_53b.din_36_33_eq_0
            vpiActual: LogicTypespec
          vpiName: din_36_33_eq_0
          vpiFullName: work@fpu_cnt_lead0_53b.din_36_33_eq_0
          vpiNetType: wire (1)
        Net name:din_36_35_eq_0 start:52:7 end:52:21:
          vpiParent: Module name:work@fpu_cnt_lead0_53b
          vpiTypespec RefTypespec start:52:7 end:52:7:
            vpiParent: Net name:din_36_35_eq_0
            vpiFullName: work@fpu_cnt_lead0_53b.din_36_35_eq_0
            vpiActual: LogicTypespec
          vpiName: din_36_35_eq_0
          vpiFullName: work@fpu_cnt_lead0_53b.din_36_35_eq_0
          vpiNetType: wire (1)
        Net name:lead0_36_33_0 start:53:7 end:53:20:
          vpiParent: Module name:work@fpu_cnt_lead0_53b
          vpiTypespec RefTypespec start:53:7 end:53:7:
            vpiParent: Net name:lead0_36_33_0
            vpiFullName: work@fpu_cnt_lead0_53b.lead0_36_33_0
            vpiActual: LogicTypespec
          vpiName: lead0_36_33_0
          vpiFullName: work@fpu_cnt_lead0_53b.lead0_36_33_0
          vpiNetType: wire (1)
        Net name:din_32_29_eq_0 start:54:7 end:54:21:
          vpiParent: Module name:work@fpu_cnt_lead0_53b
          vpiTypespec RefTypespec start:54:7 end:54:7:
            vpiParent: Net name:din_32_29_eq_0
            vpiFullName: work@fpu_cnt_lead0_53b.din_32_29_eq_0
            vpiActual: LogicTypespec
          vpiName: din_32_29_eq_0
          vpiFullName: work@fpu_cnt_lead0_53b.din_32_29_eq_0
          vpiNetType: wire (1)
        Net name:din_32_31_eq_0 start:55:7 end:55:21:
          vpiParent: Module name:work@fpu_cnt_lead0_53b
          vpiTypespec RefTypespec start:55:7 end:55:7:
            vpiParent: Net name:din_32_31_eq_0
            vpiFullName: work@fpu_cnt_lead0_53b.din_32_31_eq_0
            vpiActual: LogicTypespec
          vpiName: din_32_31_eq_0
          vpiFullName: work@fpu_cnt_lead0_53b.din_32_31_eq_0
          vpiNetType: wire (1)
        Net name:lead0_32_29_0 start:56:7 end:56:20:
          vpiParent: Module name:work@fpu_cnt_lead0_53b
          vpiTypespec RefTypespec start:56:7 end:56:7:
            vpiParent: Net name:lead0_32_29_0
            vpiFullName: work@fpu_cnt_lead0_53b.lead0_32_29_0
            vpiActual: LogicTypespec
          vpiName: lead0_32_29_0
          vpiFullName: work@fpu_cnt_lead0_53b.lead0_32_29_0
          vpiNetType: wire (1)
        Net name:din_28_25_eq_0 start:57:7 end:57:21:
          vpiParent: Module name:work@fpu_cnt_lead0_53b
          vpiTypespec RefTypespec start:57:7 end:57:7:
            vpiParent: Net name:din_28_25_eq_0
            vpiFullName: work@fpu_cnt_lead0_53b.din_28_25_eq_0
            vpiActual: LogicTypespec
          vpiName: din_28_25_eq_0
          vpiFullName: work@fpu_cnt_lead0_53b.din_28_25_eq_0
          vpiNetType: wire (1)
        Net name:din_28_27_eq_0 start:58:7 end:58:21:
          vpiParent: Module name:work@fpu_cnt_lead0_53b
          vpiTypespec RefTypespec start:58:7 end:58:7:
            vpiParent: Net name:din_28_27_eq_0
            vpiFullName: work@fpu_cnt_lead0_53b.din_28_27_eq_0
            vpiActual: LogicTypespec
          vpiName: din_28_27_eq_0
          vpiFullName: work@fpu_cnt_lead0_53b.din_28_27_eq_0
          vpiNetType: wire (1)
        Net name:lead0_28_25_0 start:59:7 end:59:20:
          vpiParent: Module name:work@fpu_cnt_lead0_53b
          vpiTypespec RefTypespec start:59:7 end:59:7:
            vpiParent: Net name:lead0_28_25_0
            vpiFullName: work@fpu_cnt_lead0_53b.lead0_28_25_0
            vpiActual: LogicTypespec
          vpiName: lead0_28_25_0
          vpiFullName: work@fpu_cnt_lead0_53b.lead0_28_25_0
          vpiNetType: wire (1)
        Net name:din_24_21_eq_0 start:60:7 end:60:21:
          vpiParent: Module name:work@fpu_cnt_lead0_53b
          vpiTypespec RefTypespec start:60:7 end:60:7:
            vpiParent: Net name:din_24_21_eq_0
            vpiFullName: work@fpu_cnt_lead0_53b.din_24_21_eq_0
            vpiActual: LogicTypespec
          vpiName: din_24_21_eq_0
          vpiFullName: work@fpu_cnt_lead0_53b.din_24_21_eq_0
          vpiNetType: wire (1)
        Net name:din_24_23_eq_0 start:61:7 end:61:21:
          vpiParent: Module name:work@fpu_cnt_lead0_53b
          vpiTypespec RefTypespec start:61:7 end:61:7:
            vpiParent: Net name:din_24_23_eq_0
            vpiFullName: work@fpu_cnt_lead0_53b.din_24_23_eq_0
            vpiActual: LogicTypespec
          vpiName: din_24_23_eq_0
          vpiFullName: work@fpu_cnt_lead0_53b.din_24_23_eq_0
          vpiNetType: wire (1)
        Net name:lead0_24_21_0 start:62:7 end:62:20:
          vpiParent: Module name:work@fpu_cnt_lead0_53b
          vpiTypespec RefTypespec start:62:7 end:62:7:
            vpiParent: Net name:lead0_24_21_0
            vpiFullName: work@fpu_cnt_lead0_53b.lead0_24_21_0
            vpiActual: LogicTypespec
          vpiName: lead0_24_21_0
          vpiFullName: work@fpu_cnt_lead0_53b.lead0_24_21_0
          vpiNetType: wire (1)
        Net name:din_20_17_eq_0 start:63:7 end:63:21:
          vpiParent: Module name:work@fpu_cnt_lead0_53b
          vpiTypespec RefTypespec start:63:7 end:63:7:
            vpiParent: Net name:din_20_17_eq_0
            vpiFullName: work@fpu_cnt_lead0_53b.din_20_17_eq_0
            vpiActual: LogicTypespec
          vpiName: din_20_17_eq_0
          vpiFullName: work@fpu_cnt_lead0_53b.din_20_17_eq_0
          vpiNetType: wire (1)
        Net name:din_20_19_eq_0 start:64:7 end:64:21:
          vpiParent: Module name:work@fpu_cnt_lead0_53b
          vpiTypespec RefTypespec start:64:7 end:64:7:
            vpiParent: Net name:din_20_19_eq_0
            vpiFullName: work@fpu_cnt_lead0_53b.din_20_19_eq_0
            vpiActual: LogicTypespec
          vpiName: din_20_19_eq_0
          vpiFullName: work@fpu_cnt_lead0_53b.din_20_19_eq_0
          vpiNetType: wire (1)
        Net name:lead0_20_17_0 start:65:7 end:65:20:
          vpiParent: Module name:work@fpu_cnt_lead0_53b
          vpiTypespec RefTypespec start:65:7 end:65:7:
            vpiParent: Net name:lead0_20_17_0
            vpiFullName: work@fpu_cnt_lead0_53b.lead0_20_17_0
            vpiActual: LogicTypespec
          vpiName: lead0_20_17_0
          vpiFullName: work@fpu_cnt_lead0_53b.lead0_20_17_0
          vpiNetType: wire (1)
        Net name:din_16_13_eq_0 start:66:7 end:66:21:
          vpiParent: Module name:work@fpu_cnt_lead0_53b
          vpiTypespec RefTypespec start:66:7 end:66:7:
            vpiParent: Net name:din_16_13_eq_0
            vpiFullName: work@fpu_cnt_lead0_53b.din_16_13_eq_0
            vpiActual: LogicTypespec
          vpiName: din_16_13_eq_0
          vpiFullName: work@fpu_cnt_lead0_53b.din_16_13_eq_0
          vpiNetType: wire (1)
        Net name:din_16_15_eq_0 start:67:7 end:67:21:
          vpiParent: Module name:work@fpu_cnt_lead0_53b
          vpiTypespec RefTypespec start:67:7 end:67:7:
            vpiParent: Net name:din_16_15_eq_0
            vpiFullName: work@fpu_cnt_lead0_53b.din_16_15_eq_0
            vpiActual: LogicTypespec
          vpiName: din_16_15_eq_0
          vpiFullName: work@fpu_cnt_lead0_53b.din_16_15_eq_0
          vpiNetType: wire (1)
        Net name:lead0_16_13_0 start:68:7 end:68:20:
          vpiParent: Module name:work@fpu_cnt_lead0_53b
          vpiTypespec RefTypespec start:68:7 end:68:7:
            vpiParent: Net name:lead0_16_13_0
            vpiFullName: work@fpu_cnt_lead0_53b.lead0_16_13_0
            vpiActual: LogicTypespec
          vpiName: lead0_16_13_0
          vpiFullName: work@fpu_cnt_lead0_53b.lead0_16_13_0
          vpiNetType: wire (1)
        Net name:din_12_9_eq_0 start:69:7 end:69:20:
          vpiParent: Module name:work@fpu_cnt_lead0_53b
          vpiTypespec RefTypespec start:69:7 end:69:7:
            vpiParent: Net name:din_12_9_eq_0
            vpiFullName: work@fpu_cnt_lead0_53b.din_12_9_eq_0
            vpiActual: LogicTypespec
          vpiName: din_12_9_eq_0
          vpiFullName: work@fpu_cnt_lead0_53b.din_12_9_eq_0
          vpiNetType: wire (1)
        Net name:din_12_11_eq_0 start:70:7 end:70:21:
          vpiParent: Module name:work@fpu_cnt_lead0_53b
          vpiTypespec RefTypespec start:70:7 end:70:7:
            vpiParent: Net name:din_12_11_eq_0
            vpiFullName: work@fpu_cnt_lead0_53b.din_12_11_eq_0
            vpiActual: LogicTypespec
          vpiName: din_12_11_eq_0
          vpiFullName: work@fpu_cnt_lead0_53b.din_12_11_eq_0
          vpiNetType: wire (1)
        Net name:lead0_12_9_0 start:71:7 end:71:19:
          vpiParent: Module name:work@fpu_cnt_lead0_53b
          vpiTypespec RefTypespec start:71:7 end:71:7:
            vpiParent: Net name:lead0_12_9_0
            vpiFullName: work@fpu_cnt_lead0_53b.lead0_12_9_0
            vpiActual: LogicTypespec
          vpiName: lead0_12_9_0
          vpiFullName: work@fpu_cnt_lead0_53b.lead0_12_9_0
          vpiNetType: wire (1)
        Net name:din_8_5_eq_0 start:72:7 end:72:19:
          vpiParent: Module name:work@fpu_cnt_lead0_53b
          vpiTypespec RefTypespec start:72:7 end:72:7:
            vpiParent: Net name:din_8_5_eq_0
            vpiFullName: work@fpu_cnt_lead0_53b.din_8_5_eq_0
            vpiActual: LogicTypespec
          vpiName: din_8_5_eq_0
          vpiFullName: work@fpu_cnt_lead0_53b.din_8_5_eq_0
          vpiNetType: wire (1)
        Net name:din_8_7_eq_0 start:73:7 end:73:19:
          vpiParent: Module name:work@fpu_cnt_lead0_53b
          vpiTypespec RefTypespec start:73:7 end:73:7:
            vpiParent: Net name:din_8_7_eq_0
            vpiFullName: work@fpu_cnt_lead0_53b.din_8_7_eq_0
            vpiActual: LogicTypespec
          vpiName: din_8_7_eq_0
          vpiFullName: work@fpu_cnt_lead0_53b.din_8_7_eq_0
          vpiNetType: wire (1)
        Net name:lead0_8_5_0 start:74:7 end:74:18:
          vpiParent: Module name:work@fpu_cnt_lead0_53b
          vpiTypespec RefTypespec start:74:7 end:74:7:
            vpiParent: Net name:lead0_8_5_0
            vpiFullName: work@fpu_cnt_lead0_53b.lead0_8_5_0
            vpiActual: LogicTypespec
          vpiName: lead0_8_5_0
          vpiFullName: work@fpu_cnt_lead0_53b.lead0_8_5_0
          vpiNetType: wire (1)
        Net name:din_4_1_eq_0 start:75:7 end:75:19:
          vpiParent: Module name:work@fpu_cnt_lead0_53b
          vpiTypespec RefTypespec start:75:7 end:75:7:
            vpiParent: Net name:din_4_1_eq_0
            vpiFullName: work@fpu_cnt_lead0_53b.din_4_1_eq_0
            vpiActual: LogicTypespec
          vpiName: din_4_1_eq_0
          vpiFullName: work@fpu_cnt_lead0_53b.din_4_1_eq_0
          vpiNetType: wire (1)
        Net name:din_4_3_eq_0 start:76:7 end:76:19:
          vpiParent: Module name:work@fpu_cnt_lead0_53b
          vpiTypespec RefTypespec start:76:7 end:76:7:
            vpiParent: Net name:din_4_3_eq_0
            vpiFullName: work@fpu_cnt_lead0_53b.din_4_3_eq_0
            vpiActual: LogicTypespec
          vpiName: din_4_3_eq_0
          vpiFullName: work@fpu_cnt_lead0_53b.din_4_3_eq_0
          vpiNetType: wire (1)
        Net name:lead0_4_1_0 start:77:7 end:77:18:
          vpiParent: Module name:work@fpu_cnt_lead0_53b
          vpiTypespec RefTypespec start:77:7 end:77:7:
            vpiParent: Net name:lead0_4_1_0
            vpiFullName: work@fpu_cnt_lead0_53b.lead0_4_1_0
            vpiActual: LogicTypespec
          vpiName: lead0_4_1_0
          vpiFullName: work@fpu_cnt_lead0_53b.lead0_4_1_0
          vpiNetType: wire (1)
        Net name:lead0_0_0 start:78:7 end:78:16:
          vpiParent: Module name:work@fpu_cnt_lead0_53b
          vpiTypespec RefTypespec start:78:7 end:78:7:
            vpiParent: Net name:lead0_0_0
            vpiFullName: work@fpu_cnt_lead0_53b.lead0_0_0
            vpiActual: LogicTypespec
          vpiName: lead0_0_0
          vpiFullName: work@fpu_cnt_lead0_53b.lead0_0_0
          vpiNetType: wire (1)
        Net name:din_52_45_eq_0 start:79:7 end:79:21:
          vpiParent: Module name:work@fpu_cnt_lead0_53b
          vpiTypespec RefTypespec start:79:7 end:79:7:
            vpiParent: Net name:din_52_45_eq_0
            vpiFullName: work@fpu_cnt_lead0_53b.din_52_45_eq_0
            vpiActual: LogicTypespec
          vpiName: din_52_45_eq_0
          vpiFullName: work@fpu_cnt_lead0_53b.din_52_45_eq_0
          vpiNetType: wire (1)
        Net name:lead0_52_45_1 start:80:7 end:80:20:
          vpiParent: Module name:work@fpu_cnt_lead0_53b
          vpiTypespec RefTypespec start:80:7 end:80:7:
            vpiParent: Net name:lead0_52_45_1
            vpiFullName: work@fpu_cnt_lead0_53b.lead0_52_45_1
            vpiActual: LogicTypespec
          vpiName: lead0_52_45_1
          vpiFullName: work@fpu_cnt_lead0_53b.lead0_52_45_1
          vpiNetType: wire (1)
        Net name:lead0_52_45_0 start:81:7 end:81:20:
          vpiParent: Module name:work@fpu_cnt_lead0_53b
          vpiTypespec RefTypespec start:81:7 end:81:7:
            vpiParent: Net name:lead0_52_45_0
            vpiFullName: work@fpu_cnt_lead0_53b.lead0_52_45_0
            vpiActual: LogicTypespec
          vpiName: lead0_52_45_0
          vpiFullName: work@fpu_cnt_lead0_53b.lead0_52_45_0
          vpiNetType: wire (1)
        Net name:din_44_37_eq_0 start:82:7 end:82:21:
          vpiParent: Module name:work@fpu_cnt_lead0_53b
          vpiTypespec RefTypespec start:82:7 end:82:7:
            vpiParent: Net name:din_44_37_eq_0
            vpiFullName: work@fpu_cnt_lead0_53b.din_44_37_eq_0
            vpiActual: LogicTypespec
          vpiName: din_44_37_eq_0
          vpiFullName: work@fpu_cnt_lead0_53b.din_44_37_eq_0
          vpiNetType: wire (1)
        Net name:lead0_44_37_1 start:83:7 end:83:20:
          vpiParent: Module name:work@fpu_cnt_lead0_53b
          vpiTypespec RefTypespec start:83:7 end:83:7:
            vpiParent: Net name:lead0_44_37_1
            vpiFullName: work@fpu_cnt_lead0_53b.lead0_44_37_1
            vpiActual: LogicTypespec
          vpiName: lead0_44_37_1
          vpiFullName: work@fpu_cnt_lead0_53b.lead0_44_37_1
          vpiNetType: wire (1)
        Net name:lead0_44_37_0 start:84:7 end:84:20:
          vpiParent: Module name:work@fpu_cnt_lead0_53b
          vpiTypespec RefTypespec start:84:7 end:84:7:
            vpiParent: Net name:lead0_44_37_0
            vpiFullName: work@fpu_cnt_lead0_53b.lead0_44_37_0
            vpiActual: LogicTypespec
          vpiName: lead0_44_37_0
          vpiFullName: work@fpu_cnt_lead0_53b.lead0_44_37_0
          vpiNetType: wire (1)
        Net name:din_36_29_eq_0 start:85:7 end:85:21:
          vpiParent: Module name:work@fpu_cnt_lead0_53b
          vpiTypespec RefTypespec start:85:7 end:85:7:
            vpiParent: Net name:din_36_29_eq_0
            vpiFullName: work@fpu_cnt_lead0_53b.din_36_29_eq_0
            vpiActual: LogicTypespec
          vpiName: din_36_29_eq_0
          vpiFullName: work@fpu_cnt_lead0_53b.din_36_29_eq_0
          vpiNetType: wire (1)
        Net name:lead0_36_29_1 start:86:7 end:86:20:
          vpiParent: Module name:work@fpu_cnt_lead0_53b
          vpiTypespec RefTypespec start:86:7 end:86:7:
            vpiParent: Net name:lead0_36_29_1
            vpiFullName: work@fpu_cnt_lead0_53b.lead0_36_29_1
            vpiActual: LogicTypespec
          vpiName: lead0_36_29_1
          vpiFullName: work@fpu_cnt_lead0_53b.lead0_36_29_1
          vpiNetType: wire (1)
        Net name:lead0_36_29_0 start:87:7 end:87:20:
          vpiParent: Module name:work@fpu_cnt_lead0_53b
          vpiTypespec RefTypespec start:87:7 end:87:7:
            vpiParent: Net name:lead0_36_29_0
            vpiFullName: work@fpu_cnt_lead0_53b.lead0_36_29_0
            vpiActual: LogicTypespec
          vpiName: lead0_36_29_0
          vpiFullName: work@fpu_cnt_lead0_53b.lead0_36_29_0
          vpiNetType: wire (1)
        Net name:din_28_21_eq_0 start:88:7 end:88:21:
          vpiParent: Module name:work@fpu_cnt_lead0_53b
          vpiTypespec RefTypespec start:88:7 end:88:7:
            vpiParent: Net name:din_28_21_eq_0
            vpiFullName: work@fpu_cnt_lead0_53b.din_28_21_eq_0
            vpiActual: LogicTypespec
          vpiName: din_28_21_eq_0
          vpiFullName: work@fpu_cnt_lead0_53b.din_28_21_eq_0
          vpiNetType: wire (1)
        Net name:lead0_28_21_1 start:89:7 end:89:20:
          vpiParent: Module name:work@fpu_cnt_lead0_53b
          vpiTypespec RefTypespec start:89:7 end:89:7:
            vpiParent: Net name:lead0_28_21_1
            vpiFullName: work@fpu_cnt_lead0_53b.lead0_28_21_1
            vpiActual: LogicTypespec
          vpiName: lead0_28_21_1
          vpiFullName: work@fpu_cnt_lead0_53b.lead0_28_21_1
          vpiNetType: wire (1)
        Net name:lead0_28_21_0 start:90:7 end:90:20:
          vpiParent: Module name:work@fpu_cnt_lead0_53b
          vpiTypespec RefTypespec start:90:7 end:90:7:
            vpiParent: Net name:lead0_28_21_0
            vpiFullName: work@fpu_cnt_lead0_53b.lead0_28_21_0
            vpiActual: LogicTypespec
          vpiName: lead0_28_21_0
          vpiFullName: work@fpu_cnt_lead0_53b.lead0_28_21_0
          vpiNetType: wire (1)
        Net name:din_20_13_eq_0 start:91:7 end:91:21:
          vpiParent: Module name:work@fpu_cnt_lead0_53b
          vpiTypespec RefTypespec start:91:7 end:91:7:
            vpiParent: Net name:din_20_13_eq_0
            vpiFullName: work@fpu_cnt_lead0_53b.din_20_13_eq_0
            vpiActual: LogicTypespec
          vpiName: din_20_13_eq_0
          vpiFullName: work@fpu_cnt_lead0_53b.din_20_13_eq_0
          vpiNetType: wire (1)
        Net name:lead0_20_13_1 start:92:7 end:92:20:
          vpiParent: Module name:work@fpu_cnt_lead0_53b
          vpiTypespec RefTypespec start:92:7 end:92:7:
            vpiParent: Net name:lead0_20_13_1
            vpiFullName: work@fpu_cnt_lead0_53b.lead0_20_13_1
            vpiActual: LogicTypespec
          vpiName: lead0_20_13_1
          vpiFullName: work@fpu_cnt_lead0_53b.lead0_20_13_1
          vpiNetType: wire (1)
        Net name:lead0_20_13_0 start:93:7 end:93:20:
          vpiParent: Module name:work@fpu_cnt_lead0_53b
          vpiTypespec RefTypespec start:93:7 end:93:7:
            vpiParent: Net name:lead0_20_13_0
            vpiFullName: work@fpu_cnt_lead0_53b.lead0_20_13_0
            vpiActual: LogicTypespec
          vpiName: lead0_20_13_0
          vpiFullName: work@fpu_cnt_lead0_53b.lead0_20_13_0
          vpiNetType: wire (1)
        Net name:din_12_5_eq_0 start:94:7 end:94:20:
          vpiParent: Module name:work@fpu_cnt_lead0_53b
          vpiTypespec RefTypespec start:94:7 end:94:7:
            vpiParent: Net name:din_12_5_eq_0
            vpiFullName: work@fpu_cnt_lead0_53b.din_12_5_eq_0
            vpiActual: LogicTypespec
          vpiName: din_12_5_eq_0
          vpiFullName: work@fpu_cnt_lead0_53b.din_12_5_eq_0
          vpiNetType: wire (1)
        Net name:lead0_12_5_1 start:95:7 end:95:19:
          vpiParent: Module name:work@fpu_cnt_lead0_53b
          vpiTypespec RefTypespec start:95:7 end:95:7:
            vpiParent: Net name:lead0_12_5_1
            vpiFullName: work@fpu_cnt_lead0_53b.lead0_12_5_1
            vpiActual: LogicTypespec
          vpiName: lead0_12_5_1
          vpiFullName: work@fpu_cnt_lead0_53b.lead0_12_5_1
          vpiNetType: wire (1)
        Net name:lead0_12_5_0 start:96:7 end:96:19:
          vpiParent: Module name:work@fpu_cnt_lead0_53b
          vpiTypespec RefTypespec start:96:7 end:96:7:
            vpiParent: Net name:lead0_12_5_0
            vpiFullName: work@fpu_cnt_lead0_53b.lead0_12_5_0
            vpiActual: LogicTypespec
          vpiName: lead0_12_5_0
          vpiFullName: work@fpu_cnt_lead0_53b.lead0_12_5_0
          vpiNetType: wire (1)
        Net name:lead0_4_0_1 start:97:7 end:97:18:
          vpiParent: Module name:work@fpu_cnt_lead0_53b
          vpiTypespec RefTypespec start:97:7 end:97:7:
            vpiParent: Net name:lead0_4_0_1
            vpiFullName: work@fpu_cnt_lead0_53b.lead0_4_0_1
            vpiActual: LogicTypespec
          vpiName: lead0_4_0_1
          vpiFullName: work@fpu_cnt_lead0_53b.lead0_4_0_1
          vpiNetType: wire (1)
        Net name:lead0_4_0_0 start:98:7 end:98:18:
          vpiParent: Module name:work@fpu_cnt_lead0_53b
          vpiTypespec RefTypespec start:98:7 end:98:7:
            vpiParent: Net name:lead0_4_0_0
            vpiFullName: work@fpu_cnt_lead0_53b.lead0_4_0_0
            vpiActual: LogicTypespec
          vpiName: lead0_4_0_0
          vpiFullName: work@fpu_cnt_lead0_53b.lead0_4_0_0
          vpiNetType: wire (1)
        Net name:din_52_37_eq_0 start:99:7 end:99:21:
          vpiParent: Module name:work@fpu_cnt_lead0_53b
          vpiTypespec RefTypespec start:99:7 end:99:7:
            vpiParent: Net name:din_52_37_eq_0
            vpiFullName: work@fpu_cnt_lead0_53b.din_52_37_eq_0
            vpiActual: LogicTypespec
          vpiName: din_52_37_eq_0
          vpiFullName: work@fpu_cnt_lead0_53b.din_52_37_eq_0
          vpiNetType: wire (1)
        Net name:lead0_52_37_2 start:100:7 end:100:20:
          vpiParent: Module name:work@fpu_cnt_lead0_53b
          vpiTypespec RefTypespec start:100:7 end:100:7:
            vpiParent: Net name:lead0_52_37_2
            vpiFullName: work@fpu_cnt_lead0_53b.lead0_52_37_2
            vpiActual: LogicTypespec
          vpiName: lead0_52_37_2
          vpiFullName: work@fpu_cnt_lead0_53b.lead0_52_37_2
          vpiNetType: wire (1)
        Net name:lead0_52_37_1 start:101:7 end:101:20:
          vpiParent: Module name:work@fpu_cnt_lead0_53b
          vpiTypespec RefTypespec start:101:7 end:101:7:
            vpiParent: Net name:lead0_52_37_1
            vpiFullName: work@fpu_cnt_lead0_53b.lead0_52_37_1
            vpiActual: LogicTypespec
          vpiName: lead0_52_37_1
          vpiFullName: work@fpu_cnt_lead0_53b.lead0_52_37_1
          vpiNetType: wire (1)
        Net name:lead0_52_37_0 start:102:7 end:102:20:
          vpiParent: Module name:work@fpu_cnt_lead0_53b
          vpiTypespec RefTypespec start:102:7 end:102:7:
            vpiParent: Net name:lead0_52_37_0
            vpiFullName: work@fpu_cnt_lead0_53b.lead0_52_37_0
            vpiActual: LogicTypespec
          vpiName: lead0_52_37_0
          vpiFullName: work@fpu_cnt_lead0_53b.lead0_52_37_0
          vpiNetType: wire (1)
        Net name:din_36_21_eq_0 start:103:7 end:103:21:
          vpiParent: Module name:work@fpu_cnt_lead0_53b
          vpiTypespec RefTypespec start:103:7 end:103:7:
            vpiParent: Net name:din_36_21_eq_0
            vpiFullName: work@fpu_cnt_lead0_53b.din_36_21_eq_0
            vpiActual: LogicTypespec
          vpiName: din_36_21_eq_0
          vpiFullName: work@fpu_cnt_lead0_53b.din_36_21_eq_0
          vpiNetType: wire (1)
        Net name:lead0_36_21_2 start:104:7 end:104:20:
          vpiParent: Module name:work@fpu_cnt_lead0_53b
          vpiTypespec RefTypespec start:104:7 end:104:7:
            vpiParent: Net name:lead0_36_21_2
            vpiFullName: work@fpu_cnt_lead0_53b.lead0_36_21_2
            vpiActual: LogicTypespec
          vpiName: lead0_36_21_2
          vpiFullName: work@fpu_cnt_lead0_53b.lead0_36_21_2
          vpiNetType: wire (1)
        Net name:lead0_36_21_1 start:105:7 end:105:20:
          vpiParent: Module name:work@fpu_cnt_lead0_53b
          vpiTypespec RefTypespec start:105:7 end:105:7:
            vpiParent: Net name:lead0_36_21_1
            vpiFullName: work@fpu_cnt_lead0_53b.lead0_36_21_1
            vpiActual: LogicTypespec
          vpiName: lead0_36_21_1
          vpiFullName: work@fpu_cnt_lead0_53b.lead0_36_21_1
          vpiNetType: wire (1)
        Net name:lead0_36_21_0 start:106:7 end:106:20:
          vpiParent: Module name:work@fpu_cnt_lead0_53b
          vpiTypespec RefTypespec start:106:7 end:106:7:
            vpiParent: Net name:lead0_36_21_0
            vpiFullName: work@fpu_cnt_lead0_53b.lead0_36_21_0
            vpiActual: LogicTypespec
          vpiName: lead0_36_21_0
          vpiFullName: work@fpu_cnt_lead0_53b.lead0_36_21_0
          vpiNetType: wire (1)
        Net name:din_20_5_eq_0 start:107:7 end:107:20:
          vpiParent: Module name:work@fpu_cnt_lead0_53b
          vpiTypespec RefTypespec start:107:7 end:107:7:
            vpiParent: Net name:din_20_5_eq_0
            vpiFullName: work@fpu_cnt_lead0_53b.din_20_5_eq_0
            vpiActual: LogicTypespec
          vpiName: din_20_5_eq_0
          vpiFullName: work@fpu_cnt_lead0_53b.din_20_5_eq_0
          vpiNetType: wire (1)
        Net name:lead0_20_5_2 start:108:7 end:108:19:
          vpiParent: Module name:work@fpu_cnt_lead0_53b
          vpiTypespec RefTypespec start:108:7 end:108:7:
            vpiParent: Net name:lead0_20_5_2
            vpiFullName: work@fpu_cnt_lead0_53b.lead0_20_5_2
            vpiActual: LogicTypespec
          vpiName: lead0_20_5_2
          vpiFullName: work@fpu_cnt_lead0_53b.lead0_20_5_2
          vpiNetType: wire (1)
        Net name:lead0_20_5_1 start:109:7 end:109:19:
          vpiParent: Module name:work@fpu_cnt_lead0_53b
          vpiTypespec RefTypespec start:109:7 end:109:7:
            vpiParent: Net name:lead0_20_5_1
            vpiFullName: work@fpu_cnt_lead0_53b.lead0_20_5_1
            vpiActual: LogicTypespec
          vpiName: lead0_20_5_1
          vpiFullName: work@fpu_cnt_lead0_53b.lead0_20_5_1
          vpiNetType: wire (1)
        Net name:lead0_20_5_0 start:110:7 end:110:19:
          vpiParent: Module name:work@fpu_cnt_lead0_53b
          vpiTypespec RefTypespec start:110:7 end:110:7:
            vpiParent: Net name:lead0_20_5_0
            vpiFullName: work@fpu_cnt_lead0_53b.lead0_20_5_0
            vpiActual: LogicTypespec
          vpiName: lead0_20_5_0
          vpiFullName: work@fpu_cnt_lead0_53b.lead0_20_5_0
          vpiNetType: wire (1)
        Net name:lead0_4_0_2 start:111:7 end:111:18:
          vpiParent: Module name:work@fpu_cnt_lead0_53b
          vpiTypespec RefTypespec start:111:7 end:111:7:
            vpiParent: Net name:lead0_4_0_2
            vpiFullName: work@fpu_cnt_lead0_53b.lead0_4_0_2
            vpiActual: LogicTypespec
          vpiName: lead0_4_0_2
          vpiFullName: work@fpu_cnt_lead0_53b.lead0_4_0_2
          vpiNetType: wire (1)
        Net name:din_52_21_eq_0 start:112:7 end:112:21:
          vpiParent: Module name:work@fpu_cnt_lead0_53b
          vpiTypespec RefTypespec start:112:7 end:112:7:
            vpiParent: Net name:din_52_21_eq_0
            vpiFullName: work@fpu_cnt_lead0_53b.din_52_21_eq_0
            vpiActual: LogicTypespec
          vpiName: din_52_21_eq_0
          vpiFullName: work@fpu_cnt_lead0_53b.din_52_21_eq_0
          vpiNetType: wire (1)
        Net name:lead0_52_21_3 start:113:7 end:113:20:
          vpiParent: Module name:work@fpu_cnt_lead0_53b
          vpiTypespec RefTypespec start:113:7 end:113:7:
            vpiParent: Net name:lead0_52_21_3
            vpiFullName: work@fpu_cnt_lead0_53b.lead0_52_21_3
            vpiActual: LogicTypespec
          vpiName: lead0_52_21_3
          vpiFullName: work@fpu_cnt_lead0_53b.lead0_52_21_3
          vpiNetType: wire (1)
        Net name:lead0_52_21_2 start:114:7 end:114:20:
          vpiParent: Module name:work@fpu_cnt_lead0_53b
          vpiTypespec RefTypespec start:114:7 end:114:7:
            vpiParent: Net name:lead0_52_21_2
            vpiFullName: work@fpu_cnt_lead0_53b.lead0_52_21_2
            vpiActual: LogicTypespec
          vpiName: lead0_52_21_2
          vpiFullName: work@fpu_cnt_lead0_53b.lead0_52_21_2
          vpiNetType: wire (1)
        Net name:lead0_52_21_1 start:115:7 end:115:20:
          vpiParent: Module name:work@fpu_cnt_lead0_53b
          vpiTypespec RefTypespec start:115:7 end:115:7:
            vpiParent: Net name:lead0_52_21_1
            vpiFullName: work@fpu_cnt_lead0_53b.lead0_52_21_1
            vpiActual: LogicTypespec
          vpiName: lead0_52_21_1
          vpiFullName: work@fpu_cnt_lead0_53b.lead0_52_21_1
          vpiNetType: wire (1)
        Net name:lead0_52_21_0 start:116:7 end:116:20:
          vpiParent: Module name:work@fpu_cnt_lead0_53b
          vpiTypespec RefTypespec start:116:7 end:116:7:
            vpiParent: Net name:lead0_52_21_0
            vpiFullName: work@fpu_cnt_lead0_53b.lead0_52_21_0
            vpiActual: LogicTypespec
          vpiName: lead0_52_21_0
          vpiFullName: work@fpu_cnt_lead0_53b.lead0_52_21_0
          vpiNetType: wire (1)
        Net name:lead0_20_0_3 start:117:7 end:117:19:
          vpiParent: Module name:work@fpu_cnt_lead0_53b
          vpiTypespec RefTypespec start:117:7 end:117:7:
            vpiParent: Net name:lead0_20_0_3
            vpiFullName: work@fpu_cnt_lead0_53b.lead0_20_0_3
            vpiActual: LogicTypespec
          vpiName: lead0_20_0_3
          vpiFullName: work@fpu_cnt_lead0_53b.lead0_20_0_3
          vpiNetType: wire (1)
        Net name:lead0_20_0_2 start:118:7 end:118:19:
          vpiParent: Module name:work@fpu_cnt_lead0_53b
          vpiTypespec RefTypespec start:118:7 end:118:7:
            vpiParent: Net name:lead0_20_0_2
            vpiFullName: work@fpu_cnt_lead0_53b.lead0_20_0_2
            vpiActual: LogicTypespec
          vpiName: lead0_20_0_2
          vpiFullName: work@fpu_cnt_lead0_53b.lead0_20_0_2
          vpiNetType: wire (1)
        Net name:lead0_20_0_1 start:119:7 end:119:19:
          vpiParent: Module name:work@fpu_cnt_lead0_53b
          vpiTypespec RefTypespec start:119:7 end:119:7:
            vpiParent: Net name:lead0_20_0_1
            vpiFullName: work@fpu_cnt_lead0_53b.lead0_20_0_1
            vpiActual: LogicTypespec
          vpiName: lead0_20_0_1
          vpiFullName: work@fpu_cnt_lead0_53b.lead0_20_0_1
          vpiNetType: wire (1)
        Net name:lead0_20_0_0 start:120:7 end:120:19:
          vpiParent: Module name:work@fpu_cnt_lead0_53b
          vpiTypespec RefTypespec start:120:7 end:120:7:
            vpiParent: Net name:lead0_20_0_0
            vpiFullName: work@fpu_cnt_lead0_53b.lead0_20_0_0
            vpiActual: LogicTypespec
          vpiName: lead0_20_0_0
          vpiFullName: work@fpu_cnt_lead0_53b.lead0_20_0_0
          vpiNetType: wire (1)
        Net name:lead0_5 start:121:7 end:121:14:
          vpiParent: Module name:work@fpu_cnt_lead0_53b
          vpiTypespec RefTypespec start:121:7 end:121:7:
            vpiParent: Net name:lead0_5
            vpiFullName: work@fpu_cnt_lead0_53b.lead0_5
            vpiActual: LogicTypespec
          vpiName: lead0_5
          vpiFullName: work@fpu_cnt_lead0_53b.lead0_5
          vpiNetType: wire (1)
        Net name:lead0_4 start:122:7 end:122:14:
          vpiParent: Module name:work@fpu_cnt_lead0_53b
          vpiTypespec RefTypespec start:122:7 end:122:7:
            vpiParent: Net name:lead0_4
            vpiFullName: work@fpu_cnt_lead0_53b.lead0_4
            vpiActual: LogicTypespec
          vpiName: lead0_4
          vpiFullName: work@fpu_cnt_lead0_53b.lead0_4
          vpiNetType: wire (1)
        Net name:lead0_3 start:123:7 end:123:14:
          vpiParent: Module name:work@fpu_cnt_lead0_53b
          vpiTypespec RefTypespec start:123:7 end:123:7:
            vpiParent: Net name:lead0_3
            vpiFullName: work@fpu_cnt_lead0_53b.lead0_3
            vpiActual: LogicTypespec
          vpiName: lead0_3
          vpiFullName: work@fpu_cnt_lead0_53b.lead0_3
          vpiNetType: wire (1)
        Net name:lead0_2 start:124:7 end:124:14:
          vpiParent: Module name:work@fpu_cnt_lead0_53b
          vpiTypespec RefTypespec start:124:7 end:124:7:
            vpiParent: Net name:lead0_2
            vpiFullName: work@fpu_cnt_lead0_53b.lead0_2
            vpiActual: LogicTypespec
          vpiName: lead0_2
          vpiFullName: work@fpu_cnt_lead0_53b.lead0_2
          vpiNetType: wire (1)
        Net name:lead0_1 start:125:7 end:125:14:
          vpiParent: Module name:work@fpu_cnt_lead0_53b
          vpiTypespec RefTypespec start:125:7 end:125:7:
            vpiParent: Net name:lead0_1
            vpiFullName: work@fpu_cnt_lead0_53b.lead0_1
            vpiActual: LogicTypespec
          vpiName: lead0_1
          vpiFullName: work@fpu_cnt_lead0_53b.lead0_1
          vpiNetType: wire (1)
        Net name:lead0_0 start:126:7 end:126:14:
          vpiParent: Module name:work@fpu_cnt_lead0_53b
          vpiTypespec RefTypespec start:126:7 end:126:7:
            vpiParent: Net name:lead0_0
            vpiFullName: work@fpu_cnt_lead0_53b.lead0_0
            vpiActual: LogicTypespec
          vpiName: lead0_0
          vpiFullName: work@fpu_cnt_lead0_53b.lead0_0
          vpiNetType: wire (1)
      vpiPort (2 items):
        Port name:din start:28:2 end:28:5:
          vpiParent: Module name:work@fpu_cnt_lead0_53b
          vpiName: din
          vpiDirection: input (1)
          vpiLowConn RefObj name:din start:28:2 end:28:5:
            vpiParent: Port name:din
            vpiName: din
            vpiFullName: work@fpu_cnt_lead0_53b.din.din
            vpiActual: Net name:din
          vpiTypespec RefTypespec start:34:7 end:34:13:
            vpiParent: Port name:din
            vpiFullName: work@fpu_cnt_lead0_53b.din
            vpiActual: LogicTypespec
        Port name:lead0 start:30:2 end:30:7:
          vpiParent: Module name:work@fpu_cnt_lead0_53b
          vpiName: lead0
          vpiDirection: output (2)
          vpiLowConn RefObj name:lead0 start:30:2 end:30:7:
            vpiParent: Port name:lead0
            vpiName: lead0
            vpiFullName: work@fpu_cnt_lead0_53b.lead0.lead0
            vpiActual: Net name:lead0
          vpiTypespec RefTypespec start:36:8 end:36:13:
            vpiParent: Port name:lead0
            vpiFullName: work@fpu_cnt_lead0_53b.lead0
            vpiActual: LogicTypespec
      vpiContAssign (11 items):
        ContAssign start:240:8 end:240:28:
          vpiParent: Module name:work@fpu_cnt_lead0_53b
          vpiLhs RefObj name:lead0_0_0 start:240:8 end:240:17:
            vpiParent: ContAssign
            vpiName: lead0_0_0
            vpiFullName: work@fpu_cnt_lead0_53b.lead0_0_0
            vpiActual: Net name:lead0_0_0
          vpiRhs Operation start:240:20 end:240:27:
            vpiParent: ContAssign
            vpiOpType: not (3)
            vpiOperand (1 items):
              BitSelect name:din[0] start:240:21 end:240:27:
                vpiParent: Operation
                vpiName: din[0]
                vpiFullName: work@fpu_cnt_lead0_53b.din[0]
                vpiPrefix RefObj name:din start:240:21 end:240:24:
                  vpiParent: BitSelect name:din[0]
                  vpiName: din
                  vpiFullName: work@fpu_cnt_lead0_53b.din
                  vpiActual: Net name:din
                vpiIndex Constant start:240:25 end:240:26:
                  vpiParent: BitSelect name:din[0]
                  vpiTypespec RefTypespec:
                    vpiParent: Constant
                    vpiFullName: work@fpu_cnt_lead0_53b.din[0]
                    vpiActual: IntTypespec
                  vpiConstType: unsigned int (9)
                  vpiSize: 64
                  vpiDecompile: "0"
                  vpiValue: 0
        ContAssign start:321:8 end:321:52:
          vpiParent: Module name:work@fpu_cnt_lead0_53b
          vpiLhs RefObj name:lead0_4_0_1 start:321:8 end:321:19:
            vpiParent: ContAssign
            vpiName: lead0_4_0_1
            vpiFullName: work@fpu_cnt_lead0_53b.lead0_4_0_1
            vpiActual: Net name:lead0_4_0_1
          vpiRhs Operation start:321:21 end:321:52:
            vpiParent: ContAssign
            vpiOpType: logical and (26)
            vpiOperand (2 items):
              Operation start:321:22 end:321:35:
                vpiParent: Operation
                vpiOpType: not (3)
                vpiOperand (1 items):
                  RefObj name:din_4_1_eq_0 start:321:23 end:321:35:
                    vpiParent: Operation
                    vpiName: din_4_1_eq_0
                    vpiFullName: work@fpu_cnt_lead0_53b.din_4_1_eq_0
                    vpiActual: Net name:din_4_1_eq_0
              RefObj name:din_4_3_eq_0 start:321:40 end:321:52:
                vpiParent: Operation
                vpiName: din_4_3_eq_0
                vpiFullName: work@fpu_cnt_lead0_53b.din_4_3_eq_0
                vpiActual: Net name:din_4_3_eq_0
        ContAssign start:323:8 end:324:33:
          vpiParent: Module name:work@fpu_cnt_lead0_53b
          vpiLhs RefObj name:lead0_4_0_0 start:323:8 end:323:19:
            vpiParent: ContAssign
            vpiName: lead0_4_0_0
            vpiFullName: work@fpu_cnt_lead0_53b.lead0_4_0_0
            vpiActual: Net name:lead0_4_0_0
          vpiRhs Operation start:323:21 end:324:33:
            vpiParent: ContAssign
            vpiOpType: logical or (27)
            vpiOperand (2 items):
              Operation start:323:22 end:323:52:
                vpiParent: Operation
                vpiOpType: logical and (26)
                vpiOperand (2 items):
                  Operation start:323:23 end:323:36:
                    vpiParent: Operation
                    vpiOpType: not (3)
                    vpiOperand (1 items):
                      RefObj name:din_4_1_eq_0 start:323:24 end:323:36:
                        vpiParent: Operation
                        vpiName: din_4_1_eq_0
                        vpiFullName: work@fpu_cnt_lead0_53b.din_4_1_eq_0
                        vpiActual: Net name:din_4_1_eq_0
                  RefObj name:lead0_4_1_0 start:323:41 end:323:52:
                    vpiParent: Operation
                    vpiName: lead0_4_1_0
                    vpiFullName: work@fpu_cnt_lead0_53b.lead0_4_1_0
                    vpiActual: Net name:lead0_4_1_0
              Operation start:324:7 end:324:32:
                vpiParent: Operation
                vpiOpType: logical and (26)
                vpiOperand (2 items):
                  RefObj name:din_4_1_eq_0 start:324:7 end:324:19:
                    vpiParent: Operation
                    vpiName: din_4_1_eq_0
                    vpiFullName: work@fpu_cnt_lead0_53b.din_4_1_eq_0
                    vpiActual: Net name:din_4_1_eq_0
                  RefObj name:lead0_0_0 start:324:23 end:324:32:
                    vpiParent: Operation
                    vpiName: lead0_0_0
                    vpiFullName: work@fpu_cnt_lead0_53b.lead0_0_0
                    vpiActual: Net name:lead0_0_0
        ContAssign start:375:8 end:375:33:
          vpiParent: Module name:work@fpu_cnt_lead0_53b
          vpiLhs RefObj name:lead0_4_0_2 start:375:8 end:375:19:
            vpiParent: ContAssign
            vpiName: lead0_4_0_2
            vpiFullName: work@fpu_cnt_lead0_53b.lead0_4_0_2
            vpiActual: Net name:lead0_4_0_2
          vpiRhs RefObj name:din_4_1_eq_0 start:375:21 end:375:33:
            vpiParent: ContAssign
            vpiName: din_4_1_eq_0
            vpiFullName: work@fpu_cnt_lead0_53b.din_4_1_eq_0
            vpiActual: Net name:din_4_1_eq_0
        ContAssign start:416:8 end:416:31:
          vpiParent: Module name:work@fpu_cnt_lead0_53b
          vpiLhs RefObj name:lead0_5 start:416:8 end:416:15:
            vpiParent: ContAssign
            vpiName: lead0_5
            vpiFullName: work@fpu_cnt_lead0_53b.lead0_5
            vpiActual: Net name:lead0_5
          vpiRhs RefObj name:din_52_21_eq_0 start:416:17 end:416:31:
            vpiParent: ContAssign
            vpiName: din_52_21_eq_0
            vpiFullName: work@fpu_cnt_lead0_53b.din_52_21_eq_0
            vpiActual: Net name:din_52_21_eq_0
        ContAssign start:418:8 end:419:39:
          vpiParent: Module name:work@fpu_cnt_lead0_53b
          vpiLhs RefObj name:lead0_4 start:418:8 end:418:15:
            vpiParent: ContAssign
            vpiName: lead0_4
            vpiFullName: work@fpu_cnt_lead0_53b.lead0_4
            vpiActual: Net name:lead0_4
          vpiRhs Operation start:418:17 end:419:39:
            vpiParent: ContAssign
            vpiOpType: logical or (27)
            vpiOperand (2 items):
              Operation start:418:18 end:418:53:
                vpiParent: Operation
                vpiOpType: logical and (26)
                vpiOperand (2 items):
                  Operation start:418:19 end:418:34:
                    vpiParent: Operation
                    vpiOpType: not (3)
                    vpiOperand (1 items):
                      RefObj name:din_52_21_eq_0 start:418:20 end:418:34:
                        vpiParent: Operation
                        vpiName: din_52_21_eq_0
                        vpiFullName: work@fpu_cnt_lead0_53b.din_52_21_eq_0
                        vpiActual: Net name:din_52_21_eq_0
                  RefObj name:din_52_37_eq_0 start:418:39 end:418:53:
                    vpiParent: Operation
                    vpiName: din_52_37_eq_0
                    vpiFullName: work@fpu_cnt_lead0_53b.din_52_37_eq_0
                    vpiActual: Net name:din_52_37_eq_0
              Operation start:419:7 end:419:38:
                vpiParent: Operation
                vpiOpType: logical and (26)
                vpiOperand (2 items):
                  RefObj name:din_52_21_eq_0 start:419:7 end:419:21:
                    vpiParent: Operation
                    vpiName: din_52_21_eq_0
                    vpiFullName: work@fpu_cnt_lead0_53b.din_52_21_eq_0
                    vpiActual: Net name:din_52_21_eq_0
                  RefObj name:din_20_5_eq_0 start:419:25 end:419:38:
                    vpiParent: Operation
                    vpiName: din_20_5_eq_0
                    vpiFullName: work@fpu_cnt_lead0_53b.din_20_5_eq_0
                    vpiActual: Net name:din_20_5_eq_0
        ContAssign start:421:8 end:422:38:
          vpiParent: Module name:work@fpu_cnt_lead0_53b
          vpiLhs RefObj name:lead0_3 start:421:8 end:421:15:
            vpiParent: ContAssign
            vpiName: lead0_3
            vpiFullName: work@fpu_cnt_lead0_53b.lead0_3
            vpiActual: Net name:lead0_3
          vpiRhs Operation start:421:17 end:422:38:
            vpiParent: ContAssign
            vpiOpType: logical or (27)
            vpiOperand (2 items):
              Operation start:421:18 end:421:52:
                vpiParent: Operation
                vpiOpType: logical and (26)
                vpiOperand (2 items):
                  Operation start:421:19 end:421:34:
                    vpiParent: Operation
                    vpiOpType: not (3)
                    vpiOperand (1 items):
                      RefObj name:din_52_21_eq_0 start:421:20 end:421:34:
                        vpiParent: Operation
                        vpiName: din_52_21_eq_0
                        vpiFullName: work@fpu_cnt_lead0_53b.din_52_21_eq_0
                        vpiActual: Net name:din_52_21_eq_0
                  RefObj name:lead0_52_21_3 start:421:39 end:421:52:
                    vpiParent: Operation
                    vpiName: lead0_52_21_3
                    vpiFullName: work@fpu_cnt_lead0_53b.lead0_52_21_3
                    vpiActual: Net name:lead0_52_21_3
              Operation start:422:7 end:422:37:
                vpiParent: Operation
                vpiOpType: logical and (26)
                vpiOperand (2 items):
                  RefObj name:din_52_21_eq_0 start:422:7 end:422:21:
                    vpiParent: Operation
                    vpiName: din_52_21_eq_0
                    vpiFullName: work@fpu_cnt_lead0_53b.din_52_21_eq_0
                    vpiActual: Net name:din_52_21_eq_0
                  RefObj name:lead0_20_0_3 start:422:25 end:422:37:
                    vpiParent: Operation
                    vpiName: lead0_20_0_3
                    vpiFullName: work@fpu_cnt_lead0_53b.lead0_20_0_3
                    vpiActual: Net name:lead0_20_0_3
        ContAssign start:424:8 end:425:38:
          vpiParent: Module name:work@fpu_cnt_lead0_53b
          vpiLhs RefObj name:lead0_2 start:424:8 end:424:15:
            vpiParent: ContAssign
            vpiName: lead0_2
            vpiFullName: work@fpu_cnt_lead0_53b.lead0_2
            vpiActual: Net name:lead0_2
          vpiRhs Operation start:424:17 end:425:38:
            vpiParent: ContAssign
            vpiOpType: logical or (27)
            vpiOperand (2 items):
              Operation start:424:18 end:424:52:
                vpiParent: Operation
                vpiOpType: logical and (26)
                vpiOperand (2 items):
                  Operation start:424:19 end:424:34:
                    vpiParent: Operation
                    vpiOpType: not (3)
                    vpiOperand (1 items):
                      RefObj name:din_52_21_eq_0 start:424:20 end:424:34:
                        vpiParent: Operation
                        vpiName: din_52_21_eq_0
                        vpiFullName: work@fpu_cnt_lead0_53b.din_52_21_eq_0
                        vpiActual: Net name:din_52_21_eq_0
                  RefObj name:lead0_52_21_2 start:424:39 end:424:52:
                    vpiParent: Operation
                    vpiName: lead0_52_21_2
                    vpiFullName: work@fpu_cnt_lead0_53b.lead0_52_21_2
                    vpiActual: Net name:lead0_52_21_2
              Operation start:425:7 end:425:37:
                vpiParent: Operation
                vpiOpType: logical and (26)
                vpiOperand (2 items):
                  RefObj name:din_52_21_eq_0 start:425:7 end:425:21:
                    vpiParent: Operation
                    vpiName: din_52_21_eq_0
                    vpiFullName: work@fpu_cnt_lead0_53b.din_52_21_eq_0
                    vpiActual: Net name:din_52_21_eq_0
                  RefObj name:lead0_20_0_2 start:425:25 end:425:37:
                    vpiParent: Operation
                    vpiName: lead0_20_0_2
                    vpiFullName: work@fpu_cnt_lead0_53b.lead0_20_0_2
                    vpiActual: Net name:lead0_20_0_2
        ContAssign start:427:8 end:428:38:
          vpiParent: Module name:work@fpu_cnt_lead0_53b
          vpiLhs RefObj name:lead0_1 start:427:8 end:427:15:
            vpiParent: ContAssign
            vpiName: lead0_1
            vpiFullName: work@fpu_cnt_lead0_53b.lead0_1
            vpiActual: Net name:lead0_1
          vpiRhs Operation start:427:17 end:428:38:
            vpiParent: ContAssign
            vpiOpType: logical or (27)
            vpiOperand (2 items):
              Operation start:427:18 end:427:52:
                vpiParent: Operation
                vpiOpType: logical and (26)
                vpiOperand (2 items):
                  Operation start:427:19 end:427:34:
                    vpiParent: Operation
                    vpiOpType: not (3)
                    vpiOperand (1 items):
                      RefObj name:din_52_21_eq_0 start:427:20 end:427:34:
                        vpiParent: Operation
                        vpiName: din_52_21_eq_0
                        vpiFullName: work@fpu_cnt_lead0_53b.din_52_21_eq_0
                        vpiActual: Net name:din_52_21_eq_0
                  RefObj name:lead0_52_21_1 start:427:39 end:427:52:
                    vpiParent: Operation
                    vpiName: lead0_52_21_1
                    vpiFullName: work@fpu_cnt_lead0_53b.lead0_52_21_1
                    vpiActual: Net name:lead0_52_21_1
              Operation start:428:7 end:428:37:
                vpiParent: Operation
                vpiOpType: logical and (26)
                vpiOperand (2 items):
                  RefObj name:din_52_21_eq_0 start:428:7 end:428:21:
                    vpiParent: Operation
                    vpiName: din_52_21_eq_0
                    vpiFullName: work@fpu_cnt_lead0_53b.din_52_21_eq_0
                    vpiActual: Net name:din_52_21_eq_0
                  RefObj name:lead0_20_0_1 start:428:25 end:428:37:
                    vpiParent: Operation
                    vpiName: lead0_20_0_1
                    vpiFullName: work@fpu_cnt_lead0_53b.lead0_20_0_1
                    vpiActual: Net name:lead0_20_0_1
        ContAssign start:430:8 end:431:38:
          vpiParent: Module name:work@fpu_cnt_lead0_53b
          vpiLhs RefObj name:lead0_0 start:430:8 end:430:15:
            vpiParent: ContAssign
            vpiName: lead0_0
            vpiFullName: work@fpu_cnt_lead0_53b.lead0_0
            vpiActual: Net name:lead0_0
          vpiRhs Operation start:430:17 end:431:38:
            vpiParent: ContAssign
            vpiOpType: logical or (27)
            vpiOperand (2 items):
              Operation start:430:18 end:430:52:
                vpiParent: Operation
                vpiOpType: logical and (26)
                vpiOperand (2 items):
                  Operation start:430:19 end:430:34:
                    vpiParent: Operation
                    vpiOpType: not (3)
                    vpiOperand (1 items):
                      RefObj name:din_52_21_eq_0 start:430:20 end:430:34:
                        vpiParent: Operation
                        vpiName: din_52_21_eq_0
                        vpiFullName: work@fpu_cnt_lead0_53b.din_52_21_eq_0
                        vpiActual: Net name:din_52_21_eq_0
                  RefObj name:lead0_52_21_0 start:430:39 end:430:52:
                    vpiParent: Operation
                    vpiName: lead0_52_21_0
                    vpiFullName: work@fpu_cnt_lead0_53b.lead0_52_21_0
                    vpiActual: Net name:lead0_52_21_0
              Operation start:431:7 end:431:37:
                vpiParent: Operation
                vpiOpType: logical and (26)
                vpiOperand (2 items):
                  RefObj name:din_52_21_eq_0 start:431:7 end:431:21:
                    vpiParent: Operation
                    vpiName: din_52_21_eq_0
                    vpiFullName: work@fpu_cnt_lead0_53b.din_52_21_eq_0
                    vpiActual: Net name:din_52_21_eq_0
                  RefObj name:lead0_20_0_0 start:431:25 end:431:37:
                    vpiParent: Operation
                    vpiName: lead0_20_0_0
                    vpiFullName: work@fpu_cnt_lead0_53b.lead0_20_0_0
                    vpiActual: Net name:lead0_20_0_0
        ContAssign start:433:8 end:433:74:
          vpiParent: Module name:work@fpu_cnt_lead0_53b
          vpiLhs PartSelect name:lead0[5:0] start:433:8 end:433:18:
            vpiParent: ContAssign
            vpiName: lead0[5:0]
            vpiFullName: work@fpu_cnt_lead0_53b.lead0[5:0]
            vpiPrefix RefObj name:lead0 start:433:8 end:433:13:
              vpiParent: PartSelect name:lead0[5:0]
              vpiName: lead0
              vpiFullName: work@fpu_cnt_lead0_53b.lead0[5:0].lead0
              vpiActual: Net name:lead0
            vpiRange Range start:433:14 end:433:17:
              vpiParent: PartSelect name:lead0[5:0]
              vpiLeftRange Constant start:433:14 end:433:15:
                vpiParent: Range
                vpiTypespec RefTypespec:
                  vpiParent: Constant
                  vpiFullName: work@fpu_cnt_lead0_53b.lead0[5:0]
                  vpiActual: IntTypespec
                vpiConstType: unsigned int (9)
                vpiSize: 64
                vpiDecompile: "5"
                vpiValue: 5
              vpiRightRange Constant start:433:16 end:433:17:
                vpiParent: Range
                vpiTypespec RefTypespec:
                  vpiParent: Constant
                  vpiFullName: work@fpu_cnt_lead0_53b.lead0[5:0]
                  vpiActual: IntTypespec
                vpiConstType: unsigned int (9)
                vpiSize: 64
                vpiDecompile: "0"
                vpiValue: 0
          vpiRhs Operation start:433:20 end:433:74:
            vpiParent: ContAssign
            vpiOpType: concatenation (33)
            vpiOperand (6 items):
              RefObj name:lead0_5 start:433:21 end:433:28:
                vpiParent: Operation
                vpiName: lead0_5
                vpiFullName: work@fpu_cnt_lead0_53b.lead0_5
                vpiActual: Net name:lead0_5
              RefObj name:lead0_4 start:433:30 end:433:37:
                vpiParent: Operation
                vpiName: lead0_4
                vpiFullName: work@fpu_cnt_lead0_53b.lead0_4
                vpiActual: Net name:lead0_4
              RefObj name:lead0_3 start:433:39 end:433:46:
                vpiParent: Operation
                vpiName: lead0_3
                vpiFullName: work@fpu_cnt_lead0_53b.lead0_3
                vpiActual: Net name:lead0_3
              RefObj name:lead0_2 start:433:48 end:433:55:
                vpiParent: Operation
                vpiName: lead0_2
                vpiFullName: work@fpu_cnt_lead0_53b.lead0_2
                vpiActual: Net name:lead0_2
              RefObj name:lead0_1 start:433:57 end:433:64:
                vpiParent: Operation
                vpiName: lead0_1
                vpiFullName: work@fpu_cnt_lead0_53b.lead0_1
                vpiActual: Net name:lead0_1
              RefObj name:lead0_0 start:433:66 end:433:73:
                vpiParent: Operation
                vpiName: lead0_0
                vpiFullName: work@fpu_cnt_lead0_53b.lead0_0
                vpiActual: Net name:lead0_0
      vpiRefInstance (24 items):
        RefInstance name:i_fpu_cnt_lead0_lvl1_52_49 start:136:20 end:136:46:
          vpiParent: Module name:work@fpu_cnt_lead0_53b
          vpiName: i_fpu_cnt_lead0_lvl1_52_49
          vpiTypespec RefTypespec name:work@fpu_cnt_lead0_lvl1 start:136:1 end:136:19:
            vpiParent: RefInstance name:i_fpu_cnt_lead0_lvl1_52_49
            vpiName: work@fpu_cnt_lead0_lvl1
            vpiFullName: work@fpu_cnt_lead0_53b.i_fpu_cnt_lead0_lvl1_52_49.work@fpu_cnt_lead0_lvl1
            vpiActual: UnsupportedTypespec name:work@fpu_cnt_lead0_lvl1
          vpiPort (4 items):
            Port start:137:2 end:137:21:
              vpiParent: RefInstance name:i_fpu_cnt_lead0_lvl1_52_49
              vpiLowConn RefObj name:din start:137:3 end:137:6:
                vpiParent: Port
                vpiName: din
                vpiFullName: work@fpu_cnt_lead0_53b.i_fpu_cnt_lead0_lvl1_52_49.din
                vpiActual: Net name:din
              vpiHighConn PartSelect name:din[52:49] start:137:10 end:137:20:
                vpiParent: Port
                vpiName: din[52:49]
                vpiFullName: work@fpu_cnt_lead0_53b.i_fpu_cnt_lead0_lvl1_52_49.din[52:49]
                vpiPrefix RefObj name:din start:137:10 end:137:13:
                  vpiParent: PartSelect name:din[52:49]
                  vpiName: din
                  vpiFullName: work@fpu_cnt_lead0_53b.i_fpu_cnt_lead0_lvl1_52_49.din[52:49].din
                  vpiActual: Net name:din
                vpiRange Range start:137:14 end:137:19:
                  vpiParent: PartSelect name:din[52:49]
                  vpiLeftRange Constant start:137:14 end:137:16:
                    vpiParent: Range
                    vpiTypespec RefTypespec:
                      vpiParent: Constant
                      vpiFullName: work@fpu_cnt_lead0_53b.i_fpu_cnt_lead0_lvl1_52_49.din[52:49]
                      vpiActual: IntTypespec
                    vpiConstType: unsigned int (9)
                    vpiSize: 64
                    vpiDecompile: "52"
                    vpiValue: 52
                  vpiRightRange Constant start:137:17 end:137:19:
                    vpiParent: Range
                    vpiTypespec RefTypespec:
                      vpiParent: Constant
                      vpiFullName: work@fpu_cnt_lead0_53b.i_fpu_cnt_lead0_lvl1_52_49.din[52:49]
                      vpiActual: IntTypespec
                    vpiConstType: unsigned int (9)
                    vpiSize: 64
                    vpiDecompile: "49"
                    vpiValue: 49
            Port start:139:2 end:139:33:
              vpiParent: RefInstance name:i_fpu_cnt_lead0_lvl1_52_49
              vpiLowConn RefObj name:din_3_0_eq_0 start:139:3 end:139:15:
                vpiParent: Port
                vpiName: din_3_0_eq_0
                vpiFullName: work@fpu_cnt_lead0_53b.i_fpu_cnt_lead0_lvl1_52_49.din_3_0_eq_0
              vpiHighConn RefObj name:din_52_49_eq_0 start:139:18 end:139:32:
                vpiParent: Port
                vpiName: din_52_49_eq_0
                vpiFullName: work@fpu_cnt_lead0_53b.i_fpu_cnt_lead0_lvl1_52_49.din_52_49_eq_0
                vpiActual: Net name:din_52_49_eq_0
            Port start:140:2 end:140:33:
              vpiParent: RefInstance name:i_fpu_cnt_lead0_lvl1_52_49
              vpiLowConn RefObj name:din_3_2_eq_0 start:140:3 end:140:15:
                vpiParent: Port
                vpiName: din_3_2_eq_0
                vpiFullName: work@fpu_cnt_lead0_53b.i_fpu_cnt_lead0_lvl1_52_49.din_3_2_eq_0
              vpiHighConn RefObj name:din_52_51_eq_0 start:140:18 end:140:32:
                vpiParent: Port
                vpiName: din_52_51_eq_0
                vpiFullName: work@fpu_cnt_lead0_53b.i_fpu_cnt_lead0_lvl1_52_49.din_52_51_eq_0
                vpiActual: Net name:din_52_51_eq_0
            Port start:141:2 end:141:30:
              vpiParent: RefInstance name:i_fpu_cnt_lead0_lvl1_52_49
              vpiLowConn RefObj name:lead0_4b_0 start:141:3 end:141:13:
                vpiParent: Port
                vpiName: lead0_4b_0
                vpiFullName: work@fpu_cnt_lead0_53b.i_fpu_cnt_lead0_lvl1_52_49.lead0_4b_0
              vpiHighConn RefObj name:lead0_52_49_0 start:141:16 end:141:29:
                vpiParent: Port
                vpiName: lead0_52_49_0
                vpiFullName: work@fpu_cnt_lead0_53b.i_fpu_cnt_lead0_lvl1_52_49.lead0_52_49_0
                vpiActual: Net name:lead0_52_49_0
        RefInstance name:i_fpu_cnt_lead0_lvl1_48_45 start:144:20 end:144:46:
          vpiParent: Module name:work@fpu_cnt_lead0_53b
          vpiName: i_fpu_cnt_lead0_lvl1_48_45
          vpiTypespec RefTypespec name:work@fpu_cnt_lead0_lvl1 start:144:1 end:144:19:
            vpiParent: RefInstance name:i_fpu_cnt_lead0_lvl1_48_45
            vpiName: work@fpu_cnt_lead0_lvl1
            vpiFullName: work@fpu_cnt_lead0_53b.i_fpu_cnt_lead0_lvl1_48_45.work@fpu_cnt_lead0_lvl1
            vpiActual: UnsupportedTypespec name:work@fpu_cnt_lead0_lvl1
          vpiPort (4 items):
            Port start:145:9 end:145:45:
              vpiParent: RefInstance name:i_fpu_cnt_lead0_lvl1_48_45
              vpiLowConn RefObj name:din start:145:10 end:145:13:
                vpiParent: Port
                vpiName: din
                vpiFullName: work@fpu_cnt_lead0_53b.i_fpu_cnt_lead0_lvl1_48_45.din
                vpiActual: Net name:din
              vpiHighConn PartSelect name:din[48:45] start:145:34 end:145:44:
                vpiParent: Port
                vpiName: din[48:45]
                vpiFullName: work@fpu_cnt_lead0_53b.i_fpu_cnt_lead0_lvl1_48_45.din[48:45]
                vpiPrefix RefObj name:din start:145:34 end:145:37:
                  vpiParent: PartSelect name:din[48:45]
                  vpiName: din
                  vpiFullName: work@fpu_cnt_lead0_53b.i_fpu_cnt_lead0_lvl1_48_45.din[48:45].din
                  vpiActual: Net name:din
                vpiRange Range start:145:38 end:145:43:
                  vpiParent: PartSelect name:din[48:45]
                  vpiLeftRange Constant start:145:38 end:145:40:
                    vpiParent: Range
                    vpiTypespec RefTypespec:
                      vpiParent: Constant
                      vpiFullName: work@fpu_cnt_lead0_53b.i_fpu_cnt_lead0_lvl1_48_45.din[48:45]
                      vpiActual: IntTypespec
                    vpiConstType: unsigned int (9)
                    vpiSize: 64
                    vpiDecompile: "48"
                    vpiValue: 48
                  vpiRightRange Constant start:145:41 end:145:43:
                    vpiParent: Range
                    vpiTypespec RefTypespec:
                      vpiParent: Constant
                      vpiFullName: work@fpu_cnt_lead0_53b.i_fpu_cnt_lead0_lvl1_48_45.din[48:45]
                      vpiActual: IntTypespec
                    vpiConstType: unsigned int (9)
                    vpiSize: 64
                    vpiDecompile: "45"
                    vpiValue: 45
            Port start:147:9 end:147:49:
              vpiParent: RefInstance name:i_fpu_cnt_lead0_lvl1_48_45
              vpiLowConn RefObj name:din_3_0_eq_0 start:147:10 end:147:22:
                vpiParent: Port
                vpiName: din_3_0_eq_0
                vpiFullName: work@fpu_cnt_lead0_53b.i_fpu_cnt_lead0_lvl1_48_45.din_3_0_eq_0
              vpiHighConn RefObj name:din_48_45_eq_0 start:147:34 end:147:48:
                vpiParent: Port
                vpiName: din_48_45_eq_0
                vpiFullName: work@fpu_cnt_lead0_53b.i_fpu_cnt_lead0_lvl1_48_45.din_48_45_eq_0
                vpiActual: Net name:din_48_45_eq_0
            Port start:148:9 end:148:49:
              vpiParent: RefInstance name:i_fpu_cnt_lead0_lvl1_48_45
              vpiLowConn RefObj name:din_3_2_eq_0 start:148:10 end:148:22:
                vpiParent: Port
                vpiName: din_3_2_eq_0
                vpiFullName: work@fpu_cnt_lead0_53b.i_fpu_cnt_lead0_lvl1_48_45.din_3_2_eq_0
              vpiHighConn RefObj name:din_48_47_eq_0 start:148:34 end:148:48:
                vpiParent: Port
                vpiName: din_48_47_eq_0
                vpiFullName: work@fpu_cnt_lead0_53b.i_fpu_cnt_lead0_lvl1_48_45.din_48_47_eq_0
                vpiActual: Net name:din_48_47_eq_0
            Port start:149:9 end:149:48:
              vpiParent: RefInstance name:i_fpu_cnt_lead0_lvl1_48_45
              vpiLowConn RefObj name:lead0_4b_0 start:149:10 end:149:20:
                vpiParent: Port
                vpiName: lead0_4b_0
                vpiFullName: work@fpu_cnt_lead0_53b.i_fpu_cnt_lead0_lvl1_48_45.lead0_4b_0
              vpiHighConn RefObj name:lead0_48_45_0 start:149:34 end:149:47:
                vpiParent: Port
                vpiName: lead0_48_45_0
                vpiFullName: work@fpu_cnt_lead0_53b.i_fpu_cnt_lead0_lvl1_48_45.lead0_48_45_0
                vpiActual: Net name:lead0_48_45_0
        RefInstance name:i_fpu_cnt_lead0_lvl1_44_41 start:152:20 end:152:46:
          vpiParent: Module name:work@fpu_cnt_lead0_53b
          vpiName: i_fpu_cnt_lead0_lvl1_44_41
          vpiTypespec RefTypespec name:work@fpu_cnt_lead0_lvl1 start:152:1 end:152:19:
            vpiParent: RefInstance name:i_fpu_cnt_lead0_lvl1_44_41
            vpiName: work@fpu_cnt_lead0_lvl1
            vpiFullName: work@fpu_cnt_lead0_53b.i_fpu_cnt_lead0_lvl1_44_41.work@fpu_cnt_lead0_lvl1
            vpiActual: UnsupportedTypespec name:work@fpu_cnt_lead0_lvl1
          vpiPort (4 items):
            Port start:153:9 end:153:45:
              vpiParent: RefInstance name:i_fpu_cnt_lead0_lvl1_44_41
              vpiLowConn RefObj name:din start:153:10 end:153:13:
                vpiParent: Port
                vpiName: din
                vpiFullName: work@fpu_cnt_lead0_53b.i_fpu_cnt_lead0_lvl1_44_41.din
                vpiActual: Net name:din
              vpiHighConn PartSelect name:din[44:41] start:153:34 end:153:44:
                vpiParent: Port
                vpiName: din[44:41]
                vpiFullName: work@fpu_cnt_lead0_53b.i_fpu_cnt_lead0_lvl1_44_41.din[44:41]
                vpiPrefix RefObj name:din start:153:34 end:153:37:
                  vpiParent: PartSelect name:din[44:41]
                  vpiName: din
                  vpiFullName: work@fpu_cnt_lead0_53b.i_fpu_cnt_lead0_lvl1_44_41.din[44:41].din
                  vpiActual: Net name:din
                vpiRange Range start:153:38 end:153:43:
                  vpiParent: PartSelect name:din[44:41]
                  vpiLeftRange Constant start:153:38 end:153:40:
                    vpiParent: Range
                    vpiTypespec RefTypespec:
                      vpiParent: Constant
                      vpiFullName: work@fpu_cnt_lead0_53b.i_fpu_cnt_lead0_lvl1_44_41.din[44:41]
                      vpiActual: IntTypespec
                    vpiConstType: unsigned int (9)
                    vpiSize: 64
                    vpiDecompile: "44"
                    vpiValue: 44
                  vpiRightRange Constant start:153:41 end:153:43:
                    vpiParent: Range
                    vpiTypespec RefTypespec:
                      vpiParent: Constant
                      vpiFullName: work@fpu_cnt_lead0_53b.i_fpu_cnt_lead0_lvl1_44_41.din[44:41]
                      vpiActual: IntTypespec
                    vpiConstType: unsigned int (9)
                    vpiSize: 64
                    vpiDecompile: "41"
                    vpiValue: 41
            Port start:155:9 end:155:49:
              vpiParent: RefInstance name:i_fpu_cnt_lead0_lvl1_44_41
              vpiLowConn RefObj name:din_3_0_eq_0 start:155:10 end:155:22:
                vpiParent: Port
                vpiName: din_3_0_eq_0
                vpiFullName: work@fpu_cnt_lead0_53b.i_fpu_cnt_lead0_lvl1_44_41.din_3_0_eq_0
              vpiHighConn RefObj name:din_44_41_eq_0 start:155:34 end:155:48:
                vpiParent: Port
                vpiName: din_44_41_eq_0
                vpiFullName: work@fpu_cnt_lead0_53b.i_fpu_cnt_lead0_lvl1_44_41.din_44_41_eq_0
                vpiActual: Net name:din_44_41_eq_0
            Port start:156:9 end:156:49:
              vpiParent: RefInstance name:i_fpu_cnt_lead0_lvl1_44_41
              vpiLowConn RefObj name:din_3_2_eq_0 start:156:10 end:156:22:
                vpiParent: Port
                vpiName: din_3_2_eq_0
                vpiFullName: work@fpu_cnt_lead0_53b.i_fpu_cnt_lead0_lvl1_44_41.din_3_2_eq_0
              vpiHighConn RefObj name:din_44_43_eq_0 start:156:34 end:156:48:
                vpiParent: Port
                vpiName: din_44_43_eq_0
                vpiFullName: work@fpu_cnt_lead0_53b.i_fpu_cnt_lead0_lvl1_44_41.din_44_43_eq_0
                vpiActual: Net name:din_44_43_eq_0
            Port start:157:9 end:157:48:
              vpiParent: RefInstance name:i_fpu_cnt_lead0_lvl1_44_41
              vpiLowConn RefObj name:lead0_4b_0 start:157:10 end:157:20:
                vpiParent: Port
                vpiName: lead0_4b_0
                vpiFullName: work@fpu_cnt_lead0_53b.i_fpu_cnt_lead0_lvl1_44_41.lead0_4b_0
              vpiHighConn RefObj name:lead0_44_41_0 start:157:34 end:157:47:
                vpiParent: Port
                vpiName: lead0_44_41_0
                vpiFullName: work@fpu_cnt_lead0_53b.i_fpu_cnt_lead0_lvl1_44_41.lead0_44_41_0
                vpiActual: Net name:lead0_44_41_0
        RefInstance name:i_fpu_cnt_lead0_lvl1_40_37 start:160:20 end:160:46:
          vpiParent: Module name:work@fpu_cnt_lead0_53b
          vpiName: i_fpu_cnt_lead0_lvl1_40_37
          vpiTypespec RefTypespec name:work@fpu_cnt_lead0_lvl1 start:160:1 end:160:19:
            vpiParent: RefInstance name:i_fpu_cnt_lead0_lvl1_40_37
            vpiName: work@fpu_cnt_lead0_lvl1
            vpiFullName: work@fpu_cnt_lead0_53b.i_fpu_cnt_lead0_lvl1_40_37.work@fpu_cnt_lead0_lvl1
            vpiActual: UnsupportedTypespec name:work@fpu_cnt_lead0_lvl1
          vpiPort (4 items):
            Port start:161:9 end:161:45:
              vpiParent: RefInstance name:i_fpu_cnt_lead0_lvl1_40_37
              vpiLowConn RefObj name:din start:161:10 end:161:13:
                vpiParent: Port
                vpiName: din
                vpiFullName: work@fpu_cnt_lead0_53b.i_fpu_cnt_lead0_lvl1_40_37.din
                vpiActual: Net name:din
              vpiHighConn PartSelect name:din[40:37] start:161:34 end:161:44:
                vpiParent: Port
                vpiName: din[40:37]
                vpiFullName: work@fpu_cnt_lead0_53b.i_fpu_cnt_lead0_lvl1_40_37.din[40:37]
                vpiPrefix RefObj name:din start:161:34 end:161:37:
                  vpiParent: PartSelect name:din[40:37]
                  vpiName: din
                  vpiFullName: work@fpu_cnt_lead0_53b.i_fpu_cnt_lead0_lvl1_40_37.din[40:37].din
                  vpiActual: Net name:din
                vpiRange Range start:161:38 end:161:43:
                  vpiParent: PartSelect name:din[40:37]
                  vpiLeftRange Constant start:161:38 end:161:40:
                    vpiParent: Range
                    vpiTypespec RefTypespec:
                      vpiParent: Constant
                      vpiFullName: work@fpu_cnt_lead0_53b.i_fpu_cnt_lead0_lvl1_40_37.din[40:37]
                      vpiActual: IntTypespec
                    vpiConstType: unsigned int (9)
                    vpiSize: 64
                    vpiDecompile: "40"
                    vpiValue: 40
                  vpiRightRange Constant start:161:41 end:161:43:
                    vpiParent: Range
                    vpiTypespec RefTypespec:
                      vpiParent: Constant
                      vpiFullName: work@fpu_cnt_lead0_53b.i_fpu_cnt_lead0_lvl1_40_37.din[40:37]
                      vpiActual: IntTypespec
                    vpiConstType: unsigned int (9)
                    vpiSize: 64
                    vpiDecompile: "37"
                    vpiValue: 37
            Port start:163:9 end:163:49:
              vpiParent: RefInstance name:i_fpu_cnt_lead0_lvl1_40_37
              vpiLowConn RefObj name:din_3_0_eq_0 start:163:10 end:163:22:
                vpiParent: Port
                vpiName: din_3_0_eq_0
                vpiFullName: work@fpu_cnt_lead0_53b.i_fpu_cnt_lead0_lvl1_40_37.din_3_0_eq_0
              vpiHighConn RefObj name:din_40_37_eq_0 start:163:34 end:163:48:
                vpiParent: Port
                vpiName: din_40_37_eq_0
                vpiFullName: work@fpu_cnt_lead0_53b.i_fpu_cnt_lead0_lvl1_40_37.din_40_37_eq_0
                vpiActual: Net name:din_40_37_eq_0
            Port start:164:9 end:164:49:
              vpiParent: RefInstance name:i_fpu_cnt_lead0_lvl1_40_37
              vpiLowConn RefObj name:din_3_2_eq_0 start:164:10 end:164:22:
                vpiParent: Port
                vpiName: din_3_2_eq_0
                vpiFullName: work@fpu_cnt_lead0_53b.i_fpu_cnt_lead0_lvl1_40_37.din_3_2_eq_0
              vpiHighConn RefObj name:din_40_39_eq_0 start:164:34 end:164:48:
                vpiParent: Port
                vpiName: din_40_39_eq_0
                vpiFullName: work@fpu_cnt_lead0_53b.i_fpu_cnt_lead0_lvl1_40_37.din_40_39_eq_0
                vpiActual: Net name:din_40_39_eq_0
            Port start:165:9 end:165:48:
              vpiParent: RefInstance name:i_fpu_cnt_lead0_lvl1_40_37
              vpiLowConn RefObj name:lead0_4b_0 start:165:10 end:165:20:
                vpiParent: Port
                vpiName: lead0_4b_0
                vpiFullName: work@fpu_cnt_lead0_53b.i_fpu_cnt_lead0_lvl1_40_37.lead0_4b_0
              vpiHighConn RefObj name:lead0_40_37_0 start:165:34 end:165:47:
                vpiParent: Port
                vpiName: lead0_40_37_0
                vpiFullName: work@fpu_cnt_lead0_53b.i_fpu_cnt_lead0_lvl1_40_37.lead0_40_37_0
                vpiActual: Net name:lead0_40_37_0
        RefInstance name:i_fpu_cnt_lead0_lvl1_36_33 start:168:20 end:168:46:
          vpiParent: Module name:work@fpu_cnt_lead0_53b
          vpiName: i_fpu_cnt_lead0_lvl1_36_33
          vpiTypespec RefTypespec name:work@fpu_cnt_lead0_lvl1 start:168:1 end:168:19:
            vpiParent: RefInstance name:i_fpu_cnt_lead0_lvl1_36_33
            vpiName: work@fpu_cnt_lead0_lvl1
            vpiFullName: work@fpu_cnt_lead0_53b.i_fpu_cnt_lead0_lvl1_36_33.work@fpu_cnt_lead0_lvl1
            vpiActual: UnsupportedTypespec name:work@fpu_cnt_lead0_lvl1
          vpiPort (4 items):
            Port start:169:9 end:169:45:
              vpiParent: RefInstance name:i_fpu_cnt_lead0_lvl1_36_33
              vpiLowConn RefObj name:din start:169:10 end:169:13:
                vpiParent: Port
                vpiName: din
                vpiFullName: work@fpu_cnt_lead0_53b.i_fpu_cnt_lead0_lvl1_36_33.din
                vpiActual: Net name:din
              vpiHighConn PartSelect name:din[36:33] start:169:34 end:169:44:
                vpiParent: Port
                vpiName: din[36:33]
                vpiFullName: work@fpu_cnt_lead0_53b.i_fpu_cnt_lead0_lvl1_36_33.din[36:33]
                vpiPrefix RefObj name:din start:169:34 end:169:37:
                  vpiParent: PartSelect name:din[36:33]
                  vpiName: din
                  vpiFullName: work@fpu_cnt_lead0_53b.i_fpu_cnt_lead0_lvl1_36_33.din[36:33].din
                  vpiActual: Net name:din
                vpiRange Range start:169:38 end:169:43:
                  vpiParent: PartSelect name:din[36:33]
                  vpiLeftRange Constant start:169:38 end:169:40:
                    vpiParent: Range
                    vpiTypespec RefTypespec:
                      vpiParent: Constant
                      vpiFullName: work@fpu_cnt_lead0_53b.i_fpu_cnt_lead0_lvl1_36_33.din[36:33]
                      vpiActual: IntTypespec
                    vpiConstType: unsigned int (9)
                    vpiSize: 64
                    vpiDecompile: "36"
                    vpiValue: 36
                  vpiRightRange Constant start:169:41 end:169:43:
                    vpiParent: Range
                    vpiTypespec RefTypespec:
                      vpiParent: Constant
                      vpiFullName: work@fpu_cnt_lead0_53b.i_fpu_cnt_lead0_lvl1_36_33.din[36:33]
                      vpiActual: IntTypespec
                    vpiConstType: unsigned int (9)
                    vpiSize: 64
                    vpiDecompile: "33"
                    vpiValue: 33
            Port start:171:9 end:171:49:
              vpiParent: RefInstance name:i_fpu_cnt_lead0_lvl1_36_33
              vpiLowConn RefObj name:din_3_0_eq_0 start:171:10 end:171:22:
                vpiParent: Port
                vpiName: din_3_0_eq_0
                vpiFullName: work@fpu_cnt_lead0_53b.i_fpu_cnt_lead0_lvl1_36_33.din_3_0_eq_0
              vpiHighConn RefObj name:din_36_33_eq_0 start:171:34 end:171:48:
                vpiParent: Port
                vpiName: din_36_33_eq_0
                vpiFullName: work@fpu_cnt_lead0_53b.i_fpu_cnt_lead0_lvl1_36_33.din_36_33_eq_0
                vpiActual: Net name:din_36_33_eq_0
            Port start:172:9 end:172:49:
              vpiParent: RefInstance name:i_fpu_cnt_lead0_lvl1_36_33
              vpiLowConn RefObj name:din_3_2_eq_0 start:172:10 end:172:22:
                vpiParent: Port
                vpiName: din_3_2_eq_0
                vpiFullName: work@fpu_cnt_lead0_53b.i_fpu_cnt_lead0_lvl1_36_33.din_3_2_eq_0
              vpiHighConn RefObj name:din_36_35_eq_0 start:172:34 end:172:48:
                vpiParent: Port
                vpiName: din_36_35_eq_0
                vpiFullName: work@fpu_cnt_lead0_53b.i_fpu_cnt_lead0_lvl1_36_33.din_36_35_eq_0
                vpiActual: Net name:din_36_35_eq_0
            Port start:173:9 end:173:48:
              vpiParent: RefInstance name:i_fpu_cnt_lead0_lvl1_36_33
              vpiLowConn RefObj name:lead0_4b_0 start:173:10 end:173:20:
                vpiParent: Port
                vpiName: lead0_4b_0
                vpiFullName: work@fpu_cnt_lead0_53b.i_fpu_cnt_lead0_lvl1_36_33.lead0_4b_0
              vpiHighConn RefObj name:lead0_36_33_0 start:173:34 end:173:47:
                vpiParent: Port
                vpiName: lead0_36_33_0
                vpiFullName: work@fpu_cnt_lead0_53b.i_fpu_cnt_lead0_lvl1_36_33.lead0_36_33_0
                vpiActual: Net name:lead0_36_33_0
        RefInstance name:i_fpu_cnt_lead0_lvl1_32_29 start:176:20 end:176:46:
          vpiParent: Module name:work@fpu_cnt_lead0_53b
          vpiName: i_fpu_cnt_lead0_lvl1_32_29
          vpiTypespec RefTypespec name:work@fpu_cnt_lead0_lvl1 start:176:1 end:176:19:
            vpiParent: RefInstance name:i_fpu_cnt_lead0_lvl1_32_29
            vpiName: work@fpu_cnt_lead0_lvl1
            vpiFullName: work@fpu_cnt_lead0_53b.i_fpu_cnt_lead0_lvl1_32_29.work@fpu_cnt_lead0_lvl1
            vpiActual: UnsupportedTypespec name:work@fpu_cnt_lead0_lvl1
          vpiPort (4 items):
            Port start:177:9 end:177:45:
              vpiParent: RefInstance name:i_fpu_cnt_lead0_lvl1_32_29
              vpiLowConn RefObj name:din start:177:10 end:177:13:
                vpiParent: Port
                vpiName: din
                vpiFullName: work@fpu_cnt_lead0_53b.i_fpu_cnt_lead0_lvl1_32_29.din
                vpiActual: Net name:din
              vpiHighConn PartSelect name:din[32:29] start:177:34 end:177:44:
                vpiParent: Port
                vpiName: din[32:29]
                vpiFullName: work@fpu_cnt_lead0_53b.i_fpu_cnt_lead0_lvl1_32_29.din[32:29]
                vpiPrefix RefObj name:din start:177:34 end:177:37:
                  vpiParent: PartSelect name:din[32:29]
                  vpiName: din
                  vpiFullName: work@fpu_cnt_lead0_53b.i_fpu_cnt_lead0_lvl1_32_29.din[32:29].din
                  vpiActual: Net name:din
                vpiRange Range start:177:38 end:177:43:
                  vpiParent: PartSelect name:din[32:29]
                  vpiLeftRange Constant start:177:38 end:177:40:
                    vpiParent: Range
                    vpiTypespec RefTypespec:
                      vpiParent: Constant
                      vpiFullName: work@fpu_cnt_lead0_53b.i_fpu_cnt_lead0_lvl1_32_29.din[32:29]
                      vpiActual: IntTypespec
                    vpiConstType: unsigned int (9)
                    vpiSize: 64
                    vpiDecompile: "32"
                    vpiValue: 32
                  vpiRightRange Constant start:177:41 end:177:43:
                    vpiParent: Range
                    vpiTypespec RefTypespec:
                      vpiParent: Constant
                      vpiFullName: work@fpu_cnt_lead0_53b.i_fpu_cnt_lead0_lvl1_32_29.din[32:29]
                      vpiActual: IntTypespec
                    vpiConstType: unsigned int (9)
                    vpiSize: 64
                    vpiDecompile: "29"
                    vpiValue: 29
            Port start:179:9 end:179:49:
              vpiParent: RefInstance name:i_fpu_cnt_lead0_lvl1_32_29
              vpiLowConn RefObj name:din_3_0_eq_0 start:179:10 end:179:22:
                vpiParent: Port
                vpiName: din_3_0_eq_0
                vpiFullName: work@fpu_cnt_lead0_53b.i_fpu_cnt_lead0_lvl1_32_29.din_3_0_eq_0
              vpiHighConn RefObj name:din_32_29_eq_0 start:179:34 end:179:48:
                vpiParent: Port
                vpiName: din_32_29_eq_0
                vpiFullName: work@fpu_cnt_lead0_53b.i_fpu_cnt_lead0_lvl1_32_29.din_32_29_eq_0
                vpiActual: Net name:din_32_29_eq_0
            Port start:180:9 end:180:49:
              vpiParent: RefInstance name:i_fpu_cnt_lead0_lvl1_32_29
              vpiLowConn RefObj name:din_3_2_eq_0 start:180:10 end:180:22:
                vpiParent: Port
                vpiName: din_3_2_eq_0
                vpiFullName: work@fpu_cnt_lead0_53b.i_fpu_cnt_lead0_lvl1_32_29.din_3_2_eq_0
              vpiHighConn RefObj name:din_32_31_eq_0 start:180:34 end:180:48:
                vpiParent: Port
                vpiName: din_32_31_eq_0
                vpiFullName: work@fpu_cnt_lead0_53b.i_fpu_cnt_lead0_lvl1_32_29.din_32_31_eq_0
                vpiActual: Net name:din_32_31_eq_0
            Port start:181:9 end:181:48:
              vpiParent: RefInstance name:i_fpu_cnt_lead0_lvl1_32_29
              vpiLowConn RefObj name:lead0_4b_0 start:181:10 end:181:20:
                vpiParent: Port
                vpiName: lead0_4b_0
                vpiFullName: work@fpu_cnt_lead0_53b.i_fpu_cnt_lead0_lvl1_32_29.lead0_4b_0
              vpiHighConn RefObj name:lead0_32_29_0 start:181:34 end:181:47:
                vpiParent: Port
                vpiName: lead0_32_29_0
                vpiFullName: work@fpu_cnt_lead0_53b.i_fpu_cnt_lead0_lvl1_32_29.lead0_32_29_0
                vpiActual: Net name:lead0_32_29_0
        RefInstance name:i_fpu_cnt_lead0_lvl1_28_25 start:184:20 end:184:46:
          vpiParent: Module name:work@fpu_cnt_lead0_53b
          vpiName: i_fpu_cnt_lead0_lvl1_28_25
          vpiTypespec RefTypespec name:work@fpu_cnt_lead0_lvl1 start:184:1 end:184:19:
            vpiParent: RefInstance name:i_fpu_cnt_lead0_lvl1_28_25
            vpiName: work@fpu_cnt_lead0_lvl1
            vpiFullName: work@fpu_cnt_lead0_53b.i_fpu_cnt_lead0_lvl1_28_25.work@fpu_cnt_lead0_lvl1
            vpiActual: UnsupportedTypespec name:work@fpu_cnt_lead0_lvl1
          vpiPort (4 items):
            Port start:185:9 end:185:45:
              vpiParent: RefInstance name:i_fpu_cnt_lead0_lvl1_28_25
              vpiLowConn RefObj name:din start:185:10 end:185:13:
                vpiParent: Port
                vpiName: din
                vpiFullName: work@fpu_cnt_lead0_53b.i_fpu_cnt_lead0_lvl1_28_25.din
                vpiActual: Net name:din
              vpiHighConn PartSelect name:din[28:25] start:185:34 end:185:44:
                vpiParent: Port
                vpiName: din[28:25]
                vpiFullName: work@fpu_cnt_lead0_53b.i_fpu_cnt_lead0_lvl1_28_25.din[28:25]
                vpiPrefix RefObj name:din start:185:34 end:185:37:
                  vpiParent: PartSelect name:din[28:25]
                  vpiName: din
                  vpiFullName: work@fpu_cnt_lead0_53b.i_fpu_cnt_lead0_lvl1_28_25.din[28:25].din
                  vpiActual: Net name:din
                vpiRange Range start:185:38 end:185:43:
                  vpiParent: PartSelect name:din[28:25]
                  vpiLeftRange Constant start:185:38 end:185:40:
                    vpiParent: Range
                    vpiTypespec RefTypespec:
                      vpiParent: Constant
                      vpiFullName: work@fpu_cnt_lead0_53b.i_fpu_cnt_lead0_lvl1_28_25.din[28:25]
                      vpiActual: IntTypespec
                    vpiConstType: unsigned int (9)
                    vpiSize: 64
                    vpiDecompile: "28"
                    vpiValue: 28
                  vpiRightRange Constant start:185:41 end:185:43:
                    vpiParent: Range
                    vpiTypespec RefTypespec:
                      vpiParent: Constant
                      vpiFullName: work@fpu_cnt_lead0_53b.i_fpu_cnt_lead0_lvl1_28_25.din[28:25]
                      vpiActual: IntTypespec
                    vpiConstType: unsigned int (9)
                    vpiSize: 64
                    vpiDecompile: "25"
                    vpiValue: 25
            Port start:187:9 end:187:49:
              vpiParent: RefInstance name:i_fpu_cnt_lead0_lvl1_28_25
              vpiLowConn RefObj name:din_3_0_eq_0 start:187:10 end:187:22:
                vpiParent: Port
                vpiName: din_3_0_eq_0
                vpiFullName: work@fpu_cnt_lead0_53b.i_fpu_cnt_lead0_lvl1_28_25.din_3_0_eq_0
              vpiHighConn RefObj name:din_28_25_eq_0 start:187:34 end:187:48:
                vpiParent: Port
                vpiName: din_28_25_eq_0
                vpiFullName: work@fpu_cnt_lead0_53b.i_fpu_cnt_lead0_lvl1_28_25.din_28_25_eq_0
                vpiActual: Net name:din_28_25_eq_0
            Port start:188:9 end:188:49:
              vpiParent: RefInstance name:i_fpu_cnt_lead0_lvl1_28_25
              vpiLowConn RefObj name:din_3_2_eq_0 start:188:10 end:188:22:
                vpiParent: Port
                vpiName: din_3_2_eq_0
                vpiFullName: work@fpu_cnt_lead0_53b.i_fpu_cnt_lead0_lvl1_28_25.din_3_2_eq_0
              vpiHighConn RefObj name:din_28_27_eq_0 start:188:34 end:188:48:
                vpiParent: Port
                vpiName: din_28_27_eq_0
                vpiFullName: work@fpu_cnt_lead0_53b.i_fpu_cnt_lead0_lvl1_28_25.din_28_27_eq_0
                vpiActual: Net name:din_28_27_eq_0
            Port start:189:9 end:189:48:
              vpiParent: RefInstance name:i_fpu_cnt_lead0_lvl1_28_25
              vpiLowConn RefObj name:lead0_4b_0 start:189:10 end:189:20:
                vpiParent: Port
                vpiName: lead0_4b_0
                vpiFullName: work@fpu_cnt_lead0_53b.i_fpu_cnt_lead0_lvl1_28_25.lead0_4b_0
              vpiHighConn RefObj name:lead0_28_25_0 start:189:34 end:189:47:
                vpiParent: Port
                vpiName: lead0_28_25_0
                vpiFullName: work@fpu_cnt_lead0_53b.i_fpu_cnt_lead0_lvl1_28_25.lead0_28_25_0
                vpiActual: Net name:lead0_28_25_0
        RefInstance name:i_fpu_cnt_lead0_lvl1_24_21 start:192:20 end:192:46:
          vpiParent: Module name:work@fpu_cnt_lead0_53b
          vpiName: i_fpu_cnt_lead0_lvl1_24_21
          vpiTypespec RefTypespec name:work@fpu_cnt_lead0_lvl1 start:192:1 end:192:19:
            vpiParent: RefInstance name:i_fpu_cnt_lead0_lvl1_24_21
            vpiName: work@fpu_cnt_lead0_lvl1
            vpiFullName: work@fpu_cnt_lead0_53b.i_fpu_cnt_lead0_lvl1_24_21.work@fpu_cnt_lead0_lvl1
            vpiActual: UnsupportedTypespec name:work@fpu_cnt_lead0_lvl1
          vpiPort (4 items):
            Port start:193:9 end:193:45:
              vpiParent: RefInstance name:i_fpu_cnt_lead0_lvl1_24_21
              vpiLowConn RefObj name:din start:193:10 end:193:13:
                vpiParent: Port
                vpiName: din
                vpiFullName: work@fpu_cnt_lead0_53b.i_fpu_cnt_lead0_lvl1_24_21.din
                vpiActual: Net name:din
              vpiHighConn PartSelect name:din[24:21] start:193:34 end:193:44:
                vpiParent: Port
                vpiName: din[24:21]
                vpiFullName: work@fpu_cnt_lead0_53b.i_fpu_cnt_lead0_lvl1_24_21.din[24:21]
                vpiPrefix RefObj name:din start:193:34 end:193:37:
                  vpiParent: PartSelect name:din[24:21]
                  vpiName: din
                  vpiFullName: work@fpu_cnt_lead0_53b.i_fpu_cnt_lead0_lvl1_24_21.din[24:21].din
                  vpiActual: Net name:din
                vpiRange Range start:193:38 end:193:43:
                  vpiParent: PartSelect name:din[24:21]
                  vpiLeftRange Constant start:193:38 end:193:40:
                    vpiParent: Range
                    vpiTypespec RefTypespec:
                      vpiParent: Constant
                      vpiFullName: work@fpu_cnt_lead0_53b.i_fpu_cnt_lead0_lvl1_24_21.din[24:21]
                      vpiActual: IntTypespec
                    vpiConstType: unsigned int (9)
                    vpiSize: 64
                    vpiDecompile: "24"
                    vpiValue: 24
                  vpiRightRange Constant start:193:41 end:193:43:
                    vpiParent: Range
                    vpiTypespec RefTypespec:
                      vpiParent: Constant
                      vpiFullName: work@fpu_cnt_lead0_53b.i_fpu_cnt_lead0_lvl1_24_21.din[24:21]
                      vpiActual: IntTypespec
                    vpiConstType: unsigned int (9)
                    vpiSize: 64
                    vpiDecompile: "21"
                    vpiValue: 21
            Port start:195:9 end:195:49:
              vpiParent: RefInstance name:i_fpu_cnt_lead0_lvl1_24_21
              vpiLowConn RefObj name:din_3_0_eq_0 start:195:10 end:195:22:
                vpiParent: Port
                vpiName: din_3_0_eq_0
                vpiFullName: work@fpu_cnt_lead0_53b.i_fpu_cnt_lead0_lvl1_24_21.din_3_0_eq_0
              vpiHighConn RefObj name:din_24_21_eq_0 start:195:34 end:195:48:
                vpiParent: Port
                vpiName: din_24_21_eq_0
                vpiFullName: work@fpu_cnt_lead0_53b.i_fpu_cnt_lead0_lvl1_24_21.din_24_21_eq_0
                vpiActual: Net name:din_24_21_eq_0
            Port start:196:9 end:196:49:
              vpiParent: RefInstance name:i_fpu_cnt_lead0_lvl1_24_21
              vpiLowConn RefObj name:din_3_2_eq_0 start:196:10 end:196:22:
                vpiParent: Port
                vpiName: din_3_2_eq_0
                vpiFullName: work@fpu_cnt_lead0_53b.i_fpu_cnt_lead0_lvl1_24_21.din_3_2_eq_0
              vpiHighConn RefObj name:din_24_23_eq_0 start:196:34 end:196:48:
                vpiParent: Port
                vpiName: din_24_23_eq_0
                vpiFullName: work@fpu_cnt_lead0_53b.i_fpu_cnt_lead0_lvl1_24_21.din_24_23_eq_0
                vpiActual: Net name:din_24_23_eq_0
            Port start:197:9 end:197:48:
              vpiParent: RefInstance name:i_fpu_cnt_lead0_lvl1_24_21
              vpiLowConn RefObj name:lead0_4b_0 start:197:10 end:197:20:
                vpiParent: Port
                vpiName: lead0_4b_0
                vpiFullName: work@fpu_cnt_lead0_53b.i_fpu_cnt_lead0_lvl1_24_21.lead0_4b_0
              vpiHighConn RefObj name:lead0_24_21_0 start:197:34 end:197:47:
                vpiParent: Port
                vpiName: lead0_24_21_0
                vpiFullName: work@fpu_cnt_lead0_53b.i_fpu_cnt_lead0_lvl1_24_21.lead0_24_21_0
                vpiActual: Net name:lead0_24_21_0
        RefInstance name:i_fpu_cnt_lead0_lvl1_20_17 start:200:20 end:200:46:
          vpiParent: Module name:work@fpu_cnt_lead0_53b
          vpiName: i_fpu_cnt_lead0_lvl1_20_17
          vpiTypespec RefTypespec name:work@fpu_cnt_lead0_lvl1 start:200:1 end:200:19:
            vpiParent: RefInstance name:i_fpu_cnt_lead0_lvl1_20_17
            vpiName: work@fpu_cnt_lead0_lvl1
            vpiFullName: work@fpu_cnt_lead0_53b.i_fpu_cnt_lead0_lvl1_20_17.work@fpu_cnt_lead0_lvl1
            vpiActual: UnsupportedTypespec name:work@fpu_cnt_lead0_lvl1
          vpiPort (4 items):
            Port start:201:9 end:201:45:
              vpiParent: RefInstance name:i_fpu_cnt_lead0_lvl1_20_17
              vpiLowConn RefObj name:din start:201:10 end:201:13:
                vpiParent: Port
                vpiName: din
                vpiFullName: work@fpu_cnt_lead0_53b.i_fpu_cnt_lead0_lvl1_20_17.din
                vpiActual: Net name:din
              vpiHighConn PartSelect name:din[20:17] start:201:34 end:201:44:
                vpiParent: Port
                vpiName: din[20:17]
                vpiFullName: work@fpu_cnt_lead0_53b.i_fpu_cnt_lead0_lvl1_20_17.din[20:17]
                vpiPrefix RefObj name:din start:201:34 end:201:37:
                  vpiParent: PartSelect name:din[20:17]
                  vpiName: din
                  vpiFullName: work@fpu_cnt_lead0_53b.i_fpu_cnt_lead0_lvl1_20_17.din[20:17].din
                  vpiActual: Net name:din
                vpiRange Range start:201:38 end:201:43:
                  vpiParent: PartSelect name:din[20:17]
                  vpiLeftRange Constant start:201:38 end:201:40:
                    vpiParent: Range
                    vpiTypespec RefTypespec:
                      vpiParent: Constant
                      vpiFullName: work@fpu_cnt_lead0_53b.i_fpu_cnt_lead0_lvl1_20_17.din[20:17]
                      vpiActual: IntTypespec
                    vpiConstType: unsigned int (9)
                    vpiSize: 64
                    vpiDecompile: "20"
                    vpiValue: 20
                  vpiRightRange Constant start:201:41 end:201:43:
                    vpiParent: Range
                    vpiTypespec RefTypespec:
                      vpiParent: Constant
                      vpiFullName: work@fpu_cnt_lead0_53b.i_fpu_cnt_lead0_lvl1_20_17.din[20:17]
                      vpiActual: IntTypespec
                    vpiConstType: unsigned int (9)
                    vpiSize: 64
                    vpiDecompile: "17"
                    vpiValue: 17
            Port start:203:9 end:203:49:
              vpiParent: RefInstance name:i_fpu_cnt_lead0_lvl1_20_17
              vpiLowConn RefObj name:din_3_0_eq_0 start:203:10 end:203:22:
                vpiParent: Port
                vpiName: din_3_0_eq_0
                vpiFullName: work@fpu_cnt_lead0_53b.i_fpu_cnt_lead0_lvl1_20_17.din_3_0_eq_0
              vpiHighConn RefObj name:din_20_17_eq_0 start:203:34 end:203:48:
                vpiParent: Port
                vpiName: din_20_17_eq_0
                vpiFullName: work@fpu_cnt_lead0_53b.i_fpu_cnt_lead0_lvl1_20_17.din_20_17_eq_0
                vpiActual: Net name:din_20_17_eq_0
            Port start:204:9 end:204:49:
              vpiParent: RefInstance name:i_fpu_cnt_lead0_lvl1_20_17
              vpiLowConn RefObj name:din_3_2_eq_0 start:204:10 end:204:22:
                vpiParent: Port
                vpiName: din_3_2_eq_0
                vpiFullName: work@fpu_cnt_lead0_53b.i_fpu_cnt_lead0_lvl1_20_17.din_3_2_eq_0
              vpiHighConn RefObj name:din_20_19_eq_0 start:204:34 end:204:48:
                vpiParent: Port
                vpiName: din_20_19_eq_0
                vpiFullName: work@fpu_cnt_lead0_53b.i_fpu_cnt_lead0_lvl1_20_17.din_20_19_eq_0
                vpiActual: Net name:din_20_19_eq_0
            Port start:205:9 end:205:48:
              vpiParent: RefInstance name:i_fpu_cnt_lead0_lvl1_20_17
              vpiLowConn RefObj name:lead0_4b_0 start:205:10 end:205:20:
                vpiParent: Port
                vpiName: lead0_4b_0
                vpiFullName: work@fpu_cnt_lead0_53b.i_fpu_cnt_lead0_lvl1_20_17.lead0_4b_0
              vpiHighConn RefObj name:lead0_20_17_0 start:205:34 end:205:47:
                vpiParent: Port
                vpiName: lead0_20_17_0
                vpiFullName: work@fpu_cnt_lead0_53b.i_fpu_cnt_lead0_lvl1_20_17.lead0_20_17_0
                vpiActual: Net name:lead0_20_17_0
        RefInstance name:i_fpu_cnt_lead0_lvl1_16_13 start:208:20 end:208:46:
          vpiParent: Module name:work@fpu_cnt_lead0_53b
          vpiName: i_fpu_cnt_lead0_lvl1_16_13
          vpiTypespec RefTypespec name:work@fpu_cnt_lead0_lvl1 start:208:1 end:208:19:
            vpiParent: RefInstance name:i_fpu_cnt_lead0_lvl1_16_13
            vpiName: work@fpu_cnt_lead0_lvl1
            vpiFullName: work@fpu_cnt_lead0_53b.i_fpu_cnt_lead0_lvl1_16_13.work@fpu_cnt_lead0_lvl1
            vpiActual: UnsupportedTypespec name:work@fpu_cnt_lead0_lvl1
          vpiPort (4 items):
            Port start:209:9 end:209:45:
              vpiParent: RefInstance name:i_fpu_cnt_lead0_lvl1_16_13
              vpiLowConn RefObj name:din start:209:10 end:209:13:
                vpiParent: Port
                vpiName: din
                vpiFullName: work@fpu_cnt_lead0_53b.i_fpu_cnt_lead0_lvl1_16_13.din
                vpiActual: Net name:din
              vpiHighConn PartSelect name:din[16:13] start:209:34 end:209:44:
                vpiParent: Port
                vpiName: din[16:13]
                vpiFullName: work@fpu_cnt_lead0_53b.i_fpu_cnt_lead0_lvl1_16_13.din[16:13]
                vpiPrefix RefObj name:din start:209:34 end:209:37:
                  vpiParent: PartSelect name:din[16:13]
                  vpiName: din
                  vpiFullName: work@fpu_cnt_lead0_53b.i_fpu_cnt_lead0_lvl1_16_13.din[16:13].din
                  vpiActual: Net name:din
                vpiRange Range start:209:38 end:209:43:
                  vpiParent: PartSelect name:din[16:13]
                  vpiLeftRange Constant start:209:38 end:209:40:
                    vpiParent: Range
                    vpiTypespec RefTypespec:
                      vpiParent: Constant
                      vpiFullName: work@fpu_cnt_lead0_53b.i_fpu_cnt_lead0_lvl1_16_13.din[16:13]
                      vpiActual: IntTypespec
                    vpiConstType: unsigned int (9)
                    vpiSize: 64
                    vpiDecompile: "16"
                    vpiValue: 16
                  vpiRightRange Constant start:209:41 end:209:43:
                    vpiParent: Range
                    vpiTypespec RefTypespec:
                      vpiParent: Constant
                      vpiFullName: work@fpu_cnt_lead0_53b.i_fpu_cnt_lead0_lvl1_16_13.din[16:13]
                      vpiActual: IntTypespec
                    vpiConstType: unsigned int (9)
                    vpiSize: 64
                    vpiDecompile: "13"
                    vpiValue: 13
            Port start:211:9 end:211:49:
              vpiParent: RefInstance name:i_fpu_cnt_lead0_lvl1_16_13
              vpiLowConn RefObj name:din_3_0_eq_0 start:211:10 end:211:22:
                vpiParent: Port
                vpiName: din_3_0_eq_0
                vpiFullName: work@fpu_cnt_lead0_53b.i_fpu_cnt_lead0_lvl1_16_13.din_3_0_eq_0
              vpiHighConn RefObj name:din_16_13_eq_0 start:211:34 end:211:48:
                vpiParent: Port
                vpiName: din_16_13_eq_0
                vpiFullName: work@fpu_cnt_lead0_53b.i_fpu_cnt_lead0_lvl1_16_13.din_16_13_eq_0
                vpiActual: Net name:din_16_13_eq_0
            Port start:212:9 end:212:49:
              vpiParent: RefInstance name:i_fpu_cnt_lead0_lvl1_16_13
              vpiLowConn RefObj name:din_3_2_eq_0 start:212:10 end:212:22:
                vpiParent: Port
                vpiName: din_3_2_eq_0
                vpiFullName: work@fpu_cnt_lead0_53b.i_fpu_cnt_lead0_lvl1_16_13.din_3_2_eq_0
              vpiHighConn RefObj name:din_16_15_eq_0 start:212:34 end:212:48:
                vpiParent: Port
                vpiName: din_16_15_eq_0
                vpiFullName: work@fpu_cnt_lead0_53b.i_fpu_cnt_lead0_lvl1_16_13.din_16_15_eq_0
                vpiActual: Net name:din_16_15_eq_0
            Port start:213:9 end:213:48:
              vpiParent: RefInstance name:i_fpu_cnt_lead0_lvl1_16_13
              vpiLowConn RefObj name:lead0_4b_0 start:213:10 end:213:20:
                vpiParent: Port
                vpiName: lead0_4b_0
                vpiFullName: work@fpu_cnt_lead0_53b.i_fpu_cnt_lead0_lvl1_16_13.lead0_4b_0
              vpiHighConn RefObj name:lead0_16_13_0 start:213:34 end:213:47:
                vpiParent: Port
                vpiName: lead0_16_13_0
                vpiFullName: work@fpu_cnt_lead0_53b.i_fpu_cnt_lead0_lvl1_16_13.lead0_16_13_0
                vpiActual: Net name:lead0_16_13_0
        RefInstance name:i_fpu_cnt_lead0_lvl1_12_9 start:216:20 end:216:45:
          vpiParent: Module name:work@fpu_cnt_lead0_53b
          vpiName: i_fpu_cnt_lead0_lvl1_12_9
          vpiTypespec RefTypespec name:work@fpu_cnt_lead0_lvl1 start:216:1 end:216:19:
            vpiParent: RefInstance name:i_fpu_cnt_lead0_lvl1_12_9
            vpiName: work@fpu_cnt_lead0_lvl1
            vpiFullName: work@fpu_cnt_lead0_53b.i_fpu_cnt_lead0_lvl1_12_9.work@fpu_cnt_lead0_lvl1
            vpiActual: UnsupportedTypespec name:work@fpu_cnt_lead0_lvl1
          vpiPort (4 items):
            Port start:217:9 end:217:44:
              vpiParent: RefInstance name:i_fpu_cnt_lead0_lvl1_12_9
              vpiLowConn RefObj name:din start:217:10 end:217:13:
                vpiParent: Port
                vpiName: din
                vpiFullName: work@fpu_cnt_lead0_53b.i_fpu_cnt_lead0_lvl1_12_9.din
                vpiActual: Net name:din
              vpiHighConn PartSelect name:din[12:9] start:217:34 end:217:43:
                vpiParent: Port
                vpiName: din[12:9]
                vpiFullName: work@fpu_cnt_lead0_53b.i_fpu_cnt_lead0_lvl1_12_9.din[12:9]
                vpiPrefix RefObj name:din start:217:34 end:217:37:
                  vpiParent: PartSelect name:din[12:9]
                  vpiName: din
                  vpiFullName: work@fpu_cnt_lead0_53b.i_fpu_cnt_lead0_lvl1_12_9.din[12:9].din
                  vpiActual: Net name:din
                vpiRange Range start:217:38 end:217:42:
                  vpiParent: PartSelect name:din[12:9]
                  vpiLeftRange Constant start:217:38 end:217:40:
                    vpiParent: Range
                    vpiTypespec RefTypespec:
                      vpiParent: Constant
                      vpiFullName: work@fpu_cnt_lead0_53b.i_fpu_cnt_lead0_lvl1_12_9.din[12:9]
                      vpiActual: IntTypespec
                    vpiConstType: unsigned int (9)
                    vpiSize: 64
                    vpiDecompile: "12"
                    vpiValue: 12
                  vpiRightRange Constant start:217:41 end:217:42:
                    vpiParent: Range
                    vpiTypespec RefTypespec:
                      vpiParent: Constant
                      vpiFullName: work@fpu_cnt_lead0_53b.i_fpu_cnt_lead0_lvl1_12_9.din[12:9]
                      vpiActual: IntTypespec
                    vpiConstType: unsigned int (9)
                    vpiSize: 64
                    vpiDecompile: "9"
                    vpiValue: 9
            Port start:219:9 end:219:48:
              vpiParent: RefInstance name:i_fpu_cnt_lead0_lvl1_12_9
              vpiLowConn RefObj name:din_3_0_eq_0 start:219:10 end:219:22:
                vpiParent: Port
                vpiName: din_3_0_eq_0
                vpiFullName: work@fpu_cnt_lead0_53b.i_fpu_cnt_lead0_lvl1_12_9.din_3_0_eq_0
              vpiHighConn RefObj name:din_12_9_eq_0 start:219:34 end:219:47:
                vpiParent: Port
                vpiName: din_12_9_eq_0
                vpiFullName: work@fpu_cnt_lead0_53b.i_fpu_cnt_lead0_lvl1_12_9.din_12_9_eq_0
                vpiActual: Net name:din_12_9_eq_0
            Port start:220:9 end:220:49:
              vpiParent: RefInstance name:i_fpu_cnt_lead0_lvl1_12_9
              vpiLowConn RefObj name:din_3_2_eq_0 start:220:10 end:220:22:
                vpiParent: Port
                vpiName: din_3_2_eq_0
                vpiFullName: work@fpu_cnt_lead0_53b.i_fpu_cnt_lead0_lvl1_12_9.din_3_2_eq_0
              vpiHighConn RefObj name:din_12_11_eq_0 start:220:34 end:220:48:
                vpiParent: Port
                vpiName: din_12_11_eq_0
                vpiFullName: work@fpu_cnt_lead0_53b.i_fpu_cnt_lead0_lvl1_12_9.din_12_11_eq_0
                vpiActual: Net name:din_12_11_eq_0
            Port start:221:9 end:221:47:
              vpiParent: RefInstance name:i_fpu_cnt_lead0_lvl1_12_9
              vpiLowConn RefObj name:lead0_4b_0 start:221:10 end:221:20:
                vpiParent: Port
                vpiName: lead0_4b_0
                vpiFullName: work@fpu_cnt_lead0_53b.i_fpu_cnt_lead0_lvl1_12_9.lead0_4b_0
              vpiHighConn RefObj name:lead0_12_9_0 start:221:34 end:221:46:
                vpiParent: Port
                vpiName: lead0_12_9_0
                vpiFullName: work@fpu_cnt_lead0_53b.i_fpu_cnt_lead0_lvl1_12_9.lead0_12_9_0
                vpiActual: Net name:lead0_12_9_0
        RefInstance name:i_fpu_cnt_lead0_lvl1_8_5 start:224:20 end:224:44:
          vpiParent: Module name:work@fpu_cnt_lead0_53b
          vpiName: i_fpu_cnt_lead0_lvl1_8_5
          vpiTypespec RefTypespec name:work@fpu_cnt_lead0_lvl1 start:224:1 end:224:19:
            vpiParent: RefInstance name:i_fpu_cnt_lead0_lvl1_8_5
            vpiName: work@fpu_cnt_lead0_lvl1
            vpiFullName: work@fpu_cnt_lead0_53b.i_fpu_cnt_lead0_lvl1_8_5.work@fpu_cnt_lead0_lvl1
            vpiActual: UnsupportedTypespec name:work@fpu_cnt_lead0_lvl1
          vpiPort (4 items):
            Port start:225:9 end:225:43:
              vpiParent: RefInstance name:i_fpu_cnt_lead0_lvl1_8_5
              vpiLowConn RefObj name:din start:225:10 end:225:13:
                vpiParent: Port
                vpiName: din
                vpiFullName: work@fpu_cnt_lead0_53b.i_fpu_cnt_lead0_lvl1_8_5.din
                vpiActual: Net name:din
              vpiHighConn PartSelect name:din[8:5] start:225:34 end:225:42:
                vpiParent: Port
                vpiName: din[8:5]
                vpiFullName: work@fpu_cnt_lead0_53b.i_fpu_cnt_lead0_lvl1_8_5.din[8:5]
                vpiPrefix RefObj name:din start:225:34 end:225:37:
                  vpiParent: PartSelect name:din[8:5]
                  vpiName: din
                  vpiFullName: work@fpu_cnt_lead0_53b.i_fpu_cnt_lead0_lvl1_8_5.din[8:5].din
                  vpiActual: Net name:din
                vpiRange Range start:225:38 end:225:41:
                  vpiParent: PartSelect name:din[8:5]
                  vpiLeftRange Constant start:225:38 end:225:39:
                    vpiParent: Range
                    vpiTypespec RefTypespec:
                      vpiParent: Constant
                      vpiFullName: work@fpu_cnt_lead0_53b.i_fpu_cnt_lead0_lvl1_8_5.din[8:5]
                      vpiActual: IntTypespec
                    vpiConstType: unsigned int (9)
                    vpiSize: 64
                    vpiDecompile: "8"
                    vpiValue: 8
                  vpiRightRange Constant start:225:40 end:225:41:
                    vpiParent: Range
                    vpiTypespec RefTypespec:
                      vpiParent: Constant
                      vpiFullName: work@fpu_cnt_lead0_53b.i_fpu_cnt_lead0_lvl1_8_5.din[8:5]
                      vpiActual: IntTypespec
                    vpiConstType: unsigned int (9)
                    vpiSize: 64
                    vpiDecompile: "5"
                    vpiValue: 5
            Port start:227:9 end:227:47:
              vpiParent: RefInstance name:i_fpu_cnt_lead0_lvl1_8_5
              vpiLowConn RefObj name:din_3_0_eq_0 start:227:10 end:227:22:
                vpiParent: Port
                vpiName: din_3_0_eq_0
                vpiFullName: work@fpu_cnt_lead0_53b.i_fpu_cnt_lead0_lvl1_8_5.din_3_0_eq_0
              vpiHighConn RefObj name:din_8_5_eq_0 start:227:34 end:227:46:
                vpiParent: Port
                vpiName: din_8_5_eq_0
                vpiFullName: work@fpu_cnt_lead0_53b.i_fpu_cnt_lead0_lvl1_8_5.din_8_5_eq_0
                vpiActual: Net name:din_8_5_eq_0
            Port start:228:9 end:228:47:
              vpiParent: RefInstance name:i_fpu_cnt_lead0_lvl1_8_5
              vpiLowConn RefObj name:din_3_2_eq_0 start:228:10 end:228:22:
                vpiParent: Port
                vpiName: din_3_2_eq_0
                vpiFullName: work@fpu_cnt_lead0_53b.i_fpu_cnt_lead0_lvl1_8_5.din_3_2_eq_0
              vpiHighConn RefObj name:din_8_7_eq_0 start:228:34 end:228:46:
                vpiParent: Port
                vpiName: din_8_7_eq_0
                vpiFullName: work@fpu_cnt_lead0_53b.i_fpu_cnt_lead0_lvl1_8_5.din_8_7_eq_0
                vpiActual: Net name:din_8_7_eq_0
            Port start:229:9 end:229:46:
              vpiParent: RefInstance name:i_fpu_cnt_lead0_lvl1_8_5
              vpiLowConn RefObj name:lead0_4b_0 start:229:10 end:229:20:
                vpiParent: Port
                vpiName: lead0_4b_0
                vpiFullName: work@fpu_cnt_lead0_53b.i_fpu_cnt_lead0_lvl1_8_5.lead0_4b_0
              vpiHighConn RefObj name:lead0_8_5_0 start:229:34 end:229:45:
                vpiParent: Port
                vpiName: lead0_8_5_0
                vpiFullName: work@fpu_cnt_lead0_53b.i_fpu_cnt_lead0_lvl1_8_5.lead0_8_5_0
                vpiActual: Net name:lead0_8_5_0
        RefInstance name:i_fpu_cnt_lead0_lvl1_4_1 start:232:20 end:232:44:
          vpiParent: Module name:work@fpu_cnt_lead0_53b
          vpiName: i_fpu_cnt_lead0_lvl1_4_1
          vpiTypespec RefTypespec name:work@fpu_cnt_lead0_lvl1 start:232:1 end:232:19:
            vpiParent: RefInstance name:i_fpu_cnt_lead0_lvl1_4_1
            vpiName: work@fpu_cnt_lead0_lvl1
            vpiFullName: work@fpu_cnt_lead0_53b.i_fpu_cnt_lead0_lvl1_4_1.work@fpu_cnt_lead0_lvl1
            vpiActual: UnsupportedTypespec name:work@fpu_cnt_lead0_lvl1
          vpiPort (4 items):
            Port start:233:9 end:233:43:
              vpiParent: RefInstance name:i_fpu_cnt_lead0_lvl1_4_1
              vpiLowConn RefObj name:din start:233:10 end:233:13:
                vpiParent: Port
                vpiName: din
                vpiFullName: work@fpu_cnt_lead0_53b.i_fpu_cnt_lead0_lvl1_4_1.din
                vpiActual: Net name:din
              vpiHighConn PartSelect name:din[4:1] start:233:34 end:233:42:
                vpiParent: Port
                vpiName: din[4:1]
                vpiFullName: work@fpu_cnt_lead0_53b.i_fpu_cnt_lead0_lvl1_4_1.din[4:1]
                vpiPrefix RefObj name:din start:233:34 end:233:37:
                  vpiParent: PartSelect name:din[4:1]
                  vpiName: din
                  vpiFullName: work@fpu_cnt_lead0_53b.i_fpu_cnt_lead0_lvl1_4_1.din[4:1].din
                  vpiActual: Net name:din
                vpiRange Range start:233:38 end:233:41:
                  vpiParent: PartSelect name:din[4:1]
                  vpiLeftRange Constant start:233:38 end:233:39:
                    vpiParent: Range
                    vpiTypespec RefTypespec:
                      vpiParent: Constant
                      vpiFullName: work@fpu_cnt_lead0_53b.i_fpu_cnt_lead0_lvl1_4_1.din[4:1]
                      vpiActual: IntTypespec
                    vpiConstType: unsigned int (9)
                    vpiSize: 64
                    vpiDecompile: "4"
                    vpiValue: 4
                  vpiRightRange Constant start:233:40 end:233:41:
                    vpiParent: Range
                    vpiTypespec RefTypespec:
                      vpiParent: Constant
                      vpiFullName: work@fpu_cnt_lead0_53b.i_fpu_cnt_lead0_lvl1_4_1.din[4:1]
                      vpiActual: IntTypespec
                    vpiConstType: unsigned int (9)
                    vpiSize: 64
                    vpiDecompile: "1"
                    vpiValue: 1
            Port start:235:9 end:235:47:
              vpiParent: RefInstance name:i_fpu_cnt_lead0_lvl1_4_1
              vpiLowConn RefObj name:din_3_0_eq_0 start:235:10 end:235:22:
                vpiParent: Port
                vpiName: din_3_0_eq_0
                vpiFullName: work@fpu_cnt_lead0_53b.i_fpu_cnt_lead0_lvl1_4_1.din_3_0_eq_0
              vpiHighConn RefObj name:din_4_1_eq_0 start:235:34 end:235:46:
                vpiParent: Port
                vpiName: din_4_1_eq_0
                vpiFullName: work@fpu_cnt_lead0_53b.i_fpu_cnt_lead0_lvl1_4_1.din_4_1_eq_0
                vpiActual: Net name:din_4_1_eq_0
            Port start:236:9 end:236:47:
              vpiParent: RefInstance name:i_fpu_cnt_lead0_lvl1_4_1
              vpiLowConn RefObj name:din_3_2_eq_0 start:236:10 end:236:22:
                vpiParent: Port
                vpiName: din_3_2_eq_0
                vpiFullName: work@fpu_cnt_lead0_53b.i_fpu_cnt_lead0_lvl1_4_1.din_3_2_eq_0
              vpiHighConn RefObj name:din_4_3_eq_0 start:236:34 end:236:46:
                vpiParent: Port
                vpiName: din_4_3_eq_0
                vpiFullName: work@fpu_cnt_lead0_53b.i_fpu_cnt_lead0_lvl1_4_1.din_4_3_eq_0
                vpiActual: Net name:din_4_3_eq_0
            Port start:237:9 end:237:46:
              vpiParent: RefInstance name:i_fpu_cnt_lead0_lvl1_4_1
              vpiLowConn RefObj name:lead0_4b_0 start:237:10 end:237:20:
                vpiParent: Port
                vpiName: lead0_4b_0
                vpiFullName: work@fpu_cnt_lead0_53b.i_fpu_cnt_lead0_lvl1_4_1.lead0_4b_0
              vpiHighConn RefObj name:lead0_4_1_0 start:237:34 end:237:45:
                vpiParent: Port
                vpiName: lead0_4_1_0
                vpiFullName: work@fpu_cnt_lead0_53b.i_fpu_cnt_lead0_lvl1_4_1.lead0_4_1_0
                vpiActual: Net name:lead0_4_1_0
        RefInstance name:i_fpu_cnt_lead0_lvl2_52_45 start:243:20 end:243:46:
          vpiParent: Module name:work@fpu_cnt_lead0_53b
          vpiName: i_fpu_cnt_lead0_lvl2_52_45
          vpiTypespec RefTypespec name:work@fpu_cnt_lead0_lvl2 start:243:1 end:243:19:
            vpiParent: RefInstance name:i_fpu_cnt_lead0_lvl2_52_45
            vpiName: work@fpu_cnt_lead0_lvl2
            vpiFullName: work@fpu_cnt_lead0_53b.i_fpu_cnt_lead0_lvl2_52_45.work@fpu_cnt_lead0_lvl2
            vpiActual: UnsupportedTypespec name:work@fpu_cnt_lead0_lvl2
          vpiPort (9 items):
            Port start:244:2 end:244:33:
              vpiParent: RefInstance name:i_fpu_cnt_lead0_lvl2_52_45
              vpiLowConn RefObj name:din_7_4_eq_0 start:244:3 end:244:15:
                vpiParent: Port
                vpiName: din_7_4_eq_0
                vpiFullName: work@fpu_cnt_lead0_53b.i_fpu_cnt_lead0_lvl2_52_45.din_7_4_eq_0
              vpiHighConn RefObj name:din_52_49_eq_0 start:244:18 end:244:32:
                vpiParent: Port
                vpiName: din_52_49_eq_0
                vpiFullName: work@fpu_cnt_lead0_53b.i_fpu_cnt_lead0_lvl2_52_45.din_52_49_eq_0
                vpiActual: Net name:din_52_49_eq_0
            Port start:245:2 end:245:33:
              vpiParent: RefInstance name:i_fpu_cnt_lead0_lvl2_52_45
              vpiLowConn RefObj name:din_7_6_eq_0 start:245:3 end:245:15:
                vpiParent: Port
                vpiName: din_7_6_eq_0
                vpiFullName: work@fpu_cnt_lead0_53b.i_fpu_cnt_lead0_lvl2_52_45.din_7_6_eq_0
              vpiHighConn RefObj name:din_52_51_eq_0 start:245:18 end:245:32:
                vpiParent: Port
                vpiName: din_52_51_eq_0
                vpiFullName: work@fpu_cnt_lead0_53b.i_fpu_cnt_lead0_lvl2_52_45.din_52_51_eq_0
                vpiActual: Net name:din_52_51_eq_0
            Port start:246:2 end:246:33:
              vpiParent: RefInstance name:i_fpu_cnt_lead0_lvl2_52_45
              vpiLowConn RefObj name:lead0_4b_0_hi start:246:3 end:246:16:
                vpiParent: Port
                vpiName: lead0_4b_0_hi
                vpiFullName: work@fpu_cnt_lead0_53b.i_fpu_cnt_lead0_lvl2_52_45.lead0_4b_0_hi
              vpiHighConn RefObj name:lead0_52_49_0 start:246:19 end:246:32:
                vpiParent: Port
                vpiName: lead0_52_49_0
                vpiFullName: work@fpu_cnt_lead0_53b.i_fpu_cnt_lead0_lvl2_52_45.lead0_52_49_0
                vpiActual: Net name:lead0_52_49_0
            Port start:247:2 end:247:33:
              vpiParent: RefInstance name:i_fpu_cnt_lead0_lvl2_52_45
              vpiLowConn RefObj name:din_3_0_eq_0 start:247:3 end:247:15:
                vpiParent: Port
                vpiName: din_3_0_eq_0
                vpiFullName: work@fpu_cnt_lead0_53b.i_fpu_cnt_lead0_lvl2_52_45.din_3_0_eq_0
              vpiHighConn RefObj name:din_48_45_eq_0 start:247:18 end:247:32:
                vpiParent: Port
                vpiName: din_48_45_eq_0
                vpiFullName: work@fpu_cnt_lead0_53b.i_fpu_cnt_lead0_lvl2_52_45.din_48_45_eq_0
                vpiActual: Net name:din_48_45_eq_0
            Port start:248:2 end:248:33:
              vpiParent: RefInstance name:i_fpu_cnt_lead0_lvl2_52_45
              vpiLowConn RefObj name:din_3_2_eq_0 start:248:3 end:248:15:
                vpiParent: Port
                vpiName: din_3_2_eq_0
                vpiFullName: work@fpu_cnt_lead0_53b.i_fpu_cnt_lead0_lvl2_52_45.din_3_2_eq_0
              vpiHighConn RefObj name:din_48_47_eq_0 start:248:18 end:248:32:
                vpiParent: Port
                vpiName: din_48_47_eq_0
                vpiFullName: work@fpu_cnt_lead0_53b.i_fpu_cnt_lead0_lvl2_52_45.din_48_47_eq_0
                vpiActual: Net name:din_48_47_eq_0
            Port start:249:2 end:249:33:
              vpiParent: RefInstance name:i_fpu_cnt_lead0_lvl2_52_45
              vpiLowConn RefObj name:lead0_4b_0_lo start:249:3 end:249:16:
                vpiParent: Port
                vpiName: lead0_4b_0_lo
                vpiFullName: work@fpu_cnt_lead0_53b.i_fpu_cnt_lead0_lvl2_52_45.lead0_4b_0_lo
              vpiHighConn RefObj name:lead0_48_45_0 start:249:19 end:249:32:
                vpiParent: Port
                vpiName: lead0_48_45_0
                vpiFullName: work@fpu_cnt_lead0_53b.i_fpu_cnt_lead0_lvl2_52_45.lead0_48_45_0
                vpiActual: Net name:lead0_48_45_0
            Port start:251:2 end:251:33:
              vpiParent: RefInstance name:i_fpu_cnt_lead0_lvl2_52_45
              vpiLowConn RefObj name:din_7_0_eq_0 start:251:3 end:251:15:
                vpiParent: Port
                vpiName: din_7_0_eq_0
                vpiFullName: work@fpu_cnt_lead0_53b.i_fpu_cnt_lead0_lvl2_52_45.din_7_0_eq_0
              vpiHighConn RefObj name:din_52_45_eq_0 start:251:18 end:251:32:
                vpiParent: Port
                vpiName: din_52_45_eq_0
                vpiFullName: work@fpu_cnt_lead0_53b.i_fpu_cnt_lead0_lvl2_52_45.din_52_45_eq_0
                vpiActual: Net name:din_52_45_eq_0
            Port start:252:2 end:252:30:
              vpiParent: RefInstance name:i_fpu_cnt_lead0_lvl2_52_45
              vpiLowConn RefObj name:lead0_8b_1 start:252:3 end:252:13:
                vpiParent: Port
                vpiName: lead0_8b_1
                vpiFullName: work@fpu_cnt_lead0_53b.i_fpu_cnt_lead0_lvl2_52_45.lead0_8b_1
              vpiHighConn RefObj name:lead0_52_45_1 start:252:16 end:252:29:
                vpiParent: Port
                vpiName: lead0_52_45_1
                vpiFullName: work@fpu_cnt_lead0_53b.i_fpu_cnt_lead0_lvl2_52_45.lead0_52_45_1
                vpiActual: Net name:lead0_52_45_1
            Port start:253:2 end:253:30:
              vpiParent: RefInstance name:i_fpu_cnt_lead0_lvl2_52_45
              vpiLowConn RefObj name:lead0_8b_0 start:253:3 end:253:13:
                vpiParent: Port
                vpiName: lead0_8b_0
                vpiFullName: work@fpu_cnt_lead0_53b.i_fpu_cnt_lead0_lvl2_52_45.lead0_8b_0
              vpiHighConn RefObj name:lead0_52_45_0 start:253:16 end:253:29:
                vpiParent: Port
                vpiName: lead0_52_45_0
                vpiFullName: work@fpu_cnt_lead0_53b.i_fpu_cnt_lead0_lvl2_52_45.lead0_52_45_0
                vpiActual: Net name:lead0_52_45_0
        RefInstance name:i_fpu_cnt_lead0_lvl2_44_37 start:256:20 end:256:46:
          vpiParent: Module name:work@fpu_cnt_lead0_53b
          vpiName: i_fpu_cnt_lead0_lvl2_44_37
          vpiTypespec RefTypespec name:work@fpu_cnt_lead0_lvl2 start:256:1 end:256:19:
            vpiParent: RefInstance name:i_fpu_cnt_lead0_lvl2_44_37
            vpiName: work@fpu_cnt_lead0_lvl2
            vpiFullName: work@fpu_cnt_lead0_53b.i_fpu_cnt_lead0_lvl2_44_37.work@fpu_cnt_lead0_lvl2
            vpiActual: UnsupportedTypespec name:work@fpu_cnt_lead0_lvl2
          vpiPort (9 items):
            Port start:257:9 end:257:49:
              vpiParent: RefInstance name:i_fpu_cnt_lead0_lvl2_44_37
              vpiLowConn RefObj name:din_7_4_eq_0 start:257:10 end:257:22:
                vpiParent: Port
                vpiName: din_7_4_eq_0
                vpiFullName: work@fpu_cnt_lead0_53b.i_fpu_cnt_lead0_lvl2_44_37.din_7_4_eq_0
              vpiHighConn RefObj name:din_44_41_eq_0 start:257:34 end:257:48:
                vpiParent: Port
                vpiName: din_44_41_eq_0
                vpiFullName: work@fpu_cnt_lead0_53b.i_fpu_cnt_lead0_lvl2_44_37.din_44_41_eq_0
                vpiActual: Net name:din_44_41_eq_0
            Port start:258:9 end:258:49:
              vpiParent: RefInstance name:i_fpu_cnt_lead0_lvl2_44_37
              vpiLowConn RefObj name:din_7_6_eq_0 start:258:10 end:258:22:
                vpiParent: Port
                vpiName: din_7_6_eq_0
                vpiFullName: work@fpu_cnt_lead0_53b.i_fpu_cnt_lead0_lvl2_44_37.din_7_6_eq_0
              vpiHighConn RefObj name:din_44_43_eq_0 start:258:34 end:258:48:
                vpiParent: Port
                vpiName: din_44_43_eq_0
                vpiFullName: work@fpu_cnt_lead0_53b.i_fpu_cnt_lead0_lvl2_44_37.din_44_43_eq_0
                vpiActual: Net name:din_44_43_eq_0
            Port start:259:9 end:259:48:
              vpiParent: RefInstance name:i_fpu_cnt_lead0_lvl2_44_37
              vpiLowConn RefObj name:lead0_4b_0_hi start:259:10 end:259:23:
                vpiParent: Port
                vpiName: lead0_4b_0_hi
                vpiFullName: work@fpu_cnt_lead0_53b.i_fpu_cnt_lead0_lvl2_44_37.lead0_4b_0_hi
              vpiHighConn RefObj name:lead0_44_41_0 start:259:34 end:259:47:
                vpiParent: Port
                vpiName: lead0_44_41_0
                vpiFullName: work@fpu_cnt_lead0_53b.i_fpu_cnt_lead0_lvl2_44_37.lead0_44_41_0
                vpiActual: Net name:lead0_44_41_0
            Port start:260:9 end:260:49:
              vpiParent: RefInstance name:i_fpu_cnt_lead0_lvl2_44_37
              vpiLowConn RefObj name:din_3_0_eq_0 start:260:10 end:260:22:
                vpiParent: Port
                vpiName: din_3_0_eq_0
                vpiFullName: work@fpu_cnt_lead0_53b.i_fpu_cnt_lead0_lvl2_44_37.din_3_0_eq_0
              vpiHighConn RefObj name:din_40_37_eq_0 start:260:34 end:260:48:
                vpiParent: Port
                vpiName: din_40_37_eq_0
                vpiFullName: work@fpu_cnt_lead0_53b.i_fpu_cnt_lead0_lvl2_44_37.din_40_37_eq_0
                vpiActual: Net name:din_40_37_eq_0
            Port start:261:9 end:261:49:
              vpiParent: RefInstance name:i_fpu_cnt_lead0_lvl2_44_37
              vpiLowConn RefObj name:din_3_2_eq_0 start:261:10 end:261:22:
                vpiParent: Port
                vpiName: din_3_2_eq_0
                vpiFullName: work@fpu_cnt_lead0_53b.i_fpu_cnt_lead0_lvl2_44_37.din_3_2_eq_0
              vpiHighConn RefObj name:din_40_39_eq_0 start:261:34 end:261:48:
                vpiParent: Port
                vpiName: din_40_39_eq_0
                vpiFullName: work@fpu_cnt_lead0_53b.i_fpu_cnt_lead0_lvl2_44_37.din_40_39_eq_0
                vpiActual: Net name:din_40_39_eq_0
            Port start:262:9 end:262:48:
              vpiParent: RefInstance name:i_fpu_cnt_lead0_lvl2_44_37
              vpiLowConn RefObj name:lead0_4b_0_lo start:262:10 end:262:23:
                vpiParent: Port
                vpiName: lead0_4b_0_lo
                vpiFullName: work@fpu_cnt_lead0_53b.i_fpu_cnt_lead0_lvl2_44_37.lead0_4b_0_lo
              vpiHighConn RefObj name:lead0_40_37_0 start:262:34 end:262:47:
                vpiParent: Port
                vpiName: lead0_40_37_0
                vpiFullName: work@fpu_cnt_lead0_53b.i_fpu_cnt_lead0_lvl2_44_37.lead0_40_37_0
                vpiActual: Net name:lead0_40_37_0
            Port start:264:9 end:264:49:
              vpiParent: RefInstance name:i_fpu_cnt_lead0_lvl2_44_37
              vpiLowConn RefObj name:din_7_0_eq_0 start:264:10 end:264:22:
                vpiParent: Port
                vpiName: din_7_0_eq_0
                vpiFullName: work@fpu_cnt_lead0_53b.i_fpu_cnt_lead0_lvl2_44_37.din_7_0_eq_0
              vpiHighConn RefObj name:din_44_37_eq_0 start:264:34 end:264:48:
                vpiParent: Port
                vpiName: din_44_37_eq_0
                vpiFullName: work@fpu_cnt_lead0_53b.i_fpu_cnt_lead0_lvl2_44_37.din_44_37_eq_0
                vpiActual: Net name:din_44_37_eq_0
            Port start:265:9 end:265:48:
              vpiParent: RefInstance name:i_fpu_cnt_lead0_lvl2_44_37
              vpiLowConn RefObj name:lead0_8b_1 start:265:10 end:265:20:
                vpiParent: Port
                vpiName: lead0_8b_1
                vpiFullName: work@fpu_cnt_lead0_53b.i_fpu_cnt_lead0_lvl2_44_37.lead0_8b_1
              vpiHighConn RefObj name:lead0_44_37_1 start:265:34 end:265:47:
                vpiParent: Port
                vpiName: lead0_44_37_1
                vpiFullName: work@fpu_cnt_lead0_53b.i_fpu_cnt_lead0_lvl2_44_37.lead0_44_37_1
                vpiActual: Net name:lead0_44_37_1
            Port start:266:9 end:266:48:
              vpiParent: RefInstance name:i_fpu_cnt_lead0_lvl2_44_37
              vpiLowConn RefObj name:lead0_8b_0 start:266:10 end:266:20:
                vpiParent: Port
                vpiName: lead0_8b_0
                vpiFullName: work@fpu_cnt_lead0_53b.i_fpu_cnt_lead0_lvl2_44_37.lead0_8b_0
              vpiHighConn RefObj name:lead0_44_37_0 start:266:34 end:266:47:
                vpiParent: Port
                vpiName: lead0_44_37_0
                vpiFullName: work@fpu_cnt_lead0_53b.i_fpu_cnt_lead0_lvl2_44_37.lead0_44_37_0
                vpiActual: Net name:lead0_44_37_0
        RefInstance name:i_fpu_cnt_lead0_lvl2_36_29 start:269:20 end:269:46:
          vpiParent: Module name:work@fpu_cnt_lead0_53b
          vpiName: i_fpu_cnt_lead0_lvl2_36_29
          vpiTypespec RefTypespec name:work@fpu_cnt_lead0_lvl2 start:269:1 end:269:19:
            vpiParent: RefInstance name:i_fpu_cnt_lead0_lvl2_36_29
            vpiName: work@fpu_cnt_lead0_lvl2
            vpiFullName: work@fpu_cnt_lead0_53b.i_fpu_cnt_lead0_lvl2_36_29.work@fpu_cnt_lead0_lvl2
            vpiActual: UnsupportedTypespec name:work@fpu_cnt_lead0_lvl2
          vpiPort (9 items):
            Port start:270:9 end:270:49:
              vpiParent: RefInstance name:i_fpu_cnt_lead0_lvl2_36_29
              vpiLowConn RefObj name:din_7_4_eq_0 start:270:10 end:270:22:
                vpiParent: Port
                vpiName: din_7_4_eq_0
                vpiFullName: work@fpu_cnt_lead0_53b.i_fpu_cnt_lead0_lvl2_36_29.din_7_4_eq_0
              vpiHighConn RefObj name:din_36_33_eq_0 start:270:34 end:270:48:
                vpiParent: Port
                vpiName: din_36_33_eq_0
                vpiFullName: work@fpu_cnt_lead0_53b.i_fpu_cnt_lead0_lvl2_36_29.din_36_33_eq_0
                vpiActual: Net name:din_36_33_eq_0
            Port start:271:9 end:271:49:
              vpiParent: RefInstance name:i_fpu_cnt_lead0_lvl2_36_29
              vpiLowConn RefObj name:din_7_6_eq_0 start:271:10 end:271:22:
                vpiParent: Port
                vpiName: din_7_6_eq_0
                vpiFullName: work@fpu_cnt_lead0_53b.i_fpu_cnt_lead0_lvl2_36_29.din_7_6_eq_0
              vpiHighConn RefObj name:din_36_35_eq_0 start:271:34 end:271:48:
                vpiParent: Port
                vpiName: din_36_35_eq_0
                vpiFullName: work@fpu_cnt_lead0_53b.i_fpu_cnt_lead0_lvl2_36_29.din_36_35_eq_0
                vpiActual: Net name:din_36_35_eq_0
            Port start:272:9 end:272:48:
              vpiParent: RefInstance name:i_fpu_cnt_lead0_lvl2_36_29
              vpiLowConn RefObj name:lead0_4b_0_hi start:272:10 end:272:23:
                vpiParent: Port
                vpiName: lead0_4b_0_hi
                vpiFullName: work@fpu_cnt_lead0_53b.i_fpu_cnt_lead0_lvl2_36_29.lead0_4b_0_hi
              vpiHighConn RefObj name:lead0_36_33_0 start:272:34 end:272:47:
                vpiParent: Port
                vpiName: lead0_36_33_0
                vpiFullName: work@fpu_cnt_lead0_53b.i_fpu_cnt_lead0_lvl2_36_29.lead0_36_33_0
                vpiActual: Net name:lead0_36_33_0
            Port start:273:9 end:273:49:
              vpiParent: RefInstance name:i_fpu_cnt_lead0_lvl2_36_29
              vpiLowConn RefObj name:din_3_0_eq_0 start:273:10 end:273:22:
                vpiParent: Port
                vpiName: din_3_0_eq_0
                vpiFullName: work@fpu_cnt_lead0_53b.i_fpu_cnt_lead0_lvl2_36_29.din_3_0_eq_0
              vpiHighConn RefObj name:din_32_29_eq_0 start:273:34 end:273:48:
                vpiParent: Port
                vpiName: din_32_29_eq_0
                vpiFullName: work@fpu_cnt_lead0_53b.i_fpu_cnt_lead0_lvl2_36_29.din_32_29_eq_0
                vpiActual: Net name:din_32_29_eq_0
            Port start:274:9 end:274:49:
              vpiParent: RefInstance name:i_fpu_cnt_lead0_lvl2_36_29
              vpiLowConn RefObj name:din_3_2_eq_0 start:274:10 end:274:22:
                vpiParent: Port
                vpiName: din_3_2_eq_0
                vpiFullName: work@fpu_cnt_lead0_53b.i_fpu_cnt_lead0_lvl2_36_29.din_3_2_eq_0
              vpiHighConn RefObj name:din_32_31_eq_0 start:274:34 end:274:48:
                vpiParent: Port
                vpiName: din_32_31_eq_0
                vpiFullName: work@fpu_cnt_lead0_53b.i_fpu_cnt_lead0_lvl2_36_29.din_32_31_eq_0
                vpiActual: Net name:din_32_31_eq_0
            Port start:275:9 end:275:48:
              vpiParent: RefInstance name:i_fpu_cnt_lead0_lvl2_36_29
              vpiLowConn RefObj name:lead0_4b_0_lo start:275:10 end:275:23:
                vpiParent: Port
                vpiName: lead0_4b_0_lo
                vpiFullName: work@fpu_cnt_lead0_53b.i_fpu_cnt_lead0_lvl2_36_29.lead0_4b_0_lo
              vpiHighConn RefObj name:lead0_32_29_0 start:275:34 end:275:47:
                vpiParent: Port
                vpiName: lead0_32_29_0
                vpiFullName: work@fpu_cnt_lead0_53b.i_fpu_cnt_lead0_lvl2_36_29.lead0_32_29_0
                vpiActual: Net name:lead0_32_29_0
            Port start:277:9 end:277:49:
              vpiParent: RefInstance name:i_fpu_cnt_lead0_lvl2_36_29
              vpiLowConn RefObj name:din_7_0_eq_0 start:277:10 end:277:22:
                vpiParent: Port
                vpiName: din_7_0_eq_0
                vpiFullName: work@fpu_cnt_lead0_53b.i_fpu_cnt_lead0_lvl2_36_29.din_7_0_eq_0
              vpiHighConn RefObj name:din_36_29_eq_0 start:277:34 end:277:48:
                vpiParent: Port
                vpiName: din_36_29_eq_0
                vpiFullName: work@fpu_cnt_lead0_53b.i_fpu_cnt_lead0_lvl2_36_29.din_36_29_eq_0
                vpiActual: Net name:din_36_29_eq_0
            Port start:278:9 end:278:48:
              vpiParent: RefInstance name:i_fpu_cnt_lead0_lvl2_36_29
              vpiLowConn RefObj name:lead0_8b_1 start:278:10 end:278:20:
                vpiParent: Port
                vpiName: lead0_8b_1
                vpiFullName: work@fpu_cnt_lead0_53b.i_fpu_cnt_lead0_lvl2_36_29.lead0_8b_1
              vpiHighConn RefObj name:lead0_36_29_1 start:278:34 end:278:47:
                vpiParent: Port
                vpiName: lead0_36_29_1
                vpiFullName: work@fpu_cnt_lead0_53b.i_fpu_cnt_lead0_lvl2_36_29.lead0_36_29_1
                vpiActual: Net name:lead0_36_29_1
            Port start:279:9 end:279:48:
              vpiParent: RefInstance name:i_fpu_cnt_lead0_lvl2_36_29
              vpiLowConn RefObj name:lead0_8b_0 start:279:10 end:279:20:
                vpiParent: Port
                vpiName: lead0_8b_0
                vpiFullName: work@fpu_cnt_lead0_53b.i_fpu_cnt_lead0_lvl2_36_29.lead0_8b_0
              vpiHighConn RefObj name:lead0_36_29_0 start:279:34 end:279:47:
                vpiParent: Port
                vpiName: lead0_36_29_0
                vpiFullName: work@fpu_cnt_lead0_53b.i_fpu_cnt_lead0_lvl2_36_29.lead0_36_29_0
                vpiActual: Net name:lead0_36_29_0
        RefInstance name:i_fpu_cnt_lead0_lvl2_28_21 start:282:20 end:282:46:
          vpiParent: Module name:work@fpu_cnt_lead0_53b
          vpiName: i_fpu_cnt_lead0_lvl2_28_21
          vpiTypespec RefTypespec name:work@fpu_cnt_lead0_lvl2 start:282:1 end:282:19:
            vpiParent: RefInstance name:i_fpu_cnt_lead0_lvl2_28_21
            vpiName: work@fpu_cnt_lead0_lvl2
            vpiFullName: work@fpu_cnt_lead0_53b.i_fpu_cnt_lead0_lvl2_28_21.work@fpu_cnt_lead0_lvl2
            vpiActual: UnsupportedTypespec name:work@fpu_cnt_lead0_lvl2
          vpiPort (9 items):
            Port start:283:9 end:283:49:
              vpiParent: RefInstance name:i_fpu_cnt_lead0_lvl2_28_21
              vpiLowConn RefObj name:din_7_4_eq_0 start:283:10 end:283:22:
                vpiParent: Port
                vpiName: din_7_4_eq_0
                vpiFullName: work@fpu_cnt_lead0_53b.i_fpu_cnt_lead0_lvl2_28_21.din_7_4_eq_0
              vpiHighConn RefObj name:din_28_25_eq_0 start:283:34 end:283:48:
                vpiParent: Port
                vpiName: din_28_25_eq_0
                vpiFullName: work@fpu_cnt_lead0_53b.i_fpu_cnt_lead0_lvl2_28_21.din_28_25_eq_0
                vpiActual: Net name:din_28_25_eq_0
            Port start:284:9 end:284:49:
              vpiParent: RefInstance name:i_fpu_cnt_lead0_lvl2_28_21
              vpiLowConn RefObj name:din_7_6_eq_0 start:284:10 end:284:22:
                vpiParent: Port
                vpiName: din_7_6_eq_0
                vpiFullName: work@fpu_cnt_lead0_53b.i_fpu_cnt_lead0_lvl2_28_21.din_7_6_eq_0
              vpiHighConn RefObj name:din_28_27_eq_0 start:284:34 end:284:48:
                vpiParent: Port
                vpiName: din_28_27_eq_0
                vpiFullName: work@fpu_cnt_lead0_53b.i_fpu_cnt_lead0_lvl2_28_21.din_28_27_eq_0
                vpiActual: Net name:din_28_27_eq_0
            Port start:285:9 end:285:48:
              vpiParent: RefInstance name:i_fpu_cnt_lead0_lvl2_28_21
              vpiLowConn RefObj name:lead0_4b_0_hi start:285:10 end:285:23:
                vpiParent: Port
                vpiName: lead0_4b_0_hi
                vpiFullName: work@fpu_cnt_lead0_53b.i_fpu_cnt_lead0_lvl2_28_21.lead0_4b_0_hi
              vpiHighConn RefObj name:lead0_28_25_0 start:285:34 end:285:47:
                vpiParent: Port
                vpiName: lead0_28_25_0
                vpiFullName: work@fpu_cnt_lead0_53b.i_fpu_cnt_lead0_lvl2_28_21.lead0_28_25_0
                vpiActual: Net name:lead0_28_25_0
            Port start:286:9 end:286:49:
              vpiParent: RefInstance name:i_fpu_cnt_lead0_lvl2_28_21
              vpiLowConn RefObj name:din_3_0_eq_0 start:286:10 end:286:22:
                vpiParent: Port
                vpiName: din_3_0_eq_0
                vpiFullName: work@fpu_cnt_lead0_53b.i_fpu_cnt_lead0_lvl2_28_21.din_3_0_eq_0
              vpiHighConn RefObj name:din_24_21_eq_0 start:286:34 end:286:48:
                vpiParent: Port
                vpiName: din_24_21_eq_0
                vpiFullName: work@fpu_cnt_lead0_53b.i_fpu_cnt_lead0_lvl2_28_21.din_24_21_eq_0
                vpiActual: Net name:din_24_21_eq_0
            Port start:287:9 end:287:49:
              vpiParent: RefInstance name:i_fpu_cnt_lead0_lvl2_28_21
              vpiLowConn RefObj name:din_3_2_eq_0 start:287:10 end:287:22:
                vpiParent: Port
                vpiName: din_3_2_eq_0
                vpiFullName: work@fpu_cnt_lead0_53b.i_fpu_cnt_lead0_lvl2_28_21.din_3_2_eq_0
              vpiHighConn RefObj name:din_24_23_eq_0 start:287:34 end:287:48:
                vpiParent: Port
                vpiName: din_24_23_eq_0
                vpiFullName: work@fpu_cnt_lead0_53b.i_fpu_cnt_lead0_lvl2_28_21.din_24_23_eq_0
                vpiActual: Net name:din_24_23_eq_0
            Port start:288:9 end:288:48:
              vpiParent: RefInstance name:i_fpu_cnt_lead0_lvl2_28_21
              vpiLowConn RefObj name:lead0_4b_0_lo start:288:10 end:288:23:
                vpiParent: Port
                vpiName: lead0_4b_0_lo
                vpiFullName: work@fpu_cnt_lead0_53b.i_fpu_cnt_lead0_lvl2_28_21.lead0_4b_0_lo
              vpiHighConn RefObj name:lead0_24_21_0 start:288:34 end:288:47:
                vpiParent: Port
                vpiName: lead0_24_21_0
                vpiFullName: work@fpu_cnt_lead0_53b.i_fpu_cnt_lead0_lvl2_28_21.lead0_24_21_0
                vpiActual: Net name:lead0_24_21_0
            Port start:290:9 end:290:49:
              vpiParent: RefInstance name:i_fpu_cnt_lead0_lvl2_28_21
              vpiLowConn RefObj name:din_7_0_eq_0 start:290:10 end:290:22:
                vpiParent: Port
                vpiName: din_7_0_eq_0
                vpiFullName: work@fpu_cnt_lead0_53b.i_fpu_cnt_lead0_lvl2_28_21.din_7_0_eq_0
              vpiHighConn RefObj name:din_28_21_eq_0 start:290:34 end:290:48:
                vpiParent: Port
                vpiName: din_28_21_eq_0
                vpiFullName: work@fpu_cnt_lead0_53b.i_fpu_cnt_lead0_lvl2_28_21.din_28_21_eq_0
                vpiActual: Net name:din_28_21_eq_0
            Port start:291:9 end:291:48:
              vpiParent: RefInstance name:i_fpu_cnt_lead0_lvl2_28_21
              vpiLowConn RefObj name:lead0_8b_1 start:291:10 end:291:20:
                vpiParent: Port
                vpiName: lead0_8b_1
                vpiFullName: work@fpu_cnt_lead0_53b.i_fpu_cnt_lead0_lvl2_28_21.lead0_8b_1
              vpiHighConn RefObj name:lead0_28_21_1 start:291:34 end:291:47:
                vpiParent: Port
                vpiName: lead0_28_21_1
                vpiFullName: work@fpu_cnt_lead0_53b.i_fpu_cnt_lead0_lvl2_28_21.lead0_28_21_1
                vpiActual: Net name:lead0_28_21_1
            Port start:292:9 end:292:48:
              vpiParent: RefInstance name:i_fpu_cnt_lead0_lvl2_28_21
              vpiLowConn RefObj name:lead0_8b_0 start:292:10 end:292:20:
                vpiParent: Port
                vpiName: lead0_8b_0
                vpiFullName: work@fpu_cnt_lead0_53b.i_fpu_cnt_lead0_lvl2_28_21.lead0_8b_0
              vpiHighConn RefObj name:lead0_28_21_0 start:292:34 end:292:47:
                vpiParent: Port
                vpiName: lead0_28_21_0
                vpiFullName: work@fpu_cnt_lead0_53b.i_fpu_cnt_lead0_lvl2_28_21.lead0_28_21_0
                vpiActual: Net name:lead0_28_21_0
        RefInstance name:i_fpu_cnt_lead0_lvl2_20_13 start:295:20 end:295:46:
          vpiParent: Module name:work@fpu_cnt_lead0_53b
          vpiName: i_fpu_cnt_lead0_lvl2_20_13
          vpiTypespec RefTypespec name:work@fpu_cnt_lead0_lvl2 start:295:1 end:295:19:
            vpiParent: RefInstance name:i_fpu_cnt_lead0_lvl2_20_13
            vpiName: work@fpu_cnt_lead0_lvl2
            vpiFullName: work@fpu_cnt_lead0_53b.i_fpu_cnt_lead0_lvl2_20_13.work@fpu_cnt_lead0_lvl2
            vpiActual: UnsupportedTypespec name:work@fpu_cnt_lead0_lvl2
          vpiPort (9 items):
            Port start:296:9 end:296:49:
              vpiParent: RefInstance name:i_fpu_cnt_lead0_lvl2_20_13
              vpiLowConn RefObj name:din_7_4_eq_0 start:296:10 end:296:22:
                vpiParent: Port
                vpiName: din_7_4_eq_0
                vpiFullName: work@fpu_cnt_lead0_53b.i_fpu_cnt_lead0_lvl2_20_13.din_7_4_eq_0
              vpiHighConn RefObj name:din_20_17_eq_0 start:296:34 end:296:48:
                vpiParent: Port
                vpiName: din_20_17_eq_0
                vpiFullName: work@fpu_cnt_lead0_53b.i_fpu_cnt_lead0_lvl2_20_13.din_20_17_eq_0
                vpiActual: Net name:din_20_17_eq_0
            Port start:297:9 end:297:49:
              vpiParent: RefInstance name:i_fpu_cnt_lead0_lvl2_20_13
              vpiLowConn RefObj name:din_7_6_eq_0 start:297:10 end:297:22:
                vpiParent: Port
                vpiName: din_7_6_eq_0
                vpiFullName: work@fpu_cnt_lead0_53b.i_fpu_cnt_lead0_lvl2_20_13.din_7_6_eq_0
              vpiHighConn RefObj name:din_20_19_eq_0 start:297:34 end:297:48:
                vpiParent: Port
                vpiName: din_20_19_eq_0
                vpiFullName: work@fpu_cnt_lead0_53b.i_fpu_cnt_lead0_lvl2_20_13.din_20_19_eq_0
                vpiActual: Net name:din_20_19_eq_0
            Port start:298:9 end:298:48:
              vpiParent: RefInstance name:i_fpu_cnt_lead0_lvl2_20_13
              vpiLowConn RefObj name:lead0_4b_0_hi start:298:10 end:298:23:
                vpiParent: Port
                vpiName: lead0_4b_0_hi
                vpiFullName: work@fpu_cnt_lead0_53b.i_fpu_cnt_lead0_lvl2_20_13.lead0_4b_0_hi
              vpiHighConn RefObj name:lead0_20_17_0 start:298:34 end:298:47:
                vpiParent: Port
                vpiName: lead0_20_17_0
                vpiFullName: work@fpu_cnt_lead0_53b.i_fpu_cnt_lead0_lvl2_20_13.lead0_20_17_0
                vpiActual: Net name:lead0_20_17_0
            Port start:299:9 end:299:49:
              vpiParent: RefInstance name:i_fpu_cnt_lead0_lvl2_20_13
              vpiLowConn RefObj name:din_3_0_eq_0 start:299:10 end:299:22:
                vpiParent: Port
                vpiName: din_3_0_eq_0
                vpiFullName: work@fpu_cnt_lead0_53b.i_fpu_cnt_lead0_lvl2_20_13.din_3_0_eq_0
              vpiHighConn RefObj name:din_16_13_eq_0 start:299:34 end:299:48:
                vpiParent: Port
                vpiName: din_16_13_eq_0
                vpiFullName: work@fpu_cnt_lead0_53b.i_fpu_cnt_lead0_lvl2_20_13.din_16_13_eq_0
                vpiActual: Net name:din_16_13_eq_0
            Port start:300:9 end:300:49:
              vpiParent: RefInstance name:i_fpu_cnt_lead0_lvl2_20_13
              vpiLowConn RefObj name:din_3_2_eq_0 start:300:10 end:300:22:
                vpiParent: Port
                vpiName: din_3_2_eq_0
                vpiFullName: work@fpu_cnt_lead0_53b.i_fpu_cnt_lead0_lvl2_20_13.din_3_2_eq_0
              vpiHighConn RefObj name:din_16_15_eq_0 start:300:34 end:300:48:
                vpiParent: Port
                vpiName: din_16_15_eq_0
                vpiFullName: work@fpu_cnt_lead0_53b.i_fpu_cnt_lead0_lvl2_20_13.din_16_15_eq_0
                vpiActual: Net name:din_16_15_eq_0
            Port start:301:9 end:301:48:
              vpiParent: RefInstance name:i_fpu_cnt_lead0_lvl2_20_13
              vpiLowConn RefObj name:lead0_4b_0_lo start:301:10 end:301:23:
                vpiParent: Port
                vpiName: lead0_4b_0_lo
                vpiFullName: work@fpu_cnt_lead0_53b.i_fpu_cnt_lead0_lvl2_20_13.lead0_4b_0_lo
              vpiHighConn RefObj name:lead0_16_13_0 start:301:34 end:301:47:
                vpiParent: Port
                vpiName: lead0_16_13_0
                vpiFullName: work@fpu_cnt_lead0_53b.i_fpu_cnt_lead0_lvl2_20_13.lead0_16_13_0
                vpiActual: Net name:lead0_16_13_0
            Port start:303:9 end:303:49:
              vpiParent: RefInstance name:i_fpu_cnt_lead0_lvl2_20_13
              vpiLowConn RefObj name:din_7_0_eq_0 start:303:10 end:303:22:
                vpiParent: Port
                vpiName: din_7_0_eq_0
                vpiFullName: work@fpu_cnt_lead0_53b.i_fpu_cnt_lead0_lvl2_20_13.din_7_0_eq_0
              vpiHighConn RefObj name:din_20_13_eq_0 start:303:34 end:303:48:
                vpiParent: Port
                vpiName: din_20_13_eq_0
                vpiFullName: work@fpu_cnt_lead0_53b.i_fpu_cnt_lead0_lvl2_20_13.din_20_13_eq_0
                vpiActual: Net name:din_20_13_eq_0
            Port start:304:9 end:304:48:
              vpiParent: RefInstance name:i_fpu_cnt_lead0_lvl2_20_13
              vpiLowConn RefObj name:lead0_8b_1 start:304:10 end:304:20:
                vpiParent: Port
                vpiName: lead0_8b_1
                vpiFullName: work@fpu_cnt_lead0_53b.i_fpu_cnt_lead0_lvl2_20_13.lead0_8b_1
              vpiHighConn RefObj name:lead0_20_13_1 start:304:34 end:304:47:
                vpiParent: Port
                vpiName: lead0_20_13_1
                vpiFullName: work@fpu_cnt_lead0_53b.i_fpu_cnt_lead0_lvl2_20_13.lead0_20_13_1
                vpiActual: Net name:lead0_20_13_1
            Port start:305:9 end:305:48:
              vpiParent: RefInstance name:i_fpu_cnt_lead0_lvl2_20_13
              vpiLowConn RefObj name:lead0_8b_0 start:305:10 end:305:20:
                vpiParent: Port
                vpiName: lead0_8b_0
                vpiFullName: work@fpu_cnt_lead0_53b.i_fpu_cnt_lead0_lvl2_20_13.lead0_8b_0
              vpiHighConn RefObj name:lead0_20_13_0 start:305:34 end:305:47:
                vpiParent: Port
                vpiName: lead0_20_13_0
                vpiFullName: work@fpu_cnt_lead0_53b.i_fpu_cnt_lead0_lvl2_20_13.lead0_20_13_0
                vpiActual: Net name:lead0_20_13_0
        RefInstance name:i_fpu_cnt_lead0_lvl2_12_5 start:308:20 end:308:45:
          vpiParent: Module name:work@fpu_cnt_lead0_53b
          vpiName: i_fpu_cnt_lead0_lvl2_12_5
          vpiTypespec RefTypespec name:work@fpu_cnt_lead0_lvl2 start:308:1 end:308:19:
            vpiParent: RefInstance name:i_fpu_cnt_lead0_lvl2_12_5
            vpiName: work@fpu_cnt_lead0_lvl2
            vpiFullName: work@fpu_cnt_lead0_53b.i_fpu_cnt_lead0_lvl2_12_5.work@fpu_cnt_lead0_lvl2
            vpiActual: UnsupportedTypespec name:work@fpu_cnt_lead0_lvl2
          vpiPort (9 items):
            Port start:309:9 end:309:48:
              vpiParent: RefInstance name:i_fpu_cnt_lead0_lvl2_12_5
              vpiLowConn RefObj name:din_7_4_eq_0 start:309:10 end:309:22:
                vpiParent: Port
                vpiName: din_7_4_eq_0
                vpiFullName: work@fpu_cnt_lead0_53b.i_fpu_cnt_lead0_lvl2_12_5.din_7_4_eq_0
              vpiHighConn RefObj name:din_12_9_eq_0 start:309:34 end:309:47:
                vpiParent: Port
                vpiName: din_12_9_eq_0
                vpiFullName: work@fpu_cnt_lead0_53b.i_fpu_cnt_lead0_lvl2_12_5.din_12_9_eq_0
                vpiActual: Net name:din_12_9_eq_0
            Port start:310:9 end:310:49:
              vpiParent: RefInstance name:i_fpu_cnt_lead0_lvl2_12_5
              vpiLowConn RefObj name:din_7_6_eq_0 start:310:10 end:310:22:
                vpiParent: Port
                vpiName: din_7_6_eq_0
                vpiFullName: work@fpu_cnt_lead0_53b.i_fpu_cnt_lead0_lvl2_12_5.din_7_6_eq_0
              vpiHighConn RefObj name:din_12_11_eq_0 start:310:34 end:310:48:
                vpiParent: Port
                vpiName: din_12_11_eq_0
                vpiFullName: work@fpu_cnt_lead0_53b.i_fpu_cnt_lead0_lvl2_12_5.din_12_11_eq_0
                vpiActual: Net name:din_12_11_eq_0
            Port start:311:9 end:311:47:
              vpiParent: RefInstance name:i_fpu_cnt_lead0_lvl2_12_5
              vpiLowConn RefObj name:lead0_4b_0_hi start:311:10 end:311:23:
                vpiParent: Port
                vpiName: lead0_4b_0_hi
                vpiFullName: work@fpu_cnt_lead0_53b.i_fpu_cnt_lead0_lvl2_12_5.lead0_4b_0_hi
              vpiHighConn RefObj name:lead0_12_9_0 start:311:34 end:311:46:
                vpiParent: Port
                vpiName: lead0_12_9_0
                vpiFullName: work@fpu_cnt_lead0_53b.i_fpu_cnt_lead0_lvl2_12_5.lead0_12_9_0
                vpiActual: Net name:lead0_12_9_0
            Port start:312:9 end:312:47:
              vpiParent: RefInstance name:i_fpu_cnt_lead0_lvl2_12_5
              vpiLowConn RefObj name:din_3_0_eq_0 start:312:10 end:312:22:
                vpiParent: Port
                vpiName: din_3_0_eq_0
                vpiFullName: work@fpu_cnt_lead0_53b.i_fpu_cnt_lead0_lvl2_12_5.din_3_0_eq_0
              vpiHighConn RefObj name:din_8_5_eq_0 start:312:34 end:312:46:
                vpiParent: Port
                vpiName: din_8_5_eq_0
                vpiFullName: work@fpu_cnt_lead0_53b.i_fpu_cnt_lead0_lvl2_12_5.din_8_5_eq_0
                vpiActual: Net name:din_8_5_eq_0
            Port start:313:9 end:313:47:
              vpiParent: RefInstance name:i_fpu_cnt_lead0_lvl2_12_5
              vpiLowConn RefObj name:din_3_2_eq_0 start:313:10 end:313:22:
                vpiParent: Port
                vpiName: din_3_2_eq_0
                vpiFullName: work@fpu_cnt_lead0_53b.i_fpu_cnt_lead0_lvl2_12_5.din_3_2_eq_0
              vpiHighConn RefObj name:din_8_7_eq_0 start:313:34 end:313:46:
                vpiParent: Port
                vpiName: din_8_7_eq_0
                vpiFullName: work@fpu_cnt_lead0_53b.i_fpu_cnt_lead0_lvl2_12_5.din_8_7_eq_0
                vpiActual: Net name:din_8_7_eq_0
            Port start:314:9 end:314:46:
              vpiParent: RefInstance name:i_fpu_cnt_lead0_lvl2_12_5
              vpiLowConn RefObj name:lead0_4b_0_lo start:314:10 end:314:23:
                vpiParent: Port
                vpiName: lead0_4b_0_lo
                vpiFullName: work@fpu_cnt_lead0_53b.i_fpu_cnt_lead0_lvl2_12_5.lead0_4b_0_lo
              vpiHighConn RefObj name:lead0_8_5_0 start:314:34 end:314:45:
                vpiParent: Port
                vpiName: lead0_8_5_0
                vpiFullName: work@fpu_cnt_lead0_53b.i_fpu_cnt_lead0_lvl2_12_5.lead0_8_5_0
                vpiActual: Net name:lead0_8_5_0
            Port start:316:9 end:316:48:
              vpiParent: RefInstance name:i_fpu_cnt_lead0_lvl2_12_5
              vpiLowConn RefObj name:din_7_0_eq_0 start:316:10 end:316:22:
                vpiParent: Port
                vpiName: din_7_0_eq_0
                vpiFullName: work@fpu_cnt_lead0_53b.i_fpu_cnt_lead0_lvl2_12_5.din_7_0_eq_0
              vpiHighConn RefObj name:din_12_5_eq_0 start:316:34 end:316:47:
                vpiParent: Port
                vpiName: din_12_5_eq_0
                vpiFullName: work@fpu_cnt_lead0_53b.i_fpu_cnt_lead0_lvl2_12_5.din_12_5_eq_0
                vpiActual: Net name:din_12_5_eq_0
            Port start:317:9 end:317:47:
              vpiParent: RefInstance name:i_fpu_cnt_lead0_lvl2_12_5
              vpiLowConn RefObj name:lead0_8b_1 start:317:10 end:317:20:
                vpiParent: Port
                vpiName: lead0_8b_1
                vpiFullName: work@fpu_cnt_lead0_53b.i_fpu_cnt_lead0_lvl2_12_5.lead0_8b_1
              vpiHighConn RefObj name:lead0_12_5_1 start:317:34 end:317:46:
                vpiParent: Port
                vpiName: lead0_12_5_1
                vpiFullName: work@fpu_cnt_lead0_53b.i_fpu_cnt_lead0_lvl2_12_5.lead0_12_5_1
                vpiActual: Net name:lead0_12_5_1
            Port start:318:9 end:318:47:
              vpiParent: RefInstance name:i_fpu_cnt_lead0_lvl2_12_5
              vpiLowConn RefObj name:lead0_8b_0 start:318:10 end:318:20:
                vpiParent: Port
                vpiName: lead0_8b_0
                vpiFullName: work@fpu_cnt_lead0_53b.i_fpu_cnt_lead0_lvl2_12_5.lead0_8b_0
              vpiHighConn RefObj name:lead0_12_5_0 start:318:34 end:318:46:
                vpiParent: Port
                vpiName: lead0_12_5_0
                vpiFullName: work@fpu_cnt_lead0_53b.i_fpu_cnt_lead0_lvl2_12_5.lead0_12_5_0
                vpiActual: Net name:lead0_12_5_0
        RefInstance name:i_fpu_cnt_lead0_lvl3_52_37 start:327:20 end:327:46:
          vpiParent: Module name:work@fpu_cnt_lead0_53b
          vpiName: i_fpu_cnt_lead0_lvl3_52_37
          vpiTypespec RefTypespec name:work@fpu_cnt_lead0_lvl3 start:327:1 end:327:19:
            vpiParent: RefInstance name:i_fpu_cnt_lead0_lvl3_52_37
            vpiName: work@fpu_cnt_lead0_lvl3
            vpiFullName: work@fpu_cnt_lead0_53b.i_fpu_cnt_lead0_lvl3_52_37.work@fpu_cnt_lead0_lvl3
            vpiActual: UnsupportedTypespec name:work@fpu_cnt_lead0_lvl3
          vpiPort (12 items):
            Port start:328:2 end:328:34:
              vpiParent: RefInstance name:i_fpu_cnt_lead0_lvl3_52_37
              vpiLowConn RefObj name:din_15_8_eq_0 start:328:3 end:328:16:
                vpiParent: Port
                vpiName: din_15_8_eq_0
                vpiFullName: work@fpu_cnt_lead0_53b.i_fpu_cnt_lead0_lvl3_52_37.din_15_8_eq_0
              vpiHighConn RefObj name:din_52_45_eq_0 start:328:19 end:328:33:
                vpiParent: Port
                vpiName: din_52_45_eq_0
                vpiFullName: work@fpu_cnt_lead0_53b.i_fpu_cnt_lead0_lvl3_52_37.din_52_45_eq_0
                vpiActual: Net name:din_52_45_eq_0
            Port start:329:2 end:329:35:
              vpiParent: RefInstance name:i_fpu_cnt_lead0_lvl3_52_37
              vpiLowConn RefObj name:din_15_12_eq_0 start:329:3 end:329:17:
                vpiParent: Port
                vpiName: din_15_12_eq_0
                vpiFullName: work@fpu_cnt_lead0_53b.i_fpu_cnt_lead0_lvl3_52_37.din_15_12_eq_0
              vpiHighConn RefObj name:din_52_49_eq_0 start:329:20 end:329:34:
                vpiParent: Port
                vpiName: din_52_49_eq_0
                vpiFullName: work@fpu_cnt_lead0_53b.i_fpu_cnt_lead0_lvl3_52_37.din_52_49_eq_0
                vpiActual: Net name:din_52_49_eq_0
            Port start:330:2 end:330:33:
              vpiParent: RefInstance name:i_fpu_cnt_lead0_lvl3_52_37
              vpiLowConn RefObj name:lead0_8b_1_hi start:330:3 end:330:16:
                vpiParent: Port
                vpiName: lead0_8b_1_hi
                vpiFullName: work@fpu_cnt_lead0_53b.i_fpu_cnt_lead0_lvl3_52_37.lead0_8b_1_hi
              vpiHighConn RefObj name:lead0_52_45_1 start:330:19 end:330:32:
                vpiParent: Port
                vpiName: lead0_52_45_1
                vpiFullName: work@fpu_cnt_lead0_53b.i_fpu_cnt_lead0_lvl3_52_37.lead0_52_45_1
                vpiActual: Net name:lead0_52_45_1
            Port start:331:2 end:331:33:
              vpiParent: RefInstance name:i_fpu_cnt_lead0_lvl3_52_37
              vpiLowConn RefObj name:lead0_8b_0_hi start:331:3 end:331:16:
                vpiParent: Port
                vpiName: lead0_8b_0_hi
                vpiFullName: work@fpu_cnt_lead0_53b.i_fpu_cnt_lead0_lvl3_52_37.lead0_8b_0_hi
              vpiHighConn RefObj name:lead0_52_45_0 start:331:19 end:331:32:
                vpiParent: Port
                vpiName: lead0_52_45_0
                vpiFullName: work@fpu_cnt_lead0_53b.i_fpu_cnt_lead0_lvl3_52_37.lead0_52_45_0
                vpiActual: Net name:lead0_52_45_0
            Port start:332:2 end:332:33:
              vpiParent: RefInstance name:i_fpu_cnt_lead0_lvl3_52_37
              vpiLowConn RefObj name:din_7_0_eq_0 start:332:3 end:332:15:
                vpiParent: Port
                vpiName: din_7_0_eq_0
                vpiFullName: work@fpu_cnt_lead0_53b.i_fpu_cnt_lead0_lvl3_52_37.din_7_0_eq_0
              vpiHighConn RefObj name:din_44_37_eq_0 start:332:18 end:332:32:
                vpiParent: Port
                vpiName: din_44_37_eq_0
                vpiFullName: work@fpu_cnt_lead0_53b.i_fpu_cnt_lead0_lvl3_52_37.din_44_37_eq_0
                vpiActual: Net name:din_44_37_eq_0
            Port start:333:2 end:333:33:
              vpiParent: RefInstance name:i_fpu_cnt_lead0_lvl3_52_37
              vpiLowConn RefObj name:din_7_4_eq_0 start:333:3 end:333:15:
                vpiParent: Port
                vpiName: din_7_4_eq_0
                vpiFullName: work@fpu_cnt_lead0_53b.i_fpu_cnt_lead0_lvl3_52_37.din_7_4_eq_0
              vpiHighConn RefObj name:din_44_41_eq_0 start:333:18 end:333:32:
                vpiParent: Port
                vpiName: din_44_41_eq_0
                vpiFullName: work@fpu_cnt_lead0_53b.i_fpu_cnt_lead0_lvl3_52_37.din_44_41_eq_0
                vpiActual: Net name:din_44_41_eq_0
            Port start:334:2 end:334:33:
              vpiParent: RefInstance name:i_fpu_cnt_lead0_lvl3_52_37
              vpiLowConn RefObj name:lead0_8b_1_lo start:334:3 end:334:16:
                vpiParent: Port
                vpiName: lead0_8b_1_lo
                vpiFullName: work@fpu_cnt_lead0_53b.i_fpu_cnt_lead0_lvl3_52_37.lead0_8b_1_lo
              vpiHighConn RefObj name:lead0_44_37_1 start:334:19 end:334:32:
                vpiParent: Port
                vpiName: lead0_44_37_1
                vpiFullName: work@fpu_cnt_lead0_53b.i_fpu_cnt_lead0_lvl3_52_37.lead0_44_37_1
                vpiActual: Net name:lead0_44_37_1
            Port start:335:2 end:335:33:
              vpiParent: RefInstance name:i_fpu_cnt_lead0_lvl3_52_37
              vpiLowConn RefObj name:lead0_8b_0_lo start:335:3 end:335:16:
                vpiParent: Port
                vpiName: lead0_8b_0_lo
                vpiFullName: work@fpu_cnt_lead0_53b.i_fpu_cnt_lead0_lvl3_52_37.lead0_8b_0_lo
              vpiHighConn RefObj name:lead0_44_37_0 start:335:19 end:335:32:
                vpiParent: Port
                vpiName: lead0_44_37_0
                vpiFullName: work@fpu_cnt_lead0_53b.i_fpu_cnt_lead0_lvl3_52_37.lead0_44_37_0
                vpiActual: Net name:lead0_44_37_0
            Port start:337:2 end:337:34:
              vpiParent: RefInstance name:i_fpu_cnt_lead0_lvl3_52_37
              vpiLowConn RefObj name:din_15_0_eq_0 start:337:3 end:337:16:
                vpiParent: Port
                vpiName: din_15_0_eq_0
                vpiFullName: work@fpu_cnt_lead0_53b.i_fpu_cnt_lead0_lvl3_52_37.din_15_0_eq_0
              vpiHighConn RefObj name:din_52_37_eq_0 start:337:19 end:337:33:
                vpiParent: Port
                vpiName: din_52_37_eq_0
                vpiFullName: work@fpu_cnt_lead0_53b.i_fpu_cnt_lead0_lvl3_52_37.din_52_37_eq_0
                vpiActual: Net name:din_52_37_eq_0
            Port start:338:2 end:338:31:
              vpiParent: RefInstance name:i_fpu_cnt_lead0_lvl3_52_37
              vpiLowConn RefObj name:lead0_16b_2 start:338:3 end:338:14:
                vpiParent: Port
                vpiName: lead0_16b_2
                vpiFullName: work@fpu_cnt_lead0_53b.i_fpu_cnt_lead0_lvl3_52_37.lead0_16b_2
              vpiHighConn RefObj name:lead0_52_37_2 start:338:17 end:338:30:
                vpiParent: Port
                vpiName: lead0_52_37_2
                vpiFullName: work@fpu_cnt_lead0_53b.i_fpu_cnt_lead0_lvl3_52_37.lead0_52_37_2
                vpiActual: Net name:lead0_52_37_2
            Port start:339:2 end:339:31:
              vpiParent: RefInstance name:i_fpu_cnt_lead0_lvl3_52_37
              vpiLowConn RefObj name:lead0_16b_1 start:339:3 end:339:14:
                vpiParent: Port
                vpiName: lead0_16b_1
                vpiFullName: work@fpu_cnt_lead0_53b.i_fpu_cnt_lead0_lvl3_52_37.lead0_16b_1
              vpiHighConn RefObj name:lead0_52_37_1 start:339:17 end:339:30:
                vpiParent: Port
                vpiName: lead0_52_37_1
                vpiFullName: work@fpu_cnt_lead0_53b.i_fpu_cnt_lead0_lvl3_52_37.lead0_52_37_1
                vpiActual: Net name:lead0_52_37_1
            Port start:340:2 end:340:31:
              vpiParent: RefInstance name:i_fpu_cnt_lead0_lvl3_52_37
              vpiLowConn RefObj name:lead0_16b_0 start:340:3 end:340:14:
                vpiParent: Port
                vpiName: lead0_16b_0
                vpiFullName: work@fpu_cnt_lead0_53b.i_fpu_cnt_lead0_lvl3_52_37.lead0_16b_0
              vpiHighConn RefObj name:lead0_52_37_0 start:340:17 end:340:30:
                vpiParent: Port
                vpiName: lead0_52_37_0
                vpiFullName: work@fpu_cnt_lead0_53b.i_fpu_cnt_lead0_lvl3_52_37.lead0_52_37_0
                vpiActual: Net name:lead0_52_37_0
        RefInstance name:i_fpu_cnt_lead0_lvl3_36_21 start:343:20 end:343:46:
          vpiParent: Module name:work@fpu_cnt_lead0_53b
          vpiName: i_fpu_cnt_lead0_lvl3_36_21
          vpiTypespec RefTypespec name:work@fpu_cnt_lead0_lvl3 start:343:1 end:343:19:
            vpiParent: RefInstance name:i_fpu_cnt_lead0_lvl3_36_21
            vpiName: work@fpu_cnt_lead0_lvl3
            vpiFullName: work@fpu_cnt_lead0_53b.i_fpu_cnt_lead0_lvl3_36_21.work@fpu_cnt_lead0_lvl3
            vpiActual: UnsupportedTypespec name:work@fpu_cnt_lead0_lvl3
          vpiPort (12 items):
            Port start:344:9 end:344:49:
              vpiParent: RefInstance name:i_fpu_cnt_lead0_lvl3_36_21
              vpiLowConn RefObj name:din_15_8_eq_0 start:344:10 end:344:23:
                vpiParent: Port
                vpiName: din_15_8_eq_0
                vpiFullName: work@fpu_cnt_lead0_53b.i_fpu_cnt_lead0_lvl3_36_21.din_15_8_eq_0
              vpiHighConn RefObj name:din_36_29_eq_0 start:344:34 end:344:48:
                vpiParent: Port
                vpiName: din_36_29_eq_0
                vpiFullName: work@fpu_cnt_lead0_53b.i_fpu_cnt_lead0_lvl3_36_21.din_36_29_eq_0
                vpiActual: Net name:din_36_29_eq_0
            Port start:345:9 end:345:49:
              vpiParent: RefInstance name:i_fpu_cnt_lead0_lvl3_36_21
              vpiLowConn RefObj name:din_15_12_eq_0 start:345:10 end:345:24:
                vpiParent: Port
                vpiName: din_15_12_eq_0
                vpiFullName: work@fpu_cnt_lead0_53b.i_fpu_cnt_lead0_lvl3_36_21.din_15_12_eq_0
              vpiHighConn RefObj name:din_36_33_eq_0 start:345:34 end:345:48:
                vpiParent: Port
                vpiName: din_36_33_eq_0
                vpiFullName: work@fpu_cnt_lead0_53b.i_fpu_cnt_lead0_lvl3_36_21.din_36_33_eq_0
                vpiActual: Net name:din_36_33_eq_0
            Port start:346:9 end:346:48:
              vpiParent: RefInstance name:i_fpu_cnt_lead0_lvl3_36_21
              vpiLowConn RefObj name:lead0_8b_1_hi start:346:10 end:346:23:
                vpiParent: Port
                vpiName: lead0_8b_1_hi
                vpiFullName: work@fpu_cnt_lead0_53b.i_fpu_cnt_lead0_lvl3_36_21.lead0_8b_1_hi
              vpiHighConn RefObj name:lead0_36_29_1 start:346:34 end:346:47:
                vpiParent: Port
                vpiName: lead0_36_29_1
                vpiFullName: work@fpu_cnt_lead0_53b.i_fpu_cnt_lead0_lvl3_36_21.lead0_36_29_1
                vpiActual: Net name:lead0_36_29_1
            Port start:347:9 end:347:48:
              vpiParent: RefInstance name:i_fpu_cnt_lead0_lvl3_36_21
              vpiLowConn RefObj name:lead0_8b_0_hi start:347:10 end:347:23:
                vpiParent: Port
                vpiName: lead0_8b_0_hi
                vpiFullName: work@fpu_cnt_lead0_53b.i_fpu_cnt_lead0_lvl3_36_21.lead0_8b_0_hi
              vpiHighConn RefObj name:lead0_36_29_0 start:347:34 end:347:47:
                vpiParent: Port
                vpiName: lead0_36_29_0
                vpiFullName: work@fpu_cnt_lead0_53b.i_fpu_cnt_lead0_lvl3_36_21.lead0_36_29_0
                vpiActual: Net name:lead0_36_29_0
            Port start:348:9 end:348:49:
              vpiParent: RefInstance name:i_fpu_cnt_lead0_lvl3_36_21
              vpiLowConn RefObj name:din_7_0_eq_0 start:348:10 end:348:22:
                vpiParent: Port
                vpiName: din_7_0_eq_0
                vpiFullName: work@fpu_cnt_lead0_53b.i_fpu_cnt_lead0_lvl3_36_21.din_7_0_eq_0
              vpiHighConn RefObj name:din_28_21_eq_0 start:348:34 end:348:48:
                vpiParent: Port
                vpiName: din_28_21_eq_0
                vpiFullName: work@fpu_cnt_lead0_53b.i_fpu_cnt_lead0_lvl3_36_21.din_28_21_eq_0
                vpiActual: Net name:din_28_21_eq_0
            Port start:349:9 end:349:49:
              vpiParent: RefInstance name:i_fpu_cnt_lead0_lvl3_36_21
              vpiLowConn RefObj name:din_7_4_eq_0 start:349:10 end:349:22:
                vpiParent: Port
                vpiName: din_7_4_eq_0
                vpiFullName: work@fpu_cnt_lead0_53b.i_fpu_cnt_lead0_lvl3_36_21.din_7_4_eq_0
              vpiHighConn RefObj name:din_28_25_eq_0 start:349:34 end:349:48:
                vpiParent: Port
                vpiName: din_28_25_eq_0
                vpiFullName: work@fpu_cnt_lead0_53b.i_fpu_cnt_lead0_lvl3_36_21.din_28_25_eq_0
                vpiActual: Net name:din_28_25_eq_0
            Port start:350:9 end:350:48:
              vpiParent: RefInstance name:i_fpu_cnt_lead0_lvl3_36_21
              vpiLowConn RefObj name:lead0_8b_1_lo start:350:10 end:350:23:
                vpiParent: Port
                vpiName: lead0_8b_1_lo
                vpiFullName: work@fpu_cnt_lead0_53b.i_fpu_cnt_lead0_lvl3_36_21.lead0_8b_1_lo
              vpiHighConn RefObj name:lead0_28_21_1 start:350:34 end:350:47:
                vpiParent: Port
                vpiName: lead0_28_21_1
                vpiFullName: work@fpu_cnt_lead0_53b.i_fpu_cnt_lead0_lvl3_36_21.lead0_28_21_1
                vpiActual: Net name:lead0_28_21_1
            Port start:351:9 end:351:48:
              vpiParent: RefInstance name:i_fpu_cnt_lead0_lvl3_36_21
              vpiLowConn RefObj name:lead0_8b_0_lo start:351:10 end:351:23:
                vpiParent: Port
                vpiName: lead0_8b_0_lo
                vpiFullName: work@fpu_cnt_lead0_53b.i_fpu_cnt_lead0_lvl3_36_21.lead0_8b_0_lo
              vpiHighConn RefObj name:lead0_28_21_0 start:351:34 end:351:47:
                vpiParent: Port
                vpiName: lead0_28_21_0
                vpiFullName: work@fpu_cnt_lead0_53b.i_fpu_cnt_lead0_lvl3_36_21.lead0_28_21_0
                vpiActual: Net name:lead0_28_21_0
            Port start:353:9 end:353:49:
              vpiParent: RefInstance name:i_fpu_cnt_lead0_lvl3_36_21
              vpiLowConn RefObj name:din_15_0_eq_0 start:353:10 end:353:23:
                vpiParent: Port
                vpiName: din_15_0_eq_0
                vpiFullName: work@fpu_cnt_lead0_53b.i_fpu_cnt_lead0_lvl3_36_21.din_15_0_eq_0
              vpiHighConn RefObj name:din_36_21_eq_0 start:353:34 end:353:48:
                vpiParent: Port
                vpiName: din_36_21_eq_0
                vpiFullName: work@fpu_cnt_lead0_53b.i_fpu_cnt_lead0_lvl3_36_21.din_36_21_eq_0
                vpiActual: Net name:din_36_21_eq_0
            Port start:354:9 end:354:48:
              vpiParent: RefInstance name:i_fpu_cnt_lead0_lvl3_36_21
              vpiLowConn RefObj name:lead0_16b_2 start:354:10 end:354:21:
                vpiParent: Port
                vpiName: lead0_16b_2
                vpiFullName: work@fpu_cnt_lead0_53b.i_fpu_cnt_lead0_lvl3_36_21.lead0_16b_2
              vpiHighConn RefObj name:lead0_36_21_2 start:354:34 end:354:47:
                vpiParent: Port
                vpiName: lead0_36_21_2
                vpiFullName: work@fpu_cnt_lead0_53b.i_fpu_cnt_lead0_lvl3_36_21.lead0_36_21_2
                vpiActual: Net name:lead0_36_21_2
            Port start:355:9 end:355:48:
              vpiParent: RefInstance name:i_fpu_cnt_lead0_lvl3_36_21
              vpiLowConn RefObj name:lead0_16b_1 start:355:10 end:355:21:
                vpiParent: Port
                vpiName: lead0_16b_1
                vpiFullName: work@fpu_cnt_lead0_53b.i_fpu_cnt_lead0_lvl3_36_21.lead0_16b_1
              vpiHighConn RefObj name:lead0_36_21_1 start:355:34 end:355:47:
                vpiParent: Port
                vpiName: lead0_36_21_1
                vpiFullName: work@fpu_cnt_lead0_53b.i_fpu_cnt_lead0_lvl3_36_21.lead0_36_21_1
                vpiActual: Net name:lead0_36_21_1
            Port start:356:9 end:356:48:
              vpiParent: RefInstance name:i_fpu_cnt_lead0_lvl3_36_21
              vpiLowConn RefObj name:lead0_16b_0 start:356:10 end:356:21:
                vpiParent: Port
                vpiName: lead0_16b_0
                vpiFullName: work@fpu_cnt_lead0_53b.i_fpu_cnt_lead0_lvl3_36_21.lead0_16b_0
              vpiHighConn RefObj name:lead0_36_21_0 start:356:34 end:356:47:
                vpiParent: Port
                vpiName: lead0_36_21_0
                vpiFullName: work@fpu_cnt_lead0_53b.i_fpu_cnt_lead0_lvl3_36_21.lead0_36_21_0
                vpiActual: Net name:lead0_36_21_0
        RefInstance name:i_fpu_cnt_lead0_lvl3_20_5 start:359:20 end:359:45:
          vpiParent: Module name:work@fpu_cnt_lead0_53b
          vpiName: i_fpu_cnt_lead0_lvl3_20_5
          vpiTypespec RefTypespec name:work@fpu_cnt_lead0_lvl3 start:359:1 end:359:19:
            vpiParent: RefInstance name:i_fpu_cnt_lead0_lvl3_20_5
            vpiName: work@fpu_cnt_lead0_lvl3
            vpiFullName: work@fpu_cnt_lead0_53b.i_fpu_cnt_lead0_lvl3_20_5.work@fpu_cnt_lead0_lvl3
            vpiActual: UnsupportedTypespec name:work@fpu_cnt_lead0_lvl3
          vpiPort (12 items):
            Port start:360:9 end:360:49:
              vpiParent: RefInstance name:i_fpu_cnt_lead0_lvl3_20_5
              vpiLowConn RefObj name:din_15_8_eq_0 start:360:10 end:360:23:
                vpiParent: Port
                vpiName: din_15_8_eq_0
                vpiFullName: work@fpu_cnt_lead0_53b.i_fpu_cnt_lead0_lvl3_20_5.din_15_8_eq_0
              vpiHighConn RefObj name:din_20_13_eq_0 start:360:34 end:360:48:
                vpiParent: Port
                vpiName: din_20_13_eq_0
                vpiFullName: work@fpu_cnt_lead0_53b.i_fpu_cnt_lead0_lvl3_20_5.din_20_13_eq_0
                vpiActual: Net name:din_20_13_eq_0
            Port start:361:9 end:361:49:
              vpiParent: RefInstance name:i_fpu_cnt_lead0_lvl3_20_5
              vpiLowConn RefObj name:din_15_12_eq_0 start:361:10 end:361:24:
                vpiParent: Port
                vpiName: din_15_12_eq_0
                vpiFullName: work@fpu_cnt_lead0_53b.i_fpu_cnt_lead0_lvl3_20_5.din_15_12_eq_0
              vpiHighConn RefObj name:din_20_17_eq_0 start:361:34 end:361:48:
                vpiParent: Port
                vpiName: din_20_17_eq_0
                vpiFullName: work@fpu_cnt_lead0_53b.i_fpu_cnt_lead0_lvl3_20_5.din_20_17_eq_0
                vpiActual: Net name:din_20_17_eq_0
            Port start:362:9 end:362:48:
              vpiParent: RefInstance name:i_fpu_cnt_lead0_lvl3_20_5
              vpiLowConn RefObj name:lead0_8b_1_hi start:362:10 end:362:23:
                vpiParent: Port
                vpiName: lead0_8b_1_hi
                vpiFullName: work@fpu_cnt_lead0_53b.i_fpu_cnt_lead0_lvl3_20_5.lead0_8b_1_hi
              vpiHighConn RefObj name:lead0_20_13_1 start:362:34 end:362:47:
                vpiParent: Port
                vpiName: lead0_20_13_1
                vpiFullName: work@fpu_cnt_lead0_53b.i_fpu_cnt_lead0_lvl3_20_5.lead0_20_13_1
                vpiActual: Net name:lead0_20_13_1
            Port start:363:9 end:363:48:
              vpiParent: RefInstance name:i_fpu_cnt_lead0_lvl3_20_5
              vpiLowConn RefObj name:lead0_8b_0_hi start:363:10 end:363:23:
                vpiParent: Port
                vpiName: lead0_8b_0_hi
                vpiFullName: work@fpu_cnt_lead0_53b.i_fpu_cnt_lead0_lvl3_20_5.lead0_8b_0_hi
              vpiHighConn RefObj name:lead0_20_13_0 start:363:34 end:363:47:
                vpiParent: Port
                vpiName: lead0_20_13_0
                vpiFullName: work@fpu_cnt_lead0_53b.i_fpu_cnt_lead0_lvl3_20_5.lead0_20_13_0
                vpiActual: Net name:lead0_20_13_0
            Port start:364:9 end:364:48:
              vpiParent: RefInstance name:i_fpu_cnt_lead0_lvl3_20_5
              vpiLowConn RefObj name:din_7_0_eq_0 start:364:10 end:364:22:
                vpiParent: Port
                vpiName: din_7_0_eq_0
                vpiFullName: work@fpu_cnt_lead0_53b.i_fpu_cnt_lead0_lvl3_20_5.din_7_0_eq_0
              vpiHighConn RefObj name:din_12_5_eq_0 start:364:34 end:364:47:
                vpiParent: Port
                vpiName: din_12_5_eq_0
                vpiFullName: work@fpu_cnt_lead0_53b.i_fpu_cnt_lead0_lvl3_20_5.din_12_5_eq_0
                vpiActual: Net name:din_12_5_eq_0
            Port start:365:9 end:365:48:
              vpiParent: RefInstance name:i_fpu_cnt_lead0_lvl3_20_5
              vpiLowConn RefObj name:din_7_4_eq_0 start:365:10 end:365:22:
                vpiParent: Port
                vpiName: din_7_4_eq_0
                vpiFullName: work@fpu_cnt_lead0_53b.i_fpu_cnt_lead0_lvl3_20_5.din_7_4_eq_0
              vpiHighConn RefObj name:din_12_9_eq_0 start:365:34 end:365:47:
                vpiParent: Port
                vpiName: din_12_9_eq_0
                vpiFullName: work@fpu_cnt_lead0_53b.i_fpu_cnt_lead0_lvl3_20_5.din_12_9_eq_0
                vpiActual: Net name:din_12_9_eq_0
            Port start:366:9 end:366:47:
              vpiParent: RefInstance name:i_fpu_cnt_lead0_lvl3_20_5
              vpiLowConn RefObj name:lead0_8b_1_lo start:366:10 end:366:23:
                vpiParent: Port
                vpiName: lead0_8b_1_lo
                vpiFullName: work@fpu_cnt_lead0_53b.i_fpu_cnt_lead0_lvl3_20_5.lead0_8b_1_lo
              vpiHighConn RefObj name:lead0_12_5_1 start:366:34 end:366:46:
                vpiParent: Port
                vpiName: lead0_12_5_1
                vpiFullName: work@fpu_cnt_lead0_53b.i_fpu_cnt_lead0_lvl3_20_5.lead0_12_5_1
                vpiActual: Net name:lead0_12_5_1
            Port start:367:9 end:367:47:
              vpiParent: RefInstance name:i_fpu_cnt_lead0_lvl3_20_5
              vpiLowConn RefObj name:lead0_8b_0_lo start:367:10 end:367:23:
                vpiParent: Port
                vpiName: lead0_8b_0_lo
                vpiFullName: work@fpu_cnt_lead0_53b.i_fpu_cnt_lead0_lvl3_20_5.lead0_8b_0_lo
              vpiHighConn RefObj name:lead0_12_5_0 start:367:34 end:367:46:
                vpiParent: Port
                vpiName: lead0_12_5_0
                vpiFullName: work@fpu_cnt_lead0_53b.i_fpu_cnt_lead0_lvl3_20_5.lead0_12_5_0
                vpiActual: Net name:lead0_12_5_0
            Port start:369:9 end:369:48:
              vpiParent: RefInstance name:i_fpu_cnt_lead0_lvl3_20_5
              vpiLowConn RefObj name:din_15_0_eq_0 start:369:10 end:369:23:
                vpiParent: Port
                vpiName: din_15_0_eq_0
                vpiFullName: work@fpu_cnt_lead0_53b.i_fpu_cnt_lead0_lvl3_20_5.din_15_0_eq_0
              vpiHighConn RefObj name:din_20_5_eq_0 start:369:34 end:369:47:
                vpiParent: Port
                vpiName: din_20_5_eq_0
                vpiFullName: work@fpu_cnt_lead0_53b.i_fpu_cnt_lead0_lvl3_20_5.din_20_5_eq_0
                vpiActual: Net name:din_20_5_eq_0
            Port start:370:9 end:370:47:
              vpiParent: RefInstance name:i_fpu_cnt_lead0_lvl3_20_5
              vpiLowConn RefObj name:lead0_16b_2 start:370:10 end:370:21:
                vpiParent: Port
                vpiName: lead0_16b_2
                vpiFullName: work@fpu_cnt_lead0_53b.i_fpu_cnt_lead0_lvl3_20_5.lead0_16b_2
              vpiHighConn RefObj name:lead0_20_5_2 start:370:34 end:370:46:
                vpiParent: Port
                vpiName: lead0_20_5_2
                vpiFullName: work@fpu_cnt_lead0_53b.i_fpu_cnt_lead0_lvl3_20_5.lead0_20_5_2
                vpiActual: Net name:lead0_20_5_2
            Port start:371:9 end:371:47:
              vpiParent: RefInstance name:i_fpu_cnt_lead0_lvl3_20_5
              vpiLowConn RefObj name:lead0_16b_1 start:371:10 end:371:21:
                vpiParent: Port
                vpiName: lead0_16b_1
                vpiFullName: work@fpu_cnt_lead0_53b.i_fpu_cnt_lead0_lvl3_20_5.lead0_16b_1
              vpiHighConn RefObj name:lead0_20_5_1 start:371:34 end:371:46:
                vpiParent: Port
                vpiName: lead0_20_5_1
                vpiFullName: work@fpu_cnt_lead0_53b.i_fpu_cnt_lead0_lvl3_20_5.lead0_20_5_1
                vpiActual: Net name:lead0_20_5_1
            Port start:372:9 end:372:47:
              vpiParent: RefInstance name:i_fpu_cnt_lead0_lvl3_20_5
              vpiLowConn RefObj name:lead0_16b_0 start:372:10 end:372:21:
                vpiParent: Port
                vpiName: lead0_16b_0
                vpiFullName: work@fpu_cnt_lead0_53b.i_fpu_cnt_lead0_lvl3_20_5.lead0_16b_0
              vpiHighConn RefObj name:lead0_20_5_0 start:372:34 end:372:46:
                vpiParent: Port
                vpiName: lead0_20_5_0
                vpiFullName: work@fpu_cnt_lead0_53b.i_fpu_cnt_lead0_lvl3_20_5.lead0_20_5_0
                vpiActual: Net name:lead0_20_5_0
        RefInstance name:i_fpu_cnt_lead0_lvl4_52_21 start:378:20 end:378:46:
          vpiParent: Module name:work@fpu_cnt_lead0_53b
          vpiName: i_fpu_cnt_lead0_lvl4_52_21
          vpiTypespec RefTypespec name:work@fpu_cnt_lead0_lvl4 start:378:1 end:378:19:
            vpiParent: RefInstance name:i_fpu_cnt_lead0_lvl4_52_21
            vpiName: work@fpu_cnt_lead0_lvl4
            vpiFullName: work@fpu_cnt_lead0_53b.i_fpu_cnt_lead0_lvl4_52_21.work@fpu_cnt_lead0_lvl4
            vpiActual: UnsupportedTypespec name:work@fpu_cnt_lead0_lvl4
          vpiPort (15 items):
            Port start:379:2 end:379:35:
              vpiParent: RefInstance name:i_fpu_cnt_lead0_lvl4_52_21
              vpiLowConn RefObj name:din_31_16_eq_0 start:379:3 end:379:17:
                vpiParent: Port
                vpiName: din_31_16_eq_0
                vpiFullName: work@fpu_cnt_lead0_53b.i_fpu_cnt_lead0_lvl4_52_21.din_31_16_eq_0
              vpiHighConn RefObj name:din_52_37_eq_0 start:379:20 end:379:34:
                vpiParent: Port
                vpiName: din_52_37_eq_0
                vpiFullName: work@fpu_cnt_lead0_53b.i_fpu_cnt_lead0_lvl4_52_21.din_52_37_eq_0
                vpiActual: Net name:din_52_37_eq_0
            Port start:380:2 end:380:35:
              vpiParent: RefInstance name:i_fpu_cnt_lead0_lvl4_52_21
              vpiLowConn RefObj name:din_31_24_eq_0 start:380:3 end:380:17:
                vpiParent: Port
                vpiName: din_31_24_eq_0
                vpiFullName: work@fpu_cnt_lead0_53b.i_fpu_cnt_lead0_lvl4_52_21.din_31_24_eq_0
              vpiHighConn RefObj name:din_52_45_eq_0 start:380:20 end:380:34:
                vpiParent: Port
                vpiName: din_52_45_eq_0
                vpiFullName: work@fpu_cnt_lead0_53b.i_fpu_cnt_lead0_lvl4_52_21.din_52_45_eq_0
                vpiActual: Net name:din_52_45_eq_0
            Port start:381:2 end:381:34:
              vpiParent: RefInstance name:i_fpu_cnt_lead0_lvl4_52_21
              vpiLowConn RefObj name:lead0_16b_2_hi start:381:3 end:381:17:
                vpiParent: Port
                vpiName: lead0_16b_2_hi
                vpiFullName: work@fpu_cnt_lead0_53b.i_fpu_cnt_lead0_lvl4_52_21.lead0_16b_2_hi
              vpiHighConn RefObj name:lead0_52_37_2 start:381:20 end:381:33:
                vpiParent: Port
                vpiName: lead0_52_37_2
                vpiFullName: work@fpu_cnt_lead0_53b.i_fpu_cnt_lead0_lvl4_52_21.lead0_52_37_2
                vpiActual: Net name:lead0_52_37_2
            Port start:382:2 end:382:34:
              vpiParent: RefInstance name:i_fpu_cnt_lead0_lvl4_52_21
              vpiLowConn RefObj name:lead0_16b_1_hi start:382:3 end:382:17:
                vpiParent: Port
                vpiName: lead0_16b_1_hi
                vpiFullName: work@fpu_cnt_lead0_53b.i_fpu_cnt_lead0_lvl4_52_21.lead0_16b_1_hi
              vpiHighConn RefObj name:lead0_52_37_1 start:382:20 end:382:33:
                vpiParent: Port
                vpiName: lead0_52_37_1
                vpiFullName: work@fpu_cnt_lead0_53b.i_fpu_cnt_lead0_lvl4_52_21.lead0_52_37_1
                vpiActual: Net name:lead0_52_37_1
            Port start:383:2 end:383:34:
              vpiParent: RefInstance name:i_fpu_cnt_lead0_lvl4_52_21
              vpiLowConn RefObj name:lead0_16b_0_hi start:383:3 end:383:17:
                vpiParent: Port
                vpiName: lead0_16b_0_hi
                vpiFullName: work@fpu_cnt_lead0_53b.i_fpu_cnt_lead0_lvl4_52_21.lead0_16b_0_hi
              vpiHighConn RefObj name:lead0_52_37_0 start:383:20 end:383:33:
                vpiParent: Port
                vpiName: lead0_52_37_0
                vpiFullName: work@fpu_cnt_lead0_53b.i_fpu_cnt_lead0_lvl4_52_21.lead0_52_37_0
                vpiActual: Net name:lead0_52_37_0
            Port start:384:2 end:384:34:
              vpiParent: RefInstance name:i_fpu_cnt_lead0_lvl4_52_21
              vpiLowConn RefObj name:din_15_0_eq_0 start:384:3 end:384:16:
                vpiParent: Port
                vpiName: din_15_0_eq_0
                vpiFullName: work@fpu_cnt_lead0_53b.i_fpu_cnt_lead0_lvl4_52_21.din_15_0_eq_0
              vpiHighConn RefObj name:din_36_21_eq_0 start:384:19 end:384:33:
                vpiParent: Port
                vpiName: din_36_21_eq_0
                vpiFullName: work@fpu_cnt_lead0_53b.i_fpu_cnt_lead0_lvl4_52_21.din_36_21_eq_0
                vpiActual: Net name:din_36_21_eq_0
            Port start:385:2 end:385:34:
              vpiParent: RefInstance name:i_fpu_cnt_lead0_lvl4_52_21
              vpiLowConn RefObj name:din_15_8_eq_0 start:385:3 end:385:16:
                vpiParent: Port
                vpiName: din_15_8_eq_0
                vpiFullName: work@fpu_cnt_lead0_53b.i_fpu_cnt_lead0_lvl4_52_21.din_15_8_eq_0
              vpiHighConn RefObj name:din_36_29_eq_0 start:385:19 end:385:33:
                vpiParent: Port
                vpiName: din_36_29_eq_0
                vpiFullName: work@fpu_cnt_lead0_53b.i_fpu_cnt_lead0_lvl4_52_21.din_36_29_eq_0
                vpiActual: Net name:din_36_29_eq_0
            Port start:386:2 end:386:34:
              vpiParent: RefInstance name:i_fpu_cnt_lead0_lvl4_52_21
              vpiLowConn RefObj name:lead0_16b_2_lo start:386:3 end:386:17:
                vpiParent: Port
                vpiName: lead0_16b_2_lo
                vpiFullName: work@fpu_cnt_lead0_53b.i_fpu_cnt_lead0_lvl4_52_21.lead0_16b_2_lo
              vpiHighConn RefObj name:lead0_36_21_2 start:386:20 end:386:33:
                vpiParent: Port
                vpiName: lead0_36_21_2
                vpiFullName: work@fpu_cnt_lead0_53b.i_fpu_cnt_lead0_lvl4_52_21.lead0_36_21_2
                vpiActual: Net name:lead0_36_21_2
            Port start:387:2 end:387:34:
              vpiParent: RefInstance name:i_fpu_cnt_lead0_lvl4_52_21
              vpiLowConn RefObj name:lead0_16b_1_lo start:387:3 end:387:17:
                vpiParent: Port
                vpiName: lead0_16b_1_lo
                vpiFullName: work@fpu_cnt_lead0_53b.i_fpu_cnt_lead0_lvl4_52_21.lead0_16b_1_lo
              vpiHighConn RefObj name:lead0_36_21_1 start:387:20 end:387:33:
                vpiParent: Port
                vpiName: lead0_36_21_1
                vpiFullName: work@fpu_cnt_lead0_53b.i_fpu_cnt_lead0_lvl4_52_21.lead0_36_21_1
                vpiActual: Net name:lead0_36_21_1
            Port start:388:2 end:388:34:
              vpiParent: RefInstance name:i_fpu_cnt_lead0_lvl4_52_21
              vpiLowConn RefObj name:lead0_16b_0_lo start:388:3 end:388:17:
                vpiParent: Port
                vpiName: lead0_16b_0_lo
                vpiFullName: work@fpu_cnt_lead0_53b.i_fpu_cnt_lead0_lvl4_52_21.lead0_16b_0_lo
              vpiHighConn RefObj name:lead0_36_21_0 start:388:20 end:388:33:
                vpiParent: Port
                vpiName: lead0_36_21_0
                vpiFullName: work@fpu_cnt_lead0_53b.i_fpu_cnt_lead0_lvl4_52_21.lead0_36_21_0
                vpiActual: Net name:lead0_36_21_0
            Port start:390:2 end:390:34:
              vpiParent: RefInstance name:i_fpu_cnt_lead0_lvl4_52_21
              vpiLowConn RefObj name:din_31_0_eq_0 start:390:3 end:390:16:
                vpiParent: Port
                vpiName: din_31_0_eq_0
                vpiFullName: work@fpu_cnt_lead0_53b.i_fpu_cnt_lead0_lvl4_52_21.din_31_0_eq_0
              vpiHighConn RefObj name:din_52_21_eq_0 start:390:19 end:390:33:
                vpiParent: Port
                vpiName: din_52_21_eq_0
                vpiFullName: work@fpu_cnt_lead0_53b.i_fpu_cnt_lead0_lvl4_52_21.din_52_21_eq_0
                vpiActual: Net name:din_52_21_eq_0
            Port start:391:2 end:391:31:
              vpiParent: RefInstance name:i_fpu_cnt_lead0_lvl4_52_21
              vpiLowConn RefObj name:lead0_32b_3 start:391:3 end:391:14:
                vpiParent: Port
                vpiName: lead0_32b_3
                vpiFullName: work@fpu_cnt_lead0_53b.i_fpu_cnt_lead0_lvl4_52_21.lead0_32b_3
              vpiHighConn RefObj name:lead0_52_21_3 start:391:17 end:391:30:
                vpiParent: Port
                vpiName: lead0_52_21_3
                vpiFullName: work@fpu_cnt_lead0_53b.i_fpu_cnt_lead0_lvl4_52_21.lead0_52_21_3
                vpiActual: Net name:lead0_52_21_3
            Port start:392:2 end:392:31:
              vpiParent: RefInstance name:i_fpu_cnt_lead0_lvl4_52_21
              vpiLowConn RefObj name:lead0_32b_2 start:392:3 end:392:14:
                vpiParent: Port
                vpiName: lead0_32b_2
                vpiFullName: work@fpu_cnt_lead0_53b.i_fpu_cnt_lead0_lvl4_52_21.lead0_32b_2
              vpiHighConn RefObj name:lead0_52_21_2 start:392:17 end:392:30:
                vpiParent: Port
                vpiName: lead0_52_21_2
                vpiFullName: work@fpu_cnt_lead0_53b.i_fpu_cnt_lead0_lvl4_52_21.lead0_52_21_2
                vpiActual: Net name:lead0_52_21_2
            Port start:393:2 end:393:31:
              vpiParent: RefInstance name:i_fpu_cnt_lead0_lvl4_52_21
              vpiLowConn RefObj name:lead0_32b_1 start:393:3 end:393:14:
                vpiParent: Port
                vpiName: lead0_32b_1
                vpiFullName: work@fpu_cnt_lead0_53b.i_fpu_cnt_lead0_lvl4_52_21.lead0_32b_1
              vpiHighConn RefObj name:lead0_52_21_1 start:393:17 end:393:30:
                vpiParent: Port
                vpiName: lead0_52_21_1
                vpiFullName: work@fpu_cnt_lead0_53b.i_fpu_cnt_lead0_lvl4_52_21.lead0_52_21_1
                vpiActual: Net name:lead0_52_21_1
            Port start:394:2 end:394:31:
              vpiParent: RefInstance name:i_fpu_cnt_lead0_lvl4_52_21
              vpiLowConn RefObj name:lead0_32b_0 start:394:3 end:394:14:
                vpiParent: Port
                vpiName: lead0_32b_0
                vpiFullName: work@fpu_cnt_lead0_53b.i_fpu_cnt_lead0_lvl4_52_21.lead0_32b_0
              vpiHighConn RefObj name:lead0_52_21_0 start:394:17 end:394:30:
                vpiParent: Port
                vpiName: lead0_52_21_0
                vpiFullName: work@fpu_cnt_lead0_53b.i_fpu_cnt_lead0_lvl4_52_21.lead0_52_21_0
                vpiActual: Net name:lead0_52_21_0
        RefInstance name:i_fpu_cnt_lead0_lvl4_20_0 start:397:20 end:397:45:
          vpiParent: Module name:work@fpu_cnt_lead0_53b
          vpiName: i_fpu_cnt_lead0_lvl4_20_0
          vpiTypespec RefTypespec name:work@fpu_cnt_lead0_lvl4 start:397:1 end:397:19:
            vpiParent: RefInstance name:i_fpu_cnt_lead0_lvl4_20_0
            vpiName: work@fpu_cnt_lead0_lvl4
            vpiFullName: work@fpu_cnt_lead0_53b.i_fpu_cnt_lead0_lvl4_20_0.work@fpu_cnt_lead0_lvl4
            vpiActual: UnsupportedTypespec name:work@fpu_cnt_lead0_lvl4
          vpiPort (15 items):
            Port start:398:9 end:398:48:
              vpiParent: RefInstance name:i_fpu_cnt_lead0_lvl4_20_0
              vpiLowConn RefObj name:din_31_16_eq_0 start:398:10 end:398:24:
                vpiParent: Port
                vpiName: din_31_16_eq_0
                vpiFullName: work@fpu_cnt_lead0_53b.i_fpu_cnt_lead0_lvl4_20_0.din_31_16_eq_0
              vpiHighConn RefObj name:din_20_5_eq_0 start:398:34 end:398:47:
                vpiParent: Port
                vpiName: din_20_5_eq_0
                vpiFullName: work@fpu_cnt_lead0_53b.i_fpu_cnt_lead0_lvl4_20_0.din_20_5_eq_0
                vpiActual: Net name:din_20_5_eq_0
            Port start:399:9 end:399:49:
              vpiParent: RefInstance name:i_fpu_cnt_lead0_lvl4_20_0
              vpiLowConn RefObj name:din_31_24_eq_0 start:399:10 end:399:24:
                vpiParent: Port
                vpiName: din_31_24_eq_0
                vpiFullName: work@fpu_cnt_lead0_53b.i_fpu_cnt_lead0_lvl4_20_0.din_31_24_eq_0
              vpiHighConn RefObj name:din_20_13_eq_0 start:399:34 end:399:48:
                vpiParent: Port
                vpiName: din_20_13_eq_0
                vpiFullName: work@fpu_cnt_lead0_53b.i_fpu_cnt_lead0_lvl4_20_0.din_20_13_eq_0
                vpiActual: Net name:din_20_13_eq_0
            Port start:400:9 end:400:47:
              vpiParent: RefInstance name:i_fpu_cnt_lead0_lvl4_20_0
              vpiLowConn RefObj name:lead0_16b_2_hi start:400:10 end:400:24:
                vpiParent: Port
                vpiName: lead0_16b_2_hi
                vpiFullName: work@fpu_cnt_lead0_53b.i_fpu_cnt_lead0_lvl4_20_0.lead0_16b_2_hi
              vpiHighConn RefObj name:lead0_20_5_2 start:400:34 end:400:46:
                vpiParent: Port
                vpiName: lead0_20_5_2
                vpiFullName: work@fpu_cnt_lead0_53b.i_fpu_cnt_lead0_lvl4_20_0.lead0_20_5_2
                vpiActual: Net name:lead0_20_5_2
            Port start:401:9 end:401:47:
              vpiParent: RefInstance name:i_fpu_cnt_lead0_lvl4_20_0
              vpiLowConn RefObj name:lead0_16b_1_hi start:401:10 end:401:24:
                vpiParent: Port
                vpiName: lead0_16b_1_hi
                vpiFullName: work@fpu_cnt_lead0_53b.i_fpu_cnt_lead0_lvl4_20_0.lead0_16b_1_hi
              vpiHighConn RefObj name:lead0_20_5_1 start:401:34 end:401:46:
                vpiParent: Port
                vpiName: lead0_20_5_1
                vpiFullName: work@fpu_cnt_lead0_53b.i_fpu_cnt_lead0_lvl4_20_0.lead0_20_5_1
                vpiActual: Net name:lead0_20_5_1
            Port start:402:9 end:402:47:
              vpiParent: RefInstance name:i_fpu_cnt_lead0_lvl4_20_0
              vpiLowConn RefObj name:lead0_16b_0_hi start:402:10 end:402:24:
                vpiParent: Port
                vpiName: lead0_16b_0_hi
                vpiFullName: work@fpu_cnt_lead0_53b.i_fpu_cnt_lead0_lvl4_20_0.lead0_16b_0_hi
              vpiHighConn RefObj name:lead0_20_5_0 start:402:34 end:402:46:
                vpiParent: Port
                vpiName: lead0_20_5_0
                vpiFullName: work@fpu_cnt_lead0_53b.i_fpu_cnt_lead0_lvl4_20_0.lead0_20_5_0
                vpiActual: Net name:lead0_20_5_0
            Port start:403:9 end:403:39:
              vpiParent: RefInstance name:i_fpu_cnt_lead0_lvl4_20_0
              vpiLowConn RefObj name:din_15_0_eq_0 start:403:10 end:403:23:
                vpiParent: Port
                vpiName: din_15_0_eq_0
                vpiFullName: work@fpu_cnt_lead0_53b.i_fpu_cnt_lead0_lvl4_20_0.din_15_0_eq_0
              vpiHighConn Constant start:403:34 end:403:38:
                vpiParent: Port
                vpiTypespec RefTypespec:
                  vpiParent: Constant
                  vpiFullName: work@fpu_cnt_lead0_53b.i_fpu_cnt_lead0_lvl4_20_0
                  vpiActual: BitTypespec
                vpiConstType: binary (3)
                vpiSize: 1
                vpiDecompile: "1'b0"
                vpiValue: 0
            Port start:404:9 end:404:39:
              vpiParent: RefInstance name:i_fpu_cnt_lead0_lvl4_20_0
              vpiLowConn RefObj name:din_15_8_eq_0 start:404:10 end:404:23:
                vpiParent: Port
                vpiName: din_15_8_eq_0
                vpiFullName: work@fpu_cnt_lead0_53b.i_fpu_cnt_lead0_lvl4_20_0.din_15_8_eq_0
              vpiHighConn Constant start:404:34 end:404:38:
                vpiParent: Port
                vpiTypespec RefTypespec:
                  vpiParent: Constant
                  vpiFullName: work@fpu_cnt_lead0_53b.i_fpu_cnt_lead0_lvl4_20_0
                  vpiActual: BitTypespec
                vpiConstType: binary (3)
                vpiSize: 1
                vpiDecompile: "1'b0"
                vpiValue: 0
            Port start:405:9 end:405:46:
              vpiParent: RefInstance name:i_fpu_cnt_lead0_lvl4_20_0
              vpiLowConn RefObj name:lead0_16b_2_lo start:405:10 end:405:24:
                vpiParent: Port
                vpiName: lead0_16b_2_lo
                vpiFullName: work@fpu_cnt_lead0_53b.i_fpu_cnt_lead0_lvl4_20_0.lead0_16b_2_lo
              vpiHighConn RefObj name:lead0_4_0_2 start:405:34 end:405:45:
                vpiParent: Port
                vpiName: lead0_4_0_2
                vpiFullName: work@fpu_cnt_lead0_53b.i_fpu_cnt_lead0_lvl4_20_0.lead0_4_0_2
                vpiActual: Net name:lead0_4_0_2
            Port start:406:9 end:406:46:
              vpiParent: RefInstance name:i_fpu_cnt_lead0_lvl4_20_0
              vpiLowConn RefObj name:lead0_16b_1_lo start:406:10 end:406:24:
                vpiParent: Port
                vpiName: lead0_16b_1_lo
                vpiFullName: work@fpu_cnt_lead0_53b.i_fpu_cnt_lead0_lvl4_20_0.lead0_16b_1_lo
              vpiHighConn RefObj name:lead0_4_0_1 start:406:34 end:406:45:
                vpiParent: Port
                vpiName: lead0_4_0_1
                vpiFullName: work@fpu_cnt_lead0_53b.i_fpu_cnt_lead0_lvl4_20_0.lead0_4_0_1
                vpiActual: Net name:lead0_4_0_1
            Port start:407:9 end:407:46:
              vpiParent: RefInstance name:i_fpu_cnt_lead0_lvl4_20_0
              vpiLowConn RefObj name:lead0_16b_0_lo start:407:10 end:407:24:
                vpiParent: Port
                vpiName: lead0_16b_0_lo
                vpiFullName: work@fpu_cnt_lead0_53b.i_fpu_cnt_lead0_lvl4_20_0.lead0_16b_0_lo
              vpiHighConn RefObj name:lead0_4_0_0 start:407:34 end:407:45:
                vpiParent: Port
                vpiName: lead0_4_0_0
                vpiFullName: work@fpu_cnt_lead0_53b.i_fpu_cnt_lead0_lvl4_20_0.lead0_4_0_0
                vpiActual: Net name:lead0_4_0_0
            Port start:409:9 end:409:47:
              vpiParent: RefInstance name:i_fpu_cnt_lead0_lvl4_20_0
              vpiLowConn RefObj name:din_31_0_eq_0 start:409:10 end:409:23:
                vpiParent: Port
                vpiName: din_31_0_eq_0
                vpiFullName: work@fpu_cnt_lead0_53b.i_fpu_cnt_lead0_lvl4_20_0.din_31_0_eq_0
            Port start:410:9 end:410:47:
              vpiParent: RefInstance name:i_fpu_cnt_lead0_lvl4_20_0
              vpiLowConn RefObj name:lead0_32b_3 start:410:10 end:410:21:
                vpiParent: Port
                vpiName: lead0_32b_3
                vpiFullName: work@fpu_cnt_lead0_53b.i_fpu_cnt_lead0_lvl4_20_0.lead0_32b_3
              vpiHighConn RefObj name:lead0_20_0_3 start:410:34 end:410:46:
                vpiParent: Port
                vpiName: lead0_20_0_3
                vpiFullName: work@fpu_cnt_lead0_53b.i_fpu_cnt_lead0_lvl4_20_0.lead0_20_0_3
                vpiActual: Net name:lead0_20_0_3
            Port start:411:9 end:411:47:
              vpiParent: RefInstance name:i_fpu_cnt_lead0_lvl4_20_0
              vpiLowConn RefObj name:lead0_32b_2 start:411:10 end:411:21:
                vpiParent: Port
                vpiName: lead0_32b_2
                vpiFullName: work@fpu_cnt_lead0_53b.i_fpu_cnt_lead0_lvl4_20_0.lead0_32b_2
              vpiHighConn RefObj name:lead0_20_0_2 start:411:34 end:411:46:
                vpiParent: Port
                vpiName: lead0_20_0_2
                vpiFullName: work@fpu_cnt_lead0_53b.i_fpu_cnt_lead0_lvl4_20_0.lead0_20_0_2
                vpiActual: Net name:lead0_20_0_2
            Port start:412:9 end:412:47:
              vpiParent: RefInstance name:i_fpu_cnt_lead0_lvl4_20_0
              vpiLowConn RefObj name:lead0_32b_1 start:412:10 end:412:21:
                vpiParent: Port
                vpiName: lead0_32b_1
                vpiFullName: work@fpu_cnt_lead0_53b.i_fpu_cnt_lead0_lvl4_20_0.lead0_32b_1
              vpiHighConn RefObj name:lead0_20_0_1 start:412:34 end:412:46:
                vpiParent: Port
                vpiName: lead0_20_0_1
                vpiFullName: work@fpu_cnt_lead0_53b.i_fpu_cnt_lead0_lvl4_20_0.lead0_20_0_1
                vpiActual: Net name:lead0_20_0_1
            Port start:413:9 end:413:47:
              vpiParent: RefInstance name:i_fpu_cnt_lead0_lvl4_20_0
              vpiLowConn RefObj name:lead0_32b_0 start:413:10 end:413:21:
                vpiParent: Port
                vpiName: lead0_32b_0
                vpiFullName: work@fpu_cnt_lead0_53b.i_fpu_cnt_lead0_lvl4_20_0.lead0_32b_0
              vpiHighConn RefObj name:lead0_20_0_0 start:413:34 end:413:46:
                vpiParent: Port
                vpiName: lead0_20_0_0
                vpiFullName: work@fpu_cnt_lead0_53b.i_fpu_cnt_lead0_lvl4_20_0.lead0_20_0_0
                vpiActual: Net name:lead0_20_0_0
  vpiTypespec (2 items):
    ModuleTypespec name:work@fpu_cnt_lead0_53b:
      vpiParent: Design name:unnamed
      vpiName Identifier name:work@fpu_cnt_lead0_53b start:27:8 end:27:25:
        vpiParent: ModuleTypespec name:work@fpu_cnt_lead0_53b
        vpiName: work@fpu_cnt_lead0_53b
      vpiModule: Module name:work@fpu_cnt_lead0_53b
    IntTypespec:
      vpiParent: Design name:unnamed
      vpiSigned: true
===================

[  FATAL] : 0
[ SYNTAX] : 0
[  ERROR] : 159
[WARNING] : 0
[   NOTE] : 0

#**#**#**#**#**#**#**#**#**#**#**#**#**#**#**#**#**#**#**#**#**#**#**#**#**#**#**#**#**#**#**#**#**#**#**#**#**#**#**#**

Environment:
    test-name: UtdSV/fpu_cnt_lead0_53b.v
 test-dirpath: ${SURELOG_DIR}/regression/UtdSV/fpu_cnt_lead0_53b.v
 slpp_dirpath: ${SURELOG_DIR}/regression/UtdSV/fpu_cnt_lead0_53b.v/slpp_all
uhdm-filepath: ${SURELOG_DIR}/regression/UtdSV/fpu_cnt_lead0_53b.v/slpp_all/surelog.uhdm


{'result': {'coverage': 99.95,
            'error_count': 0,
            'file_count': 1,
            'files': {PosixPath('${SURELOG_DIR}/regression/UtdSV/fpu_cnt_lead0_53b.v/slpp_all/lib/work/fpu_cnt_lead0_53b.v'): {'post_len': 5,
                                                                                                                                                    'pre_len': 10207}},
            'post_len': 5,
            'pre_len': 10207,
            'test_name': 'UtdSV/fpu_cnt_lead0_53b.v'}}

+---------------------------------------+----------+-----------+
| INPUT                                 |   PRELEN |   POSTLEN |
+=======================================+==========+===========+
| slpp_all/lib/work/fpu_cnt_lead0_53b.v |    10207 |         5 |
+=======================================+==========+===========+
|                                       |    10207 |         5 |
+---------------------------------------+----------+-----------+

[   ERROR] : 0
[COVERAGE] : 99.95


#**#**#**#**#**#**#**#**#**#**#**#**#**#**#**#**#**#**#**#**#**#**#**#**#**#**#**#**#**#**#**#**#**#**#**#**#**#**#**#**

COMMAND: ${SURELOG_DIR}/regression/UtdSV/fpu_cnt_lead0_53b.v/slpp_all/surelog.uhdm ${SURELOG_DIR}/regression/UtdSV/fpu_cnt_lead0_53b.v/slpp_all/reduced.uhdm

==================== BEGIN REDUCTION RESULT ====================
Name                            Before   After   Added   Removed
----------------------------------------------------------------
----------------------------------------------------------------
Others                             998     998       0         0
----------------------------------------------------------------
                                   998     998       0         0
===================== END REDUCTION RESULT =====================
