********************************************************************************
*                   Begin HLC SystemVerilog Compiler/Linter                    *
********************************************************************************
Copyright (c) 2020 Apotell,
http://www.apache.org/licenses/LICENSE-2.0
VERSION: 1.84
COMMAND: -wd ../../../tests/FSMFunction -fileunit -writepp -d ast -d db top.sv -nocache -mt 0 -mp 0 -d dbstats -d cache -d db -nostdout -o ${HLC_DIR}/regression/FSMFunction/FSMFunction
[INF:CM0023] Creating log file "$Output/hlc.log".
[INF:CM0020] Separate compilation-unit mode is on.
[INF:PP0122] Preprocessing source file "$Source00/builtin.sv".
[INF:PP0122] Preprocessing source file "$Source01/top.sv".
[INF:PA0201] Parsing source file "$Source00/builtin.sv".
AST_DEBUG_BEGIN
Count: 257
LIB: work
FILE: f<17>:$Source00/builtin.sv
n<$Source00/builtin.sv> u<256> t<Top_level_rule> c<1> l<1:1> el<70:1>
  n<> u<1> t<Null_rule> p<256> s<255> l<1:1>
  n<> u<255> t<Source_text> p<256> c<106> l<1:1> el<69:9>
    n<> u<106> t<Description> p<255> c<105> s<181> l<1:1> el<27:9>
      n<> u<105> t<Package_item> p<106> c<104> l<1:1> el<27:9>
        n<> u<104> t<Package_or_generate_item_declaration> p<105> c<103> l<1:1> el<27:9>
          n<> u<103> t<Class_declaration> p<104> c<101> l<1:1> el<27:9>
            n<> u<101> t<CLASS> p<103> s<2> l<1:1> el<1:6>
            n<mailbox> u<2> t<SIMPLE_IDENTIFIER> p<103> s<16> l<1:7> el<1:14>
            n<> u<16> t<Class_item> p<103> c<15> s<27> l<3:3> el<4:14>
              n<> u<15> t<Class_method> p<16> c<14> l<3:3> el<4:14>
                n<> u<14> t<Class_constructor_declaration> p<15> c<12> l<3:3> el<4:14>
                  n<> u<12> t<Tf_port_item_list> p<14> c<11> s<13> l<3:16> el<3:31>
                    n<> u<11> t<Tf_port_item> p<12> c<5> l<3:17> el<3:30>
                      n<> u<5> t<Data_type_or_implicit> p<11> c<4> s<6> l<3:17> el<3:20>
                        n<> u<4> t<Data_type> p<5> c<3> l<3:17> el<3:20>
                          n<> u<3> t<INT> p<4> l<3:17> el<3:20>
                      n<bound> u<6> t<SIMPLE_IDENTIFIER> p<11> s<10> l<3:21> el<3:26>
                      n<> u<10> t<Expression> p<11> c<9> l<3:29> el<3:30>
                        n<> u<9> t<Primary> p<10> c<8> l<3:29> el<3:30>
                          n<> u<8> t<Primary_literal> p<9> c<7> l<3:29> el<3:30>
                            n<0> u<7> t<INTEGRAL_NUMBER> p<8> l<3:29> el<3:30>
                  n<> u<13> t<ENDFUNCTION> p<14> l<4:3> el<4:14>
            n<> u<27> t<Class_item> p<103> c<26> s<37> l<6:3> el<7:14>
              n<> u<26> t<Class_method> p<27> c<25> l<6:3> el<7:14>
                n<> u<25> t<Function_declaration> p<26> c<24> l<6:3> el<7:14>
                  n<> u<24> t<Function_body_declaration> p<25> c<20> l<6:12> el<7:14>
                    n<> u<20> t<Function_data_type_or_implicit> p<24> c<19> s<21> l<6:12> el<6:15>
                      n<> u<19> t<Function_data_type> p<20> c<18> l<6:12> el<6:15>
                        n<> u<18> t<Data_type> p<19> c<17> l<6:12> el<6:15>
                          n<> u<17> t<INT> p<18> l<6:12> el<6:15>
                    n<num> u<21> t<SIMPLE_IDENTIFIER> p<24> s<22> l<6:16> el<6:19>
                    n<> u<22> t<Tf_port_item_list> p<24> s<23> l<6:19> el<6:21>
                    n<> u<23> t<ENDFUNCTION> p<24> l<7:3> el<7:14>
            n<> u<37> t<Class_item> p<103> c<36> s<48> l<9:3> el<10:10>
              n<> u<36> t<Class_method> p<37> c<35> l<9:3> el<10:10>
                n<> u<35> t<Task_declaration> p<36> c<34> l<9:3> el<10:10>
                  n<> u<34> t<Task_body_declaration> p<35> c<28> l<9:8> el<10:10>
                    n<put> u<28> t<SIMPLE_IDENTIFIER> p<34> s<32> l<9:8> el<9:11>
                    n<> u<32> t<Tf_port_item_list> p<34> c<31> s<33> l<9:12> el<9:21>
                      n<> u<31> t<Tf_port_item> p<32> c<29> l<9:13> el<9:20>
                        n<> u<29> t<Data_type_or_implicit> p<31> s<30> l<9:13> el<9:13>
                        n<message> u<30> t<SIMPLE_IDENTIFIER> p<31> l<9:13> el<9:20>
                    n<> u<33> t<ENDTASK> p<34> l<10:3> el<10:10>
            n<> u<48> t<Class_item> p<103> c<47> s<59> l<12:3> el<13:14>
              n<> u<47> t<Class_method> p<48> c<46> l<12:3> el<13:14>
                n<> u<46> t<Function_declaration> p<47> c<45> l<12:3> el<13:14>
                  n<> u<45> t<Function_body_declaration> p<46> c<38> l<12:12> el<13:14>
                    n<> u<38> t<Function_data_type_or_implicit> p<45> s<39> l<12:12> el<12:12>
                    n<try_put> u<39> t<SIMPLE_IDENTIFIER> p<45> s<43> l<12:12> el<12:19>
                    n<> u<43> t<Tf_port_item_list> p<45> c<42> s<44> l<12:20> el<12:29>
                      n<> u<42> t<Tf_port_item> p<43> c<40> l<12:21> el<12:28>
                        n<> u<40> t<Data_type_or_implicit> p<42> s<41> l<12:21> el<12:21>
                        n<message> u<41> t<SIMPLE_IDENTIFIER> p<42> l<12:21> el<12:28>
                    n<> u<44> t<ENDFUNCTION> p<45> l<13:3> el<13:14>
            n<> u<59> t<Class_item> p<103> c<58> s<74> l<15:3> el<16:10>
              n<> u<58> t<Class_method> p<59> c<57> l<15:3> el<16:10>
                n<> u<57> t<Task_declaration> p<58> c<56> l<15:3> el<16:10>
                  n<> u<56> t<Task_body_declaration> p<57> c<49> l<15:8> el<16:10>
                    n<get> u<49> t<SIMPLE_IDENTIFIER> p<56> s<54> l<15:8> el<15:11>
                    n<> u<54> t<Tf_port_item_list> p<56> c<53> s<55> l<15:12> el<15:25>
                      n<> u<53> t<Tf_port_item> p<54> c<50> l<15:13> el<15:24>
                        n<> u<50> t<REF> p<53> s<51> l<15:13> el<15:16>
                        n<> u<51> t<Data_type_or_implicit> p<53> s<52> l<15:17> el<15:17>
                        n<message> u<52> t<SIMPLE_IDENTIFIER> p<53> l<15:17> el<15:24>
                    n<> u<55> t<ENDTASK> p<56> l<16:3> el<16:10>
            n<> u<74> t<Class_item> p<103> c<73> s<85> l<18:3> el<19:14>
              n<> u<73> t<Class_method> p<74> c<72> l<18:3> el<19:14>
                n<> u<72> t<Function_declaration> p<73> c<71> l<18:3> el<19:14>
                  n<> u<71> t<Function_body_declaration> p<72> c<63> l<18:12> el<19:14>
                    n<> u<63> t<Function_data_type_or_implicit> p<71> c<62> s<64> l<18:12> el<18:15>
                      n<> u<62> t<Function_data_type> p<63> c<61> l<18:12> el<18:15>
                        n<> u<61> t<Data_type> p<62> c<60> l<18:12> el<18:15>
                          n<> u<60> t<INT> p<61> l<18:12> el<18:15>
                    n<try_get> u<64> t<SIMPLE_IDENTIFIER> p<71> s<69> l<18:16> el<18:23>
                    n<> u<69> t<Tf_port_item_list> p<71> c<68> s<70> l<18:24> el<18:37>
                      n<> u<68> t<Tf_port_item> p<69> c<65> l<18:25> el<18:36>
                        n<> u<65> t<REF> p<68> s<66> l<18:25> el<18:28>
                        n<> u<66> t<Data_type_or_implicit> p<68> s<67> l<18:29> el<18:29>
                        n<message> u<67> t<SIMPLE_IDENTIFIER> p<68> l<18:29> el<18:36>
                    n<> u<70> t<ENDFUNCTION> p<71> l<19:3> el<19:14>
            n<> u<85> t<Class_item> p<103> c<84> s<100> l<21:3> el<22:10>
              n<> u<84> t<Class_method> p<85> c<83> l<21:3> el<22:10>
                n<> u<83> t<Task_declaration> p<84> c<82> l<21:3> el<22:10>
                  n<> u<82> t<Task_body_declaration> p<83> c<75> l<21:8> el<22:10>
                    n<peek> u<75> t<SIMPLE_IDENTIFIER> p<82> s<80> l<21:8> el<21:12>
                    n<> u<80> t<Tf_port_item_list> p<82> c<79> s<81> l<21:13> el<21:26>
                      n<> u<79> t<Tf_port_item> p<80> c<76> l<21:14> el<21:25>
                        n<> u<76> t<REF> p<79> s<77> l<21:14> el<21:17>
                        n<> u<77> t<Data_type_or_implicit> p<79> s<78> l<21:18> el<21:18>
                        n<message> u<78> t<SIMPLE_IDENTIFIER> p<79> l<21:18> el<21:25>
                    n<> u<81> t<ENDTASK> p<82> l<22:3> el<22:10>
            n<> u<100> t<Class_item> p<103> c<99> s<102> l<24:3> el<25:14>
              n<> u<99> t<Class_method> p<100> c<98> l<24:3> el<25:14>
                n<> u<98> t<Function_declaration> p<99> c<97> l<24:3> el<25:14>
                  n<> u<97> t<Function_body_declaration> p<98> c<89> l<24:12> el<25:14>
                    n<> u<89> t<Function_data_type_or_implicit> p<97> c<88> s<90> l<24:12> el<24:15>
                      n<> u<88> t<Function_data_type> p<89> c<87> l<24:12> el<24:15>
                        n<> u<87> t<Data_type> p<88> c<86> l<24:12> el<24:15>
                          n<> u<86> t<INT> p<87> l<24:12> el<24:15>
                    n<try_peek> u<90> t<SIMPLE_IDENTIFIER> p<97> s<95> l<24:16> el<24:24>
                    n<> u<95> t<Tf_port_item_list> p<97> c<94> s<96> l<24:24> el<24:37>
                      n<> u<94> t<Tf_port_item> p<95> c<91> l<24:25> el<24:36>
                        n<> u<91> t<REF> p<94> s<92> l<24:25> el<24:28>
                        n<> u<92> t<Data_type_or_implicit> p<94> s<93> l<24:29> el<24:29>
                        n<message> u<93> t<SIMPLE_IDENTIFIER> p<94> l<24:29> el<24:36>
                    n<> u<96> t<ENDFUNCTION> p<97> l<25:3> el<25:14>
            n<> u<102> t<ENDCLASS> p<103> l<27:1> el<27:9>
    n<> u<181> t<Description> p<255> c<180> s<254> l<30:1> el<52:9>
      n<> u<180> t<Package_item> p<181> c<179> l<30:1> el<52:9>
        n<> u<179> t<Package_or_generate_item_declaration> p<180> c<178> l<30:1> el<52:9>
          n<> u<178> t<Class_declaration> p<179> c<176> l<30:1> el<52:9>
            n<> u<176> t<CLASS> p<178> s<107> l<30:1> el<30:6>
            n<process> u<107> t<SIMPLE_IDENTIFIER> p<178> s<123> l<30:7> el<30:14>
            n<> u<123> t<Class_item> p<178> c<122> s<136> l<32:3> el<32:72>
              n<> u<122> t<Class_property> p<123> c<121> l<32:3> el<32:72>
                n<> u<121> t<Data_declaration> p<122> c<120> l<32:3> el<32:72>
                  n<> u<120> t<Type_declaration> p<121> c<118> l<32:3> el<32:72>
                    n<> u<118> t<Data_type> p<120> c<109> s<119> l<32:11> el<32:65>
                      n<> u<109> t<Enum_name_declaration> p<118> c<108> s<111> l<32:18> el<32:26>
                        n<FINISHED> u<108> t<SIMPLE_IDENTIFIER> p<109> l<32:18> el<32:26>
                      n<> u<111> t<Enum_name_declaration> p<118> c<110> s<113> l<32:28> el<32:35>
                        n<RUNNING> u<110> t<SIMPLE_IDENTIFIER> p<111> l<32:28> el<32:35>
                      n<> u<113> t<Enum_name_declaration> p<118> c<112> s<115> l<32:37> el<32:44>
                        n<WAITING> u<112> t<SIMPLE_IDENTIFIER> p<113> l<32:37> el<32:44>
                      n<> u<115> t<Enum_name_declaration> p<118> c<114> s<117> l<32:46> el<32:55>
                        n<SUSPENDED> u<114> t<SIMPLE_IDENTIFIER> p<115> l<32:46> el<32:55>
                      n<> u<117> t<Enum_name_declaration> p<118> c<116> l<32:57> el<32:63>
                        n<KILLED> u<116> t<SIMPLE_IDENTIFIER> p<117> l<32:57> el<32:63>
                    n<state> u<119> t<SIMPLE_IDENTIFIER> p<120> l<32:66> el<32:71>
            n<> u<136> t<Class_item> p<178> c<135> s<147> l<34:3> el<35:14>
              n<> u<135> t<Class_method> p<136> c<125> l<34:3> el<35:14>
                n<> u<125> t<Class_item_qualifier> p<135> c<124> s<134> l<34:3> el<34:9>
                  n<> u<124> t<STATIC> p<125> l<34:3> el<34:9>
                n<> u<134> t<Function_declaration> p<135> c<133> l<34:10> el<35:14>
                  n<> u<133> t<Function_body_declaration> p<134> c<129> l<34:19> el<35:14>
                    n<> u<129> t<Function_data_type_or_implicit> p<133> c<128> s<130> l<34:19> el<34:26>
                      n<> u<128> t<Function_data_type> p<129> c<127> l<34:19> el<34:26>
                        n<process> u<127> t<Data_type> p<128> c<126> l<34:19> el<34:26>
                          n<process> u<126> t<SIMPLE_IDENTIFIER> p<127> l<34:19> el<34:26>
                    n<self> u<130> t<SIMPLE_IDENTIFIER> p<133> s<131> l<34:27> el<34:31>
                    n<> u<131> t<Tf_port_item_list> p<133> s<132> l<34:31> el<34:33>
                    n<> u<132> t<ENDFUNCTION> p<133> l<35:3> el<35:14>
            n<> u<147> t<Class_item> p<178> c<146> s<154> l<37:3> el<38:14>
              n<> u<146> t<Class_method> p<147> c<145> l<37:3> el<38:14>
                n<> u<145> t<Function_declaration> p<146> c<144> l<37:3> el<38:14>
                  n<> u<144> t<Function_body_declaration> p<145> c<140> l<37:12> el<38:14>
                    n<> u<140> t<Function_data_type_or_implicit> p<144> c<139> s<141> l<37:12> el<37:17>
                      n<> u<139> t<Function_data_type> p<140> c<138> l<37:12> el<37:17>
                        n<state> u<138> t<Data_type> p<139> c<137> l<37:12> el<37:17>
                          n<state> u<137> t<SIMPLE_IDENTIFIER> p<138> l<37:12> el<37:17>
                    n<status> u<141> t<SIMPLE_IDENTIFIER> p<144> s<142> l<37:18> el<37:24>
                    n<> u<142> t<Tf_port_item_list> p<144> s<143> l<37:24> el<37:26>
                    n<> u<143> t<ENDFUNCTION> p<144> l<38:3> el<38:14>
            n<> u<154> t<Class_item> p<178> c<153> s<161> l<40:3> el<41:10>
              n<> u<153> t<Class_method> p<154> c<152> l<40:3> el<41:10>
                n<> u<152> t<Task_declaration> p<153> c<151> l<40:3> el<41:10>
                  n<> u<151> t<Task_body_declaration> p<152> c<148> l<40:8> el<41:10>
                    n<kill> u<148> t<SIMPLE_IDENTIFIER> p<151> s<149> l<40:8> el<40:12>
                    n<> u<149> t<Tf_port_item_list> p<151> s<150> l<40:12> el<40:14>
                    n<> u<150> t<ENDTASK> p<151> l<41:3> el<41:10>
            n<> u<161> t<Class_item> p<178> c<160> s<168> l<43:3> el<44:10>
              n<> u<160> t<Class_method> p<161> c<159> l<43:3> el<44:10>
                n<> u<159> t<Task_declaration> p<160> c<158> l<43:3> el<44:10>
                  n<> u<158> t<Task_body_declaration> p<159> c<155> l<43:8> el<44:10>
                    n<await> u<155> t<SIMPLE_IDENTIFIER> p<158> s<156> l<43:8> el<43:13>
                    n<> u<156> t<Tf_port_item_list> p<158> s<157> l<43:13> el<43:15>
                    n<> u<157> t<ENDTASK> p<158> l<44:3> el<44:10>
            n<> u<168> t<Class_item> p<178> c<167> s<175> l<46:3> el<47:10>
              n<> u<167> t<Class_method> p<168> c<166> l<46:3> el<47:10>
                n<> u<166> t<Task_declaration> p<167> c<165> l<46:3> el<47:10>
                  n<> u<165> t<Task_body_declaration> p<166> c<162> l<46:8> el<47:10>
                    n<suspend> u<162> t<SIMPLE_IDENTIFIER> p<165> s<163> l<46:8> el<46:15>
                    n<> u<163> t<Tf_port_item_list> p<165> s<164> l<46:15> el<46:17>
                    n<> u<164> t<ENDTASK> p<165> l<47:3> el<47:10>
            n<> u<175> t<Class_item> p<178> c<174> s<177> l<49:3> el<50:10>
              n<> u<174> t<Class_method> p<175> c<173> l<49:3> el<50:10>
                n<> u<173> t<Task_declaration> p<174> c<172> l<49:3> el<50:10>
                  n<> u<172> t<Task_body_declaration> p<173> c<169> l<49:8> el<50:10>
                    n<resume> u<169> t<SIMPLE_IDENTIFIER> p<172> s<170> l<49:8> el<49:14>
                    n<> u<170> t<Tf_port_item_list> p<172> s<171> l<49:14> el<49:16>
                    n<> u<171> t<ENDTASK> p<172> l<50:3> el<50:10>
            n<> u<177> t<ENDCLASS> p<178> l<52:1> el<52:9>
    n<> u<254> t<Description> p<255> c<253> l<55:1> el<69:9>
      n<> u<253> t<Package_item> p<254> c<252> l<55:1> el<69:9>
        n<> u<252> t<Package_or_generate_item_declaration> p<253> c<251> l<55:1> el<69:9>
          n<> u<251> t<Class_declaration> p<252> c<249> l<55:1> el<69:9>
            n<> u<249> t<CLASS> p<251> s<182> l<55:1> el<55:6>
            n<semaphore> u<182> t<SIMPLE_IDENTIFIER> p<251> s<196> l<55:7> el<55:16>
            n<> u<196> t<Class_item> p<251> c<195> s<212> l<57:3> el<58:14>
              n<> u<195> t<Class_method> p<196> c<194> l<57:3> el<58:14>
                n<> u<194> t<Class_constructor_declaration> p<195> c<192> l<57:3> el<58:14>
                  n<> u<192> t<Tf_port_item_list> p<194> c<191> s<193> l<57:15> el<57:34>
                    n<> u<191> t<Tf_port_item> p<192> c<185> l<57:16> el<57:32>
                      n<> u<185> t<Data_type_or_implicit> p<191> c<184> s<186> l<57:16> el<57:19>
                        n<> u<184> t<Data_type> p<185> c<183> l<57:16> el<57:19>
                          n<> u<183> t<INT> p<184> l<57:16> el<57:19>
                      n<keyCount> u<186> t<SIMPLE_IDENTIFIER> p<191> s<190> l<57:20> el<57:28>
                      n<> u<190> t<Expression> p<191> c<189> l<57:31> el<57:32>
                        n<> u<189> t<Primary> p<190> c<188> l<57:31> el<57:32>
                          n<> u<188> t<Primary_literal> p<189> c<187> l<57:31> el<57:32>
                            n<0> u<187> t<INTEGRAL_NUMBER> p<188> l<57:31> el<57:32>
                  n<> u<193> t<ENDFUNCTION> p<194> l<58:3> el<58:14>
            n<> u<212> t<Class_item> p<251> c<211> s<228> l<60:3> el<61:10>
              n<> u<211> t<Class_method> p<212> c<210> l<60:3> el<61:10>
                n<> u<210> t<Task_declaration> p<211> c<209> l<60:3> el<61:10>
                  n<> u<209> t<Task_body_declaration> p<210> c<197> l<60:8> el<61:10>
                    n<put> u<197> t<SIMPLE_IDENTIFIER> p<209> s<207> l<60:8> el<60:11>
                    n<> u<207> t<Tf_port_item_list> p<209> c<206> s<208> l<60:11> el<60:29>
                      n<> u<206> t<Tf_port_item> p<207> c<200> l<60:12> el<60:28>
                        n<> u<200> t<Data_type_or_implicit> p<206> c<199> s<201> l<60:12> el<60:15>
                          n<> u<199> t<Data_type> p<200> c<198> l<60:12> el<60:15>
                            n<> u<198> t<INT> p<199> l<60:12> el<60:15>
                        n<keyCount> u<201> t<SIMPLE_IDENTIFIER> p<206> s<205> l<60:16> el<60:24>
                        n<> u<205> t<Expression> p<206> c<204> l<60:27> el<60:28>
                          n<> u<204> t<Primary> p<205> c<203> l<60:27> el<60:28>
                            n<> u<203> t<Primary_literal> p<204> c<202> l<60:27> el<60:28>
                              n<1> u<202> t<INTEGRAL_NUMBER> p<203> l<60:27> el<60:28>
                    n<> u<208> t<ENDTASK> p<209> l<61:3> el<61:10>
            n<> u<228> t<Class_item> p<251> c<227> s<248> l<63:3> el<64:10>
              n<> u<227> t<Class_method> p<228> c<226> l<63:3> el<64:10>
                n<> u<226> t<Task_declaration> p<227> c<225> l<63:3> el<64:10>
                  n<> u<225> t<Task_body_declaration> p<226> c<213> l<63:8> el<64:10>
                    n<get> u<213> t<SIMPLE_IDENTIFIER> p<225> s<223> l<63:8> el<63:11>
                    n<> u<223> t<Tf_port_item_list> p<225> c<222> s<224> l<63:11> el<63:29>
                      n<> u<222> t<Tf_port_item> p<223> c<216> l<63:12> el<63:28>
                        n<> u<216> t<Data_type_or_implicit> p<222> c<215> s<217> l<63:12> el<63:15>
                          n<> u<215> t<Data_type> p<216> c<214> l<63:12> el<63:15>
                            n<> u<214> t<INT> p<215> l<63:12> el<63:15>
                        n<keyCount> u<217> t<SIMPLE_IDENTIFIER> p<222> s<221> l<63:16> el<63:24>
                        n<> u<221> t<Expression> p<222> c<220> l<63:27> el<63:28>
                          n<> u<220> t<Primary> p<221> c<219> l<63:27> el<63:28>
                            n<> u<219> t<Primary_literal> p<220> c<218> l<63:27> el<63:28>
                              n<1> u<218> t<INTEGRAL_NUMBER> p<219> l<63:27> el<63:28>
                    n<> u<224> t<ENDTASK> p<225> l<64:3> el<64:10>
            n<> u<248> t<Class_item> p<251> c<247> s<250> l<66:3> el<67:14>
              n<> u<247> t<Class_method> p<248> c<246> l<66:3> el<67:14>
                n<> u<246> t<Function_declaration> p<247> c<245> l<66:3> el<67:14>
                  n<> u<245> t<Function_body_declaration> p<246> c<232> l<66:12> el<67:14>
                    n<> u<232> t<Function_data_type_or_implicit> p<245> c<231> s<233> l<66:12> el<66:15>
                      n<> u<231> t<Function_data_type> p<232> c<230> l<66:12> el<66:15>
                        n<> u<230> t<Data_type> p<231> c<229> l<66:12> el<66:15>
                          n<> u<229> t<INT> p<230> l<66:12> el<66:15>
                    n<try_get> u<233> t<SIMPLE_IDENTIFIER> p<245> s<243> l<66:16> el<66:23>
                    n<> u<243> t<Tf_port_item_list> p<245> c<242> s<244> l<66:23> el<66:41>
                      n<> u<242> t<Tf_port_item> p<243> c<236> l<66:24> el<66:40>
                        n<> u<236> t<Data_type_or_implicit> p<242> c<235> s<237> l<66:24> el<66:27>
                          n<> u<235> t<Data_type> p<236> c<234> l<66:24> el<66:27>
                            n<> u<234> t<INT> p<235> l<66:24> el<66:27>
                        n<keyCount> u<237> t<SIMPLE_IDENTIFIER> p<242> s<241> l<66:28> el<66:36>
                        n<> u<241> t<Expression> p<242> c<240> l<66:39> el<66:40>
                          n<> u<240> t<Primary> p<241> c<239> l<66:39> el<66:40>
                            n<> u<239> t<Primary_literal> p<240> c<238> l<66:39> el<66:40>
                              n<1> u<238> t<INTEGRAL_NUMBER> p<239> l<66:39> el<66:40>
                    n<> u<244> t<ENDFUNCTION> p<245> l<67:3> el<67:14>
            n<> u<250> t<ENDCLASS> p<251> l<69:1> el<69:9>
AST_DEBUG_END
[INF:PA0201] Parsing source file "$Source01/top.sv".
AST_DEBUG_BEGIN
Count: 898
LIB: work
FILE: f<14>:$Source01/top.sv
n<$Source01/top.sv> u<897> t<Top_level_rule> c<1> l<6:1> el<95:1>
  n<> u<1> t<Null_rule> p<897> s<2> l<6:1> el<6:1>
  n<//-----------------------------------------------------> u<2> t<LINE_COMMENT> p<897> s<3> l<1:1> el<1:56>
  n<// This is FSM demo program using function> u<3> t<LINE_COMMENT> p<897> s<4> l<2:1> el<2:43>
  n<// Design Name : fsm_using_function> u<4> t<LINE_COMMENT> p<897> s<5> l<3:1> el<3:36>
  n<// File Name   : fsm_using_function.v> u<5> t<LINE_COMMENT> p<897> s<6> l<4:1> el<4:38>
  n<//-----------------------------------------------------> u<6> t<LINE_COMMENT> p<897> s<895> l<5:1> el<5:56>
  n<> u<895> t<Source_text> p<897> c<894> s<896> l<6:1> el<94:10>
    n<> u<894> t<Description> p<895> c<893> l<6:1> el<94:10>
      n<> u<893> t<Module_declaration> p<894> c<52> l<6:1> el<94:10>
        n<> u<52> t<Module_nonansi_header> p<893> c<7> s<53> l<6:1> el<13:3>
          n<module> u<7> t<Module_keyword> p<52> s<8> l<6:1> el<6:7>
          n<fsm_using_function> u<8> t<SIMPLE_IDENTIFIER> p<52> s<9> l<6:8> el<6:26>
          n<> u<9> t<Package_import_declaration_list> p<52> s<51> l<6:27> el<6:27>
          n<> u<51> t<Port_list> p<52> c<15> l<6:27> el<13:2>
            n<> u<15> t<Port> p<51> c<14> s<16> l<7:1> el<7:6>
              n<> u<14> t<Port_expression> p<15> c<13> l<7:1> el<7:6>
                n<> u<13> t<Port_reference> p<14> c<10> l<7:1> el<7:6>
                  n<clock> u<10> t<SIMPLE_IDENTIFIER> p<13> s<12> l<7:1> el<7:6>
                  n<> u<12> t<Constant_select> p<13> c<11> l<7:12> el<7:12>
                    n<> u<11> t<Constant_bit_select> p<12> l<7:12> el<7:12>
            n<// clock> u<16> t<LINE_COMMENT> p<51> s<22> l<7:14> el<7:22>
            n<> u<22> t<Port> p<51> c<21> s<23> l<8:1> el<8:6>
              n<> u<21> t<Port_expression> p<22> c<20> l<8:1> el<8:6>
                n<> u<20> t<Port_reference> p<21> c<17> l<8:1> el<8:6>
                  n<reset> u<17> t<SIMPLE_IDENTIFIER> p<20> s<19> l<8:1> el<8:6>
                  n<> u<19> t<Constant_select> p<20> c<18> l<8:12> el<8:12>
                    n<> u<18> t<Constant_bit_select> p<19> l<8:12> el<8:12>
            n<// Active high, syn reset> u<23> t<LINE_COMMENT> p<51> s<29> l<8:14> el<8:39>
            n<> u<29> t<Port> p<51> c<28> s<30> l<9:1> el<9:6>
              n<> u<28> t<Port_expression> p<29> c<27> l<9:1> el<9:6>
                n<> u<27> t<Port_reference> p<28> c<24> l<9:1> el<9:6>
                  n<req_0> u<24> t<SIMPLE_IDENTIFIER> p<27> s<26> l<9:1> el<9:6>
                  n<> u<26> t<Constant_select> p<27> c<25> l<9:12> el<9:12>
                    n<> u<25> t<Constant_bit_select> p<26> l<9:12> el<9:12>
            n<// Request 0> u<30> t<LINE_COMMENT> p<51> s<36> l<9:14> el<9:26>
            n<> u<36> t<Port> p<51> c<35> s<37> l<10:1> el<10:6>
              n<> u<35> t<Port_expression> p<36> c<34> l<10:1> el<10:6>
                n<> u<34> t<Port_reference> p<35> c<31> l<10:1> el<10:6>
                  n<req_1> u<31> t<SIMPLE_IDENTIFIER> p<34> s<33> l<10:1> el<10:6>
                  n<> u<33> t<Constant_select> p<34> c<32> l<10:12> el<10:12>
                    n<> u<32> t<Constant_bit_select> p<33> l<10:12> el<10:12>
            n<// Request 1> u<37> t<LINE_COMMENT> p<51> s<43> l<10:14> el<10:26>
            n<> u<43> t<Port> p<51> c<42> s<44> l<11:1> el<11:6>
              n<> u<42> t<Port_expression> p<43> c<41> l<11:1> el<11:6>
                n<> u<41> t<Port_reference> p<42> c<38> l<11:1> el<11:6>
                  n<gnt_0> u<38> t<SIMPLE_IDENTIFIER> p<41> s<40> l<11:1> el<11:6>
                  n<> u<40> t<Constant_select> p<41> c<39> l<11:12> el<11:12>
                    n<> u<39> t<Constant_bit_select> p<40> l<11:12> el<11:12>
            n<// Grant 0> u<44> t<LINE_COMMENT> p<51> s<50> l<11:14> el<11:24>
            n<> u<50> t<Port> p<51> c<49> l<12:1> el<12:6>
              n<> u<49> t<Port_expression> p<50> c<48> l<12:1> el<12:6>
                n<> u<48> t<Port_reference> p<49> c<45> l<12:1> el<12:6>
                  n<gnt_1> u<45> t<SIMPLE_IDENTIFIER> p<48> s<47> l<12:1> el<12:6>
                  n<> u<47> t<Constant_select> p<48> c<46> l<13:1> el<13:1>
                    n<> u<46> t<Constant_bit_select> p<47> l<13:1> el<13:1>
        n<//-------------Input Ports-----------------------------> u<53> t<LINE_COMMENT> p<893> s<63> l<14:1> el<14:56>
        n<> u<63> t<Module_item> p<893> c<62> s<64> l<15:1> el<15:33>
          n<> u<62> t<Port_declaration> p<63> c<61> l<15:1> el<15:32>
            n<> u<61> t<Input_declaration> p<62> c<55> l<15:1> el<15:32>
              n<> u<55> t<Net_port_type> p<61> c<54> s<60> l<15:9> el<15:9>
                n<> u<54> t<Data_type_or_implicit> p<55> l<15:9> el<15:9>
              n<> u<60> t<Port_identifier_list> p<61> c<56> l<15:9> el<15:32>
                n<clock> u<56> t<SIMPLE_IDENTIFIER> p<60> s<57> l<15:9> el<15:14>
                n<reset> u<57> t<SIMPLE_IDENTIFIER> p<60> s<58> l<15:15> el<15:20>
                n<req_0> u<58> t<SIMPLE_IDENTIFIER> p<60> s<59> l<15:21> el<15:26>
                n<req_1> u<59> t<SIMPLE_IDENTIFIER> p<60> l<15:27> el<15:32>
        n<//-------------Output Ports----------------------------> u<64> t<LINE_COMMENT> p<893> s<72> l<16:2> el<16:57>
        n<> u<72> t<Module_item> p<893> c<71> s<73> l<17:1> el<17:21>
          n<> u<71> t<Port_declaration> p<72> c<70> l<17:1> el<17:20>
            n<> u<70> t<Output_declaration> p<71> c<66> l<17:1> el<17:20>
              n<> u<66> t<Net_port_type> p<70> c<65> s<69> l<17:9> el<17:9>
                n<> u<65> t<Data_type_or_implicit> p<66> l<17:9> el<17:9>
              n<> u<69> t<Output_port_identifier_list> p<70> c<67> l<17:9> el<17:20>
                n<gnt_0> u<67> t<SIMPLE_IDENTIFIER> p<69> s<68> l<17:9> el<17:14>
                n<gnt_1> u<68> t<SIMPLE_IDENTIFIER> p<69> l<17:15> el<17:20>
        n<//-------------Input ports Data Type-------------------> u<73> t<LINE_COMMENT> p<893> s<91> l<18:1> el<18:56>
        n<> u<91> t<Module_item> p<893> c<90> s<92> l<19:1> el<19:33>
          n<> u<90> t<Non_port_module_item> p<91> c<89> l<19:1> el<19:33>
            n<> u<89> t<Module_or_generate_item> p<90> c<88> l<19:1> el<19:33>
              n<> u<88> t<Module_common_item> p<89> c<87> l<19:1> el<19:33>
                n<> u<87> t<Module_or_generate_item_declaration> p<88> c<86> l<19:1> el<19:33>
                  n<> u<86> t<Package_or_generate_item_declaration> p<87> c<85> l<19:1> el<19:33>
                    n<> u<85> t<Net_declaration> p<86> c<74> l<19:1> el<19:33>
                      n<> u<74> t<WIRE> p<85> s<75> l<19:1> el<19:5>
                      n<> u<75> t<Data_type_or_implicit> p<85> s<84> l<19:9> el<19:9>
                      n<> u<84> t<Net_decl_assignment_list> p<85> c<77> l<19:9> el<19:32>
                        n<> u<77> t<Net_decl_assignment> p<84> c<76> s<79> l<19:9> el<19:14>
                          n<clock> u<76> t<SIMPLE_IDENTIFIER> p<77> l<19:9> el<19:14>
                        n<> u<79> t<Net_decl_assignment> p<84> c<78> s<81> l<19:15> el<19:20>
                          n<reset> u<78> t<SIMPLE_IDENTIFIER> p<79> l<19:15> el<19:20>
                        n<> u<81> t<Net_decl_assignment> p<84> c<80> s<83> l<19:21> el<19:26>
                          n<req_0> u<80> t<SIMPLE_IDENTIFIER> p<81> l<19:21> el<19:26>
                        n<> u<83> t<Net_decl_assignment> p<84> c<82> l<19:27> el<19:32>
                          n<req_1> u<82> t<SIMPLE_IDENTIFIER> p<83> l<19:27> el<19:32>
        n<//-------------Output Ports Data Type------------------> u<92> t<LINE_COMMENT> p<893> s<107> l<20:1> el<20:56>
        n<> u<107> t<Module_item> p<893> c<106> s<108> l<21:1> el<21:21>
          n<> u<106> t<Non_port_module_item> p<107> c<105> l<21:1> el<21:21>
            n<> u<105> t<Module_or_generate_item> p<106> c<104> l<21:1> el<21:21>
              n<> u<104> t<Module_common_item> p<105> c<103> l<21:1> el<21:21>
                n<> u<103> t<Module_or_generate_item_declaration> p<104> c<102> l<21:1> el<21:21>
                  n<> u<102> t<Package_or_generate_item_declaration> p<103> c<101> l<21:1> el<21:21>
                    n<> u<101> t<Data_declaration> p<102> c<100> l<21:1> el<21:21>
                      n<> u<100> t<Variable_declaration> p<101> c<94> l<21:1> el<21:21>
                        n<> u<94> t<Data_type> p<100> c<93> s<99> l<21:1> el<21:4>
                          n<> u<93> t<REG> p<94> l<21:1> el<21:4>
                        n<> u<99> t<Variable_decl_assignment_list> p<100> c<96> l<21:9> el<21:20>
                          n<> u<96> t<Variable_decl_assignment> p<99> c<95> s<98> l<21:9> el<21:14>
                            n<gnt_0> u<95> t<SIMPLE_IDENTIFIER> p<96> l<21:9> el<21:14>
                          n<> u<98> t<Variable_decl_assignment> p<99> c<97> l<21:15> el<21:20>
                            n<gnt_1> u<97> t<SIMPLE_IDENTIFIER> p<98> l<21:15> el<21:20>
        n<//-------------Internal Constants--------------------------> u<108> t<LINE_COMMENT> p<893> s<125> l<22:1> el<22:60>
        n<> u<125> t<Module_item> p<893> c<124> s<158> l<23:1> el<23:31>
          n<> u<124> t<Non_port_module_item> p<125> c<123> l<23:1> el<23:31>
            n<> u<123> t<Module_or_generate_item> p<124> c<122> l<23:1> el<23:31>
              n<> u<122> t<Module_common_item> p<123> c<121> l<23:1> el<23:31>
                n<> u<121> t<Module_or_generate_item_declaration> p<122> c<120> l<23:1> el<23:31>
                  n<> u<120> t<Package_or_generate_item_declaration> p<121> c<119> l<23:1> el<23:31>
                    n<> u<119> t<Parameter_declaration> p<120> c<109> l<23:1> el<23:19>
                      n<> u<109> t<Data_type_or_implicit> p<119> s<118> l<23:11> el<23:11>
                      n<> u<118> t<Param_assignment_list> p<119> c<117> l<23:11> el<23:19>
                        n<> u<117> t<Param_assignment> p<118> c<110> l<23:11> el<23:19>
                          n<SIZE> u<110> t<SIMPLE_IDENTIFIER> p<117> s<116> l<23:11> el<23:15>
                          n<> u<116> t<Constant_param_expression> p<117> c<115> l<23:18> el<23:19>
                            n<> u<115> t<Constant_mintypmax_expression> p<116> c<114> l<23:18> el<23:19>
                              n<> u<114> t<Constant_expression> p<115> c<113> l<23:18> el<23:19>
                                n<> u<113> t<Constant_primary> p<114> c<112> l<23:18> el<23:19>
                                  n<> u<112> t<Primary_literal> p<113> c<111> l<23:18> el<23:19>
                                    n<3> u<111> t<INTEGRAL_NUMBER> p<112> l<23:18> el<23:19>
        n<> u<158> t<Module_item> p<893> c<157> s<159> l<24:1> el<24:55>
          n<> u<157> t<Non_port_module_item> p<158> c<156> l<24:1> el<24:55>
            n<> u<156> t<Module_or_generate_item> p<157> c<155> l<24:1> el<24:55>
              n<> u<155> t<Module_common_item> p<156> c<154> l<24:1> el<24:55>
                n<> u<154> t<Module_or_generate_item_declaration> p<155> c<153> l<24:1> el<24:55>
                  n<> u<153> t<Package_or_generate_item_declaration> p<154> c<152> l<24:1> el<24:55>
                    n<> u<152> t<Parameter_declaration> p<153> c<126> l<24:1> el<24:53>
                      n<> u<126> t<Data_type_or_implicit> p<152> s<151> l<24:11> el<24:11>
                      n<> u<151> t<Param_assignment_list> p<152> c<134> l<24:11> el<24:53>
                        n<> u<134> t<Param_assignment> p<151> c<127> s<142> l<24:11> el<24:25>
                          n<IDLE> u<127> t<SIMPLE_IDENTIFIER> p<134> s<133> l<24:11> el<24:15>
                          n<> u<133> t<Constant_param_expression> p<134> c<132> l<24:19> el<24:25>
                            n<> u<132> t<Constant_mintypmax_expression> p<133> c<131> l<24:19> el<24:25>
                              n<> u<131> t<Constant_expression> p<132> c<130> l<24:19> el<24:25>
                                n<> u<130> t<Constant_primary> p<131> c<129> l<24:19> el<24:25>
                                  n<> u<129> t<Primary_literal> p<130> c<128> l<24:19> el<24:25>
                                    n<3'b001> u<128> t<INTEGRAL_NUMBER> p<129> l<24:19> el<24:25>
                        n<> u<142> t<Param_assignment> p<151> c<135> s<150> l<24:26> el<24:39>
                          n<GNT0> u<135> t<SIMPLE_IDENTIFIER> p<142> s<141> l<24:26> el<24:30>
                          n<> u<141> t<Constant_param_expression> p<142> c<140> l<24:33> el<24:39>
                            n<> u<140> t<Constant_mintypmax_expression> p<141> c<139> l<24:33> el<24:39>
                              n<> u<139> t<Constant_expression> p<140> c<138> l<24:33> el<24:39>
                                n<> u<138> t<Constant_primary> p<139> c<137> l<24:33> el<24:39>
                                  n<> u<137> t<Primary_literal> p<138> c<136> l<24:33> el<24:39>
                                    n<3'b010> u<136> t<INTEGRAL_NUMBER> p<137> l<24:33> el<24:39>
                        n<> u<150> t<Param_assignment> p<151> c<143> l<24:40> el<24:53>
                          n<GNT1> u<143> t<SIMPLE_IDENTIFIER> p<150> s<149> l<24:40> el<24:44>
                          n<> u<149> t<Constant_param_expression> p<150> c<148> l<24:47> el<24:53>
                            n<> u<148> t<Constant_mintypmax_expression> p<149> c<147> l<24:47> el<24:53>
                              n<> u<147> t<Constant_expression> p<148> c<146> l<24:47> el<24:53>
                                n<> u<146> t<Constant_primary> p<147> c<145> l<24:47> el<24:53>
                                  n<> u<145> t<Primary_literal> p<146> c<144> l<24:47> el<24:53>
                                    n<3'b100> u<144> t<INTEGRAL_NUMBER> p<145> l<24:47> el<24:53>
        n<//-------------Internal Variables---------------------------> u<159> t<LINE_COMMENT> p<893> s<188> l<25:1> el<25:61>
        n<> u<188> t<Module_item> p<893> c<187> s<189> l<26:1> el<26:41>
          n<> u<187> t<Non_port_module_item> p<188> c<186> l<26:1> el<26:41>
            n<> u<186> t<Module_or_generate_item> p<187> c<185> l<26:1> el<26:41>
              n<> u<185> t<Module_common_item> p<186> c<184> l<26:1> el<26:41>
                n<> u<184> t<Module_or_generate_item_declaration> p<185> c<183> l<26:1> el<26:41>
                  n<> u<183> t<Package_or_generate_item_declaration> p<184> c<182> l<26:1> el<26:41>
                    n<> u<182> t<Data_declaration> p<183> c<181> l<26:1> el<26:41>
                      n<> u<181> t<Variable_declaration> p<182> c<177> l<26:1> el<26:41>
                        n<> u<177> t<Data_type> p<181> c<160> s<180> l<26:1> el<26:17>
                          n<> u<160> t<REG> p<177> s<176> l<26:1> el<26:4>
                          n<> u<176> t<Packed_dimension> p<177> c<175> l<26:7> el<26:17>
                            n<> u<175> t<Constant_range> p<176> c<170> l<26:8> el<26:16>
                              n<> u<170> t<Constant_expression> p<175> c<164> s<174> l<26:8> el<26:14>
                                n<> u<164> t<Constant_expression> p<170> c<163> s<169> l<26:8> el<26:12>
                                  n<> u<163> t<Constant_primary> p<164> c<162> l<26:8> el<26:12>
                                    n<> u<162> t<Primary_literal> p<163> c<161> l<26:8> el<26:12>
                                      n<SIZE> u<161> t<SIMPLE_IDENTIFIER> p<162> l<26:8> el<26:12>
                                n<> u<169> t<BinaryOp_Minus> p<170> s<168> l<26:12> el<26:13>
                                n<> u<168> t<Constant_expression> p<170> c<167> l<26:13> el<26:14>
                                  n<> u<167> t<Constant_primary> p<168> c<166> l<26:13> el<26:14>
                                    n<> u<166> t<Primary_literal> p<167> c<165> l<26:13> el<26:14>
                                      n<1> u<165> t<INTEGRAL_NUMBER> p<166> l<26:13> el<26:14>
                              n<> u<174> t<Constant_expression> p<175> c<173> l<26:15> el<26:16>
                                n<> u<173> t<Constant_primary> p<174> c<172> l<26:15> el<26:16>
                                  n<> u<172> t<Primary_literal> p<173> c<171> l<26:15> el<26:16>
                                    n<0> u<171> t<INTEGRAL_NUMBER> p<172> l<26:15> el<26:16>
                        n<> u<180> t<Variable_decl_assignment_list> p<181> c<179> l<26:27> el<26:32>
                          n<> u<179> t<Variable_decl_assignment> p<180> c<178> l<26:27> el<26:32>
                            n<state> u<178> t<SIMPLE_IDENTIFIER> p<179> l<26:27> el<26:32>
        n<// Seq part of the FSM> u<189> t<LINE_COMMENT> p<893> s<217> l<26:41> el<26:63>
        n<> u<217> t<Module_item> p<893> c<216> s<218> l<27:1> el<27:41>
          n<> u<216> t<Non_port_module_item> p<217> c<215> l<27:1> el<27:41>
            n<> u<215> t<Module_or_generate_item> p<216> c<214> l<27:1> el<27:41>
              n<> u<214> t<Module_common_item> p<215> c<213> l<27:1> el<27:41>
                n<> u<213> t<Module_or_generate_item_declaration> p<214> c<212> l<27:1> el<27:41>
                  n<> u<212> t<Package_or_generate_item_declaration> p<213> c<211> l<27:1> el<27:41>
                    n<> u<211> t<Net_declaration> p<212> c<190> l<27:1> el<27:41>
                      n<> u<190> t<WIRE> p<211> s<207> l<27:1> el<27:5>
                      n<> u<207> t<Data_type_or_implicit> p<211> c<206> s<210> l<27:7> el<27:17>
                        n<> u<206> t<Packed_dimension> p<207> c<205> l<27:7> el<27:17>
                          n<> u<205> t<Constant_range> p<206> c<200> l<27:8> el<27:16>
                            n<> u<200> t<Constant_expression> p<205> c<194> s<204> l<27:8> el<27:14>
                              n<> u<194> t<Constant_expression> p<200> c<193> s<199> l<27:8> el<27:12>
                                n<> u<193> t<Constant_primary> p<194> c<192> l<27:8> el<27:12>
                                  n<> u<192> t<Primary_literal> p<193> c<191> l<27:8> el<27:12>
                                    n<SIZE> u<191> t<SIMPLE_IDENTIFIER> p<192> l<27:8> el<27:12>
                              n<> u<199> t<BinaryOp_Minus> p<200> s<198> l<27:12> el<27:13>
                              n<> u<198> t<Constant_expression> p<200> c<197> l<27:13> el<27:14>
                                n<> u<197> t<Constant_primary> p<198> c<196> l<27:13> el<27:14>
                                  n<> u<196> t<Primary_literal> p<197> c<195> l<27:13> el<27:14>
                                    n<1> u<195> t<INTEGRAL_NUMBER> p<196> l<27:13> el<27:14>
                            n<> u<204> t<Constant_expression> p<205> c<203> l<27:15> el<27:16>
                              n<> u<203> t<Constant_primary> p<204> c<202> l<27:15> el<27:16>
                                n<> u<202> t<Primary_literal> p<203> c<201> l<27:15> el<27:16>
                                  n<0> u<201> t<INTEGRAL_NUMBER> p<202> l<27:15> el<27:16>
                      n<> u<210> t<Net_decl_assignment_list> p<211> c<209> l<27:27> el<27:37>
                        n<> u<209> t<Net_decl_assignment> p<210> c<208> l<27:27> el<27:37>
                          n<next_state> u<208> t<SIMPLE_IDENTIFIER> p<209> l<27:27> el<27:37>
        n<// combo part of FSM> u<218> t<LINE_COMMENT> p<893> s<219> l<27:41> el<27:61>
        n<//----------Code startes Here------------------------> u<219> t<LINE_COMMENT> p<893> s<250> l<28:1> el<28:54>
        n<> u<250> t<Module_item> p<893> c<249> s<251> l<29:1> el<29:55>
          n<> u<249> t<Non_port_module_item> p<250> c<248> l<29:1> el<29:55>
            n<> u<248> t<Module_or_generate_item> p<249> c<247> l<29:1> el<29:55>
              n<> u<247> t<Module_common_item> p<248> c<246> l<29:1> el<29:55>
                n<> u<246> t<Continuous_assign> p<247> c<245> l<29:1> el<29:55>
                  n<> u<245> t<Net_assignment_list> p<246> c<244> l<29:8> el<29:54>
                    n<> u<244> t<Net_assignment> p<245> c<224> l<29:8> el<29:54>
                      n<> u<224> t<Net_lvalue> p<244> c<221> s<243> l<29:8> el<29:18>
                        n<> u<221> t<Ps_or_hierarchical_identifier> p<224> c<220> s<223> l<29:8> el<29:18>
                          n<next_state> u<220> t<SIMPLE_IDENTIFIER> p<221> l<29:8> el<29:18>
                        n<> u<223> t<Constant_select> p<224> c<222> l<29:19> el<29:19>
                          n<> u<222> t<Constant_bit_select> p<223> l<29:19> el<29:19>
                      n<> u<243> t<Expression> p<244> c<242> l<29:21> el<29:54>
                        n<> u<242> t<Primary> p<243> c<241> l<29:21> el<29:54>
                          n<> u<241> t<Subroutine_call> p<242> c<225> l<29:21> el<29:54>
                            n<fsm_function> u<225> t<SIMPLE_IDENTIFIER> p<241> s<240> l<29:21> el<29:33>
                            n<> u<240> t<Argument_list> p<241> c<229> l<29:34> el<29:53>
                              n<> u<229> t<Expression> p<240> c<228> s<234> l<29:34> el<29:39>
                                n<> u<228> t<Primary> p<229> c<227> l<29:34> el<29:39>
                                  n<> u<227> t<Primary_literal> p<228> c<226> l<29:34> el<29:39>
                                    n<state> u<226> t<SIMPLE_IDENTIFIER> p<227> l<29:34> el<29:39>
                              n<> u<234> t<Argument> p<240> c<233> s<239> l<29:41> el<29:46>
                                n<> u<233> t<Expression> p<234> c<232> l<29:41> el<29:46>
                                  n<> u<232> t<Primary> p<233> c<231> l<29:41> el<29:46>
                                    n<> u<231> t<Primary_literal> p<232> c<230> l<29:41> el<29:46>
                                      n<req_0> u<230> t<SIMPLE_IDENTIFIER> p<231> l<29:41> el<29:46>
                              n<> u<239> t<Argument> p<240> c<238> l<29:48> el<29:53>
                                n<> u<238> t<Expression> p<239> c<237> l<29:48> el<29:53>
                                  n<> u<237> t<Primary> p<238> c<236> l<29:48> el<29:53>
                                    n<> u<236> t<Primary_literal> p<237> c<235> l<29:48> el<29:53>
                                      n<req_1> u<235> t<SIMPLE_IDENTIFIER> p<236> l<29:48> el<29:53>
        n<//----------Function for Combo Logic-----------------> u<251> t<LINE_COMMENT> p<893> s<551> l<30:1> el<30:54>
        n<> u<551> t<Module_item> p<893> c<550> s<552> l<31:1> el<55:12>
          n<> u<550> t<Non_port_module_item> p<551> c<549> l<31:1> el<55:12>
            n<> u<549> t<Module_or_generate_item> p<550> c<548> l<31:1> el<55:12>
              n<> u<548> t<Module_common_item> p<549> c<547> l<31:1> el<55:12>
                n<> u<547> t<Module_or_generate_item_declaration> p<548> c<546> l<31:1> el<55:12>
                  n<> u<546> t<Package_or_generate_item_declaration> p<547> c<545> l<31:1> el<55:12>
                    n<> u<545> t<Function_declaration> p<546> c<544> l<31:1> el<55:12>
                      n<> u<544> t<Function_body_declaration> p<545> c<268> l<31:10> el<55:12>
                        n<> u<268> t<Function_data_type_or_implicit> p<544> c<267> s<269> l<31:10> el<31:20>
                          n<> u<267> t<Packed_dimension> p<268> c<266> l<31:10> el<31:20>
                            n<> u<266> t<Constant_range> p<267> c<261> l<31:11> el<31:19>
                              n<> u<261> t<Constant_expression> p<266> c<255> s<265> l<31:11> el<31:17>
                                n<> u<255> t<Constant_expression> p<261> c<254> s<260> l<31:11> el<31:15>
                                  n<> u<254> t<Constant_primary> p<255> c<253> l<31:11> el<31:15>
                                    n<> u<253> t<Primary_literal> p<254> c<252> l<31:11> el<31:15>
                                      n<SIZE> u<252> t<SIMPLE_IDENTIFIER> p<253> l<31:11> el<31:15>
                                n<> u<260> t<BinaryOp_Minus> p<261> s<259> l<31:15> el<31:16>
                                n<> u<259> t<Constant_expression> p<261> c<258> l<31:16> el<31:17>
                                  n<> u<258> t<Constant_primary> p<259> c<257> l<31:16> el<31:17>
                                    n<> u<257> t<Primary_literal> p<258> c<256> l<31:16> el<31:17>
                                      n<1> u<256> t<INTEGRAL_NUMBER> p<257> l<31:16> el<31:17>
                              n<> u<265> t<Constant_expression> p<266> c<264> l<31:18> el<31:19>
                                n<> u<264> t<Constant_primary> p<265> c<263> l<31:18> el<31:19>
                                  n<> u<263> t<Primary_literal> p<264> c<262> l<31:18> el<31:19>
                                    n<0> u<262> t<INTEGRAL_NUMBER> p<263> l<31:18> el<31:19>
                        n<fsm_function> u<269> t<SIMPLE_IDENTIFIER> p<544> s<304> l<31:21> el<31:33>
                        n<> u<304> t<Tf_item_declaration_list> p<544> c<291> s<542> l<32:3> el<34:19>
                          n<> u<291> t<Tf_item_declaration> p<304> c<290> s<297> l<32:3> el<32:29>
                            n<> u<290> t<Tf_port_declaration> p<291> c<270> l<32:3> el<32:29>
                              n<> u<270> t<INPUT> p<290> s<287> l<32:3> el<32:8>
                              n<> u<287> t<Data_type_or_implicit> p<290> c<286> s<289> l<32:10> el<32:20>
                                n<> u<286> t<Packed_dimension> p<287> c<285> l<32:10> el<32:20>
                                  n<> u<285> t<Constant_range> p<286> c<280> l<32:11> el<32:19>
                                    n<> u<280> t<Constant_expression> p<285> c<274> s<284> l<32:11> el<32:17>
                                      n<> u<274> t<Constant_expression> p<280> c<273> s<279> l<32:11> el<32:15>
                                        n<> u<273> t<Constant_primary> p<274> c<272> l<32:11> el<32:15>
                                          n<> u<272> t<Primary_literal> p<273> c<271> l<32:11> el<32:15>
                                            n<SIZE> u<271> t<SIMPLE_IDENTIFIER> p<272> l<32:11> el<32:15>
                                      n<> u<279> t<BinaryOp_Minus> p<280> s<278> l<32:15> el<32:16>
                                      n<> u<278> t<Constant_expression> p<280> c<277> l<32:16> el<32:17>
                                        n<> u<277> t<Constant_primary> p<278> c<276> l<32:16> el<32:17>
                                          n<> u<276> t<Primary_literal> p<277> c<275> l<32:16> el<32:17>
                                            n<1> u<275> t<INTEGRAL_NUMBER> p<276> l<32:16> el<32:17>
                                    n<> u<284> t<Constant_expression> p<285> c<283> l<32:18> el<32:19>
                                      n<> u<283> t<Constant_primary> p<284> c<282> l<32:18> el<32:19>
                                        n<> u<282> t<Primary_literal> p<283> c<281> l<32:18> el<32:19>
                                          n<0> u<281> t<INTEGRAL_NUMBER> p<282> l<32:18> el<32:19>
                              n<> u<289> t<Tf_variable_identifier_list> p<290> c<288> l<32:22> el<32:27>
                                n<state> u<288> t<SIMPLE_IDENTIFIER> p<289> l<32:22> el<32:27>
                          n<> u<297> t<Tf_item_declaration> p<304> c<296> s<303> l<33:3> el<33:19>
                            n<> u<296> t<Tf_port_declaration> p<297> c<292> l<33:3> el<33:19>
                              n<> u<292> t<INPUT> p<296> s<293> l<33:3> el<33:8>
                              n<> u<293> t<Data_type_or_implicit> p<296> s<295> l<33:12> el<33:12>
                              n<> u<295> t<Tf_variable_identifier_list> p<296> c<294> l<33:12> el<33:17>
                                n<req_0> u<294> t<SIMPLE_IDENTIFIER> p<295> l<33:12> el<33:17>
                          n<> u<303> t<Tf_item_declaration> p<304> c<302> l<34:3> el<34:19>
                            n<> u<302> t<Tf_port_declaration> p<303> c<298> l<34:3> el<34:19>
                              n<> u<298> t<INPUT> p<302> s<299> l<34:3> el<34:8>
                              n<> u<299> t<Data_type_or_implicit> p<302> s<301> l<34:12> el<34:12>
                              n<> u<301> t<Tf_variable_identifier_list> p<302> c<300> l<34:12> el<34:17>
                                n<req_1> u<300> t<SIMPLE_IDENTIFIER> p<301> l<34:12> el<34:17>
                        n<> u<542> t<Function_statement_or_null> p<544> c<541> s<543> l<35:3> el<54:10>
                          n<> u<541> t<Statement> p<542> c<540> l<35:3> el<54:10>
                            n<> u<540> t<Statement_item> p<541> c<539> l<35:3> el<54:10>
                              n<> u<539> t<Case_statement> p<540> c<306> l<35:3> el<54:10>
                                n<> u<306> t<Case_keyword> p<539> c<305> s<310> l<35:3> el<35:7>
                                  n<> u<305> t<CASE> p<306> l<35:3> el<35:7>
                                n<> u<310> t<Expression> p<539> c<309> s<404> l<35:8> el<35:13>
                                  n<> u<309> t<Primary> p<310> c<308> l<35:8> el<35:13>
                                    n<> u<308> t<Primary_literal> p<309> c<307> l<35:8> el<35:13>
                                      n<state> u<307> t<SIMPLE_IDENTIFIER> p<308> l<35:8> el<35:13>
                                n<> u<404> t<Case_item> p<539> c<314> s<463> l<36:4> el<42:18>
                                  n<> u<314> t<Expression> p<404> c<313> s<403> l<36:4> el<36:8>
                                    n<> u<313> t<Primary> p<314> c<312> l<36:4> el<36:8>
                                      n<> u<312> t<Primary_literal> p<313> c<311> l<36:4> el<36:8>
                                        n<IDLE> u<311> t<SIMPLE_IDENTIFIER> p<312> l<36:4> el<36:8>
                                  n<> u<403> t<Statement_or_null> p<404> c<402> l<36:11> el<42:18>
                                    n<> u<402> t<Statement> p<403> c<401> l<36:11> el<42:18>
                                      n<> u<401> t<Statement_item> p<402> c<400> l<36:11> el<42:18>
                                        n<> u<400> t<Conditional_statement> p<401> c<326> l<36:11> el<42:18>
                                          n<> u<326> t<Cond_predicate> p<400> c<325> s<345> l<36:15> el<36:28>
                                            n<> u<325> t<Expression_or_cond_pattern> p<326> c<324> l<36:15> el<36:28>
                                              n<> u<324> t<Expression> p<325> c<318> l<36:15> el<36:28>
                                                n<> u<318> t<Expression> p<324> c<317> s<323> l<36:15> el<36:20>
                                                  n<> u<317> t<Primary> p<318> c<316> l<36:15> el<36:20>
                                                    n<> u<316> t<Primary_literal> p<317> c<315> l<36:15> el<36:20>
                                                      n<req_0> u<315> t<SIMPLE_IDENTIFIER> p<316> l<36:15> el<36:20>
                                                n<> u<323> t<EQUIV> p<324> s<322> l<36:21> el<36:23>
                                                n<> u<322> t<Expression> p<324> c<321> l<36:24> el<36:28>
                                                  n<> u<321> t<Primary> p<322> c<320> l<36:24> el<36:28>
                                                    n<> u<320> t<Primary_literal> p<321> c<319> l<36:24> el<36:28>
                                                      n<> u<319> t<ONE_TICK_b1> p<320> l<36:24> el<36:28>
                                          n<> u<345> t<Statement_or_null> p<400> c<344> s<399> l<36:30> el<38:18>
                                            n<> u<344> t<Statement> p<345> c<343> l<36:30> el<38:18>
                                              n<> u<343> t<Statement_item> p<344> c<342> l<36:30> el<38:18>
                                                n<> u<342> t<Seq_block> p<343> c<340> l<36:30> el<38:18>
                                                  n<> u<340> t<Statement_or_null> p<342> c<339> s<341> l<37:17> el<37:37>
                                                    n<> u<339> t<Statement> p<340> c<338> l<37:17> el<37:37>
                                                      n<> u<338> t<Statement_item> p<339> c<337> l<37:17> el<37:37>
                                                        n<> u<337> t<Blocking_assignment> p<338> c<336> l<37:17> el<37:36>
                                                          n<> u<336> t<Variable_assignment> p<337> c<331> l<37:17> el<37:36>
                                                            n<> u<331> t<Variable_lvalue> p<336> c<328> s<335> l<37:17> el<37:29>
                                                              n<> u<328> t<Ps_or_hierarchical_identifier> p<331> c<327> s<330> l<37:17> el<37:29>
                                                                n<fsm_function> u<327> t<SIMPLE_IDENTIFIER> p<328> l<37:17> el<37:29>
                                                              n<> u<330> t<Select> p<331> c<329> l<37:30> el<37:30>
                                                                n<> u<329> t<Bit_select> p<330> l<37:30> el<37:30>
                                                            n<> u<335> t<Expression> p<336> c<334> l<37:32> el<37:36>
                                                              n<> u<334> t<Primary> p<335> c<333> l<37:32> el<37:36>
                                                                n<> u<333> t<Primary_literal> p<334> c<332> l<37:32> el<37:36>
                                                                  n<GNT0> u<332> t<SIMPLE_IDENTIFIER> p<333> l<37:32> el<37:36>
                                                  n<> u<341> t<END> p<342> l<38:15> el<38:18>
                                          n<> u<399> t<Statement_or_null> p<400> c<398> l<38:24> el<42:18>
                                            n<> u<398> t<Statement> p<399> c<397> l<38:24> el<42:18>
                                              n<> u<397> t<Statement_item> p<398> c<396> l<38:24> el<42:18>
                                                n<> u<396> t<Conditional_statement> p<397> c<357> l<38:24> el<42:18>
                                                  n<> u<357> t<Cond_predicate> p<396> c<356> s<376> l<38:28> el<38:41>
                                                    n<> u<356> t<Expression_or_cond_pattern> p<357> c<355> l<38:28> el<38:41>
                                                      n<> u<355> t<Expression> p<356> c<349> l<38:28> el<38:41>
                                                        n<> u<349> t<Expression> p<355> c<348> s<354> l<38:28> el<38:33>
                                                          n<> u<348> t<Primary> p<349> c<347> l<38:28> el<38:33>
                                                            n<> u<347> t<Primary_literal> p<348> c<346> l<38:28> el<38:33>
                                                              n<req_1> u<346> t<SIMPLE_IDENTIFIER> p<347> l<38:28> el<38:33>
                                                        n<> u<354> t<EQUIV> p<355> s<353> l<38:34> el<38:36>
                                                        n<> u<353> t<Expression> p<355> c<352> l<38:37> el<38:41>
                                                          n<> u<352> t<Primary> p<353> c<351> l<38:37> el<38:41>
                                                            n<> u<351> t<Primary_literal> p<352> c<350> l<38:37> el<38:41>
                                                              n<> u<350> t<ONE_TICK_b1> p<351> l<38:37> el<38:41>
                                                  n<> u<376> t<Statement_or_null> p<396> c<375> s<395> l<38:43> el<40:18>
                                                    n<> u<375> t<Statement> p<376> c<374> l<38:43> el<40:18>
                                                      n<> u<374> t<Statement_item> p<375> c<373> l<38:43> el<40:18>
                                                        n<> u<373> t<Seq_block> p<374> c<371> l<38:43> el<40:18>
                                                          n<> u<371> t<Statement_or_null> p<373> c<370> s<372> l<39:17> el<39:36>
                                                            n<> u<370> t<Statement> p<371> c<369> l<39:17> el<39:36>
                                                              n<> u<369> t<Statement_item> p<370> c<368> l<39:17> el<39:36>
                                                                n<> u<368> t<Blocking_assignment> p<369> c<367> l<39:17> el<39:35>
                                                                  n<> u<367> t<Variable_assignment> p<368> c<362> l<39:17> el<39:35>
                                                                    n<> u<362> t<Variable_lvalue> p<367> c<359> s<366> l<39:17> el<39:29>
                                                                      n<> u<359> t<Ps_or_hierarchical_identifier> p<362> c<358> s<361> l<39:17> el<39:29>
                                                                        n<fsm_function> u<358> t<SIMPLE_IDENTIFIER> p<359> l<39:17> el<39:29>
                                                                      n<> u<361> t<Select> p<362> c<360> l<39:29> el<39:29>
                                                                        n<> u<360> t<Bit_select> p<361> l<39:29> el<39:29>
                                                                    n<> u<366> t<Expression> p<367> c<365> l<39:31> el<39:35>
                                                                      n<> u<365> t<Primary> p<366> c<364> l<39:31> el<39:35>
                                                                        n<> u<364> t<Primary_literal> p<365> c<363> l<39:31> el<39:35>
                                                                          n<GNT1> u<363> t<SIMPLE_IDENTIFIER> p<364> l<39:31> el<39:35>
                                                          n<> u<372> t<END> p<373> l<40:15> el<40:18>
                                                  n<> u<395> t<Statement_or_null> p<396> c<394> l<40:24> el<42:18>
                                                    n<> u<394> t<Statement> p<395> c<393> l<40:24> el<42:18>
                                                      n<> u<393> t<Statement_item> p<394> c<392> l<40:24> el<42:18>
                                                        n<> u<392> t<Seq_block> p<393> c<390> l<40:24> el<42:18>
                                                          n<> u<390> t<Statement_or_null> p<392> c<389> s<391> l<41:17> el<41:37>
                                                            n<> u<389> t<Statement> p<390> c<388> l<41:17> el<41:37>
                                                              n<> u<388> t<Statement_item> p<389> c<387> l<41:17> el<41:37>
                                                                n<> u<387> t<Blocking_assignment> p<388> c<386> l<41:17> el<41:36>
                                                                  n<> u<386> t<Variable_assignment> p<387> c<381> l<41:17> el<41:36>
                                                                    n<> u<381> t<Variable_lvalue> p<386> c<378> s<385> l<41:17> el<41:29>
                                                                      n<> u<378> t<Ps_or_hierarchical_identifier> p<381> c<377> s<380> l<41:17> el<41:29>
                                                                        n<fsm_function> u<377> t<SIMPLE_IDENTIFIER> p<378> l<41:17> el<41:29>
                                                                      n<> u<380> t<Select> p<381> c<379> l<41:30> el<41:30>
                                                                        n<> u<379> t<Bit_select> p<380> l<41:30> el<41:30>
                                                                    n<> u<385> t<Expression> p<386> c<384> l<41:32> el<41:36>
                                                                      n<> u<384> t<Primary> p<385> c<383> l<41:32> el<41:36>
                                                                        n<> u<383> t<Primary_literal> p<384> c<382> l<41:32> el<41:36>
                                                                          n<IDLE> u<382> t<SIMPLE_IDENTIFIER> p<383> l<41:32> el<41:36>
                                                          n<> u<391> t<END> p<392> l<42:15> el<42:18>
                                n<> u<463> t<Case_item> p<539> c<408> s<522> l<43:4> el<47:18>
                                  n<> u<408> t<Expression> p<463> c<407> s<462> l<43:4> el<43:8>
                                    n<> u<407> t<Primary> p<408> c<406> l<43:4> el<43:8>
                                      n<> u<406> t<Primary_literal> p<407> c<405> l<43:4> el<43:8>
                                        n<GNT0> u<405> t<SIMPLE_IDENTIFIER> p<406> l<43:4> el<43:8>
                                  n<> u<462> t<Statement_or_null> p<463> c<461> l<43:11> el<47:18>
                                    n<> u<461> t<Statement> p<462> c<460> l<43:11> el<47:18>
                                      n<> u<460> t<Statement_item> p<461> c<459> l<43:11> el<47:18>
                                        n<> u<459> t<Conditional_statement> p<460> c<420> l<43:11> el<47:18>
                                          n<> u<420> t<Cond_predicate> p<459> c<419> s<439> l<43:15> el<43:28>
                                            n<> u<419> t<Expression_or_cond_pattern> p<420> c<418> l<43:15> el<43:28>
                                              n<> u<418> t<Expression> p<419> c<412> l<43:15> el<43:28>
                                                n<> u<412> t<Expression> p<418> c<411> s<417> l<43:15> el<43:20>
                                                  n<> u<411> t<Primary> p<412> c<410> l<43:15> el<43:20>
                                                    n<> u<410> t<Primary_literal> p<411> c<409> l<43:15> el<43:20>
                                                      n<req_0> u<409> t<SIMPLE_IDENTIFIER> p<410> l<43:15> el<43:20>
                                                n<> u<417> t<EQUIV> p<418> s<416> l<43:21> el<43:23>
                                                n<> u<416> t<Expression> p<418> c<415> l<43:24> el<43:28>
                                                  n<> u<415> t<Primary> p<416> c<414> l<43:24> el<43:28>
                                                    n<> u<414> t<Primary_literal> p<415> c<413> l<43:24> el<43:28>
                                                      n<> u<413> t<ONE_TICK_b1> p<414> l<43:24> el<43:28>
                                          n<> u<439> t<Statement_or_null> p<459> c<438> s<458> l<43:30> el<45:18>
                                            n<> u<438> t<Statement> p<439> c<437> l<43:30> el<45:18>
                                              n<> u<437> t<Statement_item> p<438> c<436> l<43:30> el<45:18>
                                                n<> u<436> t<Seq_block> p<437> c<434> l<43:30> el<45:18>
                                                  n<> u<434> t<Statement_or_null> p<436> c<433> s<435> l<44:17> el<44:37>
                                                    n<> u<433> t<Statement> p<434> c<432> l<44:17> el<44:37>
                                                      n<> u<432> t<Statement_item> p<433> c<431> l<44:17> el<44:37>
                                                        n<> u<431> t<Blocking_assignment> p<432> c<430> l<44:17> el<44:36>
                                                          n<> u<430> t<Variable_assignment> p<431> c<425> l<44:17> el<44:36>
                                                            n<> u<425> t<Variable_lvalue> p<430> c<422> s<429> l<44:17> el<44:29>
                                                              n<> u<422> t<Ps_or_hierarchical_identifier> p<425> c<421> s<424> l<44:17> el<44:29>
                                                                n<fsm_function> u<421> t<SIMPLE_IDENTIFIER> p<422> l<44:17> el<44:29>
                                                              n<> u<424> t<Select> p<425> c<423> l<44:30> el<44:30>
                                                                n<> u<423> t<Bit_select> p<424> l<44:30> el<44:30>
                                                            n<> u<429> t<Expression> p<430> c<428> l<44:32> el<44:36>
                                                              n<> u<428> t<Primary> p<429> c<427> l<44:32> el<44:36>
                                                                n<> u<427> t<Primary_literal> p<428> c<426> l<44:32> el<44:36>
                                                                  n<GNT0> u<426> t<SIMPLE_IDENTIFIER> p<427> l<44:32> el<44:36>
                                                  n<> u<435> t<END> p<436> l<45:15> el<45:18>
                                          n<> u<458> t<Statement_or_null> p<459> c<457> l<45:24> el<47:18>
                                            n<> u<457> t<Statement> p<458> c<456> l<45:24> el<47:18>
                                              n<> u<456> t<Statement_item> p<457> c<455> l<45:24> el<47:18>
                                                n<> u<455> t<Seq_block> p<456> c<453> l<45:24> el<47:18>
                                                  n<> u<453> t<Statement_or_null> p<455> c<452> s<454> l<46:17> el<46:37>
                                                    n<> u<452> t<Statement> p<453> c<451> l<46:17> el<46:37>
                                                      n<> u<451> t<Statement_item> p<452> c<450> l<46:17> el<46:37>
                                                        n<> u<450> t<Blocking_assignment> p<451> c<449> l<46:17> el<46:36>
                                                          n<> u<449> t<Variable_assignment> p<450> c<444> l<46:17> el<46:36>
                                                            n<> u<444> t<Variable_lvalue> p<449> c<441> s<448> l<46:17> el<46:29>
                                                              n<> u<441> t<Ps_or_hierarchical_identifier> p<444> c<440> s<443> l<46:17> el<46:29>
                                                                n<fsm_function> u<440> t<SIMPLE_IDENTIFIER> p<441> l<46:17> el<46:29>
                                                              n<> u<443> t<Select> p<444> c<442> l<46:30> el<46:30>
                                                                n<> u<442> t<Bit_select> p<443> l<46:30> el<46:30>
                                                            n<> u<448> t<Expression> p<449> c<447> l<46:32> el<46:36>
                                                              n<> u<447> t<Primary> p<448> c<446> l<46:32> el<46:36>
                                                                n<> u<446> t<Primary_literal> p<447> c<445> l<46:32> el<46:36>
                                                                  n<IDLE> u<445> t<SIMPLE_IDENTIFIER> p<446> l<46:32> el<46:36>
                                                  n<> u<454> t<END> p<455> l<47:15> el<47:18>
                                n<> u<522> t<Case_item> p<539> c<467> s<537> l<48:4> el<52:18>
                                  n<> u<467> t<Expression> p<522> c<466> s<521> l<48:4> el<48:8>
                                    n<> u<466> t<Primary> p<467> c<465> l<48:4> el<48:8>
                                      n<> u<465> t<Primary_literal> p<466> c<464> l<48:4> el<48:8>
                                        n<GNT1> u<464> t<SIMPLE_IDENTIFIER> p<465> l<48:4> el<48:8>
                                  n<> u<521> t<Statement_or_null> p<522> c<520> l<48:11> el<52:18>
                                    n<> u<520> t<Statement> p<521> c<519> l<48:11> el<52:18>
                                      n<> u<519> t<Statement_item> p<520> c<518> l<48:11> el<52:18>
                                        n<> u<518> t<Conditional_statement> p<519> c<479> l<48:11> el<52:18>
                                          n<> u<479> t<Cond_predicate> p<518> c<478> s<498> l<48:15> el<48:28>
                                            n<> u<478> t<Expression_or_cond_pattern> p<479> c<477> l<48:15> el<48:28>
                                              n<> u<477> t<Expression> p<478> c<471> l<48:15> el<48:28>
                                                n<> u<471> t<Expression> p<477> c<470> s<476> l<48:15> el<48:20>
                                                  n<> u<470> t<Primary> p<471> c<469> l<48:15> el<48:20>
                                                    n<> u<469> t<Primary_literal> p<470> c<468> l<48:15> el<48:20>
                                                      n<req_1> u<468> t<SIMPLE_IDENTIFIER> p<469> l<48:15> el<48:20>
                                                n<> u<476> t<EQUIV> p<477> s<475> l<48:21> el<48:23>
                                                n<> u<475> t<Expression> p<477> c<474> l<48:24> el<48:28>
                                                  n<> u<474> t<Primary> p<475> c<473> l<48:24> el<48:28>
                                                    n<> u<473> t<Primary_literal> p<474> c<472> l<48:24> el<48:28>
                                                      n<> u<472> t<ONE_TICK_b1> p<473> l<48:24> el<48:28>
                                          n<> u<498> t<Statement_or_null> p<518> c<497> s<517> l<48:30> el<50:14>
                                            n<> u<497> t<Statement> p<498> c<496> l<48:30> el<50:14>
                                              n<> u<496> t<Statement_item> p<497> c<495> l<48:30> el<50:14>
                                                n<> u<495> t<Seq_block> p<496> c<493> l<48:30> el<50:14>
                                                  n<> u<493> t<Statement_or_null> p<495> c<492> s<494> l<49:17> el<49:37>
                                                    n<> u<492> t<Statement> p<493> c<491> l<49:17> el<49:37>
                                                      n<> u<491> t<Statement_item> p<492> c<490> l<49:17> el<49:37>
                                                        n<> u<490> t<Blocking_assignment> p<491> c<489> l<49:17> el<49:36>
                                                          n<> u<489> t<Variable_assignment> p<490> c<484> l<49:17> el<49:36>
                                                            n<> u<484> t<Variable_lvalue> p<489> c<481> s<488> l<49:17> el<49:29>
                                                              n<> u<481> t<Ps_or_hierarchical_identifier> p<484> c<480> s<483> l<49:17> el<49:29>
                                                                n<fsm_function> u<480> t<SIMPLE_IDENTIFIER> p<481> l<49:17> el<49:29>
                                                              n<> u<483> t<Select> p<484> c<482> l<49:30> el<49:30>
                                                                n<> u<482> t<Bit_select> p<483> l<49:30> el<49:30>
                                                            n<> u<488> t<Expression> p<489> c<487> l<49:32> el<49:36>
                                                              n<> u<487> t<Primary> p<488> c<486> l<49:32> el<49:36>
                                                                n<> u<486> t<Primary_literal> p<487> c<485> l<49:32> el<49:36>
                                                                  n<GNT1> u<485> t<SIMPLE_IDENTIFIER> p<486> l<49:32> el<49:36>
                                                  n<> u<494> t<END> p<495> l<50:11> el<50:14>
                                          n<> u<517> t<Statement_or_null> p<518> c<516> l<50:20> el<52:18>
                                            n<> u<516> t<Statement> p<517> c<515> l<50:20> el<52:18>
                                              n<> u<515> t<Statement_item> p<516> c<514> l<50:20> el<52:18>
                                                n<> u<514> t<Seq_block> p<515> c<512> l<50:20> el<52:18>
                                                  n<> u<512> t<Statement_or_null> p<514> c<511> s<513> l<51:17> el<51:37>
                                                    n<> u<511> t<Statement> p<512> c<510> l<51:17> el<51:37>
                                                      n<> u<510> t<Statement_item> p<511> c<509> l<51:17> el<51:37>
                                                        n<> u<509> t<Blocking_assignment> p<510> c<508> l<51:17> el<51:36>
                                                          n<> u<508> t<Variable_assignment> p<509> c<503> l<51:17> el<51:36>
                                                            n<> u<503> t<Variable_lvalue> p<508> c<500> s<507> l<51:17> el<51:29>
                                                              n<> u<500> t<Ps_or_hierarchical_identifier> p<503> c<499> s<502> l<51:17> el<51:29>
                                                                n<fsm_function> u<499> t<SIMPLE_IDENTIFIER> p<500> l<51:17> el<51:29>
                                                              n<> u<502> t<Select> p<503> c<501> l<51:30> el<51:30>
                                                                n<> u<501> t<Bit_select> p<502> l<51:30> el<51:30>
                                                            n<> u<507> t<Expression> p<508> c<506> l<51:32> el<51:36>
                                                              n<> u<506> t<Primary> p<507> c<505> l<51:32> el<51:36>
                                                                n<> u<505> t<Primary_literal> p<506> c<504> l<51:32> el<51:36>
                                                                  n<IDLE> u<504> t<SIMPLE_IDENTIFIER> p<505> l<51:32> el<51:36>
                                                  n<> u<513> t<END> p<514> l<52:15> el<52:18>
                                n<> u<537> t<Case_item> p<539> c<536> s<538> l<53:4> el<53:34>
                                  n<> u<536> t<Statement_or_null> p<537> c<535> l<53:14> el<53:34>
                                    n<> u<535> t<Statement> p<536> c<534> l<53:14> el<53:34>
                                      n<> u<534> t<Statement_item> p<535> c<533> l<53:14> el<53:34>
                                        n<> u<533> t<Blocking_assignment> p<534> c<532> l<53:14> el<53:33>
                                          n<> u<532> t<Variable_assignment> p<533> c<527> l<53:14> el<53:33>
                                            n<> u<527> t<Variable_lvalue> p<532> c<524> s<531> l<53:14> el<53:26>
                                              n<> u<524> t<Ps_or_hierarchical_identifier> p<527> c<523> s<526> l<53:14> el<53:26>
                                                n<fsm_function> u<523> t<SIMPLE_IDENTIFIER> p<524> l<53:14> el<53:26>
                                              n<> u<526> t<Select> p<527> c<525> l<53:27> el<53:27>
                                                n<> u<525> t<Bit_select> p<526> l<53:27> el<53:27>
                                            n<> u<531> t<Expression> p<532> c<530> l<53:29> el<53:33>
                                              n<> u<530> t<Primary> p<531> c<529> l<53:29> el<53:33>
                                                n<> u<529> t<Primary_literal> p<530> c<528> l<53:29> el<53:33>
                                                  n<IDLE> u<528> t<SIMPLE_IDENTIFIER> p<529> l<53:29> el<53:33>
                                n<> u<538> t<ENDCASE> p<539> l<54:3> el<54:10>
                        n<> u<543> t<ENDFUNCTION> p<544> l<55:1> el<55:12>
        n<//----------Seq Logic-----------------------------> u<552> t<LINE_COMMENT> p<893> s<633> l<56:1> el<56:51>
        n<> u<633> t<Module_item> p<893> c<632> s<634> l<57:1> el<64:4>
          n<> u<632> t<Non_port_module_item> p<633> c<631> l<57:1> el<64:4>
            n<> u<631> t<Module_or_generate_item> p<632> c<630> l<57:1> el<64:4>
              n<> u<630> t<Module_common_item> p<631> c<629> l<57:1> el<64:4>
                n<> u<629> t<Always_construct> p<630> c<553> l<57:1> el<64:4>
                  n<> u<553> t<ALWAYS> p<629> s<628> l<57:1> el<57:7>
                  n<> u<628> t<Statement> p<629> c<627> l<57:8> el<64:4>
                    n<> u<627> t<Statement_item> p<628> c<626> l<57:8> el<64:4>
                      n<> u<626> t<Procedural_timing_control_statement> p<627> c<561> l<57:8> el<64:4>
                        n<> u<561> t<Procedural_timing_control> p<626> c<560> s<625> l<57:8> el<57:25>
                          n<> u<560> t<Event_control> p<561> c<559> l<57:8> el<57:25>
                            n<> u<559> t<Event_expression> p<560> c<554> l<57:11> el<57:24>
                              n<> u<554> t<POSEDGE> p<559> s<558> l<57:11> el<57:18>
                              n<> u<558> t<Expression> p<559> c<557> l<57:19> el<57:24>
                                n<> u<557> t<Primary> p<558> c<556> l<57:19> el<57:24>
                                  n<> u<556> t<Primary_literal> p<557> c<555> l<57:19> el<57:24>
                                    n<clock> u<555> t<SIMPLE_IDENTIFIER> p<556> l<57:19> el<57:24>
                        n<> u<625> t<Statement_or_null> p<626> c<624> l<58:1> el<64:4>
                          n<> u<624> t<Statement> p<625> c<623> l<58:1> el<64:4>
                            n<> u<623> t<Statement_item> p<624> c<622> l<58:1> el<64:4>
                              n<> u<622> t<Seq_block> p<623> c<562> l<58:1> el<64:4>
                                n<FSM_SEQ> u<562> t<SIMPLE_IDENTIFIER> p<622> s<620> l<58:9> el<58:16>
                                n<> u<620> t<Statement_or_null> p<622> c<619> s<621> l<59:3> el<63:6>
                                  n<> u<619> t<Statement> p<620> c<618> l<59:3> el<63:6>
                                    n<> u<618> t<Statement_item> p<619> c<617> l<59:3> el<63:6>
                                      n<> u<617> t<Conditional_statement> p<618> c<574> l<59:3> el<63:6>
                                        n<> u<574> t<Cond_predicate> p<617> c<573> s<595> l<59:7> el<59:20>
                                          n<> u<573> t<Expression_or_cond_pattern> p<574> c<572> l<59:7> el<59:20>
                                            n<> u<572> t<Expression> p<573> c<566> l<59:7> el<59:20>
                                              n<> u<566> t<Expression> p<572> c<565> s<571> l<59:7> el<59:12>
                                                n<> u<565> t<Primary> p<566> c<564> l<59:7> el<59:12>
                                                  n<> u<564> t<Primary_literal> p<565> c<563> l<59:7> el<59:12>
                                                    n<reset> u<563> t<SIMPLE_IDENTIFIER> p<564> l<59:7> el<59:12>
                                              n<> u<571> t<EQUIV> p<572> s<570> l<59:13> el<59:15>
                                              n<> u<570> t<Expression> p<572> c<569> l<59:16> el<59:20>
                                                n<> u<569> t<Primary> p<570> c<568> l<59:16> el<59:20>
                                                  n<> u<568> t<Primary_literal> p<569> c<567> l<59:16> el<59:20>
                                                    n<> u<567> t<ONE_TICK_b1> p<568> l<59:16> el<59:20>
                                        n<> u<595> t<Statement_or_null> p<617> c<594> s<616> l<59:22> el<61:6>
                                          n<> u<594> t<Statement> p<595> c<593> l<59:22> el<61:6>
                                            n<> u<593> t<Statement_item> p<594> c<592> l<59:22> el<61:6>
                                              n<> u<592> t<Seq_block> p<593> c<590> l<59:22> el<61:6>
                                                n<> u<590> t<Statement_or_null> p<592> c<589> s<591> l<60:5> el<60:22>
                                                  n<> u<589> t<Statement> p<590> c<588> l<60:5> el<60:22>
                                                    n<> u<588> t<Statement_item> p<589> c<587> l<60:5> el<60:22>
                                                      n<> u<587> t<Nonblocking_assignment> p<588> c<579> l<60:5> el<60:21>
                                                        n<> u<579> t<Variable_lvalue> p<587> c<576> s<582> l<60:5> el<60:10>
                                                          n<> u<576> t<Ps_or_hierarchical_identifier> p<579> c<575> s<578> l<60:5> el<60:10>
                                                            n<state> u<575> t<SIMPLE_IDENTIFIER> p<576> l<60:5> el<60:10>
                                                          n<> u<578> t<Select> p<579> c<577> l<60:11> el<60:11>
                                                            n<> u<577> t<Bit_select> p<578> l<60:11> el<60:11>
                                                        n<> u<582> t<Delay_or_event_control> p<587> c<581> s<586> l<60:14> el<60:16>
                                                          n<> u<581> t<Delay_control> p<582> c<580> l<60:14> el<60:16>
                                                            n<#1> u<580> t<POUND_DELAY> p<581> l<60:14> el<60:16>
                                                        n<> u<586> t<Expression> p<587> c<585> l<60:17> el<60:21>
                                                          n<> u<585> t<Primary> p<586> c<584> l<60:17> el<60:21>
                                                            n<> u<584> t<Primary_literal> p<585> c<583> l<60:17> el<60:21>
                                                              n<IDLE> u<583> t<SIMPLE_IDENTIFIER> p<584> l<60:17> el<60:21>
                                                n<> u<591> t<END> p<592> l<61:3> el<61:6>
                                        n<> u<616> t<Statement_or_null> p<617> c<615> l<61:12> el<63:6>
                                          n<> u<615> t<Statement> p<616> c<614> l<61:12> el<63:6>
                                            n<> u<614> t<Statement_item> p<615> c<613> l<61:12> el<63:6>
                                              n<> u<613> t<Seq_block> p<614> c<611> l<61:12> el<63:6>
                                                n<> u<611> t<Statement_or_null> p<613> c<610> s<612> l<62:5> el<62:28>
                                                  n<> u<610> t<Statement> p<611> c<609> l<62:5> el<62:28>
                                                    n<> u<609> t<Statement_item> p<610> c<608> l<62:5> el<62:28>
                                                      n<> u<608> t<Nonblocking_assignment> p<609> c<600> l<62:5> el<62:27>
                                                        n<> u<600> t<Variable_lvalue> p<608> c<597> s<603> l<62:5> el<62:10>
                                                          n<> u<597> t<Ps_or_hierarchical_identifier> p<600> c<596> s<599> l<62:5> el<62:10>
                                                            n<state> u<596> t<SIMPLE_IDENTIFIER> p<597> l<62:5> el<62:10>
                                                          n<> u<599> t<Select> p<600> c<598> l<62:11> el<62:11>
                                                            n<> u<598> t<Bit_select> p<599> l<62:11> el<62:11>
                                                        n<> u<603> t<Delay_or_event_control> p<608> c<602> s<607> l<62:14> el<62:16>
                                                          n<> u<602> t<Delay_control> p<603> c<601> l<62:14> el<62:16>
                                                            n<#1> u<601> t<POUND_DELAY> p<602> l<62:14> el<62:16>
                                                        n<> u<607> t<Expression> p<608> c<606> l<62:17> el<62:27>
                                                          n<> u<606> t<Primary> p<607> c<605> l<62:17> el<62:27>
                                                            n<> u<605> t<Primary_literal> p<606> c<604> l<62:17> el<62:27>
                                                              n<next_state> u<604> t<SIMPLE_IDENTIFIER> p<605> l<62:17> el<62:27>
                                                n<> u<612> t<END> p<613> l<63:3> el<63:6>
                                n<> u<621> t<END> p<622> l<64:1> el<64:4>
        n<//----------Output Logic-----------------------------> u<634> t<LINE_COMMENT> p<893> s<890> l<65:1> el<65:54>
        n<> u<890> t<Module_item> p<893> c<889> s<891> l<66:1> el<92:4>
          n<> u<889> t<Non_port_module_item> p<890> c<888> l<66:1> el<92:4>
            n<> u<888> t<Module_or_generate_item> p<889> c<887> l<66:1> el<92:4>
              n<> u<887> t<Module_common_item> p<888> c<886> l<66:1> el<92:4>
                n<> u<886> t<Always_construct> p<887> c<635> l<66:1> el<92:4>
                  n<> u<635> t<ALWAYS> p<886> s<885> l<66:1> el<66:7>
                  n<> u<885> t<Statement> p<886> c<884> l<66:8> el<92:4>
                    n<> u<884> t<Statement_item> p<885> c<883> l<66:8> el<92:4>
                      n<> u<883> t<Procedural_timing_control_statement> p<884> c<643> l<66:8> el<92:4>
                        n<> u<643> t<Procedural_timing_control> p<883> c<642> s<882> l<66:8> el<66:25>
                          n<> u<642> t<Event_control> p<643> c<641> l<66:8> el<66:25>
                            n<> u<641> t<Event_expression> p<642> c<636> l<66:11> el<66:24>
                              n<> u<636> t<POSEDGE> p<641> s<640> l<66:11> el<66:18>
                              n<> u<640> t<Expression> p<641> c<639> l<66:19> el<66:24>
                                n<> u<639> t<Primary> p<640> c<638> l<66:19> el<66:24>
                                  n<> u<638> t<Primary_literal> p<639> c<637> l<66:19> el<66:24>
                                    n<clock> u<637> t<SIMPLE_IDENTIFIER> p<638> l<66:19> el<66:24>
                        n<> u<882> t<Statement_or_null> p<883> c<881> l<67:1> el<92:4>
                          n<> u<881> t<Statement> p<882> c<880> l<67:1> el<92:4>
                            n<> u<880> t<Statement_item> p<881> c<879> l<67:1> el<92:4>
                              n<> u<879> t<Seq_block> p<880> c<644> l<67:1> el<92:4>
                                n<OUTPUT_LOGIC> u<644> t<SIMPLE_IDENTIFIER> p<879> s<877> l<67:9> el<67:21>
                                n<> u<877> t<Statement_or_null> p<879> c<876> s<878> l<68:1> el<91:4>
                                  n<> u<876> t<Statement> p<877> c<875> l<68:1> el<91:4>
                                    n<> u<875> t<Statement_item> p<876> c<874> l<68:1> el<91:4>
                                      n<> u<874> t<Conditional_statement> p<875> c<656> l<68:1> el<91:4>
                                        n<> u<656> t<Cond_predicate> p<874> c<655> s<693> l<68:5> el<68:18>
                                          n<> u<655> t<Expression_or_cond_pattern> p<656> c<654> l<68:5> el<68:18>
                                            n<> u<654> t<Expression> p<655> c<648> l<68:5> el<68:18>
                                              n<> u<648> t<Expression> p<654> c<647> s<653> l<68:5> el<68:10>
                                                n<> u<647> t<Primary> p<648> c<646> l<68:5> el<68:10>
                                                  n<> u<646> t<Primary_literal> p<647> c<645> l<68:5> el<68:10>
                                                    n<reset> u<645> t<SIMPLE_IDENTIFIER> p<646> l<68:5> el<68:10>
                                              n<> u<653> t<EQUIV> p<654> s<652> l<68:11> el<68:13>
                                              n<> u<652> t<Expression> p<654> c<651> l<68:14> el<68:18>
                                                n<> u<651> t<Primary> p<652> c<650> l<68:14> el<68:18>
                                                  n<> u<650> t<Primary_literal> p<651> c<649> l<68:14> el<68:18>
                                                    n<> u<649> t<ONE_TICK_b1> p<650> l<68:14> el<68:18>
                                        n<> u<693> t<Statement_or_null> p<874> c<692> s<873> l<68:20> el<71:4>
                                          n<> u<692> t<Statement> p<693> c<691> l<68:20> el<71:4>
                                            n<> u<691> t<Statement_item> p<692> c<690> l<68:20> el<71:4>
                                              n<> u<690> t<Seq_block> p<691> c<672> l<68:20> el<71:4>
                                                n<> u<672> t<Statement_or_null> p<690> c<671> s<688> l<69:3> el<69:20>
                                                  n<> u<671> t<Statement> p<672> c<670> l<69:3> el<69:20>
                                                    n<> u<670> t<Statement_item> p<671> c<669> l<69:3> el<69:20>
                                                      n<> u<669> t<Nonblocking_assignment> p<670> c<661> l<69:3> el<69:19>
                                                        n<> u<661> t<Variable_lvalue> p<669> c<658> s<664> l<69:3> el<69:8>
                                                          n<> u<658> t<Ps_or_hierarchical_identifier> p<661> c<657> s<660> l<69:3> el<69:8>
                                                            n<gnt_0> u<657> t<SIMPLE_IDENTIFIER> p<658> l<69:3> el<69:8>
                                                          n<> u<660> t<Select> p<661> c<659> l<69:9> el<69:9>
                                                            n<> u<659> t<Bit_select> p<660> l<69:9> el<69:9>
                                                        n<> u<664> t<Delay_or_event_control> p<669> c<663> s<668> l<69:12> el<69:14>
                                                          n<> u<663> t<Delay_control> p<664> c<662> l<69:12> el<69:14>
                                                            n<#1> u<662> t<POUND_DELAY> p<663> l<69:12> el<69:14>
                                                        n<> u<668> t<Expression> p<669> c<667> l<69:15> el<69:19>
                                                          n<> u<667> t<Primary> p<668> c<666> l<69:15> el<69:19>
                                                            n<> u<666> t<Primary_literal> p<667> c<665> l<69:15> el<69:19>
                                                              n<> u<665> t<ONE_TICK_b0> p<666> l<69:15> el<69:19>
                                                n<> u<688> t<Statement_or_null> p<690> c<687> s<689> l<70:3> el<70:20>
                                                  n<> u<687> t<Statement> p<688> c<686> l<70:3> el<70:20>
                                                    n<> u<686> t<Statement_item> p<687> c<685> l<70:3> el<70:20>
                                                      n<> u<685> t<Nonblocking_assignment> p<686> c<677> l<70:3> el<70:19>
                                                        n<> u<677> t<Variable_lvalue> p<685> c<674> s<680> l<70:3> el<70:8>
                                                          n<> u<674> t<Ps_or_hierarchical_identifier> p<677> c<673> s<676> l<70:3> el<70:8>
                                                            n<gnt_1> u<673> t<SIMPLE_IDENTIFIER> p<674> l<70:3> el<70:8>
                                                          n<> u<676> t<Select> p<677> c<675> l<70:9> el<70:9>
                                                            n<> u<675> t<Bit_select> p<676> l<70:9> el<70:9>
                                                        n<> u<680> t<Delay_or_event_control> p<685> c<679> s<684> l<70:12> el<70:14>
                                                          n<> u<679> t<Delay_control> p<680> c<678> l<70:12> el<70:14>
                                                            n<#1> u<678> t<POUND_DELAY> p<679> l<70:12> el<70:14>
                                                        n<> u<684> t<Expression> p<685> c<683> l<70:15> el<70:19>
                                                          n<> u<683> t<Primary> p<684> c<682> l<70:15> el<70:19>
                                                            n<> u<682> t<Primary_literal> p<683> c<681> l<70:15> el<70:19>
                                                              n<> u<681> t<ONE_TICK_b0> p<682> l<70:15> el<70:19>
                                                n<> u<689> t<END> p<690> l<71:1> el<71:4>
                                        n<> u<873> t<Statement_or_null> p<874> c<872> l<72:6> el<91:4>
                                          n<> u<872> t<Statement> p<873> c<871> l<72:6> el<91:4>
                                            n<> u<871> t<Statement_item> p<872> c<870> l<72:6> el<91:4>
                                              n<> u<870> t<Seq_block> p<871> c<868> l<72:6> el<91:4>
                                                n<> u<868> t<Statement_or_null> p<870> c<867> s<869> l<73:3> el<90:10>
                                                  n<> u<867> t<Statement> p<868> c<866> l<73:3> el<90:10>
                                                    n<> u<866> t<Statement_item> p<867> c<865> l<73:3> el<90:10>
                                                      n<> u<865> t<Case_statement> p<866> c<695> l<73:3> el<90:10>
                                                        n<> u<695> t<Case_keyword> p<865> c<694> s<699> l<73:3> el<73:7>
                                                          n<> u<694> t<CASE> p<695> l<73:3> el<73:7>
                                                        n<> u<699> t<Expression> p<865> c<698> s<741> l<73:8> el<73:13>
                                                          n<> u<698> t<Primary> p<699> c<697> l<73:8> el<73:13>
                                                            n<> u<697> t<Primary_literal> p<698> c<696> l<73:8> el<73:13>
                                                              n<state> u<696> t<SIMPLE_IDENTIFIER> p<697> l<73:8> el<73:13>
                                                        n<> u<741> t<Case_item> p<865> c<703> s<783> l<74:5> el<77:19>
                                                          n<> u<703> t<Expression> p<741> c<702> s<740> l<74:5> el<74:9>
                                                            n<> u<702> t<Primary> p<703> c<701> l<74:5> el<74:9>
                                                              n<> u<701> t<Primary_literal> p<702> c<700> l<74:5> el<74:9>
                                                                n<IDLE> u<700> t<SIMPLE_IDENTIFIER> p<701> l<74:5> el<74:9>
                                                          n<> u<740> t<Statement_or_null> p<741> c<739> l<74:12> el<77:19>
                                                            n<> u<739> t<Statement> p<740> c<738> l<74:12> el<77:19>
                                                              n<> u<738> t<Statement_item> p<739> c<737> l<74:12> el<77:19>
                                                                n<> u<737> t<Seq_block> p<738> c<719> l<74:12> el<77:19>
                                                                  n<> u<719> t<Statement_or_null> p<737> c<718> s<735> l<75:19> el<75:36>
                                                                    n<> u<718> t<Statement> p<719> c<717> l<75:19> el<75:36>
                                                                      n<> u<717> t<Statement_item> p<718> c<716> l<75:19> el<75:36>
                                                                        n<> u<716> t<Nonblocking_assignment> p<717> c<708> l<75:19> el<75:35>
                                                                          n<> u<708> t<Variable_lvalue> p<716> c<705> s<711> l<75:19> el<75:24>
                                                                            n<> u<705> t<Ps_or_hierarchical_identifier> p<708> c<704> s<707> l<75:19> el<75:24>
                                                                              n<gnt_0> u<704> t<SIMPLE_IDENTIFIER> p<705> l<75:19> el<75:24>
                                                                            n<> u<707> t<Select> p<708> c<706> l<75:25> el<75:25>
                                                                              n<> u<706> t<Bit_select> p<707> l<75:25> el<75:25>
                                                                          n<> u<711> t<Delay_or_event_control> p<716> c<710> s<715> l<75:28> el<75:30>
                                                                            n<> u<710> t<Delay_control> p<711> c<709> l<75:28> el<75:30>
                                                                              n<#1> u<709> t<POUND_DELAY> p<710> l<75:28> el<75:30>
                                                                          n<> u<715> t<Expression> p<716> c<714> l<75:31> el<75:35>
                                                                            n<> u<714> t<Primary> p<715> c<713> l<75:31> el<75:35>
                                                                              n<> u<713> t<Primary_literal> p<714> c<712> l<75:31> el<75:35>
                                                                                n<> u<712> t<ONE_TICK_b0> p<713> l<75:31> el<75:35>
                                                                  n<> u<735> t<Statement_or_null> p<737> c<734> s<736> l<76:19> el<76:36>
                                                                    n<> u<734> t<Statement> p<735> c<733> l<76:19> el<76:36>
                                                                      n<> u<733> t<Statement_item> p<734> c<732> l<76:19> el<76:36>
                                                                        n<> u<732> t<Nonblocking_assignment> p<733> c<724> l<76:19> el<76:35>
                                                                          n<> u<724> t<Variable_lvalue> p<732> c<721> s<727> l<76:19> el<76:24>
                                                                            n<> u<721> t<Ps_or_hierarchical_identifier> p<724> c<720> s<723> l<76:19> el<76:24>
                                                                              n<gnt_1> u<720> t<SIMPLE_IDENTIFIER> p<721> l<76:19> el<76:24>
                                                                            n<> u<723> t<Select> p<724> c<722> l<76:25> el<76:25>
                                                                              n<> u<722> t<Bit_select> p<723> l<76:25> el<76:25>
                                                                          n<> u<727> t<Delay_or_event_control> p<732> c<726> s<731> l<76:28> el<76:30>
                                                                            n<> u<726> t<Delay_control> p<727> c<725> l<76:28> el<76:30>
                                                                              n<#1> u<725> t<POUND_DELAY> p<726> l<76:28> el<76:30>
                                                                          n<> u<731> t<Expression> p<732> c<730> l<76:31> el<76:35>
                                                                            n<> u<730> t<Primary> p<731> c<729> l<76:31> el<76:35>
                                                                              n<> u<729> t<Primary_literal> p<730> c<728> l<76:31> el<76:35>
                                                                                n<> u<728> t<ONE_TICK_b0> p<729> l<76:31> el<76:35>
                                                                  n<> u<736> t<END> p<737> l<77:16> el<77:19>
                                                        n<> u<783> t<Case_item> p<865> c<745> s<825> l<78:4> el<81:20>
                                                          n<> u<745> t<Expression> p<783> c<744> s<782> l<78:4> el<78:8>
                                                            n<> u<744> t<Primary> p<745> c<743> l<78:4> el<78:8>
                                                              n<> u<743> t<Primary_literal> p<744> c<742> l<78:4> el<78:8>
                                                                n<GNT0> u<742> t<SIMPLE_IDENTIFIER> p<743> l<78:4> el<78:8>
                                                          n<> u<782> t<Statement_or_null> p<783> c<781> l<78:11> el<81:20>
                                                            n<> u<781> t<Statement> p<782> c<780> l<78:11> el<81:20>
                                                              n<> u<780> t<Statement_item> p<781> c<779> l<78:11> el<81:20>
                                                                n<> u<779> t<Seq_block> p<780> c<761> l<78:11> el<81:20>
                                                                  n<> u<761> t<Statement_or_null> p<779> c<760> s<777> l<79:20> el<79:37>
                                                                    n<> u<760> t<Statement> p<761> c<759> l<79:20> el<79:37>
                                                                      n<> u<759> t<Statement_item> p<760> c<758> l<79:20> el<79:37>
                                                                        n<> u<758> t<Nonblocking_assignment> p<759> c<750> l<79:20> el<79:36>
                                                                          n<> u<750> t<Variable_lvalue> p<758> c<747> s<753> l<79:20> el<79:25>
                                                                            n<> u<747> t<Ps_or_hierarchical_identifier> p<750> c<746> s<749> l<79:20> el<79:25>
                                                                              n<gnt_0> u<746> t<SIMPLE_IDENTIFIER> p<747> l<79:20> el<79:25>
                                                                            n<> u<749> t<Select> p<750> c<748> l<79:26> el<79:26>
                                                                              n<> u<748> t<Bit_select> p<749> l<79:26> el<79:26>
                                                                          n<> u<753> t<Delay_or_event_control> p<758> c<752> s<757> l<79:29> el<79:31>
                                                                            n<> u<752> t<Delay_control> p<753> c<751> l<79:29> el<79:31>
                                                                              n<#1> u<751> t<POUND_DELAY> p<752> l<79:29> el<79:31>
                                                                          n<> u<757> t<Expression> p<758> c<756> l<79:32> el<79:36>
                                                                            n<> u<756> t<Primary> p<757> c<755> l<79:32> el<79:36>
                                                                              n<> u<755> t<Primary_literal> p<756> c<754> l<79:32> el<79:36>
                                                                                n<> u<754> t<ONE_TICK_b1> p<755> l<79:32> el<79:36>
                                                                  n<> u<777> t<Statement_or_null> p<779> c<776> s<778> l<80:20> el<80:37>
                                                                    n<> u<776> t<Statement> p<777> c<775> l<80:20> el<80:37>
                                                                      n<> u<775> t<Statement_item> p<776> c<774> l<80:20> el<80:37>
                                                                        n<> u<774> t<Nonblocking_assignment> p<775> c<766> l<80:20> el<80:36>
                                                                          n<> u<766> t<Variable_lvalue> p<774> c<763> s<769> l<80:20> el<80:25>
                                                                            n<> u<763> t<Ps_or_hierarchical_identifier> p<766> c<762> s<765> l<80:20> el<80:25>
                                                                              n<gnt_1> u<762> t<SIMPLE_IDENTIFIER> p<763> l<80:20> el<80:25>
                                                                            n<> u<765> t<Select> p<766> c<764> l<80:26> el<80:26>
                                                                              n<> u<764> t<Bit_select> p<765> l<80:26> el<80:26>
                                                                          n<> u<769> t<Delay_or_event_control> p<774> c<768> s<773> l<80:29> el<80:31>
                                                                            n<> u<768> t<Delay_control> p<769> c<767> l<80:29> el<80:31>
                                                                              n<#1> u<767> t<POUND_DELAY> p<768> l<80:29> el<80:31>
                                                                          n<> u<773> t<Expression> p<774> c<772> l<80:32> el<80:36>
                                                                            n<> u<772> t<Primary> p<773> c<771> l<80:32> el<80:36>
                                                                              n<> u<771> t<Primary_literal> p<772> c<770> l<80:32> el<80:36>
                                                                                n<> u<770> t<ONE_TICK_b0> p<771> l<80:32> el<80:36>
                                                                  n<> u<778> t<END> p<779> l<81:17> el<81:20>
                                                        n<> u<825> t<Case_item> p<865> c<787> s<863> l<82:4> el<85:20>
                                                          n<> u<787> t<Expression> p<825> c<786> s<824> l<82:4> el<82:8>
                                                            n<> u<786> t<Primary> p<787> c<785> l<82:4> el<82:8>
                                                              n<> u<785> t<Primary_literal> p<786> c<784> l<82:4> el<82:8>
                                                                n<GNT1> u<784> t<SIMPLE_IDENTIFIER> p<785> l<82:4> el<82:8>
                                                          n<> u<824> t<Statement_or_null> p<825> c<823> l<82:11> el<85:20>
                                                            n<> u<823> t<Statement> p<824> c<822> l<82:11> el<85:20>
                                                              n<> u<822> t<Statement_item> p<823> c<821> l<82:11> el<85:20>
                                                                n<> u<821> t<Seq_block> p<822> c<803> l<82:11> el<85:20>
                                                                  n<> u<803> t<Statement_or_null> p<821> c<802> s<819> l<83:20> el<83:37>
                                                                    n<> u<802> t<Statement> p<803> c<801> l<83:20> el<83:37>
                                                                      n<> u<801> t<Statement_item> p<802> c<800> l<83:20> el<83:37>
                                                                        n<> u<800> t<Nonblocking_assignment> p<801> c<792> l<83:20> el<83:36>
                                                                          n<> u<792> t<Variable_lvalue> p<800> c<789> s<795> l<83:20> el<83:25>
                                                                            n<> u<789> t<Ps_or_hierarchical_identifier> p<792> c<788> s<791> l<83:20> el<83:25>
                                                                              n<gnt_0> u<788> t<SIMPLE_IDENTIFIER> p<789> l<83:20> el<83:25>
                                                                            n<> u<791> t<Select> p<792> c<790> l<83:26> el<83:26>
                                                                              n<> u<790> t<Bit_select> p<791> l<83:26> el<83:26>
                                                                          n<> u<795> t<Delay_or_event_control> p<800> c<794> s<799> l<83:29> el<83:31>
                                                                            n<> u<794> t<Delay_control> p<795> c<793> l<83:29> el<83:31>
                                                                              n<#1> u<793> t<POUND_DELAY> p<794> l<83:29> el<83:31>
                                                                          n<> u<799> t<Expression> p<800> c<798> l<83:32> el<83:36>
                                                                            n<> u<798> t<Primary> p<799> c<797> l<83:32> el<83:36>
                                                                              n<> u<797> t<Primary_literal> p<798> c<796> l<83:32> el<83:36>
                                                                                n<> u<796> t<ONE_TICK_b0> p<797> l<83:32> el<83:36>
                                                                  n<> u<819> t<Statement_or_null> p<821> c<818> s<820> l<84:20> el<84:37>
                                                                    n<> u<818> t<Statement> p<819> c<817> l<84:20> el<84:37>
                                                                      n<> u<817> t<Statement_item> p<818> c<816> l<84:20> el<84:37>
                                                                        n<> u<816> t<Nonblocking_assignment> p<817> c<808> l<84:20> el<84:36>
                                                                          n<> u<808> t<Variable_lvalue> p<816> c<805> s<811> l<84:20> el<84:25>
                                                                            n<> u<805> t<Ps_or_hierarchical_identifier> p<808> c<804> s<807> l<84:20> el<84:25>
                                                                              n<gnt_1> u<804> t<SIMPLE_IDENTIFIER> p<805> l<84:20> el<84:25>
                                                                            n<> u<807> t<Select> p<808> c<806> l<84:26> el<84:26>
                                                                              n<> u<806> t<Bit_select> p<807> l<84:26> el<84:26>
                                                                          n<> u<811> t<Delay_or_event_control> p<816> c<810> s<815> l<84:29> el<84:31>
                                                                            n<> u<810> t<Delay_control> p<811> c<809> l<84:29> el<84:31>
                                                                              n<#1> u<809> t<POUND_DELAY> p<810> l<84:29> el<84:31>
                                                                          n<> u<815> t<Expression> p<816> c<814> l<84:32> el<84:36>
                                                                            n<> u<814> t<Primary> p<815> c<813> l<84:32> el<84:36>
                                                                              n<> u<813> t<Primary_literal> p<814> c<812> l<84:32> el<84:36>
                                                                                n<> u<812> t<ONE_TICK_b1> p<813> l<84:32> el<84:36>
                                                                  n<> u<820> t<END> p<821> l<85:17> el<85:20>
                                                        n<> u<863> t<Case_item> p<865> c<862> s<864> l<86:4> el<89:22>
                                                          n<> u<862> t<Statement_or_null> p<863> c<861> l<86:14> el<89:22>
                                                            n<> u<861> t<Statement> p<862> c<860> l<86:14> el<89:22>
                                                              n<> u<860> t<Statement_item> p<861> c<859> l<86:14> el<89:22>
                                                                n<> u<859> t<Seq_block> p<860> c<841> l<86:14> el<89:22>
                                                                  n<> u<841> t<Statement_or_null> p<859> c<840> s<857> l<87:21> el<87:38>
                                                                    n<> u<840> t<Statement> p<841> c<839> l<87:21> el<87:38>
                                                                      n<> u<839> t<Statement_item> p<840> c<838> l<87:21> el<87:38>
                                                                        n<> u<838> t<Nonblocking_assignment> p<839> c<830> l<87:21> el<87:37>
                                                                          n<> u<830> t<Variable_lvalue> p<838> c<827> s<833> l<87:21> el<87:26>
                                                                            n<> u<827> t<Ps_or_hierarchical_identifier> p<830> c<826> s<829> l<87:21> el<87:26>
                                                                              n<gnt_0> u<826> t<SIMPLE_IDENTIFIER> p<827> l<87:21> el<87:26>
                                                                            n<> u<829> t<Select> p<830> c<828> l<87:27> el<87:27>
                                                                              n<> u<828> t<Bit_select> p<829> l<87:27> el<87:27>
                                                                          n<> u<833> t<Delay_or_event_control> p<838> c<832> s<837> l<87:30> el<87:32>
                                                                            n<> u<832> t<Delay_control> p<833> c<831> l<87:30> el<87:32>
                                                                              n<#1> u<831> t<POUND_DELAY> p<832> l<87:30> el<87:32>
                                                                          n<> u<837> t<Expression> p<838> c<836> l<87:33> el<87:37>
                                                                            n<> u<836> t<Primary> p<837> c<835> l<87:33> el<87:37>
                                                                              n<> u<835> t<Primary_literal> p<836> c<834> l<87:33> el<87:37>
                                                                                n<> u<834> t<ONE_TICK_b0> p<835> l<87:33> el<87:37>
                                                                  n<> u<857> t<Statement_or_null> p<859> c<856> s<858> l<88:21> el<88:38>
                                                                    n<> u<856> t<Statement> p<857> c<855> l<88:21> el<88:38>
                                                                      n<> u<855> t<Statement_item> p<856> c<854> l<88:21> el<88:38>
                                                                        n<> u<854> t<Nonblocking_assignment> p<855> c<846> l<88:21> el<88:37>
                                                                          n<> u<846> t<Variable_lvalue> p<854> c<843> s<849> l<88:21> el<88:26>
                                                                            n<> u<843> t<Ps_or_hierarchical_identifier> p<846> c<842> s<845> l<88:21> el<88:26>
                                                                              n<gnt_1> u<842> t<SIMPLE_IDENTIFIER> p<843> l<88:21> el<88:26>
                                                                            n<> u<845> t<Select> p<846> c<844> l<88:27> el<88:27>
                                                                              n<> u<844> t<Bit_select> p<845> l<88:27> el<88:27>
                                                                          n<> u<849> t<Delay_or_event_control> p<854> c<848> s<853> l<88:30> el<88:32>
                                                                            n<> u<848> t<Delay_control> p<849> c<847> l<88:30> el<88:32>
                                                                              n<#1> u<847> t<POUND_DELAY> p<848> l<88:30> el<88:32>
                                                                          n<> u<853> t<Expression> p<854> c<852> l<88:33> el<88:37>
                                                                            n<> u<852> t<Primary> p<853> c<851> l<88:33> el<88:37>
                                                                              n<> u<851> t<Primary_literal> p<852> c<850> l<88:33> el<88:37>
                                                                                n<> u<850> t<ONE_TICK_b0> p<851> l<88:33> el<88:37>
                                                                  n<> u<858> t<END> p<859> l<89:19> el<89:22>
                                                        n<> u<864> t<ENDCASE> p<865> l<90:3> el<90:10>
                                                n<> u<869> t<END> p<870> l<91:1> el<91:4>
                                n<> u<878> t<END> p<879> l<92:1> el<92:4>
        n<// End Of Block OUTPUT_LOGIC> u<891> t<LINE_COMMENT> p<893> s<892> l<92:5> el<92:33>
        n<> u<892> t<ENDMODULE> p<893> l<94:1> el<94:10>
  n<// End of Module arbiter> u<896> t<LINE_COMMENT> p<897> l<94:11> el<94:35>
AST_DEBUG_END
[INF:CP0303] $Source01/top.sv:6:1: Compile module "fsm_using_function".
[WRN:PA0205] No timescale set for "builtin".
[WRN:PA0205] $Source01/top.sv:6:1: No timescale set for "fsm_using_function".
====== HLDB =======
Design name:unnamed:
  vpiName: unnamed
  vpiSourceFile (1 items):
    SourceFile name:top.sv file:$Source01/top.sv:
      vpiParent: Design name:unnamed
      vpiName: top.sv
      vpiPreprocFile: "$Output/lib/work/top.sv"
  vpiAllPackages (1 items):
    Package name:builtin:
      vpiParent: Design name:unnamed
      vpiName Identifier name:builtin:
        vpiParent: Package name:builtin
        vpiName: builtin
      vpiFullName: builtin
      vpiClassDefn (5 items):
        ClassDefn name:array:
          vpiParent: Package name:builtin
          vpiName Identifier name:array:
            vpiParent: ClassDefn name:array
            vpiName: array
          vpiFullName: builtin::array
          vpiMethod (20 items):
            Function name:find:
              vpiParent: ClassDefn name:array
              vpiName Identifier name:find:
                vpiParent: Function name:find
                vpiName: find
              vpiFullName: builtin::array::find
              vpiReturn RefTypespec name:generic:
                vpiParent: Function name:find
                vpiName: generic
                vpiFullName: builtin::array::find::generic
            Function name:find_index:
              vpiParent: ClassDefn name:array
              vpiName Identifier name:find_index:
                vpiParent: Function name:find_index
                vpiName: find_index
              vpiFullName: builtin::array::find_index
              vpiReturn RefTypespec:
                vpiParent: Function name:find_index
                vpiFullName: builtin::array::find_index
                vpiActual: IntTypespec
            Function name:find_first:
              vpiParent: ClassDefn name:array
              vpiName Identifier name:find_first:
                vpiParent: Function name:find_first
                vpiName: find_first
              vpiFullName: builtin::array::find_first
              vpiReturn RefTypespec:
                vpiParent: Function name:find_first
                vpiFullName: builtin::array::find_first
                vpiActual: IntTypespec
            Function name:find_first_index:
              vpiParent: ClassDefn name:array
              vpiName Identifier name:find_first_index:
                vpiParent: Function name:find_first_index
                vpiName: find_first_index
              vpiFullName: builtin::array::find_first_index
              vpiReturn RefTypespec:
                vpiParent: Function name:find_first_index
                vpiFullName: builtin::array::find_first_index
                vpiActual: IntTypespec
            Function name:find_last:
              vpiParent: ClassDefn name:array
              vpiName Identifier name:find_last:
                vpiParent: Function name:find_last
                vpiName: find_last
              vpiFullName: builtin::array::find_last
              vpiReturn RefTypespec:
                vpiParent: Function name:find_last
                vpiFullName: builtin::array::find_last
                vpiActual: IntTypespec
            Function name:find_last_index:
              vpiParent: ClassDefn name:array
              vpiName Identifier name:find_last_index:
                vpiParent: Function name:find_last_index
                vpiName: find_last_index
              vpiFullName: builtin::array::find_last_index
              vpiReturn RefTypespec:
                vpiParent: Function name:find_last_index
                vpiFullName: builtin::array::find_last_index
                vpiActual: IntTypespec
            Function name:min:
              vpiParent: ClassDefn name:array
              vpiName Identifier name:min:
                vpiParent: Function name:min
                vpiName: min
              vpiFullName: builtin::array::min
              vpiReturn RefTypespec:
                vpiParent: Function name:min
                vpiFullName: builtin::array::min
                vpiActual: IntTypespec
            Function name:max:
              vpiParent: ClassDefn name:array
              vpiName Identifier name:max:
                vpiParent: Function name:max
                vpiName: max
              vpiFullName: builtin::array::max
              vpiReturn RefTypespec:
                vpiParent: Function name:max
                vpiFullName: builtin::array::max
                vpiActual: IntTypespec
            Function name:unique:
              vpiParent: ClassDefn name:array
              vpiName Identifier name:unique:
                vpiParent: Function name:unique
                vpiName: unique
              vpiFullName: builtin::array::unique
              vpiReturn RefTypespec:
                vpiParent: Function name:unique
                vpiFullName: builtin::array::unique
                vpiActual: IntTypespec
            Function name:unique_index:
              vpiParent: ClassDefn name:array
              vpiName Identifier name:unique_index:
                vpiParent: Function name:unique_index
                vpiName: unique_index
              vpiFullName: builtin::array::unique_index
              vpiReturn RefTypespec:
                vpiParent: Function name:unique_index
                vpiFullName: builtin::array::unique_index
                vpiActual: IntTypespec
            Function name:reverse:
              vpiParent: ClassDefn name:array
              vpiName Identifier name:reverse:
                vpiParent: Function name:reverse
                vpiName: reverse
              vpiFullName: builtin::array::reverse
              vpiReturn RefTypespec:
                vpiParent: Function name:reverse
                vpiFullName: builtin::array::reverse
                vpiActual: VoidTypespec
            Function name:sort:
              vpiParent: ClassDefn name:array
              vpiName Identifier name:sort:
                vpiParent: Function name:sort
                vpiName: sort
              vpiFullName: builtin::array::sort
              vpiReturn RefTypespec:
                vpiParent: Function name:sort
                vpiFullName: builtin::array::sort
                vpiActual: VoidTypespec
            Function name:rsort:
              vpiParent: ClassDefn name:array
              vpiName Identifier name:rsort:
                vpiParent: Function name:rsort
                vpiName: rsort
              vpiFullName: builtin::array::rsort
              vpiReturn RefTypespec:
                vpiParent: Function name:rsort
                vpiFullName: builtin::array::rsort
                vpiActual: VoidTypespec
            Function name:shuffle:
              vpiParent: ClassDefn name:array
              vpiName Identifier name:shuffle:
                vpiParent: Function name:shuffle
                vpiName: shuffle
              vpiFullName: builtin::array::shuffle
              vpiReturn RefTypespec:
                vpiParent: Function name:shuffle
                vpiFullName: builtin::array::shuffle
                vpiActual: VoidTypespec
            Function name:sum:
              vpiParent: ClassDefn name:array
              vpiName Identifier name:sum:
                vpiParent: Function name:sum
                vpiName: sum
              vpiFullName: builtin::array::sum
              vpiReturn RefTypespec:
                vpiParent: Function name:sum
                vpiFullName: builtin::array::sum
                vpiActual: VoidTypespec
            Function name:product:
              vpiParent: ClassDefn name:array
              vpiName Identifier name:product:
                vpiParent: Function name:product
                vpiName: product
              vpiFullName: builtin::array::product
              vpiReturn RefTypespec:
                vpiParent: Function name:product
                vpiFullName: builtin::array::product
                vpiActual: VoidTypespec
            Function name:and:
              vpiParent: ClassDefn name:array
              vpiName Identifier name:and:
                vpiParent: Function name:and
                vpiName: and
              vpiFullName: builtin::array::and
              vpiReturn RefTypespec:
                vpiParent: Function name:and
                vpiFullName: builtin::array::and
                vpiActual: VoidTypespec
            Function name:or:
              vpiParent: ClassDefn name:array
              vpiName Identifier name:or:
                vpiParent: Function name:or
                vpiName: or
              vpiFullName: builtin::array::or
              vpiReturn RefTypespec:
                vpiParent: Function name:or
                vpiFullName: builtin::array::or
                vpiActual: VoidTypespec
            Function name:xor:
              vpiParent: ClassDefn name:array
              vpiName Identifier name:xor:
                vpiParent: Function name:xor
                vpiName: xor
              vpiFullName: builtin::array::xor
              vpiReturn RefTypespec:
                vpiParent: Function name:xor
                vpiFullName: builtin::array::xor
                vpiActual: VoidTypespec
            Function name:delete:
              vpiParent: ClassDefn name:array
              vpiName Identifier name:delete:
                vpiParent: Function name:delete
                vpiName: delete
              vpiFullName: builtin::array::delete
              vpiReturn RefTypespec:
                vpiParent: Function name:delete
                vpiFullName: builtin::array::delete
                vpiActual: VoidTypespec
        ClassDefn name:queue:
          vpiParent: Package name:builtin
          vpiName Identifier name:queue:
            vpiParent: ClassDefn name:queue
            vpiName: queue
          vpiFullName: builtin::queue
          vpiMethod (7 items):
            Function name:size:
              vpiParent: ClassDefn name:queue
              vpiName Identifier name:size:
                vpiParent: Function name:size
                vpiName: size
              vpiFullName: builtin::queue::size
              vpiReturn RefTypespec:
                vpiParent: Function name:size
                vpiFullName: builtin::queue::size
                vpiActual: IntTypespec
            Function name:insert:
              vpiParent: ClassDefn name:queue
              vpiName Identifier name:insert:
                vpiParent: Function name:insert
                vpiName: insert
              vpiFullName: builtin::queue::insert
              vpiReturn RefTypespec:
                vpiParent: Function name:insert
                vpiFullName: builtin::queue::insert
                vpiActual: VoidTypespec
            Function name:delete:
              vpiParent: ClassDefn name:queue
              vpiName Identifier name:delete:
                vpiParent: Function name:delete
                vpiName: delete
              vpiFullName: builtin::queue::delete
              vpiReturn RefTypespec:
                vpiParent: Function name:delete
                vpiFullName: builtin::queue::delete
                vpiActual: VoidTypespec
            Function name:pop_front:
              vpiParent: ClassDefn name:queue
              vpiName Identifier name:pop_front:
                vpiParent: Function name:pop_front
                vpiName: pop_front
              vpiFullName: builtin::queue::pop_front
              vpiReturn RefTypespec name:generic:
                vpiParent: Function name:pop_front
                vpiName: generic
                vpiFullName: builtin::queue::pop_front::generic
            Function name:pop_back:
              vpiParent: ClassDefn name:queue
              vpiName Identifier name:pop_back:
                vpiParent: Function name:pop_back
                vpiName: pop_back
              vpiFullName: builtin::queue::pop_back
              vpiReturn RefTypespec name:generic:
                vpiParent: Function name:pop_back
                vpiName: generic
                vpiFullName: builtin::queue::pop_back::generic
            Function name:push_front:
              vpiParent: ClassDefn name:queue
              vpiName Identifier name:push_front:
                vpiParent: Function name:push_front
                vpiName: push_front
              vpiFullName: builtin::queue::push_front
              vpiReturn RefTypespec:
                vpiParent: Function name:push_front
                vpiFullName: builtin::queue::push_front
                vpiActual: VoidTypespec
            Function name:push_back:
              vpiParent: ClassDefn name:queue
              vpiName Identifier name:push_back:
                vpiParent: Function name:push_back
                vpiName: push_back
              vpiFullName: builtin::queue::push_back
              vpiReturn RefTypespec:
                vpiParent: Function name:push_back
                vpiFullName: builtin::queue::push_back
                vpiActual: VoidTypespec
        ClassDefn name:string:
          vpiParent: Package name:builtin
          vpiName Identifier name:string:
            vpiParent: ClassDefn name:string
            vpiName: string
          vpiFullName: builtin::string
          vpiMethod (14 items):
            Function name:len:
              vpiParent: ClassDefn name:string
              vpiName Identifier name:len:
                vpiParent: Function name:len
                vpiName: len
              vpiFullName: builtin::string::len
              vpiReturn RefTypespec:
                vpiParent: Function name:len
                vpiFullName: builtin::string::len
                vpiActual: IntTypespec
            Function name:putc:
              vpiParent: ClassDefn name:string
              vpiName Identifier name:putc:
                vpiParent: Function name:putc
                vpiName: putc
              vpiFullName: builtin::string::putc
              vpiReturn RefTypespec:
                vpiParent: Function name:putc
                vpiFullName: builtin::string::putc
                vpiActual: VoidTypespec
            Function name:getc:
              vpiParent: ClassDefn name:string
              vpiName Identifier name:getc:
                vpiParent: Function name:getc
                vpiName: getc
              vpiFullName: builtin::string::getc
              vpiReturn RefTypespec:
                vpiParent: Function name:getc
                vpiFullName: builtin::string::getc
                vpiActual: IntTypespec
            Function name:toupper:
              vpiParent: ClassDefn name:string
              vpiName Identifier name:toupper:
                vpiParent: Function name:toupper
                vpiName: toupper
              vpiFullName: builtin::string::toupper
              vpiReturn RefTypespec:
                vpiParent: Function name:toupper
                vpiFullName: builtin::string::toupper
                vpiActual: StringTypespec
            Function name:tolower:
              vpiParent: ClassDefn name:string
              vpiName Identifier name:tolower:
                vpiParent: Function name:tolower
                vpiName: tolower
              vpiFullName: builtin::string::tolower
              vpiReturn RefTypespec:
                vpiParent: Function name:tolower
                vpiFullName: builtin::string::tolower
                vpiActual: StringTypespec
            Function name:compare:
              vpiParent: ClassDefn name:string
              vpiName Identifier name:compare:
                vpiParent: Function name:compare
                vpiName: compare
              vpiFullName: builtin::string::compare
              vpiReturn RefTypespec:
                vpiParent: Function name:compare
                vpiFullName: builtin::string::compare
                vpiActual: IntTypespec
            Function name:icompare:
              vpiParent: ClassDefn name:string
              vpiName Identifier name:icompare:
                vpiParent: Function name:icompare
                vpiName: icompare
              vpiFullName: builtin::string::icompare
              vpiReturn RefTypespec:
                vpiParent: Function name:icompare
                vpiFullName: builtin::string::icompare
                vpiActual: IntTypespec
            Function name:substr:
              vpiParent: ClassDefn name:string
              vpiName Identifier name:substr:
                vpiParent: Function name:substr
                vpiName: substr
              vpiFullName: builtin::string::substr
              vpiReturn RefTypespec:
                vpiParent: Function name:substr
                vpiFullName: builtin::string::substr
                vpiActual: StringTypespec
            Function name:atoi:
              vpiParent: ClassDefn name:string
              vpiName Identifier name:atoi:
                vpiParent: Function name:atoi
                vpiName: atoi
              vpiFullName: builtin::string::atoi
              vpiReturn RefTypespec:
                vpiParent: Function name:atoi
                vpiFullName: builtin::string::atoi
                vpiActual: IntTypespec
            Function name:atoreal:
              vpiParent: ClassDefn name:string
              vpiName Identifier name:atoreal:
                vpiParent: Function name:atoreal
                vpiName: atoreal
              vpiFullName: builtin::string::atoreal
              vpiReturn RefTypespec:
                vpiParent: Function name:atoreal
                vpiFullName: builtin::string::atoreal
                vpiActual: RealTypespec
            Function name:itoa:
              vpiParent: ClassDefn name:string
              vpiName Identifier name:itoa:
                vpiParent: Function name:itoa
                vpiName: itoa
              vpiFullName: builtin::string::itoa
              vpiReturn RefTypespec:
                vpiParent: Function name:itoa
                vpiFullName: builtin::string::itoa
                vpiActual: VoidTypespec
            Function name:hextoa:
              vpiParent: ClassDefn name:string
              vpiName Identifier name:hextoa:
                vpiParent: Function name:hextoa
                vpiName: hextoa
              vpiFullName: builtin::string::hextoa
              vpiReturn RefTypespec:
                vpiParent: Function name:hextoa
                vpiFullName: builtin::string::hextoa
                vpiActual: VoidTypespec
            Function name:bintoa:
              vpiParent: ClassDefn name:string
              vpiName Identifier name:bintoa:
                vpiParent: Function name:bintoa
                vpiName: bintoa
              vpiFullName: builtin::string::bintoa
              vpiReturn RefTypespec:
                vpiParent: Function name:bintoa
                vpiFullName: builtin::string::bintoa
                vpiActual: VoidTypespec
            Function name:realtoa:
              vpiParent: ClassDefn name:string
              vpiName Identifier name:realtoa:
                vpiParent: Function name:realtoa
                vpiName: realtoa
              vpiFullName: builtin::string::realtoa
              vpiReturn RefTypespec:
                vpiParent: Function name:realtoa
                vpiFullName: builtin::string::realtoa
                vpiActual: VoidTypespec
        ClassDefn name:system:
          vpiParent: Package name:builtin
          vpiName Identifier name:system:
            vpiParent: ClassDefn name:system
            vpiName: system
          vpiFullName: builtin::system
          vpiMethod (106 items):
            Function name:display:
              vpiParent: ClassDefn name:system
              vpiName Identifier name:display:
                vpiParent: Function name:display
                vpiName: display
              vpiFullName: builtin::system::display
              vpiReturn RefTypespec:
                vpiParent: Function name:display
                vpiFullName: builtin::system::display
                vpiActual: VoidTypespec
            Function name:write:
              vpiParent: ClassDefn name:system
              vpiName Identifier name:write:
                vpiParent: Function name:write
                vpiName: write
              vpiFullName: builtin::system::write
              vpiReturn RefTypespec:
                vpiParent: Function name:write
                vpiFullName: builtin::system::write
                vpiActual: VoidTypespec
            Function name:strobe:
              vpiParent: ClassDefn name:system
              vpiName Identifier name:strobe:
                vpiParent: Function name:strobe
                vpiName: strobe
              vpiFullName: builtin::system::strobe
              vpiReturn RefTypespec:
                vpiParent: Function name:strobe
                vpiFullName: builtin::system::strobe
                vpiActual: VoidTypespec
            Function name:monitor:
              vpiParent: ClassDefn name:system
              vpiName Identifier name:monitor:
                vpiParent: Function name:monitor
                vpiName: monitor
              vpiFullName: builtin::system::monitor
              vpiReturn RefTypespec:
                vpiParent: Function name:monitor
                vpiFullName: builtin::system::monitor
                vpiActual: VoidTypespec
            Function name:monitoron:
              vpiParent: ClassDefn name:system
              vpiName Identifier name:monitoron:
                vpiParent: Function name:monitoron
                vpiName: monitoron
              vpiFullName: builtin::system::monitoron
              vpiReturn RefTypespec:
                vpiParent: Function name:monitoron
                vpiFullName: builtin::system::monitoron
                vpiActual: VoidTypespec
            Function name:monitoroff:
              vpiParent: ClassDefn name:system
              vpiName Identifier name:monitoroff:
                vpiParent: Function name:monitoroff
                vpiName: monitoroff
              vpiFullName: builtin::system::monitoroff
              vpiReturn RefTypespec:
                vpiParent: Function name:monitoroff
                vpiFullName: builtin::system::monitoroff
                vpiActual: VoidTypespec
            Function name:displayb:
              vpiParent: ClassDefn name:system
              vpiName Identifier name:displayb:
                vpiParent: Function name:displayb
                vpiName: displayb
              vpiFullName: builtin::system::displayb
              vpiReturn RefTypespec:
                vpiParent: Function name:displayb
                vpiFullName: builtin::system::displayb
                vpiActual: VoidTypespec
            Function name:writeb:
              vpiParent: ClassDefn name:system
              vpiName Identifier name:writeb:
                vpiParent: Function name:writeb
                vpiName: writeb
              vpiFullName: builtin::system::writeb
              vpiReturn RefTypespec:
                vpiParent: Function name:writeb
                vpiFullName: builtin::system::writeb
                vpiActual: VoidTypespec
            Function name:strobeb:
              vpiParent: ClassDefn name:system
              vpiName Identifier name:strobeb:
                vpiParent: Function name:strobeb
                vpiName: strobeb
              vpiFullName: builtin::system::strobeb
              vpiReturn RefTypespec:
                vpiParent: Function name:strobeb
                vpiFullName: builtin::system::strobeb
                vpiActual: VoidTypespec
            Function name:monitorb:
              vpiParent: ClassDefn name:system
              vpiName Identifier name:monitorb:
                vpiParent: Function name:monitorb
                vpiName: monitorb
              vpiFullName: builtin::system::monitorb
              vpiReturn RefTypespec:
                vpiParent: Function name:monitorb
                vpiFullName: builtin::system::monitorb
                vpiActual: VoidTypespec
            Function name:displayo:
              vpiParent: ClassDefn name:system
              vpiName Identifier name:displayo:
                vpiParent: Function name:displayo
                vpiName: displayo
              vpiFullName: builtin::system::displayo
              vpiReturn RefTypespec:
                vpiParent: Function name:displayo
                vpiFullName: builtin::system::displayo
                vpiActual: VoidTypespec
            Function name:writeo:
              vpiParent: ClassDefn name:system
              vpiName Identifier name:writeo:
                vpiParent: Function name:writeo
                vpiName: writeo
              vpiFullName: builtin::system::writeo
              vpiReturn RefTypespec:
                vpiParent: Function name:writeo
                vpiFullName: builtin::system::writeo
                vpiActual: VoidTypespec
            Function name:strobeo:
              vpiParent: ClassDefn name:system
              vpiName Identifier name:strobeo:
                vpiParent: Function name:strobeo
                vpiName: strobeo
              vpiFullName: builtin::system::strobeo
              vpiReturn RefTypespec:
                vpiParent: Function name:strobeo
                vpiFullName: builtin::system::strobeo
                vpiActual: VoidTypespec
            Function name:monitoro:
              vpiParent: ClassDefn name:system
              vpiName Identifier name:monitoro:
                vpiParent: Function name:monitoro
                vpiName: monitoro
              vpiFullName: builtin::system::monitoro
              vpiReturn RefTypespec:
                vpiParent: Function name:monitoro
                vpiFullName: builtin::system::monitoro
                vpiActual: VoidTypespec
            Function name:displayh:
              vpiParent: ClassDefn name:system
              vpiName Identifier name:displayh:
                vpiParent: Function name:displayh
                vpiName: displayh
              vpiFullName: builtin::system::displayh
              vpiReturn RefTypespec:
                vpiParent: Function name:displayh
                vpiFullName: builtin::system::displayh
                vpiActual: VoidTypespec
            Function name:writeh:
              vpiParent: ClassDefn name:system
              vpiName Identifier name:writeh:
                vpiParent: Function name:writeh
                vpiName: writeh
              vpiFullName: builtin::system::writeh
              vpiReturn RefTypespec:
                vpiParent: Function name:writeh
                vpiFullName: builtin::system::writeh
                vpiActual: VoidTypespec
            Function name:strobeh:
              vpiParent: ClassDefn name:system
              vpiName Identifier name:strobeh:
                vpiParent: Function name:strobeh
                vpiName: strobeh
              vpiFullName: builtin::system::strobeh
              vpiReturn RefTypespec:
                vpiParent: Function name:strobeh
                vpiFullName: builtin::system::strobeh
                vpiActual: VoidTypespec
            Function name:monitorh:
              vpiParent: ClassDefn name:system
              vpiName Identifier name:monitorh:
                vpiParent: Function name:monitorh
                vpiName: monitorh
              vpiFullName: builtin::system::monitorh
              vpiReturn RefTypespec:
                vpiParent: Function name:monitorh
                vpiFullName: builtin::system::monitorh
                vpiActual: VoidTypespec
            Function name:fopen:
              vpiParent: ClassDefn name:system
              vpiName Identifier name:fopen:
                vpiParent: Function name:fopen
                vpiName: fopen
              vpiFullName: builtin::system::fopen
              vpiReturn RefTypespec:
                vpiParent: Function name:fopen
                vpiFullName: builtin::system::fopen
                vpiActual: VoidTypespec
            Function name:fclose:
              vpiParent: ClassDefn name:system
              vpiName Identifier name:fclose:
                vpiParent: Function name:fclose
                vpiName: fclose
              vpiFullName: builtin::system::fclose
              vpiReturn RefTypespec:
                vpiParent: Function name:fclose
                vpiFullName: builtin::system::fclose
                vpiActual: VoidTypespec
            Function name:frewind:
              vpiParent: ClassDefn name:system
              vpiName Identifier name:frewind:
                vpiParent: Function name:frewind
                vpiName: frewind
              vpiFullName: builtin::system::frewind
              vpiReturn RefTypespec:
                vpiParent: Function name:frewind
                vpiFullName: builtin::system::frewind
                vpiActual: VoidTypespec
            Function name:fflush:
              vpiParent: ClassDefn name:system
              vpiName Identifier name:fflush:
                vpiParent: Function name:fflush
                vpiName: fflush
              vpiFullName: builtin::system::fflush
              vpiReturn RefTypespec:
                vpiParent: Function name:fflush
                vpiFullName: builtin::system::fflush
                vpiActual: VoidTypespec
            Function name:fseek:
              vpiParent: ClassDefn name:system
              vpiName Identifier name:fseek:
                vpiParent: Function name:fseek
                vpiName: fseek
              vpiFullName: builtin::system::fseek
              vpiReturn RefTypespec:
                vpiParent: Function name:fseek
                vpiFullName: builtin::system::fseek
                vpiActual: VoidTypespec
            Function name:ftell:
              vpiParent: ClassDefn name:system
              vpiName Identifier name:ftell:
                vpiParent: Function name:ftell
                vpiName: ftell
              vpiFullName: builtin::system::ftell
              vpiReturn RefTypespec:
                vpiParent: Function name:ftell
                vpiFullName: builtin::system::ftell
                vpiActual: VoidTypespec
            Function name:fdisplay:
              vpiParent: ClassDefn name:system
              vpiName Identifier name:fdisplay:
                vpiParent: Function name:fdisplay
                vpiName: fdisplay
              vpiFullName: builtin::system::fdisplay
              vpiReturn RefTypespec:
                vpiParent: Function name:fdisplay
                vpiFullName: builtin::system::fdisplay
                vpiActual: VoidTypespec
            Function name:fwrite:
              vpiParent: ClassDefn name:system
              vpiName Identifier name:fwrite:
                vpiParent: Function name:fwrite
                vpiName: fwrite
              vpiFullName: builtin::system::fwrite
              vpiReturn RefTypespec:
                vpiParent: Function name:fwrite
                vpiFullName: builtin::system::fwrite
                vpiActual: VoidTypespec
            Function name:swrite:
              vpiParent: ClassDefn name:system
              vpiName Identifier name:swrite:
                vpiParent: Function name:swrite
                vpiName: swrite
              vpiFullName: builtin::system::swrite
              vpiReturn RefTypespec:
                vpiParent: Function name:swrite
                vpiFullName: builtin::system::swrite
                vpiActual: VoidTypespec
            Function name:fstrobe:
              vpiParent: ClassDefn name:system
              vpiName Identifier name:fstrobe:
                vpiParent: Function name:fstrobe
                vpiName: fstrobe
              vpiFullName: builtin::system::fstrobe
              vpiReturn RefTypespec:
                vpiParent: Function name:fstrobe
                vpiFullName: builtin::system::fstrobe
                vpiActual: VoidTypespec
            Function name:fmonitor:
              vpiParent: ClassDefn name:system
              vpiName Identifier name:fmonitor:
                vpiParent: Function name:fmonitor
                vpiName: fmonitor
              vpiFullName: builtin::system::fmonitor
              vpiReturn RefTypespec:
                vpiParent: Function name:fmonitor
                vpiFullName: builtin::system::fmonitor
                vpiActual: VoidTypespec
            Function name:fread:
              vpiParent: ClassDefn name:system
              vpiName Identifier name:fread:
                vpiParent: Function name:fread
                vpiName: fread
              vpiFullName: builtin::system::fread
              vpiReturn RefTypespec:
                vpiParent: Function name:fread
                vpiFullName: builtin::system::fread
                vpiActual: VoidTypespec
            Function name:fscanf:
              vpiParent: ClassDefn name:system
              vpiName Identifier name:fscanf:
                vpiParent: Function name:fscanf
                vpiName: fscanf
              vpiFullName: builtin::system::fscanf
              vpiReturn RefTypespec:
                vpiParent: Function name:fscanf
                vpiFullName: builtin::system::fscanf
                vpiActual: VoidTypespec
            Function name:fdisplayb:
              vpiParent: ClassDefn name:system
              vpiName Identifier name:fdisplayb:
                vpiParent: Function name:fdisplayb
                vpiName: fdisplayb
              vpiFullName: builtin::system::fdisplayb
              vpiReturn RefTypespec:
                vpiParent: Function name:fdisplayb
                vpiFullName: builtin::system::fdisplayb
                vpiActual: VoidTypespec
            Function name:fwriteb:
              vpiParent: ClassDefn name:system
              vpiName Identifier name:fwriteb:
                vpiParent: Function name:fwriteb
                vpiName: fwriteb
              vpiFullName: builtin::system::fwriteb
              vpiReturn RefTypespec:
                vpiParent: Function name:fwriteb
                vpiFullName: builtin::system::fwriteb
                vpiActual: VoidTypespec
            Function name:swriteb:
              vpiParent: ClassDefn name:system
              vpiName Identifier name:swriteb:
                vpiParent: Function name:swriteb
                vpiName: swriteb
              vpiFullName: builtin::system::swriteb
              vpiReturn RefTypespec:
                vpiParent: Function name:swriteb
                vpiFullName: builtin::system::swriteb
                vpiActual: VoidTypespec
            Function name:fstrobeb:
              vpiParent: ClassDefn name:system
              vpiName Identifier name:fstrobeb:
                vpiParent: Function name:fstrobeb
                vpiName: fstrobeb
              vpiFullName: builtin::system::fstrobeb
              vpiReturn RefTypespec:
                vpiParent: Function name:fstrobeb
                vpiFullName: builtin::system::fstrobeb
                vpiActual: VoidTypespec
            Function name:fmonitorb:
              vpiParent: ClassDefn name:system
              vpiName Identifier name:fmonitorb:
                vpiParent: Function name:fmonitorb
                vpiName: fmonitorb
              vpiFullName: builtin::system::fmonitorb
              vpiReturn RefTypespec:
                vpiParent: Function name:fmonitorb
                vpiFullName: builtin::system::fmonitorb
                vpiActual: VoidTypespec
            Function name:fdisplayo:
              vpiParent: ClassDefn name:system
              vpiName Identifier name:fdisplayo:
                vpiParent: Function name:fdisplayo
                vpiName: fdisplayo
              vpiFullName: builtin::system::fdisplayo
              vpiReturn RefTypespec:
                vpiParent: Function name:fdisplayo
                vpiFullName: builtin::system::fdisplayo
                vpiActual: VoidTypespec
            Function name:fwriteo:
              vpiParent: ClassDefn name:system
              vpiName Identifier name:fwriteo:
                vpiParent: Function name:fwriteo
                vpiName: fwriteo
              vpiFullName: builtin::system::fwriteo
              vpiReturn RefTypespec:
                vpiParent: Function name:fwriteo
                vpiFullName: builtin::system::fwriteo
                vpiActual: VoidTypespec
            Function name:swriteo:
              vpiParent: ClassDefn name:system
              vpiName Identifier name:swriteo:
                vpiParent: Function name:swriteo
                vpiName: swriteo
              vpiFullName: builtin::system::swriteo
              vpiReturn RefTypespec:
                vpiParent: Function name:swriteo
                vpiFullName: builtin::system::swriteo
                vpiActual: VoidTypespec
            Function name:fstrobeo:
              vpiParent: ClassDefn name:system
              vpiName Identifier name:fstrobeo:
                vpiParent: Function name:fstrobeo
                vpiName: fstrobeo
              vpiFullName: builtin::system::fstrobeo
              vpiReturn RefTypespec:
                vpiParent: Function name:fstrobeo
                vpiFullName: builtin::system::fstrobeo
                vpiActual: VoidTypespec
            Function name:fmonitoro:
              vpiParent: ClassDefn name:system
              vpiName Identifier name:fmonitoro:
                vpiParent: Function name:fmonitoro
                vpiName: fmonitoro
              vpiFullName: builtin::system::fmonitoro
              vpiReturn RefTypespec:
                vpiParent: Function name:fmonitoro
                vpiFullName: builtin::system::fmonitoro
                vpiActual: VoidTypespec
            Function name:fdisplayh:
              vpiParent: ClassDefn name:system
              vpiName Identifier name:fdisplayh:
                vpiParent: Function name:fdisplayh
                vpiName: fdisplayh
              vpiFullName: builtin::system::fdisplayh
              vpiReturn RefTypespec:
                vpiParent: Function name:fdisplayh
                vpiFullName: builtin::system::fdisplayh
                vpiActual: VoidTypespec
            Function name:fwriteh:
              vpiParent: ClassDefn name:system
              vpiName Identifier name:fwriteh:
                vpiParent: Function name:fwriteh
                vpiName: fwriteh
              vpiFullName: builtin::system::fwriteh
              vpiReturn RefTypespec:
                vpiParent: Function name:fwriteh
                vpiFullName: builtin::system::fwriteh
                vpiActual: VoidTypespec
            Function name:swriteh:
              vpiParent: ClassDefn name:system
              vpiName Identifier name:swriteh:
                vpiParent: Function name:swriteh
                vpiName: swriteh
              vpiFullName: builtin::system::swriteh
              vpiReturn RefTypespec:
                vpiParent: Function name:swriteh
                vpiFullName: builtin::system::swriteh
                vpiActual: VoidTypespec
            Function name:fstrobeh:
              vpiParent: ClassDefn name:system
              vpiName Identifier name:fstrobeh:
                vpiParent: Function name:fstrobeh
                vpiName: fstrobeh
              vpiFullName: builtin::system::fstrobeh
              vpiReturn RefTypespec:
                vpiParent: Function name:fstrobeh
                vpiFullName: builtin::system::fstrobeh
                vpiActual: VoidTypespec
            Function name:fmonitorh:
              vpiParent: ClassDefn name:system
              vpiName Identifier name:fmonitorh:
                vpiParent: Function name:fmonitorh
                vpiName: fmonitorh
              vpiFullName: builtin::system::fmonitorh
              vpiReturn RefTypespec:
                vpiParent: Function name:fmonitorh
                vpiFullName: builtin::system::fmonitorh
                vpiActual: VoidTypespec
            Function name:sscanf:
              vpiParent: ClassDefn name:system
              vpiName Identifier name:sscanf:
                vpiParent: Function name:sscanf
                vpiName: sscanf
              vpiFullName: builtin::system::sscanf
              vpiReturn RefTypespec:
                vpiParent: Function name:sscanf
                vpiFullName: builtin::system::sscanf
                vpiActual: VoidTypespec
            Function name:sdf_annotate:
              vpiParent: ClassDefn name:system
              vpiName Identifier name:sdf_annotate:
                vpiParent: Function name:sdf_annotate
                vpiName: sdf_annotate
              vpiFullName: builtin::system::sdf_annotate
              vpiReturn RefTypespec:
                vpiParent: Function name:sdf_annotate
                vpiFullName: builtin::system::sdf_annotate
                vpiActual: VoidTypespec
            Function name:sformat:
              vpiParent: ClassDefn name:system
              vpiName Identifier name:sformat:
                vpiParent: Function name:sformat
                vpiName: sformat
              vpiFullName: builtin::system::sformat
              vpiReturn RefTypespec:
                vpiParent: Function name:sformat
                vpiFullName: builtin::system::sformat
                vpiActual: VoidTypespec
            Function name:cast:
              vpiParent: ClassDefn name:system
              vpiName Identifier name:cast:
                vpiParent: Function name:cast
                vpiName: cast
              vpiFullName: builtin::system::cast
              vpiReturn RefTypespec:
                vpiParent: Function name:cast
                vpiFullName: builtin::system::cast
                vpiActual: VoidTypespec
            Function name:assertkill:
              vpiParent: ClassDefn name:system
              vpiName Identifier name:assertkill:
                vpiParent: Function name:assertkill
                vpiName: assertkill
              vpiFullName: builtin::system::assertkill
              vpiReturn RefTypespec:
                vpiParent: Function name:assertkill
                vpiFullName: builtin::system::assertkill
                vpiActual: VoidTypespec
            Function name:assertoff:
              vpiParent: ClassDefn name:system
              vpiName Identifier name:assertoff:
                vpiParent: Function name:assertoff
                vpiName: assertoff
              vpiFullName: builtin::system::assertoff
              vpiReturn RefTypespec:
                vpiParent: Function name:assertoff
                vpiFullName: builtin::system::assertoff
                vpiActual: VoidTypespec
            Function name:asserton:
              vpiParent: ClassDefn name:system
              vpiName Identifier name:asserton:
                vpiParent: Function name:asserton
                vpiName: asserton
              vpiFullName: builtin::system::asserton
              vpiReturn RefTypespec:
                vpiParent: Function name:asserton
                vpiFullName: builtin::system::asserton
                vpiActual: VoidTypespec
            Function name:bits:
              vpiParent: ClassDefn name:system
              vpiName Identifier name:bits:
                vpiParent: Function name:bits
                vpiName: bits
              vpiFullName: builtin::system::bits
              vpiReturn RefTypespec:
                vpiParent: Function name:bits
                vpiFullName: builtin::system::bits
                vpiActual: VoidTypespec
            Function name:bitstoshortreal:
              vpiParent: ClassDefn name:system
              vpiName Identifier name:bitstoshortreal:
                vpiParent: Function name:bitstoshortreal
                vpiName: bitstoshortreal
              vpiFullName: builtin::system::bitstoshortreal
              vpiReturn RefTypespec:
                vpiParent: Function name:bitstoshortreal
                vpiFullName: builtin::system::bitstoshortreal
                vpiActual: VoidTypespec
            Function name:countones:
              vpiParent: ClassDefn name:system
              vpiName Identifier name:countones:
                vpiParent: Function name:countones
                vpiName: countones
              vpiFullName: builtin::system::countones
              vpiReturn RefTypespec:
                vpiParent: Function name:countones
                vpiFullName: builtin::system::countones
                vpiActual: VoidTypespec
            Function name:coverage_control:
              vpiParent: ClassDefn name:system
              vpiName Identifier name:coverage_control:
                vpiParent: Function name:coverage_control
                vpiName: coverage_control
              vpiFullName: builtin::system::coverage_control
              vpiReturn RefTypespec:
                vpiParent: Function name:coverage_control
                vpiFullName: builtin::system::coverage_control
                vpiActual: VoidTypespec
            Function name:coverage_merge:
              vpiParent: ClassDefn name:system
              vpiName Identifier name:coverage_merge:
                vpiParent: Function name:coverage_merge
                vpiName: coverage_merge
              vpiFullName: builtin::system::coverage_merge
              vpiReturn RefTypespec:
                vpiParent: Function name:coverage_merge
                vpiFullName: builtin::system::coverage_merge
                vpiActual: VoidTypespec
            Function name:coverage_save:
              vpiParent: ClassDefn name:system
              vpiName Identifier name:coverage_save:
                vpiParent: Function name:coverage_save
                vpiName: coverage_save
              vpiFullName: builtin::system::coverage_save
              vpiReturn RefTypespec:
                vpiParent: Function name:coverage_save
                vpiFullName: builtin::system::coverage_save
                vpiActual: VoidTypespec
            Function name:dimensions:
              vpiParent: ClassDefn name:system
              vpiName Identifier name:dimensions:
                vpiParent: Function name:dimensions
                vpiName: dimensions
              vpiFullName: builtin::system::dimensions
              vpiReturn RefTypespec:
                vpiParent: Function name:dimensions
                vpiFullName: builtin::system::dimensions
                vpiActual: VoidTypespec
            Function name:error:
              vpiParent: ClassDefn name:system
              vpiName Identifier name:error:
                vpiParent: Function name:error
                vpiName: error
              vpiFullName: builtin::system::error
              vpiReturn RefTypespec:
                vpiParent: Function name:error
                vpiFullName: builtin::system::error
                vpiActual: VoidTypespec
            Function name:exit:
              vpiParent: ClassDefn name:system
              vpiName Identifier name:exit:
                vpiParent: Function name:exit
                vpiName: exit
              vpiFullName: builtin::system::exit
              vpiReturn RefTypespec:
                vpiParent: Function name:exit
                vpiFullName: builtin::system::exit
                vpiActual: VoidTypespec
            Function name:fatal:
              vpiParent: ClassDefn name:system
              vpiName Identifier name:fatal:
                vpiParent: Function name:fatal
                vpiName: fatal
              vpiFullName: builtin::system::fatal
              vpiReturn RefTypespec:
                vpiParent: Function name:fatal
                vpiFullName: builtin::system::fatal
                vpiActual: VoidTypespec
            Function name:fell:
              vpiParent: ClassDefn name:system
              vpiName Identifier name:fell:
                vpiParent: Function name:fell
                vpiName: fell
              vpiFullName: builtin::system::fell
              vpiReturn RefTypespec:
                vpiParent: Function name:fell
                vpiFullName: builtin::system::fell
                vpiActual: VoidTypespec
            Function name:get_coverage:
              vpiParent: ClassDefn name:system
              vpiName Identifier name:get_coverage:
                vpiParent: Function name:get_coverage
                vpiName: get_coverage
              vpiFullName: builtin::system::get_coverage
              vpiReturn RefTypespec:
                vpiParent: Function name:get_coverage
                vpiFullName: builtin::system::get_coverage
                vpiActual: VoidTypespec
            Function name:coverage_get:
              vpiParent: ClassDefn name:system
              vpiName Identifier name:coverage_get:
                vpiParent: Function name:coverage_get
                vpiName: coverage_get
              vpiFullName: builtin::system::coverage_get
              vpiReturn RefTypespec:
                vpiParent: Function name:coverage_get
                vpiFullName: builtin::system::coverage_get
                vpiActual: VoidTypespec
            Function name:coverage_get_max:
              vpiParent: ClassDefn name:system
              vpiName Identifier name:coverage_get_max:
                vpiParent: Function name:coverage_get_max
                vpiName: coverage_get_max
              vpiFullName: builtin::system::coverage_get_max
              vpiReturn RefTypespec:
                vpiParent: Function name:coverage_get_max
                vpiFullName: builtin::system::coverage_get_max
                vpiActual: VoidTypespec
            Function name:high:
              vpiParent: ClassDefn name:system
              vpiName Identifier name:high:
                vpiParent: Function name:high
                vpiName: high
              vpiFullName: builtin::system::high
              vpiReturn RefTypespec:
                vpiParent: Function name:high
                vpiFullName: builtin::system::high
                vpiActual: VoidTypespec
            Function name:increment:
              vpiParent: ClassDefn name:system
              vpiName Identifier name:increment:
                vpiParent: Function name:increment
                vpiName: increment
              vpiFullName: builtin::system::increment
              vpiReturn RefTypespec:
                vpiParent: Function name:increment
                vpiFullName: builtin::system::increment
                vpiActual: VoidTypespec
            Function name:info:
              vpiParent: ClassDefn name:system
              vpiName Identifier name:info:
                vpiParent: Function name:info
                vpiName: info
              vpiFullName: builtin::system::info
              vpiReturn RefTypespec:
                vpiParent: Function name:info
                vpiFullName: builtin::system::info
                vpiActual: VoidTypespec
            Function name:isunbounded:
              vpiParent: ClassDefn name:system
              vpiName Identifier name:isunbounded:
                vpiParent: Function name:isunbounded
                vpiName: isunbounded
              vpiFullName: builtin::system::isunbounded
              vpiReturn RefTypespec:
                vpiParent: Function name:isunbounded
                vpiFullName: builtin::system::isunbounded
                vpiActual: VoidTypespec
            Function name:isunknown:
              vpiParent: ClassDefn name:system
              vpiName Identifier name:isunknown:
                vpiParent: Function name:isunknown
                vpiName: isunknown
              vpiFullName: builtin::system::isunknown
              vpiReturn RefTypespec:
                vpiParent: Function name:isunknown
                vpiFullName: builtin::system::isunknown
                vpiActual: VoidTypespec
            Function name:left:
              vpiParent: ClassDefn name:system
              vpiName Identifier name:left:
                vpiParent: Function name:left
                vpiName: left
              vpiFullName: builtin::system::left
              vpiReturn RefTypespec:
                vpiParent: Function name:left
                vpiFullName: builtin::system::left
                vpiActual: VoidTypespec
            Function name:load_coverage_db:
              vpiParent: ClassDefn name:system
              vpiName Identifier name:load_coverage_db:
                vpiParent: Function name:load_coverage_db
                vpiName: load_coverage_db
              vpiFullName: builtin::system::load_coverage_db
              vpiReturn RefTypespec:
                vpiParent: Function name:load_coverage_db
                vpiFullName: builtin::system::load_coverage_db
                vpiActual: VoidTypespec
            Function name:low:
              vpiParent: ClassDefn name:system
              vpiName Identifier name:low:
                vpiParent: Function name:low
                vpiName: low
              vpiFullName: builtin::system::low
              vpiReturn RefTypespec:
                vpiParent: Function name:low
                vpiFullName: builtin::system::low
                vpiActual: VoidTypespec
            Function name:onehot:
              vpiParent: ClassDefn name:system
              vpiName Identifier name:onehot:
                vpiParent: Function name:onehot
                vpiName: onehot
              vpiFullName: builtin::system::onehot
              vpiReturn RefTypespec:
                vpiParent: Function name:onehot
                vpiFullName: builtin::system::onehot
                vpiActual: VoidTypespec
            Function name:past:
              vpiParent: ClassDefn name:system
              vpiName Identifier name:past:
                vpiParent: Function name:past
                vpiName: past
              vpiFullName: builtin::system::past
              vpiReturn RefTypespec:
                vpiParent: Function name:past
                vpiFullName: builtin::system::past
                vpiActual: VoidTypespec
            Function name:readmemb:
              vpiParent: ClassDefn name:system
              vpiName Identifier name:readmemb:
                vpiParent: Function name:readmemb
                vpiName: readmemb
              vpiFullName: builtin::system::readmemb
              vpiReturn RefTypespec:
                vpiParent: Function name:readmemb
                vpiFullName: builtin::system::readmemb
                vpiActual: VoidTypespec
            Function name:readmemh:
              vpiParent: ClassDefn name:system
              vpiName Identifier name:readmemh:
                vpiParent: Function name:readmemh
                vpiName: readmemh
              vpiFullName: builtin::system::readmemh
              vpiReturn RefTypespec:
                vpiParent: Function name:readmemh
                vpiFullName: builtin::system::readmemh
                vpiActual: VoidTypespec
            Function name:right:
              vpiParent: ClassDefn name:system
              vpiName Identifier name:right:
                vpiParent: Function name:right
                vpiName: right
              vpiFullName: builtin::system::right
              vpiReturn RefTypespec:
                vpiParent: Function name:right
                vpiFullName: builtin::system::right
                vpiActual: VoidTypespec
            Function name:root:
              vpiParent: ClassDefn name:system
              vpiName Identifier name:root:
                vpiParent: Function name:root
                vpiName: root
              vpiFullName: builtin::system::root
              vpiReturn RefTypespec:
                vpiParent: Function name:root
                vpiFullName: builtin::system::root
                vpiActual: VoidTypespec
            Function name:rose:
              vpiParent: ClassDefn name:system
              vpiName Identifier name:rose:
                vpiParent: Function name:rose
                vpiName: rose
              vpiFullName: builtin::system::rose
              vpiReturn RefTypespec:
                vpiParent: Function name:rose
                vpiFullName: builtin::system::rose
                vpiActual: VoidTypespec
            Function name:sampled:
              vpiParent: ClassDefn name:system
              vpiName Identifier name:sampled:
                vpiParent: Function name:sampled
                vpiName: sampled
              vpiFullName: builtin::system::sampled
              vpiReturn RefTypespec:
                vpiParent: Function name:sampled
                vpiFullName: builtin::system::sampled
                vpiActual: VoidTypespec
            Function name:set_coverage_db_name:
              vpiParent: ClassDefn name:system
              vpiName Identifier name:set_coverage_db_name:
                vpiParent: Function name:set_coverage_db_name
                vpiName: set_coverage_db_name
              vpiFullName: builtin::system::set_coverage_db_name
              vpiReturn RefTypespec:
                vpiParent: Function name:set_coverage_db_name
                vpiFullName: builtin::system::set_coverage_db_name
                vpiActual: VoidTypespec
            Function name:shortrealtobits:
              vpiParent: ClassDefn name:system
              vpiName Identifier name:shortrealtobits:
                vpiParent: Function name:shortrealtobits
                vpiName: shortrealtobits
              vpiFullName: builtin::system::shortrealtobits
              vpiReturn RefTypespec:
                vpiParent: Function name:shortrealtobits
                vpiFullName: builtin::system::shortrealtobits
                vpiActual: VoidTypespec
            Function name:size:
              vpiParent: ClassDefn name:system
              vpiName Identifier name:size:
                vpiParent: Function name:size
                vpiName: size
              vpiFullName: builtin::system::size
              vpiReturn RefTypespec:
                vpiParent: Function name:size
                vpiFullName: builtin::system::size
                vpiActual: VoidTypespec
            Function name:stable:
              vpiParent: ClassDefn name:system
              vpiName Identifier name:stable:
                vpiParent: Function name:stable
                vpiName: stable
              vpiFullName: builtin::system::stable
              vpiReturn RefTypespec:
                vpiParent: Function name:stable
                vpiFullName: builtin::system::stable
                vpiActual: VoidTypespec
            Function name:typename:
              vpiParent: ClassDefn name:system
              vpiName Identifier name:typename:
                vpiParent: Function name:typename
                vpiName: typename
              vpiFullName: builtin::system::typename
              vpiReturn RefTypespec:
                vpiParent: Function name:typename
                vpiFullName: builtin::system::typename
                vpiActual: VoidTypespec
            Function name:typeof:
              vpiParent: ClassDefn name:system
              vpiName Identifier name:typeof:
                vpiParent: Function name:typeof
                vpiName: typeof
              vpiFullName: builtin::system::typeof
              vpiReturn RefTypespec:
                vpiParent: Function name:typeof
                vpiFullName: builtin::system::typeof
                vpiActual: VoidTypespec
            Function name:unit:
              vpiParent: ClassDefn name:system
              vpiName Identifier name:unit:
                vpiParent: Function name:unit
                vpiName: unit
              vpiFullName: builtin::system::unit
              vpiReturn RefTypespec:
                vpiParent: Function name:unit
                vpiFullName: builtin::system::unit
                vpiActual: VoidTypespec
            Function name:urandom:
              vpiParent: ClassDefn name:system
              vpiName Identifier name:urandom:
                vpiParent: Function name:urandom
                vpiName: urandom
              vpiFullName: builtin::system::urandom
              vpiReturn RefTypespec:
                vpiParent: Function name:urandom
                vpiFullName: builtin::system::urandom
                vpiActual: VoidTypespec
            Function name:srandom:
              vpiParent: ClassDefn name:system
              vpiName Identifier name:srandom:
                vpiParent: Function name:srandom
                vpiName: srandom
              vpiFullName: builtin::system::srandom
              vpiReturn RefTypespec:
                vpiParent: Function name:srandom
                vpiFullName: builtin::system::srandom
                vpiActual: VoidTypespec
            Function name:urandom_range:
              vpiParent: ClassDefn name:system
              vpiName Identifier name:urandom_range:
                vpiParent: Function name:urandom_range
                vpiName: urandom_range
              vpiFullName: builtin::system::urandom_range
              vpiReturn RefTypespec:
                vpiParent: Function name:urandom_range
                vpiFullName: builtin::system::urandom_range
                vpiActual: VoidTypespec
            Function name:set_randstate:
              vpiParent: ClassDefn name:system
              vpiName Identifier name:set_randstate:
                vpiParent: Function name:set_randstate
                vpiName: set_randstate
              vpiFullName: builtin::system::set_randstate
              vpiReturn RefTypespec:
                vpiParent: Function name:set_randstate
                vpiFullName: builtin::system::set_randstate
                vpiActual: VoidTypespec
            Function name:get_randstate:
              vpiParent: ClassDefn name:system
              vpiName Identifier name:get_randstate:
                vpiParent: Function name:get_randstate
                vpiName: get_randstate
              vpiFullName: builtin::system::get_randstate
              vpiReturn RefTypespec:
                vpiParent: Function name:get_randstate
                vpiFullName: builtin::system::get_randstate
                vpiActual: VoidTypespec
            Function name:dist_uniform:
              vpiParent: ClassDefn name:system
              vpiName Identifier name:dist_uniform:
                vpiParent: Function name:dist_uniform
                vpiName: dist_uniform
              vpiFullName: builtin::system::dist_uniform
              vpiReturn RefTypespec:
                vpiParent: Function name:dist_uniform
                vpiFullName: builtin::system::dist_uniform
                vpiActual: VoidTypespec
            Function name:dist_normal:
              vpiParent: ClassDefn name:system
              vpiName Identifier name:dist_normal:
                vpiParent: Function name:dist_normal
                vpiName: dist_normal
              vpiFullName: builtin::system::dist_normal
              vpiReturn RefTypespec:
                vpiParent: Function name:dist_normal
                vpiFullName: builtin::system::dist_normal
                vpiActual: VoidTypespec
            Function name:dist_exponential:
              vpiParent: ClassDefn name:system
              vpiName Identifier name:dist_exponential:
                vpiParent: Function name:dist_exponential
                vpiName: dist_exponential
              vpiFullName: builtin::system::dist_exponential
              vpiReturn RefTypespec:
                vpiParent: Function name:dist_exponential
                vpiFullName: builtin::system::dist_exponential
                vpiActual: VoidTypespec
            Function name:dist_poisson:
              vpiParent: ClassDefn name:system
              vpiName Identifier name:dist_poisson:
                vpiParent: Function name:dist_poisson
                vpiName: dist_poisson
              vpiFullName: builtin::system::dist_poisson
              vpiReturn RefTypespec:
                vpiParent: Function name:dist_poisson
                vpiFullName: builtin::system::dist_poisson
                vpiActual: VoidTypespec
            Function name:dist_chi_square:
              vpiParent: ClassDefn name:system
              vpiName Identifier name:dist_chi_square:
                vpiParent: Function name:dist_chi_square
                vpiName: dist_chi_square
              vpiFullName: builtin::system::dist_chi_square
              vpiReturn RefTypespec:
                vpiParent: Function name:dist_chi_square
                vpiFullName: builtin::system::dist_chi_square
                vpiActual: VoidTypespec
            Function name:dist_t:
              vpiParent: ClassDefn name:system
              vpiName Identifier name:dist_t:
                vpiParent: Function name:dist_t
                vpiName: dist_t
              vpiFullName: builtin::system::dist_t
              vpiReturn RefTypespec:
                vpiParent: Function name:dist_t
                vpiFullName: builtin::system::dist_t
                vpiActual: VoidTypespec
            Function name:dist_erlang:
              vpiParent: ClassDefn name:system
              vpiName Identifier name:dist_erlang:
                vpiParent: Function name:dist_erlang
                vpiName: dist_erlang
              vpiFullName: builtin::system::dist_erlang
              vpiReturn RefTypespec:
                vpiParent: Function name:dist_erlang
                vpiFullName: builtin::system::dist_erlang
                vpiActual: VoidTypespec
            Function name:warning:
              vpiParent: ClassDefn name:system
              vpiName Identifier name:warning:
                vpiParent: Function name:warning
                vpiName: warning
              vpiFullName: builtin::system::warning
              vpiReturn RefTypespec:
                vpiParent: Function name:warning
                vpiFullName: builtin::system::warning
                vpiActual: VoidTypespec
            Function name:writememb:
              vpiParent: ClassDefn name:system
              vpiName Identifier name:writememb:
                vpiParent: Function name:writememb
                vpiName: writememb
              vpiFullName: builtin::system::writememb
              vpiReturn RefTypespec:
                vpiParent: Function name:writememb
                vpiFullName: builtin::system::writememb
                vpiActual: VoidTypespec
            Function name:writememh:
              vpiParent: ClassDefn name:system
              vpiName Identifier name:writememh:
                vpiParent: Function name:writememh
                vpiName: writememh
              vpiFullName: builtin::system::writememh
              vpiReturn RefTypespec:
                vpiParent: Function name:writememh
                vpiFullName: builtin::system::writememh
                vpiActual: VoidTypespec
            Function name:value$plusargs:
              vpiParent: ClassDefn name:system
              vpiName Identifier name:value$plusargs:
                vpiParent: Function name:value$plusargs
                vpiName: value$plusargs
              vpiFullName: builtin::system::value$plusargs
              vpiReturn RefTypespec:
                vpiParent: Function name:value$plusargs
                vpiFullName: builtin::system::value$plusargs
                vpiActual: VoidTypespec
        ClassDefn name:any_sverilog_class:
          vpiParent: Package name:builtin
          vpiName Identifier name:any_sverilog_class:
            vpiParent: ClassDefn name:any_sverilog_class
            vpiName: any_sverilog_class
          vpiFullName: builtin::any_sverilog_class
          vpiMethod (4 items):
            Function name:randomize:
              vpiParent: ClassDefn name:any_sverilog_class
              vpiName Identifier name:randomize:
                vpiParent: Function name:randomize
                vpiName: randomize
              vpiFullName: builtin::any_sverilog_class::randomize
              vpiReturn RefTypespec:
                vpiParent: Function name:randomize
                vpiFullName: builtin::any_sverilog_class::randomize
                vpiActual: VoidTypespec
            Function name:srandom:
              vpiParent: ClassDefn name:any_sverilog_class
              vpiName Identifier name:srandom:
                vpiParent: Function name:srandom
                vpiName: srandom
              vpiFullName: builtin::any_sverilog_class::srandom
              vpiReturn RefTypespec:
                vpiParent: Function name:srandom
                vpiFullName: builtin::any_sverilog_class::srandom
                vpiActual: VoidTypespec
            Function name:constraint_mode:
              vpiParent: ClassDefn name:any_sverilog_class
              vpiName Identifier name:constraint_mode:
                vpiParent: Function name:constraint_mode
                vpiName: constraint_mode
              vpiFullName: builtin::any_sverilog_class::constraint_mode
              vpiReturn RefTypespec:
                vpiParent: Function name:constraint_mode
                vpiFullName: builtin::any_sverilog_class::constraint_mode
                vpiActual: VoidTypespec
            Function name:rand_mode:
              vpiParent: ClassDefn name:any_sverilog_class
              vpiName Identifier name:rand_mode:
                vpiParent: Function name:rand_mode
                vpiName: rand_mode
              vpiFullName: builtin::any_sverilog_class::rand_mode
              vpiReturn RefTypespec:
                vpiParent: Function name:rand_mode
                vpiFullName: builtin::any_sverilog_class::rand_mode
                vpiActual: VoidTypespec
  vpiAllClasses (3 items):
    ClassDefn name:mailbox file:$Source00/builtin.sv start:1:1 end:27:9:
      vpiParent: Design name:unnamed
      vpiName Identifier name:mailbox start:1:7 end:1:14:
        vpiParent: ClassDefn name:mailbox
        vpiName: mailbox
      vpiFullName: mailbox
      vpiTypespec (1 items):
        ClassTypespec name:mailbox:
          vpiParent: ClassDefn name:mailbox
          vpiName Identifier name:mailbox:
            vpiParent: ClassTypespec name:mailbox
            vpiName: mailbox
          vpiClassDefn: ClassDefn name:mailbox
      vpiAutomatic: true
      vpiClassType: mailbox class (1)
      vpiCell: mailbox
      vpiMethod (8 items):
        Function name:new start:3:3 end:4:14:
          vpiParent: ClassDefn name:mailbox
          vpiName Identifier name:new:
            vpiParent: Function name:new
            vpiName: new
          vpiFullName: mailbox::new
          vpiVisibility: public (1)
          vpiIODecl (1 items):
            IODecl name:bound start:3:21 end:3:26:
              vpiParent: Function name:new
              vpiName: bound
              vpiDirection: input (1)
              vpiExpr Constant start:3:29 end:3:30:
                vpiParent: IODecl name:bound
                vpiTypespec RefTypespec:
                  vpiParent: Constant
                  vpiFullName: mailbox::new::bound
                  vpiActual: IntTypespec
                vpiConstType: unsigned int (9)
                vpiSize: 64
                vpiDecompile: "0"
                vpiValue: 0
              vpiTypespec RefTypespec start:3:17 end:3:20:
                vpiParent: IODecl name:bound
                vpiFullName: mailbox::new::bound
                vpiActual: IntTypespec
          vpiReturn RefTypespec name:mailbox:
            vpiParent: Function name:new
            vpiName: mailbox
            vpiFullName: mailbox::new::mailbox
            vpiActual: ClassTypespec name:mailbox
        Function name:num start:6:3 end:7:14:
          vpiParent: ClassDefn name:mailbox
          vpiName Identifier name:num start:6:16 end:6:19:
            vpiParent: Function name:num
            vpiName: num
          vpiFullName: mailbox::num
          vpiVisibility: public (1)
          vpiReturn RefTypespec start:6:12 end:6:15:
            vpiParent: Function name:num
            vpiFullName: mailbox::num
            vpiActual: IntTypespec
        Task name:put start:9:3 end:10:10:
          vpiParent: ClassDefn name:mailbox
          vpiName Identifier name:put start:9:8 end:9:11:
            vpiParent: Task name:put
            vpiName: put
          vpiFullName: mailbox::put
          vpiTypespec (1 items):
            LogicTypespec:
              vpiParent: Task name:put
          vpiVisibility: public (1)
          vpiIODecl (1 items):
            IODecl name:message start:9:13 end:9:20:
              vpiParent: Task name:put
              vpiName: message
              vpiDirection: input (1)
              vpiTypespec RefTypespec start:9:13 end:9:13:
                vpiParent: IODecl name:message
                vpiFullName: mailbox::put::message
                vpiActual: LogicTypespec
        Function name:try_put start:12:3 end:13:14:
          vpiParent: ClassDefn name:mailbox
          vpiName Identifier name:try_put start:12:12 end:12:19:
            vpiParent: Function name:try_put
            vpiName: try_put
          vpiFullName: mailbox::try_put
          vpiTypespec (2 items):
            LogicTypespec start:12:12 end:12:12:
              vpiParent: Function name:try_put
            LogicTypespec:
              vpiParent: Function name:try_put
          vpiVisibility: public (1)
          vpiIODecl (1 items):
            IODecl name:message start:12:21 end:12:28:
              vpiParent: Function name:try_put
              vpiName: message
              vpiDirection: input (1)
              vpiTypespec RefTypespec start:12:21 end:12:21:
                vpiParent: IODecl name:message
                vpiFullName: mailbox::try_put::message
                vpiActual: LogicTypespec
          vpiReturn RefTypespec start:12:12 end:12:12:
            vpiParent: Function name:try_put
            vpiFullName: mailbox::try_put
            vpiActual: LogicTypespec
        Task name:get start:15:3 end:16:10:
          vpiParent: ClassDefn name:mailbox
          vpiName Identifier name:get start:15:8 end:15:11:
            vpiParent: Task name:get
            vpiName: get
          vpiFullName: mailbox::get
          vpiTypespec (1 items):
            LogicTypespec:
              vpiParent: Task name:get
          vpiVisibility: public (1)
          vpiIODecl (1 items):
            IODecl name:message start:15:17 end:15:24:
              vpiParent: Task name:get
              vpiName: message
              vpiDirection: ref (6)
              vpiTypespec RefTypespec start:15:17 end:15:17:
                vpiParent: IODecl name:message
                vpiFullName: mailbox::get::message
                vpiActual: LogicTypespec
        Function name:try_get start:18:3 end:19:14:
          vpiParent: ClassDefn name:mailbox
          vpiName Identifier name:try_get start:18:16 end:18:23:
            vpiParent: Function name:try_get
            vpiName: try_get
          vpiFullName: mailbox::try_get
          vpiTypespec (1 items):
            LogicTypespec:
              vpiParent: Function name:try_get
          vpiVisibility: public (1)
          vpiIODecl (1 items):
            IODecl name:message start:18:29 end:18:36:
              vpiParent: Function name:try_get
              vpiName: message
              vpiDirection: ref (6)
              vpiTypespec RefTypespec start:18:29 end:18:29:
                vpiParent: IODecl name:message
                vpiFullName: mailbox::try_get::message
                vpiActual: LogicTypespec
          vpiReturn RefTypespec start:18:12 end:18:15:
            vpiParent: Function name:try_get
            vpiFullName: mailbox::try_get
            vpiActual: IntTypespec
        Task name:peek start:21:3 end:22:10:
          vpiParent: ClassDefn name:mailbox
          vpiName Identifier name:peek start:21:8 end:21:12:
            vpiParent: Task name:peek
            vpiName: peek
          vpiFullName: mailbox::peek
          vpiTypespec (1 items):
            LogicTypespec:
              vpiParent: Task name:peek
          vpiVisibility: public (1)
          vpiIODecl (1 items):
            IODecl name:message start:21:18 end:21:25:
              vpiParent: Task name:peek
              vpiName: message
              vpiDirection: ref (6)
              vpiTypespec RefTypespec start:21:18 end:21:18:
                vpiParent: IODecl name:message
                vpiFullName: mailbox::peek::message
                vpiActual: LogicTypespec
        Function name:try_peek start:24:3 end:25:14:
          vpiParent: ClassDefn name:mailbox
          vpiName Identifier name:try_peek start:24:16 end:24:24:
            vpiParent: Function name:try_peek
            vpiName: try_peek
          vpiFullName: mailbox::try_peek
          vpiTypespec (1 items):
            LogicTypespec:
              vpiParent: Function name:try_peek
          vpiVisibility: public (1)
          vpiIODecl (1 items):
            IODecl name:message start:24:29 end:24:36:
              vpiParent: Function name:try_peek
              vpiName: message
              vpiDirection: ref (6)
              vpiTypespec RefTypespec start:24:29 end:24:29:
                vpiParent: IODecl name:message
                vpiFullName: mailbox::try_peek::message
                vpiActual: LogicTypespec
          vpiReturn RefTypespec start:24:12 end:24:15:
            vpiParent: Function name:try_peek
            vpiFullName: mailbox::try_peek
            vpiActual: IntTypespec
    ClassDefn name:process file:$Source00/builtin.sv start:30:1 end:52:9:
      vpiParent: Design name:unnamed
      vpiName Identifier name:process start:30:7 end:30:14:
        vpiParent: ClassDefn name:process
        vpiName: process
      vpiFullName: process
      vpiTypespec (2 items):
        EnumTypespec start:32:11 end:32:65:
          vpiParent: ClassDefn name:process
          vpiEnumConst (5 items):
            EnumConst name:FINISHED start:32:18 end:32:26:
              vpiParent: EnumTypespec
              vpiName Identifier name:FINISHED start:32:18 end:32:26:
                vpiParent: EnumConst name:FINISHED
                vpiName: FINISHED
            EnumConst name:RUNNING start:32:28 end:32:35:
              vpiParent: EnumTypespec
              vpiName Identifier name:RUNNING start:32:28 end:32:35:
                vpiParent: EnumConst name:RUNNING
                vpiName: RUNNING
            EnumConst name:WAITING start:32:37 end:32:44:
              vpiParent: EnumTypespec
              vpiName Identifier name:WAITING start:32:37 end:32:44:
                vpiParent: EnumConst name:WAITING
                vpiName: WAITING
            EnumConst name:SUSPENDED start:32:46 end:32:55:
              vpiParent: EnumTypespec
              vpiName Identifier name:SUSPENDED start:32:46 end:32:55:
                vpiParent: EnumConst name:SUSPENDED
                vpiName: SUSPENDED
            EnumConst name:KILLED start:32:57 end:32:63:
              vpiParent: EnumTypespec
              vpiName Identifier name:KILLED start:32:57 end:32:63:
                vpiParent: EnumConst name:KILLED
                vpiName: KILLED
        TypedefTypespec name:state start:32:3 end:32:72:
          vpiParent: ClassDefn name:process
          vpiName Identifier name:state start:32:66 end:32:71:
            vpiParent: TypedefTypespec name:state
            vpiName: state
          vpiTypedefAlias RefTypespec start:32:11 end:32:65:
            vpiParent: TypedefTypespec name:state
            vpiFullName: process::state
            vpiActual: EnumTypespec
      vpiAutomatic: true
      vpiClassType: process class (4)
      vpiCell: process
      vpiMethod (6 items):
        Function name:self start:34:10 end:35:14:
          vpiParent: ClassDefn name:process
          vpiName Identifier name:self start:34:27 end:34:31:
            vpiParent: Function name:self
            vpiName: self
          vpiFullName: process::self
          vpiTypespec (1 items):
            UnsupportedTypespec name:process start:34:19 end:34:26:
              vpiParent: Function name:self
              vpiName Identifier name:process start:34:19 end:34:26:
                vpiParent: UnsupportedTypespec name:process
                vpiName: process
          vpiVisibility: public (1)
          vpiReturn RefTypespec start:34:19 end:34:26:
            vpiParent: Function name:self
            vpiFullName: process::self
            vpiActual: UnsupportedTypespec name:process
        Function name:status start:37:3 end:38:14:
          vpiParent: ClassDefn name:process
          vpiName Identifier name:status start:37:18 end:37:24:
            vpiParent: Function name:status
            vpiName: status
          vpiFullName: process::status
          vpiTypespec (1 items):
            UnsupportedTypespec name:state start:37:12 end:37:17:
              vpiParent: Function name:status
              vpiName Identifier name:state start:37:12 end:37:17:
                vpiParent: UnsupportedTypespec name:state
                vpiName: state
          vpiVisibility: public (1)
          vpiReturn RefTypespec start:37:12 end:37:17:
            vpiParent: Function name:status
            vpiFullName: process::status
            vpiActual: UnsupportedTypespec name:state
        Task name:kill start:40:3 end:41:10:
          vpiParent: ClassDefn name:process
          vpiName Identifier name:kill start:40:8 end:40:12:
            vpiParent: Task name:kill
            vpiName: kill
          vpiFullName: process::kill
          vpiVisibility: public (1)
        Task name:await start:43:3 end:44:10:
          vpiParent: ClassDefn name:process
          vpiName Identifier name:await start:43:8 end:43:13:
            vpiParent: Task name:await
            vpiName: await
          vpiFullName: process::await
          vpiVisibility: public (1)
        Task name:suspend start:46:3 end:47:10:
          vpiParent: ClassDefn name:process
          vpiName Identifier name:suspend start:46:8 end:46:15:
            vpiParent: Task name:suspend
            vpiName: suspend
          vpiFullName: process::suspend
          vpiVisibility: public (1)
        Task name:resume start:49:3 end:50:10:
          vpiParent: ClassDefn name:process
          vpiName Identifier name:resume start:49:8 end:49:14:
            vpiParent: Task name:resume
            vpiName: resume
          vpiFullName: process::resume
          vpiVisibility: public (1)
    ClassDefn name:semaphore file:$Source00/builtin.sv start:55:1 end:69:9:
      vpiParent: Design name:unnamed
      vpiName Identifier name:semaphore start:55:7 end:55:16:
        vpiParent: ClassDefn name:semaphore
        vpiName: semaphore
      vpiFullName: semaphore
      vpiTypespec (1 items):
        ClassTypespec name:semaphore:
          vpiParent: ClassDefn name:semaphore
          vpiName Identifier name:semaphore:
            vpiParent: ClassTypespec name:semaphore
            vpiName: semaphore
          vpiClassDefn: ClassDefn name:semaphore
      vpiAutomatic: true
      vpiClassType: semaphore class (2)
      vpiCell: semaphore
      vpiMethod (4 items):
        Function name:new start:57:3 end:58:14:
          vpiParent: ClassDefn name:semaphore
          vpiName Identifier name:new:
            vpiParent: Function name:new
            vpiName: new
          vpiFullName: semaphore::new
          vpiVisibility: public (1)
          vpiIODecl (1 items):
            IODecl name:keyCount start:57:20 end:57:28:
              vpiParent: Function name:new
              vpiName: keyCount
              vpiDirection: input (1)
              vpiExpr Constant start:57:31 end:57:32:
                vpiParent: IODecl name:keyCount
                vpiTypespec RefTypespec:
                  vpiParent: Constant
                  vpiFullName: semaphore::new::keyCount
                  vpiActual: IntTypespec
                vpiConstType: unsigned int (9)
                vpiSize: 64
                vpiDecompile: "0"
                vpiValue: 0
              vpiTypespec RefTypespec start:57:16 end:57:19:
                vpiParent: IODecl name:keyCount
                vpiFullName: semaphore::new::keyCount
                vpiActual: IntTypespec
          vpiReturn RefTypespec name:semaphore:
            vpiParent: Function name:new
            vpiName: semaphore
            vpiFullName: semaphore::new::semaphore
            vpiActual: ClassTypespec name:semaphore
        Task name:put start:60:3 end:61:10:
          vpiParent: ClassDefn name:semaphore
          vpiName Identifier name:put start:60:8 end:60:11:
            vpiParent: Task name:put
            vpiName: put
          vpiFullName: semaphore::put
          vpiVisibility: public (1)
          vpiIODecl (1 items):
            IODecl name:keyCount start:60:16 end:60:24:
              vpiParent: Task name:put
              vpiName: keyCount
              vpiDirection: input (1)
              vpiExpr Constant start:60:27 end:60:28:
                vpiParent: IODecl name:keyCount
                vpiTypespec RefTypespec:
                  vpiParent: Constant
                  vpiFullName: semaphore::put::keyCount
                  vpiActual: IntTypespec
                vpiConstType: unsigned int (9)
                vpiSize: 64
                vpiDecompile: "1"
                vpiValue: 1
              vpiTypespec RefTypespec start:60:12 end:60:15:
                vpiParent: IODecl name:keyCount
                vpiFullName: semaphore::put::keyCount
                vpiActual: IntTypespec
        Task name:get start:63:3 end:64:10:
          vpiParent: ClassDefn name:semaphore
          vpiName Identifier name:get start:63:8 end:63:11:
            vpiParent: Task name:get
            vpiName: get
          vpiFullName: semaphore::get
          vpiVisibility: public (1)
          vpiIODecl (1 items):
            IODecl name:keyCount start:63:16 end:63:24:
              vpiParent: Task name:get
              vpiName: keyCount
              vpiDirection: input (1)
              vpiExpr Constant start:63:27 end:63:28:
                vpiParent: IODecl name:keyCount
                vpiTypespec RefTypespec:
                  vpiParent: Constant
                  vpiFullName: semaphore::get::keyCount
                  vpiActual: IntTypespec
                vpiConstType: unsigned int (9)
                vpiSize: 64
                vpiDecompile: "1"
                vpiValue: 1
              vpiTypespec RefTypespec start:63:12 end:63:15:
                vpiParent: IODecl name:keyCount
                vpiFullName: semaphore::get::keyCount
                vpiActual: IntTypespec
        Function name:try_get start:66:3 end:67:14:
          vpiParent: ClassDefn name:semaphore
          vpiName Identifier name:try_get start:66:16 end:66:23:
            vpiParent: Function name:try_get
            vpiName: try_get
          vpiFullName: semaphore::try_get
          vpiVisibility: public (1)
          vpiIODecl (1 items):
            IODecl name:keyCount start:66:28 end:66:36:
              vpiParent: Function name:try_get
              vpiName: keyCount
              vpiDirection: input (1)
              vpiExpr Constant start:66:39 end:66:40:
                vpiParent: IODecl name:keyCount
                vpiTypespec RefTypespec:
                  vpiParent: Constant
                  vpiFullName: semaphore::try_get::keyCount
                  vpiActual: IntTypespec
                vpiConstType: unsigned int (9)
                vpiSize: 64
                vpiDecompile: "1"
                vpiValue: 1
              vpiTypespec RefTypespec start:66:24 end:66:27:
                vpiParent: IODecl name:keyCount
                vpiFullName: semaphore::try_get::keyCount
                vpiActual: IntTypespec
          vpiReturn RefTypespec start:66:12 end:66:15:
            vpiParent: Function name:try_get
            vpiFullName: semaphore::try_get
            vpiActual: IntTypespec
  vpiAllModules (1 items):
    Module name:fsm_using_function file:$Source01/top.sv start:6:1 end:94:10:
      vpiParent: Design name:unnamed
      vpiName Identifier name:fsm_using_function start:6:8 end:6:26:
        vpiParent: Module name:fsm_using_function
        vpiName: fsm_using_function
      vpiFullName: fsm_using_function
      vpiVariable (3 items):
        Variable name:gnt_0 start:17:9 end:17:14:
          vpiParent: Module name:fsm_using_function
          vpiTypespec RefTypespec start:21:1 end:21:4:
            vpiParent: Variable name:gnt_0
            vpiFullName: fsm_using_function.gnt_0
            vpiActual: LogicTypespec
          vpiName: gnt_0
          vpiFullName: fsm_using_function.gnt_0
          vpiScalar: true
        Variable name:gnt_1 start:17:15 end:17:20:
          vpiParent: Module name:fsm_using_function
          vpiTypespec RefTypespec start:21:1 end:21:4:
            vpiParent: Variable name:gnt_1
            vpiFullName: fsm_using_function.gnt_1
            vpiActual: LogicTypespec
          vpiName: gnt_1
          vpiFullName: fsm_using_function.gnt_1
          vpiScalar: true
        Variable name:state start:26:27 end:26:32:
          vpiParent: Module name:fsm_using_function
          vpiTypespec RefTypespec start:26:1 end:26:17:
            vpiParent: Variable name:state
            vpiFullName: fsm_using_function.state
            vpiActual: LogicTypespec
          vpiName: state
          vpiFullName: fsm_using_function.state
          vpiVector: true
      vpiParameter (4 items):
        Parameter name:SIZE start:23:11 end:23:15:
          vpiParent: Module name:fsm_using_function
          vpiTypespec RefTypespec start:23:11 end:23:11:
            vpiParent: Parameter name:SIZE
            vpiFullName: fsm_using_function.SIZE
            vpiActual: LogicTypespec
          vpiName: SIZE
          vpiFullName: fsm_using_function.SIZE
        Parameter name:IDLE start:24:11 end:24:15:
          vpiParent: Module name:fsm_using_function
          vpiTypespec RefTypespec start:24:11 end:24:11:
            vpiParent: Parameter name:IDLE
            vpiFullName: fsm_using_function.IDLE
            vpiActual: LogicTypespec
          vpiName: IDLE
          vpiFullName: fsm_using_function.IDLE
        Parameter name:GNT0 start:24:26 end:24:30:
          vpiParent: Module name:fsm_using_function
          vpiTypespec RefTypespec start:24:11 end:24:11:
            vpiParent: Parameter name:GNT0
            vpiFullName: fsm_using_function.GNT0
            vpiActual: LogicTypespec
          vpiName: GNT0
          vpiFullName: fsm_using_function.GNT0
        Parameter name:GNT1 start:24:40 end:24:44:
          vpiParent: Module name:fsm_using_function
          vpiTypespec RefTypespec start:24:11 end:24:11:
            vpiParent: Parameter name:GNT1
            vpiFullName: fsm_using_function.GNT1
            vpiActual: LogicTypespec
          vpiName: GNT1
          vpiFullName: fsm_using_function.GNT1
      vpiParamAssign (4 items):
        ParamAssign start:23:11 end:23:19:
          vpiParent: Module name:fsm_using_function
          vpiLhs RefObj name:SIZE start:23:11 end:23:15:
            vpiParent: ParamAssign
            vpiName: SIZE
            vpiFullName: fsm_using_function.SIZE
            vpiActual: Parameter name:SIZE
          vpiRhs Constant start:23:18 end:23:19:
            vpiParent: ParamAssign
            vpiTypespec RefTypespec:
              vpiParent: Constant
              vpiFullName: fsm_using_function
              vpiActual: IntTypespec
            vpiConstType: unsigned int (9)
            vpiSize: 64
            vpiDecompile: "3"
            vpiValue: 3
        ParamAssign start:24:11 end:24:25:
          vpiParent: Module name:fsm_using_function
          vpiLhs RefObj name:IDLE start:24:11 end:24:15:
            vpiParent: ParamAssign
            vpiName: IDLE
            vpiFullName: fsm_using_function.IDLE
            vpiActual: Parameter name:IDLE
          vpiRhs Constant start:24:19 end:24:25:
            vpiParent: ParamAssign
            vpiTypespec RefTypespec:
              vpiParent: Constant
              vpiFullName: fsm_using_function
              vpiActual: LogicTypespec
            vpiConstType: binary (3)
            vpiSize: 3
            vpiDecompile: "3'b001"
            vpiValue: "001"
        ParamAssign start:24:26 end:24:39:
          vpiParent: Module name:fsm_using_function
          vpiLhs RefObj name:GNT0 start:24:26 end:24:30:
            vpiParent: ParamAssign
            vpiName: GNT0
            vpiFullName: fsm_using_function.GNT0
            vpiActual: Parameter name:GNT0
          vpiRhs Constant start:24:33 end:24:39:
            vpiParent: ParamAssign
            vpiTypespec RefTypespec:
              vpiParent: Constant
              vpiFullName: fsm_using_function
              vpiActual: LogicTypespec
            vpiConstType: binary (3)
            vpiSize: 3
            vpiDecompile: "3'b010"
            vpiValue: "010"
        ParamAssign start:24:40 end:24:53:
          vpiParent: Module name:fsm_using_function
          vpiLhs RefObj name:GNT1 start:24:40 end:24:44:
            vpiParent: ParamAssign
            vpiName: GNT1
            vpiFullName: fsm_using_function.GNT1
            vpiActual: Parameter name:GNT1
          vpiRhs Constant start:24:47 end:24:53:
            vpiParent: ParamAssign
            vpiTypespec RefTypespec:
              vpiParent: Constant
              vpiFullName: fsm_using_function
              vpiActual: LogicTypespec
            vpiConstType: binary (3)
            vpiSize: 3
            vpiDecompile: "3'b100"
            vpiValue: "100"
      vpiTypespec (3 items):
        LogicTypespec:
          vpiParent: Module name:fsm_using_function
        LogicTypespec:
          vpiParent: Module name:fsm_using_function
          vpiRange (1 items):
            Range start:26:7 end:26:17:
              vpiParent: LogicTypespec
              vpiLeftRange Operation start:26:8 end:26:14:
                vpiParent: Range
                vpiOpType: subtract (11)
                vpiOperand (2 items):
                  RefObj name:SIZE start:26:8 end:26:12:
                    vpiParent: Operation
                    vpiName: SIZE
                    vpiFullName: fsm_using_function.SIZE
                    vpiActual: Parameter name:SIZE
                  Constant start:26:13 end:26:14:
                    vpiParent: Operation
                    vpiTypespec RefTypespec:
                      vpiParent: Constant
                      vpiFullName: fsm_using_function
                      vpiActual: IntTypespec
                    vpiConstType: unsigned int (9)
                    vpiSize: 64
                    vpiDecompile: "1"
                    vpiValue: 1
              vpiRightRange Constant start:26:15 end:26:16:
                vpiParent: Range
                vpiTypespec RefTypespec:
                  vpiParent: Constant
                  vpiFullName: fsm_using_function
                  vpiActual: IntTypespec
                vpiConstType: unsigned int (9)
                vpiSize: 64
                vpiDecompile: "0"
                vpiValue: 0
          vpiVector: true
        LogicTypespec:
          vpiParent: Module name:fsm_using_function
          vpiRange (1 items):
            Range start:27:7 end:27:17:
              vpiParent: LogicTypespec
              vpiLeftRange Operation start:27:8 end:27:14:
                vpiParent: Range
                vpiOpType: subtract (11)
                vpiOperand (2 items):
                  RefObj name:SIZE start:27:8 end:27:12:
                    vpiParent: Operation
                    vpiName: SIZE
                    vpiFullName: fsm_using_function.SIZE
                    vpiActual: Parameter name:SIZE
                  Constant start:27:13 end:27:14:
                    vpiParent: Operation
                    vpiTypespec RefTypespec:
                      vpiParent: Constant
                      vpiFullName: fsm_using_function
                      vpiActual: IntTypespec
                    vpiConstType: unsigned int (9)
                    vpiSize: 64
                    vpiDecompile: "1"
                    vpiValue: 1
              vpiRightRange Constant start:27:15 end:27:16:
                vpiParent: Range
                vpiTypespec RefTypespec:
                  vpiParent: Constant
                  vpiFullName: fsm_using_function
                  vpiActual: IntTypespec
                vpiConstType: unsigned int (9)
                vpiSize: 64
                vpiDecompile: "0"
                vpiValue: 0
          vpiVector: true
      vpiDefName: fsm_using_function
      vpiDefNetType: wire (1)
      vpiLibrary RefObj name:work:
        vpiParent: Module name:fsm_using_function
        vpiName: work
        vpiFullName: fsm_using_function.work
      vpiCell: fsm_using_function
      vpiTaskFunc (1 items):
        Function name:fsm_function start:31:1 end:55:12:
          vpiParent: Module name:fsm_using_function
          vpiName Identifier name:fsm_function start:31:21 end:31:33:
            vpiParent: Function name:fsm_function
            vpiName: fsm_function
          vpiFullName: fsm_using_function.fsm_function
          vpiVariable (3 items):
            Variable name:state start:32:22 end:32:27:
              vpiParent: Function name:fsm_function
              vpiTypespec RefTypespec start:32:10 end:32:20:
                vpiParent: Variable name:state
                vpiFullName: fsm_using_function.fsm_function.state
                vpiActual: LogicTypespec
              vpiName: state
              vpiFullName: fsm_using_function.fsm_function.state
            Variable name:req_0 start:33:12 end:33:17:
              vpiParent: Function name:fsm_function
              vpiTypespec RefTypespec start:33:12 end:33:12:
                vpiParent: Variable name:req_0
                vpiFullName: fsm_using_function.fsm_function.req_0
                vpiActual: LogicTypespec
              vpiName: req_0
              vpiFullName: fsm_using_function.fsm_function.req_0
            Variable name:req_1 start:34:12 end:34:17:
              vpiParent: Function name:fsm_function
              vpiTypespec RefTypespec start:34:12 end:34:12:
                vpiParent: Variable name:req_1
                vpiFullName: fsm_using_function.fsm_function.req_1
                vpiActual: LogicTypespec
              vpiName: req_1
              vpiFullName: fsm_using_function.fsm_function.req_1
          vpiVisibility: public (1)
          vpiIODecl (3 items):
            IODecl name:state start:32:22 end:32:27:
              vpiParent: Function name:fsm_function
              vpiName: state
              vpiTypespec RefTypespec start:32:10 end:32:20:
                vpiParent: IODecl name:state
                vpiFullName: fsm_using_function.fsm_function.state
                vpiActual: LogicTypespec
            IODecl name:req_0 start:33:12 end:33:17:
              vpiParent: Function name:fsm_function
              vpiName: req_0
              vpiTypespec RefTypespec start:33:12 end:33:12:
                vpiParent: IODecl name:req_0
                vpiFullName: fsm_using_function.fsm_function.req_0
                vpiActual: LogicTypespec
            IODecl name:req_1 start:34:12 end:34:17:
              vpiParent: Function name:fsm_function
              vpiName: req_1
              vpiTypespec RefTypespec start:34:12 end:34:12:
                vpiParent: IODecl name:req_1
                vpiFullName: fsm_using_function.fsm_function.req_1
                vpiActual: LogicTypespec
          vpiStmt Begin:
            vpiParent: Function name:fsm_function
            vpiFullName: fsm_using_function.fsm_function
            vpiTypespec (4 items):
              LogicTypespec start:31:10 end:31:20:
                vpiParent: Begin
                vpiRange (1 items):
                  Range start:31:10 end:31:20:
                    vpiParent: LogicTypespec
                    vpiLeftRange Operation start:31:11 end:31:17:
                      vpiParent: Range
                      vpiOpType: subtract (11)
                      vpiOperand (2 items):
                        RefObj name:SIZE start:31:11 end:31:15:
                          vpiParent: Operation
                          vpiName: SIZE
                          vpiFullName: fsm_using_function.fsm_function.SIZE
                          vpiActual: Parameter name:SIZE
                        Constant start:31:16 end:31:17:
                          vpiParent: Operation
                          vpiTypespec RefTypespec:
                            vpiParent: Constant
                            vpiFullName: fsm_using_function.fsm_function
                            vpiActual: IntTypespec
                          vpiConstType: unsigned int (9)
                          vpiSize: 64
                          vpiDecompile: "1"
                          vpiValue: 1
                    vpiRightRange Constant start:31:18 end:31:19:
                      vpiParent: Range
                      vpiTypespec RefTypespec:
                        vpiParent: Constant
                        vpiFullName: fsm_using_function.fsm_function
                        vpiActual: IntTypespec
                      vpiConstType: unsigned int (9)
                      vpiSize: 64
                      vpiDecompile: "0"
                      vpiValue: 0
                vpiVector: true
              LogicTypespec:
                vpiParent: Begin
                vpiRange (1 items):
                  Range start:32:10 end:32:20:
                    vpiParent: LogicTypespec
                    vpiLeftRange Operation start:32:11 end:32:17:
                      vpiParent: Range
                      vpiOpType: subtract (11)
                      vpiOperand (2 items):
                        RefObj name:SIZE start:32:11 end:32:15:
                          vpiParent: Operation
                          vpiName: SIZE
                          vpiFullName: fsm_using_function.fsm_function.SIZE
                          vpiActual: Parameter name:SIZE
                        Constant start:32:16 end:32:17:
                          vpiParent: Operation
                          vpiTypespec RefTypespec:
                            vpiParent: Constant
                            vpiFullName: fsm_using_function.fsm_function
                            vpiActual: IntTypespec
                          vpiConstType: unsigned int (9)
                          vpiSize: 64
                          vpiDecompile: "1"
                          vpiValue: 1
                    vpiRightRange Constant start:32:18 end:32:19:
                      vpiParent: Range
                      vpiTypespec RefTypespec:
                        vpiParent: Constant
                        vpiFullName: fsm_using_function.fsm_function
                        vpiActual: IntTypespec
                      vpiConstType: unsigned int (9)
                      vpiSize: 64
                      vpiDecompile: "0"
                      vpiValue: 0
                vpiVector: true
              LogicTypespec:
                vpiParent: Begin
              BitTypespec:
                vpiParent: Begin
            vpiStmt (1 items):
              CaseStmt start:35:3 end:54:10:
                vpiParent: Begin
                vpiCaseType: exact (1)
                vpiCondition RefObj name:state start:35:8 end:35:13:
                  vpiParent: CaseStmt
                  vpiName: state
                  vpiFullName: fsm_using_function.fsm_function.state
                  vpiActual: IODecl name:state
                vpiCaseItem (4 items):
                  CaseItem start:36:4 end:42:18:
                    vpiParent: CaseStmt
                    vpiExpr (1 items):
                      RefObj name:IDLE start:36:4 end:36:8:
                        vpiParent: CaseItem
                        vpiName: IDLE
                        vpiFullName: fsm_using_function.fsm_function.IDLE
                        vpiActual: Parameter name:IDLE
                    vpiStmt IfElse start:36:11 end:42:18:
                      vpiParent: CaseItem
                      vpiCondition Operation start:36:15 end:36:28:
                        vpiParent: IfElse
                        vpiOpType: equal (14)
                        vpiOperand (2 items):
                          RefObj name:req_0 start:36:15 end:36:20:
                            vpiParent: Operation
                            vpiName: req_0
                            vpiFullName: fsm_using_function.fsm_function.req_0
                            vpiActual: IODecl name:req_0
                          Constant start:36:24 end:36:28:
                            vpiParent: Operation
                            vpiTypespec RefTypespec:
                              vpiParent: Constant
                              vpiFullName: fsm_using_function.fsm_function
                              vpiActual: BitTypespec
                            vpiConstType: binary (3)
                            vpiSize: 1
                            vpiDecompile: "1'b1"
                            vpiValue: "1"
                      vpiStmt Begin start:36:30 end:38:18:
                        vpiParent: IfElse
                        vpiFullName: fsm_using_function.fsm_function
                        vpiStmt (1 items):
                          Assignment start:37:17 end:37:36:
                            vpiParent: Begin
                            vpiBlocking: true
                            vpiLhs RefObj name:fsm_function start:37:17 end:37:29:
                              vpiParent: Assignment
                              vpiName: fsm_function
                              vpiFullName: fsm_using_function.fsm_function.fsm_function
                              vpiActual: Function name:fsm_function
                            vpiRhs RefObj name:GNT0 start:37:32 end:37:36:
                              vpiParent: Assignment
                              vpiName: GNT0
                              vpiFullName: fsm_using_function.fsm_function.GNT0
                              vpiActual: Parameter name:GNT0
                      vpiElseStmt IfElse start:38:24 end:42:18:
                        vpiParent: IfElse
                        vpiCondition Operation start:38:28 end:38:41:
                          vpiParent: IfElse
                          vpiOpType: equal (14)
                          vpiOperand (2 items):
                            RefObj name:req_1 start:38:28 end:38:33:
                              vpiParent: Operation
                              vpiName: req_1
                              vpiFullName: fsm_using_function.fsm_function.req_1
                              vpiActual: IODecl name:req_1
                            Constant start:38:37 end:38:41:
                              vpiParent: Operation
                              vpiTypespec RefTypespec:
                                vpiParent: Constant
                                vpiFullName: fsm_using_function.fsm_function
                                vpiActual: BitTypespec
                              vpiConstType: binary (3)
                              vpiSize: 1
                              vpiDecompile: "1'b1"
                              vpiValue: "1"
                        vpiStmt Begin start:38:43 end:40:18:
                          vpiParent: IfElse
                          vpiFullName: fsm_using_function.fsm_function
                          vpiStmt (1 items):
                            Assignment start:39:17 end:39:35:
                              vpiParent: Begin
                              vpiBlocking: true
                              vpiLhs RefObj name:fsm_function start:39:17 end:39:29:
                                vpiParent: Assignment
                                vpiName: fsm_function
                                vpiFullName: fsm_using_function.fsm_function.fsm_function
                                vpiActual: Function name:fsm_function
                              vpiRhs RefObj name:GNT1 start:39:31 end:39:35:
                                vpiParent: Assignment
                                vpiName: GNT1
                                vpiFullName: fsm_using_function.fsm_function.GNT1
                                vpiActual: Parameter name:GNT1
                        vpiElseStmt Begin start:40:24 end:42:18:
                          vpiParent: IfElse
                          vpiFullName: fsm_using_function.fsm_function
                          vpiStmt (1 items):
                            Assignment start:41:17 end:41:36:
                              vpiParent: Begin
                              vpiBlocking: true
                              vpiLhs RefObj name:fsm_function start:41:17 end:41:29:
                                vpiParent: Assignment
                                vpiName: fsm_function
                                vpiFullName: fsm_using_function.fsm_function.fsm_function
                                vpiActual: Function name:fsm_function
                              vpiRhs RefObj name:IDLE start:41:32 end:41:36:
                                vpiParent: Assignment
                                vpiName: IDLE
                                vpiFullName: fsm_using_function.fsm_function.IDLE
                                vpiActual: Parameter name:IDLE
                  CaseItem start:43:4 end:47:18:
                    vpiParent: CaseStmt
                    vpiExpr (1 items):
                      RefObj name:GNT0 start:43:4 end:43:8:
                        vpiParent: CaseItem
                        vpiName: GNT0
                        vpiFullName: fsm_using_function.fsm_function.GNT0
                        vpiActual: Parameter name:GNT0
                    vpiStmt IfElse start:43:11 end:47:18:
                      vpiParent: CaseItem
                      vpiCondition Operation start:43:15 end:43:28:
                        vpiParent: IfElse
                        vpiOpType: equal (14)
                        vpiOperand (2 items):
                          RefObj name:req_0 start:43:15 end:43:20:
                            vpiParent: Operation
                            vpiName: req_0
                            vpiFullName: fsm_using_function.fsm_function.req_0
                            vpiActual: IODecl name:req_0
                          Constant start:43:24 end:43:28:
                            vpiParent: Operation
                            vpiTypespec RefTypespec:
                              vpiParent: Constant
                              vpiFullName: fsm_using_function.fsm_function
                              vpiActual: BitTypespec
                            vpiConstType: binary (3)
                            vpiSize: 1
                            vpiDecompile: "1'b1"
                            vpiValue: "1"
                      vpiStmt Begin start:43:30 end:45:18:
                        vpiParent: IfElse
                        vpiFullName: fsm_using_function.fsm_function
                        vpiStmt (1 items):
                          Assignment start:44:17 end:44:36:
                            vpiParent: Begin
                            vpiBlocking: true
                            vpiLhs RefObj name:fsm_function start:44:17 end:44:29:
                              vpiParent: Assignment
                              vpiName: fsm_function
                              vpiFullName: fsm_using_function.fsm_function.fsm_function
                              vpiActual: Function name:fsm_function
                            vpiRhs RefObj name:GNT0 start:44:32 end:44:36:
                              vpiParent: Assignment
                              vpiName: GNT0
                              vpiFullName: fsm_using_function.fsm_function.GNT0
                              vpiActual: Parameter name:GNT0
                      vpiElseStmt Begin start:45:24 end:47:18:
                        vpiParent: IfElse
                        vpiFullName: fsm_using_function.fsm_function
                        vpiStmt (1 items):
                          Assignment start:46:17 end:46:36:
                            vpiParent: Begin
                            vpiBlocking: true
                            vpiLhs RefObj name:fsm_function start:46:17 end:46:29:
                              vpiParent: Assignment
                              vpiName: fsm_function
                              vpiFullName: fsm_using_function.fsm_function.fsm_function
                              vpiActual: Function name:fsm_function
                            vpiRhs RefObj name:IDLE start:46:32 end:46:36:
                              vpiParent: Assignment
                              vpiName: IDLE
                              vpiFullName: fsm_using_function.fsm_function.IDLE
                              vpiActual: Parameter name:IDLE
                  CaseItem start:48:4 end:52:18:
                    vpiParent: CaseStmt
                    vpiExpr (1 items):
                      RefObj name:GNT1 start:48:4 end:48:8:
                        vpiParent: CaseItem
                        vpiName: GNT1
                        vpiFullName: fsm_using_function.fsm_function.GNT1
                        vpiActual: Parameter name:GNT1
                    vpiStmt IfElse start:48:11 end:52:18:
                      vpiParent: CaseItem
                      vpiCondition Operation start:48:15 end:48:28:
                        vpiParent: IfElse
                        vpiOpType: equal (14)
                        vpiOperand (2 items):
                          RefObj name:req_1 start:48:15 end:48:20:
                            vpiParent: Operation
                            vpiName: req_1
                            vpiFullName: fsm_using_function.fsm_function.req_1
                            vpiActual: IODecl name:req_1
                          Constant start:48:24 end:48:28:
                            vpiParent: Operation
                            vpiTypespec RefTypespec:
                              vpiParent: Constant
                              vpiFullName: fsm_using_function.fsm_function
                              vpiActual: BitTypespec
                            vpiConstType: binary (3)
                            vpiSize: 1
                            vpiDecompile: "1'b1"
                            vpiValue: "1"
                      vpiStmt Begin start:48:30 end:50:14:
                        vpiParent: IfElse
                        vpiFullName: fsm_using_function.fsm_function
                        vpiStmt (1 items):
                          Assignment start:49:17 end:49:36:
                            vpiParent: Begin
                            vpiBlocking: true
                            vpiLhs RefObj name:fsm_function start:49:17 end:49:29:
                              vpiParent: Assignment
                              vpiName: fsm_function
                              vpiFullName: fsm_using_function.fsm_function.fsm_function
                              vpiActual: Function name:fsm_function
                            vpiRhs RefObj name:GNT1 start:49:32 end:49:36:
                              vpiParent: Assignment
                              vpiName: GNT1
                              vpiFullName: fsm_using_function.fsm_function.GNT1
                              vpiActual: Parameter name:GNT1
                      vpiElseStmt Begin start:50:20 end:52:18:
                        vpiParent: IfElse
                        vpiFullName: fsm_using_function.fsm_function
                        vpiStmt (1 items):
                          Assignment start:51:17 end:51:36:
                            vpiParent: Begin
                            vpiBlocking: true
                            vpiLhs RefObj name:fsm_function start:51:17 end:51:29:
                              vpiParent: Assignment
                              vpiName: fsm_function
                              vpiFullName: fsm_using_function.fsm_function.fsm_function
                              vpiActual: Function name:fsm_function
                            vpiRhs RefObj name:IDLE start:51:32 end:51:36:
                              vpiParent: Assignment
                              vpiName: IDLE
                              vpiFullName: fsm_using_function.fsm_function.IDLE
                              vpiActual: Parameter name:IDLE
                  CaseItem start:53:4 end:53:34:
                    vpiParent: CaseStmt
                    vpiStmt Assignment start:53:14 end:53:33:
                      vpiParent: CaseItem
                      vpiBlocking: true
                      vpiLhs RefObj name:fsm_function start:53:14 end:53:26:
                        vpiParent: Assignment
                        vpiName: fsm_function
                        vpiFullName: fsm_using_function.fsm_function.fsm_function
                        vpiActual: Function name:fsm_function
                      vpiRhs RefObj name:IDLE start:53:29 end:53:33:
                        vpiParent: Assignment
                        vpiName: IDLE
                        vpiFullName: fsm_using_function.fsm_function.IDLE
                        vpiActual: Parameter name:IDLE
          vpiReturn RefTypespec start:31:10 end:31:20:
            vpiParent: Function name:fsm_function
            vpiFullName: fsm_using_function.fsm_function
            vpiActual: LogicTypespec
      vpiNet (5 items):
        Net name:clock start:15:9 end:15:14:
          vpiParent: Module name:fsm_using_function
          vpiTypespec RefTypespec start:19:9 end:19:9:
            vpiParent: Net name:clock
            vpiFullName: fsm_using_function.clock
            vpiActual: LogicTypespec
          vpiName: clock
          vpiFullName: fsm_using_function.clock
          vpiNetType: wire (1)
        Net name:reset start:15:15 end:15:20:
          vpiParent: Module name:fsm_using_function
          vpiTypespec RefTypespec start:19:9 end:19:9:
            vpiParent: Net name:reset
            vpiFullName: fsm_using_function.reset
            vpiActual: LogicTypespec
          vpiName: reset
          vpiFullName: fsm_using_function.reset
          vpiNetType: wire (1)
        Net name:req_0 start:15:21 end:15:26:
          vpiParent: Module name:fsm_using_function
          vpiTypespec RefTypespec start:19:9 end:19:9:
            vpiParent: Net name:req_0
            vpiFullName: fsm_using_function.req_0
            vpiActual: LogicTypespec
          vpiName: req_0
          vpiFullName: fsm_using_function.req_0
          vpiNetType: wire (1)
        Net name:req_1 start:15:27 end:15:32:
          vpiParent: Module name:fsm_using_function
          vpiTypespec RefTypespec start:19:9 end:19:9:
            vpiParent: Net name:req_1
            vpiFullName: fsm_using_function.req_1
            vpiActual: LogicTypespec
          vpiName: req_1
          vpiFullName: fsm_using_function.req_1
          vpiNetType: wire (1)
        Net name:next_state start:27:27 end:27:37:
          vpiParent: Module name:fsm_using_function
          vpiTypespec RefTypespec start:27:7 end:27:17:
            vpiParent: Net name:next_state
            vpiFullName: fsm_using_function.next_state
            vpiActual: LogicTypespec
          vpiName: next_state
          vpiFullName: fsm_using_function.next_state
          vpiNetType: wire (1)
      vpiPort (6 items):
        Port name:clock start:7:1 end:7:6:
          vpiParent: Module name:fsm_using_function
          vpiName: clock
          vpiDirection: input (1)
          vpiLowConn RefObj name:clock start:15:9 end:15:14:
            vpiParent: Port name:clock
            vpiName: clock
            vpiFullName: fsm_using_function.clock.clock
            vpiActual: Net name:clock
          vpiTypespec RefTypespec start:15:9 end:15:9:
            vpiParent: Port name:clock
            vpiFullName: fsm_using_function.clock
        Port name:reset start:8:1 end:8:6:
          vpiParent: Module name:fsm_using_function
          vpiName: reset
          vpiDirection: input (1)
          vpiLowConn RefObj name:reset start:15:15 end:15:20:
            vpiParent: Port name:reset
            vpiName: reset
            vpiFullName: fsm_using_function.reset.reset
            vpiActual: Net name:reset
          vpiTypespec RefTypespec start:15:9 end:15:9:
            vpiParent: Port name:reset
            vpiFullName: fsm_using_function.reset
        Port name:req_0 start:9:1 end:9:6:
          vpiParent: Module name:fsm_using_function
          vpiName: req_0
          vpiDirection: input (1)
          vpiLowConn RefObj name:req_0 start:15:21 end:15:26:
            vpiParent: Port name:req_0
            vpiName: req_0
            vpiFullName: fsm_using_function.req_0.req_0
            vpiActual: Net name:req_0
          vpiTypespec RefTypespec start:15:9 end:15:9:
            vpiParent: Port name:req_0
            vpiFullName: fsm_using_function.req_0
        Port name:req_1 start:10:1 end:10:6:
          vpiParent: Module name:fsm_using_function
          vpiName: req_1
          vpiDirection: input (1)
          vpiLowConn RefObj name:req_1 start:15:27 end:15:32:
            vpiParent: Port name:req_1
            vpiName: req_1
            vpiFullName: fsm_using_function.req_1.req_1
            vpiActual: Net name:req_1
          vpiTypespec RefTypespec start:15:9 end:15:9:
            vpiParent: Port name:req_1
            vpiFullName: fsm_using_function.req_1
        Port name:gnt_0 start:11:1 end:11:6:
          vpiParent: Module name:fsm_using_function
          vpiName: gnt_0
          vpiDirection: output (2)
          vpiLowConn RefObj name:gnt_0 start:17:9 end:17:14:
            vpiParent: Port name:gnt_0
            vpiName: gnt_0
            vpiFullName: fsm_using_function.gnt_0.gnt_0
            vpiActual: Variable name:gnt_0
          vpiTypespec RefTypespec start:17:9 end:17:9:
            vpiParent: Port name:gnt_0
            vpiFullName: fsm_using_function.gnt_0
        Port name:gnt_1 start:12:1 end:12:6:
          vpiParent: Module name:fsm_using_function
          vpiName: gnt_1
          vpiDirection: output (2)
          vpiLowConn RefObj name:gnt_1 start:17:15 end:17:20:
            vpiParent: Port name:gnt_1
            vpiName: gnt_1
            vpiFullName: fsm_using_function.gnt_1.gnt_1
            vpiActual: Variable name:gnt_1
          vpiTypespec RefTypespec start:17:9 end:17:9:
            vpiParent: Port name:gnt_1
            vpiFullName: fsm_using_function.gnt_1
      vpiProcess (2 items):
        Always start:57:1 end:64:4:
          vpiParent: Module name:fsm_using_function
          vpiStmt EventControl start:57:8 end:64:4:
            vpiParent: Always
            vpiCondition Operation start:57:11 end:57:24:
              vpiParent: EventControl
              vpiOpType: posedge (39)
              vpiOperand (1 items):
                RefObj name:clock start:57:19 end:57:24:
                  vpiParent: Operation
                  vpiName: clock
                  vpiFullName: fsm_using_function.clock
                  vpiActual: Net name:clock
            vpiStmt Begin name:FSM_SEQ start:58:1 end:64:4:
              vpiParent: EventControl
              vpiName Identifier name:FSM_SEQ start:58:9 end:58:16:
                vpiParent: Begin name:FSM_SEQ
                vpiName: FSM_SEQ
              vpiFullName: fsm_using_function.FSM_SEQ
              vpiTypespec (1 items):
                BitTypespec:
                  vpiParent: Begin name:FSM_SEQ
              vpiStmt (1 items):
                IfElse start:59:3 end:63:6:
                  vpiParent: Begin name:FSM_SEQ
                  vpiCondition Operation start:59:7 end:59:20:
                    vpiParent: IfElse
                    vpiOpType: equal (14)
                    vpiOperand (2 items):
                      RefObj name:reset start:59:7 end:59:12:
                        vpiParent: Operation
                        vpiName: reset
                        vpiFullName: fsm_using_function.FSM_SEQ.reset
                        vpiActual: Net name:reset
                      Constant start:59:16 end:59:20:
                        vpiParent: Operation
                        vpiTypespec RefTypespec:
                          vpiParent: Constant
                          vpiFullName: fsm_using_function.FSM_SEQ
                          vpiActual: BitTypespec
                        vpiConstType: binary (3)
                        vpiSize: 1
                        vpiDecompile: "1'b1"
                        vpiValue: "1"
                  vpiStmt Begin start:59:22 end:61:6:
                    vpiParent: IfElse
                    vpiFullName: fsm_using_function.FSM_SEQ
                    vpiStmt (1 items):
                      Assignment start:60:5 end:60:21:
                        vpiParent: Begin
                        vpiLhs RefObj name:state start:60:5 end:60:10:
                          vpiParent: Assignment
                          vpiName: state
                          vpiFullName: fsm_using_function.FSM_SEQ.state
                          vpiActual: Variable name:state
                        vpiRhs DelayControl start:60:14 end:60:16:
                          vpiParent: Assignment
                          vpiStmt RefObj name:IDLE start:60:17 end:60:21:
                            vpiParent: DelayControl
                            vpiName: IDLE
                            vpiFullName: fsm_using_function.FSM_SEQ.IDLE
                            vpiActual: Parameter name:IDLE
                          vpiDelay Constant start:60:15 end:60:16:
                            vpiParent: DelayControl
                            vpiTypespec RefTypespec:
                              vpiParent: Constant
                              vpiFullName: fsm_using_function.FSM_SEQ
                              vpiActual: IntTypespec
                            vpiConstType: int (7)
                            vpiSize: 32
                            vpiDecompile: "1"
                            vpiValue: 1
                  vpiElseStmt Begin start:61:12 end:63:6:
                    vpiParent: IfElse
                    vpiFullName: fsm_using_function.FSM_SEQ
                    vpiStmt (1 items):
                      Assignment start:62:5 end:62:27:
                        vpiParent: Begin
                        vpiLhs RefObj name:state start:62:5 end:62:10:
                          vpiParent: Assignment
                          vpiName: state
                          vpiFullName: fsm_using_function.FSM_SEQ.state
                          vpiActual: Variable name:state
                        vpiRhs DelayControl start:62:14 end:62:16:
                          vpiParent: Assignment
                          vpiStmt RefObj name:next_state start:62:17 end:62:27:
                            vpiParent: DelayControl
                            vpiName: next_state
                            vpiFullName: fsm_using_function.FSM_SEQ.next_state
                            vpiActual: Net name:next_state
                          vpiDelay Constant start:62:15 end:62:16:
                            vpiParent: DelayControl
                            vpiTypespec RefTypespec:
                              vpiParent: Constant
                              vpiFullName: fsm_using_function.FSM_SEQ
                              vpiActual: IntTypespec
                            vpiConstType: int (7)
                            vpiSize: 32
                            vpiDecompile: "1"
                            vpiValue: 1
          vpiAlwaysType: always (1)
        Always start:66:1 end:92:4:
          vpiParent: Module name:fsm_using_function
          vpiStmt EventControl start:66:8 end:92:4:
            vpiParent: Always
            vpiCondition Operation start:66:11 end:66:24:
              vpiParent: EventControl
              vpiOpType: posedge (39)
              vpiOperand (1 items):
                RefObj name:clock start:66:19 end:66:24:
                  vpiParent: Operation
                  vpiName: clock
                  vpiFullName: fsm_using_function.clock
                  vpiActual: Net name:clock
            vpiStmt Begin name:OUTPUT_LOGIC start:67:1 end:92:4:
              vpiParent: EventControl
              vpiName Identifier name:OUTPUT_LOGIC start:67:9 end:67:21:
                vpiParent: Begin name:OUTPUT_LOGIC
                vpiName: OUTPUT_LOGIC
              vpiFullName: fsm_using_function.OUTPUT_LOGIC
              vpiTypespec (1 items):
                BitTypespec:
                  vpiParent: Begin name:OUTPUT_LOGIC
              vpiStmt (1 items):
                IfElse start:68:1 end:91:4:
                  vpiParent: Begin name:OUTPUT_LOGIC
                  vpiCondition Operation start:68:5 end:68:18:
                    vpiParent: IfElse
                    vpiOpType: equal (14)
                    vpiOperand (2 items):
                      RefObj name:reset start:68:5 end:68:10:
                        vpiParent: Operation
                        vpiName: reset
                        vpiFullName: fsm_using_function.OUTPUT_LOGIC.reset
                        vpiActual: Net name:reset
                      Constant start:68:14 end:68:18:
                        vpiParent: Operation
                        vpiTypespec RefTypespec:
                          vpiParent: Constant
                          vpiFullName: fsm_using_function.OUTPUT_LOGIC
                          vpiActual: BitTypespec
                        vpiConstType: binary (3)
                        vpiSize: 1
                        vpiDecompile: "1'b1"
                        vpiValue: "1"
                  vpiStmt Begin start:68:20 end:71:4:
                    vpiParent: IfElse
                    vpiFullName: fsm_using_function.OUTPUT_LOGIC
                    vpiTypespec (1 items):
                      BitTypespec:
                        vpiParent: Begin
                    vpiStmt (2 items):
                      Assignment start:69:3 end:69:19:
                        vpiParent: Begin
                        vpiLhs RefObj name:gnt_0 start:69:3 end:69:8:
                          vpiParent: Assignment
                          vpiName: gnt_0
                          vpiFullName: fsm_using_function.OUTPUT_LOGIC.gnt_0
                          vpiActual: Variable name:gnt_0
                        vpiRhs DelayControl start:69:12 end:69:14:
                          vpiParent: Assignment
                          vpiStmt Constant start:69:15 end:69:19:
                            vpiParent: DelayControl
                            vpiTypespec RefTypespec:
                              vpiParent: Constant
                              vpiFullName: fsm_using_function.OUTPUT_LOGIC
                              vpiActual: BitTypespec
                            vpiConstType: binary (3)
                            vpiSize: 1
                            vpiDecompile: "1'b0"
                            vpiValue: "0"
                          vpiDelay Constant start:69:13 end:69:14:
                            vpiParent: DelayControl
                            vpiTypespec RefTypespec:
                              vpiParent: Constant
                              vpiFullName: fsm_using_function.OUTPUT_LOGIC
                              vpiActual: IntTypespec
                            vpiConstType: int (7)
                            vpiSize: 32
                            vpiDecompile: "1"
                            vpiValue: 1
                      Assignment start:70:3 end:70:19:
                        vpiParent: Begin
                        vpiLhs RefObj name:gnt_1 start:70:3 end:70:8:
                          vpiParent: Assignment
                          vpiName: gnt_1
                          vpiFullName: fsm_using_function.OUTPUT_LOGIC.gnt_1
                          vpiActual: Variable name:gnt_1
                        vpiRhs DelayControl start:70:12 end:70:14:
                          vpiParent: Assignment
                          vpiStmt Constant start:70:15 end:70:19:
                            vpiParent: DelayControl
                            vpiTypespec RefTypespec:
                              vpiParent: Constant
                              vpiFullName: fsm_using_function.OUTPUT_LOGIC
                              vpiActual: BitTypespec
                            vpiConstType: binary (3)
                            vpiSize: 1
                            vpiDecompile: "1'b0"
                            vpiValue: "0"
                          vpiDelay Constant start:70:13 end:70:14:
                            vpiParent: DelayControl
                            vpiTypespec RefTypespec:
                              vpiParent: Constant
                              vpiFullName: fsm_using_function.OUTPUT_LOGIC
                              vpiActual: IntTypespec
                            vpiConstType: int (7)
                            vpiSize: 32
                            vpiDecompile: "1"
                            vpiValue: 1
                  vpiElseStmt Begin start:72:6 end:91:4:
                    vpiParent: IfElse
                    vpiFullName: fsm_using_function.OUTPUT_LOGIC
                    vpiStmt (1 items):
                      CaseStmt start:73:3 end:90:10:
                        vpiParent: Begin
                        vpiCaseType: exact (1)
                        vpiCondition RefObj name:state start:73:8 end:73:13:
                          vpiParent: CaseStmt
                          vpiName: state
                          vpiFullName: fsm_using_function.OUTPUT_LOGIC.state
                          vpiActual: Variable name:state
                        vpiCaseItem (4 items):
                          CaseItem start:74:5 end:77:19:
                            vpiParent: CaseStmt
                            vpiExpr (1 items):
                              RefObj name:IDLE start:74:5 end:74:9:
                                vpiParent: CaseItem
                                vpiName: IDLE
                                vpiFullName: fsm_using_function.OUTPUT_LOGIC.IDLE
                                vpiActual: Parameter name:IDLE
                            vpiStmt Begin start:74:12 end:77:19:
                              vpiParent: CaseItem
                              vpiFullName: fsm_using_function.OUTPUT_LOGIC
                              vpiTypespec (1 items):
                                BitTypespec:
                                  vpiParent: Begin
                              vpiStmt (2 items):
                                Assignment start:75:19 end:75:35:
                                  vpiParent: Begin
                                  vpiLhs RefObj name:gnt_0 start:75:19 end:75:24:
                                    vpiParent: Assignment
                                    vpiName: gnt_0
                                    vpiFullName: fsm_using_function.OUTPUT_LOGIC.gnt_0
                                    vpiActual: Variable name:gnt_0
                                  vpiRhs DelayControl start:75:28 end:75:30:
                                    vpiParent: Assignment
                                    vpiStmt Constant start:75:31 end:75:35:
                                      vpiParent: DelayControl
                                      vpiTypespec RefTypespec:
                                        vpiParent: Constant
                                        vpiFullName: fsm_using_function.OUTPUT_LOGIC
                                        vpiActual: BitTypespec
                                      vpiConstType: binary (3)
                                      vpiSize: 1
                                      vpiDecompile: "1'b0"
                                      vpiValue: "0"
                                    vpiDelay Constant start:75:29 end:75:30:
                                      vpiParent: DelayControl
                                      vpiTypespec RefTypespec:
                                        vpiParent: Constant
                                        vpiFullName: fsm_using_function.OUTPUT_LOGIC
                                        vpiActual: IntTypespec
                                      vpiConstType: int (7)
                                      vpiSize: 32
                                      vpiDecompile: "1"
                                      vpiValue: 1
                                Assignment start:76:19 end:76:35:
                                  vpiParent: Begin
                                  vpiLhs RefObj name:gnt_1 start:76:19 end:76:24:
                                    vpiParent: Assignment
                                    vpiName: gnt_1
                                    vpiFullName: fsm_using_function.OUTPUT_LOGIC.gnt_1
                                    vpiActual: Variable name:gnt_1
                                  vpiRhs DelayControl start:76:28 end:76:30:
                                    vpiParent: Assignment
                                    vpiStmt Constant start:76:31 end:76:35:
                                      vpiParent: DelayControl
                                      vpiTypespec RefTypespec:
                                        vpiParent: Constant
                                        vpiFullName: fsm_using_function.OUTPUT_LOGIC
                                        vpiActual: BitTypespec
                                      vpiConstType: binary (3)
                                      vpiSize: 1
                                      vpiDecompile: "1'b0"
                                      vpiValue: "0"
                                    vpiDelay Constant start:76:29 end:76:30:
                                      vpiParent: DelayControl
                                      vpiTypespec RefTypespec:
                                        vpiParent: Constant
                                        vpiFullName: fsm_using_function.OUTPUT_LOGIC
                                        vpiActual: IntTypespec
                                      vpiConstType: int (7)
                                      vpiSize: 32
                                      vpiDecompile: "1"
                                      vpiValue: 1
                          CaseItem start:78:4 end:81:20:
                            vpiParent: CaseStmt
                            vpiExpr (1 items):
                              RefObj name:GNT0 start:78:4 end:78:8:
                                vpiParent: CaseItem
                                vpiName: GNT0
                                vpiFullName: fsm_using_function.OUTPUT_LOGIC.GNT0
                                vpiActual: Parameter name:GNT0
                            vpiStmt Begin start:78:11 end:81:20:
                              vpiParent: CaseItem
                              vpiFullName: fsm_using_function.OUTPUT_LOGIC
                              vpiTypespec (1 items):
                                BitTypespec:
                                  vpiParent: Begin
                              vpiStmt (2 items):
                                Assignment start:79:20 end:79:36:
                                  vpiParent: Begin
                                  vpiLhs RefObj name:gnt_0 start:79:20 end:79:25:
                                    vpiParent: Assignment
                                    vpiName: gnt_0
                                    vpiFullName: fsm_using_function.OUTPUT_LOGIC.gnt_0
                                    vpiActual: Variable name:gnt_0
                                  vpiRhs DelayControl start:79:29 end:79:31:
                                    vpiParent: Assignment
                                    vpiStmt Constant start:79:32 end:79:36:
                                      vpiParent: DelayControl
                                      vpiTypespec RefTypespec:
                                        vpiParent: Constant
                                        vpiFullName: fsm_using_function.OUTPUT_LOGIC
                                        vpiActual: BitTypespec
                                      vpiConstType: binary (3)
                                      vpiSize: 1
                                      vpiDecompile: "1'b1"
                                      vpiValue: "1"
                                    vpiDelay Constant start:79:30 end:79:31:
                                      vpiParent: DelayControl
                                      vpiTypespec RefTypespec:
                                        vpiParent: Constant
                                        vpiFullName: fsm_using_function.OUTPUT_LOGIC
                                        vpiActual: IntTypespec
                                      vpiConstType: int (7)
                                      vpiSize: 32
                                      vpiDecompile: "1"
                                      vpiValue: 1
                                Assignment start:80:20 end:80:36:
                                  vpiParent: Begin
                                  vpiLhs RefObj name:gnt_1 start:80:20 end:80:25:
                                    vpiParent: Assignment
                                    vpiName: gnt_1
                                    vpiFullName: fsm_using_function.OUTPUT_LOGIC.gnt_1
                                    vpiActual: Variable name:gnt_1
                                  vpiRhs DelayControl start:80:29 end:80:31:
                                    vpiParent: Assignment
                                    vpiStmt Constant start:80:32 end:80:36:
                                      vpiParent: DelayControl
                                      vpiTypespec RefTypespec:
                                        vpiParent: Constant
                                        vpiFullName: fsm_using_function.OUTPUT_LOGIC
                                        vpiActual: BitTypespec
                                      vpiConstType: binary (3)
                                      vpiSize: 1
                                      vpiDecompile: "1'b0"
                                      vpiValue: "0"
                                    vpiDelay Constant start:80:30 end:80:31:
                                      vpiParent: DelayControl
                                      vpiTypespec RefTypespec:
                                        vpiParent: Constant
                                        vpiFullName: fsm_using_function.OUTPUT_LOGIC
                                        vpiActual: IntTypespec
                                      vpiConstType: int (7)
                                      vpiSize: 32
                                      vpiDecompile: "1"
                                      vpiValue: 1
                          CaseItem start:82:4 end:85:20:
                            vpiParent: CaseStmt
                            vpiExpr (1 items):
                              RefObj name:GNT1 start:82:4 end:82:8:
                                vpiParent: CaseItem
                                vpiName: GNT1
                                vpiFullName: fsm_using_function.OUTPUT_LOGIC.GNT1
                                vpiActual: Parameter name:GNT1
                            vpiStmt Begin start:82:11 end:85:20:
                              vpiParent: CaseItem
                              vpiFullName: fsm_using_function.OUTPUT_LOGIC
                              vpiTypespec (1 items):
                                BitTypespec:
                                  vpiParent: Begin
                              vpiStmt (2 items):
                                Assignment start:83:20 end:83:36:
                                  vpiParent: Begin
                                  vpiLhs RefObj name:gnt_0 start:83:20 end:83:25:
                                    vpiParent: Assignment
                                    vpiName: gnt_0
                                    vpiFullName: fsm_using_function.OUTPUT_LOGIC.gnt_0
                                    vpiActual: Variable name:gnt_0
                                  vpiRhs DelayControl start:83:29 end:83:31:
                                    vpiParent: Assignment
                                    vpiStmt Constant start:83:32 end:83:36:
                                      vpiParent: DelayControl
                                      vpiTypespec RefTypespec:
                                        vpiParent: Constant
                                        vpiFullName: fsm_using_function.OUTPUT_LOGIC
                                        vpiActual: BitTypespec
                                      vpiConstType: binary (3)
                                      vpiSize: 1
                                      vpiDecompile: "1'b0"
                                      vpiValue: "0"
                                    vpiDelay Constant start:83:30 end:83:31:
                                      vpiParent: DelayControl
                                      vpiTypespec RefTypespec:
                                        vpiParent: Constant
                                        vpiFullName: fsm_using_function.OUTPUT_LOGIC
                                        vpiActual: IntTypespec
                                      vpiConstType: int (7)
                                      vpiSize: 32
                                      vpiDecompile: "1"
                                      vpiValue: 1
                                Assignment start:84:20 end:84:36:
                                  vpiParent: Begin
                                  vpiLhs RefObj name:gnt_1 start:84:20 end:84:25:
                                    vpiParent: Assignment
                                    vpiName: gnt_1
                                    vpiFullName: fsm_using_function.OUTPUT_LOGIC.gnt_1
                                    vpiActual: Variable name:gnt_1
                                  vpiRhs DelayControl start:84:29 end:84:31:
                                    vpiParent: Assignment
                                    vpiStmt Constant start:84:32 end:84:36:
                                      vpiParent: DelayControl
                                      vpiTypespec RefTypespec:
                                        vpiParent: Constant
                                        vpiFullName: fsm_using_function.OUTPUT_LOGIC
                                        vpiActual: BitTypespec
                                      vpiConstType: binary (3)
                                      vpiSize: 1
                                      vpiDecompile: "1'b1"
                                      vpiValue: "1"
                                    vpiDelay Constant start:84:30 end:84:31:
                                      vpiParent: DelayControl
                                      vpiTypespec RefTypespec:
                                        vpiParent: Constant
                                        vpiFullName: fsm_using_function.OUTPUT_LOGIC
                                        vpiActual: IntTypespec
                                      vpiConstType: int (7)
                                      vpiSize: 32
                                      vpiDecompile: "1"
                                      vpiValue: 1
                          CaseItem start:86:4 end:89:22:
                            vpiParent: CaseStmt
                            vpiStmt Begin start:86:14 end:89:22:
                              vpiParent: CaseItem
                              vpiFullName: fsm_using_function.OUTPUT_LOGIC
                              vpiTypespec (1 items):
                                BitTypespec:
                                  vpiParent: Begin
                              vpiStmt (2 items):
                                Assignment start:87:21 end:87:37:
                                  vpiParent: Begin
                                  vpiLhs RefObj name:gnt_0 start:87:21 end:87:26:
                                    vpiParent: Assignment
                                    vpiName: gnt_0
                                    vpiFullName: fsm_using_function.OUTPUT_LOGIC.gnt_0
                                    vpiActual: Variable name:gnt_0
                                  vpiRhs DelayControl start:87:30 end:87:32:
                                    vpiParent: Assignment
                                    vpiStmt Constant start:87:33 end:87:37:
                                      vpiParent: DelayControl
                                      vpiTypespec RefTypespec:
                                        vpiParent: Constant
                                        vpiFullName: fsm_using_function.OUTPUT_LOGIC
                                        vpiActual: BitTypespec
                                      vpiConstType: binary (3)
                                      vpiSize: 1
                                      vpiDecompile: "1'b0"
                                      vpiValue: "0"
                                    vpiDelay Constant start:87:31 end:87:32:
                                      vpiParent: DelayControl
                                      vpiTypespec RefTypespec:
                                        vpiParent: Constant
                                        vpiFullName: fsm_using_function.OUTPUT_LOGIC
                                        vpiActual: IntTypespec
                                      vpiConstType: int (7)
                                      vpiSize: 32
                                      vpiDecompile: "1"
                                      vpiValue: 1
                                Assignment start:88:21 end:88:37:
                                  vpiParent: Begin
                                  vpiLhs RefObj name:gnt_1 start:88:21 end:88:26:
                                    vpiParent: Assignment
                                    vpiName: gnt_1
                                    vpiFullName: fsm_using_function.OUTPUT_LOGIC.gnt_1
                                    vpiActual: Variable name:gnt_1
                                  vpiRhs DelayControl start:88:30 end:88:32:
                                    vpiParent: Assignment
                                    vpiStmt Constant start:88:33 end:88:37:
                                      vpiParent: DelayControl
                                      vpiTypespec RefTypespec:
                                        vpiParent: Constant
                                        vpiFullName: fsm_using_function.OUTPUT_LOGIC
                                        vpiActual: BitTypespec
                                      vpiConstType: binary (3)
                                      vpiSize: 1
                                      vpiDecompile: "1'b0"
                                      vpiValue: "0"
                                    vpiDelay Constant start:88:31 end:88:32:
                                      vpiParent: DelayControl
                                      vpiTypespec RefTypespec:
                                        vpiParent: Constant
                                        vpiFullName: fsm_using_function.OUTPUT_LOGIC
                                        vpiActual: IntTypespec
                                      vpiConstType: int (7)
                                      vpiSize: 32
                                      vpiDecompile: "1"
                                      vpiValue: 1
          vpiAlwaysType: always (1)
      vpiContAssign (1 items):
        ContAssign start:29:8 end:29:54:
          vpiParent: Module name:fsm_using_function
          vpiLhs RefObj name:next_state start:29:8 end:29:18:
            vpiParent: ContAssign
            vpiName: next_state
            vpiFullName: fsm_using_function.next_state
            vpiActual: Net name:next_state
          vpiRhs FuncCall name:fsm_function start:29:21 end:29:54:
            vpiParent: ContAssign
            vpiName Identifier name:fsm_function start:29:21 end:29:33:
              vpiParent: FuncCall name:fsm_function
              vpiName: fsm_function
            vpiTaskFunc: Function name:fsm_function
            vpiArgument (3 items):
              RefObj name:state start:29:34 end:29:39:
                vpiParent: FuncCall name:fsm_function
                vpiName: state
                vpiFullName: fsm_using_function.state
                vpiActual: Variable name:state
              RefObj name:req_0 start:29:41 end:29:46:
                vpiParent: FuncCall name:fsm_function
                vpiName: req_0
                vpiFullName: fsm_using_function.req_0
                vpiActual: Net name:req_0
              RefObj name:req_1 start:29:48 end:29:53:
                vpiParent: FuncCall name:fsm_function
                vpiName: req_1
                vpiFullName: fsm_using_function.req_1
                vpiActual: Net name:req_1
  vpiTypespec (9 items):
    IntTypespec:
      vpiParent: Design name:unnamed
      vpiSigned: true
    VoidTypespec:
      vpiParent: Design name:unnamed
    StringTypespec:
      vpiParent: Design name:unnamed
    RealTypespec:
      vpiParent: Design name:unnamed
    ClassTypespec name:mailbox:
      vpiParent: Design name:unnamed
      vpiName Identifier name:mailbox:
        vpiParent: ClassTypespec name:mailbox
        vpiName: mailbox
      vpiClassDefn: ClassDefn name:mailbox
    ClassTypespec name:process:
      vpiParent: Design name:unnamed
      vpiName Identifier name:process:
        vpiParent: ClassTypespec name:process
        vpiName: process
      vpiClassDefn: ClassDefn name:process
    ClassTypespec name:semaphore:
      vpiParent: Design name:unnamed
      vpiName Identifier name:semaphore:
        vpiParent: ClassTypespec name:semaphore
        vpiName: semaphore
      vpiClassDefn: ClassDefn name:semaphore
    ModuleTypespec name:fsm_using_function:
      vpiParent: Design name:unnamed
      vpiName Identifier name:fsm_using_function start:6:8 end:6:26:
        vpiParent: ModuleTypespec name:fsm_using_function
        vpiName: fsm_using_function
      vpiModule: Module name:fsm_using_function
    LogicTypespec:
      vpiParent: Design name:unnamed
===================
[  FATAL] : 0
[ SYNTAX] : 0
[  ERROR] : 0
[WARNING] : 2
[   NOTE] : 0
********************************************************************************
*                    End HLC SystemVerilog Compiler/Linter                     *
********************************************************************************

#**#**#**#**#**#**#**#**#**#**#**#**#**#**#**#**#**#**#**#**#**#**#**#**#**#**#**#**#**#**#**#**#**#**#**#**#**#**#**#**

Environment:
      test-name: FSMFunction/FSMFunction
   test-dirpath: ${HLC_DIR}/regression/FSMFunction/FSMFunction
  hldb-filepath: ${HLC_DIR}/regression/FSMFunction/FSMFunction/design.hldb
mounts-filepath: ${HLC_DIR}/regression/FSMFunction/FSMFunction/mounts.json


{'result': {'coverage': 97.49,
            'error_count': 0,
            'file_count': 1,
            'files': {'$Output/lib/work/top.sv': {'post_len': 34,
                                                  'pre_len': 1352}},
            'post_len': 34,
            'pre_len': 1352,
            'test_name': 'FSMFunction/FSMFunction'}}

+-------------------------+----------+-----------+
| INPUT                   |   PRELEN |   POSTLEN |
+=========================+==========+===========+
| $Output/lib/work/top.sv |     1352 |        34 |
+=========================+==========+===========+
|                         |     1352 |        34 |
+-------------------------+----------+-----------+

[   ERROR] : 0
[COVERAGE] : 97.49


#**#**#**#**#**#**#**#**#**#**#**#**#**#**#**#**#**#**#**#**#**#**#**#**#**#**#**#**#**#**#**#**#**#**#**#**#**#**#**#**

COMMAND: ${HLC_DIR}/regression/FSMFunction/FSMFunction/design.hldb ${HLC_DIR}/regression/FSMFunction/FSMFunction/reduced.hldb

==================== BEGIN REDUCTION RESULT ====================
Name                            Before   After   Added   Removed
----------------------------------------------------------------
Constant                            45      45       4         4
Operation                           12       8       0         4
RefObj                              65      55       0        10
RefTypespec                        242     242       4         4
----------------------------------------------------------------
Others                             535     535       0         0
----------------------------------------------------------------
                                   899     885       8        22
===================== END REDUCTION RESULT =====================
