********************************************************************************
*                   Begin HLC SystemVerilog Compiler/Linter                    *
********************************************************************************
Copyright (c) 2020 Apotell,
http://www.apache.org/licenses/LICENSE-2.0
VERSION: 1.84
COMMAND: -wd ../../../tests/Verilator +incdir+. -nobuiltin -timescale=1ns/1ns -d ast -d db t_inst_tree.v -mt 0 -d dbstats -d cache -writepp -d db -nostdout -o ${HLC_DIR}/regression/Verilator/t_inst_tree
[INF:CM5022] Creating log file "$Output/hlc.log".
[INF:PP5223] Preprocessing source file "$Source01/t_inst_tree.v".
[INF:PA5502] Parsing source file "$Source01/t_inst_tree.v".
AST_DEBUG_BEGIN
Count: 1213
LIB: work
FILE<0>:$Source01/t_inst_tree.v
n<$Source01/t_inst_tree.v> u<1212> t<Top_level_rule> c<1> l<6:1> el<105:1>
  n<> u<1> t<Null_rule> p<1212> s<2> l<6:1> el<6:1>
  n<// DESCRIPTION: Verilator: Verilog Test module> u<2> t<LINE_COMMENT> p<1212> s<3> l<1:1> el<1:47>
  n<//> u<3> t<LINE_COMMENT> p<1212> s<4> l<2:1> el<2:3>
  n<// This file ONLY is placed into the Public Domain, for any use,> u<4> t<LINE_COMMENT> p<1212> s<5> l<3:1> el<3:65>
  n<// without warranty, 2003 by Wilson Snyder.> u<5> t<LINE_COMMENT> p<1212> s<1211> l<4:1> el<4:44>
  n<> u<1211> t<Source_text> p<1212> c<373> l<6:1> el<104:10>
    n<> u<373> t<Description> p<1211> c<372> s<425> l<6:1> el<48:10>
      n<> u<372> t<Module_declaration> p<373> c<18> l<6:1> el<48:10>
        n<> u<18> t<Module_nonansi_header> p<372> c<6> s<25> l<6:1> el<9:6>
          n<module> u<6> t<MODULE> p<18> s<7> l<6:1> el<6:7>
          n<t> u<7> t<SIMPLE_IDENTIFIER> p<18> s<8> l<6:8> el<6:9>
          n<> u<8> t<Package_import_declaration_list> p<18> s<9> l<6:10> el<6:10>
          n</*AUTOARG*/> u<9> t<BLOCK_COMMENT> p<18> s<10> l<6:10> el<9:5>
          n<// Inputs> u<10> t<LINE_COMMENT> p<18> s<17> l<7:4> el<7:13>
          n<> u<17> t<Port_list> p<18> c<16> l<6:10> el<9:5>
            n<> u<16> t<Port> p<17> c<15> l<8:4> el<8:7>
              n<> u<15> t<Port_expression> p<16> c<14> l<8:4> el<8:7>
                n<> u<14> t<Port_reference> p<15> c<11> l<8:4> el<8:7>
                  n<clk> u<11> t<SIMPLE_IDENTIFIER> p<14> s<13> l<8:4> el<8:7>
                  n<> u<13> t<Constant_select> p<14> c<12> l<9:4> el<9:4>
                    n<> u<12> t<Constant_bit_select> p<13> l<9:4> el<9:4>
        n<> u<25> t<Module_item> p<372> c<24> s<38> l<11:4> el<11:14>
          n<> u<24> t<Port_declaration> p<25> c<23> l<11:4> el<11:13>
            n<> u<23> t<Input_declaration> p<24> c<20> l<11:4> el<11:13>
              n<> u<20> t<Net_port_type> p<23> c<19> s<22> l<11:10> el<11:10>
                n<> u<19> t<Data_type_or_implicit> p<20> l<11:10> el<11:10>
              n<> u<22> t<Port_identifier_list> p<23> c<21> l<11:10> el<11:13>
                n<clk> u<21> t<SIMPLE_IDENTIFIER> p<22> l<11:10> el<11:13>
        n<> u<38> t<Module_item> p<372> c<37> s<57> l<12:4> el<12:16>
          n<> u<37> t<Non_port_module_item> p<38> c<36> l<12:4> el<12:16>
            n<> u<36> t<Module_or_generate_item> p<37> c<35> l<12:4> el<12:16>
              n<> u<35> t<Module_common_item> p<36> c<34> l<12:4> el<12:16>
                n<> u<34> t<Module_or_generate_item_declaration> p<35> c<33> l<12:4> el<12:16>
                  n<> u<33> t<Package_or_generate_item_declaration> p<34> c<32> l<12:4> el<12:16>
                    n<> u<32> t<Data_declaration> p<33> c<31> l<12:4> el<12:16>
                      n<> u<31> t<Variable_declaration> p<32> c<27> l<12:4> el<12:16>
                        n<> u<27> t<Data_type> p<31> c<26> s<30> l<12:4> el<12:11>
                          n<> u<26> t<INTEGER> p<27> l<12:4> el<12:11>
                        n<> u<30> t<Variable_decl_assignment_list> p<31> c<29> l<12:12> el<12:15>
                          n<> u<29> t<Variable_decl_assignment> p<30> c<28> l<12:12> el<12:15>
                            n<cyc> u<28> t<SIMPLE_IDENTIFIER> p<29> l<12:12> el<12:15>
        n<> u<57> t<Module_item> p<372> c<56> s<58> l<12:17> el<12:31>
          n<> u<56> t<Non_port_module_item> p<57> c<55> l<12:17> el<12:31>
            n<> u<55> t<Module_or_generate_item> p<56> c<54> l<12:17> el<12:31>
              n<> u<54> t<Module_common_item> p<55> c<53> l<12:17> el<12:31>
                n<> u<53> t<Initial_construct> p<54> c<52> l<12:17> el<12:31>
                  n<> u<52> t<Statement_or_null> p<53> c<51> l<12:25> el<12:31>
                    n<> u<51> t<Statement> p<52> c<50> l<12:25> el<12:31>
                      n<> u<50> t<Statement_item> p<51> c<49> l<12:25> el<12:31>
                        n<> u<49> t<Blocking_assignment> p<50> c<48> l<12:25> el<12:30>
                          n<> u<48> t<Variable_assignment> p<49> c<43> l<12:25> el<12:30>
                            n<> u<43> t<Variable_lvalue> p<48> c<40> s<47> l<12:25> el<12:28>
                              n<> u<40> t<Ps_or_hierarchical_identifier> p<43> c<39> s<42> l<12:25> el<12:28>
                                n<cyc> u<39> t<SIMPLE_IDENTIFIER> p<40> l<12:25> el<12:28>
                              n<> u<42> t<Select> p<43> c<41> l<12:28> el<12:28>
                                n<> u<41> t<Bit_select> p<42> l<12:28> el<12:28>
                            n<> u<47> t<Expression> p<48> c<46> l<12:29> el<12:30>
                              n<> u<46> t<Primary> p<47> c<45> l<12:29> el<12:30>
                                n<> u<45> t<Primary_literal> p<46> c<44> l<12:29> el<12:30>
                                  n<1> u<44> t<INTEGRAL_NUMBER> p<45> l<12:29> el<12:30>
        n<// verilator lint_off GENCLK> u<58> t<LINE_COMMENT> p<372> s<71> l<14:4> el<14:32>
        n<> u<71> t<Module_item> p<372> c<70> s<72> l<15:4> el<15:21>
          n<> u<70> t<Non_port_module_item> p<71> c<69> l<15:4> el<15:21>
            n<> u<69> t<Module_or_generate_item> p<70> c<68> l<15:4> el<15:21>
              n<> u<68> t<Module_common_item> p<69> c<67> l<15:4> el<15:21>
                n<> u<67> t<Module_or_generate_item_declaration> p<68> c<66> l<15:4> el<15:21>
                  n<> u<66> t<Package_or_generate_item_declaration> p<67> c<65> l<15:4> el<15:21>
                    n<> u<65> t<Data_declaration> p<66> c<64> l<15:4> el<15:21>
                      n<> u<64> t<Variable_declaration> p<65> c<60> l<15:4> el<15:21>
                        n<> u<60> t<Data_type> p<64> c<59> s<63> l<15:4> el<15:7>
                          n<> u<59> t<REG> p<60> l<15:4> el<15:7>
                        n<> u<63> t<Variable_decl_assignment_list> p<64> c<62> l<15:12> el<15:20>
                          n<> u<62> t<Variable_decl_assignment> p<63> c<61> l<15:12> el<15:20>
                            n<printclk> u<61> t<SIMPLE_IDENTIFIER> p<62> l<15:12> el<15:20>
        n<// verilator lint_on GENCLK> u<72> t<LINE_COMMENT> p<372> s<86> l<16:4> el<16:31>
        n<> u<86> t<Module_item> p<372> c<85> s<109> l<17:4> el<17:21>
          n<> u<85> t<Non_port_module_item> p<86> c<84> l<17:4> el<17:21>
            n<> u<84> t<Module_or_generate_item> p<85> c<83> l<17:4> el<17:21>
              n<> u<83> t<Module_instantiation> p<84> c<73> l<17:4> el<17:21>
                n<ps> u<73> t<SIMPLE_IDENTIFIER> p<83> s<82> l<17:4> el<17:6>
                n<> u<82> t<Hierarchical_instance> p<83> c<75> l<17:7> el<17:20>
                  n<> u<75> t<Name_of_instance> p<82> c<74> s<81> l<17:7> el<17:9>
                    n<ps> u<74> t<SIMPLE_IDENTIFIER> p<75> l<17:7> el<17:9>
                  n<> u<81> t<Port_connection_list> p<82> c<80> l<17:11> el<17:19>
                    n<> u<80> t<Ordered_port_connection> p<81> c<79> l<17:11> el<17:19>
                      n<> u<79> t<Expression> p<80> c<78> l<17:11> el<17:19>
                        n<> u<78> t<Primary> p<79> c<77> l<17:11> el<17:19>
                          n<> u<77> t<Primary_literal> p<78> c<76> l<17:11> el<17:19>
                            n<printclk> u<76> t<SIMPLE_IDENTIFIER> p<77> l<17:11> el<17:19>
        n<> u<109> t<Module_item> p<372> c<108> s<131> l<19:4> el<19:16>
          n<> u<108> t<Non_port_module_item> p<109> c<107> l<19:4> el<19:16>
            n<> u<107> t<Module_or_generate_item> p<108> c<106> l<19:4> el<19:16>
              n<> u<106> t<Module_common_item> p<107> c<105> l<19:4> el<19:16>
                n<> u<105> t<Module_or_generate_item_declaration> p<106> c<104> l<19:4> el<19:16>
                  n<> u<104> t<Package_or_generate_item_declaration> p<105> c<103> l<19:4> el<19:16>
                    n<> u<103> t<Data_declaration> p<104> c<102> l<19:4> el<19:16>
                      n<> u<102> t<Variable_declaration> p<103> c<98> l<19:4> el<19:16>
                        n<> u<98> t<Data_type> p<102> c<87> s<101> l<19:4> el<19:13>
                          n<> u<87> t<REG> p<98> s<97> l<19:4> el<19:7>
                          n<> u<97> t<Packed_dimension> p<98> c<96> l<19:8> el<19:13>
                            n<> u<96> t<Constant_range> p<97> c<91> l<19:9> el<19:12>
                              n<> u<91> t<Constant_expression> p<96> c<90> s<95> l<19:9> el<19:10>
                                n<> u<90> t<Constant_primary> p<91> c<89> l<19:9> el<19:10>
                                  n<> u<89> t<Primary_literal> p<90> c<88> l<19:9> el<19:10>
                                    n<7> u<88> t<INTEGRAL_NUMBER> p<89> l<19:9> el<19:10>
                              n<> u<95> t<Constant_expression> p<96> c<94> l<19:11> el<19:12>
                                n<> u<94> t<Constant_primary> p<95> c<93> l<19:11> el<19:12>
                                  n<> u<93> t<Primary_literal> p<94> c<92> l<19:11> el<19:12>
                                    n<0> u<92> t<INTEGRAL_NUMBER> p<93> l<19:11> el<19:12>
                        n<> u<101> t<Variable_decl_assignment_list> p<102> c<100> l<19:14> el<19:15>
                          n<> u<100> t<Variable_decl_assignment> p<101> c<99> l<19:14> el<19:15>
                            n<a> u<99> t<SIMPLE_IDENTIFIER> p<100> l<19:14> el<19:15>
        n<> u<131> t<Module_item> p<372> c<130> s<152> l<20:4> el<20:17>
          n<> u<130> t<Non_port_module_item> p<131> c<129> l<20:4> el<20:17>
            n<> u<129> t<Module_or_generate_item> p<130> c<128> l<20:4> el<20:17>
              n<> u<128> t<Module_common_item> p<129> c<127> l<20:4> el<20:17>
                n<> u<127> t<Module_or_generate_item_declaration> p<128> c<126> l<20:4> el<20:17>
                  n<> u<126> t<Package_or_generate_item_declaration> p<127> c<125> l<20:4> el<20:17>
                    n<> u<125> t<Net_declaration> p<126> c<110> l<20:4> el<20:17>
                      n<> u<110> t<WIRE> p<125> s<121> l<20:4> el<20:8>
                      n<> u<121> t<Data_type_or_implicit> p<125> c<120> s<124> l<20:9> el<20:14>
                        n<> u<120> t<Packed_dimension> p<121> c<119> l<20:9> el<20:14>
                          n<> u<119> t<Constant_range> p<120> c<114> l<20:10> el<20:13>
                            n<> u<114> t<Constant_expression> p<119> c<113> s<118> l<20:10> el<20:11>
                              n<> u<113> t<Constant_primary> p<114> c<112> l<20:10> el<20:11>
                                n<> u<112> t<Primary_literal> p<113> c<111> l<20:10> el<20:11>
                                  n<7> u<111> t<INTEGRAL_NUMBER> p<112> l<20:10> el<20:11>
                            n<> u<118> t<Constant_expression> p<119> c<117> l<20:12> el<20:13>
                              n<> u<117> t<Constant_primary> p<118> c<116> l<20:12> el<20:13>
                                n<> u<116> t<Primary_literal> p<117> c<115> l<20:12> el<20:13>
                                  n<0> u<115> t<INTEGRAL_NUMBER> p<116> l<20:12> el<20:13>
                      n<> u<124> t<Net_decl_assignment_list> p<125> c<123> l<20:15> el<20:16>
                        n<> u<123> t<Net_decl_assignment> p<124> c<122> l<20:15> el<20:16>
                          n<z> u<122> t<SIMPLE_IDENTIFIER> p<123> l<20:15> el<20:16>
        n<> u<152> t<Module_item> p<372> c<151> s<370> l<22:4> el<22:16>
          n<> u<151> t<Non_port_module_item> p<152> c<150> l<22:4> el<22:16>
            n<> u<150> t<Module_or_generate_item> p<151> c<149> l<22:4> el<22:16>
              n<> u<149> t<Module_instantiation> p<150> c<132> l<22:4> el<22:16>
                n<l1> u<132> t<SIMPLE_IDENTIFIER> p<149> s<148> l<22:4> el<22:6>
                n<> u<148> t<Hierarchical_instance> p<149> c<134> l<22:7> el<22:15>
                  n<> u<134> t<Name_of_instance> p<148> c<133> s<147> l<22:7> el<22:8>
                    n<u> u<133> t<SIMPLE_IDENTIFIER> p<134> l<22:7> el<22:8>
                  n<> u<147> t<Port_connection_list> p<148> c<141> l<22:10> el<22:14>
                    n<> u<141> t<Ordered_port_connection> p<147> c<140> s<146> l<22:10> el<22:12>
                      n<> u<140> t<Expression> p<141> c<139> l<22:10> el<22:12>
                        n<> u<139> t<TILDA> p<140> s<138> l<22:10> el<22:11>
                        n<> u<138> t<Expression> p<140> c<137> l<22:11> el<22:12>
                          n<> u<137> t<Primary> p<138> c<136> l<22:11> el<22:12>
                            n<> u<136> t<Primary_literal> p<137> c<135> l<22:11> el<22:12>
                              n<a> u<135> t<SIMPLE_IDENTIFIER> p<136> l<22:11> el<22:12>
                    n<> u<146> t<Ordered_port_connection> p<147> c<145> l<22:13> el<22:14>
                      n<> u<145> t<Expression> p<146> c<144> l<22:13> el<22:14>
                        n<> u<144> t<Primary> p<145> c<143> l<22:13> el<22:14>
                          n<> u<143> t<Primary_literal> p<144> c<142> l<22:13> el<22:14>
                            n<z> u<142> t<SIMPLE_IDENTIFIER> p<143> l<22:13> el<22:14>
        n<> u<370> t<Module_item> p<372> c<369> s<371> l<24:4> el<46:7>
          n<> u<369> t<Non_port_module_item> p<370> c<368> l<24:4> el<46:7>
            n<> u<368> t<Module_or_generate_item> p<369> c<367> l<24:4> el<46:7>
              n<> u<367> t<Module_common_item> p<368> c<366> l<24:4> el<46:7>
                n<> u<366> t<Always_construct> p<367> c<153> l<24:4> el<46:7>
                  n<> u<153> t<ALWAYS> p<366> s<365> l<24:4> el<24:10>
                  n<> u<365> t<Statement> p<366> c<364> l<24:11> el<46:7>
                    n<> u<364> t<Statement_item> p<365> c<363> l<24:11> el<46:7>
                      n<> u<363> t<Procedural_timing_control_statement> p<364> c<161> l<24:11> el<46:7>
                        n<> u<161> t<Procedural_timing_control> p<363> c<160> s<362> l<24:11> el<24:26>
                          n<> u<160> t<Event_control> p<161> c<159> l<24:11> el<24:26>
                            n<> u<159> t<Event_expression> p<160> c<154> l<24:14> el<24:25>
                              n<> u<154> t<POSEDGE> p<159> s<158> l<24:14> el<24:21>
                              n<> u<158> t<Expression> p<159> c<157> l<24:22> el<24:25>
                                n<> u<157> t<Primary> p<158> c<156> l<24:22> el<24:25>
                                  n<> u<156> t<Primary_literal> p<157> c<155> l<24:22> el<24:25>
                                    n<clk> u<155> t<SIMPLE_IDENTIFIER> p<156> l<24:22> el<24:25>
                        n<> u<362> t<Statement_or_null> p<363> c<361> l<24:27> el<46:7>
                          n<> u<361> t<Statement> p<362> c<360> l<24:27> el<46:7>
                            n<> u<360> t<Statement_item> p<361> c<359> l<24:27> el<46:7>
                              n<> u<359> t<Seq_block> p<360> c<174> l<24:27> el<46:7>
                                n<> u<174> t<Statement_or_null> p<359> c<173> s<357> l<25:7> el<25:21>
                                  n<> u<173> t<Statement> p<174> c<172> l<25:7> el<25:21>
                                    n<> u<172> t<Statement_item> p<173> c<171> l<25:7> el<25:21>
                                      n<> u<171> t<Nonblocking_assignment> p<172> c<166> l<25:7> el<25:20>
                                        n<> u<166> t<Variable_lvalue> p<171> c<163> s<170> l<25:7> el<25:15>
                                          n<> u<163> t<Ps_or_hierarchical_identifier> p<166> c<162> s<165> l<25:7> el<25:15>
                                            n<printclk> u<162> t<SIMPLE_IDENTIFIER> p<163> l<25:7> el<25:15>
                                          n<> u<165> t<Select> p<166> c<164> l<25:16> el<25:16>
                                            n<> u<164> t<Bit_select> p<165> l<25:16> el<25:16>
                                        n<> u<170> t<Expression> p<171> c<169> l<25:19> el<25:20>
                                          n<> u<169> t<Primary> p<170> c<168> l<25:19> el<25:20>
                                            n<> u<168> t<Primary_literal> p<169> c<167> l<25:19> el<25:20>
                                              n<0> u<167> t<INTEGRAL_NUMBER> p<168> l<25:19> el<25:20>
                                n<> u<357> t<Statement_or_null> p<359> c<356> s<358> l<26:7> el<45:10>
                                  n<> u<356> t<Statement> p<357> c<355> l<26:7> el<45:10>
                                    n<> u<355> t<Statement_item> p<356> c<354> l<26:7> el<45:10>
                                      n<> u<354> t<Conditional_statement> p<355> c<186> l<26:7> el<45:10>
                                        n<> u<186> t<Cond_predicate> p<354> c<185> s<353> l<26:11> el<26:17>
                                          n<> u<185> t<Expression_or_cond_pattern> p<186> c<184> l<26:11> el<26:17>
                                            n<> u<184> t<Expression> p<185> c<178> l<26:11> el<26:17>
                                              n<> u<178> t<Expression> p<184> c<177> s<183> l<26:11> el<26:14>
                                                n<> u<177> t<Primary> p<178> c<176> l<26:11> el<26:14>
                                                  n<> u<176> t<Primary_literal> p<177> c<175> l<26:11> el<26:14>
                                                    n<cyc> u<175> t<SIMPLE_IDENTIFIER> p<176> l<26:11> el<26:14>
                                              n<> u<183> t<NOTEQUAL> p<184> s<182> l<26:14> el<26:16>
                                              n<> u<182> t<Expression> p<184> c<181> l<26:16> el<26:17>
                                                n<> u<181> t<Primary> p<182> c<180> l<26:16> el<26:17>
                                                  n<> u<180> t<Primary_literal> p<181> c<179> l<26:16> el<26:17>
                                                    n<0> u<179> t<INTEGRAL_NUMBER> p<180> l<26:16> el<26:17>
                                        n<> u<353> t<Statement_or_null> p<354> c<352> l<26:19> el<45:10>
                                          n<> u<352> t<Statement> p<353> c<351> l<26:19> el<45:10>
                                            n<> u<351> t<Statement_item> p<352> c<350> l<26:19> el<45:10>
                                              n<> u<350> t<Seq_block> p<351> c<205> l<26:19> el<45:10>
                                                n<> u<205> t<Statement_or_null> p<350> c<204> s<239> l<27:3> el<27:18>
                                                  n<> u<204> t<Statement> p<205> c<203> l<27:3> el<27:18>
                                                    n<> u<203> t<Statement_item> p<204> c<202> l<27:3> el<27:18>
                                                      n<> u<202> t<Nonblocking_assignment> p<203> c<191> l<27:3> el<27:17>
                                                        n<> u<191> t<Variable_lvalue> p<202> c<188> s<201> l<27:3> el<27:6>
                                                          n<> u<188> t<Ps_or_hierarchical_identifier> p<191> c<187> s<190> l<27:3> el<27:6>
                                                            n<cyc> u<187> t<SIMPLE_IDENTIFIER> p<188> l<27:3> el<27:6>
                                                          n<> u<190> t<Select> p<191> c<189> l<27:7> el<27:7>
                                                            n<> u<189> t<Bit_select> p<190> l<27:7> el<27:7>
                                                        n<> u<201> t<Expression> p<202> c<195> l<27:10> el<27:17>
                                                          n<> u<195> t<Expression> p<201> c<194> s<200> l<27:10> el<27:13>
                                                            n<> u<194> t<Primary> p<195> c<193> l<27:10> el<27:13>
                                                              n<> u<193> t<Primary_literal> p<194> c<192> l<27:10> el<27:13>
                                                                n<cyc> u<192> t<SIMPLE_IDENTIFIER> p<193> l<27:10> el<27:13>
                                                          n<> u<200> t<BinaryOp_Plus> p<201> s<199> l<27:14> el<27:15>
                                                          n<> u<199> t<Expression> p<201> c<198> l<27:16> el<27:17>
                                                            n<> u<198> t<Primary> p<199> c<197> l<27:16> el<27:17>
                                                              n<> u<197> t<Primary_literal> p<198> c<196> l<27:16> el<27:17>
                                                                n<1> u<196> t<INTEGRAL_NUMBER> p<197> l<27:16> el<27:17>
                                                n<> u<239> t<Statement_or_null> p<350> c<238> s<273> l<28:3> el<30:6>
                                                  n<> u<238> t<Statement> p<239> c<237> l<28:3> el<30:6>
                                                    n<> u<237> t<Statement_item> p<238> c<236> l<28:3> el<30:6>
                                                      n<> u<236> t<Conditional_statement> p<237> c<217> l<28:3> el<30:6>
                                                        n<> u<217> t<Cond_predicate> p<236> c<216> s<235> l<28:7> el<28:13>
                                                          n<> u<216> t<Expression_or_cond_pattern> p<217> c<215> l<28:7> el<28:13>
                                                            n<> u<215> t<Expression> p<216> c<209> l<28:7> el<28:13>
                                                              n<> u<209> t<Expression> p<215> c<208> s<214> l<28:7> el<28:10>
                                                                n<> u<208> t<Primary> p<209> c<207> l<28:7> el<28:10>
                                                                  n<> u<207> t<Primary_literal> p<208> c<206> l<28:7> el<28:10>
                                                                    n<cyc> u<206> t<SIMPLE_IDENTIFIER> p<207> l<28:7> el<28:10>
                                                              n<> u<214> t<EQUIV> p<215> s<213> l<28:10> el<28:12>
                                                              n<> u<213> t<Expression> p<215> c<212> l<28:12> el<28:13>
                                                                n<> u<212> t<Primary> p<213> c<211> l<28:12> el<28:13>
                                                                  n<> u<211> t<Primary_literal> p<212> c<210> l<28:12> el<28:13>
                                                                    n<1> u<210> t<INTEGRAL_NUMBER> p<211> l<28:12> el<28:13>
                                                        n<> u<235> t<Statement_or_null> p<236> c<234> l<28:15> el<30:6>
                                                          n<> u<234> t<Statement> p<235> c<233> l<28:15> el<30:6>
                                                            n<> u<233> t<Statement_item> p<234> c<232> l<28:15> el<30:6>
                                                              n<> u<232> t<Seq_block> p<233> c<230> l<28:15> el<30:6>
                                                                n<> u<230> t<Statement_or_null> p<232> c<229> s<231> l<29:6> el<29:23>
                                                                  n<> u<229> t<Statement> p<230> c<228> l<29:6> el<29:23>
                                                                    n<> u<228> t<Statement_item> p<229> c<227> l<29:6> el<29:23>
                                                                      n<> u<227> t<Nonblocking_assignment> p<228> c<222> l<29:6> el<29:22>
                                                                        n<> u<222> t<Variable_lvalue> p<227> c<219> s<226> l<29:6> el<29:14>
                                                                          n<> u<219> t<Ps_or_hierarchical_identifier> p<222> c<218> s<221> l<29:6> el<29:14>
                                                                            n<printclk> u<218> t<SIMPLE_IDENTIFIER> p<219> l<29:6> el<29:14>
                                                                          n<> u<221> t<Select> p<222> c<220> l<29:15> el<29:15>
                                                                            n<> u<220> t<Bit_select> p<221> l<29:15> el<29:15>
                                                                        n<> u<226> t<Expression> p<227> c<225> l<29:18> el<29:22>
                                                                          n<> u<225> t<Primary> p<226> c<224> l<29:18> el<29:22>
                                                                            n<> u<224> t<Primary_literal> p<225> c<223> l<29:18> el<29:22>
                                                                              n<> u<223> t<ONE_TICK_b1> p<224> l<29:18> el<29:22>
                                                                n<> u<231> t<END> p<232> l<30:3> el<30:6>
                                                n<> u<273> t<Statement_or_null> p<350> c<272> s<348> l<31:3> el<33:6>
                                                  n<> u<272> t<Statement> p<273> c<271> l<31:3> el<33:6>
                                                    n<> u<271> t<Statement_item> p<272> c<270> l<31:3> el<33:6>
                                                      n<> u<270> t<Conditional_statement> p<271> c<251> l<31:3> el<33:6>
                                                        n<> u<251> t<Cond_predicate> p<270> c<250> s<269> l<31:7> el<31:13>
                                                          n<> u<250> t<Expression_or_cond_pattern> p<251> c<249> l<31:7> el<31:13>
                                                            n<> u<249> t<Expression> p<250> c<243> l<31:7> el<31:13>
                                                              n<> u<243> t<Expression> p<249> c<242> s<248> l<31:7> el<31:10>
                                                                n<> u<242> t<Primary> p<243> c<241> l<31:7> el<31:10>
                                                                  n<> u<241> t<Primary_literal> p<242> c<240> l<31:7> el<31:10>
                                                                    n<cyc> u<240> t<SIMPLE_IDENTIFIER> p<241> l<31:7> el<31:10>
                                                              n<> u<248> t<EQUIV> p<249> s<247> l<31:10> el<31:12>
                                                              n<> u<247> t<Expression> p<249> c<246> l<31:12> el<31:13>
                                                                n<> u<246> t<Primary> p<247> c<245> l<31:12> el<31:13>
                                                                  n<> u<245> t<Primary_literal> p<246> c<244> l<31:12> el<31:13>
                                                                    n<2> u<244> t<INTEGRAL_NUMBER> p<245> l<31:12> el<31:13>
                                                        n<> u<269> t<Statement_or_null> p<270> c<268> l<31:15> el<33:6>
                                                          n<> u<268> t<Statement> p<269> c<267> l<31:15> el<33:6>
                                                            n<> u<267> t<Statement_item> p<268> c<266> l<31:15> el<33:6>
                                                              n<> u<266> t<Seq_block> p<267> c<264> l<31:15> el<33:6>
                                                                n<> u<264> t<Statement_or_null> p<266> c<263> s<265> l<32:6> el<32:16>
                                                                  n<> u<263> t<Statement> p<264> c<262> l<32:6> el<32:16>
                                                                    n<> u<262> t<Statement_item> p<263> c<261> l<32:6> el<32:16>
                                                                      n<> u<261> t<Nonblocking_assignment> p<262> c<256> l<32:6> el<32:15>
                                                                        n<> u<256> t<Variable_lvalue> p<261> c<253> s<260> l<32:6> el<32:7>
                                                                          n<> u<253> t<Ps_or_hierarchical_identifier> p<256> c<252> s<255> l<32:6> el<32:7>
                                                                            n<a> u<252> t<SIMPLE_IDENTIFIER> p<253> l<32:6> el<32:7>
                                                                          n<> u<255> t<Select> p<256> c<254> l<32:8> el<32:8>
                                                                            n<> u<254> t<Bit_select> p<255> l<32:8> el<32:8>
                                                                        n<> u<260> t<Expression> p<261> c<259> l<32:11> el<32:15>
                                                                          n<> u<259> t<Primary> p<260> c<258> l<32:11> el<32:15>
                                                                            n<> u<258> t<Primary_literal> p<259> c<257> l<32:11> el<32:15>
                                                                              n<8'b1> u<257> t<INTEGRAL_NUMBER> p<258> l<32:11> el<32:15>
                                                                n<> u<265> t<END> p<266> l<33:3> el<33:6>
                                                n<> u<348> t<Statement_or_null> p<350> c<347> s<349> l<34:3> el<44:6>
                                                  n<> u<347> t<Statement> p<348> c<346> l<34:3> el<44:6>
                                                    n<> u<346> t<Statement_item> p<347> c<345> l<34:3> el<44:6>
                                                      n<> u<345> t<Conditional_statement> p<346> c<285> l<34:3> el<44:6>
                                                        n<> u<285> t<Cond_predicate> p<345> c<284> s<344> l<34:7> el<34:13>
                                                          n<> u<284> t<Expression_or_cond_pattern> p<285> c<283> l<34:7> el<34:13>
                                                            n<> u<283> t<Expression> p<284> c<277> l<34:7> el<34:13>
                                                              n<> u<277> t<Expression> p<283> c<276> s<282> l<34:7> el<34:10>
                                                                n<> u<276> t<Primary> p<277> c<275> l<34:7> el<34:10>
                                                                  n<> u<275> t<Primary_literal> p<276> c<274> l<34:7> el<34:10>
                                                                    n<cyc> u<274> t<SIMPLE_IDENTIFIER> p<275> l<34:7> el<34:10>
                                                              n<> u<282> t<EQUIV> p<283> s<281> l<34:10> el<34:12>
                                                              n<> u<281> t<Expression> p<283> c<280> l<34:12> el<34:13>
                                                                n<> u<280> t<Primary> p<281> c<279> l<34:12> el<34:13>
                                                                  n<> u<279> t<Primary_literal> p<280> c<278> l<34:12> el<34:13>
                                                                    n<3> u<278> t<INTEGRAL_NUMBER> p<279> l<34:12> el<34:13>
                                                        n<> u<344> t<Statement_or_null> p<345> c<343> l<34:15> el<44:6>
                                                          n<> u<343> t<Statement> p<344> c<342> l<34:15> el<44:6>
                                                            n<> u<342> t<Statement_item> p<343> c<341> l<34:15> el<44:6>
                                                              n<> u<341> t<Seq_block> p<342> c<310> l<34:15> el<44:6>
                                                                n<> u<310> t<Statement_or_null> p<341> c<309> s<311> l<35:6> el<35:29>
                                                                  n<> u<309> t<Statement> p<310> c<308> l<35:6> el<35:29>
                                                                    n<> u<308> t<Statement_item> p<309> c<307> l<35:6> el<35:29>
                                                                      n<> u<307> t<Conditional_statement> p<308> c<297> l<35:6> el<35:29>
                                                                        n<> u<297> t<Cond_predicate> p<307> c<296> s<306> l<35:10> el<35:21>
                                                                          n<> u<296> t<Expression_or_cond_pattern> p<297> c<295> l<35:10> el<35:21>
                                                                            n<> u<295> t<Expression> p<296> c<289> l<35:10> el<35:21>
                                                                              n<> u<289> t<Expression> p<295> c<288> s<294> l<35:10> el<35:11>
                                                                                n<> u<288> t<Primary> p<289> c<287> l<35:10> el<35:11>
                                                                                  n<> u<287> t<Primary_literal> p<288> c<286> l<35:10> el<35:11>
                                                                                    n<z> u<286> t<SIMPLE_IDENTIFIER> p<287> l<35:10> el<35:11>
                                                                              n<> u<294> t<FOUR_STATE_LOGIC_NOTEQUAL> p<295> s<293> l<35:12> el<35:15>
                                                                              n<> u<293> t<Expression> p<295> c<292> l<35:16> el<35:21>
                                                                                n<> u<292> t<Primary> p<293> c<291> l<35:16> el<35:21>
                                                                                  n<> u<291> t<Primary_literal> p<292> c<290> l<35:16> el<35:21>
                                                                                    n<8'hf8> u<290> t<INTEGRAL_NUMBER> p<291> l<35:16> el<35:21>
                                                                        n<> u<306> t<Statement_or_null> p<307> c<305> l<35:23> el<35:29>
                                                                          n<> u<305> t<Statement> p<306> c<304> l<35:23> el<35:29>
                                                                            n<> u<304> t<Statement_item> p<305> c<303> l<35:23> el<35:29>
                                                                              n<> u<303> t<Subroutine_call_statement> p<304> c<302> l<35:23> el<35:29>
                                                                                n<> u<302> t<Subroutine_call> p<303> c<298> l<35:23> el<35:28>
                                                                                  n<$> u<298> t<DOLLAR> p<302> s<299> l<35:23> el<35:24>
                                                                                  n<stop> u<299> t<SIMPLE_IDENTIFIER> p<302> s<301> l<35:24> el<35:28>
                                                                                  n<> u<301> t<Select> p<302> c<300> l<35:28> el<35:28>
                                                                                    n<> u<300> t<Bit_select> p<301> l<35:28> el<35:28>
                                                                n<//if (u.u1.u1.u1.u0.PARAM !== 1) $stop;> u<311> t<LINE_COMMENT> p<341> s<312> l<36:6> el<36:45>
                                                                n<//if (u.u1.u1.u1.u1.PARAM !== 2) $stop;> u<312> t<LINE_COMMENT> p<341> s<313> l<37:6> el<37:45>
                                                                n<//if (u.u0.u0.u0.u0.z !== 8'hfe) $stop;> u<313> t<LINE_COMMENT> p<341> s<314> l<38:6> el<38:45>
                                                                n<//if (u.u0.u0.u0.u1.z !== 8'hff) $stop;> u<314> t<LINE_COMMENT> p<341> s<315> l<39:6> el<39:45>
                                                                n<//if (u.u1.u1.u1.u0.z !== 8'h00) $stop;> u<315> t<LINE_COMMENT> p<341> s<316> l<40:6> el<40:45>
                                                                n<//if (u.u1.u1.u1.u1.z !== 8'h01) $stop;> u<316> t<LINE_COMMENT> p<341> s<330> l<41:6> el<41:45>
                                                                n<> u<330> t<Statement_or_null> p<341> c<329> s<339> l<42:6> el<42:39>
                                                                  n<> u<329> t<Statement> p<330> c<328> l<42:6> el<42:39>
                                                                    n<> u<328> t<Statement_item> p<329> c<327> l<42:6> el<42:39>
                                                                      n<> u<327> t<Subroutine_call_statement> p<328> c<326> l<42:6> el<42:39>
                                                                        n<> u<326> t<Subroutine_call> p<327> c<317> l<42:6> el<42:38>
                                                                          n<$> u<317> t<DOLLAR> p<326> s<318> l<42:6> el<42:7>
                                                                          n<write> u<318> t<SIMPLE_IDENTIFIER> p<326> s<324> l<42:7> el<42:12>
                                                                          n<> u<324> t<OPEN_PARENS> p<326> s<323> l<42:12> el<42:13>
                                                                          n<> u<323> t<Argument_list> p<326> c<322> s<325> l<42:13> el<42:37>
                                                                            n<> u<322> t<Expression> p<323> c<321> l<42:13> el<42:37>
                                                                              n<> u<321> t<Primary> p<322> c<320> l<42:13> el<42:37>
                                                                                n<> u<320> t<Primary_literal> p<321> c<319> l<42:13> el<42:37>
                                                                                  n<"*-* All Finished *-*\n"> u<319> t<QUOTED_STRING> p<320> l<42:13> el<42:37>
                                                                          n<> u<325> t<CLOSE_PARENS> p<326> l<42:37> el<42:38>
                                                                n<> u<339> t<Statement_or_null> p<341> c<338> s<340> l<43:6> el<43:14>
                                                                  n<> u<338> t<Statement> p<339> c<337> l<43:6> el<43:14>
                                                                    n<> u<337> t<Statement_item> p<338> c<336> l<43:6> el<43:14>
                                                                      n<> u<336> t<Subroutine_call_statement> p<337> c<335> l<43:6> el<43:14>
                                                                        n<> u<335> t<Subroutine_call> p<336> c<331> l<43:6> el<43:13>
                                                                          n<$> u<331> t<DOLLAR> p<335> s<332> l<43:6> el<43:7>
                                                                          n<finish> u<332> t<SIMPLE_IDENTIFIER> p<335> s<334> l<43:7> el<43:13>
                                                                          n<> u<334> t<Select> p<335> c<333> l<43:13> el<43:13>
                                                                            n<> u<333> t<Bit_select> p<334> l<43:13> el<43:13>
                                                                n<> u<340> t<END> p<341> l<44:3> el<44:6>
                                                n<> u<349> t<END> p<350> l<45:7> el<45:10>
                                n<> u<358> t<END> p<359> l<46:4> el<46:7>
        n<> u<371> t<ENDMODULE> p<372> l<48:1> el<48:10>
    n<> u<425> t<Description> p<1211> c<424> s<565> l<62:1> el<66:10>
      n<> u<424> t<Module_declaration> p<425> c<384> l<62:1> el<66:10>
        n<> u<384> t<Module_ansi_header> p<424> c<374> s<385> l<62:1> el<62:28>
          n<module> u<374> t<MODULE> p<384> s<375> l<62:1> el<62:7>
          n<ps> u<375> t<SIMPLE_IDENTIFIER> p<384> s<376> l<62:8> el<62:10>
          n<> u<376> t<Package_import_declaration_list> p<384> s<383> l<62:11> el<62:11>
          n<> u<383> t<Port_declaration_list> p<384> c<382> l<62:11> el<62:27>
            n<> u<382> t<Ansi_port_declaration> p<383> c<380> l<62:12> el<62:26>
              n<> u<380> t<Net_port_header> p<382> c<377> s<381> l<62:12> el<62:17>
                n<> u<377> t<INPUT> p<380> s<379> l<62:12> el<62:17>
                n<> u<379> t<Net_port_type> p<380> c<378> l<62:18> el<62:18>
                  n<> u<378> t<Data_type_or_implicit> p<379> l<62:18> el<62:18>
              n<printclk> u<381> t<SIMPLE_IDENTIFIER> p<382> l<62:18> el<62:26>
        n</*verilator public_module*/> u<385> t<BLOCK_COMMENT> p<424> s<386> l<65:4> el<65:69>
        n<// Check that %m stays correct across inlines> u<386> t<LINE_COMMENT> p<424> s<422> l<64:4> el<64:49>
        n<> u<422> t<Non_port_module_item> p<424> c<421> s<423> l<65:4> el<65:69>
          n<> u<421> t<Module_or_generate_item> p<422> c<420> l<65:4> el<65:69>
            n<> u<420> t<Module_common_item> p<421> c<419> l<65:4> el<65:69>
              n<> u<419> t<Always_construct> p<420> c<387> l<65:4> el<65:69>
                n<> u<387> t<ALWAYS> p<419> s<418> l<65:4> el<65:10>
                n<> u<418> t<Statement> p<419> c<417> l<65:11> el<65:69>
                  n<> u<417> t<Statement_item> p<418> c<416> l<65:11> el<65:69>
                    n<> u<416> t<Procedural_timing_control_statement> p<417> c<395> l<65:11> el<65:69>
                      n<> u<395> t<Procedural_timing_control> p<416> c<394> s<415> l<65:11> el<65:31>
                        n<> u<394> t<Event_control> p<395> c<393> l<65:11> el<65:31>
                          n<> u<393> t<Event_expression> p<394> c<388> l<65:14> el<65:30>
                            n<> u<388> t<POSEDGE> p<393> s<392> l<65:14> el<65:21>
                            n<> u<392> t<Expression> p<393> c<391> l<65:22> el<65:30>
                              n<> u<391> t<Primary> p<392> c<390> l<65:22> el<65:30>
                                n<> u<390> t<Primary_literal> p<391> c<389> l<65:22> el<65:30>
                                  n<printclk> u<389> t<SIMPLE_IDENTIFIER> p<390> l<65:22> el<65:30>
                      n<> u<415> t<Statement_or_null> p<416> c<414> l<65:32> el<65:69>
                        n<> u<414> t<Statement> p<415> c<413> l<65:32> el<65:69>
                          n<> u<413> t<Statement_item> p<414> c<412> l<65:32> el<65:69>
                            n<> u<412> t<Subroutine_call_statement> p<413> c<411> l<65:32> el<65:69>
                              n<> u<411> t<Subroutine_call> p<412> c<396> l<65:32> el<65:68>
                                n<$> u<396> t<DOLLAR> p<411> s<397> l<65:32> el<65:33>
                                n<write> u<397> t<SIMPLE_IDENTIFIER> p<411> s<409> l<65:33> el<65:38>
                                n<> u<409> t<OPEN_PARENS> p<411> s<408> l<65:38> el<65:39>
                                n<> u<408> t<Argument_list> p<411> c<401> s<410> l<65:39> el<65:67>
                                  n<> u<401> t<Expression> p<408> c<400> s<407> l<65:39> el<65:60>
                                    n<> u<400> t<Primary> p<401> c<399> l<65:39> el<65:60>
                                      n<> u<399> t<Primary_literal> p<400> c<398> l<65:39> el<65:60>
                                        n<"[%0t] %m: Clocked\n"> u<398> t<QUOTED_STRING> p<399> l<65:39> el<65:60>
                                  n<> u<407> t<Argument> p<408> c<406> l<65:62> el<65:67>
                                    n<> u<406> t<Expression> p<407> c<405> l<65:62> el<65:67>
                                      n<> u<405> t<Primary> p<406> c<404> l<65:62> el<65:67>
                                        n<> u<404> t<System_task> p<405> c<403> l<65:62> el<65:67>
                                          n<> u<403> t<System_task_names> p<404> c<402> l<65:62> el<65:67>
                                            n<$time> u<402> t<SIMPLE_IDENTIFIER> p<403> l<65:63> el<65:67>
                                n<> u<410> t<CLOSE_PARENS> p<411> l<65:67> el<65:68>
        n<> u<423> t<ENDMODULE> p<424> l<66:1> el<66:10>
    n<> u<565> t<Description> p<1211> c<564> s<736> l<68:1> el<73:10>
      n<> u<564> t<Module_declaration> p<565> c<462> l<68:1> el<73:10>
        n<> u<462> t<Module_ansi_header> p<564> c<426> s<463> l<68:1> el<68:51>
          n<module> u<426> t<MODULE> p<462> s<427> l<68:1> el<68:7>
          n<l1> u<427> t<SIMPLE_IDENTIFIER> p<462> s<428> l<68:8> el<68:10>
          n<> u<428> t<Package_import_declaration_list> p<462> s<461> l<68:11> el<68:11>
          n<> u<461> t<Port_declaration_list> p<462> c<444> l<68:11> el<68:50>
            n<> u<444> t<Ansi_port_declaration> p<461> c<442> s<460> l<68:12> el<68:25>
              n<> u<442> t<Net_port_header> p<444> c<429> s<443> l<68:12> el<68:23>
                n<> u<429> t<INPUT> p<442> s<441> l<68:12> el<68:17>
                n<> u<441> t<Net_port_type> p<442> c<440> l<68:18> el<68:23>
                  n<> u<440> t<Data_type_or_implicit> p<441> c<439> l<68:18> el<68:23>
                    n<> u<439> t<Packed_dimension> p<440> c<438> l<68:18> el<68:23>
                      n<> u<438> t<Constant_range> p<439> c<433> l<68:19> el<68:22>
                        n<> u<433> t<Constant_expression> p<438> c<432> s<437> l<68:19> el<68:20>
                          n<> u<432> t<Constant_primary> p<433> c<431> l<68:19> el<68:20>
                            n<> u<431> t<Primary_literal> p<432> c<430> l<68:19> el<68:20>
                              n<7> u<430> t<INTEGRAL_NUMBER> p<431> l<68:19> el<68:20>
                        n<> u<437> t<Constant_expression> p<438> c<436> l<68:21> el<68:22>
                          n<> u<436> t<Constant_primary> p<437> c<435> l<68:21> el<68:22>
                            n<> u<435> t<Primary_literal> p<436> c<434> l<68:21> el<68:22>
                              n<0> u<434> t<INTEGRAL_NUMBER> p<435> l<68:21> el<68:22>
              n<a> u<443> t<SIMPLE_IDENTIFIER> p<444> l<68:24> el<68:25>
            n<> u<460> t<Ansi_port_declaration> p<461> c<458> l<68:27> el<68:41>
              n<> u<458> t<Net_port_header> p<460> c<445> s<459> l<68:27> el<68:39>
                n<> u<445> t<OUTPUT> p<458> s<457> l<68:27> el<68:33>
                n<> u<457> t<Net_port_type> p<458> c<456> l<68:34> el<68:39>
                  n<> u<456> t<Data_type_or_implicit> p<457> c<455> l<68:34> el<68:39>
                    n<> u<455> t<Packed_dimension> p<456> c<454> l<68:34> el<68:39>
                      n<> u<454> t<Constant_range> p<455> c<449> l<68:35> el<68:38>
                        n<> u<449> t<Constant_expression> p<454> c<448> s<453> l<68:35> el<68:36>
                          n<> u<448> t<Constant_primary> p<449> c<447> l<68:35> el<68:36>
                            n<> u<447> t<Primary_literal> p<448> c<446> l<68:35> el<68:36>
                              n<7> u<446> t<INTEGRAL_NUMBER> p<447> l<68:35> el<68:36>
                        n<> u<453> t<Constant_expression> p<454> c<452> l<68:37> el<68:38>
                          n<> u<452> t<Constant_primary> p<453> c<451> l<68:37> el<68:38>
                            n<> u<451> t<Primary_literal> p<452> c<450> l<68:37> el<68:38>
                              n<0> u<450> t<INTEGRAL_NUMBER> p<451> l<68:37> el<68:38>
              n<z> u<459> t<SIMPLE_IDENTIFIER> p<460> l<68:40> el<68:41>
        n</*verilator public_module*/> u<463> t<BLOCK_COMMENT> p<564> s<484> l<70:4> el<70:26>
        n<> u<484> t<Non_port_module_item> p<564> c<483> s<505> l<70:4> el<70:26>
          n<> u<483> t<Module_or_generate_item> p<484> c<482> l<70:4> el<70:26>
            n<> u<482> t<Module_common_item> p<483> c<481> l<70:4> el<70:26>
              n<> u<481> t<Module_or_generate_item_declaration> p<482> c<480> l<70:4> el<70:26>
                n<> u<480> t<Package_or_generate_item_declaration> p<481> c<479> l<70:4> el<70:26>
                  n<> u<479> t<Net_declaration> p<480> c<464> l<70:4> el<70:26>
                    n<> u<464> t<WIRE> p<479> s<475> l<70:4> el<70:8>
                    n<> u<475> t<Data_type_or_implicit> p<479> c<474> s<478> l<70:9> el<70:14>
                      n<> u<474> t<Packed_dimension> p<475> c<473> l<70:9> el<70:14>
                        n<> u<473> t<Constant_range> p<474> c<468> l<70:10> el<70:13>
                          n<> u<468> t<Constant_expression> p<473> c<467> s<472> l<70:10> el<70:11>
                            n<> u<467> t<Constant_primary> p<468> c<466> l<70:10> el<70:11>
                              n<> u<466> t<Primary_literal> p<467> c<465> l<70:10> el<70:11>
                                n<7> u<465> t<INTEGRAL_NUMBER> p<466> l<70:10> el<70:11>
                          n<> u<472> t<Constant_expression> p<473> c<471> l<70:12> el<70:13>
                            n<> u<471> t<Constant_primary> p<472> c<470> l<70:12> el<70:13>
                              n<> u<470> t<Primary_literal> p<471> c<469> l<70:12> el<70:13>
                                n<0> u<469> t<INTEGRAL_NUMBER> p<470> l<70:12> el<70:13>
                    n<> u<478> t<Net_decl_assignment_list> p<479> c<477> l<70:15> el<70:17>
                      n<> u<477> t<Net_decl_assignment> p<478> c<476> l<70:15> el<70:17>
                        n<z0> u<476> t<SIMPLE_IDENTIFIER> p<477> l<70:15> el<70:17>
        n<> u<505> t<Non_port_module_item> p<564> c<504> s<526> l<70:27> el<70:49>
          n<> u<504> t<Module_or_generate_item> p<505> c<503> l<70:27> el<70:49>
            n<> u<503> t<Module_common_item> p<504> c<502> l<70:27> el<70:49>
              n<> u<502> t<Module_or_generate_item_declaration> p<503> c<501> l<70:27> el<70:49>
                n<> u<501> t<Package_or_generate_item_declaration> p<502> c<500> l<70:27> el<70:49>
                  n<> u<500> t<Net_declaration> p<501> c<485> l<70:27> el<70:49>
                    n<> u<485> t<WIRE> p<500> s<496> l<70:27> el<70:31>
                    n<> u<496> t<Data_type_or_implicit> p<500> c<495> s<499> l<70:32> el<70:37>
                      n<> u<495> t<Packed_dimension> p<496> c<494> l<70:32> el<70:37>
                        n<> u<494> t<Constant_range> p<495> c<489> l<70:33> el<70:36>
                          n<> u<489> t<Constant_expression> p<494> c<488> s<493> l<70:33> el<70:34>
                            n<> u<488> t<Constant_primary> p<489> c<487> l<70:33> el<70:34>
                              n<> u<487> t<Primary_literal> p<488> c<486> l<70:33> el<70:34>
                                n<7> u<486> t<INTEGRAL_NUMBER> p<487> l<70:33> el<70:34>
                          n<> u<493> t<Constant_expression> p<494> c<492> l<70:35> el<70:36>
                            n<> u<492> t<Constant_primary> p<493> c<491> l<70:35> el<70:36>
                              n<> u<491> t<Primary_literal> p<492> c<490> l<70:35> el<70:36>
                                n<0> u<490> t<INTEGRAL_NUMBER> p<491> l<70:35> el<70:36>
                    n<> u<499> t<Net_decl_assignment_list> p<500> c<498> l<70:38> el<70:40>
                      n<> u<498> t<Net_decl_assignment> p<499> c<497> l<70:38> el<70:40>
                        n<z1> u<497> t<SIMPLE_IDENTIFIER> p<498> l<70:38> el<70:40>
        n<> u<526> t<Non_port_module_item> p<564> c<525> s<544> l<71:4> el<71:21>
          n<> u<525> t<Module_or_generate_item> p<526> c<524> l<71:4> el<71:21>
            n<> u<524> t<Module_common_item> p<525> c<523> l<71:4> el<71:21>
              n<> u<523> t<Continuous_assign> p<524> c<522> l<71:4> el<71:21>
                n<> u<522> t<Net_assignment_list> p<523> c<521> l<71:11> el<71:20>
                  n<> u<521> t<Net_assignment> p<522> c<510> l<71:11> el<71:20>
                    n<> u<510> t<Net_lvalue> p<521> c<507> s<520> l<71:11> el<71:12>
                      n<> u<507> t<Ps_or_hierarchical_identifier> p<510> c<506> s<509> l<71:11> el<71:12>
                        n<z> u<506> t<SIMPLE_IDENTIFIER> p<507> l<71:11> el<71:12>
                      n<> u<509> t<Constant_select> p<510> c<508> l<71:13> el<71:13>
                        n<> u<508> t<Constant_bit_select> p<509> l<71:13> el<71:13>
                    n<> u<520> t<Expression> p<521> c<514> l<71:15> el<71:20>
                      n<> u<514> t<Expression> p<520> c<513> s<519> l<71:15> el<71:17>
                        n<> u<513> t<Primary> p<514> c<512> l<71:15> el<71:17>
                          n<> u<512> t<Primary_literal> p<513> c<511> l<71:15> el<71:17>
                            n<z0> u<511> t<SIMPLE_IDENTIFIER> p<512> l<71:15> el<71:17>
                      n<> u<519> t<BinaryOp_Plus> p<520> s<518> l<71:17> el<71:18>
                      n<> u<518> t<Expression> p<520> c<517> l<71:18> el<71:20>
                        n<> u<517> t<Primary> p<518> c<516> l<71:18> el<71:20>
                          n<> u<516> t<Primary_literal> p<517> c<515> l<71:18> el<71:20>
                            n<z1> u<515> t<SIMPLE_IDENTIFIER> p<516> l<71:18> el<71:20>
        n<> u<544> t<Non_port_module_item> p<564> c<543> s<562> l<72:4> el<72:18>
          n<> u<543> t<Module_or_generate_item> p<544> c<542> l<72:4> el<72:18>
            n<> u<542> t<Module_instantiation> p<543> c<527> l<72:4> el<72:18>
              n<l2> u<527> t<SIMPLE_IDENTIFIER> p<542> s<541> l<72:4> el<72:6>
              n<> u<541> t<Hierarchical_instance> p<542> c<529> l<72:7> el<72:17>
                n<> u<529> t<Name_of_instance> p<541> c<528> s<540> l<72:7> el<72:9>
                  n<u0> u<528> t<SIMPLE_IDENTIFIER> p<529> l<72:7> el<72:9>
                n<> u<540> t<Port_connection_list> p<541> c<534> l<72:11> el<72:16>
                  n<> u<534> t<Ordered_port_connection> p<540> c<533> s<539> l<72:11> el<72:12>
                    n<> u<533> t<Expression> p<534> c<532> l<72:11> el<72:12>
                      n<> u<532> t<Primary> p<533> c<531> l<72:11> el<72:12>
                        n<> u<531> t<Primary_literal> p<532> c<530> l<72:11> el<72:12>
                          n<a> u<530> t<SIMPLE_IDENTIFIER> p<531> l<72:11> el<72:12>
                  n<> u<539> t<Ordered_port_connection> p<540> c<538> l<72:14> el<72:16>
                    n<> u<538> t<Expression> p<539> c<537> l<72:14> el<72:16>
                      n<> u<537> t<Primary> p<538> c<536> l<72:14> el<72:16>
                        n<> u<536> t<Primary_literal> p<537> c<535> l<72:14> el<72:16>
                          n<z0> u<535> t<SIMPLE_IDENTIFIER> p<536> l<72:14> el<72:16>
        n<> u<562> t<Non_port_module_item> p<564> c<561> s<563> l<72:21> el<72:35>
          n<> u<561> t<Module_or_generate_item> p<562> c<560> l<72:21> el<72:35>
            n<> u<560> t<Module_instantiation> p<561> c<545> l<72:21> el<72:35>
              n<l2> u<545> t<SIMPLE_IDENTIFIER> p<560> s<559> l<72:21> el<72:23>
              n<> u<559> t<Hierarchical_instance> p<560> c<547> l<72:24> el<72:34>
                n<> u<547> t<Name_of_instance> p<559> c<546> s<558> l<72:24> el<72:26>
                  n<u1> u<546> t<SIMPLE_IDENTIFIER> p<547> l<72:24> el<72:26>
                n<> u<558> t<Port_connection_list> p<559> c<552> l<72:28> el<72:33>
                  n<> u<552> t<Ordered_port_connection> p<558> c<551> s<557> l<72:28> el<72:29>
                    n<> u<551> t<Expression> p<552> c<550> l<72:28> el<72:29>
                      n<> u<550> t<Primary> p<551> c<549> l<72:28> el<72:29>
                        n<> u<549> t<Primary_literal> p<550> c<548> l<72:28> el<72:29>
                          n<a> u<548> t<SIMPLE_IDENTIFIER> p<549> l<72:28> el<72:29>
                  n<> u<557> t<Ordered_port_connection> p<558> c<556> l<72:31> el<72:33>
                    n<> u<556> t<Expression> p<557> c<555> l<72:31> el<72:33>
                      n<> u<555> t<Primary> p<556> c<554> l<72:31> el<72:33>
                        n<> u<554> t<Primary_literal> p<555> c<553> l<72:31> el<72:33>
                          n<z1> u<553> t<SIMPLE_IDENTIFIER> p<554> l<72:31> el<72:33>
        n<> u<563> t<ENDMODULE> p<564> l<73:1> el<73:10>
    n<> u<736> t<Description> p<1211> c<735> s<907> l<75:1> el<81:10>
      n<> u<735> t<Module_declaration> p<736> c<602> l<75:1> el<81:10>
        n<> u<602> t<Module_ansi_header> p<735> c<566> s<603> l<75:1> el<75:51>
          n<module> u<566> t<MODULE> p<602> s<567> l<75:1> el<75:7>
          n<l2> u<567> t<SIMPLE_IDENTIFIER> p<602> s<568> l<75:8> el<75:10>
          n<> u<568> t<Package_import_declaration_list> p<602> s<601> l<75:11> el<75:11>
          n<> u<601> t<Port_declaration_list> p<602> c<584> l<75:11> el<75:50>
            n<> u<584> t<Ansi_port_declaration> p<601> c<582> s<600> l<75:12> el<75:25>
              n<> u<582> t<Net_port_header> p<584> c<569> s<583> l<75:12> el<75:23>
                n<> u<569> t<INPUT> p<582> s<581> l<75:12> el<75:17>
                n<> u<581> t<Net_port_type> p<582> c<580> l<75:18> el<75:23>
                  n<> u<580> t<Data_type_or_implicit> p<581> c<579> l<75:18> el<75:23>
                    n<> u<579> t<Packed_dimension> p<580> c<578> l<75:18> el<75:23>
                      n<> u<578> t<Constant_range> p<579> c<573> l<75:19> el<75:22>
                        n<> u<573> t<Constant_expression> p<578> c<572> s<577> l<75:19> el<75:20>
                          n<> u<572> t<Constant_primary> p<573> c<571> l<75:19> el<75:20>
                            n<> u<571> t<Primary_literal> p<572> c<570> l<75:19> el<75:20>
                              n<7> u<570> t<INTEGRAL_NUMBER> p<571> l<75:19> el<75:20>
                        n<> u<577> t<Constant_expression> p<578> c<576> l<75:21> el<75:22>
                          n<> u<576> t<Constant_primary> p<577> c<575> l<75:21> el<75:22>
                            n<> u<575> t<Primary_literal> p<576> c<574> l<75:21> el<75:22>
                              n<0> u<574> t<INTEGRAL_NUMBER> p<575> l<75:21> el<75:22>
              n<a> u<583> t<SIMPLE_IDENTIFIER> p<584> l<75:24> el<75:25>
            n<> u<600> t<Ansi_port_declaration> p<601> c<598> l<75:27> el<75:41>
              n<> u<598> t<Net_port_header> p<600> c<585> s<599> l<75:27> el<75:39>
                n<> u<585> t<OUTPUT> p<598> s<597> l<75:27> el<75:33>
                n<> u<597> t<Net_port_type> p<598> c<596> l<75:34> el<75:39>
                  n<> u<596> t<Data_type_or_implicit> p<597> c<595> l<75:34> el<75:39>
                    n<> u<595> t<Packed_dimension> p<596> c<594> l<75:34> el<75:39>
                      n<> u<594> t<Constant_range> p<595> c<589> l<75:35> el<75:38>
                        n<> u<589> t<Constant_expression> p<594> c<588> s<593> l<75:35> el<75:36>
                          n<> u<588> t<Constant_primary> p<589> c<587> l<75:35> el<75:36>
                            n<> u<587> t<Primary_literal> p<588> c<586> l<75:35> el<75:36>
                              n<7> u<586> t<INTEGRAL_NUMBER> p<587> l<75:35> el<75:36>
                        n<> u<593> t<Constant_expression> p<594> c<592> l<75:37> el<75:38>
                          n<> u<592> t<Constant_primary> p<593> c<591> l<75:37> el<75:38>
                            n<> u<591> t<Primary_literal> p<592> c<590> l<75:37> el<75:38>
                              n<0> u<590> t<INTEGRAL_NUMBER> p<591> l<75:37> el<75:38>
              n<z> u<599> t<SIMPLE_IDENTIFIER> p<600> l<75:40> el<75:41>
        n</*verilator public_module*/> u<603> t<BLOCK_COMMENT> p<735> s<624> l<77:4> el<77:26>
        n<> u<624> t<Non_port_module_item> p<735> c<623> s<645> l<77:4> el<77:26>
          n<> u<623> t<Module_or_generate_item> p<624> c<622> l<77:4> el<77:26>
            n<> u<622> t<Module_common_item> p<623> c<621> l<77:4> el<77:26>
              n<> u<621> t<Module_or_generate_item_declaration> p<622> c<620> l<77:4> el<77:26>
                n<> u<620> t<Package_or_generate_item_declaration> p<621> c<619> l<77:4> el<77:26>
                  n<> u<619> t<Net_declaration> p<620> c<604> l<77:4> el<77:26>
                    n<> u<604> t<WIRE> p<619> s<615> l<77:4> el<77:8>
                    n<> u<615> t<Data_type_or_implicit> p<619> c<614> s<618> l<77:9> el<77:14>
                      n<> u<614> t<Packed_dimension> p<615> c<613> l<77:9> el<77:14>
                        n<> u<613> t<Constant_range> p<614> c<608> l<77:10> el<77:13>
                          n<> u<608> t<Constant_expression> p<613> c<607> s<612> l<77:10> el<77:11>
                            n<> u<607> t<Constant_primary> p<608> c<606> l<77:10> el<77:11>
                              n<> u<606> t<Primary_literal> p<607> c<605> l<77:10> el<77:11>
                                n<7> u<605> t<INTEGRAL_NUMBER> p<606> l<77:10> el<77:11>
                          n<> u<612> t<Constant_expression> p<613> c<611> l<77:12> el<77:13>
                            n<> u<611> t<Constant_primary> p<612> c<610> l<77:12> el<77:13>
                              n<> u<610> t<Primary_literal> p<611> c<609> l<77:12> el<77:13>
                                n<0> u<609> t<INTEGRAL_NUMBER> p<610> l<77:12> el<77:13>
                    n<> u<618> t<Net_decl_assignment_list> p<619> c<617> l<77:15> el<77:17>
                      n<> u<617> t<Net_decl_assignment> p<618> c<616> l<77:15> el<77:17>
                        n<z0> u<616> t<SIMPLE_IDENTIFIER> p<617> l<77:15> el<77:17>
        n<> u<645> t<Non_port_module_item> p<735> c<644> s<666> l<77:27> el<77:49>
          n<> u<644> t<Module_or_generate_item> p<645> c<643> l<77:27> el<77:49>
            n<> u<643> t<Module_common_item> p<644> c<642> l<77:27> el<77:49>
              n<> u<642> t<Module_or_generate_item_declaration> p<643> c<641> l<77:27> el<77:49>
                n<> u<641> t<Package_or_generate_item_declaration> p<642> c<640> l<77:27> el<77:49>
                  n<> u<640> t<Net_declaration> p<641> c<625> l<77:27> el<77:49>
                    n<> u<625> t<WIRE> p<640> s<636> l<77:27> el<77:31>
                    n<> u<636> t<Data_type_or_implicit> p<640> c<635> s<639> l<77:32> el<77:37>
                      n<> u<635> t<Packed_dimension> p<636> c<634> l<77:32> el<77:37>
                        n<> u<634> t<Constant_range> p<635> c<629> l<77:33> el<77:36>
                          n<> u<629> t<Constant_expression> p<634> c<628> s<633> l<77:33> el<77:34>
                            n<> u<628> t<Constant_primary> p<629> c<627> l<77:33> el<77:34>
                              n<> u<627> t<Primary_literal> p<628> c<626> l<77:33> el<77:34>
                                n<7> u<626> t<INTEGRAL_NUMBER> p<627> l<77:33> el<77:34>
                          n<> u<633> t<Constant_expression> p<634> c<632> l<77:35> el<77:36>
                            n<> u<632> t<Constant_primary> p<633> c<631> l<77:35> el<77:36>
                              n<> u<631> t<Primary_literal> p<632> c<630> l<77:35> el<77:36>
                                n<0> u<630> t<INTEGRAL_NUMBER> p<631> l<77:35> el<77:36>
                    n<> u<639> t<Net_decl_assignment_list> p<640> c<638> l<77:38> el<77:40>
                      n<> u<638> t<Net_decl_assignment> p<639> c<637> l<77:38> el<77:40>
                        n<z1> u<637> t<SIMPLE_IDENTIFIER> p<638> l<77:38> el<77:40>
        n<> u<666> t<Non_port_module_item> p<735> c<665> s<697> l<78:4> el<78:21>
          n<> u<665> t<Module_or_generate_item> p<666> c<664> l<78:4> el<78:21>
            n<> u<664> t<Module_common_item> p<665> c<663> l<78:4> el<78:21>
              n<> u<663> t<Continuous_assign> p<664> c<662> l<78:4> el<78:21>
                n<> u<662> t<Net_assignment_list> p<663> c<661> l<78:11> el<78:20>
                  n<> u<661> t<Net_assignment> p<662> c<650> l<78:11> el<78:20>
                    n<> u<650> t<Net_lvalue> p<661> c<647> s<660> l<78:11> el<78:12>
                      n<> u<647> t<Ps_or_hierarchical_identifier> p<650> c<646> s<649> l<78:11> el<78:12>
                        n<z> u<646> t<SIMPLE_IDENTIFIER> p<647> l<78:11> el<78:12>
                      n<> u<649> t<Constant_select> p<650> c<648> l<78:13> el<78:13>
                        n<> u<648> t<Constant_bit_select> p<649> l<78:13> el<78:13>
                    n<> u<660> t<Expression> p<661> c<654> l<78:15> el<78:20>
                      n<> u<654> t<Expression> p<660> c<653> s<659> l<78:15> el<78:17>
                        n<> u<653> t<Primary> p<654> c<652> l<78:15> el<78:17>
                          n<> u<652> t<Primary_literal> p<653> c<651> l<78:15> el<78:17>
                            n<z0> u<651> t<SIMPLE_IDENTIFIER> p<652> l<78:15> el<78:17>
                      n<> u<659> t<BinaryOp_Plus> p<660> s<658> l<78:17> el<78:18>
                      n<> u<658> t<Expression> p<660> c<657> l<78:18> el<78:20>
                        n<> u<657> t<Primary> p<658> c<656> l<78:18> el<78:20>
                          n<> u<656> t<Primary_literal> p<657> c<655> l<78:18> el<78:20>
                            n<z1> u<655> t<SIMPLE_IDENTIFIER> p<656> l<78:18> el<78:20>
        n<> u<697> t<Non_port_module_item> p<735> c<696> s<715> l<79:4> el<79:27>
          n<> u<696> t<Module_or_generate_item> p<697> c<695> l<79:4> el<79:27>
            n<> u<695> t<Module_common_item> p<696> c<694> l<79:4> el<79:27>
              n<> u<694> t<Module_or_generate_item_declaration> p<695> c<693> l<79:4> el<79:27>
                n<> u<693> t<Package_or_generate_item_declaration> p<694> c<692> l<79:4> el<79:27>
                  n<> u<692> t<Net_declaration> p<693> c<667> l<79:4> el<79:27>
                    n<> u<667> t<WIRE> p<692> s<678> l<79:4> el<79:8>
                    n<> u<678> t<Data_type_or_implicit> p<692> c<677> s<691> l<79:9> el<79:14>
                      n<> u<677> t<Packed_dimension> p<678> c<676> l<79:9> el<79:14>
                        n<> u<676> t<Constant_range> p<677> c<671> l<79:10> el<79:13>
                          n<> u<671> t<Constant_expression> p<676> c<670> s<675> l<79:10> el<79:11>
                            n<> u<670> t<Constant_primary> p<671> c<669> l<79:10> el<79:11>
                              n<> u<669> t<Primary_literal> p<670> c<668> l<79:10> el<79:11>
                                n<7> u<668> t<INTEGRAL_NUMBER> p<669> l<79:10> el<79:11>
                          n<> u<675> t<Constant_expression> p<676> c<674> l<79:12> el<79:13>
                            n<> u<674> t<Constant_primary> p<675> c<673> l<79:12> el<79:13>
                              n<> u<673> t<Primary_literal> p<674> c<672> l<79:12> el<79:13>
                                n<0> u<672> t<INTEGRAL_NUMBER> p<673> l<79:12> el<79:13>
                    n<> u<691> t<Net_decl_assignment_list> p<692> c<690> l<79:15> el<79:26>
                      n<> u<690> t<Net_decl_assignment> p<691> c<679> l<79:15> el<79:26>
                        n<a1> u<679> t<SIMPLE_IDENTIFIER> p<690> s<689> l<79:15> el<79:17>
                        n<> u<689> t<Expression> p<690> c<683> l<79:20> el<79:26>
                          n<> u<683> t<Expression> p<689> c<682> s<688> l<79:20> el<79:21>
                            n<> u<682> t<Primary> p<683> c<681> l<79:20> el<79:21>
                              n<> u<681> t<Primary_literal> p<682> c<680> l<79:20> el<79:21>
                                n<a> u<680> t<SIMPLE_IDENTIFIER> p<681> l<79:20> el<79:21>
                          n<> u<688> t<BinaryOp_Plus> p<689> s<687> l<79:21> el<79:22>
                          n<> u<687> t<Expression> p<689> c<686> l<79:22> el<79:26>
                            n<> u<686> t<Primary> p<687> c<685> l<79:22> el<79:26>
                              n<> u<685> t<Primary_literal> p<686> c<684> l<79:22> el<79:26>
                                n<8'd1> u<684> t<INTEGRAL_NUMBER> p<685> l<79:22> el<79:26>
        n<> u<715> t<Non_port_module_item> p<735> c<714> s<733> l<80:4> el<80:18>
          n<> u<714> t<Module_or_generate_item> p<715> c<713> l<80:4> el<80:18>
            n<> u<713> t<Module_instantiation> p<714> c<698> l<80:4> el<80:18>
              n<l3> u<698> t<SIMPLE_IDENTIFIER> p<713> s<712> l<80:4> el<80:6>
              n<> u<712> t<Hierarchical_instance> p<713> c<700> l<80:7> el<80:17>
                n<> u<700> t<Name_of_instance> p<712> c<699> s<711> l<80:7> el<80:9>
                  n<u0> u<699> t<SIMPLE_IDENTIFIER> p<700> l<80:7> el<80:9>
                n<> u<711> t<Port_connection_list> p<712> c<705> l<80:11> el<80:16>
                  n<> u<705> t<Ordered_port_connection> p<711> c<704> s<710> l<80:11> el<80:12>
                    n<> u<704> t<Expression> p<705> c<703> l<80:11> el<80:12>
                      n<> u<703> t<Primary> p<704> c<702> l<80:11> el<80:12>
                        n<> u<702> t<Primary_literal> p<703> c<701> l<80:11> el<80:12>
                          n<a> u<701> t<SIMPLE_IDENTIFIER> p<702> l<80:11> el<80:12>
                  n<> u<710> t<Ordered_port_connection> p<711> c<709> l<80:14> el<80:16>
                    n<> u<709> t<Expression> p<710> c<708> l<80:14> el<80:16>
                      n<> u<708> t<Primary> p<709> c<707> l<80:14> el<80:16>
                        n<> u<707> t<Primary_literal> p<708> c<706> l<80:14> el<80:16>
                          n<z0> u<706> t<SIMPLE_IDENTIFIER> p<707> l<80:14> el<80:16>
        n<> u<733> t<Non_port_module_item> p<735> c<732> s<734> l<80:21> el<80:36>
          n<> u<732> t<Module_or_generate_item> p<733> c<731> l<80:21> el<80:36>
            n<> u<731> t<Module_instantiation> p<732> c<716> l<80:21> el<80:36>
              n<l3> u<716> t<SIMPLE_IDENTIFIER> p<731> s<730> l<80:21> el<80:23>
              n<> u<730> t<Hierarchical_instance> p<731> c<718> l<80:24> el<80:35>
                n<> u<718> t<Name_of_instance> p<730> c<717> s<729> l<80:24> el<80:26>
                  n<u1> u<717> t<SIMPLE_IDENTIFIER> p<718> l<80:24> el<80:26>
                n<> u<729> t<Port_connection_list> p<730> c<723> l<80:28> el<80:34>
                  n<> u<723> t<Ordered_port_connection> p<729> c<722> s<728> l<80:28> el<80:30>
                    n<> u<722> t<Expression> p<723> c<721> l<80:28> el<80:30>
                      n<> u<721> t<Primary> p<722> c<720> l<80:28> el<80:30>
                        n<> u<720> t<Primary_literal> p<721> c<719> l<80:28> el<80:30>
                          n<a1> u<719> t<SIMPLE_IDENTIFIER> p<720> l<80:28> el<80:30>
                  n<> u<728> t<Ordered_port_connection> p<729> c<727> l<80:32> el<80:34>
                    n<> u<727> t<Expression> p<728> c<726> l<80:32> el<80:34>
                      n<> u<726> t<Primary> p<727> c<725> l<80:32> el<80:34>
                        n<> u<725> t<Primary_literal> p<726> c<724> l<80:32> el<80:34>
                          n<z1> u<724> t<SIMPLE_IDENTIFIER> p<725> l<80:32> el<80:34>
        n<> u<734> t<ENDMODULE> p<735> l<81:1> el<81:10>
    n<> u<907> t<Description> p<1211> c<906> s<1096> l<83:1> el<89:10>
      n<> u<906> t<Module_declaration> p<907> c<773> l<83:1> el<89:10>
        n<> u<773> t<Module_ansi_header> p<906> c<737> s<774> l<83:1> el<83:51>
          n<module> u<737> t<MODULE> p<773> s<738> l<83:1> el<83:7>
          n<l3> u<738> t<SIMPLE_IDENTIFIER> p<773> s<739> l<83:8> el<83:10>
          n<> u<739> t<Package_import_declaration_list> p<773> s<772> l<83:11> el<83:11>
          n<> u<772> t<Port_declaration_list> p<773> c<755> l<83:11> el<83:50>
            n<> u<755> t<Ansi_port_declaration> p<772> c<753> s<771> l<83:12> el<83:25>
              n<> u<753> t<Net_port_header> p<755> c<740> s<754> l<83:12> el<83:23>
                n<> u<740> t<INPUT> p<753> s<752> l<83:12> el<83:17>
                n<> u<752> t<Net_port_type> p<753> c<751> l<83:18> el<83:23>
                  n<> u<751> t<Data_type_or_implicit> p<752> c<750> l<83:18> el<83:23>
                    n<> u<750> t<Packed_dimension> p<751> c<749> l<83:18> el<83:23>
                      n<> u<749> t<Constant_range> p<750> c<744> l<83:19> el<83:22>
                        n<> u<744> t<Constant_expression> p<749> c<743> s<748> l<83:19> el<83:20>
                          n<> u<743> t<Constant_primary> p<744> c<742> l<83:19> el<83:20>
                            n<> u<742> t<Primary_literal> p<743> c<741> l<83:19> el<83:20>
                              n<7> u<741> t<INTEGRAL_NUMBER> p<742> l<83:19> el<83:20>
                        n<> u<748> t<Constant_expression> p<749> c<747> l<83:21> el<83:22>
                          n<> u<747> t<Constant_primary> p<748> c<746> l<83:21> el<83:22>
                            n<> u<746> t<Primary_literal> p<747> c<745> l<83:21> el<83:22>
                              n<0> u<745> t<INTEGRAL_NUMBER> p<746> l<83:21> el<83:22>
              n<a> u<754> t<SIMPLE_IDENTIFIER> p<755> l<83:24> el<83:25>
            n<> u<771> t<Ansi_port_declaration> p<772> c<769> l<83:27> el<83:41>
              n<> u<769> t<Net_port_header> p<771> c<756> s<770> l<83:27> el<83:39>
                n<> u<756> t<OUTPUT> p<769> s<768> l<83:27> el<83:33>
                n<> u<768> t<Net_port_type> p<769> c<767> l<83:34> el<83:39>
                  n<> u<767> t<Data_type_or_implicit> p<768> c<766> l<83:34> el<83:39>
                    n<> u<766> t<Packed_dimension> p<767> c<765> l<83:34> el<83:39>
                      n<> u<765> t<Constant_range> p<766> c<760> l<83:35> el<83:38>
                        n<> u<760> t<Constant_expression> p<765> c<759> s<764> l<83:35> el<83:36>
                          n<> u<759> t<Constant_primary> p<760> c<758> l<83:35> el<83:36>
                            n<> u<758> t<Primary_literal> p<759> c<757> l<83:35> el<83:36>
                              n<7> u<757> t<INTEGRAL_NUMBER> p<758> l<83:35> el<83:36>
                        n<> u<764> t<Constant_expression> p<765> c<763> l<83:37> el<83:38>
                          n<> u<763> t<Constant_primary> p<764> c<762> l<83:37> el<83:38>
                            n<> u<762> t<Primary_literal> p<763> c<761> l<83:37> el<83:38>
                              n<0> u<761> t<INTEGRAL_NUMBER> p<762> l<83:37> el<83:38>
              n<z> u<770> t<SIMPLE_IDENTIFIER> p<771> l<83:40> el<83:41>
        n</*verilator public_module*/> u<774> t<BLOCK_COMMENT> p<906> s<795> l<85:4> el<85:26>
        n<> u<795> t<Non_port_module_item> p<906> c<794> s<816> l<85:4> el<85:26>
          n<> u<794> t<Module_or_generate_item> p<795> c<793> l<85:4> el<85:26>
            n<> u<793> t<Module_common_item> p<794> c<792> l<85:4> el<85:26>
              n<> u<792> t<Module_or_generate_item_declaration> p<793> c<791> l<85:4> el<85:26>
                n<> u<791> t<Package_or_generate_item_declaration> p<792> c<790> l<85:4> el<85:26>
                  n<> u<790> t<Net_declaration> p<791> c<775> l<85:4> el<85:26>
                    n<> u<775> t<WIRE> p<790> s<786> l<85:4> el<85:8>
                    n<> u<786> t<Data_type_or_implicit> p<790> c<785> s<789> l<85:9> el<85:14>
                      n<> u<785> t<Packed_dimension> p<786> c<784> l<85:9> el<85:14>
                        n<> u<784> t<Constant_range> p<785> c<779> l<85:10> el<85:13>
                          n<> u<779> t<Constant_expression> p<784> c<778> s<783> l<85:10> el<85:11>
                            n<> u<778> t<Constant_primary> p<779> c<777> l<85:10> el<85:11>
                              n<> u<777> t<Primary_literal> p<778> c<776> l<85:10> el<85:11>
                                n<7> u<776> t<INTEGRAL_NUMBER> p<777> l<85:10> el<85:11>
                          n<> u<783> t<Constant_expression> p<784> c<782> l<85:12> el<85:13>
                            n<> u<782> t<Constant_primary> p<783> c<781> l<85:12> el<85:13>
                              n<> u<781> t<Primary_literal> p<782> c<780> l<85:12> el<85:13>
                                n<0> u<780> t<INTEGRAL_NUMBER> p<781> l<85:12> el<85:13>
                    n<> u<789> t<Net_decl_assignment_list> p<790> c<788> l<85:15> el<85:17>
                      n<> u<788> t<Net_decl_assignment> p<789> c<787> l<85:15> el<85:17>
                        n<z0> u<787> t<SIMPLE_IDENTIFIER> p<788> l<85:15> el<85:17>
        n<> u<816> t<Non_port_module_item> p<906> c<815> s<837> l<85:27> el<85:49>
          n<> u<815> t<Module_or_generate_item> p<816> c<814> l<85:27> el<85:49>
            n<> u<814> t<Module_common_item> p<815> c<813> l<85:27> el<85:49>
              n<> u<813> t<Module_or_generate_item_declaration> p<814> c<812> l<85:27> el<85:49>
                n<> u<812> t<Package_or_generate_item_declaration> p<813> c<811> l<85:27> el<85:49>
                  n<> u<811> t<Net_declaration> p<812> c<796> l<85:27> el<85:49>
                    n<> u<796> t<WIRE> p<811> s<807> l<85:27> el<85:31>
                    n<> u<807> t<Data_type_or_implicit> p<811> c<806> s<810> l<85:32> el<85:37>
                      n<> u<806> t<Packed_dimension> p<807> c<805> l<85:32> el<85:37>
                        n<> u<805> t<Constant_range> p<806> c<800> l<85:33> el<85:36>
                          n<> u<800> t<Constant_expression> p<805> c<799> s<804> l<85:33> el<85:34>
                            n<> u<799> t<Constant_primary> p<800> c<798> l<85:33> el<85:34>
                              n<> u<798> t<Primary_literal> p<799> c<797> l<85:33> el<85:34>
                                n<7> u<797> t<INTEGRAL_NUMBER> p<798> l<85:33> el<85:34>
                          n<> u<804> t<Constant_expression> p<805> c<803> l<85:35> el<85:36>
                            n<> u<803> t<Constant_primary> p<804> c<802> l<85:35> el<85:36>
                              n<> u<802> t<Primary_literal> p<803> c<801> l<85:35> el<85:36>
                                n<0> u<801> t<INTEGRAL_NUMBER> p<802> l<85:35> el<85:36>
                    n<> u<810> t<Net_decl_assignment_list> p<811> c<809> l<85:38> el<85:40>
                      n<> u<809> t<Net_decl_assignment> p<810> c<808> l<85:38> el<85:40>
                        n<z1> u<808> t<SIMPLE_IDENTIFIER> p<809> l<85:38> el<85:40>
        n<> u<837> t<Non_port_module_item> p<906> c<836> s<868> l<86:4> el<86:21>
          n<> u<836> t<Module_or_generate_item> p<837> c<835> l<86:4> el<86:21>
            n<> u<835> t<Module_common_item> p<836> c<834> l<86:4> el<86:21>
              n<> u<834> t<Continuous_assign> p<835> c<833> l<86:4> el<86:21>
                n<> u<833> t<Net_assignment_list> p<834> c<832> l<86:11> el<86:20>
                  n<> u<832> t<Net_assignment> p<833> c<821> l<86:11> el<86:20>
                    n<> u<821> t<Net_lvalue> p<832> c<818> s<831> l<86:11> el<86:12>
                      n<> u<818> t<Ps_or_hierarchical_identifier> p<821> c<817> s<820> l<86:11> el<86:12>
                        n<z> u<817> t<SIMPLE_IDENTIFIER> p<818> l<86:11> el<86:12>
                      n<> u<820> t<Constant_select> p<821> c<819> l<86:13> el<86:13>
                        n<> u<819> t<Constant_bit_select> p<820> l<86:13> el<86:13>
                    n<> u<831> t<Expression> p<832> c<825> l<86:15> el<86:20>
                      n<> u<825> t<Expression> p<831> c<824> s<830> l<86:15> el<86:17>
                        n<> u<824> t<Primary> p<825> c<823> l<86:15> el<86:17>
                          n<> u<823> t<Primary_literal> p<824> c<822> l<86:15> el<86:17>
                            n<z0> u<822> t<SIMPLE_IDENTIFIER> p<823> l<86:15> el<86:17>
                      n<> u<830> t<BinaryOp_Plus> p<831> s<829> l<86:17> el<86:18>
                      n<> u<829> t<Expression> p<831> c<828> l<86:18> el<86:20>
                        n<> u<828> t<Primary> p<829> c<827> l<86:18> el<86:20>
                          n<> u<827> t<Primary_literal> p<828> c<826> l<86:18> el<86:20>
                            n<z1> u<826> t<SIMPLE_IDENTIFIER> p<827> l<86:18> el<86:20>
        n<> u<868> t<Non_port_module_item> p<906> c<867> s<886> l<87:4> el<87:27>
          n<> u<867> t<Module_or_generate_item> p<868> c<866> l<87:4> el<87:27>
            n<> u<866> t<Module_common_item> p<867> c<865> l<87:4> el<87:27>
              n<> u<865> t<Module_or_generate_item_declaration> p<866> c<864> l<87:4> el<87:27>
                n<> u<864> t<Package_or_generate_item_declaration> p<865> c<863> l<87:4> el<87:27>
                  n<> u<863> t<Net_declaration> p<864> c<838> l<87:4> el<87:27>
                    n<> u<838> t<WIRE> p<863> s<849> l<87:4> el<87:8>
                    n<> u<849> t<Data_type_or_implicit> p<863> c<848> s<862> l<87:9> el<87:14>
                      n<> u<848> t<Packed_dimension> p<849> c<847> l<87:9> el<87:14>
                        n<> u<847> t<Constant_range> p<848> c<842> l<87:10> el<87:13>
                          n<> u<842> t<Constant_expression> p<847> c<841> s<846> l<87:10> el<87:11>
                            n<> u<841> t<Constant_primary> p<842> c<840> l<87:10> el<87:11>
                              n<> u<840> t<Primary_literal> p<841> c<839> l<87:10> el<87:11>
                                n<7> u<839> t<INTEGRAL_NUMBER> p<840> l<87:10> el<87:11>
                          n<> u<846> t<Constant_expression> p<847> c<845> l<87:12> el<87:13>
                            n<> u<845> t<Constant_primary> p<846> c<844> l<87:12> el<87:13>
                              n<> u<844> t<Primary_literal> p<845> c<843> l<87:12> el<87:13>
                                n<0> u<843> t<INTEGRAL_NUMBER> p<844> l<87:12> el<87:13>
                    n<> u<862> t<Net_decl_assignment_list> p<863> c<861> l<87:15> el<87:26>
                      n<> u<861> t<Net_decl_assignment> p<862> c<850> l<87:15> el<87:26>
                        n<a1> u<850> t<SIMPLE_IDENTIFIER> p<861> s<860> l<87:15> el<87:17>
                        n<> u<860> t<Expression> p<861> c<854> l<87:20> el<87:26>
                          n<> u<854> t<Expression> p<860> c<853> s<859> l<87:20> el<87:21>
                            n<> u<853> t<Primary> p<854> c<852> l<87:20> el<87:21>
                              n<> u<852> t<Primary_literal> p<853> c<851> l<87:20> el<87:21>
                                n<a> u<851> t<SIMPLE_IDENTIFIER> p<852> l<87:20> el<87:21>
                          n<> u<859> t<BinaryOp_Plus> p<860> s<858> l<87:21> el<87:22>
                          n<> u<858> t<Expression> p<860> c<857> l<87:22> el<87:26>
                            n<> u<857> t<Primary> p<858> c<856> l<87:22> el<87:26>
                              n<> u<856> t<Primary_literal> p<857> c<855> l<87:22> el<87:26>
                                n<8'd1> u<855> t<INTEGRAL_NUMBER> p<856> l<87:22> el<87:26>
        n<> u<886> t<Non_port_module_item> p<906> c<885> s<904> l<88:4> el<88:18>
          n<> u<885> t<Module_or_generate_item> p<886> c<884> l<88:4> el<88:18>
            n<> u<884> t<Module_instantiation> p<885> c<869> l<88:4> el<88:18>
              n<l4> u<869> t<SIMPLE_IDENTIFIER> p<884> s<883> l<88:4> el<88:6>
              n<> u<883> t<Hierarchical_instance> p<884> c<871> l<88:7> el<88:17>
                n<> u<871> t<Name_of_instance> p<883> c<870> s<882> l<88:7> el<88:9>
                  n<u0> u<870> t<SIMPLE_IDENTIFIER> p<871> l<88:7> el<88:9>
                n<> u<882> t<Port_connection_list> p<883> c<876> l<88:11> el<88:16>
                  n<> u<876> t<Ordered_port_connection> p<882> c<875> s<881> l<88:11> el<88:12>
                    n<> u<875> t<Expression> p<876> c<874> l<88:11> el<88:12>
                      n<> u<874> t<Primary> p<875> c<873> l<88:11> el<88:12>
                        n<> u<873> t<Primary_literal> p<874> c<872> l<88:11> el<88:12>
                          n<a> u<872> t<SIMPLE_IDENTIFIER> p<873> l<88:11> el<88:12>
                  n<> u<881> t<Ordered_port_connection> p<882> c<880> l<88:14> el<88:16>
                    n<> u<880> t<Expression> p<881> c<879> l<88:14> el<88:16>
                      n<> u<879> t<Primary> p<880> c<878> l<88:14> el<88:16>
                        n<> u<878> t<Primary_literal> p<879> c<877> l<88:14> el<88:16>
                          n<z0> u<877> t<SIMPLE_IDENTIFIER> p<878> l<88:14> el<88:16>
        n<> u<904> t<Non_port_module_item> p<906> c<903> s<905> l<88:21> el<88:36>
          n<> u<903> t<Module_or_generate_item> p<904> c<902> l<88:21> el<88:36>
            n<> u<902> t<Module_instantiation> p<903> c<887> l<88:21> el<88:36>
              n<l4> u<887> t<SIMPLE_IDENTIFIER> p<902> s<901> l<88:21> el<88:23>
              n<> u<901> t<Hierarchical_instance> p<902> c<889> l<88:24> el<88:35>
                n<> u<889> t<Name_of_instance> p<901> c<888> s<900> l<88:24> el<88:26>
                  n<u1> u<888> t<SIMPLE_IDENTIFIER> p<889> l<88:24> el<88:26>
                n<> u<900> t<Port_connection_list> p<901> c<894> l<88:28> el<88:34>
                  n<> u<894> t<Ordered_port_connection> p<900> c<893> s<899> l<88:28> el<88:30>
                    n<> u<893> t<Expression> p<894> c<892> l<88:28> el<88:30>
                      n<> u<892> t<Primary> p<893> c<891> l<88:28> el<88:30>
                        n<> u<891> t<Primary_literal> p<892> c<890> l<88:28> el<88:30>
                          n<a1> u<890> t<SIMPLE_IDENTIFIER> p<891> l<88:28> el<88:30>
                  n<> u<899> t<Ordered_port_connection> p<900> c<898> l<88:32> el<88:34>
                    n<> u<898> t<Expression> p<899> c<897> l<88:32> el<88:34>
                      n<> u<897> t<Primary> p<898> c<896> l<88:32> el<88:34>
                        n<> u<896> t<Primary_literal> p<897> c<895> l<88:32> el<88:34>
                          n<z1> u<895> t<SIMPLE_IDENTIFIER> p<896> l<88:32> el<88:34>
        n<> u<905> t<ENDMODULE> p<906> l<89:1> el<89:10>
    n<> u<1096> t<Description> p<1211> c<1095> s<1210> l<91:1> el<97:10>
      n<> u<1095> t<Module_declaration> p<1096> c<944> l<91:1> el<97:10>
        n<> u<944> t<Module_ansi_header> p<1095> c<908> s<945> l<91:1> el<91:51>
          n<module> u<908> t<MODULE> p<944> s<909> l<91:1> el<91:7>
          n<l4> u<909> t<SIMPLE_IDENTIFIER> p<944> s<910> l<91:8> el<91:10>
          n<> u<910> t<Package_import_declaration_list> p<944> s<943> l<91:11> el<91:11>
          n<> u<943> t<Port_declaration_list> p<944> c<926> l<91:11> el<91:50>
            n<> u<926> t<Ansi_port_declaration> p<943> c<924> s<942> l<91:12> el<91:25>
              n<> u<924> t<Net_port_header> p<926> c<911> s<925> l<91:12> el<91:23>
                n<> u<911> t<INPUT> p<924> s<923> l<91:12> el<91:17>
                n<> u<923> t<Net_port_type> p<924> c<922> l<91:18> el<91:23>
                  n<> u<922> t<Data_type_or_implicit> p<923> c<921> l<91:18> el<91:23>
                    n<> u<921> t<Packed_dimension> p<922> c<920> l<91:18> el<91:23>
                      n<> u<920> t<Constant_range> p<921> c<915> l<91:19> el<91:22>
                        n<> u<915> t<Constant_expression> p<920> c<914> s<919> l<91:19> el<91:20>
                          n<> u<914> t<Constant_primary> p<915> c<913> l<91:19> el<91:20>
                            n<> u<913> t<Primary_literal> p<914> c<912> l<91:19> el<91:20>
                              n<7> u<912> t<INTEGRAL_NUMBER> p<913> l<91:19> el<91:20>
                        n<> u<919> t<Constant_expression> p<920> c<918> l<91:21> el<91:22>
                          n<> u<918> t<Constant_primary> p<919> c<917> l<91:21> el<91:22>
                            n<> u<917> t<Primary_literal> p<918> c<916> l<91:21> el<91:22>
                              n<0> u<916> t<INTEGRAL_NUMBER> p<917> l<91:21> el<91:22>
              n<a> u<925> t<SIMPLE_IDENTIFIER> p<926> l<91:24> el<91:25>
            n<> u<942> t<Ansi_port_declaration> p<943> c<940> l<91:27> el<91:41>
              n<> u<940> t<Net_port_header> p<942> c<927> s<941> l<91:27> el<91:39>
                n<> u<927> t<OUTPUT> p<940> s<939> l<91:27> el<91:33>
                n<> u<939> t<Net_port_type> p<940> c<938> l<91:34> el<91:39>
                  n<> u<938> t<Data_type_or_implicit> p<939> c<937> l<91:34> el<91:39>
                    n<> u<937> t<Packed_dimension> p<938> c<936> l<91:34> el<91:39>
                      n<> u<936> t<Constant_range> p<937> c<931> l<91:35> el<91:38>
                        n<> u<931> t<Constant_expression> p<936> c<930> s<935> l<91:35> el<91:36>
                          n<> u<930> t<Constant_primary> p<931> c<929> l<91:35> el<91:36>
                            n<> u<929> t<Primary_literal> p<930> c<928> l<91:35> el<91:36>
                              n<7> u<928> t<INTEGRAL_NUMBER> p<929> l<91:35> el<91:36>
                        n<> u<935> t<Constant_expression> p<936> c<934> l<91:37> el<91:38>
                          n<> u<934> t<Constant_primary> p<935> c<933> l<91:37> el<91:38>
                            n<> u<933> t<Primary_literal> p<934> c<932> l<91:37> el<91:38>
                              n<0> u<932> t<INTEGRAL_NUMBER> p<933> l<91:37> el<91:38>
              n<z> u<941> t<SIMPLE_IDENTIFIER> p<942> l<91:40> el<91:41>
        n</*verilator public_module*/> u<945> t<BLOCK_COMMENT> p<1095> s<966> l<93:4> el<93:26>
        n<> u<966> t<Non_port_module_item> p<1095> c<965> s<987> l<93:4> el<93:26>
          n<> u<965> t<Module_or_generate_item> p<966> c<964> l<93:4> el<93:26>
            n<> u<964> t<Module_common_item> p<965> c<963> l<93:4> el<93:26>
              n<> u<963> t<Module_or_generate_item_declaration> p<964> c<962> l<93:4> el<93:26>
                n<> u<962> t<Package_or_generate_item_declaration> p<963> c<961> l<93:4> el<93:26>
                  n<> u<961> t<Net_declaration> p<962> c<946> l<93:4> el<93:26>
                    n<> u<946> t<WIRE> p<961> s<957> l<93:4> el<93:8>
                    n<> u<957> t<Data_type_or_implicit> p<961> c<956> s<960> l<93:9> el<93:14>
                      n<> u<956> t<Packed_dimension> p<957> c<955> l<93:9> el<93:14>
                        n<> u<955> t<Constant_range> p<956> c<950> l<93:10> el<93:13>
                          n<> u<950> t<Constant_expression> p<955> c<949> s<954> l<93:10> el<93:11>
                            n<> u<949> t<Constant_primary> p<950> c<948> l<93:10> el<93:11>
                              n<> u<948> t<Primary_literal> p<949> c<947> l<93:10> el<93:11>
                                n<7> u<947> t<INTEGRAL_NUMBER> p<948> l<93:10> el<93:11>
                          n<> u<954> t<Constant_expression> p<955> c<953> l<93:12> el<93:13>
                            n<> u<953> t<Constant_primary> p<954> c<952> l<93:12> el<93:13>
                              n<> u<952> t<Primary_literal> p<953> c<951> l<93:12> el<93:13>
                                n<0> u<951> t<INTEGRAL_NUMBER> p<952> l<93:12> el<93:13>
                    n<> u<960> t<Net_decl_assignment_list> p<961> c<959> l<93:15> el<93:17>
                      n<> u<959> t<Net_decl_assignment> p<960> c<958> l<93:15> el<93:17>
                        n<z0> u<958> t<SIMPLE_IDENTIFIER> p<959> l<93:15> el<93:17>
        n<> u<987> t<Non_port_module_item> p<1095> c<986> s<1008> l<93:27> el<93:49>
          n<> u<986> t<Module_or_generate_item> p<987> c<985> l<93:27> el<93:49>
            n<> u<985> t<Module_common_item> p<986> c<984> l<93:27> el<93:49>
              n<> u<984> t<Module_or_generate_item_declaration> p<985> c<983> l<93:27> el<93:49>
                n<> u<983> t<Package_or_generate_item_declaration> p<984> c<982> l<93:27> el<93:49>
                  n<> u<982> t<Net_declaration> p<983> c<967> l<93:27> el<93:49>
                    n<> u<967> t<WIRE> p<982> s<978> l<93:27> el<93:31>
                    n<> u<978> t<Data_type_or_implicit> p<982> c<977> s<981> l<93:32> el<93:37>
                      n<> u<977> t<Packed_dimension> p<978> c<976> l<93:32> el<93:37>
                        n<> u<976> t<Constant_range> p<977> c<971> l<93:33> el<93:36>
                          n<> u<971> t<Constant_expression> p<976> c<970> s<975> l<93:33> el<93:34>
                            n<> u<970> t<Constant_primary> p<971> c<969> l<93:33> el<93:34>
                              n<> u<969> t<Primary_literal> p<970> c<968> l<93:33> el<93:34>
                                n<7> u<968> t<INTEGRAL_NUMBER> p<969> l<93:33> el<93:34>
                          n<> u<975> t<Constant_expression> p<976> c<974> l<93:35> el<93:36>
                            n<> u<974> t<Constant_primary> p<975> c<973> l<93:35> el<93:36>
                              n<> u<973> t<Primary_literal> p<974> c<972> l<93:35> el<93:36>
                                n<0> u<972> t<INTEGRAL_NUMBER> p<973> l<93:35> el<93:36>
                    n<> u<981> t<Net_decl_assignment_list> p<982> c<980> l<93:38> el<93:40>
                      n<> u<980> t<Net_decl_assignment> p<981> c<979> l<93:38> el<93:40>
                        n<z1> u<979> t<SIMPLE_IDENTIFIER> p<980> l<93:38> el<93:40>
        n<> u<1008> t<Non_port_module_item> p<1095> c<1007> s<1039> l<94:4> el<94:21>
          n<> u<1007> t<Module_or_generate_item> p<1008> c<1006> l<94:4> el<94:21>
            n<> u<1006> t<Module_common_item> p<1007> c<1005> l<94:4> el<94:21>
              n<> u<1005> t<Continuous_assign> p<1006> c<1004> l<94:4> el<94:21>
                n<> u<1004> t<Net_assignment_list> p<1005> c<1003> l<94:11> el<94:20>
                  n<> u<1003> t<Net_assignment> p<1004> c<992> l<94:11> el<94:20>
                    n<> u<992> t<Net_lvalue> p<1003> c<989> s<1002> l<94:11> el<94:12>
                      n<> u<989> t<Ps_or_hierarchical_identifier> p<992> c<988> s<991> l<94:11> el<94:12>
                        n<z> u<988> t<SIMPLE_IDENTIFIER> p<989> l<94:11> el<94:12>
                      n<> u<991> t<Constant_select> p<992> c<990> l<94:13> el<94:13>
                        n<> u<990> t<Constant_bit_select> p<991> l<94:13> el<94:13>
                    n<> u<1002> t<Expression> p<1003> c<996> l<94:15> el<94:20>
                      n<> u<996> t<Expression> p<1002> c<995> s<1001> l<94:15> el<94:17>
                        n<> u<995> t<Primary> p<996> c<994> l<94:15> el<94:17>
                          n<> u<994> t<Primary_literal> p<995> c<993> l<94:15> el<94:17>
                            n<z0> u<993> t<SIMPLE_IDENTIFIER> p<994> l<94:15> el<94:17>
                      n<> u<1001> t<BinaryOp_Plus> p<1002> s<1000> l<94:17> el<94:18>
                      n<> u<1000> t<Expression> p<1002> c<999> l<94:18> el<94:20>
                        n<> u<999> t<Primary> p<1000> c<998> l<94:18> el<94:20>
                          n<> u<998> t<Primary_literal> p<999> c<997> l<94:18> el<94:20>
                            n<z1> u<997> t<SIMPLE_IDENTIFIER> p<998> l<94:18> el<94:20>
        n<> u<1039> t<Non_port_module_item> p<1095> c<1038> s<1066> l<95:4> el<95:27>
          n<> u<1038> t<Module_or_generate_item> p<1039> c<1037> l<95:4> el<95:27>
            n<> u<1037> t<Module_common_item> p<1038> c<1036> l<95:4> el<95:27>
              n<> u<1036> t<Module_or_generate_item_declaration> p<1037> c<1035> l<95:4> el<95:27>
                n<> u<1035> t<Package_or_generate_item_declaration> p<1036> c<1034> l<95:4> el<95:27>
                  n<> u<1034> t<Net_declaration> p<1035> c<1009> l<95:4> el<95:27>
                    n<> u<1009> t<WIRE> p<1034> s<1020> l<95:4> el<95:8>
                    n<> u<1020> t<Data_type_or_implicit> p<1034> c<1019> s<1033> l<95:9> el<95:14>
                      n<> u<1019> t<Packed_dimension> p<1020> c<1018> l<95:9> el<95:14>
                        n<> u<1018> t<Constant_range> p<1019> c<1013> l<95:10> el<95:13>
                          n<> u<1013> t<Constant_expression> p<1018> c<1012> s<1017> l<95:10> el<95:11>
                            n<> u<1012> t<Constant_primary> p<1013> c<1011> l<95:10> el<95:11>
                              n<> u<1011> t<Primary_literal> p<1012> c<1010> l<95:10> el<95:11>
                                n<7> u<1010> t<INTEGRAL_NUMBER> p<1011> l<95:10> el<95:11>
                          n<> u<1017> t<Constant_expression> p<1018> c<1016> l<95:12> el<95:13>
                            n<> u<1016> t<Constant_primary> p<1017> c<1015> l<95:12> el<95:13>
                              n<> u<1015> t<Primary_literal> p<1016> c<1014> l<95:12> el<95:13>
                                n<0> u<1014> t<INTEGRAL_NUMBER> p<1015> l<95:12> el<95:13>
                    n<> u<1033> t<Net_decl_assignment_list> p<1034> c<1032> l<95:15> el<95:26>
                      n<> u<1032> t<Net_decl_assignment> p<1033> c<1021> l<95:15> el<95:26>
                        n<a1> u<1021> t<SIMPLE_IDENTIFIER> p<1032> s<1031> l<95:15> el<95:17>
                        n<> u<1031> t<Expression> p<1032> c<1025> l<95:20> el<95:26>
                          n<> u<1025> t<Expression> p<1031> c<1024> s<1030> l<95:20> el<95:21>
                            n<> u<1024> t<Primary> p<1025> c<1023> l<95:20> el<95:21>
                              n<> u<1023> t<Primary_literal> p<1024> c<1022> l<95:20> el<95:21>
                                n<a> u<1022> t<SIMPLE_IDENTIFIER> p<1023> l<95:20> el<95:21>
                          n<> u<1030> t<BinaryOp_Plus> p<1031> s<1029> l<95:21> el<95:22>
                          n<> u<1029> t<Expression> p<1031> c<1028> l<95:22> el<95:26>
                            n<> u<1028> t<Primary> p<1029> c<1027> l<95:22> el<95:26>
                              n<> u<1027> t<Primary_literal> p<1028> c<1026> l<95:22> el<95:26>
                                n<8'd1> u<1026> t<INTEGRAL_NUMBER> p<1027> l<95:22> el<95:26>
        n<> u<1066> t<Non_port_module_item> p<1095> c<1065> s<1093> l<96:4> el<96:23>
          n<> u<1065> t<Module_or_generate_item> p<1066> c<1064> l<96:4> el<96:23>
            n<> u<1064> t<Module_instantiation> p<1065> c<1040> l<96:4> el<96:23>
              n<l5> u<1040> t<SIMPLE_IDENTIFIER> p<1064> s<1049> l<96:4> el<96:6>
              n<> u<1049> t<Parameter_value_assignment> p<1064> c<1048> s<1063> l<96:7> el<96:11>
                n<> u<1048> t<Parameter_assignment_list> p<1049> c<1047> l<96:9> el<96:10>
                  n<> u<1047> t<Ordered_parameter_assignment> p<1048> c<1046> l<96:9> el<96:10>
                    n<> u<1046> t<Param_expression> p<1047> c<1045> l<96:9> el<96:10>
                      n<> u<1045> t<Mintypmax_expression> p<1046> c<1044> l<96:9> el<96:10>
                        n<> u<1044> t<Expression> p<1045> c<1043> l<96:9> el<96:10>
                          n<> u<1043> t<Primary> p<1044> c<1042> l<96:9> el<96:10>
                            n<> u<1042> t<Primary_literal> p<1043> c<1041> l<96:9> el<96:10>
                              n<1> u<1041> t<INTEGRAL_NUMBER> p<1042> l<96:9> el<96:10>
              n<> u<1063> t<Hierarchical_instance> p<1064> c<1051> l<96:12> el<96:22>
                n<> u<1051> t<Name_of_instance> p<1063> c<1050> s<1062> l<96:12> el<96:14>
                  n<u0> u<1050> t<SIMPLE_IDENTIFIER> p<1051> l<96:12> el<96:14>
                n<> u<1062> t<Port_connection_list> p<1063> c<1056> l<96:16> el<96:21>
                  n<> u<1056> t<Ordered_port_connection> p<1062> c<1055> s<1061> l<96:16> el<96:17>
                    n<> u<1055> t<Expression> p<1056> c<1054> l<96:16> el<96:17>
                      n<> u<1054> t<Primary> p<1055> c<1053> l<96:16> el<96:17>
                        n<> u<1053> t<Primary_literal> p<1054> c<1052> l<96:16> el<96:17>
                          n<a> u<1052> t<SIMPLE_IDENTIFIER> p<1053> l<96:16> el<96:17>
                  n<> u<1061> t<Ordered_port_connection> p<1062> c<1060> l<96:19> el<96:21>
                    n<> u<1060> t<Expression> p<1061> c<1059> l<96:19> el<96:21>
                      n<> u<1059> t<Primary> p<1060> c<1058> l<96:19> el<96:21>
                        n<> u<1058> t<Primary_literal> p<1059> c<1057> l<96:19> el<96:21>
                          n<z0> u<1057> t<SIMPLE_IDENTIFIER> p<1058> l<96:19> el<96:21>
        n<> u<1093> t<Non_port_module_item> p<1095> c<1092> s<1094> l<96:26> el<96:46>
          n<> u<1092> t<Module_or_generate_item> p<1093> c<1091> l<96:26> el<96:46>
            n<> u<1091> t<Module_instantiation> p<1092> c<1067> l<96:26> el<96:46>
              n<l5> u<1067> t<SIMPLE_IDENTIFIER> p<1091> s<1076> l<96:26> el<96:28>
              n<> u<1076> t<Parameter_value_assignment> p<1091> c<1075> s<1090> l<96:29> el<96:33>
                n<> u<1075> t<Parameter_assignment_list> p<1076> c<1074> l<96:31> el<96:32>
                  n<> u<1074> t<Ordered_parameter_assignment> p<1075> c<1073> l<96:31> el<96:32>
                    n<> u<1073> t<Param_expression> p<1074> c<1072> l<96:31> el<96:32>
                      n<> u<1072> t<Mintypmax_expression> p<1073> c<1071> l<96:31> el<96:32>
                        n<> u<1071> t<Expression> p<1072> c<1070> l<96:31> el<96:32>
                          n<> u<1070> t<Primary> p<1071> c<1069> l<96:31> el<96:32>
                            n<> u<1069> t<Primary_literal> p<1070> c<1068> l<96:31> el<96:32>
                              n<2> u<1068> t<INTEGRAL_NUMBER> p<1069> l<96:31> el<96:32>
              n<> u<1090> t<Hierarchical_instance> p<1091> c<1078> l<96:34> el<96:45>
                n<> u<1078> t<Name_of_instance> p<1090> c<1077> s<1089> l<96:34> el<96:36>
                  n<u1> u<1077> t<SIMPLE_IDENTIFIER> p<1078> l<96:34> el<96:36>
                n<> u<1089> t<Port_connection_list> p<1090> c<1083> l<96:38> el<96:44>
                  n<> u<1083> t<Ordered_port_connection> p<1089> c<1082> s<1088> l<96:38> el<96:40>
                    n<> u<1082> t<Expression> p<1083> c<1081> l<96:38> el<96:40>
                      n<> u<1081> t<Primary> p<1082> c<1080> l<96:38> el<96:40>
                        n<> u<1080> t<Primary_literal> p<1081> c<1079> l<96:38> el<96:40>
                          n<a1> u<1079> t<SIMPLE_IDENTIFIER> p<1080> l<96:38> el<96:40>
                  n<> u<1088> t<Ordered_port_connection> p<1089> c<1087> l<96:42> el<96:44>
                    n<> u<1087> t<Expression> p<1088> c<1086> l<96:42> el<96:44>
                      n<> u<1086> t<Primary> p<1087> c<1085> l<96:42> el<96:44>
                        n<> u<1085> t<Primary_literal> p<1086> c<1084> l<96:42> el<96:44>
                          n<z1> u<1084> t<SIMPLE_IDENTIFIER> p<1085> l<96:42> el<96:44>
        n<> u<1094> t<ENDMODULE> p<1095> l<97:1> el<97:10>
    n<> u<1210> t<Description> p<1211> c<1209> l<99:1> el<104:10>
      n<> u<1209> t<Module_declaration> p<1210> c<1133> l<99:1> el<104:10>
        n<> u<1133> t<Module_ansi_header> p<1209> c<1097> s<1134> l<99:1> el<99:51>
          n<module> u<1097> t<MODULE> p<1133> s<1098> l<99:1> el<99:7>
          n<l5> u<1098> t<SIMPLE_IDENTIFIER> p<1133> s<1099> l<99:8> el<99:10>
          n<> u<1099> t<Package_import_declaration_list> p<1133> s<1132> l<99:11> el<99:11>
          n<> u<1132> t<Port_declaration_list> p<1133> c<1115> l<99:11> el<99:50>
            n<> u<1115> t<Ansi_port_declaration> p<1132> c<1113> s<1131> l<99:12> el<99:25>
              n<> u<1113> t<Net_port_header> p<1115> c<1100> s<1114> l<99:12> el<99:23>
                n<> u<1100> t<INPUT> p<1113> s<1112> l<99:12> el<99:17>
                n<> u<1112> t<Net_port_type> p<1113> c<1111> l<99:18> el<99:23>
                  n<> u<1111> t<Data_type_or_implicit> p<1112> c<1110> l<99:18> el<99:23>
                    n<> u<1110> t<Packed_dimension> p<1111> c<1109> l<99:18> el<99:23>
                      n<> u<1109> t<Constant_range> p<1110> c<1104> l<99:19> el<99:22>
                        n<> u<1104> t<Constant_expression> p<1109> c<1103> s<1108> l<99:19> el<99:20>
                          n<> u<1103> t<Constant_primary> p<1104> c<1102> l<99:19> el<99:20>
                            n<> u<1102> t<Primary_literal> p<1103> c<1101> l<99:19> el<99:20>
                              n<7> u<1101> t<INTEGRAL_NUMBER> p<1102> l<99:19> el<99:20>
                        n<> u<1108> t<Constant_expression> p<1109> c<1107> l<99:21> el<99:22>
                          n<> u<1107> t<Constant_primary> p<1108> c<1106> l<99:21> el<99:22>
                            n<> u<1106> t<Primary_literal> p<1107> c<1105> l<99:21> el<99:22>
                              n<0> u<1105> t<INTEGRAL_NUMBER> p<1106> l<99:21> el<99:22>
              n<a> u<1114> t<SIMPLE_IDENTIFIER> p<1115> l<99:24> el<99:25>
            n<> u<1131> t<Ansi_port_declaration> p<1132> c<1129> l<99:27> el<99:41>
              n<> u<1129> t<Net_port_header> p<1131> c<1116> s<1130> l<99:27> el<99:39>
                n<> u<1116> t<OUTPUT> p<1129> s<1128> l<99:27> el<99:33>
                n<> u<1128> t<Net_port_type> p<1129> c<1127> l<99:34> el<99:39>
                  n<> u<1127> t<Data_type_or_implicit> p<1128> c<1126> l<99:34> el<99:39>
                    n<> u<1126> t<Packed_dimension> p<1127> c<1125> l<99:34> el<99:39>
                      n<> u<1125> t<Constant_range> p<1126> c<1120> l<99:35> el<99:38>
                        n<> u<1120> t<Constant_expression> p<1125> c<1119> s<1124> l<99:35> el<99:36>
                          n<> u<1119> t<Constant_primary> p<1120> c<1118> l<99:35> el<99:36>
                            n<> u<1118> t<Primary_literal> p<1119> c<1117> l<99:35> el<99:36>
                              n<7> u<1117> t<INTEGRAL_NUMBER> p<1118> l<99:35> el<99:36>
                        n<> u<1124> t<Constant_expression> p<1125> c<1123> l<99:37> el<99:38>
                          n<> u<1123> t<Constant_primary> p<1124> c<1122> l<99:37> el<99:38>
                            n<> u<1122> t<Primary_literal> p<1123> c<1121> l<99:37> el<99:38>
                              n<0> u<1121> t<INTEGRAL_NUMBER> p<1122> l<99:37> el<99:38>
              n<z> u<1130> t<SIMPLE_IDENTIFIER> p<1131> l<99:40> el<99:41>
        n</*verilator public_module*/> u<1134> t<BLOCK_COMMENT> p<1209> s<1150> l<101:4> el<101:24>
        n<> u<1150> t<Non_port_module_item> p<1209> c<1149> s<1171> l<101:4> el<101:24>
          n<> u<1149> t<Module_or_generate_item> p<1150> c<1148> l<101:4> el<101:24>
            n<> u<1148> t<Module_common_item> p<1149> c<1147> l<101:4> el<101:24>
              n<> u<1147> t<Module_or_generate_item_declaration> p<1148> c<1146> l<101:4> el<101:24>
                n<> u<1146> t<Package_or_generate_item_declaration> p<1147> c<1145> l<101:4> el<101:24>
                  n<> u<1145> t<Parameter_declaration> p<1146> c<1135> l<101:4> el<101:23>
                    n<> u<1135> t<Data_type_or_implicit> p<1145> s<1144> l<101:14> el<101:14>
                    n<> u<1144> t<Param_assignment_list> p<1145> c<1143> l<101:14> el<101:23>
                      n<> u<1143> t<Param_assignment> p<1144> c<1136> l<101:14> el<101:23>
                        n<PARAM> u<1136> t<SIMPLE_IDENTIFIER> p<1143> s<1142> l<101:14> el<101:19>
                        n<> u<1142> t<Constant_param_expression> p<1143> c<1141> l<101:22> el<101:23>
                          n<> u<1141> t<Constant_mintypmax_expression> p<1142> c<1140> l<101:22> el<101:23>
                            n<> u<1140> t<Constant_expression> p<1141> c<1139> l<101:22> el<101:23>
                              n<> u<1139> t<Constant_primary> p<1140> c<1138> l<101:22> el<101:23>
                                n<> u<1138> t<Primary_literal> p<1139> c<1137> l<101:22> el<101:23>
                                  n<5> u<1137> t<INTEGRAL_NUMBER> p<1138> l<101:22> el<101:23>
        n<> u<1171> t<Non_port_module_item> p<1209> c<1170> s<1192> l<102:4> el<102:26>
          n<> u<1170> t<Module_or_generate_item> p<1171> c<1169> l<102:4> el<102:26>
            n<> u<1169> t<Module_common_item> p<1170> c<1168> l<102:4> el<102:26>
              n<> u<1168> t<Module_or_generate_item_declaration> p<1169> c<1167> l<102:4> el<102:26>
                n<> u<1167> t<Package_or_generate_item_declaration> p<1168> c<1166> l<102:4> el<102:26>
                  n<> u<1166> t<Net_declaration> p<1167> c<1151> l<102:4> el<102:26>
                    n<> u<1151> t<WIRE> p<1166> s<1162> l<102:4> el<102:8>
                    n<> u<1162> t<Data_type_or_implicit> p<1166> c<1161> s<1165> l<102:9> el<102:14>
                      n<> u<1161> t<Packed_dimension> p<1162> c<1160> l<102:9> el<102:14>
                        n<> u<1160> t<Constant_range> p<1161> c<1155> l<102:10> el<102:13>
                          n<> u<1155> t<Constant_expression> p<1160> c<1154> s<1159> l<102:10> el<102:11>
                            n<> u<1154> t<Constant_primary> p<1155> c<1153> l<102:10> el<102:11>
                              n<> u<1153> t<Primary_literal> p<1154> c<1152> l<102:10> el<102:11>
                                n<7> u<1152> t<INTEGRAL_NUMBER> p<1153> l<102:10> el<102:11>
                          n<> u<1159> t<Constant_expression> p<1160> c<1158> l<102:12> el<102:13>
                            n<> u<1158> t<Constant_primary> p<1159> c<1157> l<102:12> el<102:13>
                              n<> u<1157> t<Primary_literal> p<1158> c<1156> l<102:12> el<102:13>
                                n<0> u<1156> t<INTEGRAL_NUMBER> p<1157> l<102:12> el<102:13>
                    n<> u<1165> t<Net_decl_assignment_list> p<1166> c<1164> l<102:15> el<102:17>
                      n<> u<1164> t<Net_decl_assignment> p<1165> c<1163> l<102:15> el<102:17>
                        n<z0> u<1163> t<SIMPLE_IDENTIFIER> p<1164> l<102:15> el<102:17>
        n<> u<1192> t<Non_port_module_item> p<1209> c<1191> s<1207> l<102:27> el<102:49>
          n<> u<1191> t<Module_or_generate_item> p<1192> c<1190> l<102:27> el<102:49>
            n<> u<1190> t<Module_common_item> p<1191> c<1189> l<102:27> el<102:49>
              n<> u<1189> t<Module_or_generate_item_declaration> p<1190> c<1188> l<102:27> el<102:49>
                n<> u<1188> t<Package_or_generate_item_declaration> p<1189> c<1187> l<102:27> el<102:49>
                  n<> u<1187> t<Net_declaration> p<1188> c<1172> l<102:27> el<102:49>
                    n<> u<1172> t<WIRE> p<1187> s<1183> l<102:27> el<102:31>
                    n<> u<1183> t<Data_type_or_implicit> p<1187> c<1182> s<1186> l<102:32> el<102:37>
                      n<> u<1182> t<Packed_dimension> p<1183> c<1181> l<102:32> el<102:37>
                        n<> u<1181> t<Constant_range> p<1182> c<1176> l<102:33> el<102:36>
                          n<> u<1176> t<Constant_expression> p<1181> c<1175> s<1180> l<102:33> el<102:34>
                            n<> u<1175> t<Constant_primary> p<1176> c<1174> l<102:33> el<102:34>
                              n<> u<1174> t<Primary_literal> p<1175> c<1173> l<102:33> el<102:34>
                                n<7> u<1173> t<INTEGRAL_NUMBER> p<1174> l<102:33> el<102:34>
                          n<> u<1180> t<Constant_expression> p<1181> c<1179> l<102:35> el<102:36>
                            n<> u<1179> t<Constant_primary> p<1180> c<1178> l<102:35> el<102:36>
                              n<> u<1178> t<Primary_literal> p<1179> c<1177> l<102:35> el<102:36>
                                n<0> u<1177> t<INTEGRAL_NUMBER> p<1178> l<102:35> el<102:36>
                    n<> u<1186> t<Net_decl_assignment_list> p<1187> c<1185> l<102:38> el<102:40>
                      n<> u<1185> t<Net_decl_assignment> p<1186> c<1184> l<102:38> el<102:40>
                        n<z1> u<1184> t<SIMPLE_IDENTIFIER> p<1185> l<102:38> el<102:40>
        n<> u<1207> t<Non_port_module_item> p<1209> c<1206> s<1208> l<103:4> el<103:17>
          n<> u<1206> t<Module_or_generate_item> p<1207> c<1205> l<103:4> el<103:17>
            n<> u<1205> t<Module_common_item> p<1206> c<1204> l<103:4> el<103:17>
              n<> u<1204> t<Continuous_assign> p<1205> c<1203> l<103:4> el<103:17>
                n<> u<1203> t<Net_assignment_list> p<1204> c<1202> l<103:11> el<103:16>
                  n<> u<1202> t<Net_assignment> p<1203> c<1197> l<103:11> el<103:16>
                    n<> u<1197> t<Net_lvalue> p<1202> c<1194> s<1201> l<103:11> el<103:12>
                      n<> u<1194> t<Ps_or_hierarchical_identifier> p<1197> c<1193> s<1196> l<103:11> el<103:12>
                        n<z> u<1193> t<SIMPLE_IDENTIFIER> p<1194> l<103:11> el<103:12>
                      n<> u<1196> t<Constant_select> p<1197> c<1195> l<103:13> el<103:13>
                        n<> u<1195> t<Constant_bit_select> p<1196> l<103:13> el<103:13>
                    n<> u<1201> t<Expression> p<1202> c<1200> l<103:15> el<103:16>
                      n<> u<1200> t<Primary> p<1201> c<1199> l<103:15> el<103:16>
                        n<> u<1199> t<Primary_literal> p<1200> c<1198> l<103:15> el<103:16>
                          n<a> u<1198> t<SIMPLE_IDENTIFIER> p<1199> l<103:15> el<103:16>
        n<> u<1208> t<ENDMODULE> p<1209> l<104:1> el<104:10>
AST_DEBUG_END
[INF:CP5804] $Source01/t_inst_tree.v:6:1: Compile module "t".
[INF:CP5804] $Source01/t_inst_tree.v:62:1: Compile module "ps".
[INF:CP5804] $Source01/t_inst_tree.v:68:1: Compile module "l1".
[NTE:CP5810] $Source01/t_inst_tree.v:68:40: Implicit port type (wire) for "z".
[INF:CP5804] $Source01/t_inst_tree.v:75:1: Compile module "l2".
[NTE:CP5810] $Source01/t_inst_tree.v:75:40: Implicit port type (wire) for "z".
[INF:CP5804] $Source01/t_inst_tree.v:83:1: Compile module "l3".
[NTE:CP5810] $Source01/t_inst_tree.v:83:40: Implicit port type (wire) for "z".
[INF:CP5804] $Source01/t_inst_tree.v:91:1: Compile module "l4".
[NTE:CP5810] $Source01/t_inst_tree.v:91:40: Implicit port type (wire) for "z".
[INF:CP5804] $Source01/t_inst_tree.v:99:1: Compile module "l5".
[NTE:CP5810] $Source01/t_inst_tree.v:99:40: Implicit port type (wire) for "z".
[INF:CM5028] Using global timescale: "1ns/1ns".
====== HLDB =======
Design name:unnamed:
  vpiName: unnamed
  vpiSourceFile (1 items):
    SourceFile name:t_inst_tree.v file:$Source01/t_inst_tree.v:
      vpiParent: Design name:unnamed
      vpiName: t_inst_tree.v
      vpiPreprocFile: "$Output/lib/work/t_inst_tree.v"
      vpiPreprocMacroDefinition (2 items):
        PreprocMacroDefinition name:INLINE_MODULE start:53:2 end:53:51:
          vpiParent: SourceFile name:t_inst_tree.v
          vpiName Identifier name:INLINE_MODULE start:53:10 end:53:23:
          vpiPMDType: define (1)
          vpiPMDToken (1 items):
            Identifier name:/*verilator public_module*/ start:53:24 end:53:51:
        PreprocMacroDefinition name:PUBLIC start:59:2 end:60:1:
          vpiParent: SourceFile name:t_inst_tree.v
          vpiName Identifier name:PUBLIC start:59:10 end:59:16:
          vpiPMDType: define (1)
      vpiPreprocMacroInstance (21 items):
        PreprocMacroInstance name:INLINE_MODULE file:$Source01/t_inst_tree.v start:63:4 end:63:18 ppstart:63:4 ppend:63:31:
          vpiParent: SourceFile name:t_inst_tree.v
          vpiName Identifier name:INLINE_MODULE start:63:4 end:63:18:
          vpiPreprocMacroDefinition: PreprocMacroDefinition name:INLINE_MODULE
          vpiPMIBody Identifier name:/*verilator public_module*/ start:53:24 end:53:51:
        PreprocMacroInstance name:PUBLIC file:$Source01/t_inst_tree.v start:68:42 end:68:49 ppstart:68:42 ppend:68:42:
          vpiParent: SourceFile name:t_inst_tree.v
          vpiName Identifier name:PUBLIC start:68:42 end:68:49:
          vpiPreprocMacroDefinition: PreprocMacroDefinition name:PUBLIC
          vpiPMIBody Identifier start:59:0 end:60:0:
        PreprocMacroInstance name:INLINE_MODULE file:$Source01/t_inst_tree.v start:69:4 end:69:18 ppstart:69:4 ppend:69:31:
          vpiParent: SourceFile name:t_inst_tree.v
          vpiName Identifier name:INLINE_MODULE start:69:4 end:69:18:
          vpiPreprocMacroDefinition: PreprocMacroDefinition name:INLINE_MODULE
          vpiPMIBody Identifier name:/*verilator public_module*/ start:53:24 end:53:51:
        PreprocMacroInstance name:PUBLIC file:$Source01/t_inst_tree.v start:70:18 end:70:25 ppstart:70:18 ppend:70:18:
          vpiParent: SourceFile name:t_inst_tree.v
          vpiName Identifier name:PUBLIC start:70:18 end:70:25:
          vpiPreprocMacroDefinition: PreprocMacroDefinition name:PUBLIC
          vpiPMIBody Identifier start:59:0 end:60:0:
        PreprocMacroInstance name:PUBLIC file:$Source01/t_inst_tree.v start:70:41 end:70:48 ppstart:70:34 ppend:70:34:
          vpiParent: SourceFile name:t_inst_tree.v
          vpiName Identifier name:PUBLIC start:70:41 end:70:48:
          vpiPreprocMacroDefinition: PreprocMacroDefinition name:PUBLIC
          vpiPMIBody Identifier start:59:0 end:60:0:
        PreprocMacroInstance name:PUBLIC file:$Source01/t_inst_tree.v start:75:42 end:75:49 ppstart:75:42 ppend:75:42:
          vpiParent: SourceFile name:t_inst_tree.v
          vpiName Identifier name:PUBLIC start:75:42 end:75:49:
          vpiPreprocMacroDefinition: PreprocMacroDefinition name:PUBLIC
          vpiPMIBody Identifier start:59:0 end:60:0:
        PreprocMacroInstance name:INLINE_MODULE file:$Source01/t_inst_tree.v start:76:4 end:76:18 ppstart:76:4 ppend:76:31:
          vpiParent: SourceFile name:t_inst_tree.v
          vpiName Identifier name:INLINE_MODULE start:76:4 end:76:18:
          vpiPreprocMacroDefinition: PreprocMacroDefinition name:INLINE_MODULE
          vpiPMIBody Identifier name:/*verilator public_module*/ start:53:24 end:53:51:
        PreprocMacroInstance name:PUBLIC file:$Source01/t_inst_tree.v start:77:18 end:77:25 ppstart:77:18 ppend:77:18:
          vpiParent: SourceFile name:t_inst_tree.v
          vpiName Identifier name:PUBLIC start:77:18 end:77:25:
          vpiPreprocMacroDefinition: PreprocMacroDefinition name:PUBLIC
          vpiPMIBody Identifier start:59:0 end:60:0:
        PreprocMacroInstance name:PUBLIC file:$Source01/t_inst_tree.v start:77:41 end:77:48 ppstart:77:34 ppend:77:34:
          vpiParent: SourceFile name:t_inst_tree.v
          vpiName Identifier name:PUBLIC start:77:41 end:77:48:
          vpiPreprocMacroDefinition: PreprocMacroDefinition name:PUBLIC
          vpiPMIBody Identifier start:59:0 end:60:0:
        PreprocMacroInstance name:PUBLIC file:$Source01/t_inst_tree.v start:83:42 end:83:49 ppstart:83:42 ppend:83:42:
          vpiParent: SourceFile name:t_inst_tree.v
          vpiName Identifier name:PUBLIC start:83:42 end:83:49:
          vpiPreprocMacroDefinition: PreprocMacroDefinition name:PUBLIC
          vpiPMIBody Identifier start:59:0 end:60:0:
        PreprocMacroInstance name:INLINE_MODULE file:$Source01/t_inst_tree.v start:84:4 end:84:18 ppstart:84:4 ppend:84:31:
          vpiParent: SourceFile name:t_inst_tree.v
          vpiName Identifier name:INLINE_MODULE start:84:4 end:84:18:
          vpiPreprocMacroDefinition: PreprocMacroDefinition name:INLINE_MODULE
          vpiPMIBody Identifier name:/*verilator public_module*/ start:53:24 end:53:51:
        PreprocMacroInstance name:PUBLIC file:$Source01/t_inst_tree.v start:85:18 end:85:25 ppstart:85:18 ppend:85:18:
          vpiParent: SourceFile name:t_inst_tree.v
          vpiName Identifier name:PUBLIC start:85:18 end:85:25:
          vpiPreprocMacroDefinition: PreprocMacroDefinition name:PUBLIC
          vpiPMIBody Identifier start:59:0 end:60:0:
        PreprocMacroInstance name:PUBLIC file:$Source01/t_inst_tree.v start:85:41 end:85:48 ppstart:85:34 ppend:85:34:
          vpiParent: SourceFile name:t_inst_tree.v
          vpiName Identifier name:PUBLIC start:85:41 end:85:48:
          vpiPreprocMacroDefinition: PreprocMacroDefinition name:PUBLIC
          vpiPMIBody Identifier start:59:0 end:60:0:
        PreprocMacroInstance name:PUBLIC file:$Source01/t_inst_tree.v start:91:42 end:91:49 ppstart:91:42 ppend:91:42:
          vpiParent: SourceFile name:t_inst_tree.v
          vpiName Identifier name:PUBLIC start:91:42 end:91:49:
          vpiPreprocMacroDefinition: PreprocMacroDefinition name:PUBLIC
          vpiPMIBody Identifier start:59:0 end:60:0:
        PreprocMacroInstance name:INLINE_MODULE file:$Source01/t_inst_tree.v start:92:4 end:92:18 ppstart:92:4 ppend:92:31:
          vpiParent: SourceFile name:t_inst_tree.v
          vpiName Identifier name:INLINE_MODULE start:92:4 end:92:18:
          vpiPreprocMacroDefinition: PreprocMacroDefinition name:INLINE_MODULE
          vpiPMIBody Identifier name:/*verilator public_module*/ start:53:24 end:53:51:
        PreprocMacroInstance name:PUBLIC file:$Source01/t_inst_tree.v start:93:18 end:93:25 ppstart:93:18 ppend:93:18:
          vpiParent: SourceFile name:t_inst_tree.v
          vpiName Identifier name:PUBLIC start:93:18 end:93:25:
          vpiPreprocMacroDefinition: PreprocMacroDefinition name:PUBLIC
          vpiPMIBody Identifier start:59:0 end:60:0:
        PreprocMacroInstance name:PUBLIC file:$Source01/t_inst_tree.v start:93:41 end:93:48 ppstart:93:34 ppend:93:34:
          vpiParent: SourceFile name:t_inst_tree.v
          vpiName Identifier name:PUBLIC start:93:41 end:93:48:
          vpiPreprocMacroDefinition: PreprocMacroDefinition name:PUBLIC
          vpiPMIBody Identifier start:59:0 end:60:0:
        PreprocMacroInstance name:PUBLIC file:$Source01/t_inst_tree.v start:99:42 end:99:49 ppstart:99:42 ppend:99:42:
          vpiParent: SourceFile name:t_inst_tree.v
          vpiName Identifier name:PUBLIC start:99:42 end:99:49:
          vpiPreprocMacroDefinition: PreprocMacroDefinition name:PUBLIC
          vpiPMIBody Identifier start:59:0 end:60:0:
        PreprocMacroInstance name:INLINE_MODULE file:$Source01/t_inst_tree.v start:100:4 end:100:18 ppstart:100:4 ppend:100:31:
          vpiParent: SourceFile name:t_inst_tree.v
          vpiName Identifier name:INLINE_MODULE start:100:4 end:100:18:
          vpiPreprocMacroDefinition: PreprocMacroDefinition name:INLINE_MODULE
          vpiPMIBody Identifier name:/*verilator public_module*/ start:53:24 end:53:51:
        PreprocMacroInstance name:PUBLIC file:$Source01/t_inst_tree.v start:102:18 end:102:25 ppstart:102:18 ppend:102:18:
          vpiParent: SourceFile name:t_inst_tree.v
          vpiName Identifier name:PUBLIC start:102:18 end:102:25:
          vpiPreprocMacroDefinition: PreprocMacroDefinition name:PUBLIC
          vpiPMIBody Identifier start:59:0 end:60:0:
        PreprocMacroInstance name:PUBLIC file:$Source01/t_inst_tree.v start:102:41 end:102:48 ppstart:102:34 ppend:102:34:
          vpiParent: SourceFile name:t_inst_tree.v
          vpiName Identifier name:PUBLIC start:102:41 end:102:48:
          vpiPreprocMacroDefinition: PreprocMacroDefinition name:PUBLIC
          vpiPMIBody Identifier start:59:0 end:60:0:
  vpiAllModules (7 items):
    Module name:t file:$Source01/t_inst_tree.v start:6:1 end:48:10:
      vpiParent: Design name:unnamed
      vpiName Identifier name:t start:6:8 end:6:9:
      vpiFullName: t
      vpiVariable (3 items):
        Variable name:cyc start:12:12 end:12:15:
          vpiParent: Module name:t
          vpiTypespec RefTypespec start:12:4 end:12:11:
            vpiParent: Variable name:cyc
            vpiFullName: t.cyc
            vpiActual: IntegerTypespec
          vpiName: cyc
          vpiFullName: t.cyc
        Variable name:printclk start:15:12 end:15:20:
          vpiParent: Module name:t
          vpiTypespec RefTypespec start:15:4 end:15:7:
            vpiParent: Variable name:printclk
            vpiFullName: t.printclk
            vpiActual: LogicTypespec
          vpiName: printclk
          vpiFullName: t.printclk
          vpiScalar: true
        Variable name:a start:19:14 end:19:15:
          vpiParent: Module name:t
          vpiTypespec RefTypespec start:19:4 end:19:13:
            vpiParent: Variable name:a
            vpiFullName: t.a
            vpiActual: LogicTypespec
          vpiName: a
          vpiFullName: t.a
          vpiVector: true
      vpiTypespec (6 items):
        LogicTypespec:
          vpiParent: Module name:t
        IntegerTypespec:
          vpiParent: Module name:t
          vpiSigned: true
        ModuleTypespec name:ps start:17:4 end:17:6:
          vpiParent: Module name:t
          vpiName Identifier name:ps start:17:4 end:17:6:
          vpiDefName: ps
          vpiModule: Module name:ps
        LogicTypespec:
          vpiParent: Module name:t
          vpiRange (1 items):
            Range start:19:8 end:19:13:
              vpiParent: LogicTypespec
              vpiLeftRange Constant start:19:9 end:19:10:
                vpiParent: Range
                vpiTypespec RefTypespec:
                  vpiParent: Constant
                  vpiFullName: t
                  vpiActual: IntTypespec
                vpiConstType: unsigned int (9)
                vpiSize: 64
                vpiDecompile: "7"
                vpiValue: 7
              vpiRightRange Constant start:19:11 end:19:12:
                vpiParent: Range
                vpiTypespec RefTypespec:
                  vpiParent: Constant
                  vpiFullName: t
                  vpiActual: IntTypespec
                vpiConstType: unsigned int (9)
                vpiSize: 64
                vpiDecompile: "0"
                vpiValue: 0
          vpiVector: true
        LogicTypespec:
          vpiParent: Module name:t
          vpiRange (1 items):
            Range start:20:9 end:20:14:
              vpiParent: LogicTypespec
              vpiLeftRange Constant start:20:10 end:20:11:
                vpiParent: Range
                vpiTypespec RefTypespec:
                  vpiParent: Constant
                  vpiFullName: t
                  vpiActual: IntTypespec
                vpiConstType: unsigned int (9)
                vpiSize: 64
                vpiDecompile: "7"
                vpiValue: 7
              vpiRightRange Constant start:20:12 end:20:13:
                vpiParent: Range
                vpiTypespec RefTypespec:
                  vpiParent: Constant
                  vpiFullName: t
                  vpiActual: IntTypespec
                vpiConstType: unsigned int (9)
                vpiSize: 64
                vpiDecompile: "0"
                vpiValue: 0
          vpiVector: true
        ModuleTypespec name:l1 start:22:4 end:22:6:
          vpiParent: Module name:t
          vpiName Identifier name:l1 start:22:4 end:22:6:
          vpiDefName: l1
          vpiModule: Module name:l1
      vpiDefName: t
      vpiDefNetType: wire (1)
      vpiDefDelayMode: none (1)
      vpiUnconnDrive: highz (1)
      vpiLibrary RefObj name:work start:6:8 end:6:9:
        vpiParent: Module name:t
        vpiName: work
        vpiFullName: t.work
        vpiActual: Library name:work
      vpiCell: t
      vpiNet (2 items):
        Net name:clk start:11:10 end:11:13:
          vpiParent: Module name:t
          vpiTypespec RefTypespec:
            vpiParent: Net name:clk
            vpiFullName: t.clk
            vpiActual: LogicTypespec
          vpiName: clk
          vpiFullName: t.clk
          vpiNetType: wire (1)
          vpiScalar: true
        Net name:z start:20:15 end:20:16:
          vpiParent: Module name:t
          vpiTypespec RefTypespec start:20:9 end:20:14:
            vpiParent: Net name:z
            vpiFullName: t.z
            vpiActual: LogicTypespec
          vpiName: z
          vpiFullName: t.z
          vpiNetDeclAssign: true
          vpiNetType: wire (1)
          vpiVector: true
      vpiPort (1 items):
        Port name:clk start:8:4 end:8:7:
          vpiParent: Module name:t
          vpiName: clk
          vpiDirection: input (1)
          vpiLowConn RefObj name:clk start:11:10 end:11:13:
            vpiParent: Port name:clk
            vpiName: clk
            vpiFullName: t.clk.clk
            vpiActual: Net name:clk
          vpiTypespec RefTypespec:
            vpiParent: Port name:clk
            vpiFullName: t.clk
            vpiActual: LogicTypespec
      vpiProcess (2 items):
        Initial start:12:17 end:12:31:
          vpiParent: Module name:t
          vpiStmt Assignment start:12:25 end:12:30:
            vpiParent: Initial
            vpiBlocking: true
            vpiLhs RefObj name:cyc start:12:25 end:12:28:
              vpiParent: Assignment
              vpiName: cyc
              vpiFullName: t.cyc
              vpiActual: Variable name:cyc
            vpiRhs Constant start:12:29 end:12:30:
              vpiParent: Assignment
              vpiTypespec RefTypespec:
                vpiParent: Constant
                vpiFullName: t
                vpiActual: IntTypespec
              vpiConstType: unsigned int (9)
              vpiSize: 64
              vpiDecompile: "1"
              vpiValue: 1
        Always start:24:4 end:46:7:
          vpiParent: Module name:t
          vpiStmt EventControl start:24:11 end:46:7:
            vpiParent: Always
            vpiCondition Operation start:24:14 end:24:25:
              vpiParent: EventControl
              vpiOpType: posedge (39)
              vpiOperand (1 items):
                RefObj name:clk start:24:22 end:24:25:
                  vpiParent: Operation
                  vpiName: clk
                  vpiFullName: t.clk
                  vpiActual: Net name:clk
            vpiStmt Begin start:24:27 end:46:7:
              vpiParent: EventControl
              vpiFullName: t
              vpiStmt (2 items):
                Assignment start:25:7 end:25:20:
                  vpiParent: Begin
                  vpiLhs RefObj name:printclk start:25:7 end:25:15:
                    vpiParent: Assignment
                    vpiName: printclk
                    vpiFullName: t.printclk
                    vpiActual: Variable name:printclk
                  vpiRhs Constant start:25:19 end:25:20:
                    vpiParent: Assignment
                    vpiTypespec RefTypespec:
                      vpiParent: Constant
                      vpiFullName: t
                      vpiActual: IntTypespec
                    vpiConstType: unsigned int (9)
                    vpiSize: 64
                    vpiDecompile: "0"
                    vpiValue: 0
                IfStmt start:26:7 end:45:10:
                  vpiParent: Begin
                  vpiCondition Operation start:26:11 end:26:17:
                    vpiParent: IfStmt
                    vpiOpType: not equal (15)
                    vpiOperand (2 items):
                      RefObj name:cyc start:26:11 end:26:14:
                        vpiParent: Operation
                        vpiName: cyc
                        vpiFullName: t.cyc
                        vpiActual: Variable name:cyc
                      Constant start:26:16 end:26:17:
                        vpiParent: Operation
                        vpiTypespec RefTypespec:
                          vpiParent: Constant
                          vpiFullName: t
                          vpiActual: IntTypespec
                        vpiConstType: unsigned int (9)
                        vpiSize: 64
                        vpiDecompile: "0"
                        vpiValue: 0
                  vpiStmt Begin start:26:19 end:45:10:
                    vpiParent: IfStmt
                    vpiFullName: t
                    vpiStmt (4 items):
                      Assignment start:27:3 end:27:17:
                        vpiParent: Begin
                        vpiLhs RefObj name:cyc start:27:3 end:27:6:
                          vpiParent: Assignment
                          vpiName: cyc
                          vpiFullName: t.cyc
                          vpiActual: Variable name:cyc
                        vpiRhs Operation start:27:10 end:27:17:
                          vpiParent: Assignment
                          vpiOpType: add (24)
                          vpiOperand (2 items):
                            RefObj name:cyc start:27:10 end:27:13:
                              vpiParent: Operation
                              vpiName: cyc
                              vpiFullName: t.cyc
                              vpiActual: Variable name:cyc
                            Constant start:27:16 end:27:17:
                              vpiParent: Operation
                              vpiTypespec RefTypespec:
                                vpiParent: Constant
                                vpiFullName: t
                                vpiActual: IntTypespec
                              vpiConstType: unsigned int (9)
                              vpiSize: 64
                              vpiDecompile: "1"
                              vpiValue: 1
                      IfStmt start:28:3 end:30:6:
                        vpiParent: Begin
                        vpiCondition Operation start:28:7 end:28:13:
                          vpiParent: IfStmt
                          vpiOpType: equal (14)
                          vpiOperand (2 items):
                            RefObj name:cyc start:28:7 end:28:10:
                              vpiParent: Operation
                              vpiName: cyc
                              vpiFullName: t.cyc
                              vpiActual: Variable name:cyc
                            Constant start:28:12 end:28:13:
                              vpiParent: Operation
                              vpiTypespec RefTypespec:
                                vpiParent: Constant
                                vpiFullName: t
                                vpiActual: IntTypespec
                              vpiConstType: unsigned int (9)
                              vpiSize: 64
                              vpiDecompile: "1"
                              vpiValue: 1
                        vpiStmt Begin start:28:15 end:30:6:
                          vpiParent: IfStmt
                          vpiFullName: t
                          vpiTypespec (1 items):
                            BitTypespec:
                              vpiParent: Begin
                          vpiStmt (1 items):
                            Assignment start:29:6 end:29:22:
                              vpiParent: Begin
                              vpiLhs RefObj name:printclk start:29:6 end:29:14:
                                vpiParent: Assignment
                                vpiName: printclk
                                vpiFullName: t.printclk
                                vpiActual: Variable name:printclk
                              vpiRhs Constant start:29:18 end:29:22:
                                vpiParent: Assignment
                                vpiTypespec RefTypespec:
                                  vpiParent: Constant
                                  vpiFullName: t
                                  vpiActual: BitTypespec
                                vpiConstType: binary (3)
                                vpiSize: 1
                                vpiDecompile: "1'b1"
                                vpiValue: "1"
                      IfStmt start:31:3 end:33:6:
                        vpiParent: Begin
                        vpiCondition Operation start:31:7 end:31:13:
                          vpiParent: IfStmt
                          vpiOpType: equal (14)
                          vpiOperand (2 items):
                            RefObj name:cyc start:31:7 end:31:10:
                              vpiParent: Operation
                              vpiName: cyc
                              vpiFullName: t.cyc
                              vpiActual: Variable name:cyc
                            Constant start:31:12 end:31:13:
                              vpiParent: Operation
                              vpiTypespec RefTypespec:
                                vpiParent: Constant
                                vpiFullName: t
                                vpiActual: IntTypespec
                              vpiConstType: unsigned int (9)
                              vpiSize: 64
                              vpiDecompile: "2"
                              vpiValue: 2
                        vpiStmt Begin start:31:15 end:33:6:
                          vpiParent: IfStmt
                          vpiFullName: t
                          vpiStmt (1 items):
                            Assignment start:32:6 end:32:15:
                              vpiParent: Begin
                              vpiLhs RefObj name:a start:32:6 end:32:7:
                                vpiParent: Assignment
                                vpiName: a
                                vpiFullName: t.a
                                vpiActual: Variable name:a
                              vpiRhs Constant start:32:11 end:32:15:
                                vpiParent: Assignment
                                vpiTypespec RefTypespec:
                                  vpiParent: Constant
                                  vpiFullName: t
                                  vpiActual: LogicTypespec
                                vpiConstType: binary (3)
                                vpiSize: 8
                                vpiDecompile: "8'b1"
                                vpiValue: "1"
                      IfStmt start:34:3 end:44:6:
                        vpiParent: Begin
                        vpiCondition Operation start:34:7 end:34:13:
                          vpiParent: IfStmt
                          vpiOpType: equal (14)
                          vpiOperand (2 items):
                            RefObj name:cyc start:34:7 end:34:10:
                              vpiParent: Operation
                              vpiName: cyc
                              vpiFullName: t.cyc
                              vpiActual: Variable name:cyc
                            Constant start:34:12 end:34:13:
                              vpiParent: Operation
                              vpiTypespec RefTypespec:
                                vpiParent: Constant
                                vpiFullName: t
                                vpiActual: IntTypespec
                              vpiConstType: unsigned int (9)
                              vpiSize: 64
                              vpiDecompile: "3"
                              vpiValue: 3
                        vpiStmt Begin start:34:15 end:44:6:
                          vpiParent: IfStmt
                          vpiFullName: t
                          vpiStmt (3 items):
                            IfStmt start:35:6 end:35:29:
                              vpiParent: Begin
                              vpiCondition Operation start:35:10 end:35:21:
                                vpiParent: IfStmt
                                vpiOpType: case neq (17)
                                vpiOperand (2 items):
                                  RefObj name:z start:35:10 end:35:11:
                                    vpiParent: Operation
                                    vpiName: z
                                    vpiFullName: t.z
                                    vpiActual: Net name:z
                                  Constant start:35:16 end:35:21:
                                    vpiParent: Operation
                                    vpiTypespec RefTypespec:
                                      vpiParent: Constant
                                      vpiFullName: t
                                      vpiActual: IntTypespec
                                    vpiConstType: hexadecimal (5)
                                    vpiSize: 8
                                    vpiDecompile: "8'hf8"
                                    vpiValue: f8
                              vpiStmt SysTaskCall name:$stop start:35:23 end:35:28:
                                vpiParent: IfStmt
                                vpiName Identifier name:$stop start:35:23 end:35:28:
                                vpiIsProperty: true
                            SysTaskCall name:$write start:42:6 end:42:38:
                              vpiParent: Begin
                              vpiName Identifier name:$write start:42:6 end:42:12:
                              vpiArgument (1 items):
                                Constant start:42:13 end:42:37:
                                  vpiParent: SysTaskCall name:$write
                                  vpiTypespec RefTypespec:
                                    vpiParent: Constant
                                    vpiFullName: t
                                    vpiActual: StringTypespec
                                  vpiConstType: string (6)
                                  vpiSize: 168
                                  vpiDecompile: "\"*-* All Finished *-*\\n\""
                                  vpiValue: "*-* All Finished *-*\\n"
                            SysTaskCall name:$finish start:43:6 end:43:13:
                              vpiParent: Begin
                              vpiName Identifier name:$finish start:43:6 end:43:13:
                              vpiIsProperty: true
          vpiAlwaysType: always (1)
      vpiRefInstance (2 items):
        RefInstance name:ps start:17:7 end:17:9:
          vpiParent: Module name:t
          vpiName: ps
          vpiTypespec RefTypespec name:ps start:17:4 end:17:6:
            vpiParent: RefInstance name:ps
            vpiName: ps
            vpiFullName: t.ps.ps
            vpiActual: ModuleTypespec name:ps
          vpiPort (1 items):
            Port start:17:11 end:17:19:
              vpiParent: RefInstance name:ps
              vpiLowConn RefObj name:printclk:
                vpiParent: Port
                vpiName: printclk
                vpiFullName: t.ps.printclk
                vpiActual: Port name:printclk
              vpiHighConn RefObj name:printclk start:17:11 end:17:19:
                vpiParent: Port
                vpiName: printclk
                vpiFullName: t.ps.printclk
                vpiActual: Variable name:printclk
        RefInstance name:u start:22:7 end:22:8:
          vpiParent: Module name:t
          vpiName: u
          vpiTypespec RefTypespec name:l1 start:22:4 end:22:6:
            vpiParent: RefInstance name:u
            vpiName: l1
            vpiFullName: t.u.l1
            vpiActual: ModuleTypespec name:l1
          vpiPort (2 items):
            Port start:22:10 end:22:12:
              vpiParent: RefInstance name:u
              vpiLowConn RefObj name:a:
                vpiParent: Port
                vpiName: a
                vpiFullName: t.u.a
                vpiActual: Port name:a
              vpiHighConn Operation start:22:10 end:22:12:
                vpiParent: Port
                vpiOpType: bitwise negation (4)
                vpiOperand (1 items):
                  RefObj name:a start:22:11 end:22:12:
                    vpiParent: Operation
                    vpiName: a
                    vpiFullName: t.u.a
                    vpiActual: Variable name:a
            Port start:22:13 end:22:14:
              vpiParent: RefInstance name:u
              vpiLowConn RefObj name:z:
                vpiParent: Port
                vpiName: z
                vpiFullName: t.u.z
                vpiActual: Port name:z
              vpiHighConn RefObj name:z start:22:13 end:22:14:
                vpiParent: Port
                vpiName: z
                vpiFullName: t.u.z
                vpiActual: Net name:z
    Module name:ps file:$Source01/t_inst_tree.v start:62:1 end:66:10:
      vpiParent: Design name:unnamed
      vpiName Identifier name:ps start:62:8 end:62:10:
      vpiFullName: ps
      vpiTypespec (1 items):
        LogicTypespec:
          vpiParent: Module name:ps
      vpiDefName: ps
      vpiDefNetType: wire (1)
      vpiDefDelayMode: none (1)
      vpiUnconnDrive: highz (1)
      vpiLibrary RefObj name:work start:62:8 end:62:10:
        vpiParent: Module name:ps
        vpiName: work
        vpiFullName: ps.work
        vpiActual: Library name:work
      vpiCell: ps
      vpiNet (1 items):
        Net name:printclk start:62:18 end:62:26:
          vpiParent: Module name:ps
          vpiTypespec RefTypespec:
            vpiParent: Net name:printclk
            vpiFullName: ps.printclk
            vpiActual: LogicTypespec
          vpiName: printclk
          vpiFullName: ps.printclk
          vpiNetType: wire (1)
          vpiScalar: true
      vpiPort (1 items):
        Port name:printclk start:62:18 end:62:26:
          vpiParent: Module name:ps
          vpiName: printclk
          vpiDirection: input (1)
          vpiLowConn RefObj name:printclk start:62:18 end:62:26:
            vpiParent: Port name:printclk
            vpiName: printclk
            vpiFullName: ps.printclk.printclk
            vpiActual: Net name:printclk
          vpiTypespec RefTypespec:
            vpiParent: Port name:printclk
            vpiFullName: ps.printclk
            vpiActual: LogicTypespec
      vpiProcess (1 items):
        Always start:65:4 end:65:69:
          vpiParent: Module name:ps
          vpiStmt EventControl start:65:11 end:65:69:
            vpiParent: Always
            vpiCondition Operation start:65:14 end:65:30:
              vpiParent: EventControl
              vpiOpType: posedge (39)
              vpiOperand (1 items):
                RefObj name:printclk start:65:22 end:65:30:
                  vpiParent: Operation
                  vpiName: printclk
                  vpiFullName: ps.printclk
                  vpiActual: Net name:printclk
            vpiStmt SysTaskCall name:$write start:65:32 end:65:68:
              vpiParent: EventControl
              vpiName Identifier name:$write start:65:32 end:65:38:
              vpiArgument (2 items):
                Constant start:65:39 end:65:60:
                  vpiParent: SysTaskCall name:$write
                  vpiTypespec RefTypespec:
                    vpiParent: Constant
                    vpiFullName: ps
                    vpiActual: StringTypespec
                  vpiConstType: string (6)
                  vpiSize: 144
                  vpiDecompile: "\"[%0t] %m: Clocked\\n\""
                  vpiValue: "[%0t] %m: Clocked\\n"
                SysFuncCall name:$time start:65:62 end:65:67:
                  vpiParent: SysTaskCall name:$write
                  vpiName Identifier name:$time start:65:62 end:65:67:
          vpiAlwaysType: always (1)
    Module name:l1 file:$Source01/t_inst_tree.v start:68:1 end:73:10:
      vpiParent: Design name:unnamed
      vpiName Identifier name:l1 start:68:8 end:68:10:
      vpiFullName: l1
      vpiTypespec (6 items):
        LogicTypespec:
          vpiParent: Module name:l1
          vpiRange (1 items):
            Range start:68:18 end:68:23:
              vpiParent: LogicTypespec
              vpiLeftRange Constant start:68:19 end:68:20:
                vpiParent: Range
                vpiTypespec RefTypespec:
                  vpiParent: Constant
                  vpiFullName: l1
                  vpiActual: IntTypespec
                vpiConstType: unsigned int (9)
                vpiSize: 64
                vpiDecompile: "7"
                vpiValue: 7
              vpiRightRange Constant start:68:21 end:68:22:
                vpiParent: Range
                vpiTypespec RefTypespec:
                  vpiParent: Constant
                  vpiFullName: l1
                  vpiActual: IntTypespec
                vpiConstType: unsigned int (9)
                vpiSize: 64
                vpiDecompile: "0"
                vpiValue: 0
          vpiVector: true
        LogicTypespec:
          vpiParent: Module name:l1
          vpiRange (1 items):
            Range start:68:34 end:68:39:
              vpiParent: LogicTypespec
              vpiLeftRange Constant start:68:35 end:68:36:
                vpiParent: Range
                vpiTypespec RefTypespec:
                  vpiParent: Constant
                  vpiFullName: l1
                  vpiActual: IntTypespec
                vpiConstType: unsigned int (9)
                vpiSize: 64
                vpiDecompile: "7"
                vpiValue: 7
              vpiRightRange Constant start:68:37 end:68:38:
                vpiParent: Range
                vpiTypespec RefTypespec:
                  vpiParent: Constant
                  vpiFullName: l1
                  vpiActual: IntTypespec
                vpiConstType: unsigned int (9)
                vpiSize: 64
                vpiDecompile: "0"
                vpiValue: 0
          vpiVector: true
        LogicTypespec:
          vpiParent: Module name:l1
          vpiRange (1 items):
            Range start:70:9 end:70:14:
              vpiParent: LogicTypespec
              vpiLeftRange Constant start:70:10 end:70:11:
                vpiParent: Range
                vpiTypespec RefTypespec:
                  vpiParent: Constant
                  vpiFullName: l1
                  vpiActual: IntTypespec
                vpiConstType: unsigned int (9)
                vpiSize: 64
                vpiDecompile: "7"
                vpiValue: 7
              vpiRightRange Constant start:70:12 end:70:13:
                vpiParent: Range
                vpiTypespec RefTypespec:
                  vpiParent: Constant
                  vpiFullName: l1
                  vpiActual: IntTypespec
                vpiConstType: unsigned int (9)
                vpiSize: 64
                vpiDecompile: "0"
                vpiValue: 0
          vpiVector: true
        LogicTypespec:
          vpiParent: Module name:l1
          vpiRange (1 items):
            Range start:70:32 end:70:37:
              vpiParent: LogicTypespec
              vpiLeftRange Constant start:70:33 end:70:34:
                vpiParent: Range
                vpiTypespec RefTypespec:
                  vpiParent: Constant
                  vpiFullName: l1
                  vpiActual: IntTypespec
                vpiConstType: unsigned int (9)
                vpiSize: 64
                vpiDecompile: "7"
                vpiValue: 7
              vpiRightRange Constant start:70:35 end:70:36:
                vpiParent: Range
                vpiTypespec RefTypespec:
                  vpiParent: Constant
                  vpiFullName: l1
                  vpiActual: IntTypespec
                vpiConstType: unsigned int (9)
                vpiSize: 64
                vpiDecompile: "0"
                vpiValue: 0
          vpiVector: true
        ModuleTypespec name:l2 start:72:4 end:72:6:
          vpiParent: Module name:l1
          vpiName Identifier name:l2 start:72:4 end:72:6:
          vpiDefName: l2
          vpiModule: Module name:l2
        ModuleTypespec name:l2 start:72:21 end:72:23:
          vpiParent: Module name:l1
          vpiName Identifier name:l2 start:72:21 end:72:23:
          vpiDefName: l2
          vpiModule: Module name:l2
      vpiDefName: l1
      vpiDefNetType: wire (1)
      vpiDefDelayMode: none (1)
      vpiUnconnDrive: highz (1)
      vpiLibrary RefObj name:work start:68:8 end:68:10:
        vpiParent: Module name:l1
        vpiName: work
        vpiFullName: l1.work
        vpiActual: Library name:work
      vpiCell: l1
      vpiNet (4 items):
        Net name:a start:68:24 end:68:25:
          vpiParent: Module name:l1
          vpiTypespec RefTypespec start:68:18 end:68:23:
            vpiParent: Net name:a
            vpiFullName: l1.a
            vpiActual: LogicTypespec
          vpiName: a
          vpiFullName: l1.a
          vpiNetType: wire (1)
          vpiVector: true
        Net name:z start:68:40 end:68:41:
          vpiParent: Module name:l1
          vpiTypespec RefTypespec start:68:34 end:68:39:
            vpiParent: Net name:z
            vpiFullName: l1.z
            vpiActual: LogicTypespec
          vpiName: z
          vpiFullName: l1.z
          vpiNetType: wire (1)
          vpiVector: true
        Net name:z0 start:70:15 end:70:17:
          vpiParent: Module name:l1
          vpiTypespec RefTypespec start:70:9 end:70:14:
            vpiParent: Net name:z0
            vpiFullName: l1.z0
            vpiActual: LogicTypespec
          vpiName: z0
          vpiFullName: l1.z0
          vpiNetDeclAssign: true
          vpiNetType: wire (1)
          vpiVector: true
        Net name:z1 start:70:38 end:70:40:
          vpiParent: Module name:l1
          vpiTypespec RefTypespec start:70:32 end:70:37:
            vpiParent: Net name:z1
            vpiFullName: l1.z1
            vpiActual: LogicTypespec
          vpiName: z1
          vpiFullName: l1.z1
          vpiNetDeclAssign: true
          vpiNetType: wire (1)
          vpiVector: true
      vpiPort (2 items):
        Port name:a start:68:24 end:68:25:
          vpiParent: Module name:l1
          vpiName: a
          vpiDirection: input (1)
          vpiLowConn RefObj name:a start:68:24 end:68:25:
            vpiParent: Port name:a
            vpiName: a
            vpiFullName: l1.a.a
            vpiActual: Net name:a
          vpiTypespec RefTypespec start:68:18 end:68:23:
            vpiParent: Port name:a
            vpiFullName: l1.a
            vpiActual: LogicTypespec
        Port name:z start:68:40 end:68:41:
          vpiParent: Module name:l1
          vpiName: z
          vpiDirection: output (2)
          vpiLowConn RefObj name:z start:68:40 end:68:41:
            vpiParent: Port name:z
            vpiName: z
            vpiFullName: l1.z.z
            vpiActual: Net name:z
          vpiTypespec RefTypespec start:68:34 end:68:39:
            vpiParent: Port name:z
            vpiFullName: l1.z
            vpiActual: LogicTypespec
      vpiContAssign (1 items):
        ContAssign start:71:11 end:71:20:
          vpiParent: Module name:l1
          vpiLhs RefObj name:z start:71:11 end:71:12:
            vpiParent: ContAssign
            vpiName: z
            vpiFullName: l1.z
            vpiActual: Net name:z
          vpiRhs Operation start:71:15 end:71:20:
            vpiParent: ContAssign
            vpiOpType: add (24)
            vpiOperand (2 items):
              RefObj name:z0 start:71:15 end:71:17:
                vpiParent: Operation
                vpiName: z0
                vpiFullName: l1.z0
                vpiActual: Net name:z0
              RefObj name:z1 start:71:18 end:71:20:
                vpiParent: Operation
                vpiName: z1
                vpiFullName: l1.z1
                vpiActual: Net name:z1
      vpiRefInstance (2 items):
        RefInstance name:u0 start:72:7 end:72:9:
          vpiParent: Module name:l1
          vpiName: u0
          vpiTypespec RefTypespec name:l2 start:72:4 end:72:6:
            vpiParent: RefInstance name:u0
            vpiName: l2
            vpiFullName: l1.u0.l2
            vpiActual: ModuleTypespec name:l2
          vpiPort (2 items):
            Port start:72:11 end:72:12:
              vpiParent: RefInstance name:u0
              vpiLowConn RefObj name:a:
                vpiParent: Port
                vpiName: a
                vpiFullName: l1.u0.a
                vpiActual: Port name:a
              vpiHighConn RefObj name:a start:72:11 end:72:12:
                vpiParent: Port
                vpiName: a
                vpiFullName: l1.u0.a
                vpiActual: Net name:a
            Port start:72:14 end:72:16:
              vpiParent: RefInstance name:u0
              vpiLowConn RefObj name:z:
                vpiParent: Port
                vpiName: z
                vpiFullName: l1.u0.z
                vpiActual: Port name:z
              vpiHighConn RefObj name:z0 start:72:14 end:72:16:
                vpiParent: Port
                vpiName: z0
                vpiFullName: l1.u0.z0
                vpiActual: Net name:z0
        RefInstance name:u1 start:72:24 end:72:26:
          vpiParent: Module name:l1
          vpiName: u1
          vpiTypespec RefTypespec name:l2 start:72:21 end:72:23:
            vpiParent: RefInstance name:u1
            vpiName: l2
            vpiFullName: l1.u1.l2
            vpiActual: ModuleTypespec name:l2
          vpiPort (2 items):
            Port start:72:28 end:72:29:
              vpiParent: RefInstance name:u1
              vpiLowConn RefObj name:a:
                vpiParent: Port
                vpiName: a
                vpiFullName: l1.u1.a
                vpiActual: Port name:a
              vpiHighConn RefObj name:a start:72:28 end:72:29:
                vpiParent: Port
                vpiName: a
                vpiFullName: l1.u1.a
                vpiActual: Net name:a
            Port start:72:31 end:72:33:
              vpiParent: RefInstance name:u1
              vpiLowConn RefObj name:z:
                vpiParent: Port
                vpiName: z
                vpiFullName: l1.u1.z
                vpiActual: Port name:z
              vpiHighConn RefObj name:z1 start:72:31 end:72:33:
                vpiParent: Port
                vpiName: z1
                vpiFullName: l1.u1.z1
                vpiActual: Net name:z1
    Module name:l2 file:$Source01/t_inst_tree.v start:75:1 end:81:10:
      vpiParent: Design name:unnamed
      vpiName Identifier name:l2 start:75:8 end:75:10:
      vpiFullName: l2
      vpiTypespec (7 items):
        LogicTypespec:
          vpiParent: Module name:l2
          vpiRange (1 items):
            Range start:75:18 end:75:23:
              vpiParent: LogicTypespec
              vpiLeftRange Constant start:75:19 end:75:20:
                vpiParent: Range
                vpiTypespec RefTypespec:
                  vpiParent: Constant
                  vpiFullName: l2
                  vpiActual: IntTypespec
                vpiConstType: unsigned int (9)
                vpiSize: 64
                vpiDecompile: "7"
                vpiValue: 7
              vpiRightRange Constant start:75:21 end:75:22:
                vpiParent: Range
                vpiTypespec RefTypespec:
                  vpiParent: Constant
                  vpiFullName: l2
                  vpiActual: IntTypespec
                vpiConstType: unsigned int (9)
                vpiSize: 64
                vpiDecompile: "0"
                vpiValue: 0
          vpiVector: true
        LogicTypespec:
          vpiParent: Module name:l2
          vpiRange (1 items):
            Range start:75:34 end:75:39:
              vpiParent: LogicTypespec
              vpiLeftRange Constant start:75:35 end:75:36:
                vpiParent: Range
                vpiTypespec RefTypespec:
                  vpiParent: Constant
                  vpiFullName: l2
                  vpiActual: IntTypespec
                vpiConstType: unsigned int (9)
                vpiSize: 64
                vpiDecompile: "7"
                vpiValue: 7
              vpiRightRange Constant start:75:37 end:75:38:
                vpiParent: Range
                vpiTypespec RefTypespec:
                  vpiParent: Constant
                  vpiFullName: l2
                  vpiActual: IntTypespec
                vpiConstType: unsigned int (9)
                vpiSize: 64
                vpiDecompile: "0"
                vpiValue: 0
          vpiVector: true
        LogicTypespec:
          vpiParent: Module name:l2
          vpiRange (1 items):
            Range start:77:9 end:77:14:
              vpiParent: LogicTypespec
              vpiLeftRange Constant start:77:10 end:77:11:
                vpiParent: Range
                vpiTypespec RefTypespec:
                  vpiParent: Constant
                  vpiFullName: l2
                  vpiActual: IntTypespec
                vpiConstType: unsigned int (9)
                vpiSize: 64
                vpiDecompile: "7"
                vpiValue: 7
              vpiRightRange Constant start:77:12 end:77:13:
                vpiParent: Range
                vpiTypespec RefTypespec:
                  vpiParent: Constant
                  vpiFullName: l2
                  vpiActual: IntTypespec
                vpiConstType: unsigned int (9)
                vpiSize: 64
                vpiDecompile: "0"
                vpiValue: 0
          vpiVector: true
        LogicTypespec:
          vpiParent: Module name:l2
          vpiRange (1 items):
            Range start:77:32 end:77:37:
              vpiParent: LogicTypespec
              vpiLeftRange Constant start:77:33 end:77:34:
                vpiParent: Range
                vpiTypespec RefTypespec:
                  vpiParent: Constant
                  vpiFullName: l2
                  vpiActual: IntTypespec
                vpiConstType: unsigned int (9)
                vpiSize: 64
                vpiDecompile: "7"
                vpiValue: 7
              vpiRightRange Constant start:77:35 end:77:36:
                vpiParent: Range
                vpiTypespec RefTypespec:
                  vpiParent: Constant
                  vpiFullName: l2
                  vpiActual: IntTypespec
                vpiConstType: unsigned int (9)
                vpiSize: 64
                vpiDecompile: "0"
                vpiValue: 0
          vpiVector: true
        LogicTypespec:
          vpiParent: Module name:l2
          vpiRange (1 items):
            Range start:79:9 end:79:14:
              vpiParent: LogicTypespec
              vpiLeftRange Constant start:79:10 end:79:11:
                vpiParent: Range
                vpiTypespec RefTypespec:
                  vpiParent: Constant
                  vpiFullName: l2
                  vpiActual: IntTypespec
                vpiConstType: unsigned int (9)
                vpiSize: 64
                vpiDecompile: "7"
                vpiValue: 7
              vpiRightRange Constant start:79:12 end:79:13:
                vpiParent: Range
                vpiTypespec RefTypespec:
                  vpiParent: Constant
                  vpiFullName: l2
                  vpiActual: IntTypespec
                vpiConstType: unsigned int (9)
                vpiSize: 64
                vpiDecompile: "0"
                vpiValue: 0
          vpiVector: true
        ModuleTypespec name:l3 start:80:4 end:80:6:
          vpiParent: Module name:l2
          vpiName Identifier name:l3 start:80:4 end:80:6:
          vpiDefName: l3
          vpiModule: Module name:l3
        ModuleTypespec name:l3 start:80:21 end:80:23:
          vpiParent: Module name:l2
          vpiName Identifier name:l3 start:80:21 end:80:23:
          vpiDefName: l3
          vpiModule: Module name:l3
      vpiDefName: l2
      vpiDefNetType: wire (1)
      vpiDefDelayMode: none (1)
      vpiUnconnDrive: highz (1)
      vpiLibrary RefObj name:work start:75:8 end:75:10:
        vpiParent: Module name:l2
        vpiName: work
        vpiFullName: l2.work
        vpiActual: Library name:work
      vpiCell: l2
      vpiNet (5 items):
        Net name:a start:75:24 end:75:25:
          vpiParent: Module name:l2
          vpiTypespec RefTypespec start:75:18 end:75:23:
            vpiParent: Net name:a
            vpiFullName: l2.a
            vpiActual: LogicTypespec
          vpiName: a
          vpiFullName: l2.a
          vpiNetType: wire (1)
          vpiVector: true
        Net name:z start:75:40 end:75:41:
          vpiParent: Module name:l2
          vpiTypespec RefTypespec start:75:34 end:75:39:
            vpiParent: Net name:z
            vpiFullName: l2.z
            vpiActual: LogicTypespec
          vpiName: z
          vpiFullName: l2.z
          vpiNetType: wire (1)
          vpiVector: true
        Net name:z0 start:77:15 end:77:17:
          vpiParent: Module name:l2
          vpiTypespec RefTypespec start:77:9 end:77:14:
            vpiParent: Net name:z0
            vpiFullName: l2.z0
            vpiActual: LogicTypespec
          vpiName: z0
          vpiFullName: l2.z0
          vpiNetDeclAssign: true
          vpiNetType: wire (1)
          vpiVector: true
        Net name:z1 start:77:38 end:77:40:
          vpiParent: Module name:l2
          vpiTypespec RefTypespec start:77:32 end:77:37:
            vpiParent: Net name:z1
            vpiFullName: l2.z1
            vpiActual: LogicTypespec
          vpiName: z1
          vpiFullName: l2.z1
          vpiNetDeclAssign: true
          vpiNetType: wire (1)
          vpiVector: true
        Net name:a1 start:79:15 end:79:17:
          vpiParent: Module name:l2
          vpiTypespec RefTypespec start:79:9 end:79:14:
            vpiParent: Net name:a1
            vpiFullName: l2.a1
            vpiActual: LogicTypespec
          vpiName: a1
          vpiFullName: l2.a1
          vpiNetDeclAssign: true
          vpiNetType: wire (1)
          vpiVector: true
          vpiValue Operation start:79:20 end:79:26:
            vpiParent: Net name:a1
            vpiOpType: add (24)
            vpiOperand (2 items):
              RefObj name:a start:79:20 end:79:21:
                vpiParent: Operation
                vpiName: a
                vpiFullName: l2.a1.a
                vpiActual: Net name:a
              Constant start:79:22 end:79:26:
                vpiParent: Operation
                vpiTypespec RefTypespec:
                  vpiParent: Constant
                  vpiFullName: l2.a1
                  vpiActual: IntTypespec
                vpiConstType: decimal (1)
                vpiSize: 8
                vpiDecompile: "8'd1"
                vpiValue: "1"
      vpiPort (2 items):
        Port name:a start:75:24 end:75:25:
          vpiParent: Module name:l2
          vpiName: a
          vpiDirection: input (1)
          vpiLowConn RefObj name:a start:75:24 end:75:25:
            vpiParent: Port name:a
            vpiName: a
            vpiFullName: l2.a.a
            vpiActual: Net name:a
          vpiTypespec RefTypespec start:75:18 end:75:23:
            vpiParent: Port name:a
            vpiFullName: l2.a
            vpiActual: LogicTypespec
        Port name:z start:75:40 end:75:41:
          vpiParent: Module name:l2
          vpiName: z
          vpiDirection: output (2)
          vpiLowConn RefObj name:z start:75:40 end:75:41:
            vpiParent: Port name:z
            vpiName: z
            vpiFullName: l2.z.z
            vpiActual: Net name:z
          vpiTypespec RefTypespec start:75:34 end:75:39:
            vpiParent: Port name:z
            vpiFullName: l2.z
            vpiActual: LogicTypespec
      vpiContAssign (1 items):
        ContAssign start:78:11 end:78:20:
          vpiParent: Module name:l2
          vpiLhs RefObj name:z start:78:11 end:78:12:
            vpiParent: ContAssign
            vpiName: z
            vpiFullName: l2.z
            vpiActual: Net name:z
          vpiRhs Operation start:78:15 end:78:20:
            vpiParent: ContAssign
            vpiOpType: add (24)
            vpiOperand (2 items):
              RefObj name:z0 start:78:15 end:78:17:
                vpiParent: Operation
                vpiName: z0
                vpiFullName: l2.z0
                vpiActual: Net name:z0
              RefObj name:z1 start:78:18 end:78:20:
                vpiParent: Operation
                vpiName: z1
                vpiFullName: l2.z1
                vpiActual: Net name:z1
      vpiRefInstance (2 items):
        RefInstance name:u0 start:80:7 end:80:9:
          vpiParent: Module name:l2
          vpiName: u0
          vpiTypespec RefTypespec name:l3 start:80:4 end:80:6:
            vpiParent: RefInstance name:u0
            vpiName: l3
            vpiFullName: l2.u0.l3
            vpiActual: ModuleTypespec name:l3
          vpiPort (2 items):
            Port start:80:11 end:80:12:
              vpiParent: RefInstance name:u0
              vpiLowConn RefObj name:a:
                vpiParent: Port
                vpiName: a
                vpiFullName: l2.u0.a
                vpiActual: Port name:a
              vpiHighConn RefObj name:a start:80:11 end:80:12:
                vpiParent: Port
                vpiName: a
                vpiFullName: l2.u0.a
                vpiActual: Net name:a
            Port start:80:14 end:80:16:
              vpiParent: RefInstance name:u0
              vpiLowConn RefObj name:z:
                vpiParent: Port
                vpiName: z
                vpiFullName: l2.u0.z
                vpiActual: Port name:z
              vpiHighConn RefObj name:z0 start:80:14 end:80:16:
                vpiParent: Port
                vpiName: z0
                vpiFullName: l2.u0.z0
                vpiActual: Net name:z0
        RefInstance name:u1 start:80:24 end:80:26:
          vpiParent: Module name:l2
          vpiName: u1
          vpiTypespec RefTypespec name:l3 start:80:21 end:80:23:
            vpiParent: RefInstance name:u1
            vpiName: l3
            vpiFullName: l2.u1.l3
            vpiActual: ModuleTypespec name:l3
          vpiPort (2 items):
            Port start:80:28 end:80:30:
              vpiParent: RefInstance name:u1
              vpiLowConn RefObj name:a:
                vpiParent: Port
                vpiName: a
                vpiFullName: l2.u1.a
                vpiActual: Port name:a
              vpiHighConn RefObj name:a1 start:80:28 end:80:30:
                vpiParent: Port
                vpiName: a1
                vpiFullName: l2.u1.a1
                vpiActual: Net name:a1
            Port start:80:32 end:80:34:
              vpiParent: RefInstance name:u1
              vpiLowConn RefObj name:z:
                vpiParent: Port
                vpiName: z
                vpiFullName: l2.u1.z
                vpiActual: Port name:z
              vpiHighConn RefObj name:z1 start:80:32 end:80:34:
                vpiParent: Port
                vpiName: z1
                vpiFullName: l2.u1.z1
                vpiActual: Net name:z1
    Module name:l3 file:$Source01/t_inst_tree.v start:83:1 end:89:10:
      vpiParent: Design name:unnamed
      vpiName Identifier name:l3 start:83:8 end:83:10:
      vpiFullName: l3
      vpiTypespec (7 items):
        LogicTypespec:
          vpiParent: Module name:l3
          vpiRange (1 items):
            Range start:83:18 end:83:23:
              vpiParent: LogicTypespec
              vpiLeftRange Constant start:83:19 end:83:20:
                vpiParent: Range
                vpiTypespec RefTypespec:
                  vpiParent: Constant
                  vpiFullName: l3
                  vpiActual: IntTypespec
                vpiConstType: unsigned int (9)
                vpiSize: 64
                vpiDecompile: "7"
                vpiValue: 7
              vpiRightRange Constant start:83:21 end:83:22:
                vpiParent: Range
                vpiTypespec RefTypespec:
                  vpiParent: Constant
                  vpiFullName: l3
                  vpiActual: IntTypespec
                vpiConstType: unsigned int (9)
                vpiSize: 64
                vpiDecompile: "0"
                vpiValue: 0
          vpiVector: true
        LogicTypespec:
          vpiParent: Module name:l3
          vpiRange (1 items):
            Range start:83:34 end:83:39:
              vpiParent: LogicTypespec
              vpiLeftRange Constant start:83:35 end:83:36:
                vpiParent: Range
                vpiTypespec RefTypespec:
                  vpiParent: Constant
                  vpiFullName: l3
                  vpiActual: IntTypespec
                vpiConstType: unsigned int (9)
                vpiSize: 64
                vpiDecompile: "7"
                vpiValue: 7
              vpiRightRange Constant start:83:37 end:83:38:
                vpiParent: Range
                vpiTypespec RefTypespec:
                  vpiParent: Constant
                  vpiFullName: l3
                  vpiActual: IntTypespec
                vpiConstType: unsigned int (9)
                vpiSize: 64
                vpiDecompile: "0"
                vpiValue: 0
          vpiVector: true
        LogicTypespec:
          vpiParent: Module name:l3
          vpiRange (1 items):
            Range start:85:9 end:85:14:
              vpiParent: LogicTypespec
              vpiLeftRange Constant start:85:10 end:85:11:
                vpiParent: Range
                vpiTypespec RefTypespec:
                  vpiParent: Constant
                  vpiFullName: l3
                  vpiActual: IntTypespec
                vpiConstType: unsigned int (9)
                vpiSize: 64
                vpiDecompile: "7"
                vpiValue: 7
              vpiRightRange Constant start:85:12 end:85:13:
                vpiParent: Range
                vpiTypespec RefTypespec:
                  vpiParent: Constant
                  vpiFullName: l3
                  vpiActual: IntTypespec
                vpiConstType: unsigned int (9)
                vpiSize: 64
                vpiDecompile: "0"
                vpiValue: 0
          vpiVector: true
        LogicTypespec:
          vpiParent: Module name:l3
          vpiRange (1 items):
            Range start:85:32 end:85:37:
              vpiParent: LogicTypespec
              vpiLeftRange Constant start:85:33 end:85:34:
                vpiParent: Range
                vpiTypespec RefTypespec:
                  vpiParent: Constant
                  vpiFullName: l3
                  vpiActual: IntTypespec
                vpiConstType: unsigned int (9)
                vpiSize: 64
                vpiDecompile: "7"
                vpiValue: 7
              vpiRightRange Constant start:85:35 end:85:36:
                vpiParent: Range
                vpiTypespec RefTypespec:
                  vpiParent: Constant
                  vpiFullName: l3
                  vpiActual: IntTypespec
                vpiConstType: unsigned int (9)
                vpiSize: 64
                vpiDecompile: "0"
                vpiValue: 0
          vpiVector: true
        LogicTypespec:
          vpiParent: Module name:l3
          vpiRange (1 items):
            Range start:87:9 end:87:14:
              vpiParent: LogicTypespec
              vpiLeftRange Constant start:87:10 end:87:11:
                vpiParent: Range
                vpiTypespec RefTypespec:
                  vpiParent: Constant
                  vpiFullName: l3
                  vpiActual: IntTypespec
                vpiConstType: unsigned int (9)
                vpiSize: 64
                vpiDecompile: "7"
                vpiValue: 7
              vpiRightRange Constant start:87:12 end:87:13:
                vpiParent: Range
                vpiTypespec RefTypespec:
                  vpiParent: Constant
                  vpiFullName: l3
                  vpiActual: IntTypespec
                vpiConstType: unsigned int (9)
                vpiSize: 64
                vpiDecompile: "0"
                vpiValue: 0
          vpiVector: true
        ModuleTypespec name:l4 start:88:4 end:88:6:
          vpiParent: Module name:l3
          vpiName Identifier name:l4 start:88:4 end:88:6:
          vpiDefName: l4
          vpiModule: Module name:l4
        ModuleTypespec name:l4 start:88:21 end:88:23:
          vpiParent: Module name:l3
          vpiName Identifier name:l4 start:88:21 end:88:23:
          vpiDefName: l4
          vpiModule: Module name:l4
      vpiDefName: l3
      vpiDefNetType: wire (1)
      vpiDefDelayMode: none (1)
      vpiUnconnDrive: highz (1)
      vpiLibrary RefObj name:work start:83:8 end:83:10:
        vpiParent: Module name:l3
        vpiName: work
        vpiFullName: l3.work
        vpiActual: Library name:work
      vpiCell: l3
      vpiNet (5 items):
        Net name:a start:83:24 end:83:25:
          vpiParent: Module name:l3
          vpiTypespec RefTypespec start:83:18 end:83:23:
            vpiParent: Net name:a
            vpiFullName: l3.a
            vpiActual: LogicTypespec
          vpiName: a
          vpiFullName: l3.a
          vpiNetType: wire (1)
          vpiVector: true
        Net name:z start:83:40 end:83:41:
          vpiParent: Module name:l3
          vpiTypespec RefTypespec start:83:34 end:83:39:
            vpiParent: Net name:z
            vpiFullName: l3.z
            vpiActual: LogicTypespec
          vpiName: z
          vpiFullName: l3.z
          vpiNetType: wire (1)
          vpiVector: true
        Net name:z0 start:85:15 end:85:17:
          vpiParent: Module name:l3
          vpiTypespec RefTypespec start:85:9 end:85:14:
            vpiParent: Net name:z0
            vpiFullName: l3.z0
            vpiActual: LogicTypespec
          vpiName: z0
          vpiFullName: l3.z0
          vpiNetDeclAssign: true
          vpiNetType: wire (1)
          vpiVector: true
        Net name:z1 start:85:38 end:85:40:
          vpiParent: Module name:l3
          vpiTypespec RefTypespec start:85:32 end:85:37:
            vpiParent: Net name:z1
            vpiFullName: l3.z1
            vpiActual: LogicTypespec
          vpiName: z1
          vpiFullName: l3.z1
          vpiNetDeclAssign: true
          vpiNetType: wire (1)
          vpiVector: true
        Net name:a1 start:87:15 end:87:17:
          vpiParent: Module name:l3
          vpiTypespec RefTypespec start:87:9 end:87:14:
            vpiParent: Net name:a1
            vpiFullName: l3.a1
            vpiActual: LogicTypespec
          vpiName: a1
          vpiFullName: l3.a1
          vpiNetDeclAssign: true
          vpiNetType: wire (1)
          vpiVector: true
          vpiValue Operation start:87:20 end:87:26:
            vpiParent: Net name:a1
            vpiOpType: add (24)
            vpiOperand (2 items):
              RefObj name:a start:87:20 end:87:21:
                vpiParent: Operation
                vpiName: a
                vpiFullName: l3.a1.a
                vpiActual: Net name:a
              Constant start:87:22 end:87:26:
                vpiParent: Operation
                vpiTypespec RefTypespec:
                  vpiParent: Constant
                  vpiFullName: l3.a1
                  vpiActual: IntTypespec
                vpiConstType: decimal (1)
                vpiSize: 8
                vpiDecompile: "8'd1"
                vpiValue: "1"
      vpiPort (2 items):
        Port name:a start:83:24 end:83:25:
          vpiParent: Module name:l3
          vpiName: a
          vpiDirection: input (1)
          vpiLowConn RefObj name:a start:83:24 end:83:25:
            vpiParent: Port name:a
            vpiName: a
            vpiFullName: l3.a.a
            vpiActual: Net name:a
          vpiTypespec RefTypespec start:83:18 end:83:23:
            vpiParent: Port name:a
            vpiFullName: l3.a
            vpiActual: LogicTypespec
        Port name:z start:83:40 end:83:41:
          vpiParent: Module name:l3
          vpiName: z
          vpiDirection: output (2)
          vpiLowConn RefObj name:z start:83:40 end:83:41:
            vpiParent: Port name:z
            vpiName: z
            vpiFullName: l3.z.z
            vpiActual: Net name:z
          vpiTypespec RefTypespec start:83:34 end:83:39:
            vpiParent: Port name:z
            vpiFullName: l3.z
            vpiActual: LogicTypespec
      vpiContAssign (1 items):
        ContAssign start:86:11 end:86:20:
          vpiParent: Module name:l3
          vpiLhs RefObj name:z start:86:11 end:86:12:
            vpiParent: ContAssign
            vpiName: z
            vpiFullName: l3.z
            vpiActual: Net name:z
          vpiRhs Operation start:86:15 end:86:20:
            vpiParent: ContAssign
            vpiOpType: add (24)
            vpiOperand (2 items):
              RefObj name:z0 start:86:15 end:86:17:
                vpiParent: Operation
                vpiName: z0
                vpiFullName: l3.z0
                vpiActual: Net name:z0
              RefObj name:z1 start:86:18 end:86:20:
                vpiParent: Operation
                vpiName: z1
                vpiFullName: l3.z1
                vpiActual: Net name:z1
      vpiRefInstance (2 items):
        RefInstance name:u0 start:88:7 end:88:9:
          vpiParent: Module name:l3
          vpiName: u0
          vpiTypespec RefTypespec name:l4 start:88:4 end:88:6:
            vpiParent: RefInstance name:u0
            vpiName: l4
            vpiFullName: l3.u0.l4
            vpiActual: ModuleTypespec name:l4
          vpiPort (2 items):
            Port start:88:11 end:88:12:
              vpiParent: RefInstance name:u0
              vpiLowConn RefObj name:a:
                vpiParent: Port
                vpiName: a
                vpiFullName: l3.u0.a
                vpiActual: Port name:a
              vpiHighConn RefObj name:a start:88:11 end:88:12:
                vpiParent: Port
                vpiName: a
                vpiFullName: l3.u0.a
                vpiActual: Net name:a
            Port start:88:14 end:88:16:
              vpiParent: RefInstance name:u0
              vpiLowConn RefObj name:z:
                vpiParent: Port
                vpiName: z
                vpiFullName: l3.u0.z
                vpiActual: Port name:z
              vpiHighConn RefObj name:z0 start:88:14 end:88:16:
                vpiParent: Port
                vpiName: z0
                vpiFullName: l3.u0.z0
                vpiActual: Net name:z0
        RefInstance name:u1 start:88:24 end:88:26:
          vpiParent: Module name:l3
          vpiName: u1
          vpiTypespec RefTypespec name:l4 start:88:21 end:88:23:
            vpiParent: RefInstance name:u1
            vpiName: l4
            vpiFullName: l3.u1.l4
            vpiActual: ModuleTypespec name:l4
          vpiPort (2 items):
            Port start:88:28 end:88:30:
              vpiParent: RefInstance name:u1
              vpiLowConn RefObj name:a:
                vpiParent: Port
                vpiName: a
                vpiFullName: l3.u1.a
                vpiActual: Port name:a
              vpiHighConn RefObj name:a1 start:88:28 end:88:30:
                vpiParent: Port
                vpiName: a1
                vpiFullName: l3.u1.a1
                vpiActual: Net name:a1
            Port start:88:32 end:88:34:
              vpiParent: RefInstance name:u1
              vpiLowConn RefObj name:z:
                vpiParent: Port
                vpiName: z
                vpiFullName: l3.u1.z
                vpiActual: Port name:z
              vpiHighConn RefObj name:z1 start:88:32 end:88:34:
                vpiParent: Port
                vpiName: z1
                vpiFullName: l3.u1.z1
                vpiActual: Net name:z1
    Module name:l4 file:$Source01/t_inst_tree.v start:91:1 end:97:10:
      vpiParent: Design name:unnamed
      vpiName Identifier name:l4 start:91:8 end:91:10:
      vpiFullName: l4
      vpiTypespec (7 items):
        LogicTypespec:
          vpiParent: Module name:l4
          vpiRange (1 items):
            Range start:91:18 end:91:23:
              vpiParent: LogicTypespec
              vpiLeftRange Constant start:91:19 end:91:20:
                vpiParent: Range
                vpiTypespec RefTypespec:
                  vpiParent: Constant
                  vpiFullName: l4
                  vpiActual: IntTypespec
                vpiConstType: unsigned int (9)
                vpiSize: 64
                vpiDecompile: "7"
                vpiValue: 7
              vpiRightRange Constant start:91:21 end:91:22:
                vpiParent: Range
                vpiTypespec RefTypespec:
                  vpiParent: Constant
                  vpiFullName: l4
                  vpiActual: IntTypespec
                vpiConstType: unsigned int (9)
                vpiSize: 64
                vpiDecompile: "0"
                vpiValue: 0
          vpiVector: true
        LogicTypespec:
          vpiParent: Module name:l4
          vpiRange (1 items):
            Range start:91:34 end:91:39:
              vpiParent: LogicTypespec
              vpiLeftRange Constant start:91:35 end:91:36:
                vpiParent: Range
                vpiTypespec RefTypespec:
                  vpiParent: Constant
                  vpiFullName: l4
                  vpiActual: IntTypespec
                vpiConstType: unsigned int (9)
                vpiSize: 64
                vpiDecompile: "7"
                vpiValue: 7
              vpiRightRange Constant start:91:37 end:91:38:
                vpiParent: Range
                vpiTypespec RefTypespec:
                  vpiParent: Constant
                  vpiFullName: l4
                  vpiActual: IntTypespec
                vpiConstType: unsigned int (9)
                vpiSize: 64
                vpiDecompile: "0"
                vpiValue: 0
          vpiVector: true
        LogicTypespec:
          vpiParent: Module name:l4
          vpiRange (1 items):
            Range start:93:9 end:93:14:
              vpiParent: LogicTypespec
              vpiLeftRange Constant start:93:10 end:93:11:
                vpiParent: Range
                vpiTypespec RefTypespec:
                  vpiParent: Constant
                  vpiFullName: l4
                  vpiActual: IntTypespec
                vpiConstType: unsigned int (9)
                vpiSize: 64
                vpiDecompile: "7"
                vpiValue: 7
              vpiRightRange Constant start:93:12 end:93:13:
                vpiParent: Range
                vpiTypespec RefTypespec:
                  vpiParent: Constant
                  vpiFullName: l4
                  vpiActual: IntTypespec
                vpiConstType: unsigned int (9)
                vpiSize: 64
                vpiDecompile: "0"
                vpiValue: 0
          vpiVector: true
        LogicTypespec:
          vpiParent: Module name:l4
          vpiRange (1 items):
            Range start:93:32 end:93:37:
              vpiParent: LogicTypespec
              vpiLeftRange Constant start:93:33 end:93:34:
                vpiParent: Range
                vpiTypespec RefTypespec:
                  vpiParent: Constant
                  vpiFullName: l4
                  vpiActual: IntTypespec
                vpiConstType: unsigned int (9)
                vpiSize: 64
                vpiDecompile: "7"
                vpiValue: 7
              vpiRightRange Constant start:93:35 end:93:36:
                vpiParent: Range
                vpiTypespec RefTypespec:
                  vpiParent: Constant
                  vpiFullName: l4
                  vpiActual: IntTypespec
                vpiConstType: unsigned int (9)
                vpiSize: 64
                vpiDecompile: "0"
                vpiValue: 0
          vpiVector: true
        LogicTypespec:
          vpiParent: Module name:l4
          vpiRange (1 items):
            Range start:95:9 end:95:14:
              vpiParent: LogicTypespec
              vpiLeftRange Constant start:95:10 end:95:11:
                vpiParent: Range
                vpiTypespec RefTypespec:
                  vpiParent: Constant
                  vpiFullName: l4
                  vpiActual: IntTypespec
                vpiConstType: unsigned int (9)
                vpiSize: 64
                vpiDecompile: "7"
                vpiValue: 7
              vpiRightRange Constant start:95:12 end:95:13:
                vpiParent: Range
                vpiTypespec RefTypespec:
                  vpiParent: Constant
                  vpiFullName: l4
                  vpiActual: IntTypespec
                vpiConstType: unsigned int (9)
                vpiSize: 64
                vpiDecompile: "0"
                vpiValue: 0
          vpiVector: true
        ModuleTypespec name:l5 start:96:4 end:96:6:
          vpiParent: Module name:l4
          vpiName Identifier name:l5 start:96:4 end:96:6:
          vpiDefName: l5
          vpiParamAssign (1 items):
            ParamAssign start:96:9 end:96:10:
              vpiParent: ModuleTypespec name:l5
              vpiOverridden: true
              vpiRhs Constant start:96:9 end:96:10:
                vpiParent: ParamAssign
                vpiTypespec RefTypespec:
                  vpiParent: Constant
                  vpiFullName: l4.l5
                  vpiActual: IntTypespec
                vpiConstType: unsigned int (9)
                vpiSize: 64
                vpiDecompile: "1"
                vpiValue: 1
          vpiModule: Module name:l5
        ModuleTypespec name:l5 start:96:26 end:96:28:
          vpiParent: Module name:l4
          vpiName Identifier name:l5 start:96:26 end:96:28:
          vpiDefName: l5
          vpiParamAssign (1 items):
            ParamAssign start:96:31 end:96:32:
              vpiParent: ModuleTypespec name:l5
              vpiOverridden: true
              vpiRhs Constant start:96:31 end:96:32:
                vpiParent: ParamAssign
                vpiTypespec RefTypespec:
                  vpiParent: Constant
                  vpiFullName: l4.l5
                  vpiActual: IntTypespec
                vpiConstType: unsigned int (9)
                vpiSize: 64
                vpiDecompile: "2"
                vpiValue: 2
          vpiModule: Module name:l5
      vpiDefName: l4
      vpiDefNetType: wire (1)
      vpiDefDelayMode: none (1)
      vpiUnconnDrive: highz (1)
      vpiLibrary RefObj name:work start:91:8 end:91:10:
        vpiParent: Module name:l4
        vpiName: work
        vpiFullName: l4.work
        vpiActual: Library name:work
      vpiCell: l4
      vpiNet (5 items):
        Net name:a start:91:24 end:91:25:
          vpiParent: Module name:l4
          vpiTypespec RefTypespec start:91:18 end:91:23:
            vpiParent: Net name:a
            vpiFullName: l4.a
            vpiActual: LogicTypespec
          vpiName: a
          vpiFullName: l4.a
          vpiNetType: wire (1)
          vpiVector: true
        Net name:z start:91:40 end:91:41:
          vpiParent: Module name:l4
          vpiTypespec RefTypespec start:91:34 end:91:39:
            vpiParent: Net name:z
            vpiFullName: l4.z
            vpiActual: LogicTypespec
          vpiName: z
          vpiFullName: l4.z
          vpiNetType: wire (1)
          vpiVector: true
        Net name:z0 start:93:15 end:93:17:
          vpiParent: Module name:l4
          vpiTypespec RefTypespec start:93:9 end:93:14:
            vpiParent: Net name:z0
            vpiFullName: l4.z0
            vpiActual: LogicTypespec
          vpiName: z0
          vpiFullName: l4.z0
          vpiNetDeclAssign: true
          vpiNetType: wire (1)
          vpiVector: true
        Net name:z1 start:93:38 end:93:40:
          vpiParent: Module name:l4
          vpiTypespec RefTypespec start:93:32 end:93:37:
            vpiParent: Net name:z1
            vpiFullName: l4.z1
            vpiActual: LogicTypespec
          vpiName: z1
          vpiFullName: l4.z1
          vpiNetDeclAssign: true
          vpiNetType: wire (1)
          vpiVector: true
        Net name:a1 start:95:15 end:95:17:
          vpiParent: Module name:l4
          vpiTypespec RefTypespec start:95:9 end:95:14:
            vpiParent: Net name:a1
            vpiFullName: l4.a1
            vpiActual: LogicTypespec
          vpiName: a1
          vpiFullName: l4.a1
          vpiNetDeclAssign: true
          vpiNetType: wire (1)
          vpiVector: true
          vpiValue Operation start:95:20 end:95:26:
            vpiParent: Net name:a1
            vpiOpType: add (24)
            vpiOperand (2 items):
              RefObj name:a start:95:20 end:95:21:
                vpiParent: Operation
                vpiName: a
                vpiFullName: l4.a1.a
                vpiActual: Net name:a
              Constant start:95:22 end:95:26:
                vpiParent: Operation
                vpiTypespec RefTypespec:
                  vpiParent: Constant
                  vpiFullName: l4.a1
                  vpiActual: IntTypespec
                vpiConstType: decimal (1)
                vpiSize: 8
                vpiDecompile: "8'd1"
                vpiValue: "1"
      vpiPort (2 items):
        Port name:a start:91:24 end:91:25:
          vpiParent: Module name:l4
          vpiName: a
          vpiDirection: input (1)
          vpiLowConn RefObj name:a start:91:24 end:91:25:
            vpiParent: Port name:a
            vpiName: a
            vpiFullName: l4.a.a
            vpiActual: Net name:a
          vpiTypespec RefTypespec start:91:18 end:91:23:
            vpiParent: Port name:a
            vpiFullName: l4.a
            vpiActual: LogicTypespec
        Port name:z start:91:40 end:91:41:
          vpiParent: Module name:l4
          vpiName: z
          vpiDirection: output (2)
          vpiLowConn RefObj name:z start:91:40 end:91:41:
            vpiParent: Port name:z
            vpiName: z
            vpiFullName: l4.z.z
            vpiActual: Net name:z
          vpiTypespec RefTypespec start:91:34 end:91:39:
            vpiParent: Port name:z
            vpiFullName: l4.z
            vpiActual: LogicTypespec
      vpiContAssign (1 items):
        ContAssign start:94:11 end:94:20:
          vpiParent: Module name:l4
          vpiLhs RefObj name:z start:94:11 end:94:12:
            vpiParent: ContAssign
            vpiName: z
            vpiFullName: l4.z
            vpiActual: Net name:z
          vpiRhs Operation start:94:15 end:94:20:
            vpiParent: ContAssign
            vpiOpType: add (24)
            vpiOperand (2 items):
              RefObj name:z0 start:94:15 end:94:17:
                vpiParent: Operation
                vpiName: z0
                vpiFullName: l4.z0
                vpiActual: Net name:z0
              RefObj name:z1 start:94:18 end:94:20:
                vpiParent: Operation
                vpiName: z1
                vpiFullName: l4.z1
                vpiActual: Net name:z1
      vpiRefInstance (2 items):
        RefInstance name:u0 start:96:12 end:96:14:
          vpiParent: Module name:l4
          vpiName: u0
          vpiTypespec RefTypespec name:l5 start:96:4 end:96:6:
            vpiParent: RefInstance name:u0
            vpiName: l5
            vpiFullName: l4.u0.l5
            vpiActual: ModuleTypespec name:l5
          vpiPort (2 items):
            Port start:96:16 end:96:17:
              vpiParent: RefInstance name:u0
              vpiLowConn RefObj name:a:
                vpiParent: Port
                vpiName: a
                vpiFullName: l4.u0.a
                vpiActual: Port name:a
              vpiHighConn RefObj name:a start:96:16 end:96:17:
                vpiParent: Port
                vpiName: a
                vpiFullName: l4.u0.a
                vpiActual: Net name:a
            Port start:96:19 end:96:21:
              vpiParent: RefInstance name:u0
              vpiLowConn RefObj name:z:
                vpiParent: Port
                vpiName: z
                vpiFullName: l4.u0.z
                vpiActual: Port name:z
              vpiHighConn RefObj name:z0 start:96:19 end:96:21:
                vpiParent: Port
                vpiName: z0
                vpiFullName: l4.u0.z0
                vpiActual: Net name:z0
        RefInstance name:u1 start:96:34 end:96:36:
          vpiParent: Module name:l4
          vpiName: u1
          vpiTypespec RefTypespec name:l5 start:96:26 end:96:28:
            vpiParent: RefInstance name:u1
            vpiName: l5
            vpiFullName: l4.u1.l5
            vpiActual: ModuleTypespec name:l5
          vpiPort (2 items):
            Port start:96:38 end:96:40:
              vpiParent: RefInstance name:u1
              vpiLowConn RefObj name:a:
                vpiParent: Port
                vpiName: a
                vpiFullName: l4.u1.a
                vpiActual: Port name:a
              vpiHighConn RefObj name:a1 start:96:38 end:96:40:
                vpiParent: Port
                vpiName: a1
                vpiFullName: l4.u1.a1
                vpiActual: Net name:a1
            Port start:96:42 end:96:44:
              vpiParent: RefInstance name:u1
              vpiLowConn RefObj name:z:
                vpiParent: Port
                vpiName: z
                vpiFullName: l4.u1.z
                vpiActual: Port name:z
              vpiHighConn RefObj name:z1 start:96:42 end:96:44:
                vpiParent: Port
                vpiName: z1
                vpiFullName: l4.u1.z1
                vpiActual: Net name:z1
    Module name:l5 file:$Source01/t_inst_tree.v start:99:1 end:104:10:
      vpiParent: Design name:unnamed
      vpiName Identifier name:l5 start:99:8 end:99:10:
      vpiFullName: l5
      vpiParameter (1 items):
        Parameter name:PARAM start:101:14 end:101:19:
          vpiParent: Module name:l5
          vpiTypespec RefTypespec:
            vpiParent: Parameter name:PARAM
            vpiFullName: l5.PARAM
            vpiActual: LogicTypespec
          vpiName: PARAM
          vpiFullName: l5.PARAM
      vpiParamAssign (1 items):
        ParamAssign start:101:14 end:101:23:
          vpiParent: Module name:l5
          vpiLhs RefObj name:PARAM start:101:14 end:101:19:
            vpiParent: ParamAssign
            vpiName: PARAM
            vpiFullName: l5.PARAM
            vpiActual: Parameter name:PARAM
          vpiRhs Constant start:101:22 end:101:23:
            vpiParent: ParamAssign
            vpiTypespec RefTypespec:
              vpiParent: Constant
              vpiFullName: l5
              vpiActual: IntTypespec
            vpiConstType: unsigned int (9)
            vpiSize: 64
            vpiDecompile: "5"
            vpiValue: 5
      vpiTypespec (5 items):
        LogicTypespec:
          vpiParent: Module name:l5
          vpiRange (1 items):
            Range start:99:18 end:99:23:
              vpiParent: LogicTypespec
              vpiLeftRange Constant start:99:19 end:99:20:
                vpiParent: Range
                vpiTypespec RefTypespec:
                  vpiParent: Constant
                  vpiFullName: l5
                  vpiActual: IntTypespec
                vpiConstType: unsigned int (9)
                vpiSize: 64
                vpiDecompile: "7"
                vpiValue: 7
              vpiRightRange Constant start:99:21 end:99:22:
                vpiParent: Range
                vpiTypespec RefTypespec:
                  vpiParent: Constant
                  vpiFullName: l5
                  vpiActual: IntTypespec
                vpiConstType: unsigned int (9)
                vpiSize: 64
                vpiDecompile: "0"
                vpiValue: 0
          vpiVector: true
        LogicTypespec:
          vpiParent: Module name:l5
          vpiRange (1 items):
            Range start:99:34 end:99:39:
              vpiParent: LogicTypespec
              vpiLeftRange Constant start:99:35 end:99:36:
                vpiParent: Range
                vpiTypespec RefTypespec:
                  vpiParent: Constant
                  vpiFullName: l5
                  vpiActual: IntTypespec
                vpiConstType: unsigned int (9)
                vpiSize: 64
                vpiDecompile: "7"
                vpiValue: 7
              vpiRightRange Constant start:99:37 end:99:38:
                vpiParent: Range
                vpiTypespec RefTypespec:
                  vpiParent: Constant
                  vpiFullName: l5
                  vpiActual: IntTypespec
                vpiConstType: unsigned int (9)
                vpiSize: 64
                vpiDecompile: "0"
                vpiValue: 0
          vpiVector: true
        LogicTypespec:
          vpiParent: Module name:l5
        LogicTypespec:
          vpiParent: Module name:l5
          vpiRange (1 items):
            Range start:102:9 end:102:14:
              vpiParent: LogicTypespec
              vpiLeftRange Constant start:102:10 end:102:11:
                vpiParent: Range
                vpiTypespec RefTypespec:
                  vpiParent: Constant
                  vpiFullName: l5
                  vpiActual: IntTypespec
                vpiConstType: unsigned int (9)
                vpiSize: 64
                vpiDecompile: "7"
                vpiValue: 7
              vpiRightRange Constant start:102:12 end:102:13:
                vpiParent: Range
                vpiTypespec RefTypespec:
                  vpiParent: Constant
                  vpiFullName: l5
                  vpiActual: IntTypespec
                vpiConstType: unsigned int (9)
                vpiSize: 64
                vpiDecompile: "0"
                vpiValue: 0
          vpiVector: true
        LogicTypespec:
          vpiParent: Module name:l5
          vpiRange (1 items):
            Range start:102:32 end:102:37:
              vpiParent: LogicTypespec
              vpiLeftRange Constant start:102:33 end:102:34:
                vpiParent: Range
                vpiTypespec RefTypespec:
                  vpiParent: Constant
                  vpiFullName: l5
                  vpiActual: IntTypespec
                vpiConstType: unsigned int (9)
                vpiSize: 64
                vpiDecompile: "7"
                vpiValue: 7
              vpiRightRange Constant start:102:35 end:102:36:
                vpiParent: Range
                vpiTypespec RefTypespec:
                  vpiParent: Constant
                  vpiFullName: l5
                  vpiActual: IntTypespec
                vpiConstType: unsigned int (9)
                vpiSize: 64
                vpiDecompile: "0"
                vpiValue: 0
          vpiVector: true
      vpiDefName: l5
      vpiDefNetType: wire (1)
      vpiDefDelayMode: none (1)
      vpiUnconnDrive: highz (1)
      vpiLibrary RefObj name:work start:99:8 end:99:10:
        vpiParent: Module name:l5
        vpiName: work
        vpiFullName: l5.work
        vpiActual: Library name:work
      vpiCell: l5
      vpiNet (4 items):
        Net name:a start:99:24 end:99:25:
          vpiParent: Module name:l5
          vpiTypespec RefTypespec start:99:18 end:99:23:
            vpiParent: Net name:a
            vpiFullName: l5.a
            vpiActual: LogicTypespec
          vpiName: a
          vpiFullName: l5.a
          vpiNetType: wire (1)
          vpiVector: true
        Net name:z start:99:40 end:99:41:
          vpiParent: Module name:l5
          vpiTypespec RefTypespec start:99:34 end:99:39:
            vpiParent: Net name:z
            vpiFullName: l5.z
            vpiActual: LogicTypespec
          vpiName: z
          vpiFullName: l5.z
          vpiNetType: wire (1)
          vpiVector: true
        Net name:z0 start:102:15 end:102:17:
          vpiParent: Module name:l5
          vpiTypespec RefTypespec start:102:9 end:102:14:
            vpiParent: Net name:z0
            vpiFullName: l5.z0
            vpiActual: LogicTypespec
          vpiName: z0
          vpiFullName: l5.z0
          vpiNetDeclAssign: true
          vpiNetType: wire (1)
          vpiVector: true
        Net name:z1 start:102:38 end:102:40:
          vpiParent: Module name:l5
          vpiTypespec RefTypespec start:102:32 end:102:37:
            vpiParent: Net name:z1
            vpiFullName: l5.z1
            vpiActual: LogicTypespec
          vpiName: z1
          vpiFullName: l5.z1
          vpiNetDeclAssign: true
          vpiNetType: wire (1)
          vpiVector: true
      vpiPort (2 items):
        Port name:a start:99:24 end:99:25:
          vpiParent: Module name:l5
          vpiName: a
          vpiDirection: input (1)
          vpiLowConn RefObj name:a start:99:24 end:99:25:
            vpiParent: Port name:a
            vpiName: a
            vpiFullName: l5.a.a
            vpiActual: Net name:a
          vpiTypespec RefTypespec start:99:18 end:99:23:
            vpiParent: Port name:a
            vpiFullName: l5.a
            vpiActual: LogicTypespec
        Port name:z start:99:40 end:99:41:
          vpiParent: Module name:l5
          vpiName: z
          vpiDirection: output (2)
          vpiLowConn RefObj name:z start:99:40 end:99:41:
            vpiParent: Port name:z
            vpiName: z
            vpiFullName: l5.z.z
            vpiActual: Net name:z
          vpiTypespec RefTypespec start:99:34 end:99:39:
            vpiParent: Port name:z
            vpiFullName: l5.z
            vpiActual: LogicTypespec
      vpiContAssign (1 items):
        ContAssign start:103:11 end:103:16:
          vpiParent: Module name:l5
          vpiLhs RefObj name:z start:103:11 end:103:12:
            vpiParent: ContAssign
            vpiName: z
            vpiFullName: l5.z
            vpiActual: Net name:z
          vpiRhs RefObj name:a start:103:15 end:103:16:
            vpiParent: ContAssign
            vpiName: a
            vpiFullName: l5.a
            vpiActual: Net name:a
  vpiTypespec (11 items):
    ModuleTypespec name:t:
      vpiParent: Design name:unnamed
      vpiName Identifier name:t start:6:8 end:6:9:
      vpiDefName: t
      vpiModule: Module name:t
    IntTypespec:
      vpiParent: Design name:unnamed
      vpiSigned: true
    LogicTypespec:
      vpiParent: Design name:unnamed
    IntTypespec:
      vpiParent: Design name:unnamed
    StringTypespec:
      vpiParent: Design name:unnamed
    ModuleTypespec name:ps:
      vpiParent: Design name:unnamed
      vpiName Identifier name:ps start:62:8 end:62:10:
      vpiDefName: ps
      vpiModule: Module name:ps
    ModuleTypespec name:l1:
      vpiParent: Design name:unnamed
      vpiName Identifier name:l1 start:68:8 end:68:10:
      vpiDefName: l1
      vpiModule: Module name:l1
    ModuleTypespec name:l2:
      vpiParent: Design name:unnamed
      vpiName Identifier name:l2 start:75:8 end:75:10:
      vpiDefName: l2
      vpiModule: Module name:l2
    ModuleTypespec name:l3:
      vpiParent: Design name:unnamed
      vpiName Identifier name:l3 start:83:8 end:83:10:
      vpiDefName: l3
      vpiModule: Module name:l3
    ModuleTypespec name:l4:
      vpiParent: Design name:unnamed
      vpiName Identifier name:l4 start:91:8 end:91:10:
      vpiDefName: l4
      vpiModule: Module name:l4
    ModuleTypespec name:l5:
      vpiParent: Design name:unnamed
      vpiName Identifier name:l5 start:99:8 end:99:10:
      vpiDefName: l5
      vpiModule: Module name:l5
  vpiLibrary (1 items):
    Library name:work:
      vpiParent: Design name:unnamed
      vpiName: work
===================
[  FATAL] : 0
[ SYNTAX] : 0
[  ERROR] : 0
[WARNING] : 0
[   NOTE] : 5
********************************************************************************
*                    End HLC SystemVerilog Compiler/Linter                     *
********************************************************************************

#**#**#**#**#**#**#**#**#**#**#**#**#**#**#**#**#**#**#**#**#**#**#**#**#**#**#**#**#**#**#**#**#**#**#**#**#**#**#**#**

Environment:
      test-name: Verilator/t_inst_tree
   test-dirpath: ${HLC_DIR}/regression/Verilator/t_inst_tree
  hldb-filepath: ${HLC_DIR}/regression/Verilator/t_inst_tree/design.hldb
mounts-filepath: ${HLC_DIR}/regression/Verilator/t_inst_tree/mounts.json


{'result': {'coverage': 100.0,
            'error_count': 0,
            'file_count': 1,
            'files': {'$Output/lib/work/t_inst_tree.v': {'post_len': 0,
                                                         'pre_len': 1186}},
            'post_len': 0,
            'pre_len': 1186,
            'test_name': 'Verilator/t_inst_tree'}}

+--------------------------------+----------+-----------+
| INPUT                          |   PRELEN |   POSTLEN |
+================================+==========+===========+
| $Output/lib/work/t_inst_tree.v |     1186 |         0 |
+================================+==========+===========+
|                                |     1186 |         0 |
+--------------------------------+----------+-----------+

[   ERROR] : 0
[COVERAGE] : 100.0


#**#**#**#**#**#**#**#**#**#**#**#**#**#**#**#**#**#**#**#**#**#**#**#**#**#**#**#**#**#**#**#**#**#**#**#**#**#**#**#**

COMMAND: ${HLC_DIR}/regression/Verilator/t_inst_tree/design.hldb ${HLC_DIR}/regression/Verilator/t_inst_tree/reduced.hldb

==================== BEGIN REDUCTION RESULT ====================
Name                            Before   After   Added   Removed
----------------------------------------------------------------
----------------------------------------------------------------
Others                             579     579       0         0
----------------------------------------------------------------
                                   579     579       0         0
===================== END REDUCTION RESULT =====================
