********************************************************************************
*                   Begin HLC SystemVerilog Compiler/Linter                    *
********************************************************************************
Copyright (c) 2020 Apotell,
http://www.apache.org/licenses/LICENSE-2.0
VERSION: 1.84
COMMAND: -wd ../../../tests/Verilator +incdir+. -nobuiltin -timescale=1ns/1ns -d ast -d db t_wire_types.v -mt 0 -d dbstats -d cache -writepp -d db -nostdout -o ${HLC_DIR}/regression/Verilator/t_wire_types
[INF:CM5022] Creating log file "$Output/hlc.log".
[INF:PP5223] Preprocessing source file "$Source01/t_wire_types.v".
[INF:PA5502] Parsing source file "$Source01/t_wire_types.v".
[SNT:PA5508] $Source01/t_wire_types.v:48:9: Syntax error: no viable alternative at input 'do if',
      do if ((w_byte) !== (8'h12)) begin $write("%%Error: %s:%0d:  got='h%x exp='h%x\n", "$Source01/t_wire_types.v",48, (w_byte), (8'h12)); $stop; end while(0);;
         ^-- $Source01/t_wire_types.v:48:9:.
[SNT:PA5508] $Source01/t_wire_types.v:48:151: Syntax error: extraneous input 'while' expecting {';', 'default', 'module', 'endmodule', 'extern', 'macromodule', 'interface', 'program', 'virtual', 'class', 'timeunit', 'timeprecision', 'checker', 'type', 'input', 'output', 'inout', 'ref', 'clocking', 'defparam', 'bind', 'const', 'function', 'static', 'constraint', 'if', 'automatic', 'localparam', 'parameter', 'specparam', 'import', 'genvar', 'typedef', 'enum', 'struct', 'union', 'string', 'chandle', 'event', '[', 'byte', 'shortint', 'int', 'longint', 'integer', 'time', 'bit', 'logic', 'reg', 'shortreal', 'real', 'realtime', 'none', 'supply0', 'supply1', 'tri', 'triand', 'trior', 'tri0', 'tri1', 'wire', 'uwire', 'wand', 'wor', 'trireg', 'signed', 'unsigned', 'interconnect', 'var', '$', 'export', DOLLAR_UNIT, '(*', 'assert', 'property', 'assume', 'cover', 'not', 'or', 'and', 'sequence', 'covergroup', 'pulldown', 'pullup', 'cmos', 'rcmos', 'bufif0', 'bufif1', 'notif0', 'notif1', 'nmos', 'pmos', 'rnmos', 'rpmos', 'nand', 'nor', 'xor', 'xnor', 'buf', 'tranif0', 'tranif1', 'rtranif1', 'rtranif0', 'tran', 'rtran', 'generate', 'case', 'for', 'global', 'initial', 'assign', 'alias', 'always', 'always_comb', 'always_latch', 'always_ff', 'restrict', 'let', 'this', DOLLAR_ROOT, 'randomize', 'final', 'task', 'specify', 'sample', '=', 'nettype', ESCAPED_IDENTIFIER, SIMPLE_IDENTIFIER, '`pragma', HLC_MACRO_NOT_DEFINED},
      do if ((w_byte) !== (8'h12)) begin $write("%%Error: %s:%0d:  got='h%x exp='h%x\n", "$Source01/t_wire_types.v",48, (w_byte), (8'h12)); $stop; end while(0);;
                                                                                                                                                       ^-- $Source01/t_wire_types.v:48:151:.
[SNT:PA5508] $Source01/t_wire_types.v:49:9: Syntax error: no viable alternative at input 'do if',
      do if ((w_shortint) !== (16'h1234)) begin $write("%%Error: %s:%0d:  got='h%x exp='h%x\n", "$Source01/t_wire_types.v",49, (w_shortint), (16'h1234)); $stop; end while(0);;
         ^-- $Source01/t_wire_types.v:49:9:.
[SNT:PA5508] $Source01/t_wire_types.v:49:165: Syntax error: extraneous input 'while' expecting {';', 'default', 'module', 'endmodule', 'extern', 'macromodule', 'interface', 'program', 'virtual', 'class', 'timeunit', 'timeprecision', 'checker', 'type', 'input', 'output', 'inout', 'ref', 'clocking', 'defparam', 'bind', 'const', 'function', 'static', 'constraint', 'if', 'automatic', 'localparam', 'parameter', 'specparam', 'import', 'genvar', 'typedef', 'enum', 'struct', 'union', 'string', 'chandle', 'event', '[', 'byte', 'shortint', 'int', 'longint', 'integer', 'time', 'bit', 'logic', 'reg', 'shortreal', 'real', 'realtime', 'none', 'supply0', 'supply1', 'tri', 'triand', 'trior', 'tri0', 'tri1', 'wire', 'uwire', 'wand', 'wor', 'trireg', 'signed', 'unsigned', 'interconnect', 'var', '$', 'export', DOLLAR_UNIT, '(*', 'assert', 'property', 'assume', 'cover', 'not', 'or', 'and', 'sequence', 'covergroup', 'pulldown', 'pullup', 'cmos', 'rcmos', 'bufif0', 'bufif1', 'notif0', 'notif1', 'nmos', 'pmos', 'rnmos', 'rpmos', 'nand', 'nor', 'xor', 'xnor', 'buf', 'tranif0', 'tranif1', 'rtranif1', 'rtranif0', 'tran', 'rtran', 'generate', 'case', 'for', 'global', 'initial', 'assign', 'alias', 'always', 'always_comb', 'always_latch', 'always_ff', 'restrict', 'let', 'this', DOLLAR_ROOT, 'randomize', 'final', 'task', 'specify', 'sample', '=', 'nettype', ESCAPED_IDENTIFIER, SIMPLE_IDENTIFIER, '`pragma', HLC_MACRO_NOT_DEFINED},
      do if ((w_shortint) !== (16'h1234)) begin $write("%%Error: %s:%0d:  got='h%x exp='h%x\n", "$Source01/t_wire_types.v",49, (w_shortint), (16'h1234)); $stop; end while(0);;
                                                                                                                                                                     ^-- $Source01/t_wire_types.v:49:165:.
[SNT:PA5508] $Source01/t_wire_types.v:50:9: Syntax error: no viable alternative at input 'do if',
      do if ((w_int) !== (-123456)) begin $write("%%Error: %s:%0d:  got='h%x exp='h%x\n", "$Source01/t_wire_types.v",50, (w_int), (-123456)); $stop; end while(0);;
         ^-- $Source01/t_wire_types.v:50:9:.
[SNT:PA5508] $Source01/t_wire_types.v:50:153: Syntax error: extraneous input 'while' expecting {';', 'default', 'module', 'endmodule', 'extern', 'macromodule', 'interface', 'program', 'virtual', 'class', 'timeunit', 'timeprecision', 'checker', 'type', 'input', 'output', 'inout', 'ref', 'clocking', 'defparam', 'bind', 'const', 'function', 'static', 'constraint', 'if', 'automatic', 'localparam', 'parameter', 'specparam', 'import', 'genvar', 'typedef', 'enum', 'struct', 'union', 'string', 'chandle', 'event', '[', 'byte', 'shortint', 'int', 'longint', 'integer', 'time', 'bit', 'logic', 'reg', 'shortreal', 'real', 'realtime', 'none', 'supply0', 'supply1', 'tri', 'triand', 'trior', 'tri0', 'tri1', 'wire', 'uwire', 'wand', 'wor', 'trireg', 'signed', 'unsigned', 'interconnect', 'var', '$', 'export', DOLLAR_UNIT, '(*', 'assert', 'property', 'assume', 'cover', 'not', 'or', 'and', 'sequence', 'covergroup', 'pulldown', 'pullup', 'cmos', 'rcmos', 'bufif0', 'bufif1', 'notif0', 'notif1', 'nmos', 'pmos', 'rnmos', 'rpmos', 'nand', 'nor', 'xor', 'xnor', 'buf', 'tranif0', 'tranif1', 'rtranif1', 'rtranif0', 'tran', 'rtran', 'generate', 'case', 'for', 'global', 'initial', 'assign', 'alias', 'always', 'always_comb', 'always_latch', 'always_ff', 'restrict', 'let', 'this', DOLLAR_ROOT, 'randomize', 'final', 'task', 'specify', 'sample', '=', 'nettype', ESCAPED_IDENTIFIER, SIMPLE_IDENTIFIER, '`pragma', HLC_MACRO_NOT_DEFINED},
      do if ((w_int) !== (-123456)) begin $write("%%Error: %s:%0d:  got='h%x exp='h%x\n", "$Source01/t_wire_types.v",50, (w_int), (-123456)); $stop; end while(0);;
                                                                                                                                                         ^-- $Source01/t_wire_types.v:50:153:.
[SNT:PA5508] $Source01/t_wire_types.v:51:9: Syntax error: no viable alternative at input 'do if',
      do if ((w_longint) !== (-1234567)) begin $write("%%Error: %s:%0d:  got='h%x exp='h%x\n", "$Source01/t_wire_types.v",51, (w_longint), (-1234567)); $stop; end while(0);;
         ^-- $Source01/t_wire_types.v:51:9:.
[SNT:PA5508] $Source01/t_wire_types.v:51:163: Syntax error: extraneous input 'while' expecting {';', 'default', 'module', 'endmodule', 'extern', 'macromodule', 'interface', 'program', 'virtual', 'class', 'timeunit', 'timeprecision', 'checker', 'type', 'input', 'output', 'inout', 'ref', 'clocking', 'defparam', 'bind', 'const', 'function', 'static', 'constraint', 'if', 'automatic', 'localparam', 'parameter', 'specparam', 'import', 'genvar', 'typedef', 'enum', 'struct', 'union', 'string', 'chandle', 'event', '[', 'byte', 'shortint', 'int', 'longint', 'integer', 'time', 'bit', 'logic', 'reg', 'shortreal', 'real', 'realtime', 'none', 'supply0', 'supply1', 'tri', 'triand', 'trior', 'tri0', 'tri1', 'wire', 'uwire', 'wand', 'wor', 'trireg', 'signed', 'unsigned', 'interconnect', 'var', '$', 'export', DOLLAR_UNIT, '(*', 'assert', 'property', 'assume', 'cover', 'not', 'or', 'and', 'sequence', 'covergroup', 'pulldown', 'pullup', 'cmos', 'rcmos', 'bufif0', 'bufif1', 'notif0', 'notif1', 'nmos', 'pmos', 'rnmos', 'rpmos', 'nand', 'nor', 'xor', 'xnor', 'buf', 'tranif0', 'tranif1', 'rtranif1', 'rtranif0', 'tran', 'rtran', 'generate', 'case', 'for', 'global', 'initial', 'assign', 'alias', 'always', 'always_comb', 'always_latch', 'always_ff', 'restrict', 'let', 'this', DOLLAR_ROOT, 'randomize', 'final', 'task', 'specify', 'sample', '=', 'nettype', ESCAPED_IDENTIFIER, SIMPLE_IDENTIFIER, '`pragma', HLC_MACRO_NOT_DEFINED},
      do if ((w_longint) !== (-1234567)) begin $write("%%Error: %s:%0d:  got='h%x exp='h%x\n", "$Source01/t_wire_types.v",51, (w_longint), (-1234567)); $stop; end while(0);;
                                                                                                                                                                   ^-- $Source01/t_wire_types.v:51:163:.
[SNT:PA5508] $Source01/t_wire_types.v:52:9: Syntax error: no viable alternative at input 'do if',
      do if ((w_integer) !== (-123456)) begin $write("%%Error: %s:%0d:  got='h%x exp='h%x\n", "$Source01/t_wire_types.v",52, (w_integer), (-123456)); $stop; end while(0);;
         ^-- $Source01/t_wire_types.v:52:9:.
[SNT:PA5508] $Source01/t_wire_types.v:52:161: Syntax error: extraneous input 'while' expecting {';', 'default', 'module', 'endmodule', 'extern', 'macromodule', 'interface', 'program', 'virtual', 'class', 'timeunit', 'timeprecision', 'checker', 'type', 'input', 'output', 'inout', 'ref', 'clocking', 'defparam', 'bind', 'const', 'function', 'static', 'constraint', 'if', 'automatic', 'localparam', 'parameter', 'specparam', 'import', 'genvar', 'typedef', 'enum', 'struct', 'union', 'string', 'chandle', 'event', '[', 'byte', 'shortint', 'int', 'longint', 'integer', 'time', 'bit', 'logic', 'reg', 'shortreal', 'real', 'realtime', 'none', 'supply0', 'supply1', 'tri', 'triand', 'trior', 'tri0', 'tri1', 'wire', 'uwire', 'wand', 'wor', 'trireg', 'signed', 'unsigned', 'interconnect', 'var', '$', 'export', DOLLAR_UNIT, '(*', 'assert', 'property', 'assume', 'cover', 'not', 'or', 'and', 'sequence', 'covergroup', 'pulldown', 'pullup', 'cmos', 'rcmos', 'bufif0', 'bufif1', 'notif0', 'notif1', 'nmos', 'pmos', 'rnmos', 'rpmos', 'nand', 'nor', 'xor', 'xnor', 'buf', 'tranif0', 'tranif1', 'rtranif1', 'rtranif0', 'tran', 'rtran', 'generate', 'case', 'for', 'global', 'initial', 'assign', 'alias', 'always', 'always_comb', 'always_latch', 'always_ff', 'restrict', 'let', 'this', DOLLAR_ROOT, 'randomize', 'final', 'task', 'specify', 'sample', '=', 'nettype', ESCAPED_IDENTIFIER, SIMPLE_IDENTIFIER, '`pragma', HLC_MACRO_NOT_DEFINED},
      do if ((w_integer) !== (-123456)) begin $write("%%Error: %s:%0d:  got='h%x exp='h%x\n", "$Source01/t_wire_types.v",52, (w_integer), (-123456)); $stop; end while(0);;
                                                                                                                                                                 ^-- $Source01/t_wire_types.v:52:161:.
AST_DEBUG_BEGIN
Count: 1183
LIB: work
FILE<0>:$Source01/t_wire_types.v
n<$Source01/t_wire_types.v> u<1182> t<Top_level_rule> c<1> l<6:1> el<62:1>
  n<> u<1> t<Null_rule> p<1182> s<2> l<6:1> el<6:1>
  n<// DESCRIPTION: Verilator: Verilog Test module> u<2> t<LINE_COMMENT> p<1182> s<3> l<1:1> el<1:47>
  n<//> u<3> t<LINE_COMMENT> p<1182> s<4> l<2:1> el<2:3>
  n<// This file ONLY is placed into the Public Domain, for any use,> u<4> t<LINE_COMMENT> p<1182> s<5> l<3:1> el<3:65>
  n<// without warranty, 2012 by Wilson Snyder.> u<5> t<LINE_COMMENT> p<1182> s<1181> l<4:1> el<4:44>
  n<> u<1181> t<Source_text> p<1182> c<1180> l<6:1> el<61:10>
    n<> u<1180> t<Description> p<1181> c<1179> l<6:1> el<61:10>
      n<> u<1179> t<Module_declaration> p<1180> c<18> l<6:1> el<61:10>
        n<> u<18> t<Module_nonansi_header> p<1179> c<6> s<25> l<6:1> el<9:6>
          n<module> u<6> t<MODULE> p<18> s<7> l<6:1> el<6:7>
          n<t> u<7> t<SIMPLE_IDENTIFIER> p<18> s<8> l<6:8> el<6:9>
          n<> u<8> t<Package_import_declaration_list> p<18> s<9> l<6:10> el<6:10>
          n</*AUTOARG*/> u<9> t<BLOCK_COMMENT> p<18> s<10> l<6:10> el<9:5>
          n<// Inputs> u<10> t<LINE_COMMENT> p<18> s<17> l<7:4> el<7:13>
          n<> u<17> t<Port_list> p<18> c<16> l<6:10> el<9:5>
            n<> u<16> t<Port> p<17> c<15> l<8:4> el<8:7>
              n<> u<15> t<Port_expression> p<16> c<14> l<8:4> el<8:7>
                n<> u<14> t<Port_reference> p<15> c<11> l<8:4> el<8:7>
                  n<clk> u<11> t<SIMPLE_IDENTIFIER> p<14> s<13> l<8:4> el<8:7>
                  n<> u<13> t<Constant_select> p<14> c<12> l<9:4> el<9:4>
                    n<> u<12> t<Constant_bit_select> p<13> l<9:4> el<9:4>
        n<> u<25> t<Module_item> p<1179> c<24> s<26> l<10:4> el<10:14>
          n<> u<24> t<Port_declaration> p<25> c<23> l<10:4> el<10:13>
            n<> u<23> t<Input_declaration> p<24> c<20> l<10:4> el<10:13>
              n<> u<20> t<Net_port_type> p<23> c<19> s<22> l<10:10> el<10:10>
                n<> u<19> t<Data_type_or_implicit> p<20> l<10:10> el<10:10>
              n<> u<22> t<Port_identifier_list> p<23> c<21> l<10:10> el<10:13>
                n<clk> u<21> t<SIMPLE_IDENTIFIER> p<22> l<10:10> el<10:13>
        n<// IEEE: integer_atom_type> u<26> t<LINE_COMMENT> p<1179> s<41> l<15:4> el<15:30>
        n<> u<41> t<Module_item> p<1179> c<40> s<55> l<16:4> el<16:21>
          n<> u<40> t<Non_port_module_item> p<41> c<39> l<16:4> el<16:21>
            n<> u<39> t<Module_or_generate_item> p<40> c<38> l<16:4> el<16:21>
              n<> u<38> t<Module_common_item> p<39> c<37> l<16:4> el<16:21>
                n<> u<37> t<Module_or_generate_item_declaration> p<38> c<36> l<16:4> el<16:21>
                  n<> u<36> t<Package_or_generate_item_declaration> p<37> c<35> l<16:4> el<16:21>
                    n<> u<35> t<Net_declaration> p<36> c<27> l<16:4> el<16:21>
                      n<> u<27> t<WIRE> p<35> s<31> l<16:4> el<16:8>
                      n<> u<31> t<Data_type_or_implicit> p<35> c<30> s<34> l<16:9> el<16:13>
                        n<> u<30> t<Data_type> p<31> c<29> l<16:9> el<16:13>
                          n<> u<29> t<Class_type> p<30> c<28> l<16:9> el<16:13>
                            n<byte> u<28> t<SIMPLE_IDENTIFIER> p<29> l<16:9> el<16:13>
                      n<> u<34> t<Net_decl_assignment_list> p<35> c<33> l<16:14> el<16:20>
                        n<> u<33> t<Net_decl_assignment> p<34> c<32> l<16:14> el<16:20>
                          n<w_byte> u<32> t<SIMPLE_IDENTIFIER> p<33> l<16:14> el<16:20>
        n<> u<55> t<Module_item> p<1179> c<54> s<69> l<17:4> el<17:29>
          n<> u<54> t<Non_port_module_item> p<55> c<53> l<17:4> el<17:29>
            n<> u<53> t<Module_or_generate_item> p<54> c<52> l<17:4> el<17:29>
              n<> u<52> t<Module_common_item> p<53> c<51> l<17:4> el<17:29>
                n<> u<51> t<Module_or_generate_item_declaration> p<52> c<50> l<17:4> el<17:29>
                  n<> u<50> t<Package_or_generate_item_declaration> p<51> c<49> l<17:4> el<17:29>
                    n<> u<49> t<Net_declaration> p<50> c<42> l<17:4> el<17:29>
                      n<> u<42> t<WIRE> p<49> s<45> l<17:4> el<17:8>
                      n<> u<45> t<Data_type_or_implicit> p<49> c<44> s<48> l<17:9> el<17:17>
                        n<> u<44> t<Data_type> p<45> c<43> l<17:9> el<17:17>
                          n<> u<43> t<SHORTINT> p<44> l<17:9> el<17:17>
                      n<> u<48> t<Net_decl_assignment_list> p<49> c<47> l<17:18> el<17:28>
                        n<> u<47> t<Net_decl_assignment> p<48> c<46> l<17:18> el<17:28>
                          n<w_shortint> u<46> t<SIMPLE_IDENTIFIER> p<47> l<17:18> el<17:28>
        n<> u<69> t<Module_item> p<1179> c<68> s<83> l<18:4> el<18:19>
          n<> u<68> t<Non_port_module_item> p<69> c<67> l<18:4> el<18:19>
            n<> u<67> t<Module_or_generate_item> p<68> c<66> l<18:4> el<18:19>
              n<> u<66> t<Module_common_item> p<67> c<65> l<18:4> el<18:19>
                n<> u<65> t<Module_or_generate_item_declaration> p<66> c<64> l<18:4> el<18:19>
                  n<> u<64> t<Package_or_generate_item_declaration> p<65> c<63> l<18:4> el<18:19>
                    n<> u<63> t<Net_declaration> p<64> c<56> l<18:4> el<18:19>
                      n<> u<56> t<WIRE> p<63> s<59> l<18:4> el<18:8>
                      n<> u<59> t<Data_type_or_implicit> p<63> c<58> s<62> l<18:9> el<18:12>
                        n<> u<58> t<Data_type> p<59> c<57> l<18:9> el<18:12>
                          n<> u<57> t<INT> p<58> l<18:9> el<18:12>
                      n<> u<62> t<Net_decl_assignment_list> p<63> c<61> l<18:13> el<18:18>
                        n<> u<61> t<Net_decl_assignment> p<62> c<60> l<18:13> el<18:18>
                          n<w_int> u<60> t<SIMPLE_IDENTIFIER> p<61> l<18:13> el<18:18>
        n<> u<83> t<Module_item> p<1179> c<82> s<97> l<19:4> el<19:27>
          n<> u<82> t<Non_port_module_item> p<83> c<81> l<19:4> el<19:27>
            n<> u<81> t<Module_or_generate_item> p<82> c<80> l<19:4> el<19:27>
              n<> u<80> t<Module_common_item> p<81> c<79> l<19:4> el<19:27>
                n<> u<79> t<Module_or_generate_item_declaration> p<80> c<78> l<19:4> el<19:27>
                  n<> u<78> t<Package_or_generate_item_declaration> p<79> c<77> l<19:4> el<19:27>
                    n<> u<77> t<Net_declaration> p<78> c<70> l<19:4> el<19:27>
                      n<> u<70> t<WIRE> p<77> s<73> l<19:4> el<19:8>
                      n<> u<73> t<Data_type_or_implicit> p<77> c<72> s<76> l<19:9> el<19:16>
                        n<> u<72> t<Data_type> p<73> c<71> l<19:9> el<19:16>
                          n<> u<71> t<LONGINT> p<72> l<19:9> el<19:16>
                      n<> u<76> t<Net_decl_assignment_list> p<77> c<75> l<19:17> el<19:26>
                        n<> u<75> t<Net_decl_assignment> p<76> c<74> l<19:17> el<19:26>
                          n<w_longint> u<74> t<SIMPLE_IDENTIFIER> p<75> l<19:17> el<19:26>
        n<> u<97> t<Module_item> p<1179> c<96> s<98> l<20:4> el<20:27>
          n<> u<96> t<Non_port_module_item> p<97> c<95> l<20:4> el<20:27>
            n<> u<95> t<Module_or_generate_item> p<96> c<94> l<20:4> el<20:27>
              n<> u<94> t<Module_common_item> p<95> c<93> l<20:4> el<20:27>
                n<> u<93> t<Module_or_generate_item_declaration> p<94> c<92> l<20:4> el<20:27>
                  n<> u<92> t<Package_or_generate_item_declaration> p<93> c<91> l<20:4> el<20:27>
                    n<> u<91> t<Net_declaration> p<92> c<84> l<20:4> el<20:27>
                      n<> u<84> t<WIRE> p<91> s<87> l<20:4> el<20:8>
                      n<> u<87> t<Data_type_or_implicit> p<91> c<86> s<90> l<20:9> el<20:16>
                        n<> u<86> t<Data_type> p<87> c<85> l<20:9> el<20:16>
                          n<> u<85> t<INTEGER> p<86> l<20:9> el<20:16>
                      n<> u<90> t<Net_decl_assignment_list> p<91> c<89> l<20:17> el<20:26>
                        n<> u<89> t<Net_decl_assignment> p<90> c<88> l<20:17> el<20:26>
                          n<w_integer> u<88> t<SIMPLE_IDENTIFIER> p<89> l<20:17> el<20:26>
        n<// IEEE: integer_atom_type> u<98> t<LINE_COMMENT> p<1179> s<113> l<22:4> el<22:30>
        n<> u<113> t<Module_item> p<1179> c<112> s<128> l<23:4> el<23:19>
          n<> u<112> t<Non_port_module_item> p<113> c<111> l<23:4> el<23:19>
            n<> u<111> t<Module_or_generate_item> p<112> c<110> l<23:4> el<23:19>
              n<> u<110> t<Module_common_item> p<111> c<109> l<23:4> el<23:19>
                n<> u<109> t<Module_or_generate_item_declaration> p<110> c<108> l<23:4> el<23:19>
                  n<> u<108> t<Package_or_generate_item_declaration> p<109> c<107> l<23:4> el<23:19>
                    n<> u<107> t<Net_declaration> p<108> c<99> l<23:4> el<23:19>
                      n<> u<99> t<WIRE> p<107> s<103> l<23:4> el<23:8>
                      n<> u<103> t<Data_type_or_implicit> p<107> c<102> s<106> l<23:9> el<23:12>
                        n<> u<102> t<Data_type> p<103> c<101> l<23:9> el<23:12>
                          n<> u<101> t<Class_type> p<102> c<100> l<23:9> el<23:12>
                            n<bit> u<100> t<SIMPLE_IDENTIFIER> p<101> l<23:9> el<23:12>
                      n<> u<106> t<Net_decl_assignment_list> p<107> c<105> l<23:13> el<23:18>
                        n<> u<105> t<Net_decl_assignment> p<106> c<104> l<23:13> el<23:18>
                          n<w_bit> u<104> t<SIMPLE_IDENTIFIER> p<105> l<23:13> el<23:18>
        n<> u<128> t<Module_item> p<1179> c<127> s<153> l<24:4> el<24:23>
          n<> u<127> t<Non_port_module_item> p<128> c<126> l<24:4> el<24:23>
            n<> u<126> t<Module_or_generate_item> p<127> c<125> l<24:4> el<24:23>
              n<> u<125> t<Module_common_item> p<126> c<124> l<24:4> el<24:23>
                n<> u<124> t<Module_or_generate_item_declaration> p<125> c<123> l<24:4> el<24:23>
                  n<> u<123> t<Package_or_generate_item_declaration> p<124> c<122> l<24:4> el<24:23>
                    n<> u<122> t<Net_declaration> p<123> c<114> l<24:4> el<24:23>
                      n<> u<114> t<WIRE> p<122> s<118> l<24:4> el<24:8>
                      n<> u<118> t<Data_type_or_implicit> p<122> c<117> s<121> l<24:9> el<24:14>
                        n<> u<117> t<Data_type> p<118> c<116> l<24:9> el<24:14>
                          n<> u<116> t<Class_type> p<117> c<115> l<24:9> el<24:14>
                            n<logic> u<115> t<SIMPLE_IDENTIFIER> p<116> l<24:9> el<24:14>
                      n<> u<121> t<Net_decl_assignment_list> p<122> c<120> l<24:15> el<24:22>
                        n<> u<120> t<Net_decl_assignment> p<121> c<119> l<24:15> el<24:22>
                          n<w_logic> u<119> t<SIMPLE_IDENTIFIER> p<120> l<24:15> el<24:22>
        n<> u<153> t<Module_item> p<1179> c<152> s<178> l<26:4> el<26:27>
          n<> u<152> t<Non_port_module_item> p<153> c<151> l<26:4> el<26:27>
            n<> u<151> t<Module_or_generate_item> p<152> c<150> l<26:4> el<26:27>
              n<> u<150> t<Module_common_item> p<151> c<149> l<26:4> el<26:27>
                n<> u<149> t<Module_or_generate_item_declaration> p<150> c<148> l<26:4> el<26:27>
                  n<> u<148> t<Package_or_generate_item_declaration> p<149> c<147> l<26:4> el<26:27>
                    n<> u<147> t<Net_declaration> p<148> c<129> l<26:4> el<26:27>
                      n<> u<129> t<WIRE> p<147> s<143> l<26:4> el<26:8>
                      n<> u<143> t<Data_type_or_implicit> p<147> c<142> s<146> l<26:9> el<26:18>
                        n<> u<142> t<Data_type> p<143> c<131> l<26:9> el<26:18>
                          n<> u<131> t<Class_type> p<142> c<130> s<141> l<26:9> el<26:12>
                            n<bit> u<130> t<SIMPLE_IDENTIFIER> p<131> l<26:9> el<26:12>
                          n<> u<141> t<Packed_dimension> p<142> c<140> l<26:13> el<26:18>
                            n<> u<140> t<Constant_range> p<141> c<135> l<26:14> el<26:17>
                              n<> u<135> t<Constant_expression> p<140> c<134> s<139> l<26:14> el<26:15>
                                n<> u<134> t<Constant_primary> p<135> c<133> l<26:14> el<26:15>
                                  n<> u<133> t<Primary_literal> p<134> c<132> l<26:14> el<26:15>
                                    n<1> u<132> t<INTEGRAL_NUMBER> p<133> l<26:14> el<26:15>
                              n<> u<139> t<Constant_expression> p<140> c<138> l<26:16> el<26:17>
                                n<> u<138> t<Constant_primary> p<139> c<137> l<26:16> el<26:17>
                                  n<> u<137> t<Primary_literal> p<138> c<136> l<26:16> el<26:17>
                                    n<0> u<136> t<INTEGRAL_NUMBER> p<137> l<26:16> el<26:17>
                      n<> u<146> t<Net_decl_assignment_list> p<147> c<145> l<26:20> el<26:26>
                        n<> u<145> t<Net_decl_assignment> p<146> c<144> l<26:20> el<26:26>
                          n<w_bit2> u<144> t<SIMPLE_IDENTIFIER> p<145> l<26:20> el<26:26>
        n<> u<178> t<Module_item> p<1179> c<177> s<179> l<27:4> el<27:31>
          n<> u<177> t<Non_port_module_item> p<178> c<176> l<27:4> el<27:31>
            n<> u<176> t<Module_or_generate_item> p<177> c<175> l<27:4> el<27:31>
              n<> u<175> t<Module_common_item> p<176> c<174> l<27:4> el<27:31>
                n<> u<174> t<Module_or_generate_item_declaration> p<175> c<173> l<27:4> el<27:31>
                  n<> u<173> t<Package_or_generate_item_declaration> p<174> c<172> l<27:4> el<27:31>
                    n<> u<172> t<Net_declaration> p<173> c<154> l<27:4> el<27:31>
                      n<> u<154> t<WIRE> p<172> s<168> l<27:4> el<27:8>
                      n<> u<168> t<Data_type_or_implicit> p<172> c<167> s<171> l<27:9> el<27:21>
                        n<> u<167> t<Data_type> p<168> c<156> l<27:9> el<27:21>
                          n<> u<156> t<Class_type> p<167> c<155> s<166> l<27:9> el<27:14>
                            n<logic> u<155> t<SIMPLE_IDENTIFIER> p<156> l<27:9> el<27:14>
                          n<> u<166> t<Packed_dimension> p<167> c<165> l<27:16> el<27:21>
                            n<> u<165> t<Constant_range> p<166> c<160> l<27:17> el<27:20>
                              n<> u<160> t<Constant_expression> p<165> c<159> s<164> l<27:17> el<27:18>
                                n<> u<159> t<Constant_primary> p<160> c<158> l<27:17> el<27:18>
                                  n<> u<158> t<Primary_literal> p<159> c<157> l<27:17> el<27:18>
                                    n<1> u<157> t<INTEGRAL_NUMBER> p<158> l<27:17> el<27:18>
                              n<> u<164> t<Constant_expression> p<165> c<163> l<27:19> el<27:20>
                                n<> u<163> t<Constant_primary> p<164> c<162> l<27:19> el<27:20>
                                  n<> u<162> t<Primary_literal> p<163> c<161> l<27:19> el<27:20>
                                    n<0> u<161> t<INTEGRAL_NUMBER> p<162> l<27:19> el<27:20>
                      n<> u<171> t<Net_decl_assignment_list> p<172> c<170> l<27:22> el<27:30>
                        n<> u<170> t<Net_decl_assignment> p<171> c<169> l<27:22> el<27:30>
                          n<w_logic2> u<169> t<SIMPLE_IDENTIFIER> p<170> l<27:22> el<27:30>
        n<// IEEE: non_integer_type> u<179> t<LINE_COMMENT> p<1179> s<180> l<29:4> el<29:29>
        n<//UNSUP shortreal	w_shortreal;> u<180> t<LINE_COMMENT> p<1179> s<194> l<30:4> el<30:34>
        n<> u<194> t<Module_item> p<1179> c<193> s<210> l<31:4> el<31:22>
          n<> u<193> t<Non_port_module_item> p<194> c<192> l<31:4> el<31:22>
            n<> u<192> t<Module_or_generate_item> p<193> c<191> l<31:4> el<31:22>
              n<> u<191> t<Module_common_item> p<192> c<190> l<31:4> el<31:22>
                n<> u<190> t<Module_or_generate_item_declaration> p<191> c<189> l<31:4> el<31:22>
                  n<> u<189> t<Package_or_generate_item_declaration> p<190> c<188> l<31:4> el<31:22>
                    n<> u<188> t<Net_declaration> p<189> c<181> l<31:4> el<31:22>
                      n<> u<181> t<WIRE> p<188> s<184> l<31:4> el<31:8>
                      n<> u<184> t<Data_type_or_implicit> p<188> c<183> s<187> l<31:9> el<31:13>
                        n<> u<183> t<Data_type> p<184> c<182> l<31:9> el<31:13>
                          n<> u<182> t<REAL> p<183> l<31:9> el<31:13>
                      n<> u<187> t<Net_decl_assignment_list> p<188> c<186> l<31:15> el<31:21>
                        n<> u<186> t<Net_decl_assignment> p<187> c<185> l<31:15> el<31:21>
                          n<w_real> u<185> t<SIMPLE_IDENTIFIER> p<186> l<31:15> el<31:21>
        n<> u<210> t<Module_item> p<1179> c<209> s<226> l<33:4> el<33:26>
          n<> u<209> t<Non_port_module_item> p<210> c<208> l<33:4> el<33:26>
            n<> u<208> t<Module_or_generate_item> p<209> c<207> l<33:4> el<33:26>
              n<> u<207> t<Module_common_item> p<208> c<206> l<33:4> el<33:26>
                n<> u<206> t<Continuous_assign> p<207> c<205> l<33:4> el<33:26>
                  n<> u<205> t<Net_assignment_list> p<206> c<204> l<33:11> el<33:25>
                    n<> u<204> t<Net_assignment> p<205> c<199> l<33:11> el<33:25>
                      n<> u<199> t<Net_lvalue> p<204> c<196> s<203> l<33:11> el<33:17>
                        n<> u<196> t<Ps_or_hierarchical_identifier> p<199> c<195> s<198> l<33:11> el<33:17>
                          n<w_byte> u<195> t<SIMPLE_IDENTIFIER> p<196> l<33:11> el<33:17>
                        n<> u<198> t<Constant_select> p<199> c<197> l<33:18> el<33:18>
                          n<> u<197> t<Constant_bit_select> p<198> l<33:18> el<33:18>
                      n<> u<203> t<Expression> p<204> c<202> l<33:20> el<33:25>
                        n<> u<202> t<Primary> p<203> c<201> l<33:20> el<33:25>
                          n<> u<201> t<Primary_literal> p<202> c<200> l<33:20> el<33:25>
                            n<8'h12> u<200> t<INTEGRAL_NUMBER> p<201> l<33:20> el<33:25>
        n<> u<226> t<Module_item> p<1179> c<225> s<244> l<34:4> el<34:33>
          n<> u<225> t<Non_port_module_item> p<226> c<224> l<34:4> el<34:33>
            n<> u<224> t<Module_or_generate_item> p<225> c<223> l<34:4> el<34:33>
              n<> u<223> t<Module_common_item> p<224> c<222> l<34:4> el<34:33>
                n<> u<222> t<Continuous_assign> p<223> c<221> l<34:4> el<34:33>
                  n<> u<221> t<Net_assignment_list> p<222> c<220> l<34:11> el<34:32>
                    n<> u<220> t<Net_assignment> p<221> c<215> l<34:11> el<34:32>
                      n<> u<215> t<Net_lvalue> p<220> c<212> s<219> l<34:11> el<34:21>
                        n<> u<212> t<Ps_or_hierarchical_identifier> p<215> c<211> s<214> l<34:11> el<34:21>
                          n<w_shortint> u<211> t<SIMPLE_IDENTIFIER> p<212> l<34:11> el<34:21>
                        n<> u<214> t<Constant_select> p<215> c<213> l<34:22> el<34:22>
                          n<> u<213> t<Constant_bit_select> p<214> l<34:22> el<34:22>
                      n<> u<219> t<Expression> p<220> c<218> l<34:24> el<34:32>
                        n<> u<218> t<Primary> p<219> c<217> l<34:24> el<34:32>
                          n<> u<217> t<Primary_literal> p<218> c<216> l<34:24> el<34:32>
                            n<16'h1234> u<216> t<INTEGRAL_NUMBER> p<217> l<34:24> el<34:32>
        n<> u<244> t<Module_item> p<1179> c<243> s<262> l<35:4> el<35:27>
          n<> u<243> t<Non_port_module_item> p<244> c<242> l<35:4> el<35:27>
            n<> u<242> t<Module_or_generate_item> p<243> c<241> l<35:4> el<35:27>
              n<> u<241> t<Module_common_item> p<242> c<240> l<35:4> el<35:27>
                n<> u<240> t<Continuous_assign> p<241> c<239> l<35:4> el<35:27>
                  n<> u<239> t<Net_assignment_list> p<240> c<238> l<35:11> el<35:26>
                    n<> u<238> t<Net_assignment> p<239> c<231> l<35:11> el<35:26>
                      n<> u<231> t<Net_lvalue> p<238> c<228> s<237> l<35:11> el<35:16>
                        n<> u<228> t<Ps_or_hierarchical_identifier> p<231> c<227> s<230> l<35:11> el<35:16>
                          n<w_int> u<227> t<SIMPLE_IDENTIFIER> p<228> l<35:11> el<35:16>
                        n<> u<230> t<Constant_select> p<231> c<229> l<35:17> el<35:17>
                          n<> u<229> t<Constant_bit_select> p<230> l<35:17> el<35:17>
                      n<> u<237> t<Expression> p<238> c<236> l<35:19> el<35:26>
                        n<> u<236> t<UnaryOp_Minus> p<237> s<235> l<35:19> el<35:20>
                        n<> u<235> t<Expression> p<237> c<234> l<35:20> el<35:26>
                          n<> u<234> t<Primary> p<235> c<233> l<35:20> el<35:26>
                            n<> u<233> t<Primary_literal> p<234> c<232> l<35:20> el<35:26>
                              n<123456> u<232> t<INTEGRAL_NUMBER> p<233> l<35:20> el<35:26>
        n<> u<262> t<Module_item> p<1179> c<261> s<280> l<36:4> el<36:32>
          n<> u<261> t<Non_port_module_item> p<262> c<260> l<36:4> el<36:32>
            n<> u<260> t<Module_or_generate_item> p<261> c<259> l<36:4> el<36:32>
              n<> u<259> t<Module_common_item> p<260> c<258> l<36:4> el<36:32>
                n<> u<258> t<Continuous_assign> p<259> c<257> l<36:4> el<36:32>
                  n<> u<257> t<Net_assignment_list> p<258> c<256> l<36:11> el<36:31>
                    n<> u<256> t<Net_assignment> p<257> c<249> l<36:11> el<36:31>
                      n<> u<249> t<Net_lvalue> p<256> c<246> s<255> l<36:11> el<36:20>
                        n<> u<246> t<Ps_or_hierarchical_identifier> p<249> c<245> s<248> l<36:11> el<36:20>
                          n<w_longint> u<245> t<SIMPLE_IDENTIFIER> p<246> l<36:11> el<36:20>
                        n<> u<248> t<Constant_select> p<249> c<247> l<36:21> el<36:21>
                          n<> u<247> t<Constant_bit_select> p<248> l<36:21> el<36:21>
                      n<> u<255> t<Expression> p<256> c<254> l<36:23> el<36:31>
                        n<> u<254> t<UnaryOp_Minus> p<255> s<253> l<36:23> el<36:24>
                        n<> u<253> t<Expression> p<255> c<252> l<36:24> el<36:31>
                          n<> u<252> t<Primary> p<253> c<251> l<36:24> el<36:31>
                            n<> u<251> t<Primary_literal> p<252> c<250> l<36:24> el<36:31>
                              n<1234567> u<250> t<INTEGRAL_NUMBER> p<251> l<36:24> el<36:31>
        n<> u<280> t<Module_item> p<1179> c<279> s<296> l<37:4> el<37:31>
          n<> u<279> t<Non_port_module_item> p<280> c<278> l<37:4> el<37:31>
            n<> u<278> t<Module_or_generate_item> p<279> c<277> l<37:4> el<37:31>
              n<> u<277> t<Module_common_item> p<278> c<276> l<37:4> el<37:31>
                n<> u<276> t<Continuous_assign> p<277> c<275> l<37:4> el<37:31>
                  n<> u<275> t<Net_assignment_list> p<276> c<274> l<37:11> el<37:30>
                    n<> u<274> t<Net_assignment> p<275> c<267> l<37:11> el<37:30>
                      n<> u<267> t<Net_lvalue> p<274> c<264> s<273> l<37:11> el<37:20>
                        n<> u<264> t<Ps_or_hierarchical_identifier> p<267> c<263> s<266> l<37:11> el<37:20>
                          n<w_integer> u<263> t<SIMPLE_IDENTIFIER> p<264> l<37:11> el<37:20>
                        n<> u<266> t<Constant_select> p<267> c<265> l<37:21> el<37:21>
                          n<> u<265> t<Constant_bit_select> p<266> l<37:21> el<37:21>
                      n<> u<273> t<Expression> p<274> c<272> l<37:23> el<37:30>
                        n<> u<272> t<UnaryOp_Minus> p<273> s<271> l<37:23> el<37:24>
                        n<> u<271> t<Expression> p<273> c<270> l<37:24> el<37:30>
                          n<> u<270> t<Primary> p<271> c<269> l<37:24> el<37:30>
                            n<> u<269> t<Primary_literal> p<270> c<268> l<37:24> el<37:30>
                              n<123456> u<268> t<INTEGRAL_NUMBER> p<269> l<37:24> el<37:30>
        n<> u<296> t<Module_item> p<1179> c<295> s<312> l<39:4> el<39:24>
          n<> u<295> t<Non_port_module_item> p<296> c<294> l<39:4> el<39:24>
            n<> u<294> t<Module_or_generate_item> p<295> c<293> l<39:4> el<39:24>
              n<> u<293> t<Module_common_item> p<294> c<292> l<39:4> el<39:24>
                n<> u<292> t<Continuous_assign> p<293> c<291> l<39:4> el<39:24>
                  n<> u<291> t<Net_assignment_list> p<292> c<290> l<39:11> el<39:23>
                    n<> u<290> t<Net_assignment> p<291> c<285> l<39:11> el<39:23>
                      n<> u<285> t<Net_lvalue> p<290> c<282> s<289> l<39:11> el<39:16>
                        n<> u<282> t<Ps_or_hierarchical_identifier> p<285> c<281> s<284> l<39:11> el<39:16>
                          n<w_bit> u<281> t<SIMPLE_IDENTIFIER> p<282> l<39:11> el<39:16>
                        n<> u<284> t<Constant_select> p<285> c<283> l<39:17> el<39:17>
                          n<> u<283> t<Constant_bit_select> p<284> l<39:17> el<39:17>
                      n<> u<289> t<Expression> p<290> c<288> l<39:19> el<39:23>
                        n<> u<288> t<Primary> p<289> c<287> l<39:19> el<39:23>
                          n<> u<287> t<Primary_literal> p<288> c<286> l<39:19> el<39:23>
                            n<> u<286> t<ONE_TICK_b1> p<287> l<39:19> el<39:23>
        n<> u<312> t<Module_item> p<1179> c<311> s<328> l<40:4> el<40:26>
          n<> u<311> t<Non_port_module_item> p<312> c<310> l<40:4> el<40:26>
            n<> u<310> t<Module_or_generate_item> p<311> c<309> l<40:4> el<40:26>
              n<> u<309> t<Module_common_item> p<310> c<308> l<40:4> el<40:26>
                n<> u<308> t<Continuous_assign> p<309> c<307> l<40:4> el<40:26>
                  n<> u<307> t<Net_assignment_list> p<308> c<306> l<40:11> el<40:25>
                    n<> u<306> t<Net_assignment> p<307> c<301> l<40:11> el<40:25>
                      n<> u<301> t<Net_lvalue> p<306> c<298> s<305> l<40:11> el<40:18>
                        n<> u<298> t<Ps_or_hierarchical_identifier> p<301> c<297> s<300> l<40:11> el<40:18>
                          n<w_logic> u<297> t<SIMPLE_IDENTIFIER> p<298> l<40:11> el<40:18>
                        n<> u<300> t<Constant_select> p<301> c<299> l<40:19> el<40:19>
                          n<> u<299> t<Constant_bit_select> p<300> l<40:19> el<40:19>
                      n<> u<305> t<Expression> p<306> c<304> l<40:21> el<40:25>
                        n<> u<304> t<Primary> p<305> c<303> l<40:21> el<40:25>
                          n<> u<303> t<Primary_literal> p<304> c<302> l<40:21> el<40:25>
                            n<> u<302> t<ONE_TICK_b1> p<303> l<40:21> el<40:25>
        n<> u<328> t<Module_item> p<1179> c<327> s<344> l<42:4> el<42:26>
          n<> u<327> t<Non_port_module_item> p<328> c<326> l<42:4> el<42:26>
            n<> u<326> t<Module_or_generate_item> p<327> c<325> l<42:4> el<42:26>
              n<> u<325> t<Module_common_item> p<326> c<324> l<42:4> el<42:26>
                n<> u<324> t<Continuous_assign> p<325> c<323> l<42:4> el<42:26>
                  n<> u<323> t<Net_assignment_list> p<324> c<322> l<42:11> el<42:25>
                    n<> u<322> t<Net_assignment> p<323> c<317> l<42:11> el<42:25>
                      n<> u<317> t<Net_lvalue> p<322> c<314> s<321> l<42:11> el<42:17>
                        n<> u<314> t<Ps_or_hierarchical_identifier> p<317> c<313> s<316> l<42:11> el<42:17>
                          n<w_bit2> u<313> t<SIMPLE_IDENTIFIER> p<314> l<42:11> el<42:17>
                        n<> u<316> t<Constant_select> p<317> c<315> l<42:18> el<42:18>
                          n<> u<315> t<Constant_bit_select> p<316> l<42:18> el<42:18>
                      n<> u<321> t<Expression> p<322> c<320> l<42:20> el<42:25>
                        n<> u<320> t<Primary> p<321> c<319> l<42:20> el<42:25>
                          n<> u<319> t<Primary_literal> p<320> c<318> l<42:20> el<42:25>
                            n<2'b10> u<318> t<INTEGRAL_NUMBER> p<319> l<42:20> el<42:25>
        n<> u<344> t<Module_item> p<1179> c<343> s<360> l<43:4> el<43:28>
          n<> u<343> t<Non_port_module_item> p<344> c<342> l<43:4> el<43:28>
            n<> u<342> t<Module_or_generate_item> p<343> c<341> l<43:4> el<43:28>
              n<> u<341> t<Module_common_item> p<342> c<340> l<43:4> el<43:28>
                n<> u<340> t<Continuous_assign> p<341> c<339> l<43:4> el<43:28>
                  n<> u<339> t<Net_assignment_list> p<340> c<338> l<43:11> el<43:27>
                    n<> u<338> t<Net_assignment> p<339> c<333> l<43:11> el<43:27>
                      n<> u<333> t<Net_lvalue> p<338> c<330> s<337> l<43:11> el<43:19>
                        n<> u<330> t<Ps_or_hierarchical_identifier> p<333> c<329> s<332> l<43:11> el<43:19>
                          n<w_logic2> u<329> t<SIMPLE_IDENTIFIER> p<330> l<43:11> el<43:19>
                        n<> u<332> t<Constant_select> p<333> c<331> l<43:20> el<43:20>
                          n<> u<331> t<Constant_bit_select> p<332> l<43:20> el<43:20>
                      n<> u<337> t<Expression> p<338> c<336> l<43:22> el<43:27>
                        n<> u<336> t<Primary> p<337> c<335> l<43:22> el<43:27>
                          n<> u<335> t<Primary_literal> p<336> c<334> l<43:22> el<43:27>
                            n<2'b10> u<334> t<INTEGRAL_NUMBER> p<335> l<43:22> el<43:27>
        n<> u<360> t<Module_item> p<1179> c<359> s<381> l<45:4> el<45:25>
          n<> u<359> t<Non_port_module_item> p<360> c<358> l<45:4> el<45:25>
            n<> u<358> t<Module_or_generate_item> p<359> c<357> l<45:4> el<45:25>
              n<> u<357> t<Module_common_item> p<358> c<356> l<45:4> el<45:25>
                n<> u<356> t<Continuous_assign> p<357> c<355> l<45:4> el<45:25>
                  n<> u<355> t<Net_assignment_list> p<356> c<354> l<45:11> el<45:24>
                    n<> u<354> t<Net_assignment> p<355> c<349> l<45:11> el<45:24>
                      n<> u<349> t<Net_lvalue> p<354> c<346> s<353> l<45:11> el<45:17>
                        n<> u<346> t<Ps_or_hierarchical_identifier> p<349> c<345> s<348> l<45:11> el<45:17>
                          n<w_real> u<345> t<SIMPLE_IDENTIFIER> p<346> l<45:11> el<45:17>
                        n<> u<348> t<Constant_select> p<349> c<347> l<45:18> el<45:18>
                          n<> u<347> t<Constant_bit_select> p<348> l<45:18> el<45:18>
                      n<> u<353> t<Expression> p<354> c<352> l<45:20> el<45:24>
                        n<> u<352> t<Primary> p<353> c<351> l<45:20> el<45:24>
                          n<> u<351> t<Primary_literal> p<352> c<350> l<45:20> el<45:24>
                            n<3.14> u<350> t<REAL_NUMBER> p<351> l<45:20> el<45:24>
        n<> u<381> t<Module_item> p<1179> c<380> s<382> l<47:4> el<47:32>
          n<> u<380> t<Non_port_module_item> p<381> c<379> l<47:4> el<47:32>
            n<> u<379> t<Module_or_generate_item> p<380> c<378> l<47:4> el<47:32>
              n<> u<378> t<Module_common_item> p<379> c<377> l<47:4> el<47:32>
                n<> u<377> t<Always_construct> p<378> c<361> l<47:4> el<47:32>
                  n<> u<361> t<ALWAYS> p<377> s<376> l<47:4> el<47:10>
                  n<> u<376> t<Statement> p<377> c<375> l<47:11> el<47:32>
                    n<> u<375> t<Statement_item> p<376> c<374> l<47:11> el<47:32>
                      n<> u<374> t<Procedural_timing_control_statement> p<375> c<369> l<47:11> el<47:32>
                        n<> u<369> t<Procedural_timing_control> p<374> c<368> s<373> l<47:11> el<47:26>
                          n<> u<368> t<Event_control> p<369> c<367> l<47:11> el<47:26>
                            n<> u<367> t<Event_expression> p<368> c<362> l<47:14> el<47:25>
                              n<> u<362> t<POSEDGE> p<367> s<366> l<47:14> el<47:21>
                              n<> u<366> t<Expression> p<367> c<365> l<47:22> el<47:25>
                                n<> u<365> t<Primary> p<366> c<364> l<47:22> el<47:25>
                                  n<> u<364> t<Primary_literal> p<365> c<363> l<47:22> el<47:25>
                                    n<clk> u<363> t<SIMPLE_IDENTIFIER> p<364> l<47:22> el<47:25>
                        n<> u<373> t<Statement_or_null> p<374> c<372> l<47:27> el<47:32>
                          n<> u<372> t<Statement> p<373> c<371> l<47:27> el<47:32>
                            n<> u<371> t<Statement_item> p<372> c<370> l<47:27> el<47:32>
                              n<> u<370> t<Seq_block> p<371> l<47:27> el<47:32>
        n<> u<382> t<Module_item> p<1179> s<383> l<12:27> el<12:27>
        n<> u<383> t<Module_item> p<1179> s<446> l<12:27> el<12:29>
        n<> u<446> t<Module_item> p<1179> c<445> s<452> l<12:30> el<12:171>
          n<> u<445> t<Non_port_module_item> p<446> c<444> l<12:30> el<12:171>
            n<> u<444> t<Module_or_generate_item> p<445> c<443> l<12:30> el<12:171>
              n<> u<443> t<Module_common_item> p<444> c<442> l<12:30> el<12:171>
                n<> u<442> t<Conditional_generate_construct> p<443> c<441> l<12:30> el<12:171>
                  n<> u<441> t<If_generate_construct> p<442> c<440> l<12:30> el<12:171>
                    n<> u<440> t<IF> p<441> s<399> l<12:30> el<12:32>
                    n<> u<399> t<Constant_expression> p<441> c<390> s<439> l<12:34> el<12:54>
                      n<> u<390> t<Constant_expression> p<399> c<389> s<398> l<12:34> el<12:42>
                        n<> u<389> t<Constant_primary> p<390> c<388> l<12:34> el<12:42>
                          n<> u<388> t<Constant_mintypmax_expression> p<389> c<387> l<12:35> el<12:41>
                            n<> u<387> t<Constant_expression> p<388> c<386> l<12:35> el<12:41>
                              n<> u<386> t<Constant_primary> p<387> c<385> l<12:35> el<12:41>
                                n<> u<385> t<Primary_literal> p<386> c<384> l<12:35> el<12:41>
                                  n<w_byte> u<384> t<SIMPLE_IDENTIFIER> p<385> l<12:35> el<12:41>
                      n<> u<398> t<FOUR_STATE_LOGIC_NOTEQUAL> p<399> s<397> l<12:43> el<12:46>
                      n<> u<397> t<Constant_expression> p<399> c<396> l<12:47> el<12:54>
                        n<> u<396> t<Constant_primary> p<397> c<395> l<12:47> el<12:54>
                          n<> u<395> t<Constant_mintypmax_expression> p<396> c<394> l<12:48> el<12:53>
                            n<> u<394> t<Constant_expression> p<395> c<393> l<12:48> el<12:53>
                              n<> u<393> t<Constant_primary> p<394> c<392> l<12:48> el<12:53>
                                n<> u<392> t<Primary_literal> p<393> c<391> l<12:48> el<12:53>
                                  n<8'h12> u<391> t<INTEGRAL_NUMBER> p<392> l<12:48> el<12:53>
                    n<> u<439> t<Generate_item> p<441> c<438> l<12:56> el<12:171>
                      n<> u<438> t<Generate_begin_end_block> p<439> c<431> l<12:56> el<12:171>
                        n<> u<431> t<Generate_item> p<438> c<430> s<436> l<12:62> el<12:160>
                          n<> u<430> t<Module_or_generate_item> p<431> c<429> l<12:62> el<12:160>
                            n<> u<429> t<Module_common_item> p<430> c<428> l<12:62> el<12:160>
                              n<> u<428> t<Elaboration_system_task> p<429> c<427> l<12:62> el<12:160>
                                n<write> u<427> t<SIMPLE_IDENTIFIER> p<428> s<426> l<12:63> el<12:68>
                                n<> u<426> t<Argument_list> p<428> c<403> l<12:69> el<12:158>
                                  n<> u<403> t<Expression> p<426> c<402> s<408> l<12:69> el<12:108>
                                    n<> u<402> t<Primary> p<403> c<401> l<12:69> el<12:108>
                                      n<> u<401> t<Primary_literal> p<402> c<400> l<12:69> el<12:108>
                                        n<"%%Error: %s:%0d:  got='h%x exp='h%x\n"> u<400> t<QUOTED_STRING> p<401> l<12:69> el<12:108>
                                  n<> u<408> t<Argument> p<426> c<407> s<413> l<12:110> el<12:136>
                                    n<> u<407> t<Expression> p<408> c<406> l<12:110> el<12:136>
                                      n<> u<406> t<Primary> p<407> c<405> l<12:110> el<12:136>
                                        n<> u<405> t<Primary_literal> p<406> c<404> l<12:110> el<12:136>
                                          n<"$Source01/t_wire_types.v"> u<404> t<QUOTED_STRING> p<405> l<12:110> el<12:136>
                                  n<> u<413> t<Argument> p<426> c<412> s<419> l<12:137> el<12:139>
                                    n<> u<412> t<Expression> p<413> c<411> l<12:137> el<12:139>
                                      n<> u<411> t<Primary> p<412> c<410> l<12:137> el<12:139>
                                        n<> u<410> t<Primary_literal> p<411> c<409> l<12:137> el<12:139>
                                          n<48> u<409> t<INTEGRAL_NUMBER> p<410> l<12:137> el<12:139>
                                  n<> u<419> t<Argument> p<426> c<418> s<425> l<12:141> el<12:149>
                                    n<> u<418> t<Expression> p<419> c<417> l<12:141> el<12:149>
                                      n<> u<417> t<Expression> p<418> c<416> l<12:142> el<12:148>
                                        n<> u<416> t<Primary> p<417> c<415> l<12:142> el<12:148>
                                          n<> u<415> t<Primary_literal> p<416> c<414> l<12:142> el<12:148>
                                            n<w_byte> u<414> t<SIMPLE_IDENTIFIER> p<415> l<12:142> el<12:148>
                                  n<> u<425> t<Argument> p<426> c<424> l<12:151> el<12:158>
                                    n<> u<424> t<Expression> p<425> c<423> l<12:151> el<12:158>
                                      n<> u<423> t<Expression> p<424> c<422> l<12:152> el<12:157>
                                        n<> u<422> t<Primary> p<423> c<421> l<12:152> el<12:157>
                                          n<> u<421> t<Primary_literal> p<422> c<420> l<12:152> el<12:157>
                                            n<8'h12> u<420> t<INTEGRAL_NUMBER> p<421> l<12:152> el<12:157>
                        n<> u<436> t<Generate_item> p<438> c<435> s<437> l<12:161> el<12:167>
                          n<> u<435> t<Module_or_generate_item> p<436> c<434> l<12:161> el<12:167>
                            n<> u<434> t<Module_common_item> p<435> c<433> l<12:161> el<12:167>
                              n<> u<433> t<Elaboration_system_task> p<434> c<432> l<12:161> el<12:167>
                                n<stop> u<432> t<SIMPLE_IDENTIFIER> p<433> l<12:162> el<12:166>
                        n<> u<437> t<END> p<438> l<12:168> el<12:171>
        n<> u<452> t<Module_item> p<1179> c<451> s<458> l<12:180> el<12:181>
          n<> u<451> t<Non_port_module_item> p<452> c<450> l<12:180> el<12:181>
            n<> u<450> t<Module_or_generate_item> p<451> c<449> l<12:180> el<12:181>
              n<> u<449> t<Module_common_item> p<450> c<448> l<12:180> el<12:181>
                n<> u<448> t<Module_or_generate_item_declaration> p<449> c<447> l<12:180> el<12:181>
                  n<> u<447> t<Package_or_generate_item_declaration> p<448> l<12:180> el<12:181>
        n<> u<458> t<Module_item> p<1179> c<457> s<459> l<48:29> el<48:30>
          n<> u<457> t<Non_port_module_item> p<458> c<456> l<48:29> el<48:30>
            n<> u<456> t<Module_or_generate_item> p<457> c<455> l<48:29> el<48:30>
              n<> u<455> t<Module_common_item> p<456> c<454> l<48:29> el<48:30>
                n<> u<454> t<Module_or_generate_item_declaration> p<455> c<453> l<48:29> el<48:30>
                  n<> u<453> t<Package_or_generate_item_declaration> p<454> l<48:29> el<48:30>
        n<> u<459> t<Module_item> p<1179> s<460> l<12:27> el<12:27>
        n<> u<460> t<Module_item> p<1179> s<523> l<12:27> el<12:29>
        n<> u<523> t<Module_item> p<1179> c<522> s<529> l<12:30> el<12:185>
          n<> u<522> t<Non_port_module_item> p<523> c<521> l<12:30> el<12:185>
            n<> u<521> t<Module_or_generate_item> p<522> c<520> l<12:30> el<12:185>
              n<> u<520> t<Module_common_item> p<521> c<519> l<12:30> el<12:185>
                n<> u<519> t<Conditional_generate_construct> p<520> c<518> l<12:30> el<12:185>
                  n<> u<518> t<If_generate_construct> p<519> c<517> l<12:30> el<12:185>
                    n<> u<517> t<IF> p<518> s<476> l<12:30> el<12:32>
                    n<> u<476> t<Constant_expression> p<518> c<467> s<516> l<12:34> el<12:61>
                      n<> u<467> t<Constant_expression> p<476> c<466> s<475> l<12:34> el<12:46>
                        n<> u<466> t<Constant_primary> p<467> c<465> l<12:34> el<12:46>
                          n<> u<465> t<Constant_mintypmax_expression> p<466> c<464> l<12:35> el<12:45>
                            n<> u<464> t<Constant_expression> p<465> c<463> l<12:35> el<12:45>
                              n<> u<463> t<Constant_primary> p<464> c<462> l<12:35> el<12:45>
                                n<> u<462> t<Primary_literal> p<463> c<461> l<12:35> el<12:45>
                                  n<w_shortint> u<461> t<SIMPLE_IDENTIFIER> p<462> l<12:35> el<12:45>
                      n<> u<475> t<FOUR_STATE_LOGIC_NOTEQUAL> p<476> s<474> l<12:47> el<12:50>
                      n<> u<474> t<Constant_expression> p<476> c<473> l<12:51> el<12:61>
                        n<> u<473> t<Constant_primary> p<474> c<472> l<12:51> el<12:61>
                          n<> u<472> t<Constant_mintypmax_expression> p<473> c<471> l<12:52> el<12:60>
                            n<> u<471> t<Constant_expression> p<472> c<470> l<12:52> el<12:60>
                              n<> u<470> t<Constant_primary> p<471> c<469> l<12:52> el<12:60>
                                n<> u<469> t<Primary_literal> p<470> c<468> l<12:52> el<12:60>
                                  n<16'h1234> u<468> t<INTEGRAL_NUMBER> p<469> l<12:52> el<12:60>
                    n<> u<516> t<Generate_item> p<518> c<515> l<12:63> el<12:185>
                      n<> u<515> t<Generate_begin_end_block> p<516> c<508> l<12:63> el<12:185>
                        n<> u<508> t<Generate_item> p<515> c<507> s<513> l<12:69> el<12:174>
                          n<> u<507> t<Module_or_generate_item> p<508> c<506> l<12:69> el<12:174>
                            n<> u<506> t<Module_common_item> p<507> c<505> l<12:69> el<12:174>
                              n<> u<505> t<Elaboration_system_task> p<506> c<504> l<12:69> el<12:174>
                                n<write> u<504> t<SIMPLE_IDENTIFIER> p<505> s<503> l<12:70> el<12:75>
                                n<> u<503> t<Argument_list> p<505> c<480> l<12:76> el<12:172>
                                  n<> u<480> t<Expression> p<503> c<479> s<485> l<12:76> el<12:115>
                                    n<> u<479> t<Primary> p<480> c<478> l<12:76> el<12:115>
                                      n<> u<478> t<Primary_literal> p<479> c<477> l<12:76> el<12:115>
                                        n<"%%Error: %s:%0d:  got='h%x exp='h%x\n"> u<477> t<QUOTED_STRING> p<478> l<12:76> el<12:115>
                                  n<> u<485> t<Argument> p<503> c<484> s<490> l<12:117> el<12:143>
                                    n<> u<484> t<Expression> p<485> c<483> l<12:117> el<12:143>
                                      n<> u<483> t<Primary> p<484> c<482> l<12:117> el<12:143>
                                        n<> u<482> t<Primary_literal> p<483> c<481> l<12:117> el<12:143>
                                          n<"$Source01/t_wire_types.v"> u<481> t<QUOTED_STRING> p<482> l<12:117> el<12:143>
                                  n<> u<490> t<Argument> p<503> c<489> s<496> l<12:144> el<12:146>
                                    n<> u<489> t<Expression> p<490> c<488> l<12:144> el<12:146>
                                      n<> u<488> t<Primary> p<489> c<487> l<12:144> el<12:146>
                                        n<> u<487> t<Primary_literal> p<488> c<486> l<12:144> el<12:146>
                                          n<49> u<486> t<INTEGRAL_NUMBER> p<487> l<12:144> el<12:146>
                                  n<> u<496> t<Argument> p<503> c<495> s<502> l<12:148> el<12:160>
                                    n<> u<495> t<Expression> p<496> c<494> l<12:148> el<12:160>
                                      n<> u<494> t<Expression> p<495> c<493> l<12:149> el<12:159>
                                        n<> u<493> t<Primary> p<494> c<492> l<12:149> el<12:159>
                                          n<> u<492> t<Primary_literal> p<493> c<491> l<12:149> el<12:159>
                                            n<w_shortint> u<491> t<SIMPLE_IDENTIFIER> p<492> l<12:149> el<12:159>
                                  n<> u<502> t<Argument> p<503> c<501> l<12:162> el<12:172>
                                    n<> u<501> t<Expression> p<502> c<500> l<12:162> el<12:172>
                                      n<> u<500> t<Expression> p<501> c<499> l<12:163> el<12:171>
                                        n<> u<499> t<Primary> p<500> c<498> l<12:163> el<12:171>
                                          n<> u<498> t<Primary_literal> p<499> c<497> l<12:163> el<12:171>
                                            n<16'h1234> u<497> t<INTEGRAL_NUMBER> p<498> l<12:163> el<12:171>
                        n<> u<513> t<Generate_item> p<515> c<512> s<514> l<12:175> el<12:181>
                          n<> u<512> t<Module_or_generate_item> p<513> c<511> l<12:175> el<12:181>
                            n<> u<511> t<Module_common_item> p<512> c<510> l<12:175> el<12:181>
                              n<> u<510> t<Elaboration_system_task> p<511> c<509> l<12:175> el<12:181>
                                n<stop> u<509> t<SIMPLE_IDENTIFIER> p<510> l<12:176> el<12:180>
                        n<> u<514> t<END> p<515> l<12:182> el<12:185>
        n<> u<529> t<Module_item> p<1179> c<528> s<535> l<12:194> el<12:195>
          n<> u<528> t<Non_port_module_item> p<529> c<527> l<12:194> el<12:195>
            n<> u<527> t<Module_or_generate_item> p<528> c<526> l<12:194> el<12:195>
              n<> u<526> t<Module_common_item> p<527> c<525> l<12:194> el<12:195>
                n<> u<525> t<Module_or_generate_item_declaration> p<526> c<524> l<12:194> el<12:195>
                  n<> u<524> t<Package_or_generate_item_declaration> p<525> l<12:194> el<12:195>
        n<> u<535> t<Module_item> p<1179> c<534> s<536> l<49:36> el<49:37>
          n<> u<534> t<Non_port_module_item> p<535> c<533> l<49:36> el<49:37>
            n<> u<533> t<Module_or_generate_item> p<534> c<532> l<49:36> el<49:37>
              n<> u<532> t<Module_common_item> p<533> c<531> l<49:36> el<49:37>
                n<> u<531> t<Module_or_generate_item_declaration> p<532> c<530> l<49:36> el<49:37>
                  n<> u<530> t<Package_or_generate_item_declaration> p<531> l<49:36> el<49:37>
        n<> u<536> t<Module_item> p<1179> s<537> l<12:27> el<12:27>
        n<> u<537> t<Module_item> p<1179> s<603> l<12:27> el<12:29>
        n<> u<603> t<Module_item> p<1179> c<602> s<609> l<12:30> el<12:173>
          n<> u<602> t<Non_port_module_item> p<603> c<601> l<12:30> el<12:173>
            n<> u<601> t<Module_or_generate_item> p<602> c<600> l<12:30> el<12:173>
              n<> u<600> t<Module_common_item> p<601> c<599> l<12:30> el<12:173>
                n<> u<599> t<Conditional_generate_construct> p<600> c<598> l<12:30> el<12:173>
                  n<> u<598> t<If_generate_construct> p<599> c<597> l<12:30> el<12:173>
                    n<> u<597> t<IF> p<598> s<554> l<12:30> el<12:32>
                    n<> u<554> t<Constant_expression> p<598> c<544> s<596> l<12:34> el<12:55>
                      n<> u<544> t<Constant_expression> p<554> c<543> s<553> l<12:34> el<12:41>
                        n<> u<543> t<Constant_primary> p<544> c<542> l<12:34> el<12:41>
                          n<> u<542> t<Constant_mintypmax_expression> p<543> c<541> l<12:35> el<12:40>
                            n<> u<541> t<Constant_expression> p<542> c<540> l<12:35> el<12:40>
                              n<> u<540> t<Constant_primary> p<541> c<539> l<12:35> el<12:40>
                                n<> u<539> t<Primary_literal> p<540> c<538> l<12:35> el<12:40>
                                  n<w_int> u<538> t<SIMPLE_IDENTIFIER> p<539> l<12:35> el<12:40>
                      n<> u<553> t<FOUR_STATE_LOGIC_NOTEQUAL> p<554> s<552> l<12:42> el<12:45>
                      n<> u<552> t<Constant_expression> p<554> c<551> l<12:46> el<12:55>
                        n<> u<551> t<Constant_primary> p<552> c<550> l<12:46> el<12:55>
                          n<> u<550> t<Constant_mintypmax_expression> p<551> c<549> l<12:47> el<12:54>
                            n<> u<549> t<Constant_expression> p<550> c<548> l<12:47> el<12:54>
                              n<> u<548> t<UnaryOp_Minus> p<549> s<547> l<12:47> el<12:48>
                              n<> u<547> t<Constant_primary> p<549> c<546> l<12:48> el<12:54>
                                n<> u<546> t<Primary_literal> p<547> c<545> l<12:48> el<12:54>
                                  n<123456> u<545> t<INTEGRAL_NUMBER> p<546> l<12:48> el<12:54>
                    n<> u<596> t<Generate_item> p<598> c<595> l<12:57> el<12:173>
                      n<> u<595> t<Generate_begin_end_block> p<596> c<588> l<12:57> el<12:173>
                        n<> u<588> t<Generate_item> p<595> c<587> s<593> l<12:63> el<12:162>
                          n<> u<587> t<Module_or_generate_item> p<588> c<586> l<12:63> el<12:162>
                            n<> u<586> t<Module_common_item> p<587> c<585> l<12:63> el<12:162>
                              n<> u<585> t<Elaboration_system_task> p<586> c<584> l<12:63> el<12:162>
                                n<write> u<584> t<SIMPLE_IDENTIFIER> p<585> s<583> l<12:64> el<12:69>
                                n<> u<583> t<Argument_list> p<585> c<558> l<12:70> el<12:160>
                                  n<> u<558> t<Expression> p<583> c<557> s<563> l<12:70> el<12:109>
                                    n<> u<557> t<Primary> p<558> c<556> l<12:70> el<12:109>
                                      n<> u<556> t<Primary_literal> p<557> c<555> l<12:70> el<12:109>
                                        n<"%%Error: %s:%0d:  got='h%x exp='h%x\n"> u<555> t<QUOTED_STRING> p<556> l<12:70> el<12:109>
                                  n<> u<563> t<Argument> p<583> c<562> s<568> l<12:111> el<12:137>
                                    n<> u<562> t<Expression> p<563> c<561> l<12:111> el<12:137>
                                      n<> u<561> t<Primary> p<562> c<560> l<12:111> el<12:137>
                                        n<> u<560> t<Primary_literal> p<561> c<559> l<12:111> el<12:137>
                                          n<"$Source01/t_wire_types.v"> u<559> t<QUOTED_STRING> p<560> l<12:111> el<12:137>
                                  n<> u<568> t<Argument> p<583> c<567> s<574> l<12:138> el<12:140>
                                    n<> u<567> t<Expression> p<568> c<566> l<12:138> el<12:140>
                                      n<> u<566> t<Primary> p<567> c<565> l<12:138> el<12:140>
                                        n<> u<565> t<Primary_literal> p<566> c<564> l<12:138> el<12:140>
                                          n<50> u<564> t<INTEGRAL_NUMBER> p<565> l<12:138> el<12:140>
                                  n<> u<574> t<Argument> p<583> c<573> s<582> l<12:142> el<12:149>
                                    n<> u<573> t<Expression> p<574> c<572> l<12:142> el<12:149>
                                      n<> u<572> t<Expression> p<573> c<571> l<12:143> el<12:148>
                                        n<> u<571> t<Primary> p<572> c<570> l<12:143> el<12:148>
                                          n<> u<570> t<Primary_literal> p<571> c<569> l<12:143> el<12:148>
                                            n<w_int> u<569> t<SIMPLE_IDENTIFIER> p<570> l<12:143> el<12:148>
                                  n<> u<582> t<Argument> p<583> c<581> l<12:151> el<12:160>
                                    n<> u<581> t<Expression> p<582> c<580> l<12:151> el<12:160>
                                      n<> u<580> t<Expression> p<581> c<579> l<12:152> el<12:159>
                                        n<> u<579> t<UnaryOp_Minus> p<580> s<578> l<12:152> el<12:153>
                                        n<> u<578> t<Expression> p<580> c<577> l<12:153> el<12:159>
                                          n<> u<577> t<Primary> p<578> c<576> l<12:153> el<12:159>
                                            n<> u<576> t<Primary_literal> p<577> c<575> l<12:153> el<12:159>
                                              n<123456> u<575> t<INTEGRAL_NUMBER> p<576> l<12:153> el<12:159>
                        n<> u<593> t<Generate_item> p<595> c<592> s<594> l<12:163> el<12:169>
                          n<> u<592> t<Module_or_generate_item> p<593> c<591> l<12:163> el<12:169>
                            n<> u<591> t<Module_common_item> p<592> c<590> l<12:163> el<12:169>
                              n<> u<590> t<Elaboration_system_task> p<591> c<589> l<12:163> el<12:169>
                                n<stop> u<589> t<SIMPLE_IDENTIFIER> p<590> l<12:164> el<12:168>
                        n<> u<594> t<END> p<595> l<12:170> el<12:173>
        n<> u<609> t<Module_item> p<1179> c<608> s<615> l<12:182> el<12:183>
          n<> u<608> t<Non_port_module_item> p<609> c<607> l<12:182> el<12:183>
            n<> u<607> t<Module_or_generate_item> p<608> c<606> l<12:182> el<12:183>
              n<> u<606> t<Module_common_item> p<607> c<605> l<12:182> el<12:183>
                n<> u<605> t<Module_or_generate_item_declaration> p<606> c<604> l<12:182> el<12:183>
                  n<> u<604> t<Package_or_generate_item_declaration> p<605> l<12:182> el<12:183>
        n<> u<615> t<Module_item> p<1179> c<614> s<616> l<50:30> el<50:31>
          n<> u<614> t<Non_port_module_item> p<615> c<613> l<50:30> el<50:31>
            n<> u<613> t<Module_or_generate_item> p<614> c<612> l<50:30> el<50:31>
              n<> u<612> t<Module_common_item> p<613> c<611> l<50:30> el<50:31>
                n<> u<611> t<Module_or_generate_item_declaration> p<612> c<610> l<50:30> el<50:31>
                  n<> u<610> t<Package_or_generate_item_declaration> p<611> l<50:30> el<50:31>
        n<> u<616> t<Module_item> p<1179> s<617> l<12:27> el<12:27>
        n<> u<617> t<Module_item> p<1179> s<683> l<12:27> el<12:29>
        n<> u<683> t<Module_item> p<1179> c<682> s<689> l<12:30> el<12:183>
          n<> u<682> t<Non_port_module_item> p<683> c<681> l<12:30> el<12:183>
            n<> u<681> t<Module_or_generate_item> p<682> c<680> l<12:30> el<12:183>
              n<> u<680> t<Module_common_item> p<681> c<679> l<12:30> el<12:183>
                n<> u<679> t<Conditional_generate_construct> p<680> c<678> l<12:30> el<12:183>
                  n<> u<678> t<If_generate_construct> p<679> c<677> l<12:30> el<12:183>
                    n<> u<677> t<IF> p<678> s<634> l<12:30> el<12:32>
                    n<> u<634> t<Constant_expression> p<678> c<624> s<676> l<12:34> el<12:60>
                      n<> u<624> t<Constant_expression> p<634> c<623> s<633> l<12:34> el<12:45>
                        n<> u<623> t<Constant_primary> p<624> c<622> l<12:34> el<12:45>
                          n<> u<622> t<Constant_mintypmax_expression> p<623> c<621> l<12:35> el<12:44>
                            n<> u<621> t<Constant_expression> p<622> c<620> l<12:35> el<12:44>
                              n<> u<620> t<Constant_primary> p<621> c<619> l<12:35> el<12:44>
                                n<> u<619> t<Primary_literal> p<620> c<618> l<12:35> el<12:44>
                                  n<w_longint> u<618> t<SIMPLE_IDENTIFIER> p<619> l<12:35> el<12:44>
                      n<> u<633> t<FOUR_STATE_LOGIC_NOTEQUAL> p<634> s<632> l<12:46> el<12:49>
                      n<> u<632> t<Constant_expression> p<634> c<631> l<12:50> el<12:60>
                        n<> u<631> t<Constant_primary> p<632> c<630> l<12:50> el<12:60>
                          n<> u<630> t<Constant_mintypmax_expression> p<631> c<629> l<12:51> el<12:59>
                            n<> u<629> t<Constant_expression> p<630> c<628> l<12:51> el<12:59>
                              n<> u<628> t<UnaryOp_Minus> p<629> s<627> l<12:51> el<12:52>
                              n<> u<627> t<Constant_primary> p<629> c<626> l<12:52> el<12:59>
                                n<> u<626> t<Primary_literal> p<627> c<625> l<12:52> el<12:59>
                                  n<1234567> u<625> t<INTEGRAL_NUMBER> p<626> l<12:52> el<12:59>
                    n<> u<676> t<Generate_item> p<678> c<675> l<12:62> el<12:183>
                      n<> u<675> t<Generate_begin_end_block> p<676> c<668> l<12:62> el<12:183>
                        n<> u<668> t<Generate_item> p<675> c<667> s<673> l<12:68> el<12:172>
                          n<> u<667> t<Module_or_generate_item> p<668> c<666> l<12:68> el<12:172>
                            n<> u<666> t<Module_common_item> p<667> c<665> l<12:68> el<12:172>
                              n<> u<665> t<Elaboration_system_task> p<666> c<664> l<12:68> el<12:172>
                                n<write> u<664> t<SIMPLE_IDENTIFIER> p<665> s<663> l<12:69> el<12:74>
                                n<> u<663> t<Argument_list> p<665> c<638> l<12:75> el<12:170>
                                  n<> u<638> t<Expression> p<663> c<637> s<643> l<12:75> el<12:114>
                                    n<> u<637> t<Primary> p<638> c<636> l<12:75> el<12:114>
                                      n<> u<636> t<Primary_literal> p<637> c<635> l<12:75> el<12:114>
                                        n<"%%Error: %s:%0d:  got='h%x exp='h%x\n"> u<635> t<QUOTED_STRING> p<636> l<12:75> el<12:114>
                                  n<> u<643> t<Argument> p<663> c<642> s<648> l<12:116> el<12:142>
                                    n<> u<642> t<Expression> p<643> c<641> l<12:116> el<12:142>
                                      n<> u<641> t<Primary> p<642> c<640> l<12:116> el<12:142>
                                        n<> u<640> t<Primary_literal> p<641> c<639> l<12:116> el<12:142>
                                          n<"$Source01/t_wire_types.v"> u<639> t<QUOTED_STRING> p<640> l<12:116> el<12:142>
                                  n<> u<648> t<Argument> p<663> c<647> s<654> l<12:143> el<12:145>
                                    n<> u<647> t<Expression> p<648> c<646> l<12:143> el<12:145>
                                      n<> u<646> t<Primary> p<647> c<645> l<12:143> el<12:145>
                                        n<> u<645> t<Primary_literal> p<646> c<644> l<12:143> el<12:145>
                                          n<51> u<644> t<INTEGRAL_NUMBER> p<645> l<12:143> el<12:145>
                                  n<> u<654> t<Argument> p<663> c<653> s<662> l<12:147> el<12:158>
                                    n<> u<653> t<Expression> p<654> c<652> l<12:147> el<12:158>
                                      n<> u<652> t<Expression> p<653> c<651> l<12:148> el<12:157>
                                        n<> u<651> t<Primary> p<652> c<650> l<12:148> el<12:157>
                                          n<> u<650> t<Primary_literal> p<651> c<649> l<12:148> el<12:157>
                                            n<w_longint> u<649> t<SIMPLE_IDENTIFIER> p<650> l<12:148> el<12:157>
                                  n<> u<662> t<Argument> p<663> c<661> l<12:160> el<12:170>
                                    n<> u<661> t<Expression> p<662> c<660> l<12:160> el<12:170>
                                      n<> u<660> t<Expression> p<661> c<659> l<12:161> el<12:169>
                                        n<> u<659> t<UnaryOp_Minus> p<660> s<658> l<12:161> el<12:162>
                                        n<> u<658> t<Expression> p<660> c<657> l<12:162> el<12:169>
                                          n<> u<657> t<Primary> p<658> c<656> l<12:162> el<12:169>
                                            n<> u<656> t<Primary_literal> p<657> c<655> l<12:162> el<12:169>
                                              n<1234567> u<655> t<INTEGRAL_NUMBER> p<656> l<12:162> el<12:169>
                        n<> u<673> t<Generate_item> p<675> c<672> s<674> l<12:173> el<12:179>
                          n<> u<672> t<Module_or_generate_item> p<673> c<671> l<12:173> el<12:179>
                            n<> u<671> t<Module_common_item> p<672> c<670> l<12:173> el<12:179>
                              n<> u<670> t<Elaboration_system_task> p<671> c<669> l<12:173> el<12:179>
                                n<stop> u<669> t<SIMPLE_IDENTIFIER> p<670> l<12:174> el<12:178>
                        n<> u<674> t<END> p<675> l<12:180> el<12:183>
        n<> u<689> t<Module_item> p<1179> c<688> s<695> l<12:192> el<12:193>
          n<> u<688> t<Non_port_module_item> p<689> c<687> l<12:192> el<12:193>
            n<> u<687> t<Module_or_generate_item> p<688> c<686> l<12:192> el<12:193>
              n<> u<686> t<Module_common_item> p<687> c<685> l<12:192> el<12:193>
                n<> u<685> t<Module_or_generate_item_declaration> p<686> c<684> l<12:192> el<12:193>
                  n<> u<684> t<Package_or_generate_item_declaration> p<685> l<12:192> el<12:193>
        n<> u<695> t<Module_item> p<1179> c<694> s<696> l<51:35> el<51:36>
          n<> u<694> t<Non_port_module_item> p<695> c<693> l<51:35> el<51:36>
            n<> u<693> t<Module_or_generate_item> p<694> c<692> l<51:35> el<51:36>
              n<> u<692> t<Module_common_item> p<693> c<691> l<51:35> el<51:36>
                n<> u<691> t<Module_or_generate_item_declaration> p<692> c<690> l<51:35> el<51:36>
                  n<> u<690> t<Package_or_generate_item_declaration> p<691> l<51:35> el<51:36>
        n<> u<696> t<Module_item> p<1179> s<697> l<12:27> el<12:27>
        n<> u<697> t<Module_item> p<1179> s<763> l<12:27> el<12:29>
        n<> u<763> t<Module_item> p<1179> c<762> s<769> l<12:30> el<12:181>
          n<> u<762> t<Non_port_module_item> p<763> c<761> l<12:30> el<12:181>
            n<> u<761> t<Module_or_generate_item> p<762> c<760> l<12:30> el<12:181>
              n<> u<760> t<Module_common_item> p<761> c<759> l<12:30> el<12:181>
                n<> u<759> t<Conditional_generate_construct> p<760> c<758> l<12:30> el<12:181>
                  n<> u<758> t<If_generate_construct> p<759> c<757> l<12:30> el<12:181>
                    n<> u<757> t<IF> p<758> s<714> l<12:30> el<12:32>
                    n<> u<714> t<Constant_expression> p<758> c<704> s<756> l<12:34> el<12:59>
                      n<> u<704> t<Constant_expression> p<714> c<703> s<713> l<12:34> el<12:45>
                        n<> u<703> t<Constant_primary> p<704> c<702> l<12:34> el<12:45>
                          n<> u<702> t<Constant_mintypmax_expression> p<703> c<701> l<12:35> el<12:44>
                            n<> u<701> t<Constant_expression> p<702> c<700> l<12:35> el<12:44>
                              n<> u<700> t<Constant_primary> p<701> c<699> l<12:35> el<12:44>
                                n<> u<699> t<Primary_literal> p<700> c<698> l<12:35> el<12:44>
                                  n<w_integer> u<698> t<SIMPLE_IDENTIFIER> p<699> l<12:35> el<12:44>
                      n<> u<713> t<FOUR_STATE_LOGIC_NOTEQUAL> p<714> s<712> l<12:46> el<12:49>
                      n<> u<712> t<Constant_expression> p<714> c<711> l<12:50> el<12:59>
                        n<> u<711> t<Constant_primary> p<712> c<710> l<12:50> el<12:59>
                          n<> u<710> t<Constant_mintypmax_expression> p<711> c<709> l<12:51> el<12:58>
                            n<> u<709> t<Constant_expression> p<710> c<708> l<12:51> el<12:58>
                              n<> u<708> t<UnaryOp_Minus> p<709> s<707> l<12:51> el<12:52>
                              n<> u<707> t<Constant_primary> p<709> c<706> l<12:52> el<12:58>
                                n<> u<706> t<Primary_literal> p<707> c<705> l<12:52> el<12:58>
                                  n<123456> u<705> t<INTEGRAL_NUMBER> p<706> l<12:52> el<12:58>
                    n<> u<756> t<Generate_item> p<758> c<755> l<12:61> el<12:181>
                      n<> u<755> t<Generate_begin_end_block> p<756> c<748> l<12:61> el<12:181>
                        n<> u<748> t<Generate_item> p<755> c<747> s<753> l<12:67> el<12:170>
                          n<> u<747> t<Module_or_generate_item> p<748> c<746> l<12:67> el<12:170>
                            n<> u<746> t<Module_common_item> p<747> c<745> l<12:67> el<12:170>
                              n<> u<745> t<Elaboration_system_task> p<746> c<744> l<12:67> el<12:170>
                                n<write> u<744> t<SIMPLE_IDENTIFIER> p<745> s<743> l<12:68> el<12:73>
                                n<> u<743> t<Argument_list> p<745> c<718> l<12:74> el<12:168>
                                  n<> u<718> t<Expression> p<743> c<717> s<723> l<12:74> el<12:113>
                                    n<> u<717> t<Primary> p<718> c<716> l<12:74> el<12:113>
                                      n<> u<716> t<Primary_literal> p<717> c<715> l<12:74> el<12:113>
                                        n<"%%Error: %s:%0d:  got='h%x exp='h%x\n"> u<715> t<QUOTED_STRING> p<716> l<12:74> el<12:113>
                                  n<> u<723> t<Argument> p<743> c<722> s<728> l<12:115> el<12:141>
                                    n<> u<722> t<Expression> p<723> c<721> l<12:115> el<12:141>
                                      n<> u<721> t<Primary> p<722> c<720> l<12:115> el<12:141>
                                        n<> u<720> t<Primary_literal> p<721> c<719> l<12:115> el<12:141>
                                          n<"$Source01/t_wire_types.v"> u<719> t<QUOTED_STRING> p<720> l<12:115> el<12:141>
                                  n<> u<728> t<Argument> p<743> c<727> s<734> l<12:142> el<12:144>
                                    n<> u<727> t<Expression> p<728> c<726> l<12:142> el<12:144>
                                      n<> u<726> t<Primary> p<727> c<725> l<12:142> el<12:144>
                                        n<> u<725> t<Primary_literal> p<726> c<724> l<12:142> el<12:144>
                                          n<52> u<724> t<INTEGRAL_NUMBER> p<725> l<12:142> el<12:144>
                                  n<> u<734> t<Argument> p<743> c<733> s<742> l<12:146> el<12:157>
                                    n<> u<733> t<Expression> p<734> c<732> l<12:146> el<12:157>
                                      n<> u<732> t<Expression> p<733> c<731> l<12:147> el<12:156>
                                        n<> u<731> t<Primary> p<732> c<730> l<12:147> el<12:156>
                                          n<> u<730> t<Primary_literal> p<731> c<729> l<12:147> el<12:156>
                                            n<w_integer> u<729> t<SIMPLE_IDENTIFIER> p<730> l<12:147> el<12:156>
                                  n<> u<742> t<Argument> p<743> c<741> l<12:159> el<12:168>
                                    n<> u<741> t<Expression> p<742> c<740> l<12:159> el<12:168>
                                      n<> u<740> t<Expression> p<741> c<739> l<12:160> el<12:167>
                                        n<> u<739> t<UnaryOp_Minus> p<740> s<738> l<12:160> el<12:161>
                                        n<> u<738> t<Expression> p<740> c<737> l<12:161> el<12:167>
                                          n<> u<737> t<Primary> p<738> c<736> l<12:161> el<12:167>
                                            n<> u<736> t<Primary_literal> p<737> c<735> l<12:161> el<12:167>
                                              n<123456> u<735> t<INTEGRAL_NUMBER> p<736> l<12:161> el<12:167>
                        n<> u<753> t<Generate_item> p<755> c<752> s<754> l<12:171> el<12:177>
                          n<> u<752> t<Module_or_generate_item> p<753> c<751> l<12:171> el<12:177>
                            n<> u<751> t<Module_common_item> p<752> c<750> l<12:171> el<12:177>
                              n<> u<750> t<Elaboration_system_task> p<751> c<749> l<12:171> el<12:177>
                                n<stop> u<749> t<SIMPLE_IDENTIFIER> p<750> l<12:172> el<12:176>
                        n<> u<754> t<END> p<755> l<12:178> el<12:181>
        n<> u<769> t<Module_item> p<1179> c<768> s<775> l<12:190> el<12:191>
          n<> u<768> t<Non_port_module_item> p<769> c<767> l<12:190> el<12:191>
            n<> u<767> t<Module_or_generate_item> p<768> c<766> l<12:190> el<12:191>
              n<> u<766> t<Module_common_item> p<767> c<765> l<12:190> el<12:191>
                n<> u<765> t<Module_or_generate_item_declaration> p<766> c<764> l<12:190> el<12:191>
                  n<> u<764> t<Package_or_generate_item_declaration> p<765> l<12:190> el<12:191>
        n<> u<775> t<Module_item> p<1179> c<774> s<776> l<52:34> el<52:35>
          n<> u<774> t<Non_port_module_item> p<775> c<773> l<52:34> el<52:35>
            n<> u<773> t<Module_or_generate_item> p<774> c<772> l<52:34> el<52:35>
              n<> u<772> t<Module_common_item> p<773> c<771> l<52:34> el<52:35>
                n<> u<771> t<Module_or_generate_item_declaration> p<772> c<770> l<52:34> el<52:35>
                  n<> u<770> t<Package_or_generate_item_declaration> p<771> l<52:34> el<52:35>
        n<> u<776> t<Module_item> p<1179> s<777> l<12:27> el<12:27>
        n<> u<777> t<Module_item> p<1179> s<840> l<12:27> el<12:29>
        n<> u<840> t<Module_item> p<1179> c<839> s<846> l<12:30> el<12:167>
          n<> u<839> t<Non_port_module_item> p<840> c<838> l<12:30> el<12:167>
            n<> u<838> t<Module_or_generate_item> p<839> c<837> l<12:30> el<12:167>
              n<> u<837> t<Module_common_item> p<838> c<836> l<12:30> el<12:167>
                n<> u<836> t<Conditional_generate_construct> p<837> c<835> l<12:30> el<12:167>
                  n<> u<835> t<If_generate_construct> p<836> c<834> l<12:30> el<12:167>
                    n<> u<834> t<IF> p<835> s<793> l<12:30> el<12:32>
                    n<> u<793> t<Constant_expression> p<835> c<784> s<833> l<12:34> el<12:52>
                      n<> u<784> t<Constant_expression> p<793> c<783> s<792> l<12:34> el<12:41>
                        n<> u<783> t<Constant_primary> p<784> c<782> l<12:34> el<12:41>
                          n<> u<782> t<Constant_mintypmax_expression> p<783> c<781> l<12:35> el<12:40>
                            n<> u<781> t<Constant_expression> p<782> c<780> l<12:35> el<12:40>
                              n<> u<780> t<Constant_primary> p<781> c<779> l<12:35> el<12:40>
                                n<> u<779> t<Primary_literal> p<780> c<778> l<12:35> el<12:40>
                                  n<w_bit> u<778> t<SIMPLE_IDENTIFIER> p<779> l<12:35> el<12:40>
                      n<> u<792> t<FOUR_STATE_LOGIC_NOTEQUAL> p<793> s<791> l<12:42> el<12:45>
                      n<> u<791> t<Constant_expression> p<793> c<790> l<12:46> el<12:52>
                        n<> u<790> t<Constant_primary> p<791> c<789> l<12:46> el<12:52>
                          n<> u<789> t<Constant_mintypmax_expression> p<790> c<788> l<12:47> el<12:51>
                            n<> u<788> t<Constant_expression> p<789> c<787> l<12:47> el<12:51>
                              n<> u<787> t<Constant_primary> p<788> c<786> l<12:47> el<12:51>
                                n<> u<786> t<Primary_literal> p<787> c<785> l<12:47> el<12:51>
                                  n<> u<785> t<ONE_TICK_b1> p<786> l<12:47> el<12:51>
                    n<> u<833> t<Generate_item> p<835> c<832> l<12:54> el<12:167>
                      n<> u<832> t<Generate_begin_end_block> p<833> c<825> l<12:54> el<12:167>
                        n<> u<825> t<Generate_item> p<832> c<824> s<830> l<12:60> el<12:156>
                          n<> u<824> t<Module_or_generate_item> p<825> c<823> l<12:60> el<12:156>
                            n<> u<823> t<Module_common_item> p<824> c<822> l<12:60> el<12:156>
                              n<> u<822> t<Elaboration_system_task> p<823> c<821> l<12:60> el<12:156>
                                n<write> u<821> t<SIMPLE_IDENTIFIER> p<822> s<820> l<12:61> el<12:66>
                                n<> u<820> t<Argument_list> p<822> c<797> l<12:67> el<12:154>
                                  n<> u<797> t<Expression> p<820> c<796> s<802> l<12:67> el<12:106>
                                    n<> u<796> t<Primary> p<797> c<795> l<12:67> el<12:106>
                                      n<> u<795> t<Primary_literal> p<796> c<794> l<12:67> el<12:106>
                                        n<"%%Error: %s:%0d:  got='h%x exp='h%x\n"> u<794> t<QUOTED_STRING> p<795> l<12:67> el<12:106>
                                  n<> u<802> t<Argument> p<820> c<801> s<807> l<12:108> el<12:134>
                                    n<> u<801> t<Expression> p<802> c<800> l<12:108> el<12:134>
                                      n<> u<800> t<Primary> p<801> c<799> l<12:108> el<12:134>
                                        n<> u<799> t<Primary_literal> p<800> c<798> l<12:108> el<12:134>
                                          n<"$Source01/t_wire_types.v"> u<798> t<QUOTED_STRING> p<799> l<12:108> el<12:134>
                                  n<> u<807> t<Argument> p<820> c<806> s<813> l<12:135> el<12:137>
                                    n<> u<806> t<Expression> p<807> c<805> l<12:135> el<12:137>
                                      n<> u<805> t<Primary> p<806> c<804> l<12:135> el<12:137>
                                        n<> u<804> t<Primary_literal> p<805> c<803> l<12:135> el<12:137>
                                          n<53> u<803> t<INTEGRAL_NUMBER> p<804> l<12:135> el<12:137>
                                  n<> u<813> t<Argument> p<820> c<812> s<819> l<12:139> el<12:146>
                                    n<> u<812> t<Expression> p<813> c<811> l<12:139> el<12:146>
                                      n<> u<811> t<Expression> p<812> c<810> l<12:140> el<12:145>
                                        n<> u<810> t<Primary> p<811> c<809> l<12:140> el<12:145>
                                          n<> u<809> t<Primary_literal> p<810> c<808> l<12:140> el<12:145>
                                            n<w_bit> u<808> t<SIMPLE_IDENTIFIER> p<809> l<12:140> el<12:145>
                                  n<> u<819> t<Argument> p<820> c<818> l<12:148> el<12:154>
                                    n<> u<818> t<Expression> p<819> c<817> l<12:148> el<12:154>
                                      n<> u<817> t<Expression> p<818> c<816> l<12:149> el<12:153>
                                        n<> u<816> t<Primary> p<817> c<815> l<12:149> el<12:153>
                                          n<> u<815> t<Primary_literal> p<816> c<814> l<12:149> el<12:153>
                                            n<> u<814> t<ONE_TICK_b1> p<815> l<12:149> el<12:153>
                        n<> u<830> t<Generate_item> p<832> c<829> s<831> l<12:157> el<12:163>
                          n<> u<829> t<Module_or_generate_item> p<830> c<828> l<12:157> el<12:163>
                            n<> u<828> t<Module_common_item> p<829> c<827> l<12:157> el<12:163>
                              n<> u<827> t<Elaboration_system_task> p<828> c<826> l<12:157> el<12:163>
                                n<stop> u<826> t<SIMPLE_IDENTIFIER> p<827> l<12:158> el<12:162>
                        n<> u<831> t<END> p<832> l<12:164> el<12:167>
        n<> u<846> t<Module_item> p<1179> c<845> s<852> l<12:176> el<12:177>
          n<> u<845> t<Non_port_module_item> p<846> c<844> l<12:176> el<12:177>
            n<> u<844> t<Module_or_generate_item> p<845> c<843> l<12:176> el<12:177>
              n<> u<843> t<Module_common_item> p<844> c<842> l<12:176> el<12:177>
                n<> u<842> t<Module_or_generate_item_declaration> p<843> c<841> l<12:176> el<12:177>
                  n<> u<841> t<Package_or_generate_item_declaration> p<842> l<12:176> el<12:177>
        n<> u<852> t<Module_item> p<1179> c<851> s<853> l<53:27> el<53:28>
          n<> u<851> t<Non_port_module_item> p<852> c<850> l<53:27> el<53:28>
            n<> u<850> t<Module_or_generate_item> p<851> c<849> l<53:27> el<53:28>
              n<> u<849> t<Module_common_item> p<850> c<848> l<53:27> el<53:28>
                n<> u<848> t<Module_or_generate_item_declaration> p<849> c<847> l<53:27> el<53:28>
                  n<> u<847> t<Package_or_generate_item_declaration> p<848> l<53:27> el<53:28>
        n<> u<853> t<Module_item> p<1179> s<854> l<12:27> el<12:27>
        n<> u<854> t<Module_item> p<1179> s<917> l<12:27> el<12:29>
        n<> u<917> t<Module_item> p<1179> c<916> s<923> l<12:30> el<12:171>
          n<> u<916> t<Non_port_module_item> p<917> c<915> l<12:30> el<12:171>
            n<> u<915> t<Module_or_generate_item> p<916> c<914> l<12:30> el<12:171>
              n<> u<914> t<Module_common_item> p<915> c<913> l<12:30> el<12:171>
                n<> u<913> t<Conditional_generate_construct> p<914> c<912> l<12:30> el<12:171>
                  n<> u<912> t<If_generate_construct> p<913> c<911> l<12:30> el<12:171>
                    n<> u<911> t<IF> p<912> s<870> l<12:30> el<12:32>
                    n<> u<870> t<Constant_expression> p<912> c<861> s<910> l<12:34> el<12:54>
                      n<> u<861> t<Constant_expression> p<870> c<860> s<869> l<12:34> el<12:43>
                        n<> u<860> t<Constant_primary> p<861> c<859> l<12:34> el<12:43>
                          n<> u<859> t<Constant_mintypmax_expression> p<860> c<858> l<12:35> el<12:42>
                            n<> u<858> t<Constant_expression> p<859> c<857> l<12:35> el<12:42>
                              n<> u<857> t<Constant_primary> p<858> c<856> l<12:35> el<12:42>
                                n<> u<856> t<Primary_literal> p<857> c<855> l<12:35> el<12:42>
                                  n<w_logic> u<855> t<SIMPLE_IDENTIFIER> p<856> l<12:35> el<12:42>
                      n<> u<869> t<FOUR_STATE_LOGIC_NOTEQUAL> p<870> s<868> l<12:44> el<12:47>
                      n<> u<868> t<Constant_expression> p<870> c<867> l<12:48> el<12:54>
                        n<> u<867> t<Constant_primary> p<868> c<866> l<12:48> el<12:54>
                          n<> u<866> t<Constant_mintypmax_expression> p<867> c<865> l<12:49> el<12:53>
                            n<> u<865> t<Constant_expression> p<866> c<864> l<12:49> el<12:53>
                              n<> u<864> t<Constant_primary> p<865> c<863> l<12:49> el<12:53>
                                n<> u<863> t<Primary_literal> p<864> c<862> l<12:49> el<12:53>
                                  n<> u<862> t<ONE_TICK_b1> p<863> l<12:49> el<12:53>
                    n<> u<910> t<Generate_item> p<912> c<909> l<12:56> el<12:171>
                      n<> u<909> t<Generate_begin_end_block> p<910> c<902> l<12:56> el<12:171>
                        n<> u<902> t<Generate_item> p<909> c<901> s<907> l<12:62> el<12:160>
                          n<> u<901> t<Module_or_generate_item> p<902> c<900> l<12:62> el<12:160>
                            n<> u<900> t<Module_common_item> p<901> c<899> l<12:62> el<12:160>
                              n<> u<899> t<Elaboration_system_task> p<900> c<898> l<12:62> el<12:160>
                                n<write> u<898> t<SIMPLE_IDENTIFIER> p<899> s<897> l<12:63> el<12:68>
                                n<> u<897> t<Argument_list> p<899> c<874> l<12:69> el<12:158>
                                  n<> u<874> t<Expression> p<897> c<873> s<879> l<12:69> el<12:108>
                                    n<> u<873> t<Primary> p<874> c<872> l<12:69> el<12:108>
                                      n<> u<872> t<Primary_literal> p<873> c<871> l<12:69> el<12:108>
                                        n<"%%Error: %s:%0d:  got='h%x exp='h%x\n"> u<871> t<QUOTED_STRING> p<872> l<12:69> el<12:108>
                                  n<> u<879> t<Argument> p<897> c<878> s<884> l<12:110> el<12:136>
                                    n<> u<878> t<Expression> p<879> c<877> l<12:110> el<12:136>
                                      n<> u<877> t<Primary> p<878> c<876> l<12:110> el<12:136>
                                        n<> u<876> t<Primary_literal> p<877> c<875> l<12:110> el<12:136>
                                          n<"$Source01/t_wire_types.v"> u<875> t<QUOTED_STRING> p<876> l<12:110> el<12:136>
                                  n<> u<884> t<Argument> p<897> c<883> s<890> l<12:137> el<12:139>
                                    n<> u<883> t<Expression> p<884> c<882> l<12:137> el<12:139>
                                      n<> u<882> t<Primary> p<883> c<881> l<12:137> el<12:139>
                                        n<> u<881> t<Primary_literal> p<882> c<880> l<12:137> el<12:139>
                                          n<54> u<880> t<INTEGRAL_NUMBER> p<881> l<12:137> el<12:139>
                                  n<> u<890> t<Argument> p<897> c<889> s<896> l<12:141> el<12:150>
                                    n<> u<889> t<Expression> p<890> c<888> l<12:141> el<12:150>
                                      n<> u<888> t<Expression> p<889> c<887> l<12:142> el<12:149>
                                        n<> u<887> t<Primary> p<888> c<886> l<12:142> el<12:149>
                                          n<> u<886> t<Primary_literal> p<887> c<885> l<12:142> el<12:149>
                                            n<w_logic> u<885> t<SIMPLE_IDENTIFIER> p<886> l<12:142> el<12:149>
                                  n<> u<896> t<Argument> p<897> c<895> l<12:152> el<12:158>
                                    n<> u<895> t<Expression> p<896> c<894> l<12:152> el<12:158>
                                      n<> u<894> t<Expression> p<895> c<893> l<12:153> el<12:157>
                                        n<> u<893> t<Primary> p<894> c<892> l<12:153> el<12:157>
                                          n<> u<892> t<Primary_literal> p<893> c<891> l<12:153> el<12:157>
                                            n<> u<891> t<ONE_TICK_b1> p<892> l<12:153> el<12:157>
                        n<> u<907> t<Generate_item> p<909> c<906> s<908> l<12:161> el<12:167>
                          n<> u<906> t<Module_or_generate_item> p<907> c<905> l<12:161> el<12:167>
                            n<> u<905> t<Module_common_item> p<906> c<904> l<12:161> el<12:167>
                              n<> u<904> t<Elaboration_system_task> p<905> c<903> l<12:161> el<12:167>
                                n<stop> u<903> t<SIMPLE_IDENTIFIER> p<904> l<12:162> el<12:166>
                        n<> u<908> t<END> p<909> l<12:168> el<12:171>
        n<> u<923> t<Module_item> p<1179> c<922> s<929> l<12:180> el<12:181>
          n<> u<922> t<Non_port_module_item> p<923> c<921> l<12:180> el<12:181>
            n<> u<921> t<Module_or_generate_item> p<922> c<920> l<12:180> el<12:181>
              n<> u<920> t<Module_common_item> p<921> c<919> l<12:180> el<12:181>
                n<> u<919> t<Module_or_generate_item_declaration> p<920> c<918> l<12:180> el<12:181>
                  n<> u<918> t<Package_or_generate_item_declaration> p<919> l<12:180> el<12:181>
        n<> u<929> t<Module_item> p<1179> c<928> s<930> l<54:29> el<54:30>
          n<> u<928> t<Non_port_module_item> p<929> c<927> l<54:29> el<54:30>
            n<> u<927> t<Module_or_generate_item> p<928> c<926> l<54:29> el<54:30>
              n<> u<926> t<Module_common_item> p<927> c<925> l<54:29> el<54:30>
                n<> u<925> t<Module_or_generate_item_declaration> p<926> c<924> l<54:29> el<54:30>
                  n<> u<924> t<Package_or_generate_item_declaration> p<925> l<54:29> el<54:30>
        n<> u<930> t<Module_item> p<1179> s<931> l<12:27> el<12:27>
        n<> u<931> t<Module_item> p<1179> s<994> l<12:27> el<12:29>
        n<> u<994> t<Module_item> p<1179> c<993> s<1000> l<12:30> el<12:171>
          n<> u<993> t<Non_port_module_item> p<994> c<992> l<12:30> el<12:171>
            n<> u<992> t<Module_or_generate_item> p<993> c<991> l<12:30> el<12:171>
              n<> u<991> t<Module_common_item> p<992> c<990> l<12:30> el<12:171>
                n<> u<990> t<Conditional_generate_construct> p<991> c<989> l<12:30> el<12:171>
                  n<> u<989> t<If_generate_construct> p<990> c<988> l<12:30> el<12:171>
                    n<> u<988> t<IF> p<989> s<947> l<12:30> el<12:32>
                    n<> u<947> t<Constant_expression> p<989> c<938> s<987> l<12:34> el<12:54>
                      n<> u<938> t<Constant_expression> p<947> c<937> s<946> l<12:34> el<12:42>
                        n<> u<937> t<Constant_primary> p<938> c<936> l<12:34> el<12:42>
                          n<> u<936> t<Constant_mintypmax_expression> p<937> c<935> l<12:35> el<12:41>
                            n<> u<935> t<Constant_expression> p<936> c<934> l<12:35> el<12:41>
                              n<> u<934> t<Constant_primary> p<935> c<933> l<12:35> el<12:41>
                                n<> u<933> t<Primary_literal> p<934> c<932> l<12:35> el<12:41>
                                  n<w_bit2> u<932> t<SIMPLE_IDENTIFIER> p<933> l<12:35> el<12:41>
                      n<> u<946> t<FOUR_STATE_LOGIC_NOTEQUAL> p<947> s<945> l<12:43> el<12:46>
                      n<> u<945> t<Constant_expression> p<947> c<944> l<12:47> el<12:54>
                        n<> u<944> t<Constant_primary> p<945> c<943> l<12:47> el<12:54>
                          n<> u<943> t<Constant_mintypmax_expression> p<944> c<942> l<12:48> el<12:53>
                            n<> u<942> t<Constant_expression> p<943> c<941> l<12:48> el<12:53>
                              n<> u<941> t<Constant_primary> p<942> c<940> l<12:48> el<12:53>
                                n<> u<940> t<Primary_literal> p<941> c<939> l<12:48> el<12:53>
                                  n<2'b10> u<939> t<INTEGRAL_NUMBER> p<940> l<12:48> el<12:53>
                    n<> u<987> t<Generate_item> p<989> c<986> l<12:56> el<12:171>
                      n<> u<986> t<Generate_begin_end_block> p<987> c<979> l<12:56> el<12:171>
                        n<> u<979> t<Generate_item> p<986> c<978> s<984> l<12:62> el<12:160>
                          n<> u<978> t<Module_or_generate_item> p<979> c<977> l<12:62> el<12:160>
                            n<> u<977> t<Module_common_item> p<978> c<976> l<12:62> el<12:160>
                              n<> u<976> t<Elaboration_system_task> p<977> c<975> l<12:62> el<12:160>
                                n<write> u<975> t<SIMPLE_IDENTIFIER> p<976> s<974> l<12:63> el<12:68>
                                n<> u<974> t<Argument_list> p<976> c<951> l<12:69> el<12:158>
                                  n<> u<951> t<Expression> p<974> c<950> s<956> l<12:69> el<12:108>
                                    n<> u<950> t<Primary> p<951> c<949> l<12:69> el<12:108>
                                      n<> u<949> t<Primary_literal> p<950> c<948> l<12:69> el<12:108>
                                        n<"%%Error: %s:%0d:  got='h%x exp='h%x\n"> u<948> t<QUOTED_STRING> p<949> l<12:69> el<12:108>
                                  n<> u<956> t<Argument> p<974> c<955> s<961> l<12:110> el<12:136>
                                    n<> u<955> t<Expression> p<956> c<954> l<12:110> el<12:136>
                                      n<> u<954> t<Primary> p<955> c<953> l<12:110> el<12:136>
                                        n<> u<953> t<Primary_literal> p<954> c<952> l<12:110> el<12:136>
                                          n<"$Source01/t_wire_types.v"> u<952> t<QUOTED_STRING> p<953> l<12:110> el<12:136>
                                  n<> u<961> t<Argument> p<974> c<960> s<967> l<12:137> el<12:139>
                                    n<> u<960> t<Expression> p<961> c<959> l<12:137> el<12:139>
                                      n<> u<959> t<Primary> p<960> c<958> l<12:137> el<12:139>
                                        n<> u<958> t<Primary_literal> p<959> c<957> l<12:137> el<12:139>
                                          n<55> u<957> t<INTEGRAL_NUMBER> p<958> l<12:137> el<12:139>
                                  n<> u<967> t<Argument> p<974> c<966> s<973> l<12:141> el<12:149>
                                    n<> u<966> t<Expression> p<967> c<965> l<12:141> el<12:149>
                                      n<> u<965> t<Expression> p<966> c<964> l<12:142> el<12:148>
                                        n<> u<964> t<Primary> p<965> c<963> l<12:142> el<12:148>
                                          n<> u<963> t<Primary_literal> p<964> c<962> l<12:142> el<12:148>
                                            n<w_bit2> u<962> t<SIMPLE_IDENTIFIER> p<963> l<12:142> el<12:148>
                                  n<> u<973> t<Argument> p<974> c<972> l<12:151> el<12:158>
                                    n<> u<972> t<Expression> p<973> c<971> l<12:151> el<12:158>
                                      n<> u<971> t<Expression> p<972> c<970> l<12:152> el<12:157>
                                        n<> u<970> t<Primary> p<971> c<969> l<12:152> el<12:157>
                                          n<> u<969> t<Primary_literal> p<970> c<968> l<12:152> el<12:157>
                                            n<2'b10> u<968> t<INTEGRAL_NUMBER> p<969> l<12:152> el<12:157>
                        n<> u<984> t<Generate_item> p<986> c<983> s<985> l<12:161> el<12:167>
                          n<> u<983> t<Module_or_generate_item> p<984> c<982> l<12:161> el<12:167>
                            n<> u<982> t<Module_common_item> p<983> c<981> l<12:161> el<12:167>
                              n<> u<981> t<Elaboration_system_task> p<982> c<980> l<12:161> el<12:167>
                                n<stop> u<980> t<SIMPLE_IDENTIFIER> p<981> l<12:162> el<12:166>
                        n<> u<985> t<END> p<986> l<12:168> el<12:171>
        n<> u<1000> t<Module_item> p<1179> c<999> s<1006> l<12:180> el<12:181>
          n<> u<999> t<Non_port_module_item> p<1000> c<998> l<12:180> el<12:181>
            n<> u<998> t<Module_or_generate_item> p<999> c<997> l<12:180> el<12:181>
              n<> u<997> t<Module_common_item> p<998> c<996> l<12:180> el<12:181>
                n<> u<996> t<Module_or_generate_item_declaration> p<997> c<995> l<12:180> el<12:181>
                  n<> u<995> t<Package_or_generate_item_declaration> p<996> l<12:180> el<12:181>
        n<> u<1006> t<Module_item> p<1179> c<1005> s<1007> l<55:29> el<55:30>
          n<> u<1005> t<Non_port_module_item> p<1006> c<1004> l<55:29> el<55:30>
            n<> u<1004> t<Module_or_generate_item> p<1005> c<1003> l<55:29> el<55:30>
              n<> u<1003> t<Module_common_item> p<1004> c<1002> l<55:29> el<55:30>
                n<> u<1002> t<Module_or_generate_item_declaration> p<1003> c<1001> l<55:29> el<55:30>
                  n<> u<1001> t<Package_or_generate_item_declaration> p<1002> l<55:29> el<55:30>
        n<> u<1007> t<Module_item> p<1179> s<1008> l<12:27> el<12:27>
        n<> u<1008> t<Module_item> p<1179> s<1071> l<12:27> el<12:29>
        n<> u<1071> t<Module_item> p<1179> c<1070> s<1077> l<12:30> el<12:175>
          n<> u<1070> t<Non_port_module_item> p<1071> c<1069> l<12:30> el<12:175>
            n<> u<1069> t<Module_or_generate_item> p<1070> c<1068> l<12:30> el<12:175>
              n<> u<1068> t<Module_common_item> p<1069> c<1067> l<12:30> el<12:175>
                n<> u<1067> t<Conditional_generate_construct> p<1068> c<1066> l<12:30> el<12:175>
                  n<> u<1066> t<If_generate_construct> p<1067> c<1065> l<12:30> el<12:175>
                    n<> u<1065> t<IF> p<1066> s<1024> l<12:30> el<12:32>
                    n<> u<1024> t<Constant_expression> p<1066> c<1015> s<1064> l<12:34> el<12:56>
                      n<> u<1015> t<Constant_expression> p<1024> c<1014> s<1023> l<12:34> el<12:44>
                        n<> u<1014> t<Constant_primary> p<1015> c<1013> l<12:34> el<12:44>
                          n<> u<1013> t<Constant_mintypmax_expression> p<1014> c<1012> l<12:35> el<12:43>
                            n<> u<1012> t<Constant_expression> p<1013> c<1011> l<12:35> el<12:43>
                              n<> u<1011> t<Constant_primary> p<1012> c<1010> l<12:35> el<12:43>
                                n<> u<1010> t<Primary_literal> p<1011> c<1009> l<12:35> el<12:43>
                                  n<w_logic2> u<1009> t<SIMPLE_IDENTIFIER> p<1010> l<12:35> el<12:43>
                      n<> u<1023> t<FOUR_STATE_LOGIC_NOTEQUAL> p<1024> s<1022> l<12:45> el<12:48>
                      n<> u<1022> t<Constant_expression> p<1024> c<1021> l<12:49> el<12:56>
                        n<> u<1021> t<Constant_primary> p<1022> c<1020> l<12:49> el<12:56>
                          n<> u<1020> t<Constant_mintypmax_expression> p<1021> c<1019> l<12:50> el<12:55>
                            n<> u<1019> t<Constant_expression> p<1020> c<1018> l<12:50> el<12:55>
                              n<> u<1018> t<Constant_primary> p<1019> c<1017> l<12:50> el<12:55>
                                n<> u<1017> t<Primary_literal> p<1018> c<1016> l<12:50> el<12:55>
                                  n<2'b10> u<1016> t<INTEGRAL_NUMBER> p<1017> l<12:50> el<12:55>
                    n<> u<1064> t<Generate_item> p<1066> c<1063> l<12:58> el<12:175>
                      n<> u<1063> t<Generate_begin_end_block> p<1064> c<1056> l<12:58> el<12:175>
                        n<> u<1056> t<Generate_item> p<1063> c<1055> s<1061> l<12:64> el<12:164>
                          n<> u<1055> t<Module_or_generate_item> p<1056> c<1054> l<12:64> el<12:164>
                            n<> u<1054> t<Module_common_item> p<1055> c<1053> l<12:64> el<12:164>
                              n<> u<1053> t<Elaboration_system_task> p<1054> c<1052> l<12:64> el<12:164>
                                n<write> u<1052> t<SIMPLE_IDENTIFIER> p<1053> s<1051> l<12:65> el<12:70>
                                n<> u<1051> t<Argument_list> p<1053> c<1028> l<12:71> el<12:162>
                                  n<> u<1028> t<Expression> p<1051> c<1027> s<1033> l<12:71> el<12:110>
                                    n<> u<1027> t<Primary> p<1028> c<1026> l<12:71> el<12:110>
                                      n<> u<1026> t<Primary_literal> p<1027> c<1025> l<12:71> el<12:110>
                                        n<"%%Error: %s:%0d:  got='h%x exp='h%x\n"> u<1025> t<QUOTED_STRING> p<1026> l<12:71> el<12:110>
                                  n<> u<1033> t<Argument> p<1051> c<1032> s<1038> l<12:112> el<12:138>
                                    n<> u<1032> t<Expression> p<1033> c<1031> l<12:112> el<12:138>
                                      n<> u<1031> t<Primary> p<1032> c<1030> l<12:112> el<12:138>
                                        n<> u<1030> t<Primary_literal> p<1031> c<1029> l<12:112> el<12:138>
                                          n<"$Source01/t_wire_types.v"> u<1029> t<QUOTED_STRING> p<1030> l<12:112> el<12:138>
                                  n<> u<1038> t<Argument> p<1051> c<1037> s<1044> l<12:139> el<12:141>
                                    n<> u<1037> t<Expression> p<1038> c<1036> l<12:139> el<12:141>
                                      n<> u<1036> t<Primary> p<1037> c<1035> l<12:139> el<12:141>
                                        n<> u<1035> t<Primary_literal> p<1036> c<1034> l<12:139> el<12:141>
                                          n<56> u<1034> t<INTEGRAL_NUMBER> p<1035> l<12:139> el<12:141>
                                  n<> u<1044> t<Argument> p<1051> c<1043> s<1050> l<12:143> el<12:153>
                                    n<> u<1043> t<Expression> p<1044> c<1042> l<12:143> el<12:153>
                                      n<> u<1042> t<Expression> p<1043> c<1041> l<12:144> el<12:152>
                                        n<> u<1041> t<Primary> p<1042> c<1040> l<12:144> el<12:152>
                                          n<> u<1040> t<Primary_literal> p<1041> c<1039> l<12:144> el<12:152>
                                            n<w_logic2> u<1039> t<SIMPLE_IDENTIFIER> p<1040> l<12:144> el<12:152>
                                  n<> u<1050> t<Argument> p<1051> c<1049> l<12:155> el<12:162>
                                    n<> u<1049> t<Expression> p<1050> c<1048> l<12:155> el<12:162>
                                      n<> u<1048> t<Expression> p<1049> c<1047> l<12:156> el<12:161>
                                        n<> u<1047> t<Primary> p<1048> c<1046> l<12:156> el<12:161>
                                          n<> u<1046> t<Primary_literal> p<1047> c<1045> l<12:156> el<12:161>
                                            n<2'b10> u<1045> t<INTEGRAL_NUMBER> p<1046> l<12:156> el<12:161>
                        n<> u<1061> t<Generate_item> p<1063> c<1060> s<1062> l<12:165> el<12:171>
                          n<> u<1060> t<Module_or_generate_item> p<1061> c<1059> l<12:165> el<12:171>
                            n<> u<1059> t<Module_common_item> p<1060> c<1058> l<12:165> el<12:171>
                              n<> u<1058> t<Elaboration_system_task> p<1059> c<1057> l<12:165> el<12:171>
                                n<stop> u<1057> t<SIMPLE_IDENTIFIER> p<1058> l<12:166> el<12:170>
                        n<> u<1062> t<END> p<1063> l<12:172> el<12:175>
        n<> u<1077> t<Module_item> p<1179> c<1076> s<1083> l<12:184> el<12:185>
          n<> u<1076> t<Non_port_module_item> p<1077> c<1075> l<12:184> el<12:185>
            n<> u<1075> t<Module_or_generate_item> p<1076> c<1074> l<12:184> el<12:185>
              n<> u<1074> t<Module_common_item> p<1075> c<1073> l<12:184> el<12:185>
                n<> u<1073> t<Module_or_generate_item_declaration> p<1074> c<1072> l<12:184> el<12:185>
                  n<> u<1072> t<Package_or_generate_item_declaration> p<1073> l<12:184> el<12:185>
        n<> u<1083> t<Module_item> p<1179> c<1082> s<1084> l<56:31> el<56:32>
          n<> u<1082> t<Non_port_module_item> p<1083> c<1081> l<56:31> el<56:32>
            n<> u<1081> t<Module_or_generate_item> p<1082> c<1080> l<56:31> el<56:32>
              n<> u<1080> t<Module_common_item> p<1081> c<1079> l<56:31> el<56:32>
                n<> u<1079> t<Module_or_generate_item_declaration> p<1080> c<1078> l<56:31> el<56:32>
                  n<> u<1078> t<Package_or_generate_item_declaration> p<1079> l<56:31> el<56:32>
        n<> u<1084> t<Module_item> p<1179> s<1085> l<13:27> el<13:27>
        n<> u<1085> t<Module_item> p<1179> s<1148> l<13:27> el<13:29>
        n<> u<1148> t<Module_item> p<1179> c<1147> s<1154> l<13:30> el<13:164>
          n<> u<1147> t<Non_port_module_item> p<1148> c<1146> l<13:30> el<13:164>
            n<> u<1146> t<Module_or_generate_item> p<1147> c<1145> l<13:30> el<13:164>
              n<> u<1145> t<Module_common_item> p<1146> c<1144> l<13:30> el<13:164>
                n<> u<1144> t<Conditional_generate_construct> p<1145> c<1143> l<13:30> el<13:164>
                  n<> u<1143> t<If_generate_construct> p<1144> c<1142> l<13:30> el<13:164>
                    n<> u<1142> t<IF> p<1143> s<1101> l<13:30> el<13:32>
                    n<> u<1101> t<Constant_expression> p<1143> c<1092> s<1141> l<13:34> el<13:52>
                      n<> u<1092> t<Constant_expression> p<1101> c<1091> s<1100> l<13:34> el<13:42>
                        n<> u<1091> t<Constant_primary> p<1092> c<1090> l<13:34> el<13:42>
                          n<> u<1090> t<Constant_mintypmax_expression> p<1091> c<1089> l<13:35> el<13:41>
                            n<> u<1089> t<Constant_expression> p<1090> c<1088> l<13:35> el<13:41>
                              n<> u<1088> t<Constant_primary> p<1089> c<1087> l<13:35> el<13:41>
                                n<> u<1087> t<Primary_literal> p<1088> c<1086> l<13:35> el<13:41>
                                  n<w_real> u<1086> t<SIMPLE_IDENTIFIER> p<1087> l<13:35> el<13:41>
                      n<> u<1100> t<NOTEQUAL> p<1101> s<1099> l<13:43> el<13:45>
                      n<> u<1099> t<Constant_expression> p<1101> c<1098> l<13:46> el<13:52>
                        n<> u<1098> t<Constant_primary> p<1099> c<1097> l<13:46> el<13:52>
                          n<> u<1097> t<Constant_mintypmax_expression> p<1098> c<1096> l<13:47> el<13:51>
                            n<> u<1096> t<Constant_expression> p<1097> c<1095> l<13:47> el<13:51>
                              n<> u<1095> t<Constant_primary> p<1096> c<1094> l<13:47> el<13:51>
                                n<> u<1094> t<Primary_literal> p<1095> c<1093> l<13:47> el<13:51>
                                  n<3.14> u<1093> t<REAL_NUMBER> p<1094> l<13:47> el<13:51>
                    n<> u<1141> t<Generate_item> p<1143> c<1140> l<13:54> el<13:164>
                      n<> u<1140> t<Generate_begin_end_block> p<1141> c<1133> l<13:54> el<13:164>
                        n<> u<1133> t<Generate_item> p<1140> c<1132> s<1138> l<13:60> el<13:153>
                          n<> u<1132> t<Module_or_generate_item> p<1133> c<1131> l<13:60> el<13:153>
                            n<> u<1131> t<Module_common_item> p<1132> c<1130> l<13:60> el<13:153>
                              n<> u<1130> t<Elaboration_system_task> p<1131> c<1129> l<13:60> el<13:153>
                                n<write> u<1129> t<SIMPLE_IDENTIFIER> p<1130> s<1128> l<13:61> el<13:66>
                                n<> u<1128> t<Argument_list> p<1130> c<1105> l<13:67> el<13:151>
                                  n<> u<1105> t<Expression> p<1128> c<1104> s<1110> l<13:67> el<13:102>
                                    n<> u<1104> t<Primary> p<1105> c<1103> l<13:67> el<13:102>
                                      n<> u<1103> t<Primary_literal> p<1104> c<1102> l<13:67> el<13:102>
                                        n<"%%Error: %s:%0d:  got=%g exp=%g\n"> u<1102> t<QUOTED_STRING> p<1103> l<13:67> el<13:102>
                                  n<> u<1110> t<Argument> p<1128> c<1109> s<1115> l<13:104> el<13:130>
                                    n<> u<1109> t<Expression> p<1110> c<1108> l<13:104> el<13:130>
                                      n<> u<1108> t<Primary> p<1109> c<1107> l<13:104> el<13:130>
                                        n<> u<1107> t<Primary_literal> p<1108> c<1106> l<13:104> el<13:130>
                                          n<"$Source01/t_wire_types.v"> u<1106> t<QUOTED_STRING> p<1107> l<13:104> el<13:130>
                                  n<> u<1115> t<Argument> p<1128> c<1114> s<1121> l<13:131> el<13:133>
                                    n<> u<1114> t<Expression> p<1115> c<1113> l<13:131> el<13:133>
                                      n<> u<1113> t<Primary> p<1114> c<1112> l<13:131> el<13:133>
                                        n<> u<1112> t<Primary_literal> p<1113> c<1111> l<13:131> el<13:133>
                                          n<57> u<1111> t<INTEGRAL_NUMBER> p<1112> l<13:131> el<13:133>
                                  n<> u<1121> t<Argument> p<1128> c<1120> s<1127> l<13:135> el<13:143>
                                    n<> u<1120> t<Expression> p<1121> c<1119> l<13:135> el<13:143>
                                      n<> u<1119> t<Expression> p<1120> c<1118> l<13:136> el<13:142>
                                        n<> u<1118> t<Primary> p<1119> c<1117> l<13:136> el<13:142>
                                          n<> u<1117> t<Primary_literal> p<1118> c<1116> l<13:136> el<13:142>
                                            n<w_real> u<1116> t<SIMPLE_IDENTIFIER> p<1117> l<13:136> el<13:142>
                                  n<> u<1127> t<Argument> p<1128> c<1126> l<13:145> el<13:151>
                                    n<> u<1126> t<Expression> p<1127> c<1125> l<13:145> el<13:151>
                                      n<> u<1125> t<Expression> p<1126> c<1124> l<13:146> el<13:150>
                                        n<> u<1124> t<Primary> p<1125> c<1123> l<13:146> el<13:150>
                                          n<> u<1123> t<Primary_literal> p<1124> c<1122> l<13:146> el<13:150>
                                            n<3.14> u<1122> t<REAL_NUMBER> p<1123> l<13:146> el<13:150>
                        n<> u<1138> t<Generate_item> p<1140> c<1137> s<1139> l<13:154> el<13:160>
                          n<> u<1137> t<Module_or_generate_item> p<1138> c<1136> l<13:154> el<13:160>
                            n<> u<1136> t<Module_common_item> p<1137> c<1135> l<13:154> el<13:160>
                              n<> u<1135> t<Elaboration_system_task> p<1136> c<1134> l<13:154> el<13:160>
                                n<stop> u<1134> t<SIMPLE_IDENTIFIER> p<1135> l<13:155> el<13:159>
                        n<> u<1139> t<END> p<1140> l<13:161> el<13:164>
        n<> u<1154> t<Module_item> p<1179> c<1153> s<1160> l<13:173> el<13:174>
          n<> u<1153> t<Non_port_module_item> p<1154> c<1152> l<13:173> el<13:174>
            n<> u<1152> t<Module_or_generate_item> p<1153> c<1151> l<13:173> el<13:174>
              n<> u<1151> t<Module_common_item> p<1152> c<1150> l<13:173> el<13:174>
                n<> u<1150> t<Module_or_generate_item_declaration> p<1151> c<1149> l<13:173> el<13:174>
                  n<> u<1149> t<Package_or_generate_item_declaration> p<1150> l<13:173> el<13:174>
        n<> u<1160> t<Module_item> p<1179> c<1159> s<1171> l<57:28> el<57:29>
          n<> u<1159> t<Non_port_module_item> p<1160> c<1158> l<57:28> el<57:29>
            n<> u<1158> t<Module_or_generate_item> p<1159> c<1157> l<57:28> el<57:29>
              n<> u<1157> t<Module_common_item> p<1158> c<1156> l<57:28> el<57:29>
                n<> u<1156> t<Module_or_generate_item_declaration> p<1157> c<1155> l<57:28> el<57:29>
                  n<> u<1155> t<Package_or_generate_item_declaration> p<1156> l<57:28> el<57:29>
        n<> u<1171> t<Module_item> p<1179> c<1170> s<1177> l<58:7> el<58:40>
          n<> u<1170> t<Non_port_module_item> p<1171> c<1169> l<58:7> el<58:40>
            n<> u<1169> t<Module_or_generate_item> p<1170> c<1168> l<58:7> el<58:40>
              n<> u<1168> t<Module_common_item> p<1169> c<1167> l<58:7> el<58:40>
                n<> u<1167> t<Elaboration_system_task> p<1168> c<1166> l<58:7> el<58:40>
                  n<write> u<1166> t<SIMPLE_IDENTIFIER> p<1167> s<1165> l<58:8> el<58:13>
                  n<> u<1165> t<Argument_list> p<1167> c<1164> l<58:14> el<58:38>
                    n<> u<1164> t<Expression> p<1165> c<1163> l<58:14> el<58:38>
                      n<> u<1163> t<Primary> p<1164> c<1162> l<58:14> el<58:38>
                        n<> u<1162> t<Primary_literal> p<1163> c<1161> l<58:14> el<58:38>
                          n<"*-* All Finished *-*\n"> u<1161> t<QUOTED_STRING> p<1162> l<58:14> el<58:38>
        n<> u<1177> t<Module_item> p<1179> c<1176> s<1178> l<59:7> el<59:15>
          n<> u<1176> t<Non_port_module_item> p<1177> c<1175> l<59:7> el<59:15>
            n<> u<1175> t<Module_or_generate_item> p<1176> c<1174> l<59:7> el<59:15>
              n<> u<1174> t<Module_common_item> p<1175> c<1173> l<59:7> el<59:15>
                n<> u<1173> t<Elaboration_system_task> p<1174> c<1172> l<59:7> el<59:15>
                  n<finish> u<1172> t<SIMPLE_IDENTIFIER> p<1173> l<59:8> el<59:14>
        n<> u<1178> t<ENDMODULE> p<1179> l<61:1> el<61:10>
AST_DEBUG_END
[INF:CP5804] $Source01/t_wire_types.v:6:1: Compile module "t".
[WRN:CP5851] $Source01/t_wire_types.v:16:9: Failed to bind "byte".
[WRN:CP5851] $Source01/t_wire_types.v:23:9: Failed to bind "bit".
[WRN:CP5851] $Source01/t_wire_types.v:24:9: Failed to bind "logic".
[WRN:CP5851] $Source01/t_wire_types.v:26:9: Failed to bind "bit".
[WRN:CP5851] $Source01/t_wire_types.v:27:9: Failed to bind "logic".
[INF:CM5028] Using global timescale: "1ns/1ns".
[ERR:CP5867] $Source01/t_wire_types.v:31:15: Illegal data type for net w_real.
====== HLDB =======
Design name:unnamed:
  vpiName: unnamed
  vpiSourceFile (1 items):
    SourceFile name:t_wire_types.v file:$Source01/t_wire_types.v:
      vpiParent: Design name:unnamed
      vpiName: t_wire_types.v
      vpiPreprocFile: "$Output/lib/work/t_wire_types.v"
      vpiPreprocMacroDefinition (2 items):
        PreprocMacroDefinition name:checkh start:12:1 end:12:165:
          vpiParent: SourceFile name:t_wire_types.v
          vpiName Identifier name:checkh start:12:9 end:12:15:
          vpiPMDType: define (1)
          vpiArgument (2 items):
            Identifier name:gotv start:12:16 end:12:20:
            Identifier name:expv start:12:21 end:12:25:
          vpiPMDToken (53 items):
            Identifier name:do start:12:27 end:12:29:
            "Identifier name:  start:12:29 end:12:30":
            Identifier name:if start:12:30 end:12:32:
            "Identifier name:  start:12:32 end:12:33":
            Identifier name:( start:12:33 end:12:34:
            Identifier name:( start:12:34 end:12:35:
            Identifier name:gotv start:12:35 end:12:39:
            Identifier name:) start:12:39 end:12:40:
            "Identifier name:  start:12:40 end:12:41":
            Identifier name:! start:12:41 end:12:42:
            Identifier name:= start:12:42 end:12:43:
            Identifier name:= start:12:43 end:12:44:
            "Identifier name:  start:12:44 end:12:45":
            Identifier name:( start:12:45 end:12:46:
            Identifier name:expv start:12:46 end:12:50:
            Identifier name:) start:12:50 end:12:51:
            Identifier name:) start:12:51 end:12:52:
            "Identifier name:  start:12:52 end:12:53":
            Identifier name:begin start:12:53 end:12:58:
            "Identifier name:  start:12:58 end:12:59":
            Identifier name:$ start:12:59 end:12:60:
            Identifier name:write start:12:60 end:12:65:
            Identifier name:( start:12:65 end:12:66:
            "Identifier name:\"%%Error: %s:%0d:  got='h%x exp='h%x\\n\" start:12:66 end:12:105":
            Identifier name:, start:12:105 end:12:106:
            "Identifier name:  start:12:106 end:12:107":
            Identifier name:`__FILE__ start:12:107 end:12:116:
            Identifier name:, start:12:116 end:12:117:
            Identifier name:`__LINE__ start:12:117 end:12:126:
            Identifier name:, start:12:126 end:12:127:
            "Identifier name:  start:12:127 end:12:128":
            Identifier name:( start:12:128 end:12:129:
            Identifier name:gotv start:12:129 end:12:133:
            Identifier name:) start:12:133 end:12:134:
            Identifier name:, start:12:134 end:12:135:
            "Identifier name:  start:12:135 end:12:136":
            Identifier name:( start:12:136 end:12:137:
            Identifier name:expv start:12:137 end:12:141:
            Identifier name:) start:12:141 end:12:142:
            Identifier name:) start:12:142 end:12:143:
            Identifier name:; start:12:143 end:12:144:
            "Identifier name:  start:12:144 end:12:145":
            Identifier name:$ start:12:145 end:12:146:
            Identifier name:stop start:12:146 end:12:150:
            Identifier name:; start:12:150 end:12:151:
            "Identifier name:  start:12:151 end:12:152":
            Identifier name:end start:12:152 end:12:155:
            "Identifier name:  start:12:155 end:12:156":
            Identifier name:while start:12:156 end:12:161:
            Identifier name:( start:12:161 end:12:162:
            Identifier name:0 start:12:162 end:12:163:
            Identifier name:) start:12:163 end:12:164:
            Identifier name:; start:12:164 end:12:165:
        PreprocMacroDefinition name:checkr start:13:1 end:13:160:
          vpiParent: SourceFile name:t_wire_types.v
          vpiName Identifier name:checkr start:13:9 end:13:15:
          vpiPMDType: define (1)
          vpiArgument (2 items):
            Identifier name:gotv start:13:16 end:13:20:
            Identifier name:expv start:13:21 end:13:25:
          vpiPMDToken (52 items):
            Identifier name:do start:13:27 end:13:29:
            "Identifier name:  start:13:29 end:13:30":
            Identifier name:if start:13:30 end:13:32:
            "Identifier name:  start:13:32 end:13:33":
            Identifier name:( start:13:33 end:13:34:
            Identifier name:( start:13:34 end:13:35:
            Identifier name:gotv start:13:35 end:13:39:
            Identifier name:) start:13:39 end:13:40:
            "Identifier name:  start:13:40 end:13:41":
            Identifier name:! start:13:41 end:13:42:
            Identifier name:= start:13:42 end:13:43:
            "Identifier name:  start:13:43 end:13:44":
            Identifier name:( start:13:44 end:13:45:
            Identifier name:expv start:13:45 end:13:49:
            Identifier name:) start:13:49 end:13:50:
            Identifier name:) start:13:50 end:13:51:
            "Identifier name:  start:13:51 end:13:52":
            Identifier name:begin start:13:52 end:13:57:
            "Identifier name:  start:13:57 end:13:58":
            Identifier name:$ start:13:58 end:13:59:
            Identifier name:write start:13:59 end:13:64:
            Identifier name:( start:13:64 end:13:65:
            "Identifier name:\"%%Error: %s:%0d:  got=%g exp=%g\\n\" start:13:65 end:13:100":
            Identifier name:, start:13:100 end:13:101:
            "Identifier name:  start:13:101 end:13:102":
            Identifier name:`__FILE__ start:13:102 end:13:111:
            Identifier name:, start:13:111 end:13:112:
            Identifier name:`__LINE__ start:13:112 end:13:121:
            Identifier name:, start:13:121 end:13:122:
            "Identifier name:  start:13:122 end:13:123":
            Identifier name:( start:13:123 end:13:124:
            Identifier name:gotv start:13:124 end:13:128:
            Identifier name:) start:13:128 end:13:129:
            Identifier name:, start:13:129 end:13:130:
            "Identifier name:  start:13:130 end:13:131":
            Identifier name:( start:13:131 end:13:132:
            Identifier name:expv start:13:132 end:13:136:
            Identifier name:) start:13:136 end:13:137:
            Identifier name:) start:13:137 end:13:138:
            Identifier name:; start:13:138 end:13:139:
            "Identifier name:  start:13:139 end:13:140":
            Identifier name:$ start:13:140 end:13:141:
            Identifier name:stop start:13:141 end:13:145:
            Identifier name:; start:13:145 end:13:146:
            "Identifier name:  start:13:146 end:13:147":
            Identifier name:end start:13:147 end:13:150:
            "Identifier name:  start:13:150 end:13:151":
            Identifier name:while start:13:151 end:13:156:
            Identifier name:( start:13:156 end:13:157:
            Identifier name:0 start:13:157 end:13:158:
            Identifier name:) start:13:158 end:13:159:
            Identifier name:; start:13:159 end:13:160:
      vpiPreprocMacroInstance (10 items):
        PreprocMacroInstance name:checkh file:$Source01/t_wire_types.v start:48:7 end:48:29 ppstart:48:7 ppend:48:161:
          vpiParent: SourceFile name:t_wire_types.v
          vpiName Identifier name:checkh start:48:7 end:48:29:
          vpiPreprocMacroDefinition: PreprocMacroDefinition name:checkh
          vpiArgument (2 items):
            Identifier name:w_byte start:48:15 end:48:21:
            "Identifier name:8'h12 start:48:23 end:48:28":
          "vpiPMIBody Identifier name:do if ((w_byte) !== (8'h12)) begin $write(\"%%Error: %s:%0d:  got='h%x exp='h%x\\n\", \"$Source01/t_wire_types.v\",48, (w_byte), (8'h12)); $stop; end while(0); start:12:27 end:12:181":
        PreprocMacroInstance name:checkh file:$Source01/t_wire_types.v start:49:7 end:49:36 ppstart:49:7 ppend:49:175:
          vpiParent: SourceFile name:t_wire_types.v
          vpiName Identifier name:checkh start:49:7 end:49:36:
          vpiPreprocMacroDefinition: PreprocMacroDefinition name:checkh
          vpiArgument (2 items):
            Identifier name:w_shortint start:49:15 end:49:25:
            "Identifier name:16'h1234 start:49:27 end:49:35":
          "vpiPMIBody Identifier name:do if ((w_shortint) !== (16'h1234)) begin $write(\"%%Error: %s:%0d:  got='h%x exp='h%x\\n\", \"$Source01/t_wire_types.v\",49, (w_shortint), (16'h1234)); $stop; end while(0); start:12:27 end:12:195":
        PreprocMacroInstance name:checkh file:$Source01/t_wire_types.v start:50:7 end:50:30 ppstart:50:7 ppend:50:163:
          vpiParent: SourceFile name:t_wire_types.v
          vpiName Identifier name:checkh start:50:7 end:50:30:
          vpiPreprocMacroDefinition: PreprocMacroDefinition name:checkh
          vpiArgument (2 items):
            Identifier name:w_int start:50:15 end:50:20:
            Identifier name:-123456 start:50:22 end:50:29:
          "vpiPMIBody Identifier name:do if ((w_int) !== (-123456)) begin $write(\"%%Error: %s:%0d:  got='h%x exp='h%x\\n\", \"$Source01/t_wire_types.v\",50, (w_int), (-123456)); $stop; end while(0); start:12:27 end:12:183":
        PreprocMacroInstance name:checkh file:$Source01/t_wire_types.v start:51:7 end:51:35 ppstart:51:7 ppend:51:173:
          vpiParent: SourceFile name:t_wire_types.v
          vpiName Identifier name:checkh start:51:7 end:51:35:
          vpiPreprocMacroDefinition: PreprocMacroDefinition name:checkh
          vpiArgument (2 items):
            Identifier name:w_longint start:51:15 end:51:24:
            Identifier name:-1234567 start:51:26 end:51:34:
          "vpiPMIBody Identifier name:do if ((w_longint) !== (-1234567)) begin $write(\"%%Error: %s:%0d:  got='h%x exp='h%x\\n\", \"$Source01/t_wire_types.v\",51, (w_longint), (-1234567)); $stop; end while(0); start:12:27 end:12:193":
        PreprocMacroInstance name:checkh file:$Source01/t_wire_types.v start:52:7 end:52:34 ppstart:52:7 ppend:52:171:
          vpiParent: SourceFile name:t_wire_types.v
          vpiName Identifier name:checkh start:52:7 end:52:34:
          vpiPreprocMacroDefinition: PreprocMacroDefinition name:checkh
          vpiArgument (2 items):
            Identifier name:w_integer start:52:15 end:52:24:
            Identifier name:-123456 start:52:26 end:52:33:
          "vpiPMIBody Identifier name:do if ((w_integer) !== (-123456)) begin $write(\"%%Error: %s:%0d:  got='h%x exp='h%x\\n\", \"$Source01/t_wire_types.v\",52, (w_integer), (-123456)); $stop; end while(0); start:12:27 end:12:191":
        PreprocMacroInstance name:checkh file:$Source01/t_wire_types.v start:53:7 end:53:27 ppstart:53:7 ppend:53:157:
          vpiParent: SourceFile name:t_wire_types.v
          vpiName Identifier name:checkh start:53:7 end:53:27:
          vpiPreprocMacroDefinition: PreprocMacroDefinition name:checkh
          vpiArgument (2 items):
            Identifier name:w_bit start:53:15 end:53:20:
            "Identifier name:1'b1 start:53:22 end:53:26":
          "vpiPMIBody Identifier name:do if ((w_bit) !== (1'b1)) begin $write(\"%%Error: %s:%0d:  got='h%x exp='h%x\\n\", \"$Source01/t_wire_types.v\",53, (w_bit), (1'b1)); $stop; end while(0); start:12:27 end:12:177":
        PreprocMacroInstance name:checkh file:$Source01/t_wire_types.v start:54:7 end:54:29 ppstart:54:7 ppend:54:161:
          vpiParent: SourceFile name:t_wire_types.v
          vpiName Identifier name:checkh start:54:7 end:54:29:
          vpiPreprocMacroDefinition: PreprocMacroDefinition name:checkh
          vpiArgument (2 items):
            Identifier name:w_logic start:54:15 end:54:22:
            "Identifier name:1'b1 start:54:24 end:54:28":
          "vpiPMIBody Identifier name:do if ((w_logic) !== (1'b1)) begin $write(\"%%Error: %s:%0d:  got='h%x exp='h%x\\n\", \"$Source01/t_wire_types.v\",54, (w_logic), (1'b1)); $stop; end while(0); start:12:27 end:12:181":
        PreprocMacroInstance name:checkh file:$Source01/t_wire_types.v start:55:7 end:55:29 ppstart:55:7 ppend:55:161:
          vpiParent: SourceFile name:t_wire_types.v
          vpiName Identifier name:checkh start:55:7 end:55:29:
          vpiPreprocMacroDefinition: PreprocMacroDefinition name:checkh
          vpiArgument (2 items):
            Identifier name:w_bit2 start:55:15 end:55:21:
            "Identifier name:2'b10 start:55:23 end:55:28":
          "vpiPMIBody Identifier name:do if ((w_bit2) !== (2'b10)) begin $write(\"%%Error: %s:%0d:  got='h%x exp='h%x\\n\", \"$Source01/t_wire_types.v\",55, (w_bit2), (2'b10)); $stop; end while(0); start:12:27 end:12:181":
        PreprocMacroInstance name:checkh file:$Source01/t_wire_types.v start:56:7 end:56:31 ppstart:56:7 ppend:56:165:
          vpiParent: SourceFile name:t_wire_types.v
          vpiName Identifier name:checkh start:56:7 end:56:31:
          vpiPreprocMacroDefinition: PreprocMacroDefinition name:checkh
          vpiArgument (2 items):
            Identifier name:w_logic2 start:56:15 end:56:23:
            "Identifier name:2'b10 start:56:25 end:56:30":
          "vpiPMIBody Identifier name:do if ((w_logic2) !== (2'b10)) begin $write(\"%%Error: %s:%0d:  got='h%x exp='h%x\\n\", \"$Source01/t_wire_types.v\",56, (w_logic2), (2'b10)); $stop; end while(0); start:12:27 end:12:185":
        PreprocMacroInstance name:checkr file:$Source01/t_wire_types.v start:57:7 end:57:28 ppstart:57:7 ppend:57:154:
          vpiParent: SourceFile name:t_wire_types.v
          vpiName Identifier name:checkr start:57:7 end:57:28:
          vpiPreprocMacroDefinition: PreprocMacroDefinition name:checkr
          vpiArgument (2 items):
            Identifier name:w_real start:57:15 end:57:21:
            Identifier name:3.14 start:57:23 end:57:27:
          "vpiPMIBody Identifier name:do if ((w_real) != (3.14)) begin $write(\"%%Error: %s:%0d:  got=%g exp=%g\\n\", \"$Source01/t_wire_types.v\",57, (w_real), (3.14)); $stop; end while(0); start:13:27 end:13:174":
  vpiAllModules (1 items):
    Module name:t file:$Source01/t_wire_types.v start:6:1 end:61:10:
      vpiParent: Design name:unnamed
      vpiName Identifier name:t start:6:8 end:6:9:
      vpiFullName: t
      vpiTypespec (5 items):
        LogicTypespec:
          vpiParent: Module name:t
        IntegerTypespec:
          vpiParent: Module name:t
          vpiSigned: true
        ArrayTypespec:
          vpiParent: Module name:t
          vpiArrayType: static (1)
          vpiPacked: true
          vpiRange Range start:26:13 end:26:18:
            vpiParent: ArrayTypespec
            vpiLeftRange Constant start:26:14 end:26:15:
              vpiParent: Range
              vpiTypespec RefTypespec:
                vpiParent: Constant
                vpiFullName: t
                vpiActual: IntTypespec
              vpiConstType: unsigned int (9)
              vpiSize: 64
              vpiDecompile: "1"
              vpiValue: 1
            vpiRightRange Constant start:26:16 end:26:17:
              vpiParent: Range
              vpiTypespec RefTypespec:
                vpiParent: Constant
                vpiFullName: t
                vpiActual: IntTypespec
              vpiConstType: unsigned int (9)
              vpiSize: 64
              vpiDecompile: "0"
              vpiValue: 0
          vpiElemTypespec RefTypespec name:bit start:26:9 end:26:12:
            vpiParent: ArrayTypespec
            vpiName: bit
            vpiFullName: t.bit
        ArrayTypespec:
          vpiParent: Module name:t
          vpiArrayType: static (1)
          vpiPacked: true
          vpiRange Range start:27:16 end:27:21:
            vpiParent: ArrayTypespec
            vpiLeftRange Constant start:27:17 end:27:18:
              vpiParent: Range
              vpiTypespec RefTypespec:
                vpiParent: Constant
                vpiFullName: t
                vpiActual: IntTypespec
              vpiConstType: unsigned int (9)
              vpiSize: 64
              vpiDecompile: "1"
              vpiValue: 1
            vpiRightRange Constant start:27:19 end:27:20:
              vpiParent: Range
              vpiTypespec RefTypespec:
                vpiParent: Constant
                vpiFullName: t
                vpiActual: IntTypespec
              vpiConstType: unsigned int (9)
              vpiSize: 64
              vpiDecompile: "0"
              vpiValue: 0
          vpiElemTypespec RefTypespec name:logic start:27:9 end:27:14:
            vpiParent: ArrayTypespec
            vpiName: logic
            vpiFullName: t.logic
        BitTypespec:
          vpiParent: Module name:t
      vpiDefName: t
      vpiDefNetType: wire (1)
      vpiLibrary RefObj name:work start:6:8 end:6:9:
        vpiParent: Module name:t
        vpiName: work
        vpiFullName: t.work
        vpiActual: Library name:work
      vpiCell: t
      vpiNet (11 items):
        Net name:clk start:10:10 end:10:13:
          vpiParent: Module name:t
          vpiTypespec RefTypespec:
            vpiParent: Net name:clk
            vpiFullName: t.clk
            vpiActual: LogicTypespec
          vpiName: clk
          vpiFullName: t.clk
          vpiNetType: wire (1)
        Net name:w_byte start:16:14 end:16:20:
          vpiParent: Module name:t
          vpiTypespec RefTypespec name:byte start:16:9 end:16:13:
            vpiParent: Net name:w_byte
            vpiName: byte
            vpiFullName: t.w_byte.byte
          vpiName: w_byte
          vpiFullName: t.w_byte
          vpiNetDeclAssign: true
          vpiNetType: wire (1)
        Net name:w_shortint start:17:18 end:17:28:
          vpiParent: Module name:t
          vpiTypespec RefTypespec start:17:9 end:17:17:
            vpiParent: Net name:w_shortint
            vpiFullName: t.w_shortint
            vpiActual: ShortIntTypespec
          vpiName: w_shortint
          vpiFullName: t.w_shortint
          vpiNetDeclAssign: true
          vpiNetType: wire (1)
        Net name:w_int start:18:13 end:18:18:
          vpiParent: Module name:t
          vpiTypespec RefTypespec start:18:9 end:18:12:
            vpiParent: Net name:w_int
            vpiFullName: t.w_int
            vpiActual: IntTypespec
          vpiName: w_int
          vpiFullName: t.w_int
          vpiNetDeclAssign: true
          vpiNetType: wire (1)
        Net name:w_longint start:19:17 end:19:26:
          vpiParent: Module name:t
          vpiTypespec RefTypespec start:19:9 end:19:16:
            vpiParent: Net name:w_longint
            vpiFullName: t.w_longint
            vpiActual: LongIntTypespec
          vpiName: w_longint
          vpiFullName: t.w_longint
          vpiNetDeclAssign: true
          vpiNetType: wire (1)
        Net name:w_integer start:20:17 end:20:26:
          vpiParent: Module name:t
          vpiTypespec RefTypespec start:20:9 end:20:16:
            vpiParent: Net name:w_integer
            vpiFullName: t.w_integer
            vpiActual: IntegerTypespec
          vpiName: w_integer
          vpiFullName: t.w_integer
          vpiNetDeclAssign: true
          vpiNetType: wire (1)
        Net name:w_bit start:23:13 end:23:18:
          vpiParent: Module name:t
          vpiTypespec RefTypespec name:bit start:23:9 end:23:12:
            vpiParent: Net name:w_bit
            vpiName: bit
            vpiFullName: t.w_bit.bit
          vpiName: w_bit
          vpiFullName: t.w_bit
          vpiNetDeclAssign: true
          vpiNetType: wire (1)
        Net name:w_logic start:24:15 end:24:22:
          vpiParent: Module name:t
          vpiTypespec RefTypespec name:logic start:24:9 end:24:14:
            vpiParent: Net name:w_logic
            vpiName: logic
            vpiFullName: t.w_logic.logic
          vpiName: w_logic
          vpiFullName: t.w_logic
          vpiNetDeclAssign: true
          vpiNetType: wire (1)
        Net name:w_bit2 start:26:20 end:26:26:
          vpiParent: Module name:t
          vpiTypespec RefTypespec name:bit [1:0] start:26:9 end:26:18:
            vpiParent: Net name:w_bit2
            vpiName: bit [1:0]
            vpiFullName: t.w_bit2.bit [1:0]
            vpiActual: ArrayTypespec
          vpiName: w_bit2
          vpiFullName: t.w_bit2
          vpiNetDeclAssign: true
          vpiNetType: wire (1)
        Net name:w_logic2 start:27:22 end:27:30:
          vpiParent: Module name:t
          vpiTypespec RefTypespec name:logic [1:0] start:27:9 end:27:21:
            vpiParent: Net name:w_logic2
            vpiName: logic [1:0]
            vpiFullName: t.w_logic2.logic [1:0]
            vpiActual: ArrayTypespec
          vpiName: w_logic2
          vpiFullName: t.w_logic2
          vpiNetDeclAssign: true
          vpiNetType: wire (1)
        Net name:w_real start:31:15 end:31:21:
          vpiParent: Module name:t
          vpiTypespec RefTypespec start:31:9 end:31:13:
            vpiParent: Net name:w_real
            vpiFullName: t.w_real
            vpiActual: RealTypespec
          vpiName: w_real
          vpiFullName: t.w_real
          vpiNetDeclAssign: true
          vpiNetType: wire (1)
      vpiPort (1 items):
        Port name:clk start:8:4 end:8:7:
          vpiParent: Module name:t
          vpiName: clk
          vpiDirection: input (1)
          vpiLowConn RefObj name:clk start:10:10 end:10:13:
            vpiParent: Port name:clk
            vpiName: clk
            vpiFullName: t.clk.clk
            vpiActual: Net name:clk
          vpiTypespec RefTypespec:
            vpiParent: Port name:clk
            vpiFullName: t.clk
            vpiActual: LogicTypespec
      vpiProcess (1 items):
        Always start:47:4 end:47:32:
          vpiParent: Module name:t
          vpiStmt EventControl start:47:11 end:47:32:
            vpiParent: Always
            vpiCondition Operation start:47:14 end:47:25:
              vpiParent: EventControl
              vpiOpType: posedge (39)
              vpiOperand (1 items):
                RefObj name:clk start:47:22 end:47:25:
                  vpiParent: Operation
                  vpiName: clk
                  vpiFullName: t.clk
                  vpiActual: Net name:clk
            vpiStmt Begin start:47:27 end:47:32:
              vpiParent: EventControl
              vpiFullName: t
          vpiAlwaysType: always (1)
      vpiContAssign (10 items):
        ContAssign start:33:11 end:33:25:
          vpiParent: Module name:t
          vpiLhs RefObj name:w_byte start:33:11 end:33:17:
            vpiParent: ContAssign
            vpiName: w_byte
            vpiFullName: t.w_byte
            vpiActual: Net name:w_byte
          vpiRhs Constant start:33:20 end:33:25:
            vpiParent: ContAssign
            vpiTypespec RefTypespec:
              vpiParent: Constant
              vpiFullName: t
              vpiActual: IntTypespec
            vpiConstType: hexadecimal (5)
            vpiSize: 8
            vpiDecompile: "8'h12"
            vpiValue: "12"
        ContAssign start:34:11 end:34:32:
          vpiParent: Module name:t
          vpiLhs RefObj name:w_shortint start:34:11 end:34:21:
            vpiParent: ContAssign
            vpiName: w_shortint
            vpiFullName: t.w_shortint
            vpiActual: Net name:w_shortint
          vpiRhs Constant start:34:24 end:34:32:
            vpiParent: ContAssign
            vpiTypespec RefTypespec:
              vpiParent: Constant
              vpiFullName: t
              vpiActual: IntTypespec
            vpiConstType: hexadecimal (5)
            vpiSize: 16
            vpiDecompile: "16'h1234"
            vpiValue: "1234"
        ContAssign start:35:11 end:35:26:
          vpiParent: Module name:t
          vpiLhs RefObj name:w_int start:35:11 end:35:16:
            vpiParent: ContAssign
            vpiName: w_int
            vpiFullName: t.w_int
            vpiActual: Net name:w_int
          vpiRhs Operation start:35:19 end:35:26:
            vpiParent: ContAssign
            vpiOpType: minus (1)
            vpiOperand (1 items):
              Constant start:35:20 end:35:26:
                vpiParent: Operation
                vpiTypespec RefTypespec:
                  vpiParent: Constant
                  vpiFullName: t
                  vpiActual: IntTypespec
                vpiConstType: unsigned int (9)
                vpiSize: 64
                vpiDecompile: "123456"
                vpiValue: 123456
        ContAssign start:36:11 end:36:31:
          vpiParent: Module name:t
          vpiLhs RefObj name:w_longint start:36:11 end:36:20:
            vpiParent: ContAssign
            vpiName: w_longint
            vpiFullName: t.w_longint
            vpiActual: Net name:w_longint
          vpiRhs Operation start:36:23 end:36:31:
            vpiParent: ContAssign
            vpiOpType: minus (1)
            vpiOperand (1 items):
              Constant start:36:24 end:36:31:
                vpiParent: Operation
                vpiTypespec RefTypespec:
                  vpiParent: Constant
                  vpiFullName: t
                  vpiActual: IntTypespec
                vpiConstType: unsigned int (9)
                vpiSize: 64
                vpiDecompile: "1234567"
                vpiValue: 1234567
        ContAssign start:37:11 end:37:30:
          vpiParent: Module name:t
          vpiLhs RefObj name:w_integer start:37:11 end:37:20:
            vpiParent: ContAssign
            vpiName: w_integer
            vpiFullName: t.w_integer
            vpiActual: Net name:w_integer
          vpiRhs Operation start:37:23 end:37:30:
            vpiParent: ContAssign
            vpiOpType: minus (1)
            vpiOperand (1 items):
              Constant start:37:24 end:37:30:
                vpiParent: Operation
                vpiTypespec RefTypespec:
                  vpiParent: Constant
                  vpiFullName: t
                  vpiActual: IntTypespec
                vpiConstType: unsigned int (9)
                vpiSize: 64
                vpiDecompile: "123456"
                vpiValue: 123456
        ContAssign start:39:11 end:39:23:
          vpiParent: Module name:t
          vpiLhs RefObj name:w_bit start:39:11 end:39:16:
            vpiParent: ContAssign
            vpiName: w_bit
            vpiFullName: t.w_bit
            vpiActual: Net name:w_bit
          vpiRhs Constant start:39:19 end:39:23:
            vpiParent: ContAssign
            vpiTypespec RefTypespec:
              vpiParent: Constant
              vpiFullName: t
              vpiActual: BitTypespec
            vpiConstType: binary (3)
            vpiSize: 1
            vpiDecompile: "1'b1"
            vpiValue: "1"
        ContAssign start:40:11 end:40:25:
          vpiParent: Module name:t
          vpiLhs RefObj name:w_logic start:40:11 end:40:18:
            vpiParent: ContAssign
            vpiName: w_logic
            vpiFullName: t.w_logic
            vpiActual: Net name:w_logic
          vpiRhs Constant start:40:21 end:40:25:
            vpiParent: ContAssign
            vpiTypespec RefTypespec:
              vpiParent: Constant
              vpiFullName: t
              vpiActual: BitTypespec
            vpiConstType: binary (3)
            vpiSize: 1
            vpiDecompile: "1'b1"
            vpiValue: "1"
        ContAssign start:42:11 end:42:25:
          vpiParent: Module name:t
          vpiLhs RefObj name:w_bit2 start:42:11 end:42:17:
            vpiParent: ContAssign
            vpiName: w_bit2
            vpiFullName: t.w_bit2
            vpiActual: Net name:w_bit2
          vpiRhs Constant start:42:20 end:42:25:
            vpiParent: ContAssign
            vpiTypespec RefTypespec:
              vpiParent: Constant
              vpiFullName: t
              vpiActual: LogicTypespec
            vpiConstType: binary (3)
            vpiSize: 2
            vpiDecompile: "2'b10"
            vpiValue: "10"
        ContAssign start:43:11 end:43:27:
          vpiParent: Module name:t
          vpiLhs RefObj name:w_logic2 start:43:11 end:43:19:
            vpiParent: ContAssign
            vpiName: w_logic2
            vpiFullName: t.w_logic2
            vpiActual: Net name:w_logic2
          vpiRhs Constant start:43:22 end:43:27:
            vpiParent: ContAssign
            vpiTypespec RefTypespec:
              vpiParent: Constant
              vpiFullName: t
              vpiActual: LogicTypespec
            vpiConstType: binary (3)
            vpiSize: 2
            vpiDecompile: "2'b10"
            vpiValue: "10"
        ContAssign start:45:11 end:45:24:
          vpiParent: Module name:t
          vpiLhs RefObj name:w_real start:45:11 end:45:17:
            vpiParent: ContAssign
            vpiName: w_real
            vpiFullName: t.w_real
            vpiActual: Net name:w_real
          vpiRhs Constant start:45:20 end:45:24:
            vpiParent: ContAssign
            vpiTypespec RefTypespec:
              vpiParent: Constant
              vpiFullName: t
              vpiActual: RealTypespec
            vpiConstType: real (2)
            vpiSize: 64
            vpiDecompile: "3.14"
            vpiValue: 3.14
      vpiSysTaskCall (2 items):
        SysTaskCall name:write start:58:7 end:58:40:
          vpiParent: Module name:t
          vpiName Identifier name:write start:58:8 end:58:13:
          vpiArgument (1 items):
            Constant start:58:14 end:58:38:
              vpiParent: SysTaskCall name:write
              vpiTypespec RefTypespec:
                vpiParent: Constant
                vpiFullName: t
                vpiActual: StringTypespec
              vpiConstType: string (6)
              vpiSize: 168
              vpiDecompile: "\"*-* All Finished *-*\\n\""
              vpiValue: "*-* All Finished *-*\\n"
        SysTaskCall name:finish start:59:7 end:59:15:
          vpiParent: Module name:t
          vpiName Identifier name:finish start:59:8 end:59:14:
      vpiGenStmt (10 items):
        GenIf start:12:30 end:12:171:
          vpiParent: Module name:t
          vpiCondition Operation start:12:34 end:12:54:
            vpiParent: GenIf
            vpiOpType: case neq (17)
            vpiOperand (2 items):
              RefObj name:w_byte start:12:35 end:12:41:
                vpiParent: Operation
                vpiName: w_byte
                vpiFullName: t.w_byte
                vpiActual: Net name:w_byte
              Constant start:12:48 end:12:53:
                vpiParent: Operation
                vpiTypespec RefTypespec:
                  vpiParent: Constant
                  vpiFullName: t
                  vpiActual: IntTypespec
                vpiConstType: hexadecimal (5)
                vpiSize: 8
                vpiDecompile: "8'h12"
                vpiValue: "12"
          vpiStmt Begin start:12:56 end:12:171:
            vpiParent: GenIf
            vpiFullName: t
            vpiStmt (2 items):
              SysTaskCall name:write start:12:62 end:12:160:
                vpiParent: Begin
                vpiName Identifier name:write start:12:63 end:12:68:
                vpiArgument (5 items):
                  Constant start:12:69 end:12:108:
                    vpiParent: SysTaskCall name:write
                    vpiTypespec RefTypespec:
                      vpiParent: Constant
                      vpiFullName: t
                      vpiActual: StringTypespec
                    vpiConstType: string (6)
                    vpiSize: 288
                    vpiDecompile: "\"%%Error: %s:%0d:  got='h%x exp='h%x\\n\""
                    vpiValue: "%%Error: %s:%0d:  got='h%x exp='h%x\\n"
                  Constant start:12:110 end:12:136:
                    vpiParent: SysTaskCall name:write
                    vpiTypespec RefTypespec:
                      vpiParent: Constant
                      vpiFullName: t
                      vpiActual: StringTypespec
                    vpiConstType: string (6)
                    vpiSize: 192
                    vpiDecompile: "\"$Source01/t_wire_types.v\""
                    vpiValue: "$Source01/t_wire_types.v"
                  Constant start:12:137 end:12:139:
                    vpiParent: SysTaskCall name:write
                    vpiTypespec RefTypespec:
                      vpiParent: Constant
                      vpiFullName: t
                      vpiActual: IntTypespec
                    vpiConstType: unsigned int (9)
                    vpiSize: 64
                    vpiDecompile: "48"
                    vpiValue: 48
                  RefObj name:w_byte start:12:142 end:12:148:
                    vpiParent: SysTaskCall name:write
                    vpiName: w_byte
                    vpiFullName: t.w_byte
                    vpiActual: Net name:w_byte
                  Constant start:12:152 end:12:157:
                    vpiParent: SysTaskCall name:write
                    vpiTypespec RefTypespec:
                      vpiParent: Constant
                      vpiFullName: t
                      vpiActual: IntTypespec
                    vpiConstType: hexadecimal (5)
                    vpiSize: 8
                    vpiDecompile: "8'h12"
                    vpiValue: "12"
              SysTaskCall name:stop start:12:161 end:12:167:
                vpiParent: Begin
                vpiName Identifier name:stop start:12:162 end:12:166:
        GenIf start:12:30 end:12:185:
          vpiParent: Module name:t
          vpiCondition Operation start:12:34 end:12:61:
            vpiParent: GenIf
            vpiOpType: case neq (17)
            vpiOperand (2 items):
              RefObj name:w_shortint start:12:35 end:12:45:
                vpiParent: Operation
                vpiName: w_shortint
                vpiFullName: t.w_shortint
                vpiActual: Net name:w_shortint
              Constant start:12:52 end:12:60:
                vpiParent: Operation
                vpiTypespec RefTypespec:
                  vpiParent: Constant
                  vpiFullName: t
                  vpiActual: IntTypespec
                vpiConstType: hexadecimal (5)
                vpiSize: 16
                vpiDecompile: "16'h1234"
                vpiValue: "1234"
          vpiStmt Begin start:12:63 end:12:185:
            vpiParent: GenIf
            vpiFullName: t
            vpiStmt (2 items):
              SysTaskCall name:write start:12:69 end:12:174:
                vpiParent: Begin
                vpiName Identifier name:write start:12:70 end:12:75:
                vpiArgument (5 items):
                  Constant start:12:76 end:12:115:
                    vpiParent: SysTaskCall name:write
                    vpiTypespec RefTypespec:
                      vpiParent: Constant
                      vpiFullName: t
                      vpiActual: StringTypespec
                    vpiConstType: string (6)
                    vpiSize: 288
                    vpiDecompile: "\"%%Error: %s:%0d:  got='h%x exp='h%x\\n\""
                    vpiValue: "%%Error: %s:%0d:  got='h%x exp='h%x\\n"
                  Constant start:12:117 end:12:143:
                    vpiParent: SysTaskCall name:write
                    vpiTypespec RefTypespec:
                      vpiParent: Constant
                      vpiFullName: t
                      vpiActual: StringTypespec
                    vpiConstType: string (6)
                    vpiSize: 192
                    vpiDecompile: "\"$Source01/t_wire_types.v\""
                    vpiValue: "$Source01/t_wire_types.v"
                  Constant start:12:144 end:12:146:
                    vpiParent: SysTaskCall name:write
                    vpiTypespec RefTypespec:
                      vpiParent: Constant
                      vpiFullName: t
                      vpiActual: IntTypespec
                    vpiConstType: unsigned int (9)
                    vpiSize: 64
                    vpiDecompile: "49"
                    vpiValue: 49
                  RefObj name:w_shortint start:12:149 end:12:159:
                    vpiParent: SysTaskCall name:write
                    vpiName: w_shortint
                    vpiFullName: t.w_shortint
                    vpiActual: Net name:w_shortint
                  Constant start:12:163 end:12:171:
                    vpiParent: SysTaskCall name:write
                    vpiTypespec RefTypespec:
                      vpiParent: Constant
                      vpiFullName: t
                      vpiActual: IntTypespec
                    vpiConstType: hexadecimal (5)
                    vpiSize: 16
                    vpiDecompile: "16'h1234"
                    vpiValue: "1234"
              SysTaskCall name:stop start:12:175 end:12:181:
                vpiParent: Begin
                vpiName Identifier name:stop start:12:176 end:12:180:
        GenIf start:12:30 end:12:173:
          vpiParent: Module name:t
          vpiCondition Operation start:12:34 end:12:55:
            vpiParent: GenIf
            vpiOpType: case neq (17)
            vpiOperand (2 items):
              RefObj name:w_int start:12:35 end:12:40:
                vpiParent: Operation
                vpiName: w_int
                vpiFullName: t.w_int
                vpiActual: Net name:w_int
              Operation start:12:47 end:12:54:
                vpiParent: Operation
                vpiOpType: minus (1)
                vpiOperand (1 items):
                  Constant start:12:48 end:12:54:
                    vpiParent: Operation
                    vpiTypespec RefTypespec:
                      vpiParent: Constant
                      vpiFullName: t
                      vpiActual: IntTypespec
                    vpiConstType: unsigned int (9)
                    vpiSize: 64
                    vpiDecompile: "123456"
                    vpiValue: 123456
          vpiStmt Begin start:12:57 end:12:173:
            vpiParent: GenIf
            vpiFullName: t
            vpiStmt (2 items):
              SysTaskCall name:write start:12:63 end:12:162:
                vpiParent: Begin
                vpiName Identifier name:write start:12:64 end:12:69:
                vpiArgument (5 items):
                  Constant start:12:70 end:12:109:
                    vpiParent: SysTaskCall name:write
                    vpiTypespec RefTypespec:
                      vpiParent: Constant
                      vpiFullName: t
                      vpiActual: StringTypespec
                    vpiConstType: string (6)
                    vpiSize: 288
                    vpiDecompile: "\"%%Error: %s:%0d:  got='h%x exp='h%x\\n\""
                    vpiValue: "%%Error: %s:%0d:  got='h%x exp='h%x\\n"
                  Constant start:12:111 end:12:137:
                    vpiParent: SysTaskCall name:write
                    vpiTypespec RefTypespec:
                      vpiParent: Constant
                      vpiFullName: t
                      vpiActual: StringTypespec
                    vpiConstType: string (6)
                    vpiSize: 192
                    vpiDecompile: "\"$Source01/t_wire_types.v\""
                    vpiValue: "$Source01/t_wire_types.v"
                  Constant start:12:138 end:12:140:
                    vpiParent: SysTaskCall name:write
                    vpiTypespec RefTypespec:
                      vpiParent: Constant
                      vpiFullName: t
                      vpiActual: IntTypespec
                    vpiConstType: unsigned int (9)
                    vpiSize: 64
                    vpiDecompile: "50"
                    vpiValue: 50
                  RefObj name:w_int start:12:143 end:12:148:
                    vpiParent: SysTaskCall name:write
                    vpiName: w_int
                    vpiFullName: t.w_int
                    vpiActual: Net name:w_int
                  Operation start:12:152 end:12:159:
                    vpiParent: SysTaskCall name:write
                    vpiOpType: minus (1)
                    vpiOperand (1 items):
                      Constant start:12:153 end:12:159:
                        vpiParent: Operation
                        vpiTypespec RefTypespec:
                          vpiParent: Constant
                          vpiFullName: t
                          vpiActual: IntTypespec
                        vpiConstType: unsigned int (9)
                        vpiSize: 64
                        vpiDecompile: "123456"
                        vpiValue: 123456
              SysTaskCall name:stop start:12:163 end:12:169:
                vpiParent: Begin
                vpiName Identifier name:stop start:12:164 end:12:168:
        GenIf start:12:30 end:12:183:
          vpiParent: Module name:t
          vpiCondition Operation start:12:34 end:12:60:
            vpiParent: GenIf
            vpiOpType: case neq (17)
            vpiOperand (2 items):
              RefObj name:w_longint start:12:35 end:12:44:
                vpiParent: Operation
                vpiName: w_longint
                vpiFullName: t.w_longint
                vpiActual: Net name:w_longint
              Operation start:12:51 end:12:59:
                vpiParent: Operation
                vpiOpType: minus (1)
                vpiOperand (1 items):
                  Constant start:12:52 end:12:59:
                    vpiParent: Operation
                    vpiTypespec RefTypespec:
                      vpiParent: Constant
                      vpiFullName: t
                      vpiActual: IntTypespec
                    vpiConstType: unsigned int (9)
                    vpiSize: 64
                    vpiDecompile: "1234567"
                    vpiValue: 1234567
          vpiStmt Begin start:12:62 end:12:183:
            vpiParent: GenIf
            vpiFullName: t
            vpiStmt (2 items):
              SysTaskCall name:write start:12:68 end:12:172:
                vpiParent: Begin
                vpiName Identifier name:write start:12:69 end:12:74:
                vpiArgument (5 items):
                  Constant start:12:75 end:12:114:
                    vpiParent: SysTaskCall name:write
                    vpiTypespec RefTypespec:
                      vpiParent: Constant
                      vpiFullName: t
                      vpiActual: StringTypespec
                    vpiConstType: string (6)
                    vpiSize: 288
                    vpiDecompile: "\"%%Error: %s:%0d:  got='h%x exp='h%x\\n\""
                    vpiValue: "%%Error: %s:%0d:  got='h%x exp='h%x\\n"
                  Constant start:12:116 end:12:142:
                    vpiParent: SysTaskCall name:write
                    vpiTypespec RefTypespec:
                      vpiParent: Constant
                      vpiFullName: t
                      vpiActual: StringTypespec
                    vpiConstType: string (6)
                    vpiSize: 192
                    vpiDecompile: "\"$Source01/t_wire_types.v\""
                    vpiValue: "$Source01/t_wire_types.v"
                  Constant start:12:143 end:12:145:
                    vpiParent: SysTaskCall name:write
                    vpiTypespec RefTypespec:
                      vpiParent: Constant
                      vpiFullName: t
                      vpiActual: IntTypespec
                    vpiConstType: unsigned int (9)
                    vpiSize: 64
                    vpiDecompile: "51"
                    vpiValue: 51
                  RefObj name:w_longint start:12:148 end:12:157:
                    vpiParent: SysTaskCall name:write
                    vpiName: w_longint
                    vpiFullName: t.w_longint
                    vpiActual: Net name:w_longint
                  Operation start:12:161 end:12:169:
                    vpiParent: SysTaskCall name:write
                    vpiOpType: minus (1)
                    vpiOperand (1 items):
                      Constant start:12:162 end:12:169:
                        vpiParent: Operation
                        vpiTypespec RefTypespec:
                          vpiParent: Constant
                          vpiFullName: t
                          vpiActual: IntTypespec
                        vpiConstType: unsigned int (9)
                        vpiSize: 64
                        vpiDecompile: "1234567"
                        vpiValue: 1234567
              SysTaskCall name:stop start:12:173 end:12:179:
                vpiParent: Begin
                vpiName Identifier name:stop start:12:174 end:12:178:
        GenIf start:12:30 end:12:181:
          vpiParent: Module name:t
          vpiCondition Operation start:12:34 end:12:59:
            vpiParent: GenIf
            vpiOpType: case neq (17)
            vpiOperand (2 items):
              RefObj name:w_integer start:12:35 end:12:44:
                vpiParent: Operation
                vpiName: w_integer
                vpiFullName: t.w_integer
                vpiActual: Net name:w_integer
              Operation start:12:51 end:12:58:
                vpiParent: Operation
                vpiOpType: minus (1)
                vpiOperand (1 items):
                  Constant start:12:52 end:12:58:
                    vpiParent: Operation
                    vpiTypespec RefTypespec:
                      vpiParent: Constant
                      vpiFullName: t
                      vpiActual: IntTypespec
                    vpiConstType: unsigned int (9)
                    vpiSize: 64
                    vpiDecompile: "123456"
                    vpiValue: 123456
          vpiStmt Begin start:12:61 end:12:181:
            vpiParent: GenIf
            vpiFullName: t
            vpiStmt (2 items):
              SysTaskCall name:write start:12:67 end:12:170:
                vpiParent: Begin
                vpiName Identifier name:write start:12:68 end:12:73:
                vpiArgument (5 items):
                  Constant start:12:74 end:12:113:
                    vpiParent: SysTaskCall name:write
                    vpiTypespec RefTypespec:
                      vpiParent: Constant
                      vpiFullName: t
                      vpiActual: StringTypespec
                    vpiConstType: string (6)
                    vpiSize: 288
                    vpiDecompile: "\"%%Error: %s:%0d:  got='h%x exp='h%x\\n\""
                    vpiValue: "%%Error: %s:%0d:  got='h%x exp='h%x\\n"
                  Constant start:12:115 end:12:141:
                    vpiParent: SysTaskCall name:write
                    vpiTypespec RefTypespec:
                      vpiParent: Constant
                      vpiFullName: t
                      vpiActual: StringTypespec
                    vpiConstType: string (6)
                    vpiSize: 192
                    vpiDecompile: "\"$Source01/t_wire_types.v\""
                    vpiValue: "$Source01/t_wire_types.v"
                  Constant start:12:142 end:12:144:
                    vpiParent: SysTaskCall name:write
                    vpiTypespec RefTypespec:
                      vpiParent: Constant
                      vpiFullName: t
                      vpiActual: IntTypespec
                    vpiConstType: unsigned int (9)
                    vpiSize: 64
                    vpiDecompile: "52"
                    vpiValue: 52
                  RefObj name:w_integer start:12:147 end:12:156:
                    vpiParent: SysTaskCall name:write
                    vpiName: w_integer
                    vpiFullName: t.w_integer
                    vpiActual: Net name:w_integer
                  Operation start:12:160 end:12:167:
                    vpiParent: SysTaskCall name:write
                    vpiOpType: minus (1)
                    vpiOperand (1 items):
                      Constant start:12:161 end:12:167:
                        vpiParent: Operation
                        vpiTypespec RefTypespec:
                          vpiParent: Constant
                          vpiFullName: t
                          vpiActual: IntTypespec
                        vpiConstType: unsigned int (9)
                        vpiSize: 64
                        vpiDecompile: "123456"
                        vpiValue: 123456
              SysTaskCall name:stop start:12:171 end:12:177:
                vpiParent: Begin
                vpiName Identifier name:stop start:12:172 end:12:176:
        GenIf start:12:30 end:12:167:
          vpiParent: Module name:t
          vpiCondition Operation start:12:34 end:12:52:
            vpiParent: GenIf
            vpiOpType: case neq (17)
            vpiOperand (2 items):
              RefObj name:w_bit start:12:35 end:12:40:
                vpiParent: Operation
                vpiName: w_bit
                vpiFullName: t.w_bit
                vpiActual: Net name:w_bit
              Constant start:12:47 end:12:51:
                vpiParent: Operation
                vpiTypespec RefTypespec:
                  vpiParent: Constant
                  vpiFullName: t
                  vpiActual: BitTypespec
                vpiConstType: binary (3)
                vpiSize: 1
                vpiDecompile: "1'b1"
                vpiValue: "1"
          vpiStmt Begin start:12:54 end:12:167:
            vpiParent: GenIf
            vpiFullName: t
            vpiTypespec (1 items):
              BitTypespec:
                vpiParent: Begin
            vpiStmt (2 items):
              SysTaskCall name:write start:12:60 end:12:156:
                vpiParent: Begin
                vpiName Identifier name:write start:12:61 end:12:66:
                vpiArgument (5 items):
                  Constant start:12:67 end:12:106:
                    vpiParent: SysTaskCall name:write
                    vpiTypespec RefTypespec:
                      vpiParent: Constant
                      vpiFullName: t
                      vpiActual: StringTypespec
                    vpiConstType: string (6)
                    vpiSize: 288
                    vpiDecompile: "\"%%Error: %s:%0d:  got='h%x exp='h%x\\n\""
                    vpiValue: "%%Error: %s:%0d:  got='h%x exp='h%x\\n"
                  Constant start:12:108 end:12:134:
                    vpiParent: SysTaskCall name:write
                    vpiTypespec RefTypespec:
                      vpiParent: Constant
                      vpiFullName: t
                      vpiActual: StringTypespec
                    vpiConstType: string (6)
                    vpiSize: 192
                    vpiDecompile: "\"$Source01/t_wire_types.v\""
                    vpiValue: "$Source01/t_wire_types.v"
                  Constant start:12:135 end:12:137:
                    vpiParent: SysTaskCall name:write
                    vpiTypespec RefTypespec:
                      vpiParent: Constant
                      vpiFullName: t
                      vpiActual: IntTypespec
                    vpiConstType: unsigned int (9)
                    vpiSize: 64
                    vpiDecompile: "53"
                    vpiValue: 53
                  RefObj name:w_bit start:12:140 end:12:145:
                    vpiParent: SysTaskCall name:write
                    vpiName: w_bit
                    vpiFullName: t.w_bit
                    vpiActual: Net name:w_bit
                  Constant start:12:149 end:12:153:
                    vpiParent: SysTaskCall name:write
                    vpiTypespec RefTypespec:
                      vpiParent: Constant
                      vpiFullName: t
                      vpiActual: BitTypespec
                    vpiConstType: binary (3)
                    vpiSize: 1
                    vpiDecompile: "1'b1"
                    vpiValue: "1"
              SysTaskCall name:stop start:12:157 end:12:163:
                vpiParent: Begin
                vpiName Identifier name:stop start:12:158 end:12:162:
        GenIf start:12:30 end:12:171:
          vpiParent: Module name:t
          vpiCondition Operation start:12:34 end:12:54:
            vpiParent: GenIf
            vpiOpType: case neq (17)
            vpiOperand (2 items):
              RefObj name:w_logic start:12:35 end:12:42:
                vpiParent: Operation
                vpiName: w_logic
                vpiFullName: t.w_logic
                vpiActual: Net name:w_logic
              Constant start:12:49 end:12:53:
                vpiParent: Operation
                vpiTypespec RefTypespec:
                  vpiParent: Constant
                  vpiFullName: t
                  vpiActual: BitTypespec
                vpiConstType: binary (3)
                vpiSize: 1
                vpiDecompile: "1'b1"
                vpiValue: "1"
          vpiStmt Begin start:12:56 end:12:171:
            vpiParent: GenIf
            vpiFullName: t
            vpiTypespec (1 items):
              BitTypespec:
                vpiParent: Begin
            vpiStmt (2 items):
              SysTaskCall name:write start:12:62 end:12:160:
                vpiParent: Begin
                vpiName Identifier name:write start:12:63 end:12:68:
                vpiArgument (5 items):
                  Constant start:12:69 end:12:108:
                    vpiParent: SysTaskCall name:write
                    vpiTypespec RefTypespec:
                      vpiParent: Constant
                      vpiFullName: t
                      vpiActual: StringTypespec
                    vpiConstType: string (6)
                    vpiSize: 288
                    vpiDecompile: "\"%%Error: %s:%0d:  got='h%x exp='h%x\\n\""
                    vpiValue: "%%Error: %s:%0d:  got='h%x exp='h%x\\n"
                  Constant start:12:110 end:12:136:
                    vpiParent: SysTaskCall name:write
                    vpiTypespec RefTypespec:
                      vpiParent: Constant
                      vpiFullName: t
                      vpiActual: StringTypespec
                    vpiConstType: string (6)
                    vpiSize: 192
                    vpiDecompile: "\"$Source01/t_wire_types.v\""
                    vpiValue: "$Source01/t_wire_types.v"
                  Constant start:12:137 end:12:139:
                    vpiParent: SysTaskCall name:write
                    vpiTypespec RefTypespec:
                      vpiParent: Constant
                      vpiFullName: t
                      vpiActual: IntTypespec
                    vpiConstType: unsigned int (9)
                    vpiSize: 64
                    vpiDecompile: "54"
                    vpiValue: 54
                  RefObj name:w_logic start:12:142 end:12:149:
                    vpiParent: SysTaskCall name:write
                    vpiName: w_logic
                    vpiFullName: t.w_logic
                    vpiActual: Net name:w_logic
                  Constant start:12:153 end:12:157:
                    vpiParent: SysTaskCall name:write
                    vpiTypespec RefTypespec:
                      vpiParent: Constant
                      vpiFullName: t
                      vpiActual: BitTypespec
                    vpiConstType: binary (3)
                    vpiSize: 1
                    vpiDecompile: "1'b1"
                    vpiValue: "1"
              SysTaskCall name:stop start:12:161 end:12:167:
                vpiParent: Begin
                vpiName Identifier name:stop start:12:162 end:12:166:
        GenIf start:12:30 end:12:171:
          vpiParent: Module name:t
          vpiCondition Operation start:12:34 end:12:54:
            vpiParent: GenIf
            vpiOpType: case neq (17)
            vpiOperand (2 items):
              RefObj name:w_bit2 start:12:35 end:12:41:
                vpiParent: Operation
                vpiName: w_bit2
                vpiFullName: t.w_bit2
                vpiActual: Net name:w_bit2
              Constant start:12:48 end:12:53:
                vpiParent: Operation
                vpiTypespec RefTypespec:
                  vpiParent: Constant
                  vpiFullName: t
                  vpiActual: LogicTypespec
                vpiConstType: binary (3)
                vpiSize: 2
                vpiDecompile: "2'b10"
                vpiValue: "10"
          vpiStmt Begin start:12:56 end:12:171:
            vpiParent: GenIf
            vpiFullName: t
            vpiStmt (2 items):
              SysTaskCall name:write start:12:62 end:12:160:
                vpiParent: Begin
                vpiName Identifier name:write start:12:63 end:12:68:
                vpiArgument (5 items):
                  Constant start:12:69 end:12:108:
                    vpiParent: SysTaskCall name:write
                    vpiTypespec RefTypespec:
                      vpiParent: Constant
                      vpiFullName: t
                      vpiActual: StringTypespec
                    vpiConstType: string (6)
                    vpiSize: 288
                    vpiDecompile: "\"%%Error: %s:%0d:  got='h%x exp='h%x\\n\""
                    vpiValue: "%%Error: %s:%0d:  got='h%x exp='h%x\\n"
                  Constant start:12:110 end:12:136:
                    vpiParent: SysTaskCall name:write
                    vpiTypespec RefTypespec:
                      vpiParent: Constant
                      vpiFullName: t
                      vpiActual: StringTypespec
                    vpiConstType: string (6)
                    vpiSize: 192
                    vpiDecompile: "\"$Source01/t_wire_types.v\""
                    vpiValue: "$Source01/t_wire_types.v"
                  Constant start:12:137 end:12:139:
                    vpiParent: SysTaskCall name:write
                    vpiTypespec RefTypespec:
                      vpiParent: Constant
                      vpiFullName: t
                      vpiActual: IntTypespec
                    vpiConstType: unsigned int (9)
                    vpiSize: 64
                    vpiDecompile: "55"
                    vpiValue: 55
                  RefObj name:w_bit2 start:12:142 end:12:148:
                    vpiParent: SysTaskCall name:write
                    vpiName: w_bit2
                    vpiFullName: t.w_bit2
                    vpiActual: Net name:w_bit2
                  Constant start:12:152 end:12:157:
                    vpiParent: SysTaskCall name:write
                    vpiTypespec RefTypespec:
                      vpiParent: Constant
                      vpiFullName: t
                      vpiActual: LogicTypespec
                    vpiConstType: binary (3)
                    vpiSize: 2
                    vpiDecompile: "2'b10"
                    vpiValue: "10"
              SysTaskCall name:stop start:12:161 end:12:167:
                vpiParent: Begin
                vpiName Identifier name:stop start:12:162 end:12:166:
        GenIf start:12:30 end:12:175:
          vpiParent: Module name:t
          vpiCondition Operation start:12:34 end:12:56:
            vpiParent: GenIf
            vpiOpType: case neq (17)
            vpiOperand (2 items):
              RefObj name:w_logic2 start:12:35 end:12:43:
                vpiParent: Operation
                vpiName: w_logic2
                vpiFullName: t.w_logic2
                vpiActual: Net name:w_logic2
              Constant start:12:50 end:12:55:
                vpiParent: Operation
                vpiTypespec RefTypespec:
                  vpiParent: Constant
                  vpiFullName: t
                  vpiActual: LogicTypespec
                vpiConstType: binary (3)
                vpiSize: 2
                vpiDecompile: "2'b10"
                vpiValue: "10"
          vpiStmt Begin start:12:58 end:12:175:
            vpiParent: GenIf
            vpiFullName: t
            vpiStmt (2 items):
              SysTaskCall name:write start:12:64 end:12:164:
                vpiParent: Begin
                vpiName Identifier name:write start:12:65 end:12:70:
                vpiArgument (5 items):
                  Constant start:12:71 end:12:110:
                    vpiParent: SysTaskCall name:write
                    vpiTypespec RefTypespec:
                      vpiParent: Constant
                      vpiFullName: t
                      vpiActual: StringTypespec
                    vpiConstType: string (6)
                    vpiSize: 288
                    vpiDecompile: "\"%%Error: %s:%0d:  got='h%x exp='h%x\\n\""
                    vpiValue: "%%Error: %s:%0d:  got='h%x exp='h%x\\n"
                  Constant start:12:112 end:12:138:
                    vpiParent: SysTaskCall name:write
                    vpiTypespec RefTypespec:
                      vpiParent: Constant
                      vpiFullName: t
                      vpiActual: StringTypespec
                    vpiConstType: string (6)
                    vpiSize: 192
                    vpiDecompile: "\"$Source01/t_wire_types.v\""
                    vpiValue: "$Source01/t_wire_types.v"
                  Constant start:12:139 end:12:141:
                    vpiParent: SysTaskCall name:write
                    vpiTypespec RefTypespec:
                      vpiParent: Constant
                      vpiFullName: t
                      vpiActual: IntTypespec
                    vpiConstType: unsigned int (9)
                    vpiSize: 64
                    vpiDecompile: "56"
                    vpiValue: 56
                  RefObj name:w_logic2 start:12:144 end:12:152:
                    vpiParent: SysTaskCall name:write
                    vpiName: w_logic2
                    vpiFullName: t.w_logic2
                    vpiActual: Net name:w_logic2
                  Constant start:12:156 end:12:161:
                    vpiParent: SysTaskCall name:write
                    vpiTypespec RefTypespec:
                      vpiParent: Constant
                      vpiFullName: t
                      vpiActual: LogicTypespec
                    vpiConstType: binary (3)
                    vpiSize: 2
                    vpiDecompile: "2'b10"
                    vpiValue: "10"
              SysTaskCall name:stop start:12:165 end:12:171:
                vpiParent: Begin
                vpiName Identifier name:stop start:12:166 end:12:170:
        GenIf start:13:30 end:13:164:
          vpiParent: Module name:t
          vpiCondition Operation start:13:34 end:13:52:
            vpiParent: GenIf
            vpiOpType: not equal (15)
            vpiOperand (2 items):
              RefObj name:w_real start:13:35 end:13:41:
                vpiParent: Operation
                vpiName: w_real
                vpiFullName: t.w_real
                vpiActual: Net name:w_real
              Constant start:13:47 end:13:51:
                vpiParent: Operation
                vpiTypespec RefTypespec:
                  vpiParent: Constant
                  vpiFullName: t
                  vpiActual: RealTypespec
                vpiConstType: real (2)
                vpiSize: 64
                vpiDecompile: "3.14"
                vpiValue: 3.14
          vpiStmt Begin start:13:54 end:13:164:
            vpiParent: GenIf
            vpiFullName: t
            vpiStmt (2 items):
              SysTaskCall name:write start:13:60 end:13:153:
                vpiParent: Begin
                vpiName Identifier name:write start:13:61 end:13:66:
                vpiArgument (5 items):
                  Constant start:13:67 end:13:102:
                    vpiParent: SysTaskCall name:write
                    vpiTypespec RefTypespec:
                      vpiParent: Constant
                      vpiFullName: t
                      vpiActual: StringTypespec
                    vpiConstType: string (6)
                    vpiSize: 256
                    vpiDecompile: "\"%%Error: %s:%0d:  got=%g exp=%g\\n\""
                    vpiValue: "%%Error: %s:%0d:  got=%g exp=%g\\n"
                  Constant start:13:104 end:13:130:
                    vpiParent: SysTaskCall name:write
                    vpiTypespec RefTypespec:
                      vpiParent: Constant
                      vpiFullName: t
                      vpiActual: StringTypespec
                    vpiConstType: string (6)
                    vpiSize: 192
                    vpiDecompile: "\"$Source01/t_wire_types.v\""
                    vpiValue: "$Source01/t_wire_types.v"
                  Constant start:13:131 end:13:133:
                    vpiParent: SysTaskCall name:write
                    vpiTypespec RefTypespec:
                      vpiParent: Constant
                      vpiFullName: t
                      vpiActual: IntTypespec
                    vpiConstType: unsigned int (9)
                    vpiSize: 64
                    vpiDecompile: "57"
                    vpiValue: 57
                  RefObj name:w_real start:13:136 end:13:142:
                    vpiParent: SysTaskCall name:write
                    vpiName: w_real
                    vpiFullName: t.w_real
                    vpiActual: Net name:w_real
                  Constant start:13:146 end:13:150:
                    vpiParent: SysTaskCall name:write
                    vpiTypespec RefTypespec:
                      vpiParent: Constant
                      vpiFullName: t
                      vpiActual: RealTypespec
                    vpiConstType: real (2)
                    vpiSize: 64
                    vpiDecompile: "3.14"
                    vpiValue: 3.14
              SysTaskCall name:stop start:13:154 end:13:160:
                vpiParent: Begin
                vpiName Identifier name:stop start:13:155 end:13:159:
  vpiTypespec (8 items):
    ModuleTypespec name:t:
      vpiParent: Design name:unnamed
      vpiName Identifier name:t start:6:8 end:6:9:
      vpiDefName: t
      vpiModule: Module name:t
    ShortIntTypespec:
      vpiParent: Design name:unnamed
      vpiSigned: true
    IntTypespec:
      vpiParent: Design name:unnamed
      vpiSigned: true
    LongIntTypespec:
      vpiParent: Design name:unnamed
      vpiSigned: true
    RealTypespec:
      vpiParent: Design name:unnamed
    IntTypespec:
      vpiParent: Design name:unnamed
    LogicTypespec:
      vpiParent: Design name:unnamed
    StringTypespec:
      vpiParent: Design name:unnamed
  vpiLibrary (1 items):
    Library name:work:
      vpiParent: Design name:unnamed
      vpiName: work
===================
[  FATAL] : 0
[ SYNTAX] : 10
[  ERROR] : 1
[WARNING] : 5
[   NOTE] : 0
********************************************************************************
*                    End HLC SystemVerilog Compiler/Linter                     *
********************************************************************************

#**#**#**#**#**#**#**#**#**#**#**#**#**#**#**#**#**#**#**#**#**#**#**#**#**#**#**#**#**#**#**#**#**#**#**#**#**#**#**#**

Environment:
      test-name: Verilator/t_wire_types
   test-dirpath: ${HLC_DIR}/regression/Verilator/t_wire_types
  hldb-filepath: ${HLC_DIR}/regression/Verilator/t_wire_types/design.hldb
mounts-filepath: ${HLC_DIR}/regression/Verilator/t_wire_types/mounts.json


{'result': {'coverage': 99.53,
            'error_count': 0,
            'file_count': 1,
            'files': {'$Output/lib/work/t_wire_types.v': {'post_len': 10,
                                                          'pre_len': 2130}},
            'post_len': 10,
            'pre_len': 2130,
            'test_name': 'Verilator/t_wire_types'}}

+---------------------------------+----------+-----------+
| INPUT                           |   PRELEN |   POSTLEN |
+=================================+==========+===========+
| $Output/lib/work/t_wire_types.v |     2130 |        10 |
+=================================+==========+===========+
|                                 |     2130 |        10 |
+---------------------------------+----------+-----------+

[   ERROR] : 0
[COVERAGE] : 99.53


#**#**#**#**#**#**#**#**#**#**#**#**#**#**#**#**#**#**#**#**#**#**#**#**#**#**#**#**#**#**#**#**#**#**#**#**#**#**#**#**

COMMAND: ${HLC_DIR}/regression/Verilator/t_wire_types/design.hldb ${HLC_DIR}/regression/Verilator/t_wire_types/reduced.hldb

==================== BEGIN REDUCTION RESULT ====================
Name                            Before   After   Added   Removed
----------------------------------------------------------------
Constant                            65      65       9         9
Operation                           20      11       0         9
RefTypespec                         79      79       9         9
----------------------------------------------------------------
Others                             308     308       0         0
----------------------------------------------------------------
                                   472     463      18        27
===================== END REDUCTION RESULT =====================
