********************************************************************************
*                   Begin HLC SystemVerilog Compiler/Linter                    *
********************************************************************************
Copyright (c) 2020 Apotell,
http://www.apache.org/licenses/LICENSE-2.0
VERSION: 1.84
COMMAND: -wd ../../../../../../tests/XilinxUnisimLibrary/verilog/src -writepp -nobuiltin -timescale=1ns/1ns glbl.v -d ast -d db unisims/PLLE3_BASE.v -mt 0 -d dbstats -d cache -writepp -d db -nostdout -o ${HLC_DIR}/regression/XilinxUnisimLibrary/verilog/src/unisims/PLLE3_BASE
[INF:CM0023] Creating log file "$Output/hlc.log".
[INF:PP0122] Preprocessing source file "$Source01/glbl.v".
[INF:PP0122] Preprocessing source file "$Source01/unisims/PLLE3_BASE.v".
[INF:PA0201] Parsing source file "$Source01/glbl.v".
[INF:PA0201] Parsing source file "$Source01/unisims/PLLE3_BASE.v".
AST_DEBUG_BEGIN
Count: 869
LIB: work
FILE: f<15>:$Source01/glbl.v
n<$Source01/glbl.v> u<868> t<Top_level_rule> c<1> l<19:1> el<100:1>
  n<> u<1> t<Null_rule> p<868> s<2> l<19:1> el<19:1>
  n<///////////////////////////////////////////////////////////////////////////////> u<2> t<LINE_COMMENT> p<868> s<3> l<1:1> el<1:80>
  n<//    Copyright (c) 2010 Xilinx, Inc.> u<3> t<LINE_COMMENT> p<868> s<4> l<2:1> el<2:38>
  n<// > u<4> t<LINE_COMMENT> p<868> s<5> l<3:1> el<3:4>
  n<//    Licensed under the Apache License, Version 2.0 (the "License");> u<5> t<LINE_COMMENT> p<868> s<6> l<4:1> el<4:70>
  n<//    you may not use this file except in compliance with the License.> u<6> t<LINE_COMMENT> p<868> s<7> l<5:1> el<5:71>
  n<//    You may obtain a copy of the License at> u<7> t<LINE_COMMENT> p<868> s<8> l<6:1> el<6:46>
  n<// > u<8> t<LINE_COMMENT> p<868> s<9> l<7:1> el<7:4>
  n<//        http://www.apache.org/licenses/LICENSE-2.0> u<9> t<LINE_COMMENT> p<868> s<10> l<8:1> el<8:53>
  n<// > u<10> t<LINE_COMMENT> p<868> s<11> l<9:1> el<9:4>
  n<//    Unless required by applicable law or agreed to in writing, software> u<11> t<LINE_COMMENT> p<868> s<12> l<10:1> el<10:74>
  n<//    distributed under the License is distributed on an "AS IS" BASIS,> u<12> t<LINE_COMMENT> p<868> s<13> l<11:1> el<11:72>
  n<//    WITHOUT WARRANTIES OR CONDITIONS OF ANY KIND, either express or implied.> u<13> t<LINE_COMMENT> p<868> s<14> l<12:1> el<12:79>
  n<//    See the License for the specific language governing permissions and> u<14> t<LINE_COMMENT> p<868> s<15> l<13:1> el<13:74>
  n<//    limitations under the License.> u<15> t<LINE_COMMENT> p<868> s<16> l<14:1> el<14:37>
  n<///////////////////////////////////////////////////////////////////////////////> u<16> t<LINE_COMMENT> p<868> s<17> l<15:1> el<15:80>
  n<// $Header: /devl/xcs/repo/env/Databases/CAEInterfaces/verunilibs/data/glbl.v,v 1.14 2010/10/28 20:44:00 fphillip Exp $> u<17> t<LINE_COMMENT> p<868> s<867> l<16:1> el<16:120>
  n<> u<867> t<Source_text> p<868> c<26> l<19:1> el<98:10>
    n<> u<26> t<Description> p<867> c<25> s<866> l<19:1> el<19:24>
      n<> u<25> t<Top_directives> p<26> c<24> l<19:1> el<19:24>
        n<> u<24> t<Timescale_directive> p<25> c<20> l<19:1> el<19:24>
          n<1ps> u<20> t<Time_literal> p<24> c<18> s<23> l<19:13> el<19:17>
            n<1> u<18> t<INTEGRAL_NUMBER> p<20> s<19> l<19:13> el<19:14>
            n<ps> u<19> t<SIMPLE_IDENTIFIER> p<20> l<19:15> el<19:17>
          n<1ps> u<23> t<Time_literal> p<24> c<21> l<19:20> el<19:24>
            n<1> u<21> t<INTEGRAL_NUMBER> p<23> s<22> l<19:20> el<19:21>
            n<ps> u<22> t<SIMPLE_IDENTIFIER> p<23> l<19:22> el<19:24>
    n<> u<866> t<Description> p<867> c<865> l<21:1> el<98:10>
      n<> u<865> t<Module_declaration> p<866> c<31> l<21:1> el<98:10>
        n<> u<31> t<Module_nonansi_header> p<865> c<27> s<48> l<21:1> el<21:16>
          n<module> u<27> t<MODULE> p<31> s<28> l<21:1> el<21:7>
          n<glbl> u<28> t<SIMPLE_IDENTIFIER> p<31> s<29> l<21:8> el<21:12>
          n<> u<29> t<Package_import_declaration_list> p<31> s<30> l<21:13> el<21:13>
          n<> u<30> t<Port_list> p<31> l<21:13> el<21:15>
        n<> u<48> t<Module_item> p<865> c<47> s<65> l<23:5> el<23:34>
          n<> u<47> t<Non_port_module_item> p<48> c<46> l<23:5> el<23:34>
            n<> u<46> t<Module_or_generate_item> p<47> c<45> l<23:5> el<23:34>
              n<> u<45> t<Module_common_item> p<46> c<44> l<23:5> el<23:34>
                n<> u<44> t<Module_or_generate_item_declaration> p<45> c<43> l<23:5> el<23:34>
                  n<> u<43> t<Package_or_generate_item_declaration> p<44> c<42> l<23:5> el<23:34>
                    n<> u<42> t<Parameter_declaration> p<43> c<32> l<23:5> el<23:33>
                      n<> u<32> t<Data_type_or_implicit> p<42> s<41> l<23:15> el<23:15>
                      n<> u<41> t<Param_assignment_list> p<42> c<40> l<23:15> el<23:33>
                        n<> u<40> t<Param_assignment> p<41> c<33> l<23:15> el<23:33>
                          n<ROC_WIDTH> u<33> t<SIMPLE_IDENTIFIER> p<40> s<39> l<23:15> el<23:24>
                          n<> u<39> t<Constant_param_expression> p<40> c<38> l<23:27> el<23:33>
                            n<> u<38> t<Constant_mintypmax_expression> p<39> c<37> l<23:27> el<23:33>
                              n<> u<37> t<Constant_expression> p<38> c<36> l<23:27> el<23:33>
                                n<> u<36> t<Constant_primary> p<37> c<35> l<23:27> el<23:33>
                                  n<> u<35> t<Primary_literal> p<36> c<34> l<23:27> el<23:33>
                                    n<100000> u<34> t<INTEGRAL_NUMBER> p<35> l<23:27> el<23:33>
        n<> u<65> t<Module_item> p<865> c<64> s<82> l<24:5> el<24:29>
          n<> u<64> t<Non_port_module_item> p<65> c<63> l<24:5> el<24:29>
            n<> u<63> t<Module_or_generate_item> p<64> c<62> l<24:5> el<24:29>
              n<> u<62> t<Module_common_item> p<63> c<61> l<24:5> el<24:29>
                n<> u<61> t<Module_or_generate_item_declaration> p<62> c<60> l<24:5> el<24:29>
                  n<> u<60> t<Package_or_generate_item_declaration> p<61> c<59> l<24:5> el<24:29>
                    n<> u<59> t<Parameter_declaration> p<60> c<49> l<24:5> el<24:28>
                      n<> u<49> t<Data_type_or_implicit> p<59> s<58> l<24:15> el<24:15>
                      n<> u<58> t<Param_assignment_list> p<59> c<57> l<24:15> el<24:28>
                        n<> u<57> t<Param_assignment> p<58> c<50> l<24:15> el<24:28>
                          n<TOC_WIDTH> u<50> t<SIMPLE_IDENTIFIER> p<57> s<56> l<24:15> el<24:24>
                          n<> u<56> t<Constant_param_expression> p<57> c<55> l<24:27> el<24:28>
                            n<> u<55> t<Constant_mintypmax_expression> p<56> c<54> l<24:27> el<24:28>
                              n<> u<54> t<Constant_expression> p<55> c<53> l<24:27> el<24:28>
                                n<> u<53> t<Constant_primary> p<54> c<52> l<24:27> el<24:28>
                                  n<> u<52> t<Primary_literal> p<53> c<51> l<24:27> el<24:28>
                                    n<0> u<51> t<INTEGRAL_NUMBER> p<52> l<24:27> el<24:28>
        n<> u<82> t<Module_item> p<865> c<81> s<99> l<25:5> el<25:34>
          n<> u<81> t<Non_port_module_item> p<82> c<80> l<25:5> el<25:34>
            n<> u<80> t<Module_or_generate_item> p<81> c<79> l<25:5> el<25:34>
              n<> u<79> t<Module_common_item> p<80> c<78> l<25:5> el<25:34>
                n<> u<78> t<Module_or_generate_item_declaration> p<79> c<77> l<25:5> el<25:34>
                  n<> u<77> t<Package_or_generate_item_declaration> p<78> c<76> l<25:5> el<25:34>
                    n<> u<76> t<Parameter_declaration> p<77> c<66> l<25:5> el<25:33>
                      n<> u<66> t<Data_type_or_implicit> p<76> s<75> l<25:15> el<25:15>
                      n<> u<75> t<Param_assignment_list> p<76> c<74> l<25:15> el<25:33>
                        n<> u<74> t<Param_assignment> p<75> c<67> l<25:15> el<25:33>
                          n<GRES_WIDTH> u<67> t<SIMPLE_IDENTIFIER> p<74> s<73> l<25:15> el<25:25>
                          n<> u<73> t<Constant_param_expression> p<74> c<72> l<25:28> el<25:33>
                            n<> u<72> t<Constant_mintypmax_expression> p<73> c<71> l<25:28> el<25:33>
                              n<> u<71> t<Constant_expression> p<72> c<70> l<25:28> el<25:33>
                                n<> u<70> t<Constant_primary> p<71> c<69> l<25:28> el<25:33>
                                  n<> u<69> t<Primary_literal> p<70> c<68> l<25:28> el<25:33>
                                    n<10000> u<68> t<INTEGRAL_NUMBER> p<69> l<25:28> el<25:33>
        n<> u<99> t<Module_item> p<865> c<98> s<100> l<26:5> el<26:34>
          n<> u<98> t<Non_port_module_item> p<99> c<97> l<26:5> el<26:34>
            n<> u<97> t<Module_or_generate_item> p<98> c<96> l<26:5> el<26:34>
              n<> u<96> t<Module_common_item> p<97> c<95> l<26:5> el<26:34>
                n<> u<95> t<Module_or_generate_item_declaration> p<96> c<94> l<26:5> el<26:34>
                  n<> u<94> t<Package_or_generate_item_declaration> p<95> c<93> l<26:5> el<26:34>
                    n<> u<93> t<Parameter_declaration> p<94> c<83> l<26:5> el<26:33>
                      n<> u<83> t<Data_type_or_implicit> p<93> s<92> l<26:15> el<26:15>
                      n<> u<92> t<Param_assignment_list> p<93> c<91> l<26:15> el<26:33>
                        n<> u<91> t<Param_assignment> p<92> c<84> l<26:15> el<26:33>
                          n<GRES_START> u<84> t<SIMPLE_IDENTIFIER> p<91> s<90> l<26:15> el<26:25>
                          n<> u<90> t<Constant_param_expression> p<91> c<89> l<26:28> el<26:33>
                            n<> u<89> t<Constant_mintypmax_expression> p<90> c<88> l<26:28> el<26:33>
                              n<> u<88> t<Constant_expression> p<89> c<87> l<26:28> el<26:33>
                                n<> u<87> t<Constant_primary> p<88> c<86> l<26:28> el<26:33>
                                  n<> u<86> t<Primary_literal> p<87> c<85> l<26:28> el<26:33>
                                    n<10000> u<85> t<INTEGRAL_NUMBER> p<86> l<26:28> el<26:33>
        n<//--------   STARTUP Globals --------------> u<100> t<LINE_COMMENT> p<865> s<112> l<28:1> el<28:44>
        n<> u<112> t<Module_item> p<865> c<111> s<124> l<29:5> el<29:14>
          n<> u<111> t<Non_port_module_item> p<112> c<110> l<29:5> el<29:14>
            n<> u<110> t<Module_or_generate_item> p<111> c<109> l<29:5> el<29:14>
              n<> u<109> t<Module_common_item> p<110> c<108> l<29:5> el<29:14>
                n<> u<108> t<Module_or_generate_item_declaration> p<109> c<107> l<29:5> el<29:14>
                  n<> u<107> t<Package_or_generate_item_declaration> p<108> c<106> l<29:5> el<29:14>
                    n<> u<106> t<Net_declaration> p<107> c<101> l<29:5> el<29:14>
                      n<> u<101> t<WIRE> p<106> s<102> l<29:5> el<29:9>
                      n<> u<102> t<Data_type_or_implicit> p<106> s<105> l<29:10> el<29:10>
                      n<> u<105> t<Net_decl_assignment_list> p<106> c<104> l<29:10> el<29:13>
                        n<> u<104> t<Net_decl_assignment> p<105> c<103> l<29:10> el<29:13>
                          n<GSR> u<103> t<SIMPLE_IDENTIFIER> p<104> l<29:10> el<29:13>
        n<> u<124> t<Module_item> p<865> c<123> s<136> l<30:5> el<30:14>
          n<> u<123> t<Non_port_module_item> p<124> c<122> l<30:5> el<30:14>
            n<> u<122> t<Module_or_generate_item> p<123> c<121> l<30:5> el<30:14>
              n<> u<121> t<Module_common_item> p<122> c<120> l<30:5> el<30:14>
                n<> u<120> t<Module_or_generate_item_declaration> p<121> c<119> l<30:5> el<30:14>
                  n<> u<119> t<Package_or_generate_item_declaration> p<120> c<118> l<30:5> el<30:14>
                    n<> u<118> t<Net_declaration> p<119> c<113> l<30:5> el<30:14>
                      n<> u<113> t<WIRE> p<118> s<114> l<30:5> el<30:9>
                      n<> u<114> t<Data_type_or_implicit> p<118> s<117> l<30:10> el<30:10>
                      n<> u<117> t<Net_decl_assignment_list> p<118> c<116> l<30:10> el<30:13>
                        n<> u<116> t<Net_decl_assignment> p<117> c<115> l<30:10> el<30:13>
                          n<GTS> u<115> t<SIMPLE_IDENTIFIER> p<116> l<30:10> el<30:13>
        n<> u<136> t<Module_item> p<865> c<135> s<148> l<31:5> el<31:14>
          n<> u<135> t<Non_port_module_item> p<136> c<134> l<31:5> el<31:14>
            n<> u<134> t<Module_or_generate_item> p<135> c<133> l<31:5> el<31:14>
              n<> u<133> t<Module_common_item> p<134> c<132> l<31:5> el<31:14>
                n<> u<132> t<Module_or_generate_item_declaration> p<133> c<131> l<31:5> el<31:14>
                  n<> u<131> t<Package_or_generate_item_declaration> p<132> c<130> l<31:5> el<31:14>
                    n<> u<130> t<Net_declaration> p<131> c<125> l<31:5> el<31:14>
                      n<> u<125> t<WIRE> p<130> s<126> l<31:5> el<31:9>
                      n<> u<126> t<Data_type_or_implicit> p<130> s<129> l<31:10> el<31:10>
                      n<> u<129> t<Net_decl_assignment_list> p<130> c<128> l<31:10> el<31:13>
                        n<> u<128> t<Net_decl_assignment> p<129> c<127> l<31:10> el<31:13>
                          n<GWE> u<127> t<SIMPLE_IDENTIFIER> p<128> l<31:10> el<31:13>
        n<> u<148> t<Module_item> p<865> c<147> s<160> l<32:5> el<32:15>
          n<> u<147> t<Non_port_module_item> p<148> c<146> l<32:5> el<32:15>
            n<> u<146> t<Module_or_generate_item> p<147> c<145> l<32:5> el<32:15>
              n<> u<145> t<Module_common_item> p<146> c<144> l<32:5> el<32:15>
                n<> u<144> t<Module_or_generate_item_declaration> p<145> c<143> l<32:5> el<32:15>
                  n<> u<143> t<Package_or_generate_item_declaration> p<144> c<142> l<32:5> el<32:15>
                    n<> u<142> t<Net_declaration> p<143> c<137> l<32:5> el<32:15>
                      n<> u<137> t<WIRE> p<142> s<138> l<32:5> el<32:9>
                      n<> u<138> t<Data_type_or_implicit> p<142> s<141> l<32:10> el<32:10>
                      n<> u<141> t<Net_decl_assignment_list> p<142> c<140> l<32:10> el<32:14>
                        n<> u<140> t<Net_decl_assignment> p<141> c<139> l<32:10> el<32:14>
                          n<PRLD> u<139> t<SIMPLE_IDENTIFIER> p<140> l<32:10> el<32:14>
        n<> u<160> t<Module_item> p<865> c<159> s<172> l<33:5> el<33:19>
          n<> u<159> t<Non_port_module_item> p<160> c<158> l<33:5> el<33:19>
            n<> u<158> t<Module_or_generate_item> p<159> c<157> l<33:5> el<33:19>
              n<> u<157> t<Module_common_item> p<158> c<156> l<33:5> el<33:19>
                n<> u<156> t<Module_or_generate_item_declaration> p<157> c<155> l<33:5> el<33:19>
                  n<> u<155> t<Package_or_generate_item_declaration> p<156> c<154> l<33:5> el<33:19>
                    n<> u<154> t<Net_declaration> p<155> c<149> l<33:5> el<33:19>
                      n<> u<149> t<WIRE> p<154> s<150> l<33:5> el<33:9>
                      n<> u<150> t<Data_type_or_implicit> p<154> s<153> l<33:10> el<33:10>
                      n<> u<153> t<Net_decl_assignment_list> p<154> c<152> l<33:10> el<33:18>
                        n<> u<152> t<Net_decl_assignment> p<153> c<151> l<33:10> el<33:18>
                          n<GRESTORE> u<151> t<SIMPLE_IDENTIFIER> p<152> l<33:10> el<33:18>
        n<> u<172> t<Module_item> p<865> c<171> s<191> l<34:5> el<34:19>
          n<> u<171> t<Non_port_module_item> p<172> c<170> l<34:5> el<34:19>
            n<> u<170> t<Module_or_generate_item> p<171> c<169> l<34:5> el<34:19>
              n<> u<169> t<Module_common_item> p<170> c<168> l<34:5> el<34:19>
                n<> u<168> t<Module_or_generate_item_declaration> p<169> c<167> l<34:5> el<34:19>
                  n<> u<167> t<Package_or_generate_item_declaration> p<168> c<166> l<34:5> el<34:19>
                    n<> u<166> t<Net_declaration> p<167> c<161> l<34:5> el<34:19>
                      n<> u<161> t<TRI1> p<166> s<162> l<34:5> el<34:9>
                      n<> u<162> t<Data_type_or_implicit> p<166> s<165> l<34:10> el<34:10>
                      n<> u<165> t<Net_decl_assignment_list> p<166> c<164> l<34:10> el<34:18>
                        n<> u<164> t<Net_decl_assignment> p<165> c<163> l<34:10> el<34:18>
                          n<p_up_tmp> u<163> t<SIMPLE_IDENTIFIER> p<164> l<34:10> el<34:18>
        n<> u<191> t<Module_item> p<865> c<190> s<203> l<35:5> el<35:47>
          n<> u<190> t<Non_port_module_item> p<191> c<189> l<35:5> el<35:47>
            n<> u<189> t<Module_or_generate_item> p<190> c<188> l<35:5> el<35:47>
              n<> u<188> t<Module_common_item> p<189> c<187> l<35:5> el<35:47>
                n<> u<187> t<Module_or_generate_item_declaration> p<188> c<186> l<35:5> el<35:47>
                  n<> u<186> t<Package_or_generate_item_declaration> p<187> c<185> l<35:5> el<35:47>
                    n<> u<185> t<Net_declaration> p<186> c<173> l<35:5> el<35:47>
                      n<> u<173> t<TRI> p<185> s<176> l<35:5> el<35:8>
                      n<> u<176> t<Drive_strength> p<185> c<175> s<177> l<35:9> el<35:25>
                        n<> u<175> t<WEAK1> p<176> s<174> l<35:10> el<35:15>
                        n<> u<174> t<STRONG0> p<176> l<35:17> el<35:24>
                      n<> u<177> t<Data_type_or_implicit> p<185> s<184> l<35:26> el<35:26>
                      n<> u<184> t<Net_decl_assignment_list> p<185> c<183> l<35:26> el<35:46>
                        n<> u<183> t<Net_decl_assignment> p<184> c<178> l<35:26> el<35:46>
                          n<PLL_LOCKG> u<178> t<SIMPLE_IDENTIFIER> p<183> s<182> l<35:26> el<35:35>
                          n<> u<182> t<Expression> p<183> c<181> l<35:38> el<35:46>
                            n<> u<181> t<Primary> p<182> c<180> l<35:38> el<35:46>
                              n<> u<180> t<Primary_literal> p<181> c<179> l<35:38> el<35:46>
                                n<p_up_tmp> u<179> t<SIMPLE_IDENTIFIER> p<180> l<35:38> el<35:46>
        n<> u<203> t<Module_item> p<865> c<202> s<215> l<37:5> el<37:21>
          n<> u<202> t<Non_port_module_item> p<203> c<201> l<37:5> el<37:21>
            n<> u<201> t<Module_or_generate_item> p<202> c<200> l<37:5> el<37:21>
              n<> u<200> t<Module_common_item> p<201> c<199> l<37:5> el<37:21>
                n<> u<199> t<Module_or_generate_item_declaration> p<200> c<198> l<37:5> el<37:21>
                  n<> u<198> t<Package_or_generate_item_declaration> p<199> c<197> l<37:5> el<37:21>
                    n<> u<197> t<Net_declaration> p<198> c<192> l<37:5> el<37:21>
                      n<> u<192> t<WIRE> p<197> s<193> l<37:5> el<37:9>
                      n<> u<193> t<Data_type_or_implicit> p<197> s<196> l<37:10> el<37:10>
                      n<> u<196> t<Net_decl_assignment_list> p<197> c<195> l<37:10> el<37:20>
                        n<> u<195> t<Net_decl_assignment> p<196> c<194> l<37:10> el<37:20>
                          n<PROGB_GLBL> u<194> t<SIMPLE_IDENTIFIER> p<195> l<37:10> el<37:20>
        n<> u<215> t<Module_item> p<865> c<214> s<227> l<38:5> el<38:21>
          n<> u<214> t<Non_port_module_item> p<215> c<213> l<38:5> el<38:21>
            n<> u<213> t<Module_or_generate_item> p<214> c<212> l<38:5> el<38:21>
              n<> u<212> t<Module_common_item> p<213> c<211> l<38:5> el<38:21>
                n<> u<211> t<Module_or_generate_item_declaration> p<212> c<210> l<38:5> el<38:21>
                  n<> u<210> t<Package_or_generate_item_declaration> p<211> c<209> l<38:5> el<38:21>
                    n<> u<209> t<Net_declaration> p<210> c<204> l<38:5> el<38:21>
                      n<> u<204> t<WIRE> p<209> s<205> l<38:5> el<38:9>
                      n<> u<205> t<Data_type_or_implicit> p<209> s<208> l<38:10> el<38:10>
                      n<> u<208> t<Net_decl_assignment_list> p<209> c<207> l<38:10> el<38:20>
                        n<> u<207> t<Net_decl_assignment> p<208> c<206> l<38:10> el<38:20>
                          n<CCLKO_GLBL> u<206> t<SIMPLE_IDENTIFIER> p<207> l<38:10> el<38:20>
        n<> u<227> t<Module_item> p<865> c<226> s<249> l<39:5> el<39:21>
          n<> u<226> t<Non_port_module_item> p<227> c<225> l<39:5> el<39:21>
            n<> u<225> t<Module_or_generate_item> p<226> c<224> l<39:5> el<39:21>
              n<> u<224> t<Module_common_item> p<225> c<223> l<39:5> el<39:21>
                n<> u<223> t<Module_or_generate_item_declaration> p<224> c<222> l<39:5> el<39:21>
                  n<> u<222> t<Package_or_generate_item_declaration> p<223> c<221> l<39:5> el<39:21>
                    n<> u<221> t<Net_declaration> p<222> c<216> l<39:5> el<39:21>
                      n<> u<216> t<WIRE> p<221> s<217> l<39:5> el<39:9>
                      n<> u<217> t<Data_type_or_implicit> p<221> s<220> l<39:10> el<39:10>
                      n<> u<220> t<Net_decl_assignment_list> p<221> c<219> l<39:10> el<39:20>
                        n<> u<219> t<Net_decl_assignment> p<220> c<218> l<39:10> el<39:20>
                          n<FCSBO_GLBL> u<218> t<SIMPLE_IDENTIFIER> p<219> l<39:10> el<39:20>
        n<> u<249> t<Module_item> p<865> c<248> s<271> l<40:5> el<40:24>
          n<> u<248> t<Non_port_module_item> p<249> c<247> l<40:5> el<40:24>
            n<> u<247> t<Module_or_generate_item> p<248> c<246> l<40:5> el<40:24>
              n<> u<246> t<Module_common_item> p<247> c<245> l<40:5> el<40:24>
                n<> u<245> t<Module_or_generate_item_declaration> p<246> c<244> l<40:5> el<40:24>
                  n<> u<244> t<Package_or_generate_item_declaration> p<245> c<243> l<40:5> el<40:24>
                    n<> u<243> t<Net_declaration> p<244> c<228> l<40:5> el<40:24>
                      n<> u<228> t<WIRE> p<243> s<239> l<40:5> el<40:9>
                      n<> u<239> t<Data_type_or_implicit> p<243> c<238> s<242> l<40:10> el<40:15>
                        n<> u<238> t<Packed_dimension> p<239> c<237> l<40:10> el<40:15>
                          n<> u<237> t<Constant_range> p<238> c<232> l<40:11> el<40:14>
                            n<> u<232> t<Constant_expression> p<237> c<231> s<236> l<40:11> el<40:12>
                              n<> u<231> t<Constant_primary> p<232> c<230> l<40:11> el<40:12>
                                n<> u<230> t<Primary_literal> p<231> c<229> l<40:11> el<40:12>
                                  n<3> u<229> t<INTEGRAL_NUMBER> p<230> l<40:11> el<40:12>
                            n<> u<236> t<Constant_expression> p<237> c<235> l<40:13> el<40:14>
                              n<> u<235> t<Constant_primary> p<236> c<234> l<40:13> el<40:14>
                                n<> u<234> t<Primary_literal> p<235> c<233> l<40:13> el<40:14>
                                  n<0> u<233> t<INTEGRAL_NUMBER> p<234> l<40:13> el<40:14>
                      n<> u<242> t<Net_decl_assignment_list> p<243> c<241> l<40:16> el<40:23>
                        n<> u<241> t<Net_decl_assignment> p<242> c<240> l<40:16> el<40:23>
                          n<DO_GLBL> u<240> t<SIMPLE_IDENTIFIER> p<241> l<40:16> el<40:23>
        n<> u<271> t<Module_item> p<865> c<270> s<284> l<41:5> el<41:24>
          n<> u<270> t<Non_port_module_item> p<271> c<269> l<41:5> el<41:24>
            n<> u<269> t<Module_or_generate_item> p<270> c<268> l<41:5> el<41:24>
              n<> u<268> t<Module_common_item> p<269> c<267> l<41:5> el<41:24>
                n<> u<267> t<Module_or_generate_item_declaration> p<268> c<266> l<41:5> el<41:24>
                  n<> u<266> t<Package_or_generate_item_declaration> p<267> c<265> l<41:5> el<41:24>
                    n<> u<265> t<Net_declaration> p<266> c<250> l<41:5> el<41:24>
                      n<> u<250> t<WIRE> p<265> s<261> l<41:5> el<41:9>
                      n<> u<261> t<Data_type_or_implicit> p<265> c<260> s<264> l<41:10> el<41:15>
                        n<> u<260> t<Packed_dimension> p<261> c<259> l<41:10> el<41:15>
                          n<> u<259> t<Constant_range> p<260> c<254> l<41:11> el<41:14>
                            n<> u<254> t<Constant_expression> p<259> c<253> s<258> l<41:11> el<41:12>
                              n<> u<253> t<Constant_primary> p<254> c<252> l<41:11> el<41:12>
                                n<> u<252> t<Primary_literal> p<253> c<251> l<41:11> el<41:12>
                                  n<3> u<251> t<INTEGRAL_NUMBER> p<252> l<41:11> el<41:12>
                            n<> u<258> t<Constant_expression> p<259> c<257> l<41:13> el<41:14>
                              n<> u<257> t<Constant_primary> p<258> c<256> l<41:13> el<41:14>
                                n<> u<256> t<Primary_literal> p<257> c<255> l<41:13> el<41:14>
                                  n<0> u<255> t<INTEGRAL_NUMBER> p<256> l<41:13> el<41:14>
                      n<> u<264> t<Net_decl_assignment_list> p<265> c<263> l<41:16> el<41:23>
                        n<> u<263> t<Net_decl_assignment> p<264> c<262> l<41:16> el<41:23>
                          n<DI_GLBL> u<262> t<SIMPLE_IDENTIFIER> p<263> l<41:16> el<41:23>
        n<> u<284> t<Module_item> p<865> c<283> s<297> l<43:5> el<43:17>
          n<> u<283> t<Non_port_module_item> p<284> c<282> l<43:5> el<43:17>
            n<> u<282> t<Module_or_generate_item> p<283> c<281> l<43:5> el<43:17>
              n<> u<281> t<Module_common_item> p<282> c<280> l<43:5> el<43:17>
                n<> u<280> t<Module_or_generate_item_declaration> p<281> c<279> l<43:5> el<43:17>
                  n<> u<279> t<Package_or_generate_item_declaration> p<280> c<278> l<43:5> el<43:17>
                    n<> u<278> t<Data_declaration> p<279> c<277> l<43:5> el<43:17>
                      n<> u<277> t<Variable_declaration> p<278> c<273> l<43:5> el<43:17>
                        n<> u<273> t<Data_type> p<277> c<272> s<276> l<43:5> el<43:8>
                          n<> u<272> t<REG> p<273> l<43:5> el<43:8>
                        n<> u<276> t<Variable_decl_assignment_list> p<277> c<275> l<43:9> el<43:16>
                          n<> u<275> t<Variable_decl_assignment> p<276> c<274> l<43:9> el<43:16>
                            n<GSR_int> u<274> t<SIMPLE_IDENTIFIER> p<275> l<43:9> el<43:16>
        n<> u<297> t<Module_item> p<865> c<296> s<310> l<44:5> el<44:17>
          n<> u<296> t<Non_port_module_item> p<297> c<295> l<44:5> el<44:17>
            n<> u<295> t<Module_or_generate_item> p<296> c<294> l<44:5> el<44:17>
              n<> u<294> t<Module_common_item> p<295> c<293> l<44:5> el<44:17>
                n<> u<293> t<Module_or_generate_item_declaration> p<294> c<292> l<44:5> el<44:17>
                  n<> u<292> t<Package_or_generate_item_declaration> p<293> c<291> l<44:5> el<44:17>
                    n<> u<291> t<Data_declaration> p<292> c<290> l<44:5> el<44:17>
                      n<> u<290> t<Variable_declaration> p<291> c<286> l<44:5> el<44:17>
                        n<> u<286> t<Data_type> p<290> c<285> s<289> l<44:5> el<44:8>
                          n<> u<285> t<REG> p<286> l<44:5> el<44:8>
                        n<> u<289> t<Variable_decl_assignment_list> p<290> c<288> l<44:9> el<44:16>
                          n<> u<288> t<Variable_decl_assignment> p<289> c<287> l<44:9> el<44:16>
                            n<GTS_int> u<287> t<SIMPLE_IDENTIFIER> p<288> l<44:9> el<44:16>
        n<> u<310> t<Module_item> p<865> c<309> s<323> l<45:5> el<45:18>
          n<> u<309> t<Non_port_module_item> p<310> c<308> l<45:5> el<45:18>
            n<> u<308> t<Module_or_generate_item> p<309> c<307> l<45:5> el<45:18>
              n<> u<307> t<Module_common_item> p<308> c<306> l<45:5> el<45:18>
                n<> u<306> t<Module_or_generate_item_declaration> p<307> c<305> l<45:5> el<45:18>
                  n<> u<305> t<Package_or_generate_item_declaration> p<306> c<304> l<45:5> el<45:18>
                    n<> u<304> t<Data_declaration> p<305> c<303> l<45:5> el<45:18>
                      n<> u<303> t<Variable_declaration> p<304> c<299> l<45:5> el<45:18>
                        n<> u<299> t<Data_type> p<303> c<298> s<302> l<45:5> el<45:8>
                          n<> u<298> t<REG> p<299> l<45:5> el<45:8>
                        n<> u<302> t<Variable_decl_assignment_list> p<303> c<301> l<45:9> el<45:17>
                          n<> u<301> t<Variable_decl_assignment> p<302> c<300> l<45:9> el<45:17>
                            n<PRLD_int> u<300> t<SIMPLE_IDENTIFIER> p<301> l<45:9> el<45:17>
        n<> u<323> t<Module_item> p<865> c<322> s<324> l<46:5> el<46:22>
          n<> u<322> t<Non_port_module_item> p<323> c<321> l<46:5> el<46:22>
            n<> u<321> t<Module_or_generate_item> p<322> c<320> l<46:5> el<46:22>
              n<> u<320> t<Module_common_item> p<321> c<319> l<46:5> el<46:22>
                n<> u<319> t<Module_or_generate_item_declaration> p<320> c<318> l<46:5> el<46:22>
                  n<> u<318> t<Package_or_generate_item_declaration> p<319> c<317> l<46:5> el<46:22>
                    n<> u<317> t<Data_declaration> p<318> c<316> l<46:5> el<46:22>
                      n<> u<316> t<Variable_declaration> p<317> c<312> l<46:5> el<46:22>
                        n<> u<312> t<Data_type> p<316> c<311> s<315> l<46:5> el<46:8>
                          n<> u<311> t<REG> p<312> l<46:5> el<46:8>
                        n<> u<315> t<Variable_decl_assignment_list> p<316> c<314> l<46:9> el<46:21>
                          n<> u<314> t<Variable_decl_assignment> p<315> c<313> l<46:9> el<46:21>
                            n<GRESTORE_int> u<313> t<SIMPLE_IDENTIFIER> p<314> l<46:9> el<46:21>
        n<//--------   JTAG Globals --------------> u<324> t<LINE_COMMENT> p<865> s<336> l<48:1> el<48:41>
        n<> u<336> t<Module_item> p<865> c<335> s<348> l<49:5> el<49:24>
          n<> u<335> t<Non_port_module_item> p<336> c<334> l<49:5> el<49:24>
            n<> u<334> t<Module_or_generate_item> p<335> c<333> l<49:5> el<49:24>
              n<> u<333> t<Module_common_item> p<334> c<332> l<49:5> el<49:24>
                n<> u<332> t<Module_or_generate_item_declaration> p<333> c<331> l<49:5> el<49:24>
                  n<> u<331> t<Package_or_generate_item_declaration> p<332> c<330> l<49:5> el<49:24>
                    n<> u<330> t<Net_declaration> p<331> c<325> l<49:5> el<49:24>
                      n<> u<325> t<WIRE> p<330> s<326> l<49:5> el<49:9>
                      n<> u<326> t<Data_type_or_implicit> p<330> s<329> l<49:10> el<49:10>
                      n<> u<329> t<Net_decl_assignment_list> p<330> c<328> l<49:10> el<49:23>
                        n<> u<328> t<Net_decl_assignment> p<329> c<327> l<49:10> el<49:23>
                          n<JTAG_TDO_GLBL> u<327> t<SIMPLE_IDENTIFIER> p<328> l<49:10> el<49:23>
        n<> u<348> t<Module_item> p<865> c<347> s<360> l<50:5> el<50:24>
          n<> u<347> t<Non_port_module_item> p<348> c<346> l<50:5> el<50:24>
            n<> u<346> t<Module_or_generate_item> p<347> c<345> l<50:5> el<50:24>
              n<> u<345> t<Module_common_item> p<346> c<344> l<50:5> el<50:24>
                n<> u<344> t<Module_or_generate_item_declaration> p<345> c<343> l<50:5> el<50:24>
                  n<> u<343> t<Package_or_generate_item_declaration> p<344> c<342> l<50:5> el<50:24>
                    n<> u<342> t<Net_declaration> p<343> c<337> l<50:5> el<50:24>
                      n<> u<337> t<WIRE> p<342> s<338> l<50:5> el<50:9>
                      n<> u<338> t<Data_type_or_implicit> p<342> s<341> l<50:10> el<50:10>
                      n<> u<341> t<Net_decl_assignment_list> p<342> c<340> l<50:10> el<50:23>
                        n<> u<340> t<Net_decl_assignment> p<341> c<339> l<50:10> el<50:23>
                          n<JTAG_TCK_GLBL> u<339> t<SIMPLE_IDENTIFIER> p<340> l<50:10> el<50:23>
        n<> u<360> t<Module_item> p<865> c<359> s<372> l<51:5> el<51:24>
          n<> u<359> t<Non_port_module_item> p<360> c<358> l<51:5> el<51:24>
            n<> u<358> t<Module_or_generate_item> p<359> c<357> l<51:5> el<51:24>
              n<> u<357> t<Module_common_item> p<358> c<356> l<51:5> el<51:24>
                n<> u<356> t<Module_or_generate_item_declaration> p<357> c<355> l<51:5> el<51:24>
                  n<> u<355> t<Package_or_generate_item_declaration> p<356> c<354> l<51:5> el<51:24>
                    n<> u<354> t<Net_declaration> p<355> c<349> l<51:5> el<51:24>
                      n<> u<349> t<WIRE> p<354> s<350> l<51:5> el<51:9>
                      n<> u<350> t<Data_type_or_implicit> p<354> s<353> l<51:10> el<51:10>
                      n<> u<353> t<Net_decl_assignment_list> p<354> c<352> l<51:10> el<51:23>
                        n<> u<352> t<Net_decl_assignment> p<353> c<351> l<51:10> el<51:23>
                          n<JTAG_TDI_GLBL> u<351> t<SIMPLE_IDENTIFIER> p<352> l<51:10> el<51:23>
        n<> u<372> t<Module_item> p<865> c<371> s<384> l<52:5> el<52:24>
          n<> u<371> t<Non_port_module_item> p<372> c<370> l<52:5> el<52:24>
            n<> u<370> t<Module_or_generate_item> p<371> c<369> l<52:5> el<52:24>
              n<> u<369> t<Module_common_item> p<370> c<368> l<52:5> el<52:24>
                n<> u<368> t<Module_or_generate_item_declaration> p<369> c<367> l<52:5> el<52:24>
                  n<> u<367> t<Package_or_generate_item_declaration> p<368> c<366> l<52:5> el<52:24>
                    n<> u<366> t<Net_declaration> p<367> c<361> l<52:5> el<52:24>
                      n<> u<361> t<WIRE> p<366> s<362> l<52:5> el<52:9>
                      n<> u<362> t<Data_type_or_implicit> p<366> s<365> l<52:10> el<52:10>
                      n<> u<365> t<Net_decl_assignment_list> p<366> c<364> l<52:10> el<52:23>
                        n<> u<364> t<Net_decl_assignment> p<365> c<363> l<52:10> el<52:23>
                          n<JTAG_TMS_GLBL> u<363> t<SIMPLE_IDENTIFIER> p<364> l<52:10> el<52:23>
        n<> u<384> t<Module_item> p<865> c<383> s<397> l<53:5> el<53:25>
          n<> u<383> t<Non_port_module_item> p<384> c<382> l<53:5> el<53:25>
            n<> u<382> t<Module_or_generate_item> p<383> c<381> l<53:5> el<53:25>
              n<> u<381> t<Module_common_item> p<382> c<380> l<53:5> el<53:25>
                n<> u<380> t<Module_or_generate_item_declaration> p<381> c<379> l<53:5> el<53:25>
                  n<> u<379> t<Package_or_generate_item_declaration> p<380> c<378> l<53:5> el<53:25>
                    n<> u<378> t<Net_declaration> p<379> c<373> l<53:5> el<53:25>
                      n<> u<373> t<WIRE> p<378> s<374> l<53:5> el<53:9>
                      n<> u<374> t<Data_type_or_implicit> p<378> s<377> l<53:10> el<53:10>
                      n<> u<377> t<Net_decl_assignment_list> p<378> c<376> l<53:10> el<53:24>
                        n<> u<376> t<Net_decl_assignment> p<377> c<375> l<53:10> el<53:24>
                          n<JTAG_TRST_GLBL> u<375> t<SIMPLE_IDENTIFIER> p<376> l<53:10> el<53:24>
        n<> u<397> t<Module_item> p<865> c<396> s<410> l<55:5> el<55:27>
          n<> u<396> t<Non_port_module_item> p<397> c<395> l<55:5> el<55:27>
            n<> u<395> t<Module_or_generate_item> p<396> c<394> l<55:5> el<55:27>
              n<> u<394> t<Module_common_item> p<395> c<393> l<55:5> el<55:27>
                n<> u<393> t<Module_or_generate_item_declaration> p<394> c<392> l<55:5> el<55:27>
                  n<> u<392> t<Package_or_generate_item_declaration> p<393> c<391> l<55:5> el<55:27>
                    n<> u<391> t<Data_declaration> p<392> c<390> l<55:5> el<55:27>
                      n<> u<390> t<Variable_declaration> p<391> c<386> l<55:5> el<55:27>
                        n<> u<386> t<Data_type> p<390> c<385> s<389> l<55:5> el<55:8>
                          n<> u<385> t<REG> p<386> l<55:5> el<55:8>
                        n<> u<389> t<Variable_decl_assignment_list> p<390> c<388> l<55:9> el<55:26>
                          n<> u<388> t<Variable_decl_assignment> p<389> c<387> l<55:9> el<55:26>
                            n<JTAG_CAPTURE_GLBL> u<387> t<SIMPLE_IDENTIFIER> p<388> l<55:9> el<55:26>
        n<> u<410> t<Module_item> p<865> c<409> s<423> l<56:5> el<56:25>
          n<> u<409> t<Non_port_module_item> p<410> c<408> l<56:5> el<56:25>
            n<> u<408> t<Module_or_generate_item> p<409> c<407> l<56:5> el<56:25>
              n<> u<407> t<Module_common_item> p<408> c<406> l<56:5> el<56:25>
                n<> u<406> t<Module_or_generate_item_declaration> p<407> c<405> l<56:5> el<56:25>
                  n<> u<405> t<Package_or_generate_item_declaration> p<406> c<404> l<56:5> el<56:25>
                    n<> u<404> t<Data_declaration> p<405> c<403> l<56:5> el<56:25>
                      n<> u<403> t<Variable_declaration> p<404> c<399> l<56:5> el<56:25>
                        n<> u<399> t<Data_type> p<403> c<398> s<402> l<56:5> el<56:8>
                          n<> u<398> t<REG> p<399> l<56:5> el<56:8>
                        n<> u<402> t<Variable_decl_assignment_list> p<403> c<401> l<56:9> el<56:24>
                          n<> u<401> t<Variable_decl_assignment> p<402> c<400> l<56:9> el<56:24>
                            n<JTAG_RESET_GLBL> u<400> t<SIMPLE_IDENTIFIER> p<401> l<56:9> el<56:24>
        n<> u<423> t<Module_item> p<865> c<422> s<436> l<57:5> el<57:25>
          n<> u<422> t<Non_port_module_item> p<423> c<421> l<57:5> el<57:25>
            n<> u<421> t<Module_or_generate_item> p<422> c<420> l<57:5> el<57:25>
              n<> u<420> t<Module_common_item> p<421> c<419> l<57:5> el<57:25>
                n<> u<419> t<Module_or_generate_item_declaration> p<420> c<418> l<57:5> el<57:25>
                  n<> u<418> t<Package_or_generate_item_declaration> p<419> c<417> l<57:5> el<57:25>
                    n<> u<417> t<Data_declaration> p<418> c<416> l<57:5> el<57:25>
                      n<> u<416> t<Variable_declaration> p<417> c<412> l<57:5> el<57:25>
                        n<> u<412> t<Data_type> p<416> c<411> s<415> l<57:5> el<57:8>
                          n<> u<411> t<REG> p<412> l<57:5> el<57:8>
                        n<> u<415> t<Variable_decl_assignment_list> p<416> c<414> l<57:9> el<57:24>
                          n<> u<414> t<Variable_decl_assignment> p<415> c<413> l<57:9> el<57:24>
                            n<JTAG_SHIFT_GLBL> u<413> t<SIMPLE_IDENTIFIER> p<414> l<57:9> el<57:24>
        n<> u<436> t<Module_item> p<865> c<435> s<449> l<58:5> el<58:26>
          n<> u<435> t<Non_port_module_item> p<436> c<434> l<58:5> el<58:26>
            n<> u<434> t<Module_or_generate_item> p<435> c<433> l<58:5> el<58:26>
              n<> u<433> t<Module_common_item> p<434> c<432> l<58:5> el<58:26>
                n<> u<432> t<Module_or_generate_item_declaration> p<433> c<431> l<58:5> el<58:26>
                  n<> u<431> t<Package_or_generate_item_declaration> p<432> c<430> l<58:5> el<58:26>
                    n<> u<430> t<Data_declaration> p<431> c<429> l<58:5> el<58:26>
                      n<> u<429> t<Variable_declaration> p<430> c<425> l<58:5> el<58:26>
                        n<> u<425> t<Data_type> p<429> c<424> s<428> l<58:5> el<58:8>
                          n<> u<424> t<REG> p<425> l<58:5> el<58:8>
                        n<> u<428> t<Variable_decl_assignment_list> p<429> c<427> l<58:9> el<58:25>
                          n<> u<427> t<Variable_decl_assignment> p<428> c<426> l<58:9> el<58:25>
                            n<JTAG_UPDATE_GLBL> u<426> t<SIMPLE_IDENTIFIER> p<427> l<58:9> el<58:25>
        n<> u<449> t<Module_item> p<865> c<448> s<466> l<59:5> el<59:27>
          n<> u<448> t<Non_port_module_item> p<449> c<447> l<59:5> el<59:27>
            n<> u<447> t<Module_or_generate_item> p<448> c<446> l<59:5> el<59:27>
              n<> u<446> t<Module_common_item> p<447> c<445> l<59:5> el<59:27>
                n<> u<445> t<Module_or_generate_item_declaration> p<446> c<444> l<59:5> el<59:27>
                  n<> u<444> t<Package_or_generate_item_declaration> p<445> c<443> l<59:5> el<59:27>
                    n<> u<443> t<Data_declaration> p<444> c<442> l<59:5> el<59:27>
                      n<> u<442> t<Variable_declaration> p<443> c<438> l<59:5> el<59:27>
                        n<> u<438> t<Data_type> p<442> c<437> s<441> l<59:5> el<59:8>
                          n<> u<437> t<REG> p<438> l<59:5> el<59:8>
                        n<> u<441> t<Variable_decl_assignment_list> p<442> c<440> l<59:9> el<59:26>
                          n<> u<440> t<Variable_decl_assignment> p<441> c<439> l<59:9> el<59:26>
                            n<JTAG_RUNTEST_GLBL> u<439> t<SIMPLE_IDENTIFIER> p<440> l<59:9> el<59:26>
        n<> u<466> t<Module_item> p<865> c<465> s<483> l<61:5> el<61:28>
          n<> u<465> t<Non_port_module_item> p<466> c<464> l<61:5> el<61:28>
            n<> u<464> t<Module_or_generate_item> p<465> c<463> l<61:5> el<61:28>
              n<> u<463> t<Module_common_item> p<464> c<462> l<61:5> el<61:28>
                n<> u<462> t<Module_or_generate_item_declaration> p<463> c<461> l<61:5> el<61:28>
                  n<> u<461> t<Package_or_generate_item_declaration> p<462> c<460> l<61:5> el<61:28>
                    n<> u<460> t<Data_declaration> p<461> c<459> l<61:5> el<61:28>
                      n<> u<459> t<Variable_declaration> p<460> c<451> l<61:5> el<61:28>
                        n<> u<451> t<Data_type> p<459> c<450> s<458> l<61:5> el<61:8>
                          n<> u<450> t<REG> p<451> l<61:5> el<61:8>
                        n<> u<458> t<Variable_decl_assignment_list> p<459> c<457> l<61:9> el<61:27>
                          n<> u<457> t<Variable_decl_assignment> p<458> c<452> l<61:9> el<61:27>
                            n<JTAG_SEL1_GLBL> u<452> t<SIMPLE_IDENTIFIER> p<457> s<456> l<61:9> el<61:23>
                            n<> u<456> t<Expression> p<457> c<455> l<61:26> el<61:27>
                              n<> u<455> t<Primary> p<456> c<454> l<61:26> el<61:27>
                                n<> u<454> t<Primary_literal> p<455> c<453> l<61:26> el<61:27>
                                  n<0> u<453> t<INTEGRAL_NUMBER> p<454> l<61:26> el<61:27>
        n<> u<483> t<Module_item> p<865> c<482> s<500> l<62:5> el<62:29>
          n<> u<482> t<Non_port_module_item> p<483> c<481> l<62:5> el<62:29>
            n<> u<481> t<Module_or_generate_item> p<482> c<480> l<62:5> el<62:29>
              n<> u<480> t<Module_common_item> p<481> c<479> l<62:5> el<62:29>
                n<> u<479> t<Module_or_generate_item_declaration> p<480> c<478> l<62:5> el<62:29>
                  n<> u<478> t<Package_or_generate_item_declaration> p<479> c<477> l<62:5> el<62:29>
                    n<> u<477> t<Data_declaration> p<478> c<476> l<62:5> el<62:29>
                      n<> u<476> t<Variable_declaration> p<477> c<468> l<62:5> el<62:29>
                        n<> u<468> t<Data_type> p<476> c<467> s<475> l<62:5> el<62:8>
                          n<> u<467> t<REG> p<468> l<62:5> el<62:8>
                        n<> u<475> t<Variable_decl_assignment_list> p<476> c<474> l<62:9> el<62:27>
                          n<> u<474> t<Variable_decl_assignment> p<475> c<469> l<62:9> el<62:27>
                            n<JTAG_SEL2_GLBL> u<469> t<SIMPLE_IDENTIFIER> p<474> s<473> l<62:9> el<62:23>
                            n<> u<473> t<Expression> p<474> c<472> l<62:26> el<62:27>
                              n<> u<472> t<Primary> p<473> c<471> l<62:26> el<62:27>
                                n<> u<471> t<Primary_literal> p<472> c<470> l<62:26> el<62:27>
                                  n<0> u<470> t<INTEGRAL_NUMBER> p<471> l<62:26> el<62:27>
        n<> u<500> t<Module_item> p<865> c<499> s<517> l<63:5> el<63:28>
          n<> u<499> t<Non_port_module_item> p<500> c<498> l<63:5> el<63:28>
            n<> u<498> t<Module_or_generate_item> p<499> c<497> l<63:5> el<63:28>
              n<> u<497> t<Module_common_item> p<498> c<496> l<63:5> el<63:28>
                n<> u<496> t<Module_or_generate_item_declaration> p<497> c<495> l<63:5> el<63:28>
                  n<> u<495> t<Package_or_generate_item_declaration> p<496> c<494> l<63:5> el<63:28>
                    n<> u<494> t<Data_declaration> p<495> c<493> l<63:5> el<63:28>
                      n<> u<493> t<Variable_declaration> p<494> c<485> l<63:5> el<63:28>
                        n<> u<485> t<Data_type> p<493> c<484> s<492> l<63:5> el<63:8>
                          n<> u<484> t<REG> p<485> l<63:5> el<63:8>
                        n<> u<492> t<Variable_decl_assignment_list> p<493> c<491> l<63:9> el<63:27>
                          n<> u<491> t<Variable_decl_assignment> p<492> c<486> l<63:9> el<63:27>
                            n<JTAG_SEL3_GLBL> u<486> t<SIMPLE_IDENTIFIER> p<491> s<490> l<63:9> el<63:23>
                            n<> u<490> t<Expression> p<491> c<489> l<63:26> el<63:27>
                              n<> u<489> t<Primary> p<490> c<488> l<63:26> el<63:27>
                                n<> u<488> t<Primary_literal> p<489> c<487> l<63:26> el<63:27>
                                  n<0> u<487> t<INTEGRAL_NUMBER> p<488> l<63:26> el<63:27>
        n<> u<517> t<Module_item> p<865> c<516> s<534> l<64:5> el<64:28>
          n<> u<516> t<Non_port_module_item> p<517> c<515> l<64:5> el<64:28>
            n<> u<515> t<Module_or_generate_item> p<516> c<514> l<64:5> el<64:28>
              n<> u<514> t<Module_common_item> p<515> c<513> l<64:5> el<64:28>
                n<> u<513> t<Module_or_generate_item_declaration> p<514> c<512> l<64:5> el<64:28>
                  n<> u<512> t<Package_or_generate_item_declaration> p<513> c<511> l<64:5> el<64:28>
                    n<> u<511> t<Data_declaration> p<512> c<510> l<64:5> el<64:28>
                      n<> u<510> t<Variable_declaration> p<511> c<502> l<64:5> el<64:28>
                        n<> u<502> t<Data_type> p<510> c<501> s<509> l<64:5> el<64:8>
                          n<> u<501> t<REG> p<502> l<64:5> el<64:8>
                        n<> u<509> t<Variable_decl_assignment_list> p<510> c<508> l<64:9> el<64:27>
                          n<> u<508> t<Variable_decl_assignment> p<509> c<503> l<64:9> el<64:27>
                            n<JTAG_SEL4_GLBL> u<503> t<SIMPLE_IDENTIFIER> p<508> s<507> l<64:9> el<64:23>
                            n<> u<507> t<Expression> p<508> c<506> l<64:26> el<64:27>
                              n<> u<506> t<Primary> p<507> c<505> l<64:26> el<64:27>
                                n<> u<505> t<Primary_literal> p<506> c<504> l<64:26> el<64:27>
                                  n<0> u<504> t<INTEGRAL_NUMBER> p<505> l<64:26> el<64:27>
        n<> u<534> t<Module_item> p<865> c<533> s<551> l<66:5> el<66:36>
          n<> u<533> t<Non_port_module_item> p<534> c<532> l<66:5> el<66:36>
            n<> u<532> t<Module_or_generate_item> p<533> c<531> l<66:5> el<66:36>
              n<> u<531> t<Module_common_item> p<532> c<530> l<66:5> el<66:36>
                n<> u<530> t<Module_or_generate_item_declaration> p<531> c<529> l<66:5> el<66:36>
                  n<> u<529> t<Package_or_generate_item_declaration> p<530> c<528> l<66:5> el<66:36>
                    n<> u<528> t<Data_declaration> p<529> c<527> l<66:5> el<66:36>
                      n<> u<527> t<Variable_declaration> p<528> c<519> l<66:5> el<66:36>
                        n<> u<519> t<Data_type> p<527> c<518> s<526> l<66:5> el<66:8>
                          n<> u<518> t<REG> p<519> l<66:5> el<66:8>
                        n<> u<526> t<Variable_decl_assignment_list> p<527> c<525> l<66:9> el<66:35>
                          n<> u<525> t<Variable_decl_assignment> p<526> c<520> l<66:9> el<66:35>
                            n<JTAG_USER_TDO1_GLBL> u<520> t<SIMPLE_IDENTIFIER> p<525> s<524> l<66:9> el<66:28>
                            n<> u<524> t<Expression> p<525> c<523> l<66:31> el<66:35>
                              n<> u<523> t<Primary> p<524> c<522> l<66:31> el<66:35>
                                n<> u<522> t<Primary_literal> p<523> c<521> l<66:31> el<66:35>
                                  n<1'bz> u<521> t<INTEGRAL_NUMBER> p<522> l<66:31> el<66:35>
        n<> u<551> t<Module_item> p<865> c<550> s<568> l<67:5> el<67:36>
          n<> u<550> t<Non_port_module_item> p<551> c<549> l<67:5> el<67:36>
            n<> u<549> t<Module_or_generate_item> p<550> c<548> l<67:5> el<67:36>
              n<> u<548> t<Module_common_item> p<549> c<547> l<67:5> el<67:36>
                n<> u<547> t<Module_or_generate_item_declaration> p<548> c<546> l<67:5> el<67:36>
                  n<> u<546> t<Package_or_generate_item_declaration> p<547> c<545> l<67:5> el<67:36>
                    n<> u<545> t<Data_declaration> p<546> c<544> l<67:5> el<67:36>
                      n<> u<544> t<Variable_declaration> p<545> c<536> l<67:5> el<67:36>
                        n<> u<536> t<Data_type> p<544> c<535> s<543> l<67:5> el<67:8>
                          n<> u<535> t<REG> p<536> l<67:5> el<67:8>
                        n<> u<543> t<Variable_decl_assignment_list> p<544> c<542> l<67:9> el<67:35>
                          n<> u<542> t<Variable_decl_assignment> p<543> c<537> l<67:9> el<67:35>
                            n<JTAG_USER_TDO2_GLBL> u<537> t<SIMPLE_IDENTIFIER> p<542> s<541> l<67:9> el<67:28>
                            n<> u<541> t<Expression> p<542> c<540> l<67:31> el<67:35>
                              n<> u<540> t<Primary> p<541> c<539> l<67:31> el<67:35>
                                n<> u<539> t<Primary_literal> p<540> c<538> l<67:31> el<67:35>
                                  n<1'bz> u<538> t<INTEGRAL_NUMBER> p<539> l<67:31> el<67:35>
        n<> u<568> t<Module_item> p<865> c<567> s<585> l<68:5> el<68:36>
          n<> u<567> t<Non_port_module_item> p<568> c<566> l<68:5> el<68:36>
            n<> u<566> t<Module_or_generate_item> p<567> c<565> l<68:5> el<68:36>
              n<> u<565> t<Module_common_item> p<566> c<564> l<68:5> el<68:36>
                n<> u<564> t<Module_or_generate_item_declaration> p<565> c<563> l<68:5> el<68:36>
                  n<> u<563> t<Package_or_generate_item_declaration> p<564> c<562> l<68:5> el<68:36>
                    n<> u<562> t<Data_declaration> p<563> c<561> l<68:5> el<68:36>
                      n<> u<561> t<Variable_declaration> p<562> c<553> l<68:5> el<68:36>
                        n<> u<553> t<Data_type> p<561> c<552> s<560> l<68:5> el<68:8>
                          n<> u<552> t<REG> p<553> l<68:5> el<68:8>
                        n<> u<560> t<Variable_decl_assignment_list> p<561> c<559> l<68:9> el<68:35>
                          n<> u<559> t<Variable_decl_assignment> p<560> c<554> l<68:9> el<68:35>
                            n<JTAG_USER_TDO3_GLBL> u<554> t<SIMPLE_IDENTIFIER> p<559> s<558> l<68:9> el<68:28>
                            n<> u<558> t<Expression> p<559> c<557> l<68:31> el<68:35>
                              n<> u<557> t<Primary> p<558> c<556> l<68:31> el<68:35>
                                n<> u<556> t<Primary_literal> p<557> c<555> l<68:31> el<68:35>
                                  n<1'bz> u<555> t<INTEGRAL_NUMBER> p<556> l<68:31> el<68:35>
        n<> u<585> t<Module_item> p<865> c<584> s<604> l<69:5> el<69:36>
          n<> u<584> t<Non_port_module_item> p<585> c<583> l<69:5> el<69:36>
            n<> u<583> t<Module_or_generate_item> p<584> c<582> l<69:5> el<69:36>
              n<> u<582> t<Module_common_item> p<583> c<581> l<69:5> el<69:36>
                n<> u<581> t<Module_or_generate_item_declaration> p<582> c<580> l<69:5> el<69:36>
                  n<> u<580> t<Package_or_generate_item_declaration> p<581> c<579> l<69:5> el<69:36>
                    n<> u<579> t<Data_declaration> p<580> c<578> l<69:5> el<69:36>
                      n<> u<578> t<Variable_declaration> p<579> c<570> l<69:5> el<69:36>
                        n<> u<570> t<Data_type> p<578> c<569> s<577> l<69:5> el<69:8>
                          n<> u<569> t<REG> p<570> l<69:5> el<69:8>
                        n<> u<577> t<Variable_decl_assignment_list> p<578> c<576> l<69:9> el<69:35>
                          n<> u<576> t<Variable_decl_assignment> p<577> c<571> l<69:9> el<69:35>
                            n<JTAG_USER_TDO4_GLBL> u<571> t<SIMPLE_IDENTIFIER> p<576> s<575> l<69:9> el<69:28>
                            n<> u<575> t<Expression> p<576> c<574> l<69:31> el<69:35>
                              n<> u<574> t<Primary> p<575> c<573> l<69:31> el<69:35>
                                n<> u<573> t<Primary_literal> p<574> c<572> l<69:31> el<69:35>
                                  n<1'bz> u<572> t<INTEGRAL_NUMBER> p<573> l<69:31> el<69:35>
        n<> u<604> t<Module_item> p<865> c<603> s<623> l<71:5> el<71:43>
          n<> u<603> t<Non_port_module_item> p<604> c<602> l<71:5> el<71:43>
            n<> u<602> t<Module_or_generate_item> p<603> c<601> l<71:5> el<71:43>
              n<> u<601> t<Module_common_item> p<602> c<600> l<71:5> el<71:43>
                n<> u<600> t<Continuous_assign> p<601> c<588> l<71:5> el<71:43>
                  n<> u<588> t<Drive_strength> p<600> c<587> s<599> l<71:12> el<71:28>
                    n<> u<587> t<STRONG1> p<588> s<586> l<71:13> el<71:20>
                    n<> u<586> t<WEAK0> p<588> l<71:22> el<71:27>
                  n<> u<599> t<Net_assignment_list> p<600> c<598> l<71:29> el<71:42>
                    n<> u<598> t<Net_assignment> p<599> c<593> l<71:29> el<71:42>
                      n<> u<593> t<Net_lvalue> p<598> c<590> s<597> l<71:29> el<71:32>
                        n<> u<590> t<Ps_or_hierarchical_identifier> p<593> c<589> s<592> l<71:29> el<71:32>
                          n<GSR> u<589> t<SIMPLE_IDENTIFIER> p<590> l<71:29> el<71:32>
                        n<> u<592> t<Constant_select> p<593> c<591> l<71:33> el<71:33>
                          n<> u<591> t<Constant_bit_select> p<592> l<71:33> el<71:33>
                      n<> u<597> t<Expression> p<598> c<596> l<71:35> el<71:42>
                        n<> u<596> t<Primary> p<597> c<595> l<71:35> el<71:42>
                          n<> u<595> t<Primary_literal> p<596> c<594> l<71:35> el<71:42>
                            n<GSR_int> u<594> t<SIMPLE_IDENTIFIER> p<595> l<71:35> el<71:42>
        n<> u<623> t<Module_item> p<865> c<622> s<642> l<72:5> el<72:43>
          n<> u<622> t<Non_port_module_item> p<623> c<621> l<72:5> el<72:43>
            n<> u<621> t<Module_or_generate_item> p<622> c<620> l<72:5> el<72:43>
              n<> u<620> t<Module_common_item> p<621> c<619> l<72:5> el<72:43>
                n<> u<619> t<Continuous_assign> p<620> c<607> l<72:5> el<72:43>
                  n<> u<607> t<Drive_strength> p<619> c<606> s<618> l<72:12> el<72:28>
                    n<> u<606> t<STRONG1> p<607> s<605> l<72:13> el<72:20>
                    n<> u<605> t<WEAK0> p<607> l<72:22> el<72:27>
                  n<> u<618> t<Net_assignment_list> p<619> c<617> l<72:29> el<72:42>
                    n<> u<617> t<Net_assignment> p<618> c<612> l<72:29> el<72:42>
                      n<> u<612> t<Net_lvalue> p<617> c<609> s<616> l<72:29> el<72:32>
                        n<> u<609> t<Ps_or_hierarchical_identifier> p<612> c<608> s<611> l<72:29> el<72:32>
                          n<GTS> u<608> t<SIMPLE_IDENTIFIER> p<609> l<72:29> el<72:32>
                        n<> u<611> t<Constant_select> p<612> c<610> l<72:33> el<72:33>
                          n<> u<610> t<Constant_bit_select> p<611> l<72:33> el<72:33>
                      n<> u<616> t<Expression> p<617> c<615> l<72:35> el<72:42>
                        n<> u<615> t<Primary> p<616> c<614> l<72:35> el<72:42>
                          n<> u<614> t<Primary_literal> p<615> c<613> l<72:35> el<72:42>
                            n<GTS_int> u<613> t<SIMPLE_IDENTIFIER> p<614> l<72:35> el<72:42>
        n<> u<642> t<Module_item> p<865> c<641> s<661> l<73:5> el<73:43>
          n<> u<641> t<Non_port_module_item> p<642> c<640> l<73:5> el<73:43>
            n<> u<640> t<Module_or_generate_item> p<641> c<639> l<73:5> el<73:43>
              n<> u<639> t<Module_common_item> p<640> c<638> l<73:5> el<73:43>
                n<> u<638> t<Continuous_assign> p<639> c<626> l<73:5> el<73:43>
                  n<> u<626> t<Drive_strength> p<638> c<625> s<637> l<73:12> el<73:26>
                    n<> u<625> t<WEAK1> p<626> s<624> l<73:13> el<73:18>
                    n<> u<624> t<WEAK0> p<626> l<73:20> el<73:25>
                  n<> u<637> t<Net_assignment_list> p<638> c<636> l<73:27> el<73:42>
                    n<> u<636> t<Net_assignment> p<637> c<631> l<73:27> el<73:42>
                      n<> u<631> t<Net_lvalue> p<636> c<628> s<635> l<73:27> el<73:31>
                        n<> u<628> t<Ps_or_hierarchical_identifier> p<631> c<627> s<630> l<73:27> el<73:31>
                          n<PRLD> u<627> t<SIMPLE_IDENTIFIER> p<628> l<73:27> el<73:31>
                        n<> u<630> t<Constant_select> p<631> c<629> l<73:32> el<73:32>
                          n<> u<629> t<Constant_bit_select> p<630> l<73:32> el<73:32>
                      n<> u<635> t<Expression> p<636> c<634> l<73:34> el<73:42>
                        n<> u<634> t<Primary> p<635> c<633> l<73:34> el<73:42>
                          n<> u<633> t<Primary_literal> p<634> c<632> l<73:34> el<73:42>
                            n<PRLD_int> u<632> t<SIMPLE_IDENTIFIER> p<633> l<73:34> el<73:42>
        n<> u<661> t<Module_item> p<865> c<660> s<738> l<74:5> el<74:53>
          n<> u<660> t<Non_port_module_item> p<661> c<659> l<74:5> el<74:53>
            n<> u<659> t<Module_or_generate_item> p<660> c<658> l<74:5> el<74:53>
              n<> u<658> t<Module_common_item> p<659> c<657> l<74:5> el<74:53>
                n<> u<657> t<Continuous_assign> p<658> c<645> l<74:5> el<74:53>
                  n<> u<645> t<Drive_strength> p<657> c<644> s<656> l<74:12> el<74:28>
                    n<> u<644> t<STRONG1> p<645> s<643> l<74:13> el<74:20>
                    n<> u<643> t<WEAK0> p<645> l<74:22> el<74:27>
                  n<> u<656> t<Net_assignment_list> p<657> c<655> l<74:29> el<74:52>
                    n<> u<655> t<Net_assignment> p<656> c<650> l<74:29> el<74:52>
                      n<> u<650> t<Net_lvalue> p<655> c<647> s<654> l<74:29> el<74:37>
                        n<> u<647> t<Ps_or_hierarchical_identifier> p<650> c<646> s<649> l<74:29> el<74:37>
                          n<GRESTORE> u<646> t<SIMPLE_IDENTIFIER> p<647> l<74:29> el<74:37>
                        n<> u<649> t<Constant_select> p<650> c<648> l<74:38> el<74:38>
                          n<> u<648> t<Constant_bit_select> p<649> l<74:38> el<74:38>
                      n<> u<654> t<Expression> p<655> c<653> l<74:40> el<74:52>
                        n<> u<653> t<Primary> p<654> c<652> l<74:40> el<74:52>
                          n<> u<652> t<Primary_literal> p<653> c<651> l<74:40> el<74:52>
                            n<GRESTORE_int> u<651> t<SIMPLE_IDENTIFIER> p<652> l<74:40> el<74:52>
        n<> u<738> t<Module_item> p<865> c<737> s<787> l<76:5> el<82:8>
          n<> u<737> t<Non_port_module_item> p<738> c<736> l<76:5> el<82:8>
            n<> u<736> t<Module_or_generate_item> p<737> c<735> l<76:5> el<82:8>
              n<> u<735> t<Module_common_item> p<736> c<734> l<76:5> el<82:8>
                n<> u<734> t<Initial_construct> p<735> c<733> l<76:5> el<82:8>
                  n<> u<733> t<Statement_or_null> p<734> c<732> l<76:13> el<82:8>
                    n<> u<732> t<Statement> p<733> c<731> l<76:13> el<82:8>
                      n<> u<731> t<Statement_item> p<732> c<730> l<76:13> el<82:8>
                        n<> u<730> t<Seq_block> p<731> c<675> l<76:13> el<82:8>
                          n<> u<675> t<Statement_or_null> p<730> c<674> s<689> l<77:2> el<77:17>
                            n<> u<674> t<Statement> p<675> c<673> l<77:2> el<77:17>
                              n<> u<673> t<Statement_item> p<674> c<672> l<77:2> el<77:17>
                                n<> u<672> t<Blocking_assignment> p<673> c<671> l<77:2> el<77:16>
                                  n<> u<671> t<Variable_assignment> p<672> c<666> l<77:2> el<77:16>
                                    n<> u<666> t<Variable_lvalue> p<671> c<663> s<670> l<77:2> el<77:9>
                                      n<> u<663> t<Ps_or_hierarchical_identifier> p<666> c<662> s<665> l<77:2> el<77:9>
                                        n<GSR_int> u<662> t<SIMPLE_IDENTIFIER> p<663> l<77:2> el<77:9>
                                      n<> u<665> t<Select> p<666> c<664> l<77:10> el<77:10>
                                        n<> u<664> t<Bit_select> p<665> l<77:10> el<77:10>
                                    n<> u<670> t<Expression> p<671> c<669> l<77:12> el<77:16>
                                      n<> u<669> t<Primary> p<670> c<668> l<77:12> el<77:16>
                                        n<> u<668> t<Primary_literal> p<669> c<667> l<77:12> el<77:16>
                                          n<> u<667> t<ONE_TICK_b1> p<668> l<77:12> el<77:16>
                          n<> u<689> t<Statement_or_null> p<730> c<688> s<714> l<78:2> el<78:18>
                            n<> u<688> t<Statement> p<689> c<687> l<78:2> el<78:18>
                              n<> u<687> t<Statement_item> p<688> c<686> l<78:2> el<78:18>
                                n<> u<686> t<Blocking_assignment> p<687> c<685> l<78:2> el<78:17>
                                  n<> u<685> t<Variable_assignment> p<686> c<680> l<78:2> el<78:17>
                                    n<> u<680> t<Variable_lvalue> p<685> c<677> s<684> l<78:2> el<78:10>
                                      n<> u<677> t<Ps_or_hierarchical_identifier> p<680> c<676> s<679> l<78:2> el<78:10>
                                        n<PRLD_int> u<676> t<SIMPLE_IDENTIFIER> p<677> l<78:2> el<78:10>
                                      n<> u<679> t<Select> p<680> c<678> l<78:11> el<78:11>
                                        n<> u<678> t<Bit_select> p<679> l<78:11> el<78:11>
                                    n<> u<684> t<Expression> p<685> c<683> l<78:13> el<78:17>
                                      n<> u<683> t<Primary> p<684> c<682> l<78:13> el<78:17>
                                        n<> u<682> t<Primary_literal> p<683> c<681> l<78:13> el<78:17>
                                          n<> u<681> t<ONE_TICK_b1> p<682> l<78:13> el<78:17>
                          n<> u<714> t<Statement_or_null> p<730> c<713> s<728> l<79:2> el<80:17>
                            n<> u<713> t<Statement> p<714> c<712> l<79:2> el<80:17>
                              n<> u<712> t<Statement_item> p<713> c<711> l<79:2> el<80:17>
                                n<> u<711> t<Procedural_timing_control_statement> p<712> c<696> l<79:2> el<80:17>
                                  n<> u<696> t<Procedural_timing_control> p<711> c<695> s<710> l<79:2> el<79:14>
                                    n<> u<695> t<Delay_control> p<696> c<694> l<79:2> el<79:14>
                                      n<> u<694> t<Mintypmax_expression> p<695> c<693> l<79:4> el<79:13>
                                        n<> u<693> t<Expression> p<694> c<692> l<79:4> el<79:13>
                                          n<> u<692> t<Primary> p<693> c<691> l<79:4> el<79:13>
                                            n<> u<691> t<Primary_literal> p<692> c<690> l<79:4> el<79:13>
                                              n<ROC_WIDTH> u<690> t<SIMPLE_IDENTIFIER> p<691> l<79:4> el<79:13>
                                  n<> u<710> t<Statement_or_null> p<711> c<709> l<80:2> el<80:17>
                                    n<> u<709> t<Statement> p<710> c<708> l<80:2> el<80:17>
                                      n<> u<708> t<Statement_item> p<709> c<707> l<80:2> el<80:17>
                                        n<> u<707> t<Blocking_assignment> p<708> c<706> l<80:2> el<80:16>
                                          n<> u<706> t<Variable_assignment> p<707> c<701> l<80:2> el<80:16>
                                            n<> u<701> t<Variable_lvalue> p<706> c<698> s<705> l<80:2> el<80:9>
                                              n<> u<698> t<Ps_or_hierarchical_identifier> p<701> c<697> s<700> l<80:2> el<80:9>
                                                n<GSR_int> u<697> t<SIMPLE_IDENTIFIER> p<698> l<80:2> el<80:9>
                                              n<> u<700> t<Select> p<701> c<699> l<80:10> el<80:10>
                                                n<> u<699> t<Bit_select> p<700> l<80:10> el<80:10>
                                            n<> u<705> t<Expression> p<706> c<704> l<80:12> el<80:16>
                                              n<> u<704> t<Primary> p<705> c<703> l<80:12> el<80:16>
                                                n<> u<703> t<Primary_literal> p<704> c<702> l<80:12> el<80:16>
                                                  n<> u<702> t<ONE_TICK_b0> p<703> l<80:12> el<80:16>
                          n<> u<728> t<Statement_or_null> p<730> c<727> s<729> l<81:2> el<81:18>
                            n<> u<727> t<Statement> p<728> c<726> l<81:2> el<81:18>
                              n<> u<726> t<Statement_item> p<727> c<725> l<81:2> el<81:18>
                                n<> u<725> t<Blocking_assignment> p<726> c<724> l<81:2> el<81:17>
                                  n<> u<724> t<Variable_assignment> p<725> c<719> l<81:2> el<81:17>
                                    n<> u<719> t<Variable_lvalue> p<724> c<716> s<723> l<81:2> el<81:10>
                                      n<> u<716> t<Ps_or_hierarchical_identifier> p<719> c<715> s<718> l<81:2> el<81:10>
                                        n<PRLD_int> u<715> t<SIMPLE_IDENTIFIER> p<716> l<81:2> el<81:10>
                                      n<> u<718> t<Select> p<719> c<717> l<81:11> el<81:11>
                                        n<> u<717> t<Bit_select> p<718> l<81:11> el<81:11>
                                    n<> u<723> t<Expression> p<724> c<722> l<81:13> el<81:17>
                                      n<> u<722> t<Primary> p<723> c<721> l<81:13> el<81:17>
                                        n<> u<721> t<Primary_literal> p<722> c<720> l<81:13> el<81:17>
                                          n<> u<720> t<ONE_TICK_b0> p<721> l<81:13> el<81:17>
                          n<> u<729> t<END> p<730> l<82:5> el<82:8>
        n<> u<787> t<Module_item> p<865> c<786> s<863> l<84:5> el<88:8>
          n<> u<786> t<Non_port_module_item> p<787> c<785> l<84:5> el<88:8>
            n<> u<785> t<Module_or_generate_item> p<786> c<784> l<84:5> el<88:8>
              n<> u<784> t<Module_common_item> p<785> c<783> l<84:5> el<88:8>
                n<> u<783> t<Initial_construct> p<784> c<782> l<84:5> el<88:8>
                  n<> u<782> t<Statement_or_null> p<783> c<781> l<84:13> el<88:8>
                    n<> u<781> t<Statement> p<782> c<780> l<84:13> el<88:8>
                      n<> u<780> t<Statement_item> p<781> c<779> l<84:13> el<88:8>
                        n<> u<779> t<Seq_block> p<780> c<752> l<84:13> el<88:8>
                          n<> u<752> t<Statement_or_null> p<779> c<751> s<777> l<85:2> el<85:17>
                            n<> u<751> t<Statement> p<752> c<750> l<85:2> el<85:17>
                              n<> u<750> t<Statement_item> p<751> c<749> l<85:2> el<85:17>
                                n<> u<749> t<Blocking_assignment> p<750> c<748> l<85:2> el<85:16>
                                  n<> u<748> t<Variable_assignment> p<749> c<743> l<85:2> el<85:16>
                                    n<> u<743> t<Variable_lvalue> p<748> c<740> s<747> l<85:2> el<85:9>
                                      n<> u<740> t<Ps_or_hierarchical_identifier> p<743> c<739> s<742> l<85:2> el<85:9>
                                        n<GTS_int> u<739> t<SIMPLE_IDENTIFIER> p<740> l<85:2> el<85:9>
                                      n<> u<742> t<Select> p<743> c<741> l<85:10> el<85:10>
                                        n<> u<741> t<Bit_select> p<742> l<85:10> el<85:10>
                                    n<> u<747> t<Expression> p<748> c<746> l<85:12> el<85:16>
                                      n<> u<746> t<Primary> p<747> c<745> l<85:12> el<85:16>
                                        n<> u<745> t<Primary_literal> p<746> c<744> l<85:12> el<85:16>
                                          n<> u<744> t<ONE_TICK_b1> p<745> l<85:12> el<85:16>
                          n<> u<777> t<Statement_or_null> p<779> c<776> s<778> l<86:2> el<87:17>
                            n<> u<776> t<Statement> p<777> c<775> l<86:2> el<87:17>
                              n<> u<775> t<Statement_item> p<776> c<774> l<86:2> el<87:17>
                                n<> u<774> t<Procedural_timing_control_statement> p<775> c<759> l<86:2> el<87:17>
                                  n<> u<759> t<Procedural_timing_control> p<774> c<758> s<773> l<86:2> el<86:14>
                                    n<> u<758> t<Delay_control> p<759> c<757> l<86:2> el<86:14>
                                      n<> u<757> t<Mintypmax_expression> p<758> c<756> l<86:4> el<86:13>
                                        n<> u<756> t<Expression> p<757> c<755> l<86:4> el<86:13>
                                          n<> u<755> t<Primary> p<756> c<754> l<86:4> el<86:13>
                                            n<> u<754> t<Primary_literal> p<755> c<753> l<86:4> el<86:13>
                                              n<TOC_WIDTH> u<753> t<SIMPLE_IDENTIFIER> p<754> l<86:4> el<86:13>
                                  n<> u<773> t<Statement_or_null> p<774> c<772> l<87:2> el<87:17>
                                    n<> u<772> t<Statement> p<773> c<771> l<87:2> el<87:17>
                                      n<> u<771> t<Statement_item> p<772> c<770> l<87:2> el<87:17>
                                        n<> u<770> t<Blocking_assignment> p<771> c<769> l<87:2> el<87:16>
                                          n<> u<769> t<Variable_assignment> p<770> c<764> l<87:2> el<87:16>
                                            n<> u<764> t<Variable_lvalue> p<769> c<761> s<768> l<87:2> el<87:9>
                                              n<> u<761> t<Ps_or_hierarchical_identifier> p<764> c<760> s<763> l<87:2> el<87:9>
                                                n<GTS_int> u<760> t<SIMPLE_IDENTIFIER> p<761> l<87:2> el<87:9>
                                              n<> u<763> t<Select> p<764> c<762> l<87:10> el<87:10>
                                                n<> u<762> t<Bit_select> p<763> l<87:10> el<87:10>
                                            n<> u<768> t<Expression> p<769> c<767> l<87:12> el<87:16>
                                              n<> u<767> t<Primary> p<768> c<766> l<87:12> el<87:16>
                                                n<> u<766> t<Primary_literal> p<767> c<765> l<87:12> el<87:16>
                                                  n<> u<765> t<ONE_TICK_b0> p<766> l<87:12> el<87:16>
                          n<> u<778> t<END> p<779> l<88:5> el<88:8>
        n<> u<863> t<Module_item> p<865> c<862> s<864> l<90:5> el<96:8>
          n<> u<862> t<Non_port_module_item> p<863> c<861> l<90:5> el<96:8>
            n<> u<861> t<Module_or_generate_item> p<862> c<860> l<90:5> el<96:8>
              n<> u<860> t<Module_common_item> p<861> c<859> l<90:5> el<96:8>
                n<> u<859> t<Initial_construct> p<860> c<858> l<90:5> el<96:8>
                  n<> u<858> t<Statement_or_null> p<859> c<857> l<90:13> el<96:8>
                    n<> u<857> t<Statement> p<858> c<856> l<90:13> el<96:8>
                      n<> u<856> t<Statement_item> p<857> c<855> l<90:13> el<96:8>
                        n<> u<855> t<Seq_block> p<856> c<801> l<90:13> el<96:8>
                          n<> u<801> t<Statement_or_null> p<855> c<800> s<813> l<91:2> el<91:22>
                            n<> u<800> t<Statement> p<801> c<799> l<91:2> el<91:22>
                              n<> u<799> t<Statement_item> p<800> c<798> l<91:2> el<91:22>
                                n<> u<798> t<Blocking_assignment> p<799> c<797> l<91:2> el<91:21>
                                  n<> u<797> t<Variable_assignment> p<798> c<792> l<91:2> el<91:21>
                                    n<> u<792> t<Variable_lvalue> p<797> c<789> s<796> l<91:2> el<91:14>
                                      n<> u<789> t<Ps_or_hierarchical_identifier> p<792> c<788> s<791> l<91:2> el<91:14>
                                        n<GRESTORE_int> u<788> t<SIMPLE_IDENTIFIER> p<789> l<91:2> el<91:14>
                                      n<> u<791> t<Select> p<792> c<790> l<91:15> el<91:15>
                                        n<> u<790> t<Bit_select> p<791> l<91:15> el<91:15>
                                    n<> u<796> t<Expression> p<797> c<795> l<91:17> el<91:21>
                                      n<> u<795> t<Primary> p<796> c<794> l<91:17> el<91:21>
                                        n<> u<794> t<Primary_literal> p<795> c<793> l<91:17> el<91:21>
                                          n<> u<793> t<ONE_TICK_b0> p<794> l<91:17> el<91:21>
                          n<> u<813> t<Statement_or_null> p<855> c<812> s<827> l<92:2> el<92:16>
                            n<> u<812> t<Statement> p<813> c<811> l<92:2> el<92:16>
                              n<> u<811> t<Statement_item> p<812> c<810> l<92:2> el<92:16>
                                n<> u<810> t<Procedural_timing_control_statement> p<811> c<808> l<92:2> el<92:16>
                                  n<> u<808> t<Procedural_timing_control> p<810> c<807> s<809> l<92:2> el<92:15>
                                    n<> u<807> t<Delay_control> p<808> c<806> l<92:2> el<92:15>
                                      n<> u<806> t<Mintypmax_expression> p<807> c<805> l<92:4> el<92:14>
                                        n<> u<805> t<Expression> p<806> c<804> l<92:4> el<92:14>
                                          n<> u<804> t<Primary> p<805> c<803> l<92:4> el<92:14>
                                            n<> u<803> t<Primary_literal> p<804> c<802> l<92:4> el<92:14>
                                              n<GRES_START> u<802> t<SIMPLE_IDENTIFIER> p<803> l<92:4> el<92:14>
                                  n<> u<809> t<Statement_or_null> p<810> l<92:15> el<92:16>
                          n<> u<827> t<Statement_or_null> p<855> c<826> s<839> l<93:2> el<93:22>
                            n<> u<826> t<Statement> p<827> c<825> l<93:2> el<93:22>
                              n<> u<825> t<Statement_item> p<826> c<824> l<93:2> el<93:22>
                                n<> u<824> t<Blocking_assignment> p<825> c<823> l<93:2> el<93:21>
                                  n<> u<823> t<Variable_assignment> p<824> c<818> l<93:2> el<93:21>
                                    n<> u<818> t<Variable_lvalue> p<823> c<815> s<822> l<93:2> el<93:14>
                                      n<> u<815> t<Ps_or_hierarchical_identifier> p<818> c<814> s<817> l<93:2> el<93:14>
                                        n<GRESTORE_int> u<814> t<SIMPLE_IDENTIFIER> p<815> l<93:2> el<93:14>
                                      n<> u<817> t<Select> p<818> c<816> l<93:15> el<93:15>
                                        n<> u<816> t<Bit_select> p<817> l<93:15> el<93:15>
                                    n<> u<822> t<Expression> p<823> c<821> l<93:17> el<93:21>
                                      n<> u<821> t<Primary> p<822> c<820> l<93:17> el<93:21>
                                        n<> u<820> t<Primary_literal> p<821> c<819> l<93:17> el<93:21>
                                          n<> u<819> t<ONE_TICK_b1> p<820> l<93:17> el<93:21>
                          n<> u<839> t<Statement_or_null> p<855> c<838> s<853> l<94:2> el<94:16>
                            n<> u<838> t<Statement> p<839> c<837> l<94:2> el<94:16>
                              n<> u<837> t<Statement_item> p<838> c<836> l<94:2> el<94:16>
                                n<> u<836> t<Procedural_timing_control_statement> p<837> c<834> l<94:2> el<94:16>
                                  n<> u<834> t<Procedural_timing_control> p<836> c<833> s<835> l<94:2> el<94:15>
                                    n<> u<833> t<Delay_control> p<834> c<832> l<94:2> el<94:15>
                                      n<> u<832> t<Mintypmax_expression> p<833> c<831> l<94:4> el<94:14>
                                        n<> u<831> t<Expression> p<832> c<830> l<94:4> el<94:14>
                                          n<> u<830> t<Primary> p<831> c<829> l<94:4> el<94:14>
                                            n<> u<829> t<Primary_literal> p<830> c<828> l<94:4> el<94:14>
                                              n<GRES_WIDTH> u<828> t<SIMPLE_IDENTIFIER> p<829> l<94:4> el<94:14>
                                  n<> u<835> t<Statement_or_null> p<836> l<94:15> el<94:16>
                          n<> u<853> t<Statement_or_null> p<855> c<852> s<854> l<95:2> el<95:22>
                            n<> u<852> t<Statement> p<853> c<851> l<95:2> el<95:22>
                              n<> u<851> t<Statement_item> p<852> c<850> l<95:2> el<95:22>
                                n<> u<850> t<Blocking_assignment> p<851> c<849> l<95:2> el<95:21>
                                  n<> u<849> t<Variable_assignment> p<850> c<844> l<95:2> el<95:21>
                                    n<> u<844> t<Variable_lvalue> p<849> c<841> s<848> l<95:2> el<95:14>
                                      n<> u<841> t<Ps_or_hierarchical_identifier> p<844> c<840> s<843> l<95:2> el<95:14>
                                        n<GRESTORE_int> u<840> t<SIMPLE_IDENTIFIER> p<841> l<95:2> el<95:14>
                                      n<> u<843> t<Select> p<844> c<842> l<95:15> el<95:15>
                                        n<> u<842> t<Bit_select> p<843> l<95:15> el<95:15>
                                    n<> u<848> t<Expression> p<849> c<847> l<95:17> el<95:21>
                                      n<> u<847> t<Primary> p<848> c<846> l<95:17> el<95:21>
                                        n<> u<846> t<Primary_literal> p<847> c<845> l<95:17> el<95:21>
                                          n<> u<845> t<ONE_TICK_b0> p<846> l<95:17> el<95:21>
                          n<> u<854> t<END> p<855> l<96:5> el<96:8>
        n<> u<864> t<ENDMODULE> p<865> l<98:1> el<98:10>
AST_DEBUG_END
AST_DEBUG_BEGIN
Count: 1006
LIB: work
FILE: f<16>:$Source01/unisims/PLLE3_BASE.v
n<$Source01/unisims/PLLE3_BASE.v> u<1005> t<Top_level_rule> c<1> l<32:1> el<169:1>
  n<> u<1> t<Null_rule> p<1005> s<2> l<32:1> el<32:1>
  n<///////////////////////////////////////////////////////////////////////////////> u<2> t<LINE_COMMENT> p<1005> s<3> l<1:1> el<1:80>
  n<//     Copyright (c) 1995/2016 Xilinx, Inc.> u<3> t<LINE_COMMENT> p<1005> s<4> l<2:1> el<2:44>
  n<// > u<4> t<LINE_COMMENT> p<1005> s<5> l<3:1> el<3:4>
  n<//    Licensed under the Apache License, Version 2.0 (the "License");> u<5> t<LINE_COMMENT> p<1005> s<6> l<4:1> el<4:70>
  n<//    you may not use this file except in compliance with the License.> u<6> t<LINE_COMMENT> p<1005> s<7> l<5:1> el<5:71>
  n<//    You may obtain a copy of the License at> u<7> t<LINE_COMMENT> p<1005> s<8> l<6:1> el<6:46>
  n<// > u<8> t<LINE_COMMENT> p<1005> s<9> l<7:1> el<7:4>
  n<//        http://www.apache.org/licenses/LICENSE-2.0> u<9> t<LINE_COMMENT> p<1005> s<10> l<8:1> el<8:53>
  n<// > u<10> t<LINE_COMMENT> p<1005> s<11> l<9:1> el<9:4>
  n<//    Unless required by applicable law or agreed to in writing, software> u<11> t<LINE_COMMENT> p<1005> s<12> l<10:1> el<10:74>
  n<//    distributed under the License is distributed on an "AS IS" BASIS,> u<12> t<LINE_COMMENT> p<1005> s<13> l<11:1> el<11:72>
  n<//    WITHOUT WARRANTIES OR CONDITIONS OF ANY KIND, either express or implied.> u<13> t<LINE_COMMENT> p<1005> s<14> l<12:1> el<12:79>
  n<//    See the License for the specific language governing permissions and> u<14> t<LINE_COMMENT> p<1005> s<15> l<13:1> el<13:74>
  n<//    limitations under the License.> u<15> t<LINE_COMMENT> p<1005> s<16> l<14:1> el<14:37>
  n<///////////////////////////////////////////////////////////////////////////////> u<16> t<LINE_COMMENT> p<1005> s<17> l<15:1> el<15:80>
  n<//   ____  ____> u<17> t<LINE_COMMENT> p<1005> s<18> l<16:1> el<16:16>
  n<//  /   /\/   /> u<18> t<LINE_COMMENT> p<1005> s<19> l<17:1> el<17:16>
  n<// /___/  \  /     Vendor      : Xilinx> u<19> t<LINE_COMMENT> p<1005> s<20> l<18:1> el<18:40>
  n<// \   \   \/      Version     : 2016.1> u<20> t<LINE_COMMENT> p<1005> s<21> l<19:1> el<19:40>
  n<//  \   \          Description : Xilinx Unified Simulation Library Component> u<21> t<LINE_COMMENT> p<1005> s<22> l<20:1> el<20:77>
  n<//  /   /                        Base Phase-Locked Loop (PLL)> u<22> t<LINE_COMMENT> p<1005> s<23> l<21:1> el<21:62>
  n<// /___/   /\      Filename    : PLLE3_BASE.v> u<23> t<LINE_COMMENT> p<1005> s<24> l<22:1> el<22:46>
  n<// \   \  /  \> u<24> t<LINE_COMMENT> p<1005> s<25> l<23:1> el<23:15>
  n<//  \___\/\___\> u<25> t<LINE_COMMENT> p<1005> s<26> l<24:1> el<24:16>
  n<//> u<26> t<LINE_COMMENT> p<1005> s<27> l<25:1> el<25:3>
  n<///////////////////////////////////////////////////////////////////////////////> u<27> t<LINE_COMMENT> p<1005> s<28> l<26:1> el<26:80>
  n<//  Revision:> u<28> t<LINE_COMMENT> p<1005> s<29> l<27:1> el<27:14>
  n<//  10/22/2014 808642 - Added #1 to $finish> u<29> t<LINE_COMMENT> p<1005> s<30> l<28:1> el<28:44>
  n<//  End Revision:> u<30> t<LINE_COMMENT> p<1005> s<31> l<29:1> el<29:18>
  n<///////////////////////////////////////////////////////////////////////////////> u<31> t<LINE_COMMENT> p<1005> s<1004> l<30:1> el<30:80>
  n<> u<1004> t<Source_text> p<1005> c<40> l<32:1> el<168:15>
    n<> u<40> t<Description> p<1004> c<39> s<43> l<32:1> el<32:23>
      n<> u<39> t<Top_directives> p<40> c<38> l<32:1> el<32:23>
        n<> u<38> t<Timescale_directive> p<39> c<34> l<32:1> el<32:23>
          n<1ps> u<34> t<Time_literal> p<38> c<32> s<37> l<32:12> el<32:16>
            n<1> u<32> t<INTEGRAL_NUMBER> p<34> s<33> l<32:12> el<32:13>
            n<ps> u<33> t<SIMPLE_IDENTIFIER> p<34> l<32:14> el<32:16>
          n<1ps> u<37> t<Time_literal> p<38> c<35> l<32:19> el<32:23>
            n<1> u<35> t<INTEGRAL_NUMBER> p<37> s<36> l<32:19> el<32:20>
            n<ps> u<36> t<SIMPLE_IDENTIFIER> p<37> l<32:21> el<32:23>
    n<> u<43> t<Description> p<1004> c<42> s<1000> l<34:1> el<34:12>
      n<> u<42> t<Top_directives> p<43> c<41> l<34:1> el<34:12>
        n<> u<41> t<Celldefine_directive> p<42> l<34:1> el<34:12>
    n<> u<1000> t<Description> p<1004> c<999> s<1003> l<36:1> el<166:10>
      n<> u<999> t<Module_declaration> p<1000> c<387> l<36:1> el<166:10>
        n<> u<387> t<Module_ansi_header> p<999> c<44> s<388> l<36:1> el<71:3>
          n<module> u<44> t<MODULE> p<387> s<45> l<36:1> el<36:7>
          n<PLLE3_BASE> u<45> t<SIMPLE_IDENTIFIER> p<387> s<46> l<36:8> el<36:18>
          n<> u<46> t<Package_import_declaration_list> p<387> s<313> l<36:19> el<36:19>
          n<> u<313> t<Parameter_port_list> p<387> c<60> s<386> l<36:19> el<57:2>
            n<> u<60> t<Parameter_port_declaration> p<313> c<59> s<74> l<40:3> el<40:38>
              n<> u<59> t<Parameter_declaration> p<60> c<49> l<40:3> el<40:38>
                n<> u<49> t<Data_type_or_implicit> p<59> c<48> s<58> l<40:13> el<40:20>
                  n<> u<48> t<Data_type> p<49> c<47> l<40:13> el<40:20>
                    n<> u<47> t<INTEGER> p<48> l<40:13> el<40:20>
                n<> u<58> t<Param_assignment_list> p<59> c<57> l<40:21> el<40:38>
                  n<> u<57> t<Param_assignment> p<58> c<50> l<40:21> el<40:38>
                    n<CLKFBOUT_MULT> u<50> t<SIMPLE_IDENTIFIER> p<57> s<56> l<40:21> el<40:34>
                    n<> u<56> t<Constant_param_expression> p<57> c<55> l<40:37> el<40:38>
                      n<> u<55> t<Constant_mintypmax_expression> p<56> c<54> l<40:37> el<40:38>
                        n<> u<54> t<Constant_expression> p<55> c<53> l<40:37> el<40:38>
                          n<> u<53> t<Constant_primary> p<54> c<52> l<40:37> el<40:38>
                            n<> u<52> t<Primary_literal> p<53> c<51> l<40:37> el<40:38>
                              n<5> u<51> t<INTEGRAL_NUMBER> p<52> l<40:37> el<40:38>
            n<> u<74> t<Parameter_port_declaration> p<313> c<73> s<88> l<41:3> el<41:40>
              n<> u<73> t<Parameter_declaration> p<74> c<63> l<41:3> el<41:40>
                n<> u<63> t<Data_type_or_implicit> p<73> c<62> s<72> l<41:13> el<41:17>
                  n<> u<62> t<Data_type> p<63> c<61> l<41:13> el<41:17>
                    n<> u<61> t<REAL> p<62> l<41:13> el<41:17>
                n<> u<72> t<Param_assignment_list> p<73> c<71> l<41:18> el<41:40>
                  n<> u<71> t<Param_assignment> p<72> c<64> l<41:18> el<41:40>
                    n<CLKFBOUT_PHASE> u<64> t<SIMPLE_IDENTIFIER> p<71> s<70> l<41:18> el<41:32>
                    n<> u<70> t<Constant_param_expression> p<71> c<69> l<41:35> el<41:40>
                      n<> u<69> t<Constant_mintypmax_expression> p<70> c<68> l<41:35> el<41:40>
                        n<> u<68> t<Constant_expression> p<69> c<67> l<41:35> el<41:40>
                          n<> u<67> t<Constant_primary> p<68> c<66> l<41:35> el<41:40>
                            n<> u<66> t<Primary_literal> p<67> c<65> l<41:35> el<41:40>
                              n<0.000> u<65> t<REAL_NUMBER> p<66> l<41:35> el<41:40>
            n<> u<88> t<Parameter_port_declaration> p<313> c<87> s<102> l<42:3> el<42:38>
              n<> u<87> t<Parameter_declaration> p<88> c<77> l<42:3> el<42:38>
                n<> u<77> t<Data_type_or_implicit> p<87> c<76> s<86> l<42:13> el<42:17>
                  n<> u<76> t<Data_type> p<77> c<75> l<42:13> el<42:17>
                    n<> u<75> t<REAL> p<76> l<42:13> el<42:17>
                n<> u<86> t<Param_assignment_list> p<87> c<85> l<42:18> el<42:38>
                  n<> u<85> t<Param_assignment> p<86> c<78> l<42:18> el<42:38>
                    n<CLKIN_PERIOD> u<78> t<SIMPLE_IDENTIFIER> p<85> s<84> l<42:18> el<42:30>
                    n<> u<84> t<Constant_param_expression> p<85> c<83> l<42:33> el<42:38>
                      n<> u<83> t<Constant_mintypmax_expression> p<84> c<82> l<42:33> el<42:38>
                        n<> u<82> t<Constant_expression> p<83> c<81> l<42:33> el<42:38>
                          n<> u<81> t<Constant_primary> p<82> c<80> l<42:33> el<42:38>
                            n<> u<80> t<Primary_literal> p<81> c<79> l<42:33> el<42:38>
                              n<0.000> u<79> t<REAL_NUMBER> p<80> l<42:33> el<42:38>
            n<> u<102> t<Parameter_port_declaration> p<313> c<101> s<116> l<43:3> el<43:39>
              n<> u<101> t<Parameter_declaration> p<102> c<91> l<43:3> el<43:39>
                n<> u<91> t<Data_type_or_implicit> p<101> c<90> s<100> l<43:13> el<43:20>
                  n<> u<90> t<Data_type> p<91> c<89> l<43:13> el<43:20>
                    n<> u<89> t<INTEGER> p<90> l<43:13> el<43:20>
                n<> u<100> t<Param_assignment_list> p<101> c<99> l<43:21> el<43:39>
                  n<> u<99> t<Param_assignment> p<100> c<92> l<43:21> el<43:39>
                    n<CLKOUT0_DIVIDE> u<92> t<SIMPLE_IDENTIFIER> p<99> s<98> l<43:21> el<43:35>
                    n<> u<98> t<Constant_param_expression> p<99> c<97> l<43:38> el<43:39>
                      n<> u<97> t<Constant_mintypmax_expression> p<98> c<96> l<43:38> el<43:39>
                        n<> u<96> t<Constant_expression> p<97> c<95> l<43:38> el<43:39>
                          n<> u<95> t<Constant_primary> p<96> c<94> l<43:38> el<43:39>
                            n<> u<94> t<Primary_literal> p<95> c<93> l<43:38> el<43:39>
                              n<1> u<93> t<INTEGRAL_NUMBER> p<94> l<43:38> el<43:39>
            n<> u<116> t<Parameter_port_declaration> p<313> c<115> s<130> l<44:3> el<44:44>
              n<> u<115> t<Parameter_declaration> p<116> c<105> l<44:3> el<44:44>
                n<> u<105> t<Data_type_or_implicit> p<115> c<104> s<114> l<44:13> el<44:17>
                  n<> u<104> t<Data_type> p<105> c<103> l<44:13> el<44:17>
                    n<> u<103> t<REAL> p<104> l<44:13> el<44:17>
                n<> u<114> t<Param_assignment_list> p<115> c<113> l<44:18> el<44:44>
                  n<> u<113> t<Param_assignment> p<114> c<106> l<44:18> el<44:44>
                    n<CLKOUT0_DUTY_CYCLE> u<106> t<SIMPLE_IDENTIFIER> p<113> s<112> l<44:18> el<44:36>
                    n<> u<112> t<Constant_param_expression> p<113> c<111> l<44:39> el<44:44>
                      n<> u<111> t<Constant_mintypmax_expression> p<112> c<110> l<44:39> el<44:44>
                        n<> u<110> t<Constant_expression> p<111> c<109> l<44:39> el<44:44>
                          n<> u<109> t<Constant_primary> p<110> c<108> l<44:39> el<44:44>
                            n<> u<108> t<Primary_literal> p<109> c<107> l<44:39> el<44:44>
                              n<0.500> u<107> t<REAL_NUMBER> p<108> l<44:39> el<44:44>
            n<> u<130> t<Parameter_port_declaration> p<313> c<129> s<144> l<45:3> el<45:39>
              n<> u<129> t<Parameter_declaration> p<130> c<119> l<45:3> el<45:39>
                n<> u<119> t<Data_type_or_implicit> p<129> c<118> s<128> l<45:13> el<45:17>
                  n<> u<118> t<Data_type> p<119> c<117> l<45:13> el<45:17>
                    n<> u<117> t<REAL> p<118> l<45:13> el<45:17>
                n<> u<128> t<Param_assignment_list> p<129> c<127> l<45:18> el<45:39>
                  n<> u<127> t<Param_assignment> p<128> c<120> l<45:18> el<45:39>
                    n<CLKOUT0_PHASE> u<120> t<SIMPLE_IDENTIFIER> p<127> s<126> l<45:18> el<45:31>
                    n<> u<126> t<Constant_param_expression> p<127> c<125> l<45:34> el<45:39>
                      n<> u<125> t<Constant_mintypmax_expression> p<126> c<124> l<45:34> el<45:39>
                        n<> u<124> t<Constant_expression> p<125> c<123> l<45:34> el<45:39>
                          n<> u<123> t<Constant_primary> p<124> c<122> l<45:34> el<45:39>
                            n<> u<122> t<Primary_literal> p<123> c<121> l<45:34> el<45:39>
                              n<0.000> u<121> t<REAL_NUMBER> p<122> l<45:34> el<45:39>
            n<> u<144> t<Parameter_port_declaration> p<313> c<143> s<158> l<46:3> el<46:39>
              n<> u<143> t<Parameter_declaration> p<144> c<133> l<46:3> el<46:39>
                n<> u<133> t<Data_type_or_implicit> p<143> c<132> s<142> l<46:13> el<46:20>
                  n<> u<132> t<Data_type> p<133> c<131> l<46:13> el<46:20>
                    n<> u<131> t<INTEGER> p<132> l<46:13> el<46:20>
                n<> u<142> t<Param_assignment_list> p<143> c<141> l<46:21> el<46:39>
                  n<> u<141> t<Param_assignment> p<142> c<134> l<46:21> el<46:39>
                    n<CLKOUT1_DIVIDE> u<134> t<SIMPLE_IDENTIFIER> p<141> s<140> l<46:21> el<46:35>
                    n<> u<140> t<Constant_param_expression> p<141> c<139> l<46:38> el<46:39>
                      n<> u<139> t<Constant_mintypmax_expression> p<140> c<138> l<46:38> el<46:39>
                        n<> u<138> t<Constant_expression> p<139> c<137> l<46:38> el<46:39>
                          n<> u<137> t<Constant_primary> p<138> c<136> l<46:38> el<46:39>
                            n<> u<136> t<Primary_literal> p<137> c<135> l<46:38> el<46:39>
                              n<1> u<135> t<INTEGRAL_NUMBER> p<136> l<46:38> el<46:39>
            n<> u<158> t<Parameter_port_declaration> p<313> c<157> s<172> l<47:3> el<47:44>
              n<> u<157> t<Parameter_declaration> p<158> c<147> l<47:3> el<47:44>
                n<> u<147> t<Data_type_or_implicit> p<157> c<146> s<156> l<47:13> el<47:17>
                  n<> u<146> t<Data_type> p<147> c<145> l<47:13> el<47:17>
                    n<> u<145> t<REAL> p<146> l<47:13> el<47:17>
                n<> u<156> t<Param_assignment_list> p<157> c<155> l<47:18> el<47:44>
                  n<> u<155> t<Param_assignment> p<156> c<148> l<47:18> el<47:44>
                    n<CLKOUT1_DUTY_CYCLE> u<148> t<SIMPLE_IDENTIFIER> p<155> s<154> l<47:18> el<47:36>
                    n<> u<154> t<Constant_param_expression> p<155> c<153> l<47:39> el<47:44>
                      n<> u<153> t<Constant_mintypmax_expression> p<154> c<152> l<47:39> el<47:44>
                        n<> u<152> t<Constant_expression> p<153> c<151> l<47:39> el<47:44>
                          n<> u<151> t<Constant_primary> p<152> c<150> l<47:39> el<47:44>
                            n<> u<150> t<Primary_literal> p<151> c<149> l<47:39> el<47:44>
                              n<0.500> u<149> t<REAL_NUMBER> p<150> l<47:39> el<47:44>
            n<> u<172> t<Parameter_port_declaration> p<313> c<171> s<184> l<48:3> el<48:39>
              n<> u<171> t<Parameter_declaration> p<172> c<161> l<48:3> el<48:39>
                n<> u<161> t<Data_type_or_implicit> p<171> c<160> s<170> l<48:13> el<48:17>
                  n<> u<160> t<Data_type> p<161> c<159> l<48:13> el<48:17>
                    n<> u<159> t<REAL> p<160> l<48:13> el<48:17>
                n<> u<170> t<Param_assignment_list> p<171> c<169> l<48:18> el<48:39>
                  n<> u<169> t<Param_assignment> p<170> c<162> l<48:18> el<48:39>
                    n<CLKOUT1_PHASE> u<162> t<SIMPLE_IDENTIFIER> p<169> s<168> l<48:18> el<48:31>
                    n<> u<168> t<Constant_param_expression> p<169> c<167> l<48:34> el<48:39>
                      n<> u<167> t<Constant_mintypmax_expression> p<168> c<166> l<48:34> el<48:39>
                        n<> u<166> t<Constant_expression> p<167> c<165> l<48:34> el<48:39>
                          n<> u<165> t<Constant_primary> p<166> c<164> l<48:34> el<48:39>
                            n<> u<164> t<Primary_literal> p<165> c<163> l<48:34> el<48:39>
                              n<0.000> u<163> t<REAL_NUMBER> p<164> l<48:34> el<48:39>
            n<> u<184> t<Parameter_port_declaration> p<313> c<183> s<198> l<49:3> el<49:38>
              n<> u<183> t<Parameter_declaration> p<184> c<173> l<49:3> el<49:38>
                n<> u<173> t<Data_type_or_implicit> p<183> s<182> l<49:13> el<49:13>
                n<> u<182> t<Param_assignment_list> p<183> c<181> l<49:13> el<49:38>
                  n<> u<181> t<Param_assignment> p<182> c<174> l<49:13> el<49:38>
                    n<CLKOUTPHY_MODE> u<174> t<SIMPLE_IDENTIFIER> p<181> s<180> l<49:13> el<49:27>
                    n<> u<180> t<Constant_param_expression> p<181> c<179> l<49:30> el<49:38>
                      n<> u<179> t<Constant_mintypmax_expression> p<180> c<178> l<49:30> el<49:38>
                        n<> u<178> t<Constant_expression> p<179> c<177> l<49:30> el<49:38>
                          n<> u<177> t<Constant_primary> p<178> c<176> l<49:30> el<49:38>
                            n<> u<176> t<Primary_literal> p<177> c<175> l<49:30> el<49:38>
                              n<"VCO_2X"> u<175> t<QUOTED_STRING> p<176> l<49:30> el<49:38>
            n<> u<198> t<Parameter_port_declaration> p<313> c<197> s<220> l<50:3> el<50:38>
              n<> u<197> t<Parameter_declaration> p<198> c<187> l<50:3> el<50:38>
                n<> u<187> t<Data_type_or_implicit> p<197> c<186> s<196> l<50:13> el<50:20>
                  n<> u<186> t<Data_type> p<187> c<185> l<50:13> el<50:20>
                    n<> u<185> t<INTEGER> p<186> l<50:13> el<50:20>
                n<> u<196> t<Param_assignment_list> p<197> c<195> l<50:21> el<50:38>
                  n<> u<195> t<Param_assignment> p<196> c<188> l<50:21> el<50:38>
                    n<DIVCLK_DIVIDE> u<188> t<SIMPLE_IDENTIFIER> p<195> s<194> l<50:21> el<50:34>
                    n<> u<194> t<Constant_param_expression> p<195> c<193> l<50:37> el<50:38>
                      n<> u<193> t<Constant_mintypmax_expression> p<194> c<192> l<50:37> el<50:38>
                        n<> u<192> t<Constant_expression> p<193> c<191> l<50:37> el<50:38>
                          n<> u<191> t<Constant_primary> p<192> c<190> l<50:37> el<50:38>
                            n<> u<190> t<Primary_literal> p<191> c<189> l<50:37> el<50:38>
                              n<1> u<189> t<INTEGRAL_NUMBER> p<190> l<50:37> el<50:38>
            n<> u<220> t<Parameter_port_declaration> p<313> c<219> s<242> l<51:3> el<51:45>
              n<> u<219> t<Parameter_declaration> p<220> c<209> l<51:3> el<51:45>
                n<> u<209> t<Data_type_or_implicit> p<219> c<208> s<218> l<51:13> el<51:18>
                  n<> u<208> t<Packed_dimension> p<209> c<207> l<51:13> el<51:18>
                    n<> u<207> t<Constant_range> p<208> c<202> l<51:14> el<51:17>
                      n<> u<202> t<Constant_expression> p<207> c<201> s<206> l<51:14> el<51:15>
                        n<> u<201> t<Constant_primary> p<202> c<200> l<51:14> el<51:15>
                          n<> u<200> t<Primary_literal> p<201> c<199> l<51:14> el<51:15>
                            n<0> u<199> t<INTEGRAL_NUMBER> p<200> l<51:14> el<51:15>
                      n<> u<206> t<Constant_expression> p<207> c<205> l<51:16> el<51:17>
                        n<> u<205> t<Constant_primary> p<206> c<204> l<51:16> el<51:17>
                          n<> u<204> t<Primary_literal> p<205> c<203> l<51:16> el<51:17>
                            n<0> u<203> t<INTEGRAL_NUMBER> p<204> l<51:16> el<51:17>
                n<> u<218> t<Param_assignment_list> p<219> c<217> l<51:19> el<51:45>
                  n<> u<217> t<Param_assignment> p<218> c<210> l<51:19> el<51:45>
                    n<IS_CLKFBIN_INVERTED> u<210> t<SIMPLE_IDENTIFIER> p<217> s<216> l<51:19> el<51:38>
                    n<> u<216> t<Constant_param_expression> p<217> c<215> l<51:41> el<51:45>
                      n<> u<215> t<Constant_mintypmax_expression> p<216> c<214> l<51:41> el<51:45>
                        n<> u<214> t<Constant_expression> p<215> c<213> l<51:41> el<51:45>
                          n<> u<213> t<Constant_primary> p<214> c<212> l<51:41> el<51:45>
                            n<> u<212> t<Primary_literal> p<213> c<211> l<51:41> el<51:45>
                              n<> u<211> t<ONE_TICK_b0> p<212> l<51:41> el<51:45>
            n<> u<242> t<Parameter_port_declaration> p<313> c<241> s<264> l<52:3> el<52:43>
              n<> u<241> t<Parameter_declaration> p<242> c<231> l<52:3> el<52:43>
                n<> u<231> t<Data_type_or_implicit> p<241> c<230> s<240> l<52:13> el<52:18>
                  n<> u<230> t<Packed_dimension> p<231> c<229> l<52:13> el<52:18>
                    n<> u<229> t<Constant_range> p<230> c<224> l<52:14> el<52:17>
                      n<> u<224> t<Constant_expression> p<229> c<223> s<228> l<52:14> el<52:15>
                        n<> u<223> t<Constant_primary> p<224> c<222> l<52:14> el<52:15>
                          n<> u<222> t<Primary_literal> p<223> c<221> l<52:14> el<52:15>
                            n<0> u<221> t<INTEGRAL_NUMBER> p<222> l<52:14> el<52:15>
                      n<> u<228> t<Constant_expression> p<229> c<227> l<52:16> el<52:17>
                        n<> u<227> t<Constant_primary> p<228> c<226> l<52:16> el<52:17>
                          n<> u<226> t<Primary_literal> p<227> c<225> l<52:16> el<52:17>
                            n<0> u<225> t<INTEGRAL_NUMBER> p<226> l<52:16> el<52:17>
                n<> u<240> t<Param_assignment_list> p<241> c<239> l<52:19> el<52:43>
                  n<> u<239> t<Param_assignment> p<240> c<232> l<52:19> el<52:43>
                    n<IS_CLKIN_INVERTED> u<232> t<SIMPLE_IDENTIFIER> p<239> s<238> l<52:19> el<52:36>
                    n<> u<238> t<Constant_param_expression> p<239> c<237> l<52:39> el<52:43>
                      n<> u<237> t<Constant_mintypmax_expression> p<238> c<236> l<52:39> el<52:43>
                        n<> u<236> t<Constant_expression> p<237> c<235> l<52:39> el<52:43>
                          n<> u<235> t<Constant_primary> p<236> c<234> l<52:39> el<52:43>
                            n<> u<234> t<Primary_literal> p<235> c<233> l<52:39> el<52:43>
                              n<> u<233> t<ONE_TICK_b0> p<234> l<52:39> el<52:43>
            n<> u<264> t<Parameter_port_declaration> p<313> c<263> s<286> l<53:3> el<53:44>
              n<> u<263> t<Parameter_declaration> p<264> c<253> l<53:3> el<53:44>
                n<> u<253> t<Data_type_or_implicit> p<263> c<252> s<262> l<53:13> el<53:18>
                  n<> u<252> t<Packed_dimension> p<253> c<251> l<53:13> el<53:18>
                    n<> u<251> t<Constant_range> p<252> c<246> l<53:14> el<53:17>
                      n<> u<246> t<Constant_expression> p<251> c<245> s<250> l<53:14> el<53:15>
                        n<> u<245> t<Constant_primary> p<246> c<244> l<53:14> el<53:15>
                          n<> u<244> t<Primary_literal> p<245> c<243> l<53:14> el<53:15>
                            n<0> u<243> t<INTEGRAL_NUMBER> p<244> l<53:14> el<53:15>
                      n<> u<250> t<Constant_expression> p<251> c<249> l<53:16> el<53:17>
                        n<> u<249> t<Constant_primary> p<250> c<248> l<53:16> el<53:17>
                          n<> u<248> t<Primary_literal> p<249> c<247> l<53:16> el<53:17>
                            n<0> u<247> t<INTEGRAL_NUMBER> p<248> l<53:16> el<53:17>
                n<> u<262> t<Param_assignment_list> p<263> c<261> l<53:19> el<53:44>
                  n<> u<261> t<Param_assignment> p<262> c<254> l<53:19> el<53:44>
                    n<IS_PWRDWN_INVERTED> u<254> t<SIMPLE_IDENTIFIER> p<261> s<260> l<53:19> el<53:37>
                    n<> u<260> t<Constant_param_expression> p<261> c<259> l<53:40> el<53:44>
                      n<> u<259> t<Constant_mintypmax_expression> p<260> c<258> l<53:40> el<53:44>
                        n<> u<258> t<Constant_expression> p<259> c<257> l<53:40> el<53:44>
                          n<> u<257> t<Constant_primary> p<258> c<256> l<53:40> el<53:44>
                            n<> u<256> t<Primary_literal> p<257> c<255> l<53:40> el<53:44>
                              n<> u<255> t<ONE_TICK_b0> p<256> l<53:40> el<53:44>
            n<> u<286> t<Parameter_port_declaration> p<313> c<285> s<300> l<54:3> el<54:41>
              n<> u<285> t<Parameter_declaration> p<286> c<275> l<54:3> el<54:41>
                n<> u<275> t<Data_type_or_implicit> p<285> c<274> s<284> l<54:13> el<54:18>
                  n<> u<274> t<Packed_dimension> p<275> c<273> l<54:13> el<54:18>
                    n<> u<273> t<Constant_range> p<274> c<268> l<54:14> el<54:17>
                      n<> u<268> t<Constant_expression> p<273> c<267> s<272> l<54:14> el<54:15>
                        n<> u<267> t<Constant_primary> p<268> c<266> l<54:14> el<54:15>
                          n<> u<266> t<Primary_literal> p<267> c<265> l<54:14> el<54:15>
                            n<0> u<265> t<INTEGRAL_NUMBER> p<266> l<54:14> el<54:15>
                      n<> u<272> t<Constant_expression> p<273> c<271> l<54:16> el<54:17>
                        n<> u<271> t<Constant_primary> p<272> c<270> l<54:16> el<54:17>
                          n<> u<270> t<Primary_literal> p<271> c<269> l<54:16> el<54:17>
                            n<0> u<269> t<INTEGRAL_NUMBER> p<270> l<54:16> el<54:17>
                n<> u<284> t<Param_assignment_list> p<285> c<283> l<54:19> el<54:41>
                  n<> u<283> t<Param_assignment> p<284> c<276> l<54:19> el<54:41>
                    n<IS_RST_INVERTED> u<276> t<SIMPLE_IDENTIFIER> p<283> s<282> l<54:19> el<54:34>
                    n<> u<282> t<Constant_param_expression> p<283> c<281> l<54:37> el<54:41>
                      n<> u<281> t<Constant_mintypmax_expression> p<282> c<280> l<54:37> el<54:41>
                        n<> u<280> t<Constant_expression> p<281> c<279> l<54:37> el<54:41>
                          n<> u<279> t<Constant_primary> p<280> c<278> l<54:37> el<54:41>
                            n<> u<278> t<Primary_literal> p<279> c<277> l<54:37> el<54:41>
                              n<> u<277> t<ONE_TICK_b0> p<278> l<54:37> el<54:41>
            n<> u<300> t<Parameter_port_declaration> p<313> c<299> s<312> l<55:3> el<55:36>
              n<> u<299> t<Parameter_declaration> p<300> c<289> l<55:3> el<55:36>
                n<> u<289> t<Data_type_or_implicit> p<299> c<288> s<298> l<55:13> el<55:17>
                  n<> u<288> t<Data_type> p<289> c<287> l<55:13> el<55:17>
                    n<> u<287> t<REAL> p<288> l<55:13> el<55:17>
                n<> u<298> t<Param_assignment_list> p<299> c<297> l<55:18> el<55:36>
                  n<> u<297> t<Param_assignment> p<298> c<290> l<55:18> el<55:36>
                    n<REF_JITTER> u<290> t<SIMPLE_IDENTIFIER> p<297> s<296> l<55:18> el<55:28>
                    n<> u<296> t<Constant_param_expression> p<297> c<295> l<55:31> el<55:36>
                      n<> u<295> t<Constant_mintypmax_expression> p<296> c<294> l<55:31> el<55:36>
                        n<> u<294> t<Constant_expression> p<295> c<293> l<55:31> el<55:36>
                          n<> u<293> t<Constant_primary> p<294> c<292> l<55:31> el<55:36>
                            n<> u<292> t<Primary_literal> p<293> c<291> l<55:31> el<55:36>
                              n<0.010> u<291> t<REAL_NUMBER> p<292> l<55:31> el<55:36>
            n<> u<312> t<Parameter_port_declaration> p<313> c<311> l<56:3> el<56:35>
              n<> u<311> t<Parameter_declaration> p<312> c<301> l<56:3> el<56:35>
                n<> u<301> t<Data_type_or_implicit> p<311> s<310> l<56:13> el<56:13>
                n<> u<310> t<Param_assignment_list> p<311> c<309> l<56:13> el<56:35>
                  n<> u<309> t<Param_assignment> p<310> c<302> l<56:13> el<56:35>
                    n<STARTUP_WAIT> u<302> t<SIMPLE_IDENTIFIER> p<309> s<308> l<56:13> el<56:25>
                    n<> u<308> t<Constant_param_expression> p<309> c<307> l<56:28> el<56:35>
                      n<> u<307> t<Constant_mintypmax_expression> p<308> c<306> l<56:28> el<56:35>
                        n<> u<306> t<Constant_expression> p<307> c<305> l<56:28> el<56:35>
                          n<> u<305> t<Constant_primary> p<306> c<304> l<56:28> el<56:35>
                            n<> u<304> t<Primary_literal> p<305> c<303> l<56:28> el<56:35>
                              n<"FALSE"> u<303> t<QUOTED_STRING> p<304> l<56:28> el<56:35>
          n<> u<386> t<Port_declaration_list> p<387> c<319> l<57:2> el<71:2>
            n<> u<319> t<Ansi_port_declaration> p<386> c<317> s<325> l<58:3> el<58:18>
              n<> u<317> t<Net_port_header> p<319> c<314> s<318> l<58:3> el<58:9>
                n<> u<314> t<OUTPUT> p<317> s<316> l<58:3> el<58:9>
                n<> u<316> t<Net_port_type> p<317> c<315> l<58:10> el<58:10>
                  n<> u<315> t<Data_type_or_implicit> p<316> l<58:10> el<58:10>
              n<CLKFBOUT> u<318> t<SIMPLE_IDENTIFIER> p<319> l<58:10> el<58:18>
            n<> u<325> t<Ansi_port_declaration> p<386> c<323> s<331> l<59:3> el<59:17>
              n<> u<323> t<Net_port_header> p<325> c<320> s<324> l<59:3> el<59:9>
                n<> u<320> t<OUTPUT> p<323> s<322> l<59:3> el<59:9>
                n<> u<322> t<Net_port_type> p<323> c<321> l<59:10> el<59:10>
                  n<> u<321> t<Data_type_or_implicit> p<322> l<59:10> el<59:10>
              n<CLKOUT0> u<324> t<SIMPLE_IDENTIFIER> p<325> l<59:10> el<59:17>
            n<> u<331> t<Ansi_port_declaration> p<386> c<329> s<337> l<60:3> el<60:18>
              n<> u<329> t<Net_port_header> p<331> c<326> s<330> l<60:3> el<60:9>
                n<> u<326> t<OUTPUT> p<329> s<328> l<60:3> el<60:9>
                n<> u<328> t<Net_port_type> p<329> c<327> l<60:10> el<60:10>
                  n<> u<327> t<Data_type_or_implicit> p<328> l<60:10> el<60:10>
              n<CLKOUT0B> u<330> t<SIMPLE_IDENTIFIER> p<331> l<60:10> el<60:18>
            n<> u<337> t<Ansi_port_declaration> p<386> c<335> s<343> l<61:3> el<61:17>
              n<> u<335> t<Net_port_header> p<337> c<332> s<336> l<61:3> el<61:9>
                n<> u<332> t<OUTPUT> p<335> s<334> l<61:3> el<61:9>
                n<> u<334> t<Net_port_type> p<335> c<333> l<61:10> el<61:10>
                  n<> u<333> t<Data_type_or_implicit> p<334> l<61:10> el<61:10>
              n<CLKOUT1> u<336> t<SIMPLE_IDENTIFIER> p<337> l<61:10> el<61:17>
            n<> u<343> t<Ansi_port_declaration> p<386> c<341> s<349> l<62:3> el<62:18>
              n<> u<341> t<Net_port_header> p<343> c<338> s<342> l<62:3> el<62:9>
                n<> u<338> t<OUTPUT> p<341> s<340> l<62:3> el<62:9>
                n<> u<340> t<Net_port_type> p<341> c<339> l<62:10> el<62:10>
                  n<> u<339> t<Data_type_or_implicit> p<340> l<62:10> el<62:10>
              n<CLKOUT1B> u<342> t<SIMPLE_IDENTIFIER> p<343> l<62:10> el<62:18>
            n<> u<349> t<Ansi_port_declaration> p<386> c<347> s<355> l<63:3> el<63:19>
              n<> u<347> t<Net_port_header> p<349> c<344> s<348> l<63:3> el<63:9>
                n<> u<344> t<OUTPUT> p<347> s<346> l<63:3> el<63:9>
                n<> u<346> t<Net_port_type> p<347> c<345> l<63:10> el<63:10>
                  n<> u<345> t<Data_type_or_implicit> p<346> l<63:10> el<63:10>
              n<CLKOUTPHY> u<348> t<SIMPLE_IDENTIFIER> p<349> l<63:10> el<63:19>
            n<> u<355> t<Ansi_port_declaration> p<386> c<353> s<361> l<64:3> el<64:16>
              n<> u<353> t<Net_port_header> p<355> c<350> s<354> l<64:3> el<64:9>
                n<> u<350> t<OUTPUT> p<353> s<352> l<64:3> el<64:9>
                n<> u<352> t<Net_port_type> p<353> c<351> l<64:10> el<64:10>
                  n<> u<351> t<Data_type_or_implicit> p<352> l<64:10> el<64:10>
              n<LOCKED> u<354> t<SIMPLE_IDENTIFIER> p<355> l<64:10> el<64:16>
            n<> u<361> t<Ansi_port_declaration> p<386> c<359> s<367> l<66:3> el<66:16>
              n<> u<359> t<Net_port_header> p<361> c<356> s<360> l<66:3> el<66:8>
                n<> u<356> t<INPUT> p<359> s<358> l<66:3> el<66:8>
                n<> u<358> t<Net_port_type> p<359> c<357> l<66:9> el<66:9>
                  n<> u<357> t<Data_type_or_implicit> p<358> l<66:9> el<66:9>
              n<CLKFBIN> u<360> t<SIMPLE_IDENTIFIER> p<361> l<66:9> el<66:16>
            n<> u<367> t<Ansi_port_declaration> p<386> c<365> s<373> l<67:3> el<67:14>
              n<> u<365> t<Net_port_header> p<367> c<362> s<366> l<67:3> el<67:8>
                n<> u<362> t<INPUT> p<365> s<364> l<67:3> el<67:8>
                n<> u<364> t<Net_port_type> p<365> c<363> l<67:9> el<67:9>
                  n<> u<363> t<Data_type_or_implicit> p<364> l<67:9> el<67:9>
              n<CLKIN> u<366> t<SIMPLE_IDENTIFIER> p<367> l<67:9> el<67:14>
            n<> u<373> t<Ansi_port_declaration> p<386> c<371> s<379> l<68:3> el<68:20>
              n<> u<371> t<Net_port_header> p<373> c<368> s<372> l<68:3> el<68:8>
                n<> u<368> t<INPUT> p<371> s<370> l<68:3> el<68:8>
                n<> u<370> t<Net_port_type> p<371> c<369> l<68:9> el<68:9>
                  n<> u<369> t<Data_type_or_implicit> p<370> l<68:9> el<68:9>
              n<CLKOUTPHYEN> u<372> t<SIMPLE_IDENTIFIER> p<373> l<68:9> el<68:20>
            n<> u<379> t<Ansi_port_declaration> p<386> c<377> s<385> l<69:3> el<69:15>
              n<> u<377> t<Net_port_header> p<379> c<374> s<378> l<69:3> el<69:8>
                n<> u<374> t<INPUT> p<377> s<376> l<69:3> el<69:8>
                n<> u<376> t<Net_port_type> p<377> c<375> l<69:9> el<69:9>
                  n<> u<375> t<Data_type_or_implicit> p<376> l<69:9> el<69:9>
              n<PWRDWN> u<378> t<SIMPLE_IDENTIFIER> p<379> l<69:9> el<69:15>
            n<> u<385> t<Ansi_port_declaration> p<386> c<383> l<70:3> el<70:12>
              n<> u<383> t<Net_port_header> p<385> c<380> s<384> l<70:3> el<70:8>
                n<> u<380> t<INPUT> p<383> s<382> l<70:3> el<70:8>
                n<> u<382> t<Net_port_type> p<383> c<381> l<70:9> el<70:9>
                  n<> u<381> t<Data_type_or_implicit> p<382> l<70:9> el<70:9>
              n<RST> u<384> t<SIMPLE_IDENTIFIER> p<385> l<70:9> el<70:12>
        n<// define constants> u<388> t<LINE_COMMENT> p<999> s<404> l<73:1> el<73:20>
        n<> u<404> t<Non_port_module_item> p<999> c<403> s<488> l<74:3> el<74:41>
          n<> u<403> t<Module_or_generate_item> p<404> c<402> l<74:3> el<74:41>
            n<> u<402> t<Module_common_item> p<403> c<401> l<74:3> el<74:41>
              n<> u<401> t<Module_or_generate_item_declaration> p<402> c<400> l<74:3> el<74:41>
                n<> u<400> t<Package_or_generate_item_declaration> p<401> c<399> l<74:3> el<74:41>
                  n<> u<399> t<Local_parameter_declaration> p<400> c<389> l<74:3> el<74:40>
                    n<> u<389> t<Data_type_or_implicit> p<399> s<398> l<74:14> el<74:14>
                    n<> u<398> t<Param_assignment_list> p<399> c<397> l<74:14> el<74:40>
                      n<> u<397> t<Param_assignment> p<398> c<390> l<74:14> el<74:40>
                        n<MODULE_NAME> u<390> t<SIMPLE_IDENTIFIER> p<397> s<396> l<74:14> el<74:25>
                        n<> u<396> t<Constant_param_expression> p<397> c<395> l<74:28> el<74:40>
                          n<> u<395> t<Constant_mintypmax_expression> p<396> c<394> l<74:28> el<74:40>
                            n<> u<394> t<Constant_expression> p<395> c<393> l<74:28> el<74:40>
                              n<> u<393> t<Constant_primary> p<394> c<392> l<74:28> el<74:40>
                                n<> u<392> t<Primary_literal> p<393> c<391> l<74:28> el<74:40>
                                  n<"PLLE3_BASE"> u<391> t<QUOTED_STRING> p<392> l<74:28> el<74:40>
        n<> u<488> t<Non_port_module_item> p<999> c<487> s<499> l<76:3> el<83:6>
          n<> u<487> t<Module_or_generate_item> p<488> c<486> l<76:3> el<83:6>
            n<> u<486> t<Module_common_item> p<487> c<485> l<76:3> el<83:6>
              n<> u<485> t<Initial_construct> p<486> c<484> l<76:3> el<83:6>
                n<> u<484> t<Statement_or_null> p<485> c<483> l<76:11> el<83:6>
                  n<> u<483> t<Statement> p<484> c<482> l<76:11> el<83:6>
                    n<> u<482> t<Statement_item> p<483> c<481> l<76:11> el<83:6>
                      n<> u<481> t<Seq_block> p<482> c<412> l<76:11> el<83:6>
                        n<> u<412> t<Statement_or_null> p<481> c<411> s<479> l<77:5> el<77:8>
                          n<> u<411> t<Statement> p<412> c<410> l<77:5> el<77:8>
                            n<> u<410> t<Statement_item> p<411> c<409> l<77:5> el<77:8>
                              n<> u<409> t<Procedural_timing_control_statement> p<410> c<407> l<77:5> el<77:8>
                                n<> u<407> t<Procedural_timing_control> p<409> c<406> s<408> l<77:5> el<77:7>
                                  n<> u<406> t<Delay_control> p<407> c<405> l<77:5> el<77:7>
                                    n<#1> u<405> t<POUND_DELAY> p<406> l<77:5> el<77:7>
                                n<> u<408> t<Statement_or_null> p<409> l<77:7> el<77:8>
                        n<> u<479> t<Statement_or_null> p<481> c<478> s<480> l<78:5> el<82:8>
                          n<> u<478> t<Statement> p<479> c<477> l<78:5> el<82:8>
                            n<> u<477> t<Statement_item> p<478> c<476> l<78:5> el<82:8>
                              n<> u<476> t<Conditional_statement> p<477> c<425> l<78:5> el<82:8>
                                n<> u<425> t<Cond_predicate> p<476> c<424> s<475> l<78:9> el<78:23>
                                  n<> u<424> t<Expression_or_cond_pattern> p<425> c<423> l<78:9> el<78:23>
                                    n<> u<423> t<Expression> p<424> c<417> l<78:9> el<78:23>
                                      n<> u<417> t<Expression> p<423> c<416> s<422> l<78:9> el<78:18>
                                        n<> u<416> t<Primary> p<417> c<415> l<78:9> el<78:18>
                                          n<> u<415> t<System_task> p<416> c<414> l<78:9> el<78:18>
                                            n<> u<414> t<System_task_names> p<415> c<413> l<78:9> el<78:18>
                                              n<$realtime> u<413> t<SIMPLE_IDENTIFIER> p<414> l<78:10> el<78:18>
                                      n<> u<422> t<EQUIV> p<423> s<421> l<78:19> el<78:21>
                                      n<> u<421> t<Expression> p<423> c<420> l<78:22> el<78:23>
                                        n<> u<420> t<Primary> p<421> c<419> l<78:22> el<78:23>
                                          n<> u<419> t<Primary_literal> p<420> c<418> l<78:22> el<78:23>
                                            n<0> u<418> t<INTEGRAL_NUMBER> p<419> l<78:22> el<78:23>
                                n<> u<475> t<Statement_or_null> p<476> c<474> l<78:25> el<82:8>
                                  n<> u<474> t<Statement> p<475> c<473> l<78:25> el<82:8>
                                    n<> u<473> t<Statement_item> p<474> c<472> l<78:25> el<82:8>
                                      n<> u<472> t<Seq_block> p<473> c<442> l<78:25> el<82:8>
                                        n<> u<442> t<Statement_or_null> p<472> c<441> s<454> l<79:7> el<79:113>
                                          n<> u<441> t<Statement> p<442> c<440> l<79:7> el<79:113>
                                            n<> u<440> t<Statement_item> p<441> c<439> l<79:7> el<79:113>
                                              n<> u<439> t<Subroutine_call_statement> p<440> c<438> l<79:7> el<79:113>
                                                n<> u<438> t<Subroutine_call> p<439> c<426> l<79:7> el<79:112>
                                                  n<$> u<426> t<DOLLAR> p<438> s<427> l<79:7> el<79:8>
                                                  n<display> u<427> t<SIMPLE_IDENTIFIER> p<438> s<437> l<79:8> el<79:15>
                                                  n<> u<437> t<Argument_list> p<438> c<431> l<79:17> el<79:111>
                                                    n<> u<431> t<Expression> p<437> c<430> s<436> l<79:17> el<79:98>
                                                      n<> u<430> t<Primary> p<431> c<429> l<79:17> el<79:98>
                                                        n<> u<429> t<Primary_literal> p<430> c<428> l<79:17> el<79:98>
                                                          n<"Error: [Unisim %s-1] Simulator resolution is set to a value greater than 1 ps. "> u<428> t<QUOTED_STRING> p<429> l<79:17> el<79:98>
                                                    n<> u<436> t<Argument> p<437> c<435> l<79:100> el<79:111>
                                                      n<> u<435> t<Expression> p<436> c<434> l<79:100> el<79:111>
                                                        n<> u<434> t<Primary> p<435> c<433> l<79:100> el<79:111>
                                                          n<> u<433> t<Primary_literal> p<434> c<432> l<79:100> el<79:111>
                                                            n<MODULE_NAME> u<432> t<SIMPLE_IDENTIFIER> p<433> l<79:100> el<79:111>
                                        n<> u<454> t<Statement_or_null> p<472> c<453> s<470> l<80:7> el<80:88>
                                          n<> u<453> t<Statement> p<454> c<452> l<80:7> el<80:88>
                                            n<> u<452> t<Statement_item> p<453> c<451> l<80:7> el<80:88>
                                              n<> u<451> t<Subroutine_call_statement> p<452> c<450> l<80:7> el<80:88>
                                                n<> u<450> t<Subroutine_call> p<451> c<443> l<80:7> el<80:87>
                                                  n<$> u<443> t<DOLLAR> p<450> s<444> l<80:7> el<80:8>
                                                  n<display> u<444> t<SIMPLE_IDENTIFIER> p<450> s<449> l<80:8> el<80:15>
                                                  n<> u<449> t<Argument_list> p<450> c<448> l<80:17> el<80:86>
                                                    n<> u<448> t<Expression> p<449> c<447> l<80:17> el<80:86>
                                                      n<> u<447> t<Primary> p<448> c<446> l<80:17> el<80:86>
                                                        n<> u<446> t<Primary_literal> p<447> c<445> l<80:17> el<80:86>
                                                          n<"The simulator resolution must be set to 1ps or smaller. Instance %m"> u<445> t<QUOTED_STRING> p<446> l<80:17> el<80:86>
                                        n<> u<470> t<Statement_or_null> p<472> c<469> s<471> l<81:7> el<81:18>
                                          n<> u<469> t<Statement> p<470> c<468> l<81:7> el<81:18>
                                            n<> u<468> t<Statement_item> p<469> c<467> l<81:7> el<81:18>
                                              n<> u<467> t<Procedural_timing_control_statement> p<468> c<457> l<81:7> el<81:18>
                                                n<> u<457> t<Procedural_timing_control> p<467> c<456> s<466> l<81:7> el<81:9>
                                                  n<> u<456> t<Delay_control> p<457> c<455> l<81:7> el<81:9>
                                                    n<#1> u<455> t<POUND_DELAY> p<456> l<81:7> el<81:9>
                                                n<> u<466> t<Statement_or_null> p<467> c<465> l<81:10> el<81:18>
                                                  n<> u<465> t<Statement> p<466> c<464> l<81:10> el<81:18>
                                                    n<> u<464> t<Statement_item> p<465> c<463> l<81:10> el<81:18>
                                                      n<> u<463> t<Subroutine_call_statement> p<464> c<462> l<81:10> el<81:18>
                                                        n<> u<462> t<Subroutine_call> p<463> c<458> l<81:10> el<81:17>
                                                          n<$> u<458> t<DOLLAR> p<462> s<459> l<81:10> el<81:11>
                                                          n<finish> u<459> t<SIMPLE_IDENTIFIER> p<462> s<461> l<81:11> el<81:17>
                                                          n<> u<461> t<Select> p<462> c<460> l<81:17> el<81:17>
                                                            n<> u<460> t<Bit_select> p<461> l<81:17> el<81:17>
                                        n<> u<471> t<END> p<472> l<82:5> el<82:8>
                        n<> u<480> t<END> p<481> l<83:3> el<83:6>
        n<> u<499> t<Non_port_module_item> p<999> c<498> s<510> l<85:3> el<85:18>
          n<> u<498> t<Module_or_generate_item> p<499> c<497> l<85:3> el<85:18>
            n<> u<497> t<Module_common_item> p<498> c<496> l<85:3> el<85:18>
              n<> u<496> t<Module_or_generate_item_declaration> p<497> c<495> l<85:3> el<85:18>
                n<> u<495> t<Package_or_generate_item_declaration> p<496> c<494> l<85:3> el<85:18>
                  n<> u<494> t<Net_declaration> p<495> c<489> l<85:3> el<85:18>
                    n<> u<489> t<WIRE> p<494> s<490> l<85:3> el<85:7>
                    n<> u<490> t<Data_type_or_implicit> p<494> s<493> l<85:8> el<85:8>
                    n<> u<493> t<Net_decl_assignment_list> p<494> c<492> l<85:8> el<85:17>
                      n<> u<492> t<Net_decl_assignment> p<493> c<491> l<85:8> el<85:17>
                        n<OPEN_DRDY> u<491> t<SIMPLE_IDENTIFIER> p<492> l<85:8> el<85:17>
        n<> u<510> t<Non_port_module_item> p<999> c<509> s<521> l<86:3> el<86:20>
          n<> u<509> t<Module_or_generate_item> p<510> c<508> l<86:3> el<86:20>
            n<> u<508> t<Module_common_item> p<509> c<507> l<86:3> el<86:20>
              n<> u<507> t<Module_or_generate_item_declaration> p<508> c<506> l<86:3> el<86:20>
                n<> u<506> t<Package_or_generate_item_declaration> p<507> c<505> l<86:3> el<86:20>
                  n<> u<505> t<Net_declaration> p<506> c<500> l<86:3> el<86:20>
                    n<> u<500> t<WIRE> p<505> s<501> l<86:3> el<86:7>
                    n<> u<501> t<Data_type_or_implicit> p<505> s<504> l<86:8> el<86:8>
                    n<> u<504> t<Net_decl_assignment_list> p<505> c<503> l<86:8> el<86:19>
                      n<> u<503> t<Net_decl_assignment> p<504> c<502> l<86:8> el<86:19>
                        n<OPEN_PSDONE> u<502> t<SIMPLE_IDENTIFIER> p<503> l<86:8> el<86:19>
        n<> u<521> t<Non_port_module_item> p<999> c<520> s<532> l<87:3> el<87:17>
          n<> u<520> t<Module_or_generate_item> p<521> c<519> l<87:3> el<87:17>
            n<> u<519> t<Module_common_item> p<520> c<518> l<87:3> el<87:17>
              n<> u<518> t<Module_or_generate_item_declaration> p<519> c<517> l<87:3> el<87:17>
                n<> u<517> t<Package_or_generate_item_declaration> p<518> c<516> l<87:3> el<87:17>
                  n<> u<516> t<Net_declaration> p<517> c<511> l<87:3> el<87:17>
                    n<> u<511> t<WIRE> p<516> s<512> l<87:3> el<87:7>
                    n<> u<512> t<Data_type_or_implicit> p<516> s<515> l<87:8> el<87:8>
                    n<> u<515> t<Net_decl_assignment_list> p<516> c<514> l<87:8> el<87:16>
                      n<> u<514> t<Net_decl_assignment> p<515> c<513> l<87:8> el<87:16>
                        n<OPEN_FBS> u<513> t<SIMPLE_IDENTIFIER> p<514> l<87:8> el<87:16>
        n<> u<532> t<Non_port_module_item> p<999> c<531> s<553> l<88:3> el<88:17>
          n<> u<531> t<Module_or_generate_item> p<532> c<530> l<88:3> el<88:17>
            n<> u<530> t<Module_common_item> p<531> c<529> l<88:3> el<88:17>
              n<> u<529> t<Module_or_generate_item_declaration> p<530> c<528> l<88:3> el<88:17>
                n<> u<528> t<Package_or_generate_item_declaration> p<529> c<527> l<88:3> el<88:17>
                  n<> u<527> t<Net_declaration> p<528> c<522> l<88:3> el<88:17>
                    n<> u<522> t<WIRE> p<527> s<523> l<88:3> el<88:7>
                    n<> u<523> t<Data_type_or_implicit> p<527> s<526> l<88:8> el<88:8>
                    n<> u<526> t<Net_decl_assignment_list> p<527> c<525> l<88:8> el<88:16>
                      n<> u<525> t<Net_decl_assignment> p<526> c<524> l<88:8> el<88:16>
                        n<OPEN_INS> u<524> t<SIMPLE_IDENTIFIER> p<525> l<88:8> el<88:16>
        n<> u<553> t<Non_port_module_item> p<999> c<552> s<851> l<89:3> el<89:23>
          n<> u<552> t<Module_or_generate_item> p<553> c<551> l<89:3> el<89:23>
            n<> u<551> t<Module_common_item> p<552> c<550> l<89:3> el<89:23>
              n<> u<550> t<Module_or_generate_item_declaration> p<551> c<549> l<89:3> el<89:23>
                n<> u<549> t<Package_or_generate_item_declaration> p<550> c<548> l<89:3> el<89:23>
                  n<> u<548> t<Net_declaration> p<549> c<533> l<89:3> el<89:23>
                    n<> u<533> t<WIRE> p<548> s<544> l<89:3> el<89:7>
                    n<> u<544> t<Data_type_or_implicit> p<548> c<543> s<547> l<89:8> el<89:14>
                      n<> u<543> t<Packed_dimension> p<544> c<542> l<89:8> el<89:14>
                        n<> u<542> t<Constant_range> p<543> c<537> l<89:9> el<89:13>
                          n<> u<537> t<Constant_expression> p<542> c<536> s<541> l<89:9> el<89:11>
                            n<> u<536> t<Constant_primary> p<537> c<535> l<89:9> el<89:11>
                              n<> u<535> t<Primary_literal> p<536> c<534> l<89:9> el<89:11>
                                n<15> u<534> t<INTEGRAL_NUMBER> p<535> l<89:9> el<89:11>
                          n<> u<541> t<Constant_expression> p<542> c<540> l<89:12> el<89:13>
                            n<> u<540> t<Constant_primary> p<541> c<539> l<89:12> el<89:13>
                              n<> u<539> t<Primary_literal> p<540> c<538> l<89:12> el<89:13>
                                n<0> u<538> t<INTEGRAL_NUMBER> p<539> l<89:12> el<89:13>
                    n<> u<547> t<Net_decl_assignment_list> p<548> c<546> l<89:15> el<89:22>
                      n<> u<546> t<Net_decl_assignment> p<547> c<545> l<89:15> el<89:22>
                        n<OPEN_DO> u<545> t<SIMPLE_IDENTIFIER> p<546> l<89:15> el<89:22>
        n<> u<851> t<Non_port_module_item> p<999> c<850> s<997> l<91:3> el<129:7>
          n<> u<850> t<Module_or_generate_item> p<851> c<849> l<91:3> el<129:7>
            n<> u<849> t<Unsupported_instantiation> p<850> c<554> l<91:3> el<129:7>
              n<PLLE3_ADV> u<554> t<SIMPLE_IDENTIFIER> p<849> s<692> l<91:3> el<91:12>
              n<> u<692> t<Parameter_value_assignment> p<849> c<691> s<848> l<91:13> el<109:8>
                n<> u<691> t<Parameter_assignment_list> p<692> c<562> l<92:8> el<108:35>
                  n<> u<562> t<Named_parameter_assignment> p<691> c<555> s<570> l<92:8> el<92:37>
                    n<CLKFBOUT_MULT> u<555> t<SIMPLE_IDENTIFIER> p<562> s<561> l<92:9> el<92:22>
                    n<> u<561> t<Param_expression> p<562> c<560> l<92:23> el<92:36>
                      n<> u<560> t<Mintypmax_expression> p<561> c<559> l<92:23> el<92:36>
                        n<> u<559> t<Expression> p<560> c<558> l<92:23> el<92:36>
                          n<> u<558> t<Primary> p<559> c<557> l<92:23> el<92:36>
                            n<> u<557> t<Primary_literal> p<558> c<556> l<92:23> el<92:36>
                              n<CLKFBOUT_MULT> u<556> t<SIMPLE_IDENTIFIER> p<557> l<92:23> el<92:36>
                  n<> u<570> t<Named_parameter_assignment> p<691> c<563> s<578> l<93:8> el<93:39>
                    n<CLKFBOUT_PHASE> u<563> t<SIMPLE_IDENTIFIER> p<570> s<569> l<93:9> el<93:23>
                    n<> u<569> t<Param_expression> p<570> c<568> l<93:24> el<93:38>
                      n<> u<568> t<Mintypmax_expression> p<569> c<567> l<93:24> el<93:38>
                        n<> u<567> t<Expression> p<568> c<566> l<93:24> el<93:38>
                          n<> u<566> t<Primary> p<567> c<565> l<93:24> el<93:38>
                            n<> u<565> t<Primary_literal> p<566> c<564> l<93:24> el<93:38>
                              n<CLKFBOUT_PHASE> u<564> t<SIMPLE_IDENTIFIER> p<565> l<93:24> el<93:38>
                  n<> u<578> t<Named_parameter_assignment> p<691> c<571> s<586> l<94:8> el<94:35>
                    n<CLKIN_PERIOD> u<571> t<SIMPLE_IDENTIFIER> p<578> s<577> l<94:9> el<94:21>
                    n<> u<577> t<Param_expression> p<578> c<576> l<94:22> el<94:34>
                      n<> u<576> t<Mintypmax_expression> p<577> c<575> l<94:22> el<94:34>
                        n<> u<575> t<Expression> p<576> c<574> l<94:22> el<94:34>
                          n<> u<574> t<Primary> p<575> c<573> l<94:22> el<94:34>
                            n<> u<573> t<Primary_literal> p<574> c<572> l<94:22> el<94:34>
                              n<CLKIN_PERIOD> u<572> t<SIMPLE_IDENTIFIER> p<573> l<94:22> el<94:34>
                  n<> u<586> t<Named_parameter_assignment> p<691> c<579> s<594> l<95:8> el<95:39>
                    n<CLKOUT0_DIVIDE> u<579> t<SIMPLE_IDENTIFIER> p<586> s<585> l<95:9> el<95:23>
                    n<> u<585> t<Param_expression> p<586> c<584> l<95:24> el<95:38>
                      n<> u<584> t<Mintypmax_expression> p<585> c<583> l<95:24> el<95:38>
                        n<> u<583> t<Expression> p<584> c<582> l<95:24> el<95:38>
                          n<> u<582> t<Primary> p<583> c<581> l<95:24> el<95:38>
                            n<> u<581> t<Primary_literal> p<582> c<580> l<95:24> el<95:38>
                              n<CLKOUT0_DIVIDE> u<580> t<SIMPLE_IDENTIFIER> p<581> l<95:24> el<95:38>
                  n<> u<594> t<Named_parameter_assignment> p<691> c<587> s<602> l<96:8> el<96:47>
                    n<CLKOUT0_DUTY_CYCLE> u<587> t<SIMPLE_IDENTIFIER> p<594> s<593> l<96:9> el<96:27>
                    n<> u<593> t<Param_expression> p<594> c<592> l<96:28> el<96:46>
                      n<> u<592> t<Mintypmax_expression> p<593> c<591> l<96:28> el<96:46>
                        n<> u<591> t<Expression> p<592> c<590> l<96:28> el<96:46>
                          n<> u<590> t<Primary> p<591> c<589> l<96:28> el<96:46>
                            n<> u<589> t<Primary_literal> p<590> c<588> l<96:28> el<96:46>
                              n<CLKOUT0_DUTY_CYCLE> u<588> t<SIMPLE_IDENTIFIER> p<589> l<96:28> el<96:46>
                  n<> u<602> t<Named_parameter_assignment> p<691> c<595> s<610> l<97:8> el<97:37>
                    n<CLKOUT0_PHASE> u<595> t<SIMPLE_IDENTIFIER> p<602> s<601> l<97:9> el<97:22>
                    n<> u<601> t<Param_expression> p<602> c<600> l<97:23> el<97:36>
                      n<> u<600> t<Mintypmax_expression> p<601> c<599> l<97:23> el<97:36>
                        n<> u<599> t<Expression> p<600> c<598> l<97:23> el<97:36>
                          n<> u<598> t<Primary> p<599> c<597> l<97:23> el<97:36>
                            n<> u<597> t<Primary_literal> p<598> c<596> l<97:23> el<97:36>
                              n<CLKOUT0_PHASE> u<596> t<SIMPLE_IDENTIFIER> p<597> l<97:23> el<97:36>
                  n<> u<610> t<Named_parameter_assignment> p<691> c<603> s<618> l<98:8> el<98:39>
                    n<CLKOUT1_DIVIDE> u<603> t<SIMPLE_IDENTIFIER> p<610> s<609> l<98:9> el<98:23>
                    n<> u<609> t<Param_expression> p<610> c<608> l<98:24> el<98:38>
                      n<> u<608> t<Mintypmax_expression> p<609> c<607> l<98:24> el<98:38>
                        n<> u<607> t<Expression> p<608> c<606> l<98:24> el<98:38>
                          n<> u<606> t<Primary> p<607> c<605> l<98:24> el<98:38>
                            n<> u<605> t<Primary_literal> p<606> c<604> l<98:24> el<98:38>
                              n<CLKOUT1_DIVIDE> u<604> t<SIMPLE_IDENTIFIER> p<605> l<98:24> el<98:38>
                  n<> u<618> t<Named_parameter_assignment> p<691> c<611> s<626> l<99:8> el<99:47>
                    n<CLKOUT1_DUTY_CYCLE> u<611> t<SIMPLE_IDENTIFIER> p<618> s<617> l<99:9> el<99:27>
                    n<> u<617> t<Param_expression> p<618> c<616> l<99:28> el<99:46>
                      n<> u<616> t<Mintypmax_expression> p<617> c<615> l<99:28> el<99:46>
                        n<> u<615> t<Expression> p<616> c<614> l<99:28> el<99:46>
                          n<> u<614> t<Primary> p<615> c<613> l<99:28> el<99:46>
                            n<> u<613> t<Primary_literal> p<614> c<612> l<99:28> el<99:46>
                              n<CLKOUT1_DUTY_CYCLE> u<612> t<SIMPLE_IDENTIFIER> p<613> l<99:28> el<99:46>
                  n<> u<626> t<Named_parameter_assignment> p<691> c<619> s<634> l<100:8> el<100:37>
                    n<CLKOUT1_PHASE> u<619> t<SIMPLE_IDENTIFIER> p<626> s<625> l<100:9> el<100:22>
                    n<> u<625> t<Param_expression> p<626> c<624> l<100:23> el<100:36>
                      n<> u<624> t<Mintypmax_expression> p<625> c<623> l<100:23> el<100:36>
                        n<> u<623> t<Expression> p<624> c<622> l<100:23> el<100:36>
                          n<> u<622> t<Primary> p<623> c<621> l<100:23> el<100:36>
                            n<> u<621> t<Primary_literal> p<622> c<620> l<100:23> el<100:36>
                              n<CLKOUT1_PHASE> u<620> t<SIMPLE_IDENTIFIER> p<621> l<100:23> el<100:36>
                  n<> u<634> t<Named_parameter_assignment> p<691> c<627> s<642> l<101:8> el<101:39>
                    n<CLKOUTPHY_MODE> u<627> t<SIMPLE_IDENTIFIER> p<634> s<633> l<101:9> el<101:23>
                    n<> u<633> t<Param_expression> p<634> c<632> l<101:24> el<101:38>
                      n<> u<632> t<Mintypmax_expression> p<633> c<631> l<101:24> el<101:38>
                        n<> u<631> t<Expression> p<632> c<630> l<101:24> el<101:38>
                          n<> u<630> t<Primary> p<631> c<629> l<101:24> el<101:38>
                            n<> u<629> t<Primary_literal> p<630> c<628> l<101:24> el<101:38>
                              n<CLKOUTPHY_MODE> u<628> t<SIMPLE_IDENTIFIER> p<629> l<101:24> el<101:38>
                  n<> u<642> t<Named_parameter_assignment> p<691> c<635> s<650> l<102:8> el<102:37>
                    n<DIVCLK_DIVIDE> u<635> t<SIMPLE_IDENTIFIER> p<642> s<641> l<102:9> el<102:22>
                    n<> u<641> t<Param_expression> p<642> c<640> l<102:23> el<102:36>
                      n<> u<640> t<Mintypmax_expression> p<641> c<639> l<102:23> el<102:36>
                        n<> u<639> t<Expression> p<640> c<638> l<102:23> el<102:36>
                          n<> u<638> t<Primary> p<639> c<637> l<102:23> el<102:36>
                            n<> u<637> t<Primary_literal> p<638> c<636> l<102:23> el<102:36>
                              n<DIVCLK_DIVIDE> u<636> t<SIMPLE_IDENTIFIER> p<637> l<102:23> el<102:36>
                  n<> u<650> t<Named_parameter_assignment> p<691> c<643> s<658> l<103:8> el<103:49>
                    n<IS_CLKFBIN_INVERTED> u<643> t<SIMPLE_IDENTIFIER> p<650> s<649> l<103:9> el<103:28>
                    n<> u<649> t<Param_expression> p<650> c<648> l<103:29> el<103:48>
                      n<> u<648> t<Mintypmax_expression> p<649> c<647> l<103:29> el<103:48>
                        n<> u<647> t<Expression> p<648> c<646> l<103:29> el<103:48>
                          n<> u<646> t<Primary> p<647> c<645> l<103:29> el<103:48>
                            n<> u<645> t<Primary_literal> p<646> c<644> l<103:29> el<103:48>
                              n<IS_CLKFBIN_INVERTED> u<644> t<SIMPLE_IDENTIFIER> p<645> l<103:29> el<103:48>
                  n<> u<658> t<Named_parameter_assignment> p<691> c<651> s<666> l<104:8> el<104:45>
                    n<IS_CLKIN_INVERTED> u<651> t<SIMPLE_IDENTIFIER> p<658> s<657> l<104:9> el<104:26>
                    n<> u<657> t<Param_expression> p<658> c<656> l<104:27> el<104:44>
                      n<> u<656> t<Mintypmax_expression> p<657> c<655> l<104:27> el<104:44>
                        n<> u<655> t<Expression> p<656> c<654> l<104:27> el<104:44>
                          n<> u<654> t<Primary> p<655> c<653> l<104:27> el<104:44>
                            n<> u<653> t<Primary_literal> p<654> c<652> l<104:27> el<104:44>
                              n<IS_CLKIN_INVERTED> u<652> t<SIMPLE_IDENTIFIER> p<653> l<104:27> el<104:44>
                  n<> u<666> t<Named_parameter_assignment> p<691> c<659> s<674> l<105:8> el<105:47>
                    n<IS_PWRDWN_INVERTED> u<659> t<SIMPLE_IDENTIFIER> p<666> s<665> l<105:9> el<105:27>
                    n<> u<665> t<Param_expression> p<666> c<664> l<105:28> el<105:46>
                      n<> u<664> t<Mintypmax_expression> p<665> c<663> l<105:28> el<105:46>
                        n<> u<663> t<Expression> p<664> c<662> l<105:28> el<105:46>
                          n<> u<662> t<Primary> p<663> c<661> l<105:28> el<105:46>
                            n<> u<661> t<Primary_literal> p<662> c<660> l<105:28> el<105:46>
                              n<IS_PWRDWN_INVERTED> u<660> t<SIMPLE_IDENTIFIER> p<661> l<105:28> el<105:46>
                  n<> u<674> t<Named_parameter_assignment> p<691> c<667> s<682> l<106:8> el<106:41>
                    n<IS_RST_INVERTED> u<667> t<SIMPLE_IDENTIFIER> p<674> s<673> l<106:9> el<106:24>
                    n<> u<673> t<Param_expression> p<674> c<672> l<106:25> el<106:40>
                      n<> u<672> t<Mintypmax_expression> p<673> c<671> l<106:25> el<106:40>
                        n<> u<671> t<Expression> p<672> c<670> l<106:25> el<106:40>
                          n<> u<670> t<Primary> p<671> c<669> l<106:25> el<106:40>
                            n<> u<669> t<Primary_literal> p<670> c<668> l<106:25> el<106:40>
                              n<IS_RST_INVERTED> u<668> t<SIMPLE_IDENTIFIER> p<669> l<106:25> el<106:40>
                  n<> u<682> t<Named_parameter_assignment> p<691> c<675> s<690> l<107:8> el<107:31>
                    n<REF_JITTER> u<675> t<SIMPLE_IDENTIFIER> p<682> s<681> l<107:9> el<107:19>
                    n<> u<681> t<Param_expression> p<682> c<680> l<107:20> el<107:30>
                      n<> u<680> t<Mintypmax_expression> p<681> c<679> l<107:20> el<107:30>
                        n<> u<679> t<Expression> p<680> c<678> l<107:20> el<107:30>
                          n<> u<678> t<Primary> p<679> c<677> l<107:20> el<107:30>
                            n<> u<677> t<Primary_literal> p<678> c<676> l<107:20> el<107:30>
                              n<REF_JITTER> u<676> t<SIMPLE_IDENTIFIER> p<677> l<107:20> el<107:30>
                  n<> u<690> t<Named_parameter_assignment> p<691> c<683> l<108:8> el<108:35>
                    n<STARTUP_WAIT> u<683> t<SIMPLE_IDENTIFIER> p<690> s<689> l<108:9> el<108:21>
                    n<> u<689> t<Param_expression> p<690> c<688> l<108:22> el<108:34>
                      n<> u<688> t<Mintypmax_expression> p<689> c<687> l<108:22> el<108:34>
                        n<> u<687> t<Expression> p<688> c<686> l<108:22> el<108:34>
                          n<> u<686> t<Primary> p<687> c<685> l<108:22> el<108:34>
                            n<> u<685> t<Primary_literal> p<686> c<684> l<108:22> el<108:34>
                              n<STARTUP_WAIT> u<684> t<SIMPLE_IDENTIFIER> p<685> l<108:22> el<108:34>
              n<> u<848> t<Hierarchical_instance> p<849> c<694> l<109:9> el<129:6>
                n<> u<694> t<Name_of_instance> p<848> c<693> s<847> l<109:9> el<109:18>
                  n<pll_adv_1> u<693> t<SIMPLE_IDENTIFIER> p<694> l<109:9> el<109:18>
                n<> u<847> t<Port_connection_list> p<848> c<702> l<110:8> el<128:18>
                  n<> u<702> t<Named_port_connection> p<847> c<695> s<710> l<110:8> el<110:28>
                    n<CLKFBOUT> u<695> t<SIMPLE_IDENTIFIER> p<702> s<700> l<110:9> el<110:17>
                    n<> u<700> t<OPEN_PARENS> p<702> s<699> l<110:18> el<110:19>
                    n<> u<699> t<Expression> p<702> c<698> s<701> l<110:19> el<110:27>
                      n<> u<698> t<Primary> p<699> c<697> l<110:19> el<110:27>
                        n<> u<697> t<Primary_literal> p<698> c<696> l<110:19> el<110:27>
                          n<CLKFBOUT> u<696> t<SIMPLE_IDENTIFIER> p<697> l<110:19> el<110:27>
                    n<> u<701> t<CLOSE_PARENS> p<702> l<110:27> el<110:28>
                  n<> u<710> t<Named_port_connection> p<847> c<703> s<718> l<111:8> el<111:26>
                    n<CLKOUT0> u<703> t<SIMPLE_IDENTIFIER> p<710> s<708> l<111:9> el<111:16>
                    n<> u<708> t<OPEN_PARENS> p<710> s<707> l<111:17> el<111:18>
                    n<> u<707> t<Expression> p<710> c<706> s<709> l<111:18> el<111:25>
                      n<> u<706> t<Primary> p<707> c<705> l<111:18> el<111:25>
                        n<> u<705> t<Primary_literal> p<706> c<704> l<111:18> el<111:25>
                          n<CLKOUT0> u<704> t<SIMPLE_IDENTIFIER> p<705> l<111:18> el<111:25>
                    n<> u<709> t<CLOSE_PARENS> p<710> l<111:25> el<111:26>
                  n<> u<718> t<Named_port_connection> p<847> c<711> s<726> l<112:8> el<112:28>
                    n<CLKOUT0B> u<711> t<SIMPLE_IDENTIFIER> p<718> s<716> l<112:9> el<112:17>
                    n<> u<716> t<OPEN_PARENS> p<718> s<715> l<112:18> el<112:19>
                    n<> u<715> t<Expression> p<718> c<714> s<717> l<112:19> el<112:27>
                      n<> u<714> t<Primary> p<715> c<713> l<112:19> el<112:27>
                        n<> u<713> t<Primary_literal> p<714> c<712> l<112:19> el<112:27>
                          n<CLKOUT0B> u<712> t<SIMPLE_IDENTIFIER> p<713> l<112:19> el<112:27>
                    n<> u<717> t<CLOSE_PARENS> p<718> l<112:27> el<112:28>
                  n<> u<726> t<Named_port_connection> p<847> c<719> s<734> l<113:8> el<113:26>
                    n<CLKOUT1> u<719> t<SIMPLE_IDENTIFIER> p<726> s<724> l<113:9> el<113:16>
                    n<> u<724> t<OPEN_PARENS> p<726> s<723> l<113:17> el<113:18>
                    n<> u<723> t<Expression> p<726> c<722> s<725> l<113:18> el<113:25>
                      n<> u<722> t<Primary> p<723> c<721> l<113:18> el<113:25>
                        n<> u<721> t<Primary_literal> p<722> c<720> l<113:18> el<113:25>
                          n<CLKOUT1> u<720> t<SIMPLE_IDENTIFIER> p<721> l<113:18> el<113:25>
                    n<> u<725> t<CLOSE_PARENS> p<726> l<113:25> el<113:26>
                  n<> u<734> t<Named_port_connection> p<847> c<727> s<742> l<114:8> el<114:28>
                    n<CLKOUT1B> u<727> t<SIMPLE_IDENTIFIER> p<734> s<732> l<114:9> el<114:17>
                    n<> u<732> t<OPEN_PARENS> p<734> s<731> l<114:18> el<114:19>
                    n<> u<731> t<Expression> p<734> c<730> s<733> l<114:19> el<114:27>
                      n<> u<730> t<Primary> p<731> c<729> l<114:19> el<114:27>
                        n<> u<729> t<Primary_literal> p<730> c<728> l<114:19> el<114:27>
                          n<CLKOUT1B> u<728> t<SIMPLE_IDENTIFIER> p<729> l<114:19> el<114:27>
                    n<> u<733> t<CLOSE_PARENS> p<734> l<114:27> el<114:28>
                  n<> u<742> t<Named_port_connection> p<847> c<735> s<750> l<115:8> el<115:30>
                    n<CLKOUTPHY> u<735> t<SIMPLE_IDENTIFIER> p<742> s<740> l<115:9> el<115:18>
                    n<> u<740> t<OPEN_PARENS> p<742> s<739> l<115:19> el<115:20>
                    n<> u<739> t<Expression> p<742> c<738> s<741> l<115:20> el<115:29>
                      n<> u<738> t<Primary> p<739> c<737> l<115:20> el<115:29>
                        n<> u<737> t<Primary_literal> p<738> c<736> l<115:20> el<115:29>
                          n<CLKOUTPHY> u<736> t<SIMPLE_IDENTIFIER> p<737> l<115:20> el<115:29>
                    n<> u<741> t<CLOSE_PARENS> p<742> l<115:29> el<115:30>
                  n<> u<750> t<Named_port_connection> p<847> c<743> s<758> l<116:8> el<116:34>
                    n<CLKOUTPHYEN> u<743> t<SIMPLE_IDENTIFIER> p<750> s<748> l<116:9> el<116:20>
                    n<> u<748> t<OPEN_PARENS> p<750> s<747> l<116:21> el<116:22>
                    n<> u<747> t<Expression> p<750> c<746> s<749> l<116:22> el<116:33>
                      n<> u<746> t<Primary> p<747> c<745> l<116:22> el<116:33>
                        n<> u<745> t<Primary_literal> p<746> c<744> l<116:22> el<116:33>
                          n<CLKOUTPHYEN> u<744> t<SIMPLE_IDENTIFIER> p<745> l<116:22> el<116:33>
                    n<> u<749> t<CLOSE_PARENS> p<750> l<116:33> el<116:34>
                  n<> u<758> t<Named_port_connection> p<847> c<751> s<766> l<117:8> el<117:21>
                    n<DO> u<751> t<SIMPLE_IDENTIFIER> p<758> s<756> l<117:9> el<117:11>
                    n<> u<756> t<OPEN_PARENS> p<758> s<755> l<117:12> el<117:13>
                    n<> u<755> t<Expression> p<758> c<754> s<757> l<117:13> el<117:20>
                      n<> u<754> t<Primary> p<755> c<753> l<117:13> el<117:20>
                        n<> u<753> t<Primary_literal> p<754> c<752> l<117:13> el<117:20>
                          n<OPEN_DO> u<752> t<SIMPLE_IDENTIFIER> p<753> l<117:13> el<117:20>
                    n<> u<757> t<CLOSE_PARENS> p<758> l<117:20> el<117:21>
                  n<> u<766> t<Named_port_connection> p<847> c<759> s<774> l<118:8> el<118:25>
                    n<DRDY> u<759> t<SIMPLE_IDENTIFIER> p<766> s<764> l<118:9> el<118:13>
                    n<> u<764> t<OPEN_PARENS> p<766> s<763> l<118:14> el<118:15>
                    n<> u<763> t<Expression> p<766> c<762> s<765> l<118:15> el<118:24>
                      n<> u<762> t<Primary> p<763> c<761> l<118:15> el<118:24>
                        n<> u<761> t<Primary_literal> p<762> c<760> l<118:15> el<118:24>
                          n<OPEN_DRDY> u<760> t<SIMPLE_IDENTIFIER> p<761> l<118:15> el<118:24>
                    n<> u<765> t<CLOSE_PARENS> p<766> l<118:24> el<118:25>
                  n<> u<774> t<Named_port_connection> p<847> c<767> s<782> l<119:8> el<119:24>
                    n<LOCKED> u<767> t<SIMPLE_IDENTIFIER> p<774> s<772> l<119:9> el<119:15>
                    n<> u<772> t<OPEN_PARENS> p<774> s<771> l<119:16> el<119:17>
                    n<> u<771> t<Expression> p<774> c<770> s<773> l<119:17> el<119:23>
                      n<> u<770> t<Primary> p<771> c<769> l<119:17> el<119:23>
                        n<> u<769> t<Primary_literal> p<770> c<768> l<119:17> el<119:23>
                          n<LOCKED> u<768> t<SIMPLE_IDENTIFIER> p<769> l<119:17> el<119:23>
                    n<> u<773> t<CLOSE_PARENS> p<774> l<119:23> el<119:24>
                  n<> u<782> t<Named_port_connection> p<847> c<775> s<790> l<120:8> el<120:26>
                    n<CLKFBIN> u<775> t<SIMPLE_IDENTIFIER> p<782> s<780> l<120:9> el<120:16>
                    n<> u<780> t<OPEN_PARENS> p<782> s<779> l<120:17> el<120:18>
                    n<> u<779> t<Expression> p<782> c<778> s<781> l<120:18> el<120:25>
                      n<> u<778> t<Primary> p<779> c<777> l<120:18> el<120:25>
                        n<> u<777> t<Primary_literal> p<778> c<776> l<120:18> el<120:25>
                          n<CLKFBIN> u<776> t<SIMPLE_IDENTIFIER> p<777> l<120:18> el<120:25>
                    n<> u<781> t<CLOSE_PARENS> p<782> l<120:25> el<120:26>
                  n<> u<790> t<Named_port_connection> p<847> c<783> s<798> l<121:8> el<121:22>
                    n<CLKIN> u<783> t<SIMPLE_IDENTIFIER> p<790> s<788> l<121:9> el<121:14>
                    n<> u<788> t<OPEN_PARENS> p<790> s<787> l<121:15> el<121:16>
                    n<> u<787> t<Expression> p<790> c<786> s<789> l<121:16> el<121:21>
                      n<> u<786> t<Primary> p<787> c<785> l<121:16> el<121:21>
                        n<> u<785> t<Primary_literal> p<786> c<784> l<121:16> el<121:21>
                          n<CLKIN> u<784> t<SIMPLE_IDENTIFIER> p<785> l<121:16> el<121:21>
                    n<> u<789> t<CLOSE_PARENS> p<790> l<121:21> el<121:22>
                  n<> u<798> t<Named_port_connection> p<847> c<791> s<806> l<122:8> el<122:21>
                    n<DADDR> u<791> t<SIMPLE_IDENTIFIER> p<798> s<796> l<122:9> el<122:14>
                    n<> u<796> t<OPEN_PARENS> p<798> s<795> l<122:15> el<122:16>
                    n<> u<795> t<Expression> p<798> c<794> s<797> l<122:16> el<122:20>
                      n<> u<794> t<Primary> p<795> c<793> l<122:16> el<122:20>
                        n<> u<793> t<Primary_literal> p<794> c<792> l<122:16> el<122:20>
                          n<7'b0> u<792> t<INTEGRAL_NUMBER> p<793> l<122:16> el<122:20>
                    n<> u<797> t<CLOSE_PARENS> p<798> l<122:20> el<122:21>
                  n<> u<806> t<Named_port_connection> p<847> c<799> s<814> l<123:8> el<123:20>
                    n<DCLK> u<799> t<SIMPLE_IDENTIFIER> p<806> s<804> l<123:9> el<123:13>
                    n<> u<804> t<OPEN_PARENS> p<806> s<803> l<123:14> el<123:15>
                    n<> u<803> t<Expression> p<806> c<802> s<805> l<123:15> el<123:19>
                      n<> u<802> t<Primary> p<803> c<801> l<123:15> el<123:19>
                        n<> u<801> t<Primary_literal> p<802> c<800> l<123:15> el<123:19>
                          n<> u<800> t<ONE_TICK_b0> p<801> l<123:15> el<123:19>
                    n<> u<805> t<CLOSE_PARENS> p<806> l<123:19> el<123:20>
                  n<> u<814> t<Named_port_connection> p<847> c<807> s<822> l<124:8> el<124:19>
                    n<DEN> u<807> t<SIMPLE_IDENTIFIER> p<814> s<812> l<124:9> el<124:12>
                    n<> u<812> t<OPEN_PARENS> p<814> s<811> l<124:13> el<124:14>
                    n<> u<811> t<Expression> p<814> c<810> s<813> l<124:14> el<124:18>
                      n<> u<810> t<Primary> p<811> c<809> l<124:14> el<124:18>
                        n<> u<809> t<Primary_literal> p<810> c<808> l<124:14> el<124:18>
                          n<> u<808> t<ONE_TICK_b0> p<809> l<124:14> el<124:18>
                    n<> u<813> t<CLOSE_PARENS> p<814> l<124:18> el<124:19>
                  n<> u<822> t<Named_port_connection> p<847> c<815> s<830> l<125:8> el<125:19>
                    n<DI> u<815> t<SIMPLE_IDENTIFIER> p<822> s<820> l<125:9> el<125:11>
                    n<> u<820> t<OPEN_PARENS> p<822> s<819> l<125:12> el<125:13>
                    n<> u<819> t<Expression> p<822> c<818> s<821> l<125:13> el<125:18>
                      n<> u<818> t<Primary> p<819> c<817> l<125:13> el<125:18>
                        n<> u<817> t<Primary_literal> p<818> c<816> l<125:13> el<125:18>
                          n<16'b0> u<816> t<INTEGRAL_NUMBER> p<817> l<125:13> el<125:18>
                    n<> u<821> t<CLOSE_PARENS> p<822> l<125:18> el<125:19>
                  n<> u<830> t<Named_port_connection> p<847> c<823> s<838> l<126:8> el<126:19>
                    n<DWE> u<823> t<SIMPLE_IDENTIFIER> p<830> s<828> l<126:9> el<126:12>
                    n<> u<828> t<OPEN_PARENS> p<830> s<827> l<126:13> el<126:14>
                    n<> u<827> t<Expression> p<830> c<826> s<829> l<126:14> el<126:18>
                      n<> u<826> t<Primary> p<827> c<825> l<126:14> el<126:18>
                        n<> u<825> t<Primary_literal> p<826> c<824> l<126:14> el<126:18>
                          n<> u<824> t<ONE_TICK_b0> p<825> l<126:14> el<126:18>
                    n<> u<829> t<CLOSE_PARENS> p<830> l<126:18> el<126:19>
                  n<> u<838> t<Named_port_connection> p<847> c<831> s<846> l<127:8> el<127:23>
                    n<PWRDWN> u<831> t<SIMPLE_IDENTIFIER> p<838> s<836> l<127:9> el<127:15>
                    n<> u<836> t<OPEN_PARENS> p<838> s<835> l<127:15> el<127:16>
                    n<> u<835> t<Expression> p<838> c<834> s<837> l<127:16> el<127:22>
                      n<> u<834> t<Primary> p<835> c<833> l<127:16> el<127:22>
                        n<> u<833> t<Primary_literal> p<834> c<832> l<127:16> el<127:22>
                          n<PWRDWN> u<832> t<SIMPLE_IDENTIFIER> p<833> l<127:16> el<127:22>
                    n<> u<837> t<CLOSE_PARENS> p<838> l<127:22> el<127:23>
                  n<> u<846> t<Named_port_connection> p<847> c<839> l<128:8> el<128:18>
                    n<RST> u<839> t<SIMPLE_IDENTIFIER> p<846> s<844> l<128:9> el<128:12>
                    n<> u<844> t<OPEN_PARENS> p<846> s<843> l<128:13> el<128:14>
                    n<> u<843> t<Expression> p<846> c<842> s<845> l<128:14> el<128:17>
                      n<> u<842> t<Primary> p<843> c<841> l<128:14> el<128:17>
                        n<> u<841> t<Primary_literal> p<842> c<840> l<128:14> el<128:17>
                          n<RST> u<840> t<SIMPLE_IDENTIFIER> p<841> l<128:14> el<128:17>
                    n<> u<845> t<CLOSE_PARENS> p<846> l<128:17> el<128:18>
        n<> u<997> t<Non_port_module_item> p<999> c<996> s<998> l<135:3> el<164:13>
          n<> u<996> t<Specify_block> p<997> c<892> l<135:3> el<164:13>
            n<> u<892> t<Specify_item> p<996> c<891> s<938> l<136:5> el<136:50>
              n<> u<891> t<Path_declaration> p<892> c<890> l<136:5> el<136:50>
                n<> u<890> t<Simple_path_declaration> p<891> c<854> l<136:5> el<136:49>
                  n<> u<854> t<Path_input_list> p<890> c<853> s<857> l<136:6> el<136:9>
                    n<> u<853> t<Specify_input_terminal_descriptor> p<854> c<852> l<136:6> el<136:9>
                      n<RST> u<852> t<SIMPLE_IDENTIFIER> p<853> l<136:6> el<136:9>
                  n<> u<857> t<Path_output_list> p<890> c<856> s<889> l<136:13> el<136:19>
                    n<> u<856> t<Specify_output_terminal_descriptor> p<857> c<855> l<136:13> el<136:19>
                      n<LOCKED> u<855> t<SIMPLE_IDENTIFIER> p<856> l<136:13> el<136:19>
                  n<> u<889> t<Path_delay_value> p<890> c<888> l<136:23> el<136:49>
                    n<> u<888> t<Path_delay_expression_list> p<889> c<872> l<136:24> el<136:48>
                      n<> u<872> t<Trise_path_delay_expression> p<888> c<871> s<887> l<136:24> el<136:35>
                        n<> u<871> t<Path_delay_expression> p<872> c<870> l<136:24> el<136:35>
                          n<> u<870> t<Constant_mintypmax_expression> p<871> c<861> l<136:24> el<136:35>
                            n<> u<861> t<Constant_expression> p<870> c<860> s<865> l<136:24> el<136:27>
                              n<> u<860> t<Constant_primary> p<861> c<859> l<136:24> el<136:27>
                                n<> u<859> t<Primary_literal> p<860> c<858> l<136:24> el<136:27>
                                  n<100> u<858> t<INTEGRAL_NUMBER> p<859> l<136:24> el<136:27>
                            n<> u<865> t<Constant_expression> p<870> c<864> s<869> l<136:28> el<136:31>
                              n<> u<864> t<Constant_primary> p<865> c<863> l<136:28> el<136:31>
                                n<> u<863> t<Primary_literal> p<864> c<862> l<136:28> el<136:31>
                                  n<100> u<862> t<INTEGRAL_NUMBER> p<863> l<136:28> el<136:31>
                            n<> u<869> t<Constant_expression> p<870> c<868> l<136:32> el<136:35>
                              n<> u<868> t<Constant_primary> p<869> c<867> l<136:32> el<136:35>
                                n<> u<867> t<Primary_literal> p<868> c<866> l<136:32> el<136:35>
                                  n<100> u<866> t<INTEGRAL_NUMBER> p<867> l<136:32> el<136:35>
                      n<> u<887> t<Tfall_path_delay_expression> p<888> c<886> l<136:37> el<136:48>
                        n<> u<886> t<Path_delay_expression> p<887> c<885> l<136:37> el<136:48>
                          n<> u<885> t<Constant_mintypmax_expression> p<886> c<876> l<136:37> el<136:48>
                            n<> u<876> t<Constant_expression> p<885> c<875> s<880> l<136:37> el<136:40>
                              n<> u<875> t<Constant_primary> p<876> c<874> l<136:37> el<136:40>
                                n<> u<874> t<Primary_literal> p<875> c<873> l<136:37> el<136:40>
                                  n<100> u<873> t<INTEGRAL_NUMBER> p<874> l<136:37> el<136:40>
                            n<> u<880> t<Constant_expression> p<885> c<879> s<884> l<136:41> el<136:44>
                              n<> u<879> t<Constant_primary> p<880> c<878> l<136:41> el<136:44>
                                n<> u<878> t<Primary_literal> p<879> c<877> l<136:41> el<136:44>
                                  n<100> u<877> t<INTEGRAL_NUMBER> p<878> l<136:41> el<136:44>
                            n<> u<884> t<Constant_expression> p<885> c<883> l<136:45> el<136:48>
                              n<> u<883> t<Constant_primary> p<884> c<882> l<136:45> el<136:48>
                                n<> u<882> t<Primary_literal> p<883> c<881> l<136:45> el<136:48>
                                  n<100> u<881> t<INTEGRAL_NUMBER> p<882> l<136:45> el<136:48>
            n<> u<938> t<Specify_item> p<996> c<937> s<984> l<137:5> el<137:65>
              n<> u<937> t<Path_declaration> p<938> c<936> l<137:5> el<137:65>
                n<> u<936> t<Edge_sensitive_path_declaration> p<937> c<903> l<137:5> el<137:64>
                  n<> u<903> t<Parallel_edge_sensitive_path_description> p<936> c<893> s<935> l<137:5> el<137:35>
                    n<> u<893> t<NEGEDGE> p<903> s<895> l<137:6> el<137:13>
                    n<> u<895> t<Specify_input_terminal_descriptor> p<903> c<894> s<897> l<137:14> el<137:17>
                      n<RST> u<894> t<SIMPLE_IDENTIFIER> p<895> l<137:14> el<137:17>
                    n<> u<897> t<Specify_output_terminal_descriptor> p<903> c<896> s<898> l<137:22> el<137:28>
                      n<LOCKED> u<896> t<SIMPLE_IDENTIFIER> p<897> l<137:22> el<137:28>
                    n<> u<898> t<INC_PART_SELECT_OP> p<903> s<902> l<137:29> el<137:31>
                    n<> u<902> t<Expression> p<903> c<901> l<137:32> el<137:33>
                      n<> u<901> t<Primary> p<902> c<900> l<137:32> el<137:33>
                        n<> u<900> t<Primary_literal> p<901> c<899> l<137:32> el<137:33>
                          n<0> u<899> t<INTEGRAL_NUMBER> p<900> l<137:32> el<137:33>
                  n<> u<935> t<Path_delay_value> p<936> c<934> l<137:38> el<137:64>
                    n<> u<934> t<Path_delay_expression_list> p<935> c<918> l<137:39> el<137:63>
                      n<> u<918> t<Trise_path_delay_expression> p<934> c<917> s<933> l<137:39> el<137:50>
                        n<> u<917> t<Path_delay_expression> p<918> c<916> l<137:39> el<137:50>
                          n<> u<916> t<Constant_mintypmax_expression> p<917> c<907> l<137:39> el<137:50>
                            n<> u<907> t<Constant_expression> p<916> c<906> s<911> l<137:39> el<137:42>
                              n<> u<906> t<Constant_primary> p<907> c<905> l<137:39> el<137:42>
                                n<> u<905> t<Primary_literal> p<906> c<904> l<137:39> el<137:42>
                                  n<100> u<904> t<INTEGRAL_NUMBER> p<905> l<137:39> el<137:42>
                            n<> u<911> t<Constant_expression> p<916> c<910> s<915> l<137:43> el<137:46>
                              n<> u<910> t<Constant_primary> p<911> c<909> l<137:43> el<137:46>
                                n<> u<909> t<Primary_literal> p<910> c<908> l<137:43> el<137:46>
                                  n<100> u<908> t<INTEGRAL_NUMBER> p<909> l<137:43> el<137:46>
                            n<> u<915> t<Constant_expression> p<916> c<914> l<137:47> el<137:50>
                              n<> u<914> t<Constant_primary> p<915> c<913> l<137:47> el<137:50>
                                n<> u<913> t<Primary_literal> p<914> c<912> l<137:47> el<137:50>
                                  n<100> u<912> t<INTEGRAL_NUMBER> p<913> l<137:47> el<137:50>
                      n<> u<933> t<Tfall_path_delay_expression> p<934> c<932> l<137:52> el<137:63>
                        n<> u<932> t<Path_delay_expression> p<933> c<931> l<137:52> el<137:63>
                          n<> u<931> t<Constant_mintypmax_expression> p<932> c<922> l<137:52> el<137:63>
                            n<> u<922> t<Constant_expression> p<931> c<921> s<926> l<137:52> el<137:55>
                              n<> u<921> t<Constant_primary> p<922> c<920> l<137:52> el<137:55>
                                n<> u<920> t<Primary_literal> p<921> c<919> l<137:52> el<137:55>
                                  n<100> u<919> t<INTEGRAL_NUMBER> p<920> l<137:52> el<137:55>
                            n<> u<926> t<Constant_expression> p<931> c<925> s<930> l<137:56> el<137:59>
                              n<> u<925> t<Constant_primary> p<926> c<924> l<137:56> el<137:59>
                                n<> u<924> t<Primary_literal> p<925> c<923> l<137:56> el<137:59>
                                  n<100> u<923> t<INTEGRAL_NUMBER> p<924> l<137:56> el<137:59>
                            n<> u<930> t<Constant_expression> p<931> c<929> l<137:60> el<137:63>
                              n<> u<929> t<Constant_primary> p<930> c<928> l<137:60> el<137:63>
                                n<> u<928> t<Primary_literal> p<929> c<927> l<137:60> el<137:63>
                                  n<100> u<927> t<INTEGRAL_NUMBER> p<928> l<137:60> el<137:63>
            n<> u<984> t<Specify_item> p<996> c<983> s<994> l<138:5> el<138:65>
              n<> u<983> t<Path_declaration> p<984> c<982> l<138:5> el<138:65>
                n<> u<982> t<Edge_sensitive_path_declaration> p<983> c<949> l<138:5> el<138:64>
                  n<> u<949> t<Parallel_edge_sensitive_path_description> p<982> c<939> s<981> l<138:5> el<138:35>
                    n<> u<939> t<POSEDGE> p<949> s<941> l<138:6> el<138:13>
                    n<> u<941> t<Specify_input_terminal_descriptor> p<949> c<940> s<943> l<138:14> el<138:17>
                      n<RST> u<940> t<SIMPLE_IDENTIFIER> p<941> l<138:14> el<138:17>
                    n<> u<943> t<Specify_output_terminal_descriptor> p<949> c<942> s<944> l<138:22> el<138:28>
                      n<LOCKED> u<942> t<SIMPLE_IDENTIFIER> p<943> l<138:22> el<138:28>
                    n<> u<944> t<INC_PART_SELECT_OP> p<949> s<948> l<138:29> el<138:31>
                    n<> u<948> t<Expression> p<949> c<947> l<138:32> el<138:33>
                      n<> u<947> t<Primary> p<948> c<946> l<138:32> el<138:33>
                        n<> u<946> t<Primary_literal> p<947> c<945> l<138:32> el<138:33>
                          n<0> u<945> t<INTEGRAL_NUMBER> p<946> l<138:32> el<138:33>
                  n<> u<981> t<Path_delay_value> p<982> c<980> l<138:38> el<138:64>
                    n<> u<980> t<Path_delay_expression_list> p<981> c<964> l<138:39> el<138:63>
                      n<> u<964> t<Trise_path_delay_expression> p<980> c<963> s<979> l<138:39> el<138:50>
                        n<> u<963> t<Path_delay_expression> p<964> c<962> l<138:39> el<138:50>
                          n<> u<962> t<Constant_mintypmax_expression> p<963> c<953> l<138:39> el<138:50>
                            n<> u<953> t<Constant_expression> p<962> c<952> s<957> l<138:39> el<138:42>
                              n<> u<952> t<Constant_primary> p<953> c<951> l<138:39> el<138:42>
                                n<> u<951> t<Primary_literal> p<952> c<950> l<138:39> el<138:42>
                                  n<100> u<950> t<INTEGRAL_NUMBER> p<951> l<138:39> el<138:42>
                            n<> u<957> t<Constant_expression> p<962> c<956> s<961> l<138:43> el<138:46>
                              n<> u<956> t<Constant_primary> p<957> c<955> l<138:43> el<138:46>
                                n<> u<955> t<Primary_literal> p<956> c<954> l<138:43> el<138:46>
                                  n<100> u<954> t<INTEGRAL_NUMBER> p<955> l<138:43> el<138:46>
                            n<> u<961> t<Constant_expression> p<962> c<960> l<138:47> el<138:50>
                              n<> u<960> t<Constant_primary> p<961> c<959> l<138:47> el<138:50>
                                n<> u<959> t<Primary_literal> p<960> c<958> l<138:47> el<138:50>
                                  n<100> u<958> t<INTEGRAL_NUMBER> p<959> l<138:47> el<138:50>
                      n<> u<979> t<Tfall_path_delay_expression> p<980> c<978> l<138:52> el<138:63>
                        n<> u<978> t<Path_delay_expression> p<979> c<977> l<138:52> el<138:63>
                          n<> u<977> t<Constant_mintypmax_expression> p<978> c<968> l<138:52> el<138:63>
                            n<> u<968> t<Constant_expression> p<977> c<967> s<972> l<138:52> el<138:55>
                              n<> u<967> t<Constant_primary> p<968> c<966> l<138:52> el<138:55>
                                n<> u<966> t<Primary_literal> p<967> c<965> l<138:52> el<138:55>
                                  n<100> u<965> t<INTEGRAL_NUMBER> p<966> l<138:52> el<138:55>
                            n<> u<972> t<Constant_expression> p<977> c<971> s<976> l<138:56> el<138:59>
                              n<> u<971> t<Constant_primary> p<972> c<970> l<138:56> el<138:59>
                                n<> u<970> t<Primary_literal> p<971> c<969> l<138:56> el<138:59>
                                  n<100> u<969> t<INTEGRAL_NUMBER> p<970> l<138:56> el<138:59>
                            n<> u<976> t<Constant_expression> p<977> c<975> l<138:60> el<138:63>
                              n<> u<975> t<Constant_primary> p<976> c<974> l<138:60> el<138:63>
                                n<> u<974> t<Primary_literal> p<975> c<973> l<138:60> el<138:63>
                                  n<100> u<973> t<INTEGRAL_NUMBER> p<974> l<138:60> el<138:63>
            n<> u<994> t<Specify_item> p<996> c<993> s<995> l<163:5> el<163:30>
              n<> u<993> t<Specparam_declaration> p<994> c<992> l<163:5> el<163:30>
                n<> u<992> t<Specparam_assignment_list> p<993> c<991> l<163:15> el<163:29>
                  n<> u<991> t<Specparam_assignment> p<992> c<985> l<163:15> el<163:29>
                    n<PATHPULSE$> u<985> t<SIMPLE_IDENTIFIER> p<991> s<990> l<163:15> el<163:25>
                    n<> u<990> t<Constant_mintypmax_expression> p<991> c<989> l<163:28> el<163:29>
                      n<> u<989> t<Constant_expression> p<990> c<988> l<163:28> el<163:29>
                        n<> u<988> t<Constant_primary> p<989> c<987> l<163:28> el<163:29>
                          n<> u<987> t<Primary_literal> p<988> c<986> l<163:28> el<163:29>
                            n<0> u<986> t<INTEGRAL_NUMBER> p<987> l<163:28> el<163:29>
            n<> u<995> t<ENDSPECIFY> p<996> l<164:3> el<164:13>
        n<> u<998> t<ENDMODULE> p<999> l<166:1> el<166:10>
    n<> u<1003> t<Description> p<1004> c<1002> l<168:1> el<168:15>
      n<> u<1002> t<Top_directives> p<1003> c<1001> l<168:1> el<168:15>
        n<> u<1001> t<Endcelldefine_directive> p<1002> l<168:1> el<168:15>
AST_DEBUG_END
[INF:CP0303] $Source01/glbl.v:21:1: Compile module "glbl".
[INF:CP0303] $Source01/unisims/PLLE3_BASE.v:36:1: Compile module "PLLE3_BASE".
[NTE:CP0309] $Source01/unisims/PLLE3_BASE.v:58:10: Implicit port type (wire) for "CLKFBOUT".
[NTE:CP0309] $Source01/unisims/PLLE3_BASE.v:59:10: Implicit port type (wire) for "CLKOUT0".
[NTE:CP0309] $Source01/unisims/PLLE3_BASE.v:60:10: Implicit port type (wire) for "CLKOUT0B".
[NTE:CP0309] $Source01/unisims/PLLE3_BASE.v:61:10: Implicit port type (wire) for "CLKOUT1".
[NTE:CP0309] $Source01/unisims/PLLE3_BASE.v:62:10: Implicit port type (wire) for "CLKOUT1B".
[NTE:CP0309] $Source01/unisims/PLLE3_BASE.v:63:10: Implicit port type (wire) for "CLKOUTPHY".
[NTE:CP0309] $Source01/unisims/PLLE3_BASE.v:64:10: Implicit port type (wire) for "LOCKED".
[INF:CM0029] Using global timescale: "1ns/1ns".
====== HLDB =======
Design name:unnamed:
  vpiName: unnamed
  vpiSourceFile (2 items):
    SourceFile name:glbl.v file:$Source01/glbl.v:
      vpiParent: Design name:unnamed
      vpiName: glbl.v
      vpiPreprocFile: "$Output/lib/work/glbl.v"
      vpiPreprocMacroDefinition (1 items):
        PreprocMacroDefinition name:GLBL start:18:1 end:19:1:
          vpiParent: SourceFile name:glbl.v
          vpiName Identifier name:GLBL start:18:9 end:18:13:
            vpiParent: PreprocMacroDefinition name:GLBL
            vpiName: GLBL
          vpiPMDType: define (1)
      vpiTimePrecision: -12
      vpiTimeUnit: -12
    SourceFile name:PLLE3_BASE.v file:$Source01/unisims/PLLE3_BASE.v:
      vpiParent: Design name:unnamed
      vpiName: PLLE3_BASE.v
      vpiPreprocFile: "$Output/lib/work/unisims/PLLE3_BASE.v"
      vpiTimePrecision: -12
      vpiTimeUnit: -12
  vpiAllModules (2 items):
    Module name:glbl file:$Source01/glbl.v start:21:1 end:98:10:
      vpiParent: Design name:unnamed
      vpiName Identifier name:glbl start:21:8 end:21:12:
        vpiParent: Module name:glbl
        vpiName: glbl
      vpiFullName: glbl
      vpiVariable (17 items):
        Variable name:GSR_int start:43:9 end:43:16:
          vpiParent: Module name:glbl
          vpiTypespec RefTypespec start:43:5 end:43:8:
            vpiParent: Variable name:GSR_int
            vpiFullName: glbl.GSR_int
            vpiActual: LogicTypespec
          vpiName: GSR_int
          vpiFullName: glbl.GSR_int
          vpiScalar: true
        Variable name:GTS_int start:44:9 end:44:16:
          vpiParent: Module name:glbl
          vpiTypespec RefTypespec start:44:5 end:44:8:
            vpiParent: Variable name:GTS_int
            vpiFullName: glbl.GTS_int
            vpiActual: LogicTypespec
          vpiName: GTS_int
          vpiFullName: glbl.GTS_int
          vpiScalar: true
        Variable name:PRLD_int start:45:9 end:45:17:
          vpiParent: Module name:glbl
          vpiTypespec RefTypespec start:45:5 end:45:8:
            vpiParent: Variable name:PRLD_int
            vpiFullName: glbl.PRLD_int
            vpiActual: LogicTypespec
          vpiName: PRLD_int
          vpiFullName: glbl.PRLD_int
          vpiScalar: true
        Variable name:GRESTORE_int start:46:9 end:46:21:
          vpiParent: Module name:glbl
          vpiTypespec RefTypespec start:46:5 end:46:8:
            vpiParent: Variable name:GRESTORE_int
            vpiFullName: glbl.GRESTORE_int
            vpiActual: LogicTypespec
          vpiName: GRESTORE_int
          vpiFullName: glbl.GRESTORE_int
          vpiScalar: true
        Variable name:JTAG_CAPTURE_GLBL start:55:9 end:55:26:
          vpiParent: Module name:glbl
          vpiTypespec RefTypespec start:55:5 end:55:8:
            vpiParent: Variable name:JTAG_CAPTURE_GLBL
            vpiFullName: glbl.JTAG_CAPTURE_GLBL
            vpiActual: LogicTypespec
          vpiName: JTAG_CAPTURE_GLBL
          vpiFullName: glbl.JTAG_CAPTURE_GLBL
          vpiScalar: true
        Variable name:JTAG_RESET_GLBL start:56:9 end:56:24:
          vpiParent: Module name:glbl
          vpiTypespec RefTypespec start:56:5 end:56:8:
            vpiParent: Variable name:JTAG_RESET_GLBL
            vpiFullName: glbl.JTAG_RESET_GLBL
            vpiActual: LogicTypespec
          vpiName: JTAG_RESET_GLBL
          vpiFullName: glbl.JTAG_RESET_GLBL
          vpiScalar: true
        Variable name:JTAG_SHIFT_GLBL start:57:9 end:57:24:
          vpiParent: Module name:glbl
          vpiTypespec RefTypespec start:57:5 end:57:8:
            vpiParent: Variable name:JTAG_SHIFT_GLBL
            vpiFullName: glbl.JTAG_SHIFT_GLBL
            vpiActual: LogicTypespec
          vpiName: JTAG_SHIFT_GLBL
          vpiFullName: glbl.JTAG_SHIFT_GLBL
          vpiScalar: true
        Variable name:JTAG_UPDATE_GLBL start:58:9 end:58:25:
          vpiParent: Module name:glbl
          vpiTypespec RefTypespec start:58:5 end:58:8:
            vpiParent: Variable name:JTAG_UPDATE_GLBL
            vpiFullName: glbl.JTAG_UPDATE_GLBL
            vpiActual: LogicTypespec
          vpiName: JTAG_UPDATE_GLBL
          vpiFullName: glbl.JTAG_UPDATE_GLBL
          vpiScalar: true
        Variable name:JTAG_RUNTEST_GLBL start:59:9 end:59:26:
          vpiParent: Module name:glbl
          vpiTypespec RefTypespec start:59:5 end:59:8:
            vpiParent: Variable name:JTAG_RUNTEST_GLBL
            vpiFullName: glbl.JTAG_RUNTEST_GLBL
            vpiActual: LogicTypespec
          vpiName: JTAG_RUNTEST_GLBL
          vpiFullName: glbl.JTAG_RUNTEST_GLBL
          vpiScalar: true
        Variable name:JTAG_SEL1_GLBL start:61:9 end:61:23:
          vpiParent: Module name:glbl
          vpiTypespec RefTypespec start:61:5 end:61:8:
            vpiParent: Variable name:JTAG_SEL1_GLBL
            vpiFullName: glbl.JTAG_SEL1_GLBL
            vpiActual: LogicTypespec
          vpiName: JTAG_SEL1_GLBL
          vpiFullName: glbl.JTAG_SEL1_GLBL
          vpiScalar: true
          vpiValue Constant start:61:26 end:61:27:
            vpiParent: Variable name:JTAG_SEL1_GLBL
            vpiTypespec RefTypespec:
              vpiParent: Constant
              vpiFullName: glbl.JTAG_SEL1_GLBL
              vpiActual: IntTypespec
            vpiConstType: unsigned int (9)
            vpiSize: 64
            vpiDecompile: "0"
            vpiValue: 0
        Variable name:JTAG_SEL2_GLBL start:62:9 end:62:23:
          vpiParent: Module name:glbl
          vpiTypespec RefTypespec start:62:5 end:62:8:
            vpiParent: Variable name:JTAG_SEL2_GLBL
            vpiFullName: glbl.JTAG_SEL2_GLBL
            vpiActual: LogicTypespec
          vpiName: JTAG_SEL2_GLBL
          vpiFullName: glbl.JTAG_SEL2_GLBL
          vpiScalar: true
          vpiValue Constant start:62:26 end:62:27:
            vpiParent: Variable name:JTAG_SEL2_GLBL
            vpiTypespec RefTypespec:
              vpiParent: Constant
              vpiFullName: glbl.JTAG_SEL2_GLBL
              vpiActual: IntTypespec
            vpiConstType: unsigned int (9)
            vpiSize: 64
            vpiDecompile: "0"
            vpiValue: 0
        Variable name:JTAG_SEL3_GLBL start:63:9 end:63:23:
          vpiParent: Module name:glbl
          vpiTypespec RefTypespec start:63:5 end:63:8:
            vpiParent: Variable name:JTAG_SEL3_GLBL
            vpiFullName: glbl.JTAG_SEL3_GLBL
            vpiActual: LogicTypespec
          vpiName: JTAG_SEL3_GLBL
          vpiFullName: glbl.JTAG_SEL3_GLBL
          vpiScalar: true
          vpiValue Constant start:63:26 end:63:27:
            vpiParent: Variable name:JTAG_SEL3_GLBL
            vpiTypespec RefTypespec:
              vpiParent: Constant
              vpiFullName: glbl.JTAG_SEL3_GLBL
              vpiActual: IntTypespec
            vpiConstType: unsigned int (9)
            vpiSize: 64
            vpiDecompile: "0"
            vpiValue: 0
        Variable name:JTAG_SEL4_GLBL start:64:9 end:64:23:
          vpiParent: Module name:glbl
          vpiTypespec RefTypespec start:64:5 end:64:8:
            vpiParent: Variable name:JTAG_SEL4_GLBL
            vpiFullName: glbl.JTAG_SEL4_GLBL
            vpiActual: LogicTypespec
          vpiName: JTAG_SEL4_GLBL
          vpiFullName: glbl.JTAG_SEL4_GLBL
          vpiScalar: true
          vpiValue Constant start:64:26 end:64:27:
            vpiParent: Variable name:JTAG_SEL4_GLBL
            vpiTypespec RefTypespec:
              vpiParent: Constant
              vpiFullName: glbl.JTAG_SEL4_GLBL
              vpiActual: IntTypespec
            vpiConstType: unsigned int (9)
            vpiSize: 64
            vpiDecompile: "0"
            vpiValue: 0
        Variable name:JTAG_USER_TDO1_GLBL start:66:9 end:66:28:
          vpiParent: Module name:glbl
          vpiTypespec RefTypespec start:66:5 end:66:8:
            vpiParent: Variable name:JTAG_USER_TDO1_GLBL
            vpiFullName: glbl.JTAG_USER_TDO1_GLBL
            vpiActual: LogicTypespec
          vpiName: JTAG_USER_TDO1_GLBL
          vpiFullName: glbl.JTAG_USER_TDO1_GLBL
          vpiScalar: true
          vpiValue Constant start:66:31 end:66:35:
            vpiParent: Variable name:JTAG_USER_TDO1_GLBL
            vpiTypespec RefTypespec:
              vpiParent: Constant
              vpiFullName: glbl.JTAG_USER_TDO1_GLBL
              vpiActual: LogicTypespec
            vpiConstType: binary (3)
            vpiSize: 1
            vpiDecompile: "1'bz"
            vpiValue: z
        Variable name:JTAG_USER_TDO2_GLBL start:67:9 end:67:28:
          vpiParent: Module name:glbl
          vpiTypespec RefTypespec start:67:5 end:67:8:
            vpiParent: Variable name:JTAG_USER_TDO2_GLBL
            vpiFullName: glbl.JTAG_USER_TDO2_GLBL
            vpiActual: LogicTypespec
          vpiName: JTAG_USER_TDO2_GLBL
          vpiFullName: glbl.JTAG_USER_TDO2_GLBL
          vpiScalar: true
          vpiValue Constant start:67:31 end:67:35:
            vpiParent: Variable name:JTAG_USER_TDO2_GLBL
            vpiTypespec RefTypespec:
              vpiParent: Constant
              vpiFullName: glbl.JTAG_USER_TDO2_GLBL
              vpiActual: LogicTypespec
            vpiConstType: binary (3)
            vpiSize: 1
            vpiDecompile: "1'bz"
            vpiValue: z
        Variable name:JTAG_USER_TDO3_GLBL start:68:9 end:68:28:
          vpiParent: Module name:glbl
          vpiTypespec RefTypespec start:68:5 end:68:8:
            vpiParent: Variable name:JTAG_USER_TDO3_GLBL
            vpiFullName: glbl.JTAG_USER_TDO3_GLBL
            vpiActual: LogicTypespec
          vpiName: JTAG_USER_TDO3_GLBL
          vpiFullName: glbl.JTAG_USER_TDO3_GLBL
          vpiScalar: true
          vpiValue Constant start:68:31 end:68:35:
            vpiParent: Variable name:JTAG_USER_TDO3_GLBL
            vpiTypespec RefTypespec:
              vpiParent: Constant
              vpiFullName: glbl.JTAG_USER_TDO3_GLBL
              vpiActual: LogicTypespec
            vpiConstType: binary (3)
            vpiSize: 1
            vpiDecompile: "1'bz"
            vpiValue: z
        Variable name:JTAG_USER_TDO4_GLBL start:69:9 end:69:28:
          vpiParent: Module name:glbl
          vpiTypespec RefTypespec start:69:5 end:69:8:
            vpiParent: Variable name:JTAG_USER_TDO4_GLBL
            vpiFullName: glbl.JTAG_USER_TDO4_GLBL
            vpiActual: LogicTypespec
          vpiName: JTAG_USER_TDO4_GLBL
          vpiFullName: glbl.JTAG_USER_TDO4_GLBL
          vpiScalar: true
          vpiValue Constant start:69:31 end:69:35:
            vpiParent: Variable name:JTAG_USER_TDO4_GLBL
            vpiTypespec RefTypespec:
              vpiParent: Constant
              vpiFullName: glbl.JTAG_USER_TDO4_GLBL
              vpiActual: LogicTypespec
            vpiConstType: binary (3)
            vpiSize: 1
            vpiDecompile: "1'bz"
            vpiValue: z
      vpiParameter (4 items):
        Parameter name:ROC_WIDTH start:23:15 end:23:24:
          vpiParent: Module name:glbl
          vpiTypespec RefTypespec start:23:15 end:23:15:
            vpiParent: Parameter name:ROC_WIDTH
            vpiFullName: glbl.ROC_WIDTH
            vpiActual: LogicTypespec
          vpiName: ROC_WIDTH
          vpiFullName: glbl.ROC_WIDTH
        Parameter name:TOC_WIDTH start:24:15 end:24:24:
          vpiParent: Module name:glbl
          vpiTypespec RefTypespec start:24:15 end:24:15:
            vpiParent: Parameter name:TOC_WIDTH
            vpiFullName: glbl.TOC_WIDTH
            vpiActual: LogicTypespec
          vpiName: TOC_WIDTH
          vpiFullName: glbl.TOC_WIDTH
        Parameter name:GRES_WIDTH start:25:15 end:25:25:
          vpiParent: Module name:glbl
          vpiTypespec RefTypespec start:25:15 end:25:15:
            vpiParent: Parameter name:GRES_WIDTH
            vpiFullName: glbl.GRES_WIDTH
            vpiActual: LogicTypespec
          vpiName: GRES_WIDTH
          vpiFullName: glbl.GRES_WIDTH
        Parameter name:GRES_START start:26:15 end:26:25:
          vpiParent: Module name:glbl
          vpiTypespec RefTypespec start:26:15 end:26:15:
            vpiParent: Parameter name:GRES_START
            vpiFullName: glbl.GRES_START
            vpiActual: LogicTypespec
          vpiName: GRES_START
          vpiFullName: glbl.GRES_START
      vpiParamAssign (4 items):
        ParamAssign start:23:15 end:23:33:
          vpiParent: Module name:glbl
          vpiLhs RefObj name:ROC_WIDTH start:23:15 end:23:24:
            vpiParent: ParamAssign
            vpiName: ROC_WIDTH
            vpiFullName: glbl.ROC_WIDTH
            vpiActual: Parameter name:ROC_WIDTH
          vpiRhs Constant start:23:27 end:23:33:
            vpiParent: ParamAssign
            vpiTypespec RefTypespec:
              vpiParent: Constant
              vpiFullName: glbl
              vpiActual: IntTypespec
            vpiConstType: unsigned int (9)
            vpiSize: 64
            vpiDecompile: "100000"
            vpiValue: 100000
        ParamAssign start:24:15 end:24:28:
          vpiParent: Module name:glbl
          vpiLhs RefObj name:TOC_WIDTH start:24:15 end:24:24:
            vpiParent: ParamAssign
            vpiName: TOC_WIDTH
            vpiFullName: glbl.TOC_WIDTH
            vpiActual: Parameter name:TOC_WIDTH
          vpiRhs Constant start:24:27 end:24:28:
            vpiParent: ParamAssign
            vpiTypespec RefTypespec:
              vpiParent: Constant
              vpiFullName: glbl
              vpiActual: IntTypespec
            vpiConstType: unsigned int (9)
            vpiSize: 64
            vpiDecompile: "0"
            vpiValue: 0
        ParamAssign start:25:15 end:25:33:
          vpiParent: Module name:glbl
          vpiLhs RefObj name:GRES_WIDTH start:25:15 end:25:25:
            vpiParent: ParamAssign
            vpiName: GRES_WIDTH
            vpiFullName: glbl.GRES_WIDTH
            vpiActual: Parameter name:GRES_WIDTH
          vpiRhs Constant start:25:28 end:25:33:
            vpiParent: ParamAssign
            vpiTypespec RefTypespec:
              vpiParent: Constant
              vpiFullName: glbl
              vpiActual: IntTypespec
            vpiConstType: unsigned int (9)
            vpiSize: 64
            vpiDecompile: "10000"
            vpiValue: 10000
        ParamAssign start:26:15 end:26:33:
          vpiParent: Module name:glbl
          vpiLhs RefObj name:GRES_START start:26:15 end:26:25:
            vpiParent: ParamAssign
            vpiName: GRES_START
            vpiFullName: glbl.GRES_START
            vpiActual: Parameter name:GRES_START
          vpiRhs Constant start:26:28 end:26:33:
            vpiParent: ParamAssign
            vpiTypespec RefTypespec:
              vpiParent: Constant
              vpiFullName: glbl
              vpiActual: IntTypespec
            vpiConstType: unsigned int (9)
            vpiSize: 64
            vpiDecompile: "10000"
            vpiValue: 10000
      vpiTypespec (3 items):
        LogicTypespec:
          vpiParent: Module name:glbl
        LogicTypespec:
          vpiParent: Module name:glbl
          vpiRange (1 items):
            Range start:40:10 end:40:15:
              vpiParent: LogicTypespec
              vpiLeftRange Constant start:40:11 end:40:12:
                vpiParent: Range
                vpiTypespec RefTypespec:
                  vpiParent: Constant
                  vpiFullName: glbl
                  vpiActual: IntTypespec
                vpiConstType: unsigned int (9)
                vpiSize: 64
                vpiDecompile: "3"
                vpiValue: 3
              vpiRightRange Constant start:40:13 end:40:14:
                vpiParent: Range
                vpiTypespec RefTypespec:
                  vpiParent: Constant
                  vpiFullName: glbl
                  vpiActual: IntTypespec
                vpiConstType: unsigned int (9)
                vpiSize: 64
                vpiDecompile: "0"
                vpiValue: 0
          vpiVector: true
        LogicTypespec:
          vpiParent: Module name:glbl
          vpiRange (1 items):
            Range start:41:10 end:41:15:
              vpiParent: LogicTypespec
              vpiLeftRange Constant start:41:11 end:41:12:
                vpiParent: Range
                vpiTypespec RefTypespec:
                  vpiParent: Constant
                  vpiFullName: glbl
                  vpiActual: IntTypespec
                vpiConstType: unsigned int (9)
                vpiSize: 64
                vpiDecompile: "3"
                vpiValue: 3
              vpiRightRange Constant start:41:13 end:41:14:
                vpiParent: Range
                vpiTypespec RefTypespec:
                  vpiParent: Constant
                  vpiFullName: glbl
                  vpiActual: IntTypespec
                vpiConstType: unsigned int (9)
                vpiSize: 64
                vpiDecompile: "0"
                vpiValue: 0
          vpiVector: true
      vpiDefName: glbl
      vpiDefNetType: wire (1)
      vpiTimePrecision: -12
      vpiTimeUnit: -12
      vpiLibrary RefObj name:work:
        vpiParent: Module name:glbl
        vpiName: work
        vpiFullName: glbl.work
      vpiCell: glbl
      vpiNet (17 items):
        Net name:GSR start:29:10 end:29:13:
          vpiParent: Module name:glbl
          vpiTypespec RefTypespec start:29:10 end:29:10:
            vpiParent: Net name:GSR
            vpiFullName: glbl.GSR
            vpiActual: LogicTypespec
          vpiName: GSR
          vpiFullName: glbl.GSR
          vpiNetType: wire (1)
          vpiScalar: true
        Net name:GTS start:30:10 end:30:13:
          vpiParent: Module name:glbl
          vpiTypespec RefTypespec start:30:10 end:30:10:
            vpiParent: Net name:GTS
            vpiFullName: glbl.GTS
            vpiActual: LogicTypespec
          vpiName: GTS
          vpiFullName: glbl.GTS
          vpiNetType: wire (1)
          vpiScalar: true
        Net name:GWE start:31:10 end:31:13:
          vpiParent: Module name:glbl
          vpiTypespec RefTypespec start:31:10 end:31:10:
            vpiParent: Net name:GWE
            vpiFullName: glbl.GWE
            vpiActual: LogicTypespec
          vpiName: GWE
          vpiFullName: glbl.GWE
          vpiNetType: wire (1)
          vpiScalar: true
        Net name:PRLD start:32:10 end:32:14:
          vpiParent: Module name:glbl
          vpiTypespec RefTypespec start:32:10 end:32:10:
            vpiParent: Net name:PRLD
            vpiFullName: glbl.PRLD
            vpiActual: LogicTypespec
          vpiName: PRLD
          vpiFullName: glbl.PRLD
          vpiNetType: wire (1)
          vpiScalar: true
        Net name:GRESTORE start:33:10 end:33:18:
          vpiParent: Module name:glbl
          vpiTypespec RefTypespec start:33:10 end:33:10:
            vpiParent: Net name:GRESTORE
            vpiFullName: glbl.GRESTORE
            vpiActual: LogicTypespec
          vpiName: GRESTORE
          vpiFullName: glbl.GRESTORE
          vpiNetType: wire (1)
          vpiScalar: true
        Net name:p_up_tmp start:34:10 end:34:18:
          vpiParent: Module name:glbl
          vpiTypespec RefTypespec start:34:10 end:34:10:
            vpiParent: Net name:p_up_tmp
            vpiFullName: glbl.p_up_tmp
            vpiActual: LogicTypespec
          vpiName: p_up_tmp
          vpiFullName: glbl.p_up_tmp
          vpiNetType: tri1 (6)
          vpiScalar: true
        Net name:PLL_LOCKG start:35:26 end:35:35:
          vpiParent: Module name:glbl
          vpiTypespec RefTypespec start:35:26 end:35:26:
            vpiParent: Net name:PLL_LOCKG
            vpiFullName: glbl.PLL_LOCKG
            vpiActual: LogicTypespec
          vpiName: PLL_LOCKG
          vpiFullName: glbl.PLL_LOCKG
          vpiNetType: tri (4)
          vpiScalar: true
          vpiValue RefObj name:p_up_tmp start:35:38 end:35:46:
            vpiParent: Net name:PLL_LOCKG
            vpiName: p_up_tmp
            vpiFullName: glbl.PLL_LOCKG.p_up_tmp
            vpiActual: Net name:p_up_tmp
        Net name:PROGB_GLBL start:37:10 end:37:20:
          vpiParent: Module name:glbl
          vpiTypespec RefTypespec start:37:10 end:37:10:
            vpiParent: Net name:PROGB_GLBL
            vpiFullName: glbl.PROGB_GLBL
            vpiActual: LogicTypespec
          vpiName: PROGB_GLBL
          vpiFullName: glbl.PROGB_GLBL
          vpiNetType: wire (1)
          vpiScalar: true
        Net name:CCLKO_GLBL start:38:10 end:38:20:
          vpiParent: Module name:glbl
          vpiTypespec RefTypespec start:38:10 end:38:10:
            vpiParent: Net name:CCLKO_GLBL
            vpiFullName: glbl.CCLKO_GLBL
            vpiActual: LogicTypespec
          vpiName: CCLKO_GLBL
          vpiFullName: glbl.CCLKO_GLBL
          vpiNetType: wire (1)
          vpiScalar: true
        Net name:FCSBO_GLBL start:39:10 end:39:20:
          vpiParent: Module name:glbl
          vpiTypespec RefTypespec start:39:10 end:39:10:
            vpiParent: Net name:FCSBO_GLBL
            vpiFullName: glbl.FCSBO_GLBL
            vpiActual: LogicTypespec
          vpiName: FCSBO_GLBL
          vpiFullName: glbl.FCSBO_GLBL
          vpiNetType: wire (1)
          vpiScalar: true
        Net name:DO_GLBL start:40:16 end:40:23:
          vpiParent: Module name:glbl
          vpiTypespec RefTypespec start:40:10 end:40:15:
            vpiParent: Net name:DO_GLBL
            vpiFullName: glbl.DO_GLBL
            vpiActual: LogicTypespec
          vpiName: DO_GLBL
          vpiFullName: glbl.DO_GLBL
          vpiNetType: wire (1)
          vpiVector: true
        Net name:DI_GLBL start:41:16 end:41:23:
          vpiParent: Module name:glbl
          vpiTypespec RefTypespec start:41:10 end:41:15:
            vpiParent: Net name:DI_GLBL
            vpiFullName: glbl.DI_GLBL
            vpiActual: LogicTypespec
          vpiName: DI_GLBL
          vpiFullName: glbl.DI_GLBL
          vpiNetType: wire (1)
          vpiVector: true
        Net name:JTAG_TDO_GLBL start:49:10 end:49:23:
          vpiParent: Module name:glbl
          vpiTypespec RefTypespec start:49:10 end:49:10:
            vpiParent: Net name:JTAG_TDO_GLBL
            vpiFullName: glbl.JTAG_TDO_GLBL
            vpiActual: LogicTypespec
          vpiName: JTAG_TDO_GLBL
          vpiFullName: glbl.JTAG_TDO_GLBL
          vpiNetType: wire (1)
          vpiScalar: true
        Net name:JTAG_TCK_GLBL start:50:10 end:50:23:
          vpiParent: Module name:glbl
          vpiTypespec RefTypespec start:50:10 end:50:10:
            vpiParent: Net name:JTAG_TCK_GLBL
            vpiFullName: glbl.JTAG_TCK_GLBL
            vpiActual: LogicTypespec
          vpiName: JTAG_TCK_GLBL
          vpiFullName: glbl.JTAG_TCK_GLBL
          vpiNetType: wire (1)
          vpiScalar: true
        Net name:JTAG_TDI_GLBL start:51:10 end:51:23:
          vpiParent: Module name:glbl
          vpiTypespec RefTypespec start:51:10 end:51:10:
            vpiParent: Net name:JTAG_TDI_GLBL
            vpiFullName: glbl.JTAG_TDI_GLBL
            vpiActual: LogicTypespec
          vpiName: JTAG_TDI_GLBL
          vpiFullName: glbl.JTAG_TDI_GLBL
          vpiNetType: wire (1)
          vpiScalar: true
        Net name:JTAG_TMS_GLBL start:52:10 end:52:23:
          vpiParent: Module name:glbl
          vpiTypespec RefTypespec start:52:10 end:52:10:
            vpiParent: Net name:JTAG_TMS_GLBL
            vpiFullName: glbl.JTAG_TMS_GLBL
            vpiActual: LogicTypespec
          vpiName: JTAG_TMS_GLBL
          vpiFullName: glbl.JTAG_TMS_GLBL
          vpiNetType: wire (1)
          vpiScalar: true
        Net name:JTAG_TRST_GLBL start:53:10 end:53:24:
          vpiParent: Module name:glbl
          vpiTypespec RefTypespec start:53:10 end:53:10:
            vpiParent: Net name:JTAG_TRST_GLBL
            vpiFullName: glbl.JTAG_TRST_GLBL
            vpiActual: LogicTypespec
          vpiName: JTAG_TRST_GLBL
          vpiFullName: glbl.JTAG_TRST_GLBL
          vpiNetType: wire (1)
          vpiScalar: true
      vpiProcess (3 items):
        Initial start:76:5 end:82:8:
          vpiParent: Module name:glbl
          vpiStmt Begin start:76:13 end:82:8:
            vpiParent: Initial
            vpiFullName: glbl
            vpiTypespec (1 items):
              BitTypespec:
                vpiParent: Begin
            vpiStmt (4 items):
              Assignment start:77:2 end:77:16:
                vpiParent: Begin
                vpiBlocking: true
                vpiLhs RefObj name:GSR_int start:77:2 end:77:9:
                  vpiParent: Assignment
                  vpiName: GSR_int
                  vpiFullName: glbl.GSR_int
                  vpiActual: Variable name:GSR_int
                vpiRhs Constant start:77:12 end:77:16:
                  vpiParent: Assignment
                  vpiTypespec RefTypespec:
                    vpiParent: Constant
                    vpiFullName: glbl
                    vpiActual: BitTypespec
                  vpiConstType: binary (3)
                  vpiSize: 1
                  vpiDecompile: "1'b1"
                  vpiValue: "1"
              Assignment start:78:2 end:78:17:
                vpiParent: Begin
                vpiBlocking: true
                vpiLhs RefObj name:PRLD_int start:78:2 end:78:10:
                  vpiParent: Assignment
                  vpiName: PRLD_int
                  vpiFullName: glbl.PRLD_int
                  vpiActual: Variable name:PRLD_int
                vpiRhs Constant start:78:13 end:78:17:
                  vpiParent: Assignment
                  vpiTypespec RefTypespec:
                    vpiParent: Constant
                    vpiFullName: glbl
                    vpiActual: BitTypespec
                  vpiConstType: binary (3)
                  vpiSize: 1
                  vpiDecompile: "1'b1"
                  vpiValue: "1"
              DelayControl start:79:2 end:80:17:
                vpiParent: Begin
                vpiStmt Assignment start:80:2 end:80:16:
                  vpiParent: DelayControl
                  vpiBlocking: true
                  vpiLhs RefObj name:GSR_int start:80:2 end:80:9:
                    vpiParent: Assignment
                    vpiName: GSR_int
                    vpiFullName: glbl.GSR_int
                    vpiActual: Variable name:GSR_int
                  vpiRhs Constant start:80:12 end:80:16:
                    vpiParent: Assignment
                    vpiTypespec RefTypespec:
                      vpiParent: Constant
                      vpiFullName: glbl
                      vpiActual: BitTypespec
                    vpiConstType: binary (3)
                    vpiSize: 1
                    vpiDecompile: "1'b0"
                    vpiValue: "0"
                vpiDelay RefObj name:ROC_WIDTH start:79:4 end:79:13:
                  vpiParent: DelayControl
                  vpiName: ROC_WIDTH
                  vpiFullName: glbl.ROC_WIDTH
                  vpiActual: Parameter name:ROC_WIDTH
              Assignment start:81:2 end:81:17:
                vpiParent: Begin
                vpiBlocking: true
                vpiLhs RefObj name:PRLD_int start:81:2 end:81:10:
                  vpiParent: Assignment
                  vpiName: PRLD_int
                  vpiFullName: glbl.PRLD_int
                  vpiActual: Variable name:PRLD_int
                vpiRhs Constant start:81:13 end:81:17:
                  vpiParent: Assignment
                  vpiTypespec RefTypespec:
                    vpiParent: Constant
                    vpiFullName: glbl
                    vpiActual: BitTypespec
                  vpiConstType: binary (3)
                  vpiSize: 1
                  vpiDecompile: "1'b0"
                  vpiValue: "0"
        Initial start:84:5 end:88:8:
          vpiParent: Module name:glbl
          vpiStmt Begin start:84:13 end:88:8:
            vpiParent: Initial
            vpiFullName: glbl
            vpiTypespec (1 items):
              BitTypespec:
                vpiParent: Begin
            vpiStmt (2 items):
              Assignment start:85:2 end:85:16:
                vpiParent: Begin
                vpiBlocking: true
                vpiLhs RefObj name:GTS_int start:85:2 end:85:9:
                  vpiParent: Assignment
                  vpiName: GTS_int
                  vpiFullName: glbl.GTS_int
                  vpiActual: Variable name:GTS_int
                vpiRhs Constant start:85:12 end:85:16:
                  vpiParent: Assignment
                  vpiTypespec RefTypespec:
                    vpiParent: Constant
                    vpiFullName: glbl
                    vpiActual: BitTypespec
                  vpiConstType: binary (3)
                  vpiSize: 1
                  vpiDecompile: "1'b1"
                  vpiValue: "1"
              DelayControl start:86:2 end:87:17:
                vpiParent: Begin
                vpiStmt Assignment start:87:2 end:87:16:
                  vpiParent: DelayControl
                  vpiBlocking: true
                  vpiLhs RefObj name:GTS_int start:87:2 end:87:9:
                    vpiParent: Assignment
                    vpiName: GTS_int
                    vpiFullName: glbl.GTS_int
                    vpiActual: Variable name:GTS_int
                  vpiRhs Constant start:87:12 end:87:16:
                    vpiParent: Assignment
                    vpiTypespec RefTypespec:
                      vpiParent: Constant
                      vpiFullName: glbl
                      vpiActual: BitTypespec
                    vpiConstType: binary (3)
                    vpiSize: 1
                    vpiDecompile: "1'b0"
                    vpiValue: "0"
                vpiDelay RefObj name:TOC_WIDTH start:86:4 end:86:13:
                  vpiParent: DelayControl
                  vpiName: TOC_WIDTH
                  vpiFullName: glbl.TOC_WIDTH
                  vpiActual: Parameter name:TOC_WIDTH
        Initial start:90:5 end:96:8:
          vpiParent: Module name:glbl
          vpiStmt Begin start:90:13 end:96:8:
            vpiParent: Initial
            vpiFullName: glbl
            vpiTypespec (1 items):
              BitTypespec:
                vpiParent: Begin
            vpiStmt (5 items):
              Assignment start:91:2 end:91:21:
                vpiParent: Begin
                vpiBlocking: true
                vpiLhs RefObj name:GRESTORE_int start:91:2 end:91:14:
                  vpiParent: Assignment
                  vpiName: GRESTORE_int
                  vpiFullName: glbl.GRESTORE_int
                  vpiActual: Variable name:GRESTORE_int
                vpiRhs Constant start:91:17 end:91:21:
                  vpiParent: Assignment
                  vpiTypespec RefTypespec:
                    vpiParent: Constant
                    vpiFullName: glbl
                    vpiActual: BitTypespec
                  vpiConstType: binary (3)
                  vpiSize: 1
                  vpiDecompile: "1'b0"
                  vpiValue: "0"
              DelayControl start:92:2 end:92:15:
                vpiParent: Begin
                vpiDelay RefObj name:GRES_START start:92:4 end:92:14:
                  vpiParent: DelayControl
                  vpiName: GRES_START
                  vpiFullName: glbl.GRES_START
                  vpiActual: Parameter name:GRES_START
              Assignment start:93:2 end:93:21:
                vpiParent: Begin
                vpiBlocking: true
                vpiLhs RefObj name:GRESTORE_int start:93:2 end:93:14:
                  vpiParent: Assignment
                  vpiName: GRESTORE_int
                  vpiFullName: glbl.GRESTORE_int
                  vpiActual: Variable name:GRESTORE_int
                vpiRhs Constant start:93:17 end:93:21:
                  vpiParent: Assignment
                  vpiTypespec RefTypespec:
                    vpiParent: Constant
                    vpiFullName: glbl
                    vpiActual: BitTypespec
                  vpiConstType: binary (3)
                  vpiSize: 1
                  vpiDecompile: "1'b1"
                  vpiValue: "1"
              DelayControl start:94:2 end:94:15:
                vpiParent: Begin
                vpiDelay RefObj name:GRES_WIDTH start:94:4 end:94:14:
                  vpiParent: DelayControl
                  vpiName: GRES_WIDTH
                  vpiFullName: glbl.GRES_WIDTH
                  vpiActual: Parameter name:GRES_WIDTH
              Assignment start:95:2 end:95:21:
                vpiParent: Begin
                vpiBlocking: true
                vpiLhs RefObj name:GRESTORE_int start:95:2 end:95:14:
                  vpiParent: Assignment
                  vpiName: GRESTORE_int
                  vpiFullName: glbl.GRESTORE_int
                  vpiActual: Variable name:GRESTORE_int
                vpiRhs Constant start:95:17 end:95:21:
                  vpiParent: Assignment
                  vpiTypespec RefTypespec:
                    vpiParent: Constant
                    vpiFullName: glbl
                    vpiActual: BitTypespec
                  vpiConstType: binary (3)
                  vpiSize: 1
                  vpiDecompile: "1'b0"
                  vpiValue: "0"
      vpiContAssign (4 items):
        ContAssign start:71:29 end:71:42:
          vpiParent: Module name:glbl
          vpiLhs RefObj name:GSR start:71:29 end:71:32:
            vpiParent: ContAssign
            vpiName: GSR
            vpiFullName: glbl.GSR
            vpiActual: Net name:GSR
          vpiRhs RefObj name:GSR_int start:71:35 end:71:42:
            vpiParent: ContAssign
            vpiName: GSR_int
            vpiFullName: glbl.GSR_int
            vpiActual: Variable name:GSR_int
        ContAssign start:72:29 end:72:42:
          vpiParent: Module name:glbl
          vpiLhs RefObj name:GTS start:72:29 end:72:32:
            vpiParent: ContAssign
            vpiName: GTS
            vpiFullName: glbl.GTS
            vpiActual: Net name:GTS
          vpiRhs RefObj name:GTS_int start:72:35 end:72:42:
            vpiParent: ContAssign
            vpiName: GTS_int
            vpiFullName: glbl.GTS_int
            vpiActual: Variable name:GTS_int
        ContAssign start:73:27 end:73:42:
          vpiParent: Module name:glbl
          vpiLhs RefObj name:PRLD start:73:27 end:73:31:
            vpiParent: ContAssign
            vpiName: PRLD
            vpiFullName: glbl.PRLD
            vpiActual: Net name:PRLD
          vpiRhs RefObj name:PRLD_int start:73:34 end:73:42:
            vpiParent: ContAssign
            vpiName: PRLD_int
            vpiFullName: glbl.PRLD_int
            vpiActual: Variable name:PRLD_int
        ContAssign start:74:29 end:74:52:
          vpiParent: Module name:glbl
          vpiLhs RefObj name:GRESTORE start:74:29 end:74:37:
            vpiParent: ContAssign
            vpiName: GRESTORE
            vpiFullName: glbl.GRESTORE
            vpiActual: Net name:GRESTORE
          vpiRhs RefObj name:GRESTORE_int start:74:40 end:74:52:
            vpiParent: ContAssign
            vpiName: GRESTORE_int
            vpiFullName: glbl.GRESTORE_int
            vpiActual: Variable name:GRESTORE_int
    Module name:PLLE3_BASE file:$Source01/unisims/PLLE3_BASE.v start:36:1 end:166:10:
      vpiParent: Design name:unnamed
      vpiName Identifier name:PLLE3_BASE start:36:8 end:36:18:
        vpiParent: Module name:PLLE3_BASE
        vpiName: PLLE3_BASE
      vpiFullName: PLLE3_BASE
      vpiParameter (18 items):
        Parameter name:CLKFBOUT_MULT start:40:21 end:40:34:
          vpiParent: Module name:PLLE3_BASE
          vpiTypespec RefTypespec start:40:13 end:40:20:
            vpiParent: Parameter name:CLKFBOUT_MULT
            vpiFullName: PLLE3_BASE.CLKFBOUT_MULT
            vpiActual: IntegerTypespec
          vpiName: CLKFBOUT_MULT
          vpiFullName: PLLE3_BASE.CLKFBOUT_MULT
        Parameter name:CLKFBOUT_PHASE start:41:18 end:41:32:
          vpiParent: Module name:PLLE3_BASE
          vpiTypespec RefTypespec start:41:13 end:41:17:
            vpiParent: Parameter name:CLKFBOUT_PHASE
            vpiFullName: PLLE3_BASE.CLKFBOUT_PHASE
            vpiActual: RealTypespec
          vpiName: CLKFBOUT_PHASE
          vpiFullName: PLLE3_BASE.CLKFBOUT_PHASE
        Parameter name:CLKIN_PERIOD start:42:18 end:42:30:
          vpiParent: Module name:PLLE3_BASE
          vpiTypespec RefTypespec start:42:13 end:42:17:
            vpiParent: Parameter name:CLKIN_PERIOD
            vpiFullName: PLLE3_BASE.CLKIN_PERIOD
            vpiActual: RealTypespec
          vpiName: CLKIN_PERIOD
          vpiFullName: PLLE3_BASE.CLKIN_PERIOD
        Parameter name:CLKOUT0_DIVIDE start:43:21 end:43:35:
          vpiParent: Module name:PLLE3_BASE
          vpiTypespec RefTypespec start:43:13 end:43:20:
            vpiParent: Parameter name:CLKOUT0_DIVIDE
            vpiFullName: PLLE3_BASE.CLKOUT0_DIVIDE
            vpiActual: IntegerTypespec
          vpiName: CLKOUT0_DIVIDE
          vpiFullName: PLLE3_BASE.CLKOUT0_DIVIDE
        Parameter name:CLKOUT0_DUTY_CYCLE start:44:18 end:44:36:
          vpiParent: Module name:PLLE3_BASE
          vpiTypespec RefTypespec start:44:13 end:44:17:
            vpiParent: Parameter name:CLKOUT0_DUTY_CYCLE
            vpiFullName: PLLE3_BASE.CLKOUT0_DUTY_CYCLE
            vpiActual: RealTypespec
          vpiName: CLKOUT0_DUTY_CYCLE
          vpiFullName: PLLE3_BASE.CLKOUT0_DUTY_CYCLE
        Parameter name:CLKOUT0_PHASE start:45:18 end:45:31:
          vpiParent: Module name:PLLE3_BASE
          vpiTypespec RefTypespec start:45:13 end:45:17:
            vpiParent: Parameter name:CLKOUT0_PHASE
            vpiFullName: PLLE3_BASE.CLKOUT0_PHASE
            vpiActual: RealTypespec
          vpiName: CLKOUT0_PHASE
          vpiFullName: PLLE3_BASE.CLKOUT0_PHASE
        Parameter name:CLKOUT1_DIVIDE start:46:21 end:46:35:
          vpiParent: Module name:PLLE3_BASE
          vpiTypespec RefTypespec start:46:13 end:46:20:
            vpiParent: Parameter name:CLKOUT1_DIVIDE
            vpiFullName: PLLE3_BASE.CLKOUT1_DIVIDE
            vpiActual: IntegerTypespec
          vpiName: CLKOUT1_DIVIDE
          vpiFullName: PLLE3_BASE.CLKOUT1_DIVIDE
        Parameter name:CLKOUT1_DUTY_CYCLE start:47:18 end:47:36:
          vpiParent: Module name:PLLE3_BASE
          vpiTypespec RefTypespec start:47:13 end:47:17:
            vpiParent: Parameter name:CLKOUT1_DUTY_CYCLE
            vpiFullName: PLLE3_BASE.CLKOUT1_DUTY_CYCLE
            vpiActual: RealTypespec
          vpiName: CLKOUT1_DUTY_CYCLE
          vpiFullName: PLLE3_BASE.CLKOUT1_DUTY_CYCLE
        Parameter name:CLKOUT1_PHASE start:48:18 end:48:31:
          vpiParent: Module name:PLLE3_BASE
          vpiTypespec RefTypespec start:48:13 end:48:17:
            vpiParent: Parameter name:CLKOUT1_PHASE
            vpiFullName: PLLE3_BASE.CLKOUT1_PHASE
            vpiActual: RealTypespec
          vpiName: CLKOUT1_PHASE
          vpiFullName: PLLE3_BASE.CLKOUT1_PHASE
        Parameter name:CLKOUTPHY_MODE start:49:13 end:49:27:
          vpiParent: Module name:PLLE3_BASE
          vpiTypespec RefTypespec start:49:13 end:49:13:
            vpiParent: Parameter name:CLKOUTPHY_MODE
            vpiFullName: PLLE3_BASE.CLKOUTPHY_MODE
            vpiActual: LogicTypespec
          vpiName: CLKOUTPHY_MODE
          vpiFullName: PLLE3_BASE.CLKOUTPHY_MODE
        Parameter name:DIVCLK_DIVIDE start:50:21 end:50:34:
          vpiParent: Module name:PLLE3_BASE
          vpiTypespec RefTypespec start:50:13 end:50:20:
            vpiParent: Parameter name:DIVCLK_DIVIDE
            vpiFullName: PLLE3_BASE.DIVCLK_DIVIDE
            vpiActual: IntegerTypespec
          vpiName: DIVCLK_DIVIDE
          vpiFullName: PLLE3_BASE.DIVCLK_DIVIDE
        Parameter name:IS_CLKFBIN_INVERTED start:51:19 end:51:38:
          vpiParent: Module name:PLLE3_BASE
          vpiTypespec RefTypespec start:51:13 end:51:18:
            vpiParent: Parameter name:IS_CLKFBIN_INVERTED
            vpiFullName: PLLE3_BASE.IS_CLKFBIN_INVERTED
            vpiActual: LogicTypespec
          vpiName: IS_CLKFBIN_INVERTED
          vpiFullName: PLLE3_BASE.IS_CLKFBIN_INVERTED
        Parameter name:IS_CLKIN_INVERTED start:52:19 end:52:36:
          vpiParent: Module name:PLLE3_BASE
          vpiTypespec RefTypespec start:52:13 end:52:18:
            vpiParent: Parameter name:IS_CLKIN_INVERTED
            vpiFullName: PLLE3_BASE.IS_CLKIN_INVERTED
            vpiActual: LogicTypespec
          vpiName: IS_CLKIN_INVERTED
          vpiFullName: PLLE3_BASE.IS_CLKIN_INVERTED
        Parameter name:IS_PWRDWN_INVERTED start:53:19 end:53:37:
          vpiParent: Module name:PLLE3_BASE
          vpiTypespec RefTypespec start:53:13 end:53:18:
            vpiParent: Parameter name:IS_PWRDWN_INVERTED
            vpiFullName: PLLE3_BASE.IS_PWRDWN_INVERTED
            vpiActual: LogicTypespec
          vpiName: IS_PWRDWN_INVERTED
          vpiFullName: PLLE3_BASE.IS_PWRDWN_INVERTED
        Parameter name:IS_RST_INVERTED start:54:19 end:54:34:
          vpiParent: Module name:PLLE3_BASE
          vpiTypespec RefTypespec start:54:13 end:54:18:
            vpiParent: Parameter name:IS_RST_INVERTED
            vpiFullName: PLLE3_BASE.IS_RST_INVERTED
            vpiActual: LogicTypespec
          vpiName: IS_RST_INVERTED
          vpiFullName: PLLE3_BASE.IS_RST_INVERTED
        Parameter name:REF_JITTER start:55:18 end:55:28:
          vpiParent: Module name:PLLE3_BASE
          vpiTypespec RefTypespec start:55:13 end:55:17:
            vpiParent: Parameter name:REF_JITTER
            vpiFullName: PLLE3_BASE.REF_JITTER
            vpiActual: RealTypespec
          vpiName: REF_JITTER
          vpiFullName: PLLE3_BASE.REF_JITTER
        Parameter name:STARTUP_WAIT start:56:13 end:56:25:
          vpiParent: Module name:PLLE3_BASE
          vpiTypespec RefTypespec start:56:13 end:56:13:
            vpiParent: Parameter name:STARTUP_WAIT
            vpiFullName: PLLE3_BASE.STARTUP_WAIT
            vpiActual: LogicTypespec
          vpiName: STARTUP_WAIT
          vpiFullName: PLLE3_BASE.STARTUP_WAIT
        Parameter name:MODULE_NAME start:74:14 end:74:25:
          vpiParent: Module name:PLLE3_BASE
          vpiTypespec RefTypespec start:74:14 end:74:14:
            vpiParent: Parameter name:MODULE_NAME
            vpiFullName: PLLE3_BASE.MODULE_NAME
            vpiActual: LogicTypespec
          vpiName: MODULE_NAME
          vpiFullName: PLLE3_BASE.MODULE_NAME
          vpiLocalParam: true
      vpiParamAssign (18 items):
        ParamAssign start:40:21 end:40:38:
          vpiParent: Module name:PLLE3_BASE
          vpiLhs RefObj name:CLKFBOUT_MULT start:40:21 end:40:34:
            vpiParent: ParamAssign
            vpiName: CLKFBOUT_MULT
            vpiFullName: PLLE3_BASE.CLKFBOUT_MULT
            vpiActual: Parameter name:CLKFBOUT_MULT
          vpiRhs Constant start:40:37 end:40:38:
            vpiParent: ParamAssign
            vpiTypespec RefTypespec:
              vpiParent: Constant
              vpiFullName: PLLE3_BASE
              vpiActual: IntTypespec
            vpiConstType: unsigned int (9)
            vpiSize: 64
            vpiDecompile: "5"
            vpiValue: 5
        ParamAssign start:41:18 end:41:40:
          vpiParent: Module name:PLLE3_BASE
          vpiLhs RefObj name:CLKFBOUT_PHASE start:41:18 end:41:32:
            vpiParent: ParamAssign
            vpiName: CLKFBOUT_PHASE
            vpiFullName: PLLE3_BASE.CLKFBOUT_PHASE
            vpiActual: Parameter name:CLKFBOUT_PHASE
          vpiRhs Constant start:41:35 end:41:40:
            vpiParent: ParamAssign
            vpiTypespec RefTypespec:
              vpiParent: Constant
              vpiFullName: PLLE3_BASE
              vpiActual: RealTypespec
            vpiConstType: real (2)
            vpiSize: 64
            vpiDecompile: "0.000"
            vpiValue: 0
        ParamAssign start:42:18 end:42:38:
          vpiParent: Module name:PLLE3_BASE
          vpiLhs RefObj name:CLKIN_PERIOD start:42:18 end:42:30:
            vpiParent: ParamAssign
            vpiName: CLKIN_PERIOD
            vpiFullName: PLLE3_BASE.CLKIN_PERIOD
            vpiActual: Parameter name:CLKIN_PERIOD
          vpiRhs Constant start:42:33 end:42:38:
            vpiParent: ParamAssign
            vpiTypespec RefTypespec:
              vpiParent: Constant
              vpiFullName: PLLE3_BASE
              vpiActual: RealTypespec
            vpiConstType: real (2)
            vpiSize: 64
            vpiDecompile: "0.000"
            vpiValue: 0
        ParamAssign start:43:21 end:43:39:
          vpiParent: Module name:PLLE3_BASE
          vpiLhs RefObj name:CLKOUT0_DIVIDE start:43:21 end:43:35:
            vpiParent: ParamAssign
            vpiName: CLKOUT0_DIVIDE
            vpiFullName: PLLE3_BASE.CLKOUT0_DIVIDE
            vpiActual: Parameter name:CLKOUT0_DIVIDE
          vpiRhs Constant start:43:38 end:43:39:
            vpiParent: ParamAssign
            vpiTypespec RefTypespec:
              vpiParent: Constant
              vpiFullName: PLLE3_BASE
              vpiActual: IntTypespec
            vpiConstType: unsigned int (9)
            vpiSize: 64
            vpiDecompile: "1"
            vpiValue: 1
        ParamAssign start:44:18 end:44:44:
          vpiParent: Module name:PLLE3_BASE
          vpiLhs RefObj name:CLKOUT0_DUTY_CYCLE start:44:18 end:44:36:
            vpiParent: ParamAssign
            vpiName: CLKOUT0_DUTY_CYCLE
            vpiFullName: PLLE3_BASE.CLKOUT0_DUTY_CYCLE
            vpiActual: Parameter name:CLKOUT0_DUTY_CYCLE
          vpiRhs Constant start:44:39 end:44:44:
            vpiParent: ParamAssign
            vpiTypespec RefTypespec:
              vpiParent: Constant
              vpiFullName: PLLE3_BASE
              vpiActual: RealTypespec
            vpiConstType: real (2)
            vpiSize: 64
            vpiDecompile: "0.500"
            vpiValue: 0.5
        ParamAssign start:45:18 end:45:39:
          vpiParent: Module name:PLLE3_BASE
          vpiLhs RefObj name:CLKOUT0_PHASE start:45:18 end:45:31:
            vpiParent: ParamAssign
            vpiName: CLKOUT0_PHASE
            vpiFullName: PLLE3_BASE.CLKOUT0_PHASE
            vpiActual: Parameter name:CLKOUT0_PHASE
          vpiRhs Constant start:45:34 end:45:39:
            vpiParent: ParamAssign
            vpiTypespec RefTypespec:
              vpiParent: Constant
              vpiFullName: PLLE3_BASE
              vpiActual: RealTypespec
            vpiConstType: real (2)
            vpiSize: 64
            vpiDecompile: "0.000"
            vpiValue: 0
        ParamAssign start:46:21 end:46:39:
          vpiParent: Module name:PLLE3_BASE
          vpiLhs RefObj name:CLKOUT1_DIVIDE start:46:21 end:46:35:
            vpiParent: ParamAssign
            vpiName: CLKOUT1_DIVIDE
            vpiFullName: PLLE3_BASE.CLKOUT1_DIVIDE
            vpiActual: Parameter name:CLKOUT1_DIVIDE
          vpiRhs Constant start:46:38 end:46:39:
            vpiParent: ParamAssign
            vpiTypespec RefTypespec:
              vpiParent: Constant
              vpiFullName: PLLE3_BASE
              vpiActual: IntTypespec
            vpiConstType: unsigned int (9)
            vpiSize: 64
            vpiDecompile: "1"
            vpiValue: 1
        ParamAssign start:47:18 end:47:44:
          vpiParent: Module name:PLLE3_BASE
          vpiLhs RefObj name:CLKOUT1_DUTY_CYCLE start:47:18 end:47:36:
            vpiParent: ParamAssign
            vpiName: CLKOUT1_DUTY_CYCLE
            vpiFullName: PLLE3_BASE.CLKOUT1_DUTY_CYCLE
            vpiActual: Parameter name:CLKOUT1_DUTY_CYCLE
          vpiRhs Constant start:47:39 end:47:44:
            vpiParent: ParamAssign
            vpiTypespec RefTypespec:
              vpiParent: Constant
              vpiFullName: PLLE3_BASE
              vpiActual: RealTypespec
            vpiConstType: real (2)
            vpiSize: 64
            vpiDecompile: "0.500"
            vpiValue: 0.5
        ParamAssign start:48:18 end:48:39:
          vpiParent: Module name:PLLE3_BASE
          vpiLhs RefObj name:CLKOUT1_PHASE start:48:18 end:48:31:
            vpiParent: ParamAssign
            vpiName: CLKOUT1_PHASE
            vpiFullName: PLLE3_BASE.CLKOUT1_PHASE
            vpiActual: Parameter name:CLKOUT1_PHASE
          vpiRhs Constant start:48:34 end:48:39:
            vpiParent: ParamAssign
            vpiTypespec RefTypespec:
              vpiParent: Constant
              vpiFullName: PLLE3_BASE
              vpiActual: RealTypespec
            vpiConstType: real (2)
            vpiSize: 64
            vpiDecompile: "0.000"
            vpiValue: 0
        ParamAssign start:49:13 end:49:38:
          vpiParent: Module name:PLLE3_BASE
          vpiLhs RefObj name:CLKOUTPHY_MODE start:49:13 end:49:27:
            vpiParent: ParamAssign
            vpiName: CLKOUTPHY_MODE
            vpiFullName: PLLE3_BASE.CLKOUTPHY_MODE
            vpiActual: Parameter name:CLKOUTPHY_MODE
          vpiRhs Constant start:49:30 end:49:38:
            vpiParent: ParamAssign
            vpiTypespec RefTypespec:
              vpiParent: Constant
              vpiFullName: PLLE3_BASE
              vpiActual: StringTypespec
            vpiConstType: string (6)
            vpiSize: 48
            vpiDecompile: "\"VCO_2X\""
            vpiValue: VCO_2X
        ParamAssign start:50:21 end:50:38:
          vpiParent: Module name:PLLE3_BASE
          vpiLhs RefObj name:DIVCLK_DIVIDE start:50:21 end:50:34:
            vpiParent: ParamAssign
            vpiName: DIVCLK_DIVIDE
            vpiFullName: PLLE3_BASE.DIVCLK_DIVIDE
            vpiActual: Parameter name:DIVCLK_DIVIDE
          vpiRhs Constant start:50:37 end:50:38:
            vpiParent: ParamAssign
            vpiTypespec RefTypespec:
              vpiParent: Constant
              vpiFullName: PLLE3_BASE
              vpiActual: IntTypespec
            vpiConstType: unsigned int (9)
            vpiSize: 64
            vpiDecompile: "1"
            vpiValue: 1
        ParamAssign start:51:19 end:51:45:
          vpiParent: Module name:PLLE3_BASE
          vpiLhs RefObj name:IS_CLKFBIN_INVERTED start:51:19 end:51:38:
            vpiParent: ParamAssign
            vpiName: IS_CLKFBIN_INVERTED
            vpiFullName: PLLE3_BASE.IS_CLKFBIN_INVERTED
            vpiActual: Parameter name:IS_CLKFBIN_INVERTED
          vpiRhs Constant start:51:41 end:51:45:
            vpiParent: ParamAssign
            vpiTypespec RefTypespec:
              vpiParent: Constant
              vpiFullName: PLLE3_BASE
              vpiActual: BitTypespec
            vpiConstType: binary (3)
            vpiSize: 1
            vpiDecompile: "1'b0"
            vpiValue: "0"
        ParamAssign start:52:19 end:52:43:
          vpiParent: Module name:PLLE3_BASE
          vpiLhs RefObj name:IS_CLKIN_INVERTED start:52:19 end:52:36:
            vpiParent: ParamAssign
            vpiName: IS_CLKIN_INVERTED
            vpiFullName: PLLE3_BASE.IS_CLKIN_INVERTED
            vpiActual: Parameter name:IS_CLKIN_INVERTED
          vpiRhs Constant start:52:39 end:52:43:
            vpiParent: ParamAssign
            vpiTypespec RefTypespec:
              vpiParent: Constant
              vpiFullName: PLLE3_BASE
              vpiActual: BitTypespec
            vpiConstType: binary (3)
            vpiSize: 1
            vpiDecompile: "1'b0"
            vpiValue: "0"
        ParamAssign start:53:19 end:53:44:
          vpiParent: Module name:PLLE3_BASE
          vpiLhs RefObj name:IS_PWRDWN_INVERTED start:53:19 end:53:37:
            vpiParent: ParamAssign
            vpiName: IS_PWRDWN_INVERTED
            vpiFullName: PLLE3_BASE.IS_PWRDWN_INVERTED
            vpiActual: Parameter name:IS_PWRDWN_INVERTED
          vpiRhs Constant start:53:40 end:53:44:
            vpiParent: ParamAssign
            vpiTypespec RefTypespec:
              vpiParent: Constant
              vpiFullName: PLLE3_BASE
              vpiActual: BitTypespec
            vpiConstType: binary (3)
            vpiSize: 1
            vpiDecompile: "1'b0"
            vpiValue: "0"
        ParamAssign start:54:19 end:54:41:
          vpiParent: Module name:PLLE3_BASE
          vpiLhs RefObj name:IS_RST_INVERTED start:54:19 end:54:34:
            vpiParent: ParamAssign
            vpiName: IS_RST_INVERTED
            vpiFullName: PLLE3_BASE.IS_RST_INVERTED
            vpiActual: Parameter name:IS_RST_INVERTED
          vpiRhs Constant start:54:37 end:54:41:
            vpiParent: ParamAssign
            vpiTypespec RefTypespec:
              vpiParent: Constant
              vpiFullName: PLLE3_BASE
              vpiActual: BitTypespec
            vpiConstType: binary (3)
            vpiSize: 1
            vpiDecompile: "1'b0"
            vpiValue: "0"
        ParamAssign start:55:18 end:55:36:
          vpiParent: Module name:PLLE3_BASE
          vpiLhs RefObj name:REF_JITTER start:55:18 end:55:28:
            vpiParent: ParamAssign
            vpiName: REF_JITTER
            vpiFullName: PLLE3_BASE.REF_JITTER
            vpiActual: Parameter name:REF_JITTER
          vpiRhs Constant start:55:31 end:55:36:
            vpiParent: ParamAssign
            vpiTypespec RefTypespec:
              vpiParent: Constant
              vpiFullName: PLLE3_BASE
              vpiActual: RealTypespec
            vpiConstType: real (2)
            vpiSize: 64
            vpiDecompile: "0.010"
            vpiValue: 0.01
        ParamAssign start:56:13 end:56:35:
          vpiParent: Module name:PLLE3_BASE
          vpiLhs RefObj name:STARTUP_WAIT start:56:13 end:56:25:
            vpiParent: ParamAssign
            vpiName: STARTUP_WAIT
            vpiFullName: PLLE3_BASE.STARTUP_WAIT
            vpiActual: Parameter name:STARTUP_WAIT
          vpiRhs Constant start:56:28 end:56:35:
            vpiParent: ParamAssign
            vpiTypespec RefTypespec:
              vpiParent: Constant
              vpiFullName: PLLE3_BASE
              vpiActual: StringTypespec
            vpiConstType: string (6)
            vpiSize: 40
            vpiDecompile: "\"FALSE\""
            vpiValue: FALSE
        ParamAssign start:74:14 end:74:40:
          vpiParent: Module name:PLLE3_BASE
          vpiLhs RefObj name:MODULE_NAME start:74:14 end:74:25:
            vpiParent: ParamAssign
            vpiName: MODULE_NAME
            vpiFullName: PLLE3_BASE.MODULE_NAME
            vpiActual: Parameter name:MODULE_NAME
          vpiRhs Constant start:74:28 end:74:40:
            vpiParent: ParamAssign
            vpiTypespec RefTypespec:
              vpiParent: Constant
              vpiFullName: PLLE3_BASE
              vpiActual: StringTypespec
            vpiConstType: string (6)
            vpiSize: 80
            vpiDecompile: "\"PLLE3_BASE\""
            vpiValue: PLLE3_BASE
      vpiTypespec (9 items):
        IntegerTypespec:
          vpiParent: Module name:PLLE3_BASE
          vpiSigned: true
        LogicTypespec:
          vpiParent: Module name:PLLE3_BASE
        LogicTypespec:
          vpiParent: Module name:PLLE3_BASE
          vpiRange (1 items):
            Range start:51:13 end:51:18:
              vpiParent: LogicTypespec
              vpiLeftRange Constant start:51:14 end:51:15:
                vpiParent: Range
                vpiTypespec RefTypespec:
                  vpiParent: Constant
                  vpiFullName: PLLE3_BASE
                  vpiActual: IntTypespec
                vpiConstType: unsigned int (9)
                vpiSize: 64
                vpiDecompile: "0"
                vpiValue: 0
              vpiRightRange Constant start:51:16 end:51:17:
                vpiParent: Range
                vpiTypespec RefTypespec:
                  vpiParent: Constant
                  vpiFullName: PLLE3_BASE
                  vpiActual: IntTypespec
                vpiConstType: unsigned int (9)
                vpiSize: 64
                vpiDecompile: "0"
                vpiValue: 0
          vpiVector: true
        BitTypespec:
          vpiParent: Module name:PLLE3_BASE
        LogicTypespec:
          vpiParent: Module name:PLLE3_BASE
          vpiRange (1 items):
            Range start:52:13 end:52:18:
              vpiParent: LogicTypespec
              vpiLeftRange Constant start:52:14 end:52:15:
                vpiParent: Range
                vpiTypespec RefTypespec:
                  vpiParent: Constant
                  vpiFullName: PLLE3_BASE
                  vpiActual: IntTypespec
                vpiConstType: unsigned int (9)
                vpiSize: 64
                vpiDecompile: "0"
                vpiValue: 0
              vpiRightRange Constant start:52:16 end:52:17:
                vpiParent: Range
                vpiTypespec RefTypespec:
                  vpiParent: Constant
                  vpiFullName: PLLE3_BASE
                  vpiActual: IntTypespec
                vpiConstType: unsigned int (9)
                vpiSize: 64
                vpiDecompile: "0"
                vpiValue: 0
          vpiVector: true
        LogicTypespec:
          vpiParent: Module name:PLLE3_BASE
          vpiRange (1 items):
            Range start:53:13 end:53:18:
              vpiParent: LogicTypespec
              vpiLeftRange Constant start:53:14 end:53:15:
                vpiParent: Range
                vpiTypespec RefTypespec:
                  vpiParent: Constant
                  vpiFullName: PLLE3_BASE
                  vpiActual: IntTypespec
                vpiConstType: unsigned int (9)
                vpiSize: 64
                vpiDecompile: "0"
                vpiValue: 0
              vpiRightRange Constant start:53:16 end:53:17:
                vpiParent: Range
                vpiTypespec RefTypespec:
                  vpiParent: Constant
                  vpiFullName: PLLE3_BASE
                  vpiActual: IntTypespec
                vpiConstType: unsigned int (9)
                vpiSize: 64
                vpiDecompile: "0"
                vpiValue: 0
          vpiVector: true
        LogicTypespec:
          vpiParent: Module name:PLLE3_BASE
          vpiRange (1 items):
            Range start:54:13 end:54:18:
              vpiParent: LogicTypespec
              vpiLeftRange Constant start:54:14 end:54:15:
                vpiParent: Range
                vpiTypespec RefTypespec:
                  vpiParent: Constant
                  vpiFullName: PLLE3_BASE
                  vpiActual: IntTypespec
                vpiConstType: unsigned int (9)
                vpiSize: 64
                vpiDecompile: "0"
                vpiValue: 0
              vpiRightRange Constant start:54:16 end:54:17:
                vpiParent: Range
                vpiTypespec RefTypespec:
                  vpiParent: Constant
                  vpiFullName: PLLE3_BASE
                  vpiActual: IntTypespec
                vpiConstType: unsigned int (9)
                vpiSize: 64
                vpiDecompile: "0"
                vpiValue: 0
          vpiVector: true
        LogicTypespec:
          vpiParent: Module name:PLLE3_BASE
          vpiRange (1 items):
            Range start:89:8 end:89:14:
              vpiParent: LogicTypespec
              vpiLeftRange Constant start:89:9 end:89:11:
                vpiParent: Range
                vpiTypespec RefTypespec:
                  vpiParent: Constant
                  vpiFullName: PLLE3_BASE
                  vpiActual: IntTypespec
                vpiConstType: unsigned int (9)
                vpiSize: 64
                vpiDecompile: "15"
                vpiValue: 15
              vpiRightRange Constant start:89:12 end:89:13:
                vpiParent: Range
                vpiTypespec RefTypespec:
                  vpiParent: Constant
                  vpiFullName: PLLE3_BASE
                  vpiActual: IntTypespec
                vpiConstType: unsigned int (9)
                vpiSize: 64
                vpiDecompile: "0"
                vpiValue: 0
          vpiVector: true
        UnsupportedTypespec name:PLLE3_ADV start:91:3 end:91:12:
          vpiParent: Module name:PLLE3_BASE
          vpiName Identifier name:PLLE3_ADV start:91:3 end:91:12:
            vpiParent: UnsupportedTypespec name:PLLE3_ADV
            vpiName: PLLE3_ADV
      vpiDefName: PLLE3_BASE
      vpiDefNetType: wire (1)
      vpiTimePrecision: -12
      vpiTimeUnit: -12
      vpiLibrary RefObj name:work:
        vpiParent: Module name:PLLE3_BASE
        vpiName: work
        vpiFullName: PLLE3_BASE.work
      vpiCell: PLLE3_BASE
      vpiNet (17 items):
        Net name:CLKFBOUT start:58:10 end:58:18:
          vpiParent: Module name:PLLE3_BASE
          vpiTypespec RefTypespec start:58:3 end:58:9:
            vpiParent: Net name:CLKFBOUT
            vpiFullName: PLLE3_BASE.CLKFBOUT
            vpiActual: LogicTypespec
          vpiName: CLKFBOUT
          vpiFullName: PLLE3_BASE.CLKFBOUT
          vpiNetType: wire (1)
          vpiScalar: true
        Net name:CLKOUT0 start:59:10 end:59:17:
          vpiParent: Module name:PLLE3_BASE
          vpiTypespec RefTypespec start:59:3 end:59:9:
            vpiParent: Net name:CLKOUT0
            vpiFullName: PLLE3_BASE.CLKOUT0
            vpiActual: LogicTypespec
          vpiName: CLKOUT0
          vpiFullName: PLLE3_BASE.CLKOUT0
          vpiNetType: wire (1)
          vpiScalar: true
        Net name:CLKOUT0B start:60:10 end:60:18:
          vpiParent: Module name:PLLE3_BASE
          vpiTypespec RefTypespec start:60:3 end:60:9:
            vpiParent: Net name:CLKOUT0B
            vpiFullName: PLLE3_BASE.CLKOUT0B
            vpiActual: LogicTypespec
          vpiName: CLKOUT0B
          vpiFullName: PLLE3_BASE.CLKOUT0B
          vpiNetType: wire (1)
          vpiScalar: true
        Net name:CLKOUT1 start:61:10 end:61:17:
          vpiParent: Module name:PLLE3_BASE
          vpiTypespec RefTypespec start:61:3 end:61:9:
            vpiParent: Net name:CLKOUT1
            vpiFullName: PLLE3_BASE.CLKOUT1
            vpiActual: LogicTypespec
          vpiName: CLKOUT1
          vpiFullName: PLLE3_BASE.CLKOUT1
          vpiNetType: wire (1)
          vpiScalar: true
        Net name:CLKOUT1B start:62:10 end:62:18:
          vpiParent: Module name:PLLE3_BASE
          vpiTypespec RefTypespec start:62:3 end:62:9:
            vpiParent: Net name:CLKOUT1B
            vpiFullName: PLLE3_BASE.CLKOUT1B
            vpiActual: LogicTypespec
          vpiName: CLKOUT1B
          vpiFullName: PLLE3_BASE.CLKOUT1B
          vpiNetType: wire (1)
          vpiScalar: true
        Net name:CLKOUTPHY start:63:10 end:63:19:
          vpiParent: Module name:PLLE3_BASE
          vpiTypespec RefTypespec start:63:3 end:63:9:
            vpiParent: Net name:CLKOUTPHY
            vpiFullName: PLLE3_BASE.CLKOUTPHY
            vpiActual: LogicTypespec
          vpiName: CLKOUTPHY
          vpiFullName: PLLE3_BASE.CLKOUTPHY
          vpiNetType: wire (1)
          vpiScalar: true
        Net name:LOCKED start:64:10 end:64:16:
          vpiParent: Module name:PLLE3_BASE
          vpiTypespec RefTypespec start:64:3 end:64:9:
            vpiParent: Net name:LOCKED
            vpiFullName: PLLE3_BASE.LOCKED
            vpiActual: LogicTypespec
          vpiName: LOCKED
          vpiFullName: PLLE3_BASE.LOCKED
          vpiNetType: wire (1)
          vpiScalar: true
        Net name:CLKFBIN start:66:9 end:66:16:
          vpiParent: Module name:PLLE3_BASE
          vpiTypespec RefTypespec start:66:3 end:66:8:
            vpiParent: Net name:CLKFBIN
            vpiFullName: PLLE3_BASE.CLKFBIN
            vpiActual: LogicTypespec
          vpiName: CLKFBIN
          vpiFullName: PLLE3_BASE.CLKFBIN
          vpiNetType: wire (1)
          vpiScalar: true
        Net name:CLKIN start:67:9 end:67:14:
          vpiParent: Module name:PLLE3_BASE
          vpiTypespec RefTypespec start:67:3 end:67:8:
            vpiParent: Net name:CLKIN
            vpiFullName: PLLE3_BASE.CLKIN
            vpiActual: LogicTypespec
          vpiName: CLKIN
          vpiFullName: PLLE3_BASE.CLKIN
          vpiNetType: wire (1)
          vpiScalar: true
        Net name:CLKOUTPHYEN start:68:9 end:68:20:
          vpiParent: Module name:PLLE3_BASE
          vpiTypespec RefTypespec start:68:3 end:68:8:
            vpiParent: Net name:CLKOUTPHYEN
            vpiFullName: PLLE3_BASE.CLKOUTPHYEN
            vpiActual: LogicTypespec
          vpiName: CLKOUTPHYEN
          vpiFullName: PLLE3_BASE.CLKOUTPHYEN
          vpiNetType: wire (1)
          vpiScalar: true
        Net name:PWRDWN start:69:9 end:69:15:
          vpiParent: Module name:PLLE3_BASE
          vpiTypespec RefTypespec start:69:3 end:69:8:
            vpiParent: Net name:PWRDWN
            vpiFullName: PLLE3_BASE.PWRDWN
            vpiActual: LogicTypespec
          vpiName: PWRDWN
          vpiFullName: PLLE3_BASE.PWRDWN
          vpiNetType: wire (1)
          vpiScalar: true
        Net name:RST start:70:9 end:70:12:
          vpiParent: Module name:PLLE3_BASE
          vpiTypespec RefTypespec start:70:3 end:70:8:
            vpiParent: Net name:RST
            vpiFullName: PLLE3_BASE.RST
            vpiActual: LogicTypespec
          vpiName: RST
          vpiFullName: PLLE3_BASE.RST
          vpiNetType: wire (1)
          vpiScalar: true
        Net name:OPEN_DRDY start:85:8 end:85:17:
          vpiParent: Module name:PLLE3_BASE
          vpiTypespec RefTypespec start:85:8 end:85:8:
            vpiParent: Net name:OPEN_DRDY
            vpiFullName: PLLE3_BASE.OPEN_DRDY
            vpiActual: LogicTypespec
          vpiName: OPEN_DRDY
          vpiFullName: PLLE3_BASE.OPEN_DRDY
          vpiNetType: wire (1)
          vpiScalar: true
        Net name:OPEN_PSDONE start:86:8 end:86:19:
          vpiParent: Module name:PLLE3_BASE
          vpiTypespec RefTypespec start:86:8 end:86:8:
            vpiParent: Net name:OPEN_PSDONE
            vpiFullName: PLLE3_BASE.OPEN_PSDONE
            vpiActual: LogicTypespec
          vpiName: OPEN_PSDONE
          vpiFullName: PLLE3_BASE.OPEN_PSDONE
          vpiNetType: wire (1)
          vpiScalar: true
        Net name:OPEN_FBS start:87:8 end:87:16:
          vpiParent: Module name:PLLE3_BASE
          vpiTypespec RefTypespec start:87:8 end:87:8:
            vpiParent: Net name:OPEN_FBS
            vpiFullName: PLLE3_BASE.OPEN_FBS
            vpiActual: LogicTypespec
          vpiName: OPEN_FBS
          vpiFullName: PLLE3_BASE.OPEN_FBS
          vpiNetType: wire (1)
          vpiScalar: true
        Net name:OPEN_INS start:88:8 end:88:16:
          vpiParent: Module name:PLLE3_BASE
          vpiTypespec RefTypespec start:88:8 end:88:8:
            vpiParent: Net name:OPEN_INS
            vpiFullName: PLLE3_BASE.OPEN_INS
            vpiActual: LogicTypespec
          vpiName: OPEN_INS
          vpiFullName: PLLE3_BASE.OPEN_INS
          vpiNetType: wire (1)
          vpiScalar: true
        Net name:OPEN_DO start:89:15 end:89:22:
          vpiParent: Module name:PLLE3_BASE
          vpiTypespec RefTypespec start:89:8 end:89:14:
            vpiParent: Net name:OPEN_DO
            vpiFullName: PLLE3_BASE.OPEN_DO
            vpiActual: LogicTypespec
          vpiName: OPEN_DO
          vpiFullName: PLLE3_BASE.OPEN_DO
          vpiNetType: wire (1)
          vpiVector: true
      vpiPort (12 items):
        Port name:CLKFBOUT start:58:10 end:58:18:
          vpiParent: Module name:PLLE3_BASE
          vpiName: CLKFBOUT
          vpiDirection: output (2)
          vpiLowConn RefObj name:CLKFBOUT start:58:10 end:58:18:
            vpiParent: Port name:CLKFBOUT
            vpiName: CLKFBOUT
            vpiFullName: PLLE3_BASE.CLKFBOUT.CLKFBOUT
            vpiActual: Net name:CLKFBOUT
          vpiTypespec RefTypespec start:58:3 end:58:9:
            vpiParent: Port name:CLKFBOUT
            vpiFullName: PLLE3_BASE.CLKFBOUT
            vpiActual: LogicTypespec
        Port name:CLKOUT0 start:59:10 end:59:17:
          vpiParent: Module name:PLLE3_BASE
          vpiName: CLKOUT0
          vpiDirection: output (2)
          vpiLowConn RefObj name:CLKOUT0 start:59:10 end:59:17:
            vpiParent: Port name:CLKOUT0
            vpiName: CLKOUT0
            vpiFullName: PLLE3_BASE.CLKOUT0.CLKOUT0
            vpiActual: Net name:CLKOUT0
          vpiTypespec RefTypespec start:59:3 end:59:9:
            vpiParent: Port name:CLKOUT0
            vpiFullName: PLLE3_BASE.CLKOUT0
            vpiActual: LogicTypespec
        Port name:CLKOUT0B start:60:10 end:60:18:
          vpiParent: Module name:PLLE3_BASE
          vpiName: CLKOUT0B
          vpiDirection: output (2)
          vpiLowConn RefObj name:CLKOUT0B start:60:10 end:60:18:
            vpiParent: Port name:CLKOUT0B
            vpiName: CLKOUT0B
            vpiFullName: PLLE3_BASE.CLKOUT0B.CLKOUT0B
            vpiActual: Net name:CLKOUT0B
          vpiTypespec RefTypespec start:60:3 end:60:9:
            vpiParent: Port name:CLKOUT0B
            vpiFullName: PLLE3_BASE.CLKOUT0B
            vpiActual: LogicTypespec
        Port name:CLKOUT1 start:61:10 end:61:17:
          vpiParent: Module name:PLLE3_BASE
          vpiName: CLKOUT1
          vpiDirection: output (2)
          vpiLowConn RefObj name:CLKOUT1 start:61:10 end:61:17:
            vpiParent: Port name:CLKOUT1
            vpiName: CLKOUT1
            vpiFullName: PLLE3_BASE.CLKOUT1.CLKOUT1
            vpiActual: Net name:CLKOUT1
          vpiTypespec RefTypespec start:61:3 end:61:9:
            vpiParent: Port name:CLKOUT1
            vpiFullName: PLLE3_BASE.CLKOUT1
            vpiActual: LogicTypespec
        Port name:CLKOUT1B start:62:10 end:62:18:
          vpiParent: Module name:PLLE3_BASE
          vpiName: CLKOUT1B
          vpiDirection: output (2)
          vpiLowConn RefObj name:CLKOUT1B start:62:10 end:62:18:
            vpiParent: Port name:CLKOUT1B
            vpiName: CLKOUT1B
            vpiFullName: PLLE3_BASE.CLKOUT1B.CLKOUT1B
            vpiActual: Net name:CLKOUT1B
          vpiTypespec RefTypespec start:62:3 end:62:9:
            vpiParent: Port name:CLKOUT1B
            vpiFullName: PLLE3_BASE.CLKOUT1B
            vpiActual: LogicTypespec
        Port name:CLKOUTPHY start:63:10 end:63:19:
          vpiParent: Module name:PLLE3_BASE
          vpiName: CLKOUTPHY
          vpiDirection: output (2)
          vpiLowConn RefObj name:CLKOUTPHY start:63:10 end:63:19:
            vpiParent: Port name:CLKOUTPHY
            vpiName: CLKOUTPHY
            vpiFullName: PLLE3_BASE.CLKOUTPHY.CLKOUTPHY
            vpiActual: Net name:CLKOUTPHY
          vpiTypespec RefTypespec start:63:3 end:63:9:
            vpiParent: Port name:CLKOUTPHY
            vpiFullName: PLLE3_BASE.CLKOUTPHY
            vpiActual: LogicTypespec
        Port name:LOCKED start:64:10 end:64:16:
          vpiParent: Module name:PLLE3_BASE
          vpiName: LOCKED
          vpiDirection: output (2)
          vpiLowConn RefObj name:LOCKED start:64:10 end:64:16:
            vpiParent: Port name:LOCKED
            vpiName: LOCKED
            vpiFullName: PLLE3_BASE.LOCKED.LOCKED
            vpiActual: Net name:LOCKED
          vpiTypespec RefTypespec start:64:3 end:64:9:
            vpiParent: Port name:LOCKED
            vpiFullName: PLLE3_BASE.LOCKED
            vpiActual: LogicTypespec
        Port name:CLKFBIN start:66:9 end:66:16:
          vpiParent: Module name:PLLE3_BASE
          vpiName: CLKFBIN
          vpiDirection: input (1)
          vpiLowConn RefObj name:CLKFBIN start:66:9 end:66:16:
            vpiParent: Port name:CLKFBIN
            vpiName: CLKFBIN
            vpiFullName: PLLE3_BASE.CLKFBIN.CLKFBIN
            vpiActual: Net name:CLKFBIN
          vpiTypespec RefTypespec start:66:3 end:66:8:
            vpiParent: Port name:CLKFBIN
            vpiFullName: PLLE3_BASE.CLKFBIN
            vpiActual: LogicTypespec
        Port name:CLKIN start:67:9 end:67:14:
          vpiParent: Module name:PLLE3_BASE
          vpiName: CLKIN
          vpiDirection: input (1)
          vpiLowConn RefObj name:CLKIN start:67:9 end:67:14:
            vpiParent: Port name:CLKIN
            vpiName: CLKIN
            vpiFullName: PLLE3_BASE.CLKIN.CLKIN
            vpiActual: Net name:CLKIN
          vpiTypespec RefTypespec start:67:3 end:67:8:
            vpiParent: Port name:CLKIN
            vpiFullName: PLLE3_BASE.CLKIN
            vpiActual: LogicTypespec
        Port name:CLKOUTPHYEN start:68:9 end:68:20:
          vpiParent: Module name:PLLE3_BASE
          vpiName: CLKOUTPHYEN
          vpiDirection: input (1)
          vpiLowConn RefObj name:CLKOUTPHYEN start:68:9 end:68:20:
            vpiParent: Port name:CLKOUTPHYEN
            vpiName: CLKOUTPHYEN
            vpiFullName: PLLE3_BASE.CLKOUTPHYEN.CLKOUTPHYEN
            vpiActual: Net name:CLKOUTPHYEN
          vpiTypespec RefTypespec start:68:3 end:68:8:
            vpiParent: Port name:CLKOUTPHYEN
            vpiFullName: PLLE3_BASE.CLKOUTPHYEN
            vpiActual: LogicTypespec
        Port name:PWRDWN start:69:9 end:69:15:
          vpiParent: Module name:PLLE3_BASE
          vpiName: PWRDWN
          vpiDirection: input (1)
          vpiLowConn RefObj name:PWRDWN start:69:9 end:69:15:
            vpiParent: Port name:PWRDWN
            vpiName: PWRDWN
            vpiFullName: PLLE3_BASE.PWRDWN.PWRDWN
            vpiActual: Net name:PWRDWN
          vpiTypespec RefTypespec start:69:3 end:69:8:
            vpiParent: Port name:PWRDWN
            vpiFullName: PLLE3_BASE.PWRDWN
            vpiActual: LogicTypespec
        Port name:RST start:70:9 end:70:12:
          vpiParent: Module name:PLLE3_BASE
          vpiName: RST
          vpiDirection: input (1)
          vpiLowConn RefObj name:RST start:70:9 end:70:12:
            vpiParent: Port name:RST
            vpiName: RST
            vpiFullName: PLLE3_BASE.RST.RST
            vpiActual: Net name:RST
          vpiTypespec RefTypespec start:70:3 end:70:8:
            vpiParent: Port name:RST
            vpiFullName: PLLE3_BASE.RST
            vpiActual: LogicTypespec
      vpiProcess (1 items):
        Initial start:76:3 end:83:6:
          vpiParent: Module name:PLLE3_BASE
          vpiStmt Begin start:76:11 end:83:6:
            vpiParent: Initial
            vpiFullName: PLLE3_BASE
            vpiStmt (2 items):
              DelayControl start:77:5 end:77:7:
                vpiParent: Begin
                vpiDelay Constant start:77:6 end:77:7:
                  vpiParent: DelayControl
                  vpiTypespec RefTypespec:
                    vpiParent: Constant
                    vpiFullName: PLLE3_BASE
                    vpiActual: IntTypespec
                  vpiConstType: int (7)
                  vpiSize: 32
                  vpiDecompile: "1"
                  vpiValue: 1
              IfStmt start:78:5 end:82:8:
                vpiParent: Begin
                vpiCondition Operation start:78:9 end:78:23:
                  vpiParent: IfStmt
                  vpiOpType: equal (14)
                  vpiOperand (2 items):
                    SysFuncCall name:$realtime start:78:9 end:78:18:
                      vpiParent: Operation
                      vpiName Identifier name:$realtime start:78:9 end:78:18:
                        vpiParent: SysFuncCall name:$realtime
                        vpiName: "$realtime"
                    Constant start:78:22 end:78:23:
                      vpiParent: Operation
                      vpiTypespec RefTypespec:
                        vpiParent: Constant
                        vpiFullName: PLLE3_BASE
                        vpiActual: IntTypespec
                      vpiConstType: unsigned int (9)
                      vpiSize: 64
                      vpiDecompile: "0"
                      vpiValue: 0
                vpiStmt Begin start:78:25 end:82:8:
                  vpiParent: IfStmt
                  vpiFullName: PLLE3_BASE
                  vpiStmt (3 items):
                    SysTaskCall name:$display start:79:7 end:79:112:
                      vpiParent: Begin
                      vpiName Identifier name:$display start:79:7 end:79:15:
                        vpiParent: SysTaskCall name:$display
                        vpiName: "$display"
                      vpiArgument (2 items):
                        Constant start:79:17 end:79:98:
                          vpiParent: SysTaskCall name:$display
                          vpiTypespec RefTypespec:
                            vpiParent: Constant
                            vpiFullName: PLLE3_BASE
                            vpiActual: StringTypespec
                          vpiConstType: string (6)
                          vpiSize: 632
                          vpiDecompile: "\"Error: [Unisim %s-1] Simulator resolution is set to a value greater than 1 ps. \""
                          vpiValue: "Error: [Unisim %s-1] Simulator resolution is set to a value greater than 1 ps. "
                        RefObj name:MODULE_NAME start:79:100 end:79:111:
                          vpiParent: SysTaskCall name:$display
                          vpiName: MODULE_NAME
                          vpiFullName: PLLE3_BASE.MODULE_NAME
                          vpiActual: Parameter name:MODULE_NAME
                    SysTaskCall name:$display start:80:7 end:80:87:
                      vpiParent: Begin
                      vpiName Identifier name:$display start:80:7 end:80:15:
                        vpiParent: SysTaskCall name:$display
                        vpiName: "$display"
                      vpiArgument (1 items):
                        Constant start:80:17 end:80:86:
                          vpiParent: SysTaskCall name:$display
                          vpiTypespec RefTypespec:
                            vpiParent: Constant
                            vpiFullName: PLLE3_BASE
                            vpiActual: StringTypespec
                          vpiConstType: string (6)
                          vpiSize: 536
                          vpiDecompile: "\"The simulator resolution must be set to 1ps or smaller. Instance %m\""
                          vpiValue: The simulator resolution must be set to 1ps or smaller. Instance %m
                    DelayControl start:81:7 end:81:18:
                      vpiParent: Begin
                      vpiStmt SysTaskCall name:$finish start:81:10 end:81:17:
                        vpiParent: DelayControl
                        vpiName Identifier name:$finish start:81:10 end:81:17:
                          vpiParent: SysTaskCall name:$finish
                          vpiName: "$finish"
                      vpiDelay Constant start:81:8 end:81:9:
                        vpiParent: DelayControl
                        vpiTypespec RefTypespec:
                          vpiParent: Constant
                          vpiFullName: PLLE3_BASE
                          vpiActual: IntTypespec
                        vpiConstType: int (7)
                        vpiSize: 32
                        vpiDecompile: "1"
                        vpiValue: 1
      vpiRefInstance (1 items):
        RefInstance name:pll_adv_1 start:109:9 end:109:18:
          vpiParent: Module name:PLLE3_BASE
          vpiName: pll_adv_1
          vpiTypespec RefTypespec name:PLLE3_ADV start:91:3 end:91:12:
            vpiParent: RefInstance name:pll_adv_1
            vpiName: PLLE3_ADV
            vpiFullName: PLLE3_BASE.pll_adv_1.PLLE3_ADV
            vpiActual: UnsupportedTypespec name:PLLE3_ADV
          vpiParamAssign (17 items):
            ParamAssign start:92:8 end:92:37:
              vpiParent: RefInstance name:pll_adv_1
              vpiConnByName: true
              vpiOverridden: true
              vpiLhs RefObj name:CLKFBOUT_MULT start:92:9 end:92:22:
                vpiParent: ParamAssign
                vpiName: CLKFBOUT_MULT
                vpiFullName: PLLE3_BASE.pll_adv_1.CLKFBOUT_MULT
                vpiActual: Parameter name:CLKFBOUT_MULT
              vpiRhs RefObj name:CLKFBOUT_MULT start:92:23 end:92:36:
                vpiParent: ParamAssign
                vpiName: CLKFBOUT_MULT
                vpiFullName: PLLE3_BASE.pll_adv_1.CLKFBOUT_MULT
                vpiActual: Parameter name:CLKFBOUT_MULT
            ParamAssign start:93:8 end:93:39:
              vpiParent: RefInstance name:pll_adv_1
              vpiConnByName: true
              vpiOverridden: true
              vpiLhs RefObj name:CLKFBOUT_PHASE start:93:9 end:93:23:
                vpiParent: ParamAssign
                vpiName: CLKFBOUT_PHASE
                vpiFullName: PLLE3_BASE.pll_adv_1.CLKFBOUT_PHASE
                vpiActual: Parameter name:CLKFBOUT_PHASE
              vpiRhs RefObj name:CLKFBOUT_PHASE start:93:24 end:93:38:
                vpiParent: ParamAssign
                vpiName: CLKFBOUT_PHASE
                vpiFullName: PLLE3_BASE.pll_adv_1.CLKFBOUT_PHASE
                vpiActual: Parameter name:CLKFBOUT_PHASE
            ParamAssign start:94:8 end:94:35:
              vpiParent: RefInstance name:pll_adv_1
              vpiConnByName: true
              vpiOverridden: true
              vpiLhs RefObj name:CLKIN_PERIOD start:94:9 end:94:21:
                vpiParent: ParamAssign
                vpiName: CLKIN_PERIOD
                vpiFullName: PLLE3_BASE.pll_adv_1.CLKIN_PERIOD
                vpiActual: Parameter name:CLKIN_PERIOD
              vpiRhs RefObj name:CLKIN_PERIOD start:94:22 end:94:34:
                vpiParent: ParamAssign
                vpiName: CLKIN_PERIOD
                vpiFullName: PLLE3_BASE.pll_adv_1.CLKIN_PERIOD
                vpiActual: Parameter name:CLKIN_PERIOD
            ParamAssign start:95:8 end:95:39:
              vpiParent: RefInstance name:pll_adv_1
              vpiConnByName: true
              vpiOverridden: true
              vpiLhs RefObj name:CLKOUT0_DIVIDE start:95:9 end:95:23:
                vpiParent: ParamAssign
                vpiName: CLKOUT0_DIVIDE
                vpiFullName: PLLE3_BASE.pll_adv_1.CLKOUT0_DIVIDE
                vpiActual: Parameter name:CLKOUT0_DIVIDE
              vpiRhs RefObj name:CLKOUT0_DIVIDE start:95:24 end:95:38:
                vpiParent: ParamAssign
                vpiName: CLKOUT0_DIVIDE
                vpiFullName: PLLE3_BASE.pll_adv_1.CLKOUT0_DIVIDE
                vpiActual: Parameter name:CLKOUT0_DIVIDE
            ParamAssign start:96:8 end:96:47:
              vpiParent: RefInstance name:pll_adv_1
              vpiConnByName: true
              vpiOverridden: true
              vpiLhs RefObj name:CLKOUT0_DUTY_CYCLE start:96:9 end:96:27:
                vpiParent: ParamAssign
                vpiName: CLKOUT0_DUTY_CYCLE
                vpiFullName: PLLE3_BASE.pll_adv_1.CLKOUT0_DUTY_CYCLE
                vpiActual: Parameter name:CLKOUT0_DUTY_CYCLE
              vpiRhs RefObj name:CLKOUT0_DUTY_CYCLE start:96:28 end:96:46:
                vpiParent: ParamAssign
                vpiName: CLKOUT0_DUTY_CYCLE
                vpiFullName: PLLE3_BASE.pll_adv_1.CLKOUT0_DUTY_CYCLE
                vpiActual: Parameter name:CLKOUT0_DUTY_CYCLE
            ParamAssign start:97:8 end:97:37:
              vpiParent: RefInstance name:pll_adv_1
              vpiConnByName: true
              vpiOverridden: true
              vpiLhs RefObj name:CLKOUT0_PHASE start:97:9 end:97:22:
                vpiParent: ParamAssign
                vpiName: CLKOUT0_PHASE
                vpiFullName: PLLE3_BASE.pll_adv_1.CLKOUT0_PHASE
                vpiActual: Parameter name:CLKOUT0_PHASE
              vpiRhs RefObj name:CLKOUT0_PHASE start:97:23 end:97:36:
                vpiParent: ParamAssign
                vpiName: CLKOUT0_PHASE
                vpiFullName: PLLE3_BASE.pll_adv_1.CLKOUT0_PHASE
                vpiActual: Parameter name:CLKOUT0_PHASE
            ParamAssign start:98:8 end:98:39:
              vpiParent: RefInstance name:pll_adv_1
              vpiConnByName: true
              vpiOverridden: true
              vpiLhs RefObj name:CLKOUT1_DIVIDE start:98:9 end:98:23:
                vpiParent: ParamAssign
                vpiName: CLKOUT1_DIVIDE
                vpiFullName: PLLE3_BASE.pll_adv_1.CLKOUT1_DIVIDE
                vpiActual: Parameter name:CLKOUT1_DIVIDE
              vpiRhs RefObj name:CLKOUT1_DIVIDE start:98:24 end:98:38:
                vpiParent: ParamAssign
                vpiName: CLKOUT1_DIVIDE
                vpiFullName: PLLE3_BASE.pll_adv_1.CLKOUT1_DIVIDE
                vpiActual: Parameter name:CLKOUT1_DIVIDE
            ParamAssign start:99:8 end:99:47:
              vpiParent: RefInstance name:pll_adv_1
              vpiConnByName: true
              vpiOverridden: true
              vpiLhs RefObj name:CLKOUT1_DUTY_CYCLE start:99:9 end:99:27:
                vpiParent: ParamAssign
                vpiName: CLKOUT1_DUTY_CYCLE
                vpiFullName: PLLE3_BASE.pll_adv_1.CLKOUT1_DUTY_CYCLE
                vpiActual: Parameter name:CLKOUT1_DUTY_CYCLE
              vpiRhs RefObj name:CLKOUT1_DUTY_CYCLE start:99:28 end:99:46:
                vpiParent: ParamAssign
                vpiName: CLKOUT1_DUTY_CYCLE
                vpiFullName: PLLE3_BASE.pll_adv_1.CLKOUT1_DUTY_CYCLE
                vpiActual: Parameter name:CLKOUT1_DUTY_CYCLE
            ParamAssign start:100:8 end:100:37:
              vpiParent: RefInstance name:pll_adv_1
              vpiConnByName: true
              vpiOverridden: true
              vpiLhs RefObj name:CLKOUT1_PHASE start:100:9 end:100:22:
                vpiParent: ParamAssign
                vpiName: CLKOUT1_PHASE
                vpiFullName: PLLE3_BASE.pll_adv_1.CLKOUT1_PHASE
                vpiActual: Parameter name:CLKOUT1_PHASE
              vpiRhs RefObj name:CLKOUT1_PHASE start:100:23 end:100:36:
                vpiParent: ParamAssign
                vpiName: CLKOUT1_PHASE
                vpiFullName: PLLE3_BASE.pll_adv_1.CLKOUT1_PHASE
                vpiActual: Parameter name:CLKOUT1_PHASE
            ParamAssign start:101:8 end:101:39:
              vpiParent: RefInstance name:pll_adv_1
              vpiConnByName: true
              vpiOverridden: true
              vpiLhs RefObj name:CLKOUTPHY_MODE start:101:9 end:101:23:
                vpiParent: ParamAssign
                vpiName: CLKOUTPHY_MODE
                vpiFullName: PLLE3_BASE.pll_adv_1.CLKOUTPHY_MODE
                vpiActual: Parameter name:CLKOUTPHY_MODE
              vpiRhs RefObj name:CLKOUTPHY_MODE start:101:24 end:101:38:
                vpiParent: ParamAssign
                vpiName: CLKOUTPHY_MODE
                vpiFullName: PLLE3_BASE.pll_adv_1.CLKOUTPHY_MODE
                vpiActual: Parameter name:CLKOUTPHY_MODE
            ParamAssign start:102:8 end:102:37:
              vpiParent: RefInstance name:pll_adv_1
              vpiConnByName: true
              vpiOverridden: true
              vpiLhs RefObj name:DIVCLK_DIVIDE start:102:9 end:102:22:
                vpiParent: ParamAssign
                vpiName: DIVCLK_DIVIDE
                vpiFullName: PLLE3_BASE.pll_adv_1.DIVCLK_DIVIDE
                vpiActual: Parameter name:DIVCLK_DIVIDE
              vpiRhs RefObj name:DIVCLK_DIVIDE start:102:23 end:102:36:
                vpiParent: ParamAssign
                vpiName: DIVCLK_DIVIDE
                vpiFullName: PLLE3_BASE.pll_adv_1.DIVCLK_DIVIDE
                vpiActual: Parameter name:DIVCLK_DIVIDE
            ParamAssign start:103:8 end:103:49:
              vpiParent: RefInstance name:pll_adv_1
              vpiConnByName: true
              vpiOverridden: true
              vpiLhs RefObj name:IS_CLKFBIN_INVERTED start:103:9 end:103:28:
                vpiParent: ParamAssign
                vpiName: IS_CLKFBIN_INVERTED
                vpiFullName: PLLE3_BASE.pll_adv_1.IS_CLKFBIN_INVERTED
                vpiActual: Parameter name:IS_CLKFBIN_INVERTED
              vpiRhs RefObj name:IS_CLKFBIN_INVERTED start:103:29 end:103:48:
                vpiParent: ParamAssign
                vpiName: IS_CLKFBIN_INVERTED
                vpiFullName: PLLE3_BASE.pll_adv_1.IS_CLKFBIN_INVERTED
                vpiActual: Parameter name:IS_CLKFBIN_INVERTED
            ParamAssign start:104:8 end:104:45:
              vpiParent: RefInstance name:pll_adv_1
              vpiConnByName: true
              vpiOverridden: true
              vpiLhs RefObj name:IS_CLKIN_INVERTED start:104:9 end:104:26:
                vpiParent: ParamAssign
                vpiName: IS_CLKIN_INVERTED
                vpiFullName: PLLE3_BASE.pll_adv_1.IS_CLKIN_INVERTED
                vpiActual: Parameter name:IS_CLKIN_INVERTED
              vpiRhs RefObj name:IS_CLKIN_INVERTED start:104:27 end:104:44:
                vpiParent: ParamAssign
                vpiName: IS_CLKIN_INVERTED
                vpiFullName: PLLE3_BASE.pll_adv_1.IS_CLKIN_INVERTED
                vpiActual: Parameter name:IS_CLKIN_INVERTED
            ParamAssign start:105:8 end:105:47:
              vpiParent: RefInstance name:pll_adv_1
              vpiConnByName: true
              vpiOverridden: true
              vpiLhs RefObj name:IS_PWRDWN_INVERTED start:105:9 end:105:27:
                vpiParent: ParamAssign
                vpiName: IS_PWRDWN_INVERTED
                vpiFullName: PLLE3_BASE.pll_adv_1.IS_PWRDWN_INVERTED
                vpiActual: Parameter name:IS_PWRDWN_INVERTED
              vpiRhs RefObj name:IS_PWRDWN_INVERTED start:105:28 end:105:46:
                vpiParent: ParamAssign
                vpiName: IS_PWRDWN_INVERTED
                vpiFullName: PLLE3_BASE.pll_adv_1.IS_PWRDWN_INVERTED
                vpiActual: Parameter name:IS_PWRDWN_INVERTED
            ParamAssign start:106:8 end:106:41:
              vpiParent: RefInstance name:pll_adv_1
              vpiConnByName: true
              vpiOverridden: true
              vpiLhs RefObj name:IS_RST_INVERTED start:106:9 end:106:24:
                vpiParent: ParamAssign
                vpiName: IS_RST_INVERTED
                vpiFullName: PLLE3_BASE.pll_adv_1.IS_RST_INVERTED
                vpiActual: Parameter name:IS_RST_INVERTED
              vpiRhs RefObj name:IS_RST_INVERTED start:106:25 end:106:40:
                vpiParent: ParamAssign
                vpiName: IS_RST_INVERTED
                vpiFullName: PLLE3_BASE.pll_adv_1.IS_RST_INVERTED
                vpiActual: Parameter name:IS_RST_INVERTED
            ParamAssign start:107:8 end:107:31:
              vpiParent: RefInstance name:pll_adv_1
              vpiConnByName: true
              vpiOverridden: true
              vpiLhs RefObj name:REF_JITTER start:107:9 end:107:19:
                vpiParent: ParamAssign
                vpiName: REF_JITTER
                vpiFullName: PLLE3_BASE.pll_adv_1.REF_JITTER
                vpiActual: Parameter name:REF_JITTER
              vpiRhs RefObj name:REF_JITTER start:107:20 end:107:30:
                vpiParent: ParamAssign
                vpiName: REF_JITTER
                vpiFullName: PLLE3_BASE.pll_adv_1.REF_JITTER
                vpiActual: Parameter name:REF_JITTER
            ParamAssign start:108:8 end:108:35:
              vpiParent: RefInstance name:pll_adv_1
              vpiConnByName: true
              vpiOverridden: true
              vpiLhs RefObj name:STARTUP_WAIT start:108:9 end:108:21:
                vpiParent: ParamAssign
                vpiName: STARTUP_WAIT
                vpiFullName: PLLE3_BASE.pll_adv_1.STARTUP_WAIT
                vpiActual: Parameter name:STARTUP_WAIT
              vpiRhs RefObj name:STARTUP_WAIT start:108:22 end:108:34:
                vpiParent: ParamAssign
                vpiName: STARTUP_WAIT
                vpiFullName: PLLE3_BASE.pll_adv_1.STARTUP_WAIT
                vpiActual: Parameter name:STARTUP_WAIT
          vpiPort (19 items):
            Port start:110:8 end:110:28:
              vpiParent: RefInstance name:pll_adv_1
              vpiLowConn RefObj name:CLKFBOUT start:110:9 end:110:17:
                vpiParent: Port
                vpiName: CLKFBOUT
                vpiFullName: PLLE3_BASE.pll_adv_1.CLKFBOUT
                vpiActual: Net name:CLKFBOUT
              vpiHighConn RefObj name:CLKFBOUT start:110:19 end:110:27:
                vpiParent: Port
                vpiName: CLKFBOUT
                vpiFullName: PLLE3_BASE.pll_adv_1.CLKFBOUT
                vpiActual: Net name:CLKFBOUT
            Port start:111:8 end:111:26:
              vpiParent: RefInstance name:pll_adv_1
              vpiLowConn RefObj name:CLKOUT0 start:111:9 end:111:16:
                vpiParent: Port
                vpiName: CLKOUT0
                vpiFullName: PLLE3_BASE.pll_adv_1.CLKOUT0
                vpiActual: Net name:CLKOUT0
              vpiHighConn RefObj name:CLKOUT0 start:111:18 end:111:25:
                vpiParent: Port
                vpiName: CLKOUT0
                vpiFullName: PLLE3_BASE.pll_adv_1.CLKOUT0
                vpiActual: Net name:CLKOUT0
            Port start:112:8 end:112:28:
              vpiParent: RefInstance name:pll_adv_1
              vpiLowConn RefObj name:CLKOUT0B start:112:9 end:112:17:
                vpiParent: Port
                vpiName: CLKOUT0B
                vpiFullName: PLLE3_BASE.pll_adv_1.CLKOUT0B
                vpiActual: Net name:CLKOUT0B
              vpiHighConn RefObj name:CLKOUT0B start:112:19 end:112:27:
                vpiParent: Port
                vpiName: CLKOUT0B
                vpiFullName: PLLE3_BASE.pll_adv_1.CLKOUT0B
                vpiActual: Net name:CLKOUT0B
            Port start:113:8 end:113:26:
              vpiParent: RefInstance name:pll_adv_1
              vpiLowConn RefObj name:CLKOUT1 start:113:9 end:113:16:
                vpiParent: Port
                vpiName: CLKOUT1
                vpiFullName: PLLE3_BASE.pll_adv_1.CLKOUT1
                vpiActual: Net name:CLKOUT1
              vpiHighConn RefObj name:CLKOUT1 start:113:18 end:113:25:
                vpiParent: Port
                vpiName: CLKOUT1
                vpiFullName: PLLE3_BASE.pll_adv_1.CLKOUT1
                vpiActual: Net name:CLKOUT1
            Port start:114:8 end:114:28:
              vpiParent: RefInstance name:pll_adv_1
              vpiLowConn RefObj name:CLKOUT1B start:114:9 end:114:17:
                vpiParent: Port
                vpiName: CLKOUT1B
                vpiFullName: PLLE3_BASE.pll_adv_1.CLKOUT1B
                vpiActual: Net name:CLKOUT1B
              vpiHighConn RefObj name:CLKOUT1B start:114:19 end:114:27:
                vpiParent: Port
                vpiName: CLKOUT1B
                vpiFullName: PLLE3_BASE.pll_adv_1.CLKOUT1B
                vpiActual: Net name:CLKOUT1B
            Port start:115:8 end:115:30:
              vpiParent: RefInstance name:pll_adv_1
              vpiLowConn RefObj name:CLKOUTPHY start:115:9 end:115:18:
                vpiParent: Port
                vpiName: CLKOUTPHY
                vpiFullName: PLLE3_BASE.pll_adv_1.CLKOUTPHY
                vpiActual: Net name:CLKOUTPHY
              vpiHighConn RefObj name:CLKOUTPHY start:115:20 end:115:29:
                vpiParent: Port
                vpiName: CLKOUTPHY
                vpiFullName: PLLE3_BASE.pll_adv_1.CLKOUTPHY
                vpiActual: Net name:CLKOUTPHY
            Port start:116:8 end:116:34:
              vpiParent: RefInstance name:pll_adv_1
              vpiLowConn RefObj name:CLKOUTPHYEN start:116:9 end:116:20:
                vpiParent: Port
                vpiName: CLKOUTPHYEN
                vpiFullName: PLLE3_BASE.pll_adv_1.CLKOUTPHYEN
                vpiActual: Net name:CLKOUTPHYEN
              vpiHighConn RefObj name:CLKOUTPHYEN start:116:22 end:116:33:
                vpiParent: Port
                vpiName: CLKOUTPHYEN
                vpiFullName: PLLE3_BASE.pll_adv_1.CLKOUTPHYEN
                vpiActual: Net name:CLKOUTPHYEN
            Port start:117:8 end:117:21:
              vpiParent: RefInstance name:pll_adv_1
              vpiLowConn RefObj name:DO start:117:9 end:117:11:
                vpiParent: Port
                vpiName: DO
                vpiFullName: PLLE3_BASE.pll_adv_1.DO
              vpiHighConn RefObj name:OPEN_DO start:117:13 end:117:20:
                vpiParent: Port
                vpiName: OPEN_DO
                vpiFullName: PLLE3_BASE.pll_adv_1.OPEN_DO
                vpiActual: Net name:OPEN_DO
            Port start:118:8 end:118:25:
              vpiParent: RefInstance name:pll_adv_1
              vpiLowConn RefObj name:DRDY start:118:9 end:118:13:
                vpiParent: Port
                vpiName: DRDY
                vpiFullName: PLLE3_BASE.pll_adv_1.DRDY
              vpiHighConn RefObj name:OPEN_DRDY start:118:15 end:118:24:
                vpiParent: Port
                vpiName: OPEN_DRDY
                vpiFullName: PLLE3_BASE.pll_adv_1.OPEN_DRDY
                vpiActual: Net name:OPEN_DRDY
            Port start:119:8 end:119:24:
              vpiParent: RefInstance name:pll_adv_1
              vpiLowConn RefObj name:LOCKED start:119:9 end:119:15:
                vpiParent: Port
                vpiName: LOCKED
                vpiFullName: PLLE3_BASE.pll_adv_1.LOCKED
                vpiActual: Net name:LOCKED
              vpiHighConn RefObj name:LOCKED start:119:17 end:119:23:
                vpiParent: Port
                vpiName: LOCKED
                vpiFullName: PLLE3_BASE.pll_adv_1.LOCKED
                vpiActual: Net name:LOCKED
            Port start:120:8 end:120:26:
              vpiParent: RefInstance name:pll_adv_1
              vpiLowConn RefObj name:CLKFBIN start:120:9 end:120:16:
                vpiParent: Port
                vpiName: CLKFBIN
                vpiFullName: PLLE3_BASE.pll_adv_1.CLKFBIN
                vpiActual: Net name:CLKFBIN
              vpiHighConn RefObj name:CLKFBIN start:120:18 end:120:25:
                vpiParent: Port
                vpiName: CLKFBIN
                vpiFullName: PLLE3_BASE.pll_adv_1.CLKFBIN
                vpiActual: Net name:CLKFBIN
            Port start:121:8 end:121:22:
              vpiParent: RefInstance name:pll_adv_1
              vpiLowConn RefObj name:CLKIN start:121:9 end:121:14:
                vpiParent: Port
                vpiName: CLKIN
                vpiFullName: PLLE3_BASE.pll_adv_1.CLKIN
                vpiActual: Net name:CLKIN
              vpiHighConn RefObj name:CLKIN start:121:16 end:121:21:
                vpiParent: Port
                vpiName: CLKIN
                vpiFullName: PLLE3_BASE.pll_adv_1.CLKIN
                vpiActual: Net name:CLKIN
            Port start:122:8 end:122:21:
              vpiParent: RefInstance name:pll_adv_1
              vpiLowConn RefObj name:DADDR start:122:9 end:122:14:
                vpiParent: Port
                vpiName: DADDR
                vpiFullName: PLLE3_BASE.pll_adv_1.DADDR
              vpiHighConn Constant start:122:16 end:122:20:
                vpiParent: Port
                vpiTypespec RefTypespec:
                  vpiParent: Constant
                  vpiFullName: PLLE3_BASE.pll_adv_1
                  vpiActual: LogicTypespec
                vpiConstType: binary (3)
                vpiSize: 7
                vpiDecompile: "7'b0"
                vpiValue: "0"
            Port start:123:8 end:123:20:
              vpiParent: RefInstance name:pll_adv_1
              vpiLowConn RefObj name:DCLK start:123:9 end:123:13:
                vpiParent: Port
                vpiName: DCLK
                vpiFullName: PLLE3_BASE.pll_adv_1.DCLK
              vpiHighConn Constant start:123:15 end:123:19:
                vpiParent: Port
                vpiTypespec RefTypespec:
                  vpiParent: Constant
                  vpiFullName: PLLE3_BASE.pll_adv_1
                  vpiActual: BitTypespec
                vpiConstType: binary (3)
                vpiSize: 1
                vpiDecompile: "1'b0"
                vpiValue: "0"
            Port start:124:8 end:124:19:
              vpiParent: RefInstance name:pll_adv_1
              vpiLowConn RefObj name:DEN start:124:9 end:124:12:
                vpiParent: Port
                vpiName: DEN
                vpiFullName: PLLE3_BASE.pll_adv_1.DEN
              vpiHighConn Constant start:124:14 end:124:18:
                vpiParent: Port
                vpiTypespec RefTypespec:
                  vpiParent: Constant
                  vpiFullName: PLLE3_BASE.pll_adv_1
                  vpiActual: BitTypespec
                vpiConstType: binary (3)
                vpiSize: 1
                vpiDecompile: "1'b0"
                vpiValue: "0"
            Port start:125:8 end:125:19:
              vpiParent: RefInstance name:pll_adv_1
              vpiLowConn RefObj name:DI start:125:9 end:125:11:
                vpiParent: Port
                vpiName: DI
                vpiFullName: PLLE3_BASE.pll_adv_1.DI
              vpiHighConn Constant start:125:13 end:125:18:
                vpiParent: Port
                vpiTypespec RefTypespec:
                  vpiParent: Constant
                  vpiFullName: PLLE3_BASE.pll_adv_1
                  vpiActual: LogicTypespec
                vpiConstType: binary (3)
                vpiSize: 16
                vpiDecompile: "16'b0"
                vpiValue: "0"
            Port start:126:8 end:126:19:
              vpiParent: RefInstance name:pll_adv_1
              vpiLowConn RefObj name:DWE start:126:9 end:126:12:
                vpiParent: Port
                vpiName: DWE
                vpiFullName: PLLE3_BASE.pll_adv_1.DWE
              vpiHighConn Constant start:126:14 end:126:18:
                vpiParent: Port
                vpiTypespec RefTypespec:
                  vpiParent: Constant
                  vpiFullName: PLLE3_BASE.pll_adv_1
                  vpiActual: BitTypespec
                vpiConstType: binary (3)
                vpiSize: 1
                vpiDecompile: "1'b0"
                vpiValue: "0"
            Port start:127:8 end:127:23:
              vpiParent: RefInstance name:pll_adv_1
              vpiLowConn RefObj name:PWRDWN start:127:9 end:127:15:
                vpiParent: Port
                vpiName: PWRDWN
                vpiFullName: PLLE3_BASE.pll_adv_1.PWRDWN
                vpiActual: Net name:PWRDWN
              vpiHighConn RefObj name:PWRDWN start:127:16 end:127:22:
                vpiParent: Port
                vpiName: PWRDWN
                vpiFullName: PLLE3_BASE.pll_adv_1.PWRDWN
                vpiActual: Net name:PWRDWN
            Port start:128:8 end:128:18:
              vpiParent: RefInstance name:pll_adv_1
              vpiLowConn RefObj name:RST start:128:9 end:128:12:
                vpiParent: Port
                vpiName: RST
                vpiFullName: PLLE3_BASE.pll_adv_1.RST
                vpiActual: Net name:RST
              vpiHighConn RefObj name:RST start:128:14 end:128:17:
                vpiParent: Port
                vpiName: RST
                vpiFullName: PLLE3_BASE.pll_adv_1.RST
                vpiActual: Net name:RST
      vpiSpecifyBlock (1 items):
        SpecifyBlock start:135:3 end:164:13:
          vpiParent: Module name:PLLE3_BASE
          vpiSpecifyItem (4 items):
            ModPath start:136:5 end:136:49:
              vpiParent: SpecifyBlock
              vpiModPathIn (1 items):
                PathTerm start:136:6 end:136:9:
                  vpiParent: ModPath
                  vpiExpr RefObj name:RST start:136:6 end:136:9:
                    vpiParent: PathTerm
                    vpiName: RST
                    vpiFullName: PLLE3_BASE.RST
                    vpiActual: Net name:RST
              vpiModPathOut (1 items):
                PathTerm start:136:13 end:136:19:
                  vpiParent: ModPath
                  vpiExpr RefObj name:LOCKED start:136:13 end:136:19:
                    vpiParent: PathTerm
                    vpiName: LOCKED
                    vpiFullName: PLLE3_BASE.LOCKED
                    vpiActual: Net name:LOCKED
              vpiDelay (2 items):
                Operation start:136:24 end:136:35:
                  vpiParent: ModPath
                  vpiOpType: min:typ:max (38)
                  vpiOperand (3 items):
                    Constant start:136:24 end:136:27:
                      vpiParent: Operation
                      vpiTypespec RefTypespec:
                        vpiParent: Constant
                        vpiFullName: PLLE3_BASE
                        vpiActual: IntTypespec
                      vpiConstType: unsigned int (9)
                      vpiSize: 64
                      vpiDecompile: "100"
                      vpiValue: 100
                    Constant start:136:28 end:136:31:
                      vpiParent: Operation
                      vpiTypespec RefTypespec:
                        vpiParent: Constant
                        vpiFullName: PLLE3_BASE
                        vpiActual: IntTypespec
                      vpiConstType: unsigned int (9)
                      vpiSize: 64
                      vpiDecompile: "100"
                      vpiValue: 100
                    Constant start:136:32 end:136:35:
                      vpiParent: Operation
                      vpiTypespec RefTypespec:
                        vpiParent: Constant
                        vpiFullName: PLLE3_BASE
                        vpiActual: IntTypespec
                      vpiConstType: unsigned int (9)
                      vpiSize: 64
                      vpiDecompile: "100"
                      vpiValue: 100
                Operation start:136:37 end:136:48:
                  vpiParent: ModPath
                  vpiOpType: min:typ:max (38)
                  vpiOperand (3 items):
                    Constant start:136:37 end:136:40:
                      vpiParent: Operation
                      vpiTypespec RefTypespec:
                        vpiParent: Constant
                        vpiFullName: PLLE3_BASE
                        vpiActual: IntTypespec
                      vpiConstType: unsigned int (9)
                      vpiSize: 64
                      vpiDecompile: "100"
                      vpiValue: 100
                    Constant start:136:41 end:136:44:
                      vpiParent: Operation
                      vpiTypespec RefTypespec:
                        vpiParent: Constant
                        vpiFullName: PLLE3_BASE
                        vpiActual: IntTypespec
                      vpiConstType: unsigned int (9)
                      vpiSize: 64
                      vpiDecompile: "100"
                      vpiValue: 100
                    Constant start:136:45 end:136:48:
                      vpiParent: Operation
                      vpiTypespec RefTypespec:
                        vpiParent: Constant
                        vpiFullName: PLLE3_BASE
                        vpiActual: IntTypespec
                      vpiConstType: unsigned int (9)
                      vpiSize: 64
                      vpiDecompile: "100"
                      vpiValue: 100
              vpiPolarity: unknown (3)
            ModPath start:137:5 end:137:64:
              vpiParent: SpecifyBlock
              vpiModPathIn (1 items):
                PathTerm start:137:14 end:137:17:
                  vpiParent: ModPath
                  vpiExpr RefObj name:RST start:137:14 end:137:17:
                    vpiParent: PathTerm
                    vpiName: RST
                    vpiFullName: PLLE3_BASE.RST
                    vpiActual: Net name:RST
              vpiModPathOut (1 items):
                PathTerm start:137:22 end:137:28:
                  vpiParent: ModPath
                  vpiExpr RefObj name:LOCKED start:137:22 end:137:28:
                    vpiParent: PathTerm
                    vpiName: LOCKED
                    vpiFullName: PLLE3_BASE.LOCKED
                    vpiActual: Net name:LOCKED
              vpiModDataPathIn Constant start:137:32 end:137:33:
                vpiParent: ModPath
                vpiTypespec RefTypespec:
                  vpiParent: Constant
                  vpiFullName: PLLE3_BASE
                  vpiActual: IntTypespec
                vpiConstType: unsigned int (9)
                vpiSize: 64
                vpiDecompile: "0"
                vpiValue: 0
              vpiDelay (2 items):
                Operation start:137:39 end:137:50:
                  vpiParent: ModPath
                  vpiOpType: min:typ:max (38)
                  vpiOperand (3 items):
                    Constant start:137:39 end:137:42:
                      vpiParent: Operation
                      vpiTypespec RefTypespec:
                        vpiParent: Constant
                        vpiFullName: PLLE3_BASE
                        vpiActual: IntTypespec
                      vpiConstType: unsigned int (9)
                      vpiSize: 64
                      vpiDecompile: "100"
                      vpiValue: 100
                    Constant start:137:43 end:137:46:
                      vpiParent: Operation
                      vpiTypespec RefTypespec:
                        vpiParent: Constant
                        vpiFullName: PLLE3_BASE
                        vpiActual: IntTypespec
                      vpiConstType: unsigned int (9)
                      vpiSize: 64
                      vpiDecompile: "100"
                      vpiValue: 100
                    Constant start:137:47 end:137:50:
                      vpiParent: Operation
                      vpiTypespec RefTypespec:
                        vpiParent: Constant
                        vpiFullName: PLLE3_BASE
                        vpiActual: IntTypespec
                      vpiConstType: unsigned int (9)
                      vpiSize: 64
                      vpiDecompile: "100"
                      vpiValue: 100
                Operation start:137:52 end:137:63:
                  vpiParent: ModPath
                  vpiOpType: min:typ:max (38)
                  vpiOperand (3 items):
                    Constant start:137:52 end:137:55:
                      vpiParent: Operation
                      vpiTypespec RefTypespec:
                        vpiParent: Constant
                        vpiFullName: PLLE3_BASE
                        vpiActual: IntTypespec
                      vpiConstType: unsigned int (9)
                      vpiSize: 64
                      vpiDecompile: "100"
                      vpiValue: 100
                    Constant start:137:56 end:137:59:
                      vpiParent: Operation
                      vpiTypespec RefTypespec:
                        vpiParent: Constant
                        vpiFullName: PLLE3_BASE
                        vpiActual: IntTypespec
                      vpiConstType: unsigned int (9)
                      vpiSize: 64
                      vpiDecompile: "100"
                      vpiValue: 100
                    Constant start:137:60 end:137:63:
                      vpiParent: Operation
                      vpiTypespec RefTypespec:
                        vpiParent: Constant
                        vpiFullName: PLLE3_BASE
                        vpiActual: IntTypespec
                      vpiConstType: unsigned int (9)
                      vpiSize: 64
                      vpiDecompile: "100"
                      vpiValue: 100
              vpiPathType: parallel path (2)
              vpiPolarity: unknown (3)
              vpiDataPolarity: unknown (3)
              vpiEdge: negedge (50)
            ModPath start:138:5 end:138:64:
              vpiParent: SpecifyBlock
              vpiModPathIn (1 items):
                PathTerm start:138:14 end:138:17:
                  vpiParent: ModPath
                  vpiExpr RefObj name:RST start:138:14 end:138:17:
                    vpiParent: PathTerm
                    vpiName: RST
                    vpiFullName: PLLE3_BASE.RST
                    vpiActual: Net name:RST
              vpiModPathOut (1 items):
                PathTerm start:138:22 end:138:28:
                  vpiParent: ModPath
                  vpiExpr RefObj name:LOCKED start:138:22 end:138:28:
                    vpiParent: PathTerm
                    vpiName: LOCKED
                    vpiFullName: PLLE3_BASE.LOCKED
                    vpiActual: Net name:LOCKED
              vpiModDataPathIn Constant start:138:32 end:138:33:
                vpiParent: ModPath
                vpiTypespec RefTypespec:
                  vpiParent: Constant
                  vpiFullName: PLLE3_BASE
                  vpiActual: IntTypespec
                vpiConstType: unsigned int (9)
                vpiSize: 64
                vpiDecompile: "0"
                vpiValue: 0
              vpiDelay (2 items):
                Operation start:138:39 end:138:50:
                  vpiParent: ModPath
                  vpiOpType: min:typ:max (38)
                  vpiOperand (3 items):
                    Constant start:138:39 end:138:42:
                      vpiParent: Operation
                      vpiTypespec RefTypespec:
                        vpiParent: Constant
                        vpiFullName: PLLE3_BASE
                        vpiActual: IntTypespec
                      vpiConstType: unsigned int (9)
                      vpiSize: 64
                      vpiDecompile: "100"
                      vpiValue: 100
                    Constant start:138:43 end:138:46:
                      vpiParent: Operation
                      vpiTypespec RefTypespec:
                        vpiParent: Constant
                        vpiFullName: PLLE3_BASE
                        vpiActual: IntTypespec
                      vpiConstType: unsigned int (9)
                      vpiSize: 64
                      vpiDecompile: "100"
                      vpiValue: 100
                    Constant start:138:47 end:138:50:
                      vpiParent: Operation
                      vpiTypespec RefTypespec:
                        vpiParent: Constant
                        vpiFullName: PLLE3_BASE
                        vpiActual: IntTypespec
                      vpiConstType: unsigned int (9)
                      vpiSize: 64
                      vpiDecompile: "100"
                      vpiValue: 100
                Operation start:138:52 end:138:63:
                  vpiParent: ModPath
                  vpiOpType: min:typ:max (38)
                  vpiOperand (3 items):
                    Constant start:138:52 end:138:55:
                      vpiParent: Operation
                      vpiTypespec RefTypespec:
                        vpiParent: Constant
                        vpiFullName: PLLE3_BASE
                        vpiActual: IntTypespec
                      vpiConstType: unsigned int (9)
                      vpiSize: 64
                      vpiDecompile: "100"
                      vpiValue: 100
                    Constant start:138:56 end:138:59:
                      vpiParent: Operation
                      vpiTypespec RefTypespec:
                        vpiParent: Constant
                        vpiFullName: PLLE3_BASE
                        vpiActual: IntTypespec
                      vpiConstType: unsigned int (9)
                      vpiSize: 64
                      vpiDecompile: "100"
                      vpiValue: 100
                    Constant start:138:60 end:138:63:
                      vpiParent: Operation
                      vpiTypespec RefTypespec:
                        vpiParent: Constant
                        vpiFullName: PLLE3_BASE
                        vpiActual: IntTypespec
                      vpiConstType: unsigned int (9)
                      vpiSize: 64
                      vpiDecompile: "100"
                      vpiValue: 100
              vpiPathType: parallel path (2)
              vpiPolarity: unknown (3)
              vpiDataPolarity: unknown (3)
              vpiEdge: posedge (13)
            SpecParam name:PATHPULSE$ start:163:15 end:163:29:
              vpiParent: SpecifyBlock
              vpiName: PATHPULSE$
              vpiFullName: PLLE3_BASE.PATHPULSE$
              vpiExpr (1 items):
                Constant start:163:28 end:163:29:
                  vpiParent: SpecParam name:PATHPULSE$
                  vpiTypespec RefTypespec:
                    vpiParent: Constant
                    vpiFullName: PLLE3_BASE.PATHPULSE$
                    vpiActual: IntTypespec
                  vpiConstType: unsigned int (9)
                  vpiSize: 64
                  vpiDecompile: "0"
                  vpiValue: 0
  vpiTypespec (6 items):
    ModuleTypespec name:glbl:
      vpiParent: Design name:unnamed
      vpiName Identifier name:glbl start:21:8 end:21:12:
        vpiParent: ModuleTypespec name:glbl
        vpiName: glbl
      vpiModule: Module name:glbl
    IntTypespec:
      vpiParent: Design name:unnamed
      vpiSigned: true
    LogicTypespec:
      vpiParent: Design name:unnamed
    ModuleTypespec name:PLLE3_BASE:
      vpiParent: Design name:unnamed
      vpiName Identifier name:PLLE3_BASE start:36:8 end:36:18:
        vpiParent: ModuleTypespec name:PLLE3_BASE
        vpiName: PLLE3_BASE
      vpiModule: Module name:PLLE3_BASE
    RealTypespec:
      vpiParent: Design name:unnamed
    StringTypespec:
      vpiParent: Design name:unnamed
===================
[  FATAL] : 0
[ SYNTAX] : 0
[  ERROR] : 0
[WARNING] : 0
[   NOTE] : 7
********************************************************************************
*                    End HLC SystemVerilog Compiler/Linter                     *
********************************************************************************

#**#**#**#**#**#**#**#**#**#**#**#**#**#**#**#**#**#**#**#**#**#**#**#**#**#**#**#**#**#**#**#**#**#**#**#**#**#**#**#**

Environment:
      test-name: XilinxUnisimLibrary/verilog/src/unisims/PLLE3_BASE
   test-dirpath: ${HLC_DIR}/regression/XilinxUnisimLibrary/verilog/src/unisims/PLLE3_BASE
  hldb-filepath: ${HLC_DIR}/regression/XilinxUnisimLibrary/verilog/src/unisims/PLLE3_BASE/design.hldb
mounts-filepath: ${HLC_DIR}/regression/XilinxUnisimLibrary/verilog/src/unisims/PLLE3_BASE/mounts.json


{'result': {'coverage': 98.2,
            'error_count': 0,
            'file_count': 2,
            'files': {'$Output/lib/work/glbl.v': {'post_len': 20,
                                                  'pre_len': 1237},
                      '$Output/lib/work/unisims/PLLE3_BASE.v': {'post_len': 45,
                                                                'pre_len': 2381}},
            'post_len': 65,
            'pre_len': 3618,
            'test_name': 'XilinxUnisimLibrary/verilog/src/unisims/PLLE3_BASE'}}

+---------------------------------------+----------+-----------+
| INPUT                                 |   PRELEN |   POSTLEN |
+=======================================+==========+===========+
| $Output/lib/work/glbl.v               |     1237 |        20 |
| $Output/lib/work/unisims/PLLE3_BASE.v |     2381 |        45 |
+=======================================+==========+===========+
|                                       |     3618 |        65 |
+---------------------------------------+----------+-----------+

[   ERROR] : 0
[COVERAGE] : 98.2


#**#**#**#**#**#**#**#**#**#**#**#**#**#**#**#**#**#**#**#**#**#**#**#**#**#**#**#**#**#**#**#**#**#**#**#**#**#**#**#**

COMMAND: ${HLC_DIR}/regression/XilinxUnisimLibrary/verilog/src/unisims/PLLE3_BASE/design.hldb ${HLC_DIR}/regression/XilinxUnisimLibrary/verilog/src/unisims/PLLE3_BASE/reduced.hldb

==================== BEGIN REDUCTION RESULT ====================
Name                            Before   After   Added   Removed
----------------------------------------------------------------
----------------------------------------------------------------
Others                             625     625       0         0
----------------------------------------------------------------
                                   625     625       0         0
===================== END REDUCTION RESULT =====================
