********************************************************************************
*                   Begin HLC SystemVerilog Compiler/Linter                    *
********************************************************************************
Copyright (c) 2020 Apotell,
http://www.apache.org/licenses/LICENSE-2.0
VERSION: 1.84
COMMAND: -wd ../../../tests/Verilator +incdir+. -nobuiltin -timescale=1ns/1ns -d ast -d db t_gen_intdot2.v -mt 0 -d dbstats -d cache -writepp -d db -nostdout -o ${HLC_DIR}/regression/Verilator/t_gen_intdot2
[INF:CM5022] Creating log file "$Output/hlc.log".
[INF:PP5223] Preprocessing source file "$Source01/t_gen_intdot2.v".
[INF:PA5502] Parsing source file "$Source01/t_gen_intdot2.v".
AST_DEBUG_BEGIN
Count: 1237
LIB: work
FILE<0>:$Source01/t_gen_intdot2.v
n<$Source01/t_gen_intdot2.v> u<1236> t<Top_level_rule> c<1> l<8:1> el<167:1>
  n<> u<1> t<Null_rule> p<1236> s<2> l<8:1> el<8:1>
  n<// DESCRIPTION: Verilator: Verilog Test module> u<2> t<LINE_COMMENT> p<1236> s<3> l<1:1> el<1:47>
  n<//> u<3> t<LINE_COMMENT> p<1236> s<4> l<2:1> el<2:3>
  n<// This file ONLY is placed into the Public Domain, for any use,> u<4> t<LINE_COMMENT> p<1236> s<5> l<3:1> el<3:65>
  n<// without warranty, 2003-2007 by Wilson Snyder.> u<5> t<LINE_COMMENT> p<1236> s<1235> l<4:1> el<4:49>
  n<> u<1235> t<Source_text> p<1236> c<258> l<8:1> el<166:10>
    n<> u<258> t<Description> p<1235> c<257> s<280> l<8:1> el<43:10>
      n<> u<257> t<Module_declaration> p<258> c<18> l<8:1> el<43:10>
        n<> u<18> t<Module_nonansi_header> p<257> c<6> s<25> l<8:1> el<11:6>
          n<module> u<6> t<MODULE> p<18> s<7> l<8:1> el<8:7>
          n<t> u<7> t<SIMPLE_IDENTIFIER> p<18> s<8> l<8:8> el<8:9>
          n<> u<8> t<Package_import_declaration_list> p<18> s<9> l<8:10> el<8:10>
          n</*AUTOARG*/> u<9> t<BLOCK_COMMENT> p<18> s<10> l<8:10> el<11:5>
          n<// Inputs> u<10> t<LINE_COMMENT> p<18> s<17> l<9:4> el<9:13>
          n<> u<17> t<Port_list> p<18> c<16> l<8:10> el<11:5>
            n<> u<16> t<Port> p<17> c<15> l<10:4> el<10:7>
              n<> u<15> t<Port_expression> p<16> c<14> l<10:4> el<10:7>
                n<> u<14> t<Port_reference> p<15> c<11> l<10:4> el<10:7>
                  n<clk> u<11> t<SIMPLE_IDENTIFIER> p<14> s<13> l<10:4> el<10:7>
                  n<> u<13> t<Constant_select> p<14> c<12> l<11:4> el<11:4>
                    n<> u<12> t<Constant_bit_select> p<13> l<11:4> el<11:4>
        n<> u<25> t<Module_item> p<257> c<24> s<42> l<12:4> el<12:14>
          n<> u<24> t<Port_declaration> p<25> c<23> l<12:4> el<12:13>
            n<> u<23> t<Input_declaration> p<24> c<20> l<12:4> el<12:13>
              n<> u<20> t<Net_port_type> p<23> c<19> s<22> l<12:10> el<12:10>
                n<> u<19> t<Data_type_or_implicit> p<20> l<12:10> el<12:10>
              n<> u<22> t<Port_identifier_list> p<23> c<21> l<12:10> el<12:13>
                n<clk> u<21> t<SIMPLE_IDENTIFIER> p<22> l<12:10> el<12:13>
        n<> u<42> t<Module_item> p<257> c<41> s<55> l<13:4> el<13:19>
          n<> u<41> t<Non_port_module_item> p<42> c<40> l<13:4> el<13:19>
            n<> u<40> t<Module_or_generate_item> p<41> c<39> l<13:4> el<13:19>
              n<> u<39> t<Module_common_item> p<40> c<38> l<13:4> el<13:19>
                n<> u<38> t<Module_or_generate_item_declaration> p<39> c<37> l<13:4> el<13:19>
                  n<> u<37> t<Package_or_generate_item_declaration> p<38> c<36> l<13:4> el<13:19>
                    n<> u<36> t<Data_declaration> p<37> c<35> l<13:4> el<13:19>
                      n<> u<35> t<Variable_declaration> p<36> c<27> l<13:4> el<13:19>
                        n<> u<27> t<Data_type> p<35> c<26> s<34> l<13:4> el<13:11>
                          n<> u<26> t<INTEGER> p<27> l<13:4> el<13:11>
                        n<> u<34> t<Variable_decl_assignment_list> p<35> c<33> l<13:13> el<13:18>
                          n<> u<33> t<Variable_decl_assignment> p<34> c<28> l<13:13> el<13:18>
                            n<cyc> u<28> t<SIMPLE_IDENTIFIER> p<33> s<32> l<13:13> el<13:16>
                            n<> u<32> t<Expression> p<33> c<31> l<13:17> el<13:18>
                              n<> u<31> t<Primary> p<32> c<30> l<13:17> el<13:18>
                                n<> u<30> t<Primary_literal> p<31> c<29> l<13:17> el<13:18>
                                  n<0> u<29> t<INTEGRAL_NUMBER> p<30> l<13:17> el<13:18>
        n<> u<55> t<Module_item> p<257> c<54> s<74> l<15:4> el<15:16>
          n<> u<54> t<Non_port_module_item> p<55> c<53> l<15:4> el<15:16>
            n<> u<53> t<Module_or_generate_item> p<54> c<52> l<15:4> el<15:16>
              n<> u<52> t<Module_common_item> p<53> c<51> l<15:4> el<15:16>
                n<> u<51> t<Module_or_generate_item_declaration> p<52> c<50> l<15:4> el<15:16>
                  n<> u<50> t<Package_or_generate_item_declaration> p<51> c<49> l<15:4> el<15:16>
                    n<> u<49> t<Data_declaration> p<50> c<48> l<15:4> el<15:16>
                      n<> u<48> t<Variable_declaration> p<49> c<44> l<15:4> el<15:16>
                        n<> u<44> t<Data_type> p<48> c<43> s<47> l<15:4> el<15:7>
                          n<> u<43> t<REG> p<44> l<15:4> el<15:7>
                        n<> u<47> t<Variable_decl_assignment_list> p<48> c<46> l<15:10> el<15:15>
                          n<> u<46> t<Variable_decl_assignment> p<47> c<45> l<15:10> el<15:15>
                            n<check> u<45> t<SIMPLE_IDENTIFIER> p<46> l<15:10> el<15:15>
        n<> u<74> t<Module_item> p<257> c<73> s<99> l<16:4> el<16:25>
          n<> u<73> t<Non_port_module_item> p<74> c<72> l<16:4> el<16:25>
            n<> u<72> t<Module_or_generate_item> p<73> c<71> l<16:4> el<16:25>
              n<> u<71> t<Module_common_item> p<72> c<70> l<16:4> el<16:25>
                n<> u<70> t<Initial_construct> p<71> c<69> l<16:4> el<16:25>
                  n<> u<69> t<Statement_or_null> p<70> c<68> l<16:12> el<16:25>
                    n<> u<68> t<Statement> p<69> c<67> l<16:12> el<16:25>
                      n<> u<67> t<Statement_item> p<68> c<66> l<16:12> el<16:25>
                        n<> u<66> t<Blocking_assignment> p<67> c<65> l<16:12> el<16:24>
                          n<> u<65> t<Variable_assignment> p<66> c<60> l<16:12> el<16:24>
                            n<> u<60> t<Variable_lvalue> p<65> c<57> s<64> l<16:12> el<16:17>
                              n<> u<57> t<Ps_or_hierarchical_identifier> p<60> c<56> s<59> l<16:12> el<16:17>
                                n<check> u<56> t<SIMPLE_IDENTIFIER> p<57> l<16:12> el<16:17>
                              n<> u<59> t<Select> p<60> c<58> l<16:18> el<16:18>
                                n<> u<58> t<Bit_select> p<59> l<16:18> el<16:18>
                            n<> u<64> t<Expression> p<65> c<63> l<16:20> el<16:24>
                              n<> u<63> t<Primary> p<64> c<62> l<16:20> el<16:24>
                                n<> u<62> t<Primary_literal> p<63> c<61> l<16:20> el<16:24>
                                  n<> u<61> t<ONE_TICK_b0> p<62> l<16:20> el<16:24>
        n<> u<99> t<Module_item> p<257> c<98> s<254> l<17:4> el<17:39>
          n<> u<98> t<Non_port_module_item> p<99> c<97> l<17:4> el<17:39>
            n<> u<97> t<Module_or_generate_item> p<98> c<96> l<17:4> el<17:39>
              n<> u<96> t<Module_instantiation> p<97> c<75> l<17:4> el<17:39>
                n<Genit> u<75> t<SIMPLE_IDENTIFIER> p<96> s<95> l<17:4> el<17:9>
                n<> u<95> t<Hierarchical_instance> p<96> c<77> l<17:10> el<17:38>
                  n<> u<77> t<Name_of_instance> p<95> c<76> s<94> l<17:10> el<17:11>
                    n<g> u<76> t<SIMPLE_IDENTIFIER> p<77> l<17:10> el<17:11>
                  n<> u<94> t<Port_connection_list> p<95> c<85> l<17:13> el<17:37>
                    n<> u<85> t<Named_port_connection> p<94> c<78> s<93> l<17:13> el<17:22>
                      n<clk> u<78> t<SIMPLE_IDENTIFIER> p<85> s<83> l<17:14> el<17:17>
                      n<> u<83> t<OPEN_PARENS> p<85> s<82> l<17:17> el<17:18>
                      n<> u<82> t<Expression> p<85> c<81> s<84> l<17:18> el<17:21>
                        n<> u<81> t<Primary> p<82> c<80> l<17:18> el<17:21>
                          n<> u<80> t<Primary_literal> p<81> c<79> l<17:18> el<17:21>
                            n<clk> u<79> t<SIMPLE_IDENTIFIER> p<80> l<17:18> el<17:21>
                      n<> u<84> t<CLOSE_PARENS> p<85> l<17:21> el<17:22>
                    n<> u<93> t<Named_port_connection> p<94> c<86> l<17:24> el<17:37>
                      n<check> u<86> t<SIMPLE_IDENTIFIER> p<93> s<91> l<17:25> el<17:30>
                      n<> u<91> t<OPEN_PARENS> p<93> s<90> l<17:30> el<17:31>
                      n<> u<90> t<Expression> p<93> c<89> s<92> l<17:31> el<17:36>
                        n<> u<89> t<Primary> p<90> c<88> l<17:31> el<17:36>
                          n<> u<88> t<Primary_literal> p<89> c<87> l<17:31> el<17:36>
                            n<check> u<87> t<SIMPLE_IDENTIFIER> p<88> l<17:31> el<17:36>
                      n<> u<92> t<CLOSE_PARENS> p<93> l<17:36> el<17:37>
        n<> u<254> t<Module_item> p<257> c<253> s<255> l<19:4> el<33:7>
          n<> u<253> t<Non_port_module_item> p<254> c<252> l<19:4> el<33:7>
            n<> u<252> t<Module_or_generate_item> p<253> c<251> l<19:4> el<33:7>
              n<> u<251> t<Module_common_item> p<252> c<250> l<19:4> el<33:7>
                n<> u<250> t<Always_construct> p<251> c<100> l<19:4> el<33:7>
                  n<> u<100> t<ALWAYS> p<250> s<249> l<19:4> el<19:10>
                  n<> u<249> t<Statement> p<250> c<248> l<19:11> el<33:7>
                    n<> u<248> t<Statement_item> p<249> c<247> l<19:11> el<33:7>
                      n<> u<247> t<Procedural_timing_control_statement> p<248> c<108> l<19:11> el<33:7>
                        n<> u<108> t<Procedural_timing_control> p<247> c<107> s<246> l<19:11> el<19:26>
                          n<> u<107> t<Event_control> p<108> c<106> l<19:11> el<19:26>
                            n<> u<106> t<Event_expression> p<107> c<101> l<19:14> el<19:25>
                              n<> u<101> t<POSEDGE> p<106> s<105> l<19:14> el<19:21>
                              n<> u<105> t<Expression> p<106> c<104> l<19:22> el<19:25>
                                n<> u<104> t<Primary> p<105> c<103> l<19:22> el<19:25>
                                  n<> u<103> t<Primary_literal> p<104> c<102> l<19:22> el<19:25>
                                    n<clk> u<102> t<SIMPLE_IDENTIFIER> p<103> l<19:22> el<19:25>
                        n<> u<246> t<Statement_or_null> p<247> c<245> l<19:27> el<33:7>
                          n<> u<245> t<Statement> p<246> c<244> l<19:27> el<33:7>
                            n<> u<244> t<Statement_item> p<245> c<109> l<19:27> el<33:7>
                              n<//$write("[%0t] cyc==%0d %x %x\n",$time, cyc, check, out);> u<109> t<LINE_COMMENT> p<244> s<243> l<20:7> el<20:65>
                              n<> u<243> t<Seq_block> p<244> c<128> l<19:27> el<33:7>
                                n<> u<128> t<Statement_or_null> p<243> c<127> s<241> l<21:7> el<21:22>
                                  n<> u<127> t<Statement> p<128> c<126> l<21:7> el<21:22>
                                    n<> u<126> t<Statement_item> p<127> c<125> l<21:7> el<21:22>
                                      n<> u<125> t<Nonblocking_assignment> p<126> c<114> l<21:7> el<21:21>
                                        n<> u<114> t<Variable_lvalue> p<125> c<111> s<124> l<21:7> el<21:10>
                                          n<> u<111> t<Ps_or_hierarchical_identifier> p<114> c<110> s<113> l<21:7> el<21:10>
                                            n<cyc> u<110> t<SIMPLE_IDENTIFIER> p<111> l<21:7> el<21:10>
                                          n<> u<113> t<Select> p<114> c<112> l<21:11> el<21:11>
                                            n<> u<112> t<Bit_select> p<113> l<21:11> el<21:11>
                                        n<> u<124> t<Expression> p<125> c<118> l<21:14> el<21:21>
                                          n<> u<118> t<Expression> p<124> c<117> s<123> l<21:14> el<21:17>
                                            n<> u<117> t<Primary> p<118> c<116> l<21:14> el<21:17>
                                              n<> u<116> t<Primary_literal> p<117> c<115> l<21:14> el<21:17>
                                                n<cyc> u<115> t<SIMPLE_IDENTIFIER> p<116> l<21:14> el<21:17>
                                          n<> u<123> t<BinaryOp_Plus> p<124> s<122> l<21:18> el<21:19>
                                          n<> u<122> t<Expression> p<124> c<121> l<21:20> el<21:21>
                                            n<> u<121> t<Primary> p<122> c<120> l<21:20> el<21:21>
                                              n<> u<120> t<Primary_literal> p<121> c<119> l<21:20> el<21:21>
                                                n<1> u<119> t<INTEGRAL_NUMBER> p<120> l<21:20> el<21:21>
                                n<> u<241> t<Statement_or_null> p<243> c<240> s<242> l<22:7> el<32:10>
                                  n<> u<240> t<Statement> p<241> c<239> l<22:7> el<32:10>
                                    n<> u<239> t<Statement_item> p<240> c<238> l<22:7> el<32:10>
                                      n<> u<238> t<Conditional_statement> p<239> c<140> l<22:7> el<32:10>
                                        n<> u<140> t<Cond_predicate> p<238> c<139> s<159> l<22:11> el<22:17>
                                          n<> u<139> t<Expression_or_cond_pattern> p<140> c<138> l<22:11> el<22:17>
                                            n<> u<138> t<Expression> p<139> c<132> l<22:11> el<22:17>
                                              n<> u<132> t<Expression> p<138> c<131> s<137> l<22:11> el<22:14>
                                                n<> u<131> t<Primary> p<132> c<130> l<22:11> el<22:14>
                                                  n<> u<130> t<Primary_literal> p<131> c<129> l<22:11> el<22:14>
                                                    n<cyc> u<129> t<SIMPLE_IDENTIFIER> p<130> l<22:11> el<22:14>
                                              n<> u<137> t<EQUIV> p<138> s<136> l<22:14> el<22:16>
                                              n<> u<136> t<Expression> p<138> c<135> l<22:16> el<22:17>
                                                n<> u<135> t<Primary> p<136> c<134> l<22:16> el<22:17>
                                                  n<> u<134> t<Primary_literal> p<135> c<133> l<22:16> el<22:17>
                                                    n<0> u<133> t<INTEGRAL_NUMBER> p<134> l<22:16> el<22:17>
                                        n<> u<159> t<Statement_or_null> p<238> c<158> s<237> l<22:19> el<25:10>
                                          n<> u<158> t<Statement> p<159> c<157> l<22:19> el<25:10>
                                            n<> u<157> t<Statement_item> p<158> c<141> l<22:19> el<25:10>
                                              n<// Setup> u<141> t<LINE_COMMENT> p<157> s<156> l<23:3> el<23:11>
                                              n<> u<156> t<Seq_block> p<157> c<154> l<22:19> el<25:10>
                                                n<> u<154> t<Statement_or_null> p<156> c<153> s<155> l<24:3> el<24:17>
                                                  n<> u<153> t<Statement> p<154> c<152> l<24:3> el<24:17>
                                                    n<> u<152> t<Statement_item> p<153> c<151> l<24:3> el<24:17>
                                                      n<> u<151> t<Nonblocking_assignment> p<152> c<146> l<24:3> el<24:16>
                                                        n<> u<146> t<Variable_lvalue> p<151> c<143> s<150> l<24:3> el<24:8>
                                                          n<> u<143> t<Ps_or_hierarchical_identifier> p<146> c<142> s<145> l<24:3> el<24:8>
                                                            n<check> u<142> t<SIMPLE_IDENTIFIER> p<143> l<24:3> el<24:8>
                                                          n<> u<145> t<Select> p<146> c<144> l<24:9> el<24:9>
                                                            n<> u<144> t<Bit_select> p<145> l<24:9> el<24:9>
                                                        n<> u<150> t<Expression> p<151> c<149> l<24:12> el<24:16>
                                                          n<> u<149> t<Primary> p<150> c<148> l<24:12> el<24:16>
                                                            n<> u<148> t<Primary_literal> p<149> c<147> l<24:12> el<24:16>
                                                              n<> u<147> t<ONE_TICK_b0> p<148> l<24:12> el<24:16>
                                                n<> u<155> t<END> p<156> l<25:7> el<25:10>
                                        n<> u<237> t<Statement_or_null> p<238> c<236> l<26:12> el<32:10>
                                          n<> u<236> t<Statement> p<237> c<235> l<26:12> el<32:10>
                                            n<> u<235> t<Statement_item> p<236> c<234> l<26:12> el<32:10>
                                              n<> u<234> t<Conditional_statement> p<235> c<171> l<26:12> el<32:10>
                                                n<> u<171> t<Cond_predicate> p<234> c<170> s<189> l<26:16> el<26:22>
                                                  n<> u<170> t<Expression_or_cond_pattern> p<171> c<169> l<26:16> el<26:22>
                                                    n<> u<169> t<Expression> p<170> c<163> l<26:16> el<26:22>
                                                      n<> u<163> t<Expression> p<169> c<162> s<168> l<26:16> el<26:19>
                                                        n<> u<162> t<Primary> p<163> c<161> l<26:16> el<26:19>
                                                          n<> u<161> t<Primary_literal> p<162> c<160> l<26:16> el<26:19>
                                                            n<cyc> u<160> t<SIMPLE_IDENTIFIER> p<161> l<26:16> el<26:19>
                                                      n<> u<168> t<EQUIV> p<169> s<167> l<26:19> el<26:21>
                                                      n<> u<167> t<Expression> p<169> c<166> l<26:21> el<26:22>
                                                        n<> u<166> t<Primary> p<167> c<165> l<26:21> el<26:22>
                                                          n<> u<165> t<Primary_literal> p<166> c<164> l<26:21> el<26:22>
                                                            n<1> u<164> t<INTEGRAL_NUMBER> p<165> l<26:21> el<26:22>
                                                n<> u<189> t<Statement_or_null> p<234> c<188> s<233> l<26:24> el<28:10>
                                                  n<> u<188> t<Statement> p<189> c<187> l<26:24> el<28:10>
                                                    n<> u<187> t<Statement_item> p<188> c<186> l<26:24> el<28:10>
                                                      n<> u<186> t<Seq_block> p<187> c<184> l<26:24> el<28:10>
                                                        n<> u<184> t<Statement_or_null> p<186> c<183> s<185> l<27:3> el<27:17>
                                                          n<> u<183> t<Statement> p<184> c<182> l<27:3> el<27:17>
                                                            n<> u<182> t<Statement_item> p<183> c<181> l<27:3> el<27:17>
                                                              n<> u<181> t<Nonblocking_assignment> p<182> c<176> l<27:3> el<27:16>
                                                                n<> u<176> t<Variable_lvalue> p<181> c<173> s<180> l<27:3> el<27:8>
                                                                  n<> u<173> t<Ps_or_hierarchical_identifier> p<176> c<172> s<175> l<27:3> el<27:8>
                                                                    n<check> u<172> t<SIMPLE_IDENTIFIER> p<173> l<27:3> el<27:8>
                                                                  n<> u<175> t<Select> p<176> c<174> l<27:9> el<27:9>
                                                                    n<> u<174> t<Bit_select> p<175> l<27:9> el<27:9>
                                                                n<> u<180> t<Expression> p<181> c<179> l<27:12> el<27:16>
                                                                  n<> u<179> t<Primary> p<180> c<178> l<27:12> el<27:16>
                                                                    n<> u<178> t<Primary_literal> p<179> c<177> l<27:12> el<27:16>
                                                                      n<> u<177> t<ONE_TICK_b1> p<178> l<27:12> el<27:16>
                                                        n<> u<185> t<END> p<186> l<28:7> el<28:10>
                                                n<> u<233> t<Statement_or_null> p<234> c<232> l<29:12> el<32:10>
                                                  n<> u<232> t<Statement> p<233> c<231> l<29:12> el<32:10>
                                                    n<> u<231> t<Statement_item> p<232> c<230> l<29:12> el<32:10>
                                                      n<> u<230> t<Conditional_statement> p<231> c<201> l<29:12> el<32:10>
                                                        n<> u<201> t<Cond_predicate> p<230> c<200> s<229> l<29:16> el<29:22>
                                                          n<> u<200> t<Expression_or_cond_pattern> p<201> c<199> l<29:16> el<29:22>
                                                            n<> u<199> t<Expression> p<200> c<193> l<29:16> el<29:22>
                                                              n<> u<193> t<Expression> p<199> c<192> s<198> l<29:16> el<29:19>
                                                                n<> u<192> t<Primary> p<193> c<191> l<29:16> el<29:19>
                                                                  n<> u<191> t<Primary_literal> p<192> c<190> l<29:16> el<29:19>
                                                                    n<cyc> u<190> t<SIMPLE_IDENTIFIER> p<191> l<29:16> el<29:19>
                                                              n<> u<198> t<EQUIV> p<199> s<197> l<29:19> el<29:21>
                                                              n<> u<197> t<Expression> p<199> c<196> l<29:21> el<29:22>
                                                                n<> u<196> t<Primary> p<197> c<195> l<29:21> el<29:22>
                                                                  n<> u<195> t<Primary_literal> p<196> c<194> l<29:21> el<29:22>
                                                                    n<9> u<194> t<INTEGRAL_NUMBER> p<195> l<29:21> el<29:22>
                                                        n<> u<229> t<Statement_or_null> p<230> c<228> l<29:24> el<32:10>
                                                          n<> u<228> t<Statement> p<229> c<227> l<29:24> el<32:10>
                                                            n<> u<227> t<Statement_item> p<228> c<226> l<29:24> el<32:10>
                                                              n<> u<226> t<Seq_block> p<227> c<215> l<29:24> el<32:10>
                                                                n<> u<215> t<Statement_or_null> p<226> c<214> s<224> l<30:3> el<30:36>
                                                                  n<> u<214> t<Statement> p<215> c<213> l<30:3> el<30:36>
                                                                    n<> u<213> t<Statement_item> p<214> c<212> l<30:3> el<30:36>
                                                                      n<> u<212> t<Subroutine_call_statement> p<213> c<211> l<30:3> el<30:36>
                                                                        n<> u<211> t<Subroutine_call> p<212> c<202> l<30:3> el<30:35>
                                                                          n<$> u<202> t<DOLLAR> p<211> s<203> l<30:3> el<30:4>
                                                                          n<write> u<203> t<SIMPLE_IDENTIFIER> p<211> s<209> l<30:4> el<30:9>
                                                                          n<> u<209> t<OPEN_PARENS> p<211> s<208> l<30:9> el<30:10>
                                                                          n<> u<208> t<Argument_list> p<211> c<207> s<210> l<30:10> el<30:34>
                                                                            n<> u<207> t<Expression> p<208> c<206> l<30:10> el<30:34>
                                                                              n<> u<206> t<Primary> p<207> c<205> l<30:10> el<30:34>
                                                                                n<> u<205> t<Primary_literal> p<206> c<204> l<30:10> el<30:34>
                                                                                  n<"*-* All Finished *-*\n"> u<204> t<QUOTED_STRING> p<205> l<30:10> el<30:34>
                                                                          n<> u<210> t<CLOSE_PARENS> p<211> l<30:34> el<30:35>
                                                                n<> u<224> t<Statement_or_null> p<226> c<223> s<225> l<31:3> el<31:11>
                                                                  n<> u<223> t<Statement> p<224> c<222> l<31:3> el<31:11>
                                                                    n<> u<222> t<Statement_item> p<223> c<221> l<31:3> el<31:11>
                                                                      n<> u<221> t<Subroutine_call_statement> p<222> c<220> l<31:3> el<31:11>
                                                                        n<> u<220> t<Subroutine_call> p<221> c<216> l<31:3> el<31:10>
                                                                          n<$> u<216> t<DOLLAR> p<220> s<217> l<31:3> el<31:4>
                                                                          n<finish> u<217> t<SIMPLE_IDENTIFIER> p<220> s<219> l<31:4> el<31:10>
                                                                          n<> u<219> t<Select> p<220> c<218> l<31:10> el<31:10>
                                                                            n<> u<218> t<Bit_select> p<219> l<31:10> el<31:10>
                                                                n<> u<225> t<END> p<226> l<32:7> el<32:10>
                                n<> u<242> t<END> p<243> l<33:4> el<33:7>
        n<//`define WAVES> u<255> t<LINE_COMMENT> p<257> s<256> l<35:1> el<35:16>
        n<> u<256> t<ENDMODULE> p<257> l<43:1> el<43:10>
    n<> u<280> t<Description> p<1235> c<279> s<1234> l<45:1> el<47:10>
      n<> u<279> t<Module_declaration> p<280> c<262> l<45:1> el<47:10>
        n<> u<262> t<Module_ansi_header> p<279> c<259> s<277> l<45:1> el<45:12>
          n<module> u<259> t<MODULE> p<262> s<260> l<45:1> el<45:7>
          n<One> u<260> t<SIMPLE_IDENTIFIER> p<262> s<261> l<45:8> el<45:11>
          n<> u<261> t<Package_import_declaration_list> p<262> l<45:11> el<45:11>
        n<> u<277> t<Non_port_module_item> p<279> c<276> s<278> l<46:4> el<46:20>
          n<> u<276> t<Module_or_generate_item> p<277> c<275> l<46:4> el<46:20>
            n<> u<275> t<Module_common_item> p<276> c<274> l<46:4> el<46:20>
              n<> u<274> t<Module_or_generate_item_declaration> p<275> c<273> l<46:4> el<46:20>
                n<> u<273> t<Package_or_generate_item_declaration> p<274> c<272> l<46:4> el<46:20>
                  n<> u<272> t<Net_declaration> p<273> c<263> l<46:4> el<46:20>
                    n<> u<263> t<WIRE> p<272> s<264> l<46:4> el<46:8>
                    n<> u<264> t<Data_type_or_implicit> p<272> s<271> l<46:9> el<46:9>
                    n<> u<271> t<Net_decl_assignment_list> p<272> c<270> l<46:9> el<46:19>
                      n<> u<270> t<Net_decl_assignment> p<271> c<265> l<46:9> el<46:19>
                        n<one> u<265> t<SIMPLE_IDENTIFIER> p<270> s<269> l<46:9> el<46:12>
                        n<> u<269> t<Expression> p<270> c<268> l<46:15> el<46:19>
                          n<> u<268> t<Primary> p<269> c<267> l<46:15> el<46:19>
                            n<> u<267> t<Primary_literal> p<268> c<266> l<46:15> el<46:19>
                              n<> u<266> t<ONE_TICK_b1> p<267> l<46:15> el<46:19>
        n<> u<278> t<ENDMODULE> p<279> l<47:1> el<47:10>
    n<> u<1234> t<Description> p<1235> c<1233> l<49:1> el<166:10>
      n<> u<1233> t<Module_declaration> p<1234> c<297> l<49:1> el<166:10>
        n<> u<297> t<Module_ansi_header> p<1233> c<281> s<298> l<49:1> el<51:18>
          n<module> u<281> t<MODULE> p<297> s<282> l<49:1> el<49:7>
          n<Genit> u<282> t<SIMPLE_IDENTIFIER> p<297> s<283> l<49:8> el<49:13>
          n<> u<283> t<Package_import_declaration_list> p<297> s<296> l<49:14> el<49:14>
          n<> u<296> t<Port_declaration_list> p<297> c<289> l<49:14> el<51:17>
            n<> u<289> t<Ansi_port_declaration> p<296> c<287> s<295> l<50:5> el<50:14>
              n<> u<287> t<Net_port_header> p<289> c<284> s<288> l<50:5> el<50:10>
                n<> u<284> t<INPUT> p<287> s<286> l<50:5> el<50:10>
                n<> u<286> t<Net_port_type> p<287> c<285> l<50:11> el<50:11>
                  n<> u<285> t<Data_type_or_implicit> p<286> l<50:11> el<50:11>
              n<clk> u<288> t<SIMPLE_IDENTIFIER> p<289> l<50:11> el<50:14>
            n<> u<295> t<Ansi_port_declaration> p<296> c<293> l<51:5> el<51:16>
              n<> u<293> t<Net_port_header> p<295> c<290> s<294> l<51:5> el<51:10>
                n<> u<290> t<INPUT> p<293> s<292> l<51:5> el<51:10>
                n<> u<292> t<Net_port_type> p<293> c<291> l<51:11> el<51:11>
                  n<> u<291> t<Data_type_or_implicit> p<292> l<51:11> el<51:11>
              n<check> u<294> t<SIMPLE_IDENTIFIER> p<295> l<51:11> el<51:16>
        n<// ARRAY> u<298> t<LINE_COMMENT> p<1233> s<317> l<53:4> el<53:12>
        n<> u<317> t<Non_port_module_item> p<1233> c<316> s<318> l<54:4> el<54:27>
          n<> u<316> t<Module_or_generate_item> p<317> c<315> l<54:4> el<54:27>
            n<> u<315> t<Module_instantiation> p<316> c<299> l<54:4> el<54:27>
              n<One> u<299> t<SIMPLE_IDENTIFIER> p<315> s<314> l<54:4> el<54:7>
              n<> u<314> t<Hierarchical_instance> p<315> c<311> l<54:8> el<54:26>
                n<> u<311> t<Name_of_instance> p<314> c<300> s<313> l<54:8> el<54:23>
                  n<cellarray1> u<300> t<SIMPLE_IDENTIFIER> p<311> s<310> l<54:8> el<54:18>
                  n<> u<310> t<Unpacked_dimension> p<311> c<309> l<54:18> el<54:23>
                    n<> u<309> t<Constant_range> p<310> c<304> l<54:19> el<54:22>
                      n<> u<304> t<Constant_expression> p<309> c<303> s<308> l<54:19> el<54:20>
                        n<> u<303> t<Constant_primary> p<304> c<302> l<54:19> el<54:20>
                          n<> u<302> t<Primary_literal> p<303> c<301> l<54:19> el<54:20>
                            n<1> u<301> t<INTEGRAL_NUMBER> p<302> l<54:19> el<54:20>
                      n<> u<308> t<Constant_expression> p<309> c<307> l<54:21> el<54:22>
                        n<> u<307> t<Constant_primary> p<308> c<306> l<54:21> el<54:22>
                          n<> u<306> t<Primary_literal> p<307> c<305> l<54:21> el<54:22>
                            n<0> u<305> t<INTEGRAL_NUMBER> p<306> l<54:21> el<54:22>
                n<> u<313> t<Port_connection_list> p<314> c<312> l<54:25> el<54:25>
                  n<> u<312> t<Ordered_port_connection> p<313> l<54:25> el<54:25>
        n<//cellarray[0..1][0..1]> u<318> t<LINE_COMMENT> p<1233> s<367> l<54:28> el<54:51>
        n<> u<367> t<Non_port_module_item> p<1233> c<366> s<416> l<55:4> el<55:65>
          n<> u<366> t<Module_or_generate_item> p<367> c<365> l<55:4> el<55:65>
            n<> u<365> t<Module_common_item> p<366> c<364> l<55:4> el<55:65>
              n<> u<364> t<Always_construct> p<365> c<319> l<55:4> el<55:65>
                n<> u<319> t<ALWAYS> p<364> s<363> l<55:4> el<55:10>
                n<> u<363> t<Statement> p<364> c<362> l<55:11> el<55:65>
                  n<> u<362> t<Statement_item> p<363> c<361> l<55:11> el<55:65>
                    n<> u<361> t<Procedural_timing_control_statement> p<362> c<327> l<55:11> el<55:65>
                      n<> u<327> t<Procedural_timing_control> p<361> c<326> s<360> l<55:11> el<55:26>
                        n<> u<326> t<Event_control> p<327> c<325> l<55:11> el<55:26>
                          n<> u<325> t<Event_expression> p<326> c<320> l<55:14> el<55:25>
                            n<> u<320> t<POSEDGE> p<325> s<324> l<55:14> el<55:21>
                            n<> u<324> t<Expression> p<325> c<323> l<55:22> el<55:25>
                              n<> u<323> t<Primary> p<324> c<322> l<55:22> el<55:25>
                                n<> u<322> t<Primary_literal> p<323> c<321> l<55:22> el<55:25>
                                  n<clk> u<321> t<SIMPLE_IDENTIFIER> p<322> l<55:22> el<55:25>
                      n<> u<360> t<Statement_or_null> p<361> c<359> l<55:27> el<55:65>
                        n<> u<359> t<Statement> p<360> c<358> l<55:27> el<55:65>
                          n<> u<358> t<Statement_item> p<359> c<357> l<55:27> el<55:65>
                            n<> u<357> t<Conditional_statement> p<358> c<347> l<55:27> el<55:65>
                              n<> u<347> t<Cond_predicate> p<357> c<346> s<356> l<55:31> el<55:57>
                                n<> u<346> t<Expression_or_cond_pattern> p<347> c<345> l<55:31> el<55:57>
                                  n<> u<345> t<Expression> p<346> c<339> l<55:31> el<55:57>
                                    n<> u<339> t<Expression> p<345> c<338> s<344> l<55:31> el<55:48>
                                      n<> u<338> t<Primary> p<339> c<337> l<55:31> el<55:48>
                                        n<> u<337> t<Subroutine_call> p<338> c<328> l<55:31> el<55:48>
                                          n<cellarray1> u<328> t<SIMPLE_IDENTIFIER> p<337> s<333> l<55:31> el<55:41>
                                          n<> u<333> t<Constant_bit_select> p<337> c<332> s<334> l<55:41> el<55:44>
                                            n<> u<332> t<Constant_expression> p<333> c<331> l<55:42> el<55:43>
                                              n<> u<331> t<Constant_primary> p<332> c<330> l<55:42> el<55:43>
                                                n<> u<330> t<Primary_literal> p<331> c<329> l<55:42> el<55:43>
                                                  n<0> u<329> t<INTEGRAL_NUMBER> p<330> l<55:42> el<55:43>
                                          n<one> u<334> t<SIMPLE_IDENTIFIER> p<337> s<336> l<55:45> el<55:48>
                                          n<> u<336> t<Select> p<337> c<335> l<55:49> el<55:49>
                                            n<> u<335> t<Bit_select> p<336> l<55:49> el<55:49>
                                    n<> u<344> t<FOUR_STATE_LOGIC_NOTEQUAL> p<345> s<343> l<55:49> el<55:52>
                                    n<> u<343> t<Expression> p<345> c<342> l<55:53> el<55:57>
                                      n<> u<342> t<Primary> p<343> c<341> l<55:53> el<55:57>
                                        n<> u<341> t<Primary_literal> p<342> c<340> l<55:53> el<55:57>
                                          n<> u<340> t<ONE_TICK_b1> p<341> l<55:53> el<55:57>
                              n<> u<356> t<Statement_or_null> p<357> c<355> l<55:59> el<55:65>
                                n<> u<355> t<Statement> p<356> c<354> l<55:59> el<55:65>
                                  n<> u<354> t<Statement_item> p<355> c<353> l<55:59> el<55:65>
                                    n<> u<353> t<Subroutine_call_statement> p<354> c<352> l<55:59> el<55:65>
                                      n<> u<352> t<Subroutine_call> p<353> c<348> l<55:59> el<55:64>
                                        n<$> u<348> t<DOLLAR> p<352> s<349> l<55:59> el<55:60>
                                        n<stop> u<349> t<SIMPLE_IDENTIFIER> p<352> s<351> l<55:60> el<55:64>
                                        n<> u<351> t<Select> p<352> c<350> l<55:64> el<55:64>
                                          n<> u<350> t<Bit_select> p<351> l<55:64> el<55:64>
        n<> u<416> t<Non_port_module_item> p<1233> c<415> s<417> l<56:4> el<56:65>
          n<> u<415> t<Module_or_generate_item> p<416> c<414> l<56:4> el<56:65>
            n<> u<414> t<Module_common_item> p<415> c<413> l<56:4> el<56:65>
              n<> u<413> t<Always_construct> p<414> c<368> l<56:4> el<56:65>
                n<> u<368> t<ALWAYS> p<413> s<412> l<56:4> el<56:10>
                n<> u<412> t<Statement> p<413> c<411> l<56:11> el<56:65>
                  n<> u<411> t<Statement_item> p<412> c<410> l<56:11> el<56:65>
                    n<> u<410> t<Procedural_timing_control_statement> p<411> c<376> l<56:11> el<56:65>
                      n<> u<376> t<Procedural_timing_control> p<410> c<375> s<409> l<56:11> el<56:26>
                        n<> u<375> t<Event_control> p<376> c<374> l<56:11> el<56:26>
                          n<> u<374> t<Event_expression> p<375> c<369> l<56:14> el<56:25>
                            n<> u<369> t<POSEDGE> p<374> s<373> l<56:14> el<56:21>
                            n<> u<373> t<Expression> p<374> c<372> l<56:22> el<56:25>
                              n<> u<372> t<Primary> p<373> c<371> l<56:22> el<56:25>
                                n<> u<371> t<Primary_literal> p<372> c<370> l<56:22> el<56:25>
                                  n<clk> u<370> t<SIMPLE_IDENTIFIER> p<371> l<56:22> el<56:25>
                      n<> u<409> t<Statement_or_null> p<410> c<408> l<56:27> el<56:65>
                        n<> u<408> t<Statement> p<409> c<407> l<56:27> el<56:65>
                          n<> u<407> t<Statement_item> p<408> c<406> l<56:27> el<56:65>
                            n<> u<406> t<Conditional_statement> p<407> c<396> l<56:27> el<56:65>
                              n<> u<396> t<Cond_predicate> p<406> c<395> s<405> l<56:31> el<56:57>
                                n<> u<395> t<Expression_or_cond_pattern> p<396> c<394> l<56:31> el<56:57>
                                  n<> u<394> t<Expression> p<395> c<388> l<56:31> el<56:57>
                                    n<> u<388> t<Expression> p<394> c<387> s<393> l<56:31> el<56:48>
                                      n<> u<387> t<Primary> p<388> c<386> l<56:31> el<56:48>
                                        n<> u<386> t<Subroutine_call> p<387> c<377> l<56:31> el<56:48>
                                          n<cellarray1> u<377> t<SIMPLE_IDENTIFIER> p<386> s<382> l<56:31> el<56:41>
                                          n<> u<382> t<Constant_bit_select> p<386> c<381> s<383> l<56:41> el<56:44>
                                            n<> u<381> t<Constant_expression> p<382> c<380> l<56:42> el<56:43>
                                              n<> u<380> t<Constant_primary> p<381> c<379> l<56:42> el<56:43>
                                                n<> u<379> t<Primary_literal> p<380> c<378> l<56:42> el<56:43>
                                                  n<1> u<378> t<INTEGRAL_NUMBER> p<379> l<56:42> el<56:43>
                                          n<one> u<383> t<SIMPLE_IDENTIFIER> p<386> s<385> l<56:45> el<56:48>
                                          n<> u<385> t<Select> p<386> c<384> l<56:49> el<56:49>
                                            n<> u<384> t<Bit_select> p<385> l<56:49> el<56:49>
                                    n<> u<393> t<FOUR_STATE_LOGIC_NOTEQUAL> p<394> s<392> l<56:49> el<56:52>
                                    n<> u<392> t<Expression> p<394> c<391> l<56:53> el<56:57>
                                      n<> u<391> t<Primary> p<392> c<390> l<56:53> el<56:57>
                                        n<> u<390> t<Primary_literal> p<391> c<389> l<56:53> el<56:57>
                                          n<> u<389> t<ONE_TICK_b1> p<390> l<56:53> el<56:57>
                              n<> u<405> t<Statement_or_null> p<406> c<404> l<56:59> el<56:65>
                                n<> u<404> t<Statement> p<405> c<403> l<56:59> el<56:65>
                                  n<> u<403> t<Statement_item> p<404> c<402> l<56:59> el<56:65>
                                    n<> u<402> t<Subroutine_call_statement> p<403> c<401> l<56:59> el<56:65>
                                      n<> u<401> t<Subroutine_call> p<402> c<397> l<56:59> el<56:64>
                                        n<$> u<397> t<DOLLAR> p<401> s<398> l<56:59> el<56:60>
                                        n<stop> u<398> t<SIMPLE_IDENTIFIER> p<401> s<400> l<56:60> el<56:64>
                                        n<> u<400> t<Select> p<401> c<399> l<56:64> el<56:64>
                                          n<> u<399> t<Bit_select> p<400> l<56:64> el<56:64>
        n<// IF> u<417> t<LINE_COMMENT> p<1233> s<453> l<58:4> el<58:9>
        n<> u<453> t<Non_port_module_item> p<1233> c<418> s<454> l<59:4> el<65:15>
          n<// genblk1 refers to the if's name, not the "generate" itself.> u<418> t<LINE_COMMENT> p<453> s<452> l<60:7> el<60:69>
          n<> u<452> t<Generate_region> p<453> c<449> l<59:4> el<65:15>
            n<> u<449> t<Generate_item> p<452> c<448> s<450> l<61:7> el<64:16>
              n<> u<448> t<Module_or_generate_item> p<449> c<447> l<61:7> el<64:16>
                n<> u<447> t<Module_common_item> p<448> c<446> l<61:7> el<64:16>
                  n<> u<446> t<Conditional_generate_construct> p<447> c<445> l<61:7> el<64:16>
                    n<> u<445> t<If_generate_construct> p<446> c<443> l<61:7> el<64:16>
                      n<> u<443> t<IF> p<445> s<422> l<61:7> el<61:9>
                      n<> u<422> t<Constant_expression> p<445> c<421> s<423> l<61:11> el<61:15>
                        n<> u<421> t<Constant_primary> p<422> c<420> l<61:11> el<61:15>
                          n<> u<420> t<Primary_literal> p<421> c<419> l<61:11> el<61:15>
                            n<> u<419> t<ONE_TICK_b1> p<420> l<61:11> el<61:15>
                      n<// IMPLIED begin: genblk1> u<423> t<LINE_COMMENT> p<445> s<432> l<61:17> el<61:42>
                      n<> u<432> t<Generate_item> p<445> c<431> s<433> l<62:2> el<62:16>
                        n<> u<431> t<Module_or_generate_item> p<432> c<430> l<62:2> el<62:16>
                          n<> u<430> t<Module_instantiation> p<431> c<424> l<62:2> el<62:16>
                            n<One> u<424> t<SIMPLE_IDENTIFIER> p<430> s<429> l<62:2> el<62:5>
                            n<> u<429> t<Hierarchical_instance> p<430> c<426> l<62:6> el<62:15>
                              n<> u<426> t<Name_of_instance> p<429> c<425> s<428> l<62:6> el<62:13>
                                n<ifcell1> u<425> t<SIMPLE_IDENTIFIER> p<426> l<62:6> el<62:13>
                              n<> u<428> t<Port_connection_list> p<429> c<427> l<62:14> el<62:14>
                                n<> u<427> t<Ordered_port_connection> p<428> l<62:14> el<62:14>
                      n<// genblk1.ifcell1> u<433> t<LINE_COMMENT> p<445> s<444> l<62:17> el<62:35>
                      n<> u<444> t<ELSE> p<445> s<442> l<63:7> el<63:11>
                      n<> u<442> t<Generate_item> p<445> c<441> l<64:2> el<64:16>
                        n<> u<441> t<Module_or_generate_item> p<442> c<440> l<64:2> el<64:16>
                          n<> u<440> t<Module_instantiation> p<441> c<434> l<64:2> el<64:16>
                            n<One> u<434> t<SIMPLE_IDENTIFIER> p<440> s<439> l<64:2> el<64:5>
                            n<> u<439> t<Hierarchical_instance> p<440> c<436> l<64:6> el<64:15>
                              n<> u<436> t<Name_of_instance> p<439> c<435> s<438> l<64:6> el<64:13>
                                n<ifcell1> u<435> t<SIMPLE_IDENTIFIER> p<436> l<64:6> el<64:13>
                              n<> u<438> t<Port_connection_list> p<439> c<437> l<64:14> el<64:14>
                                n<> u<437> t<Ordered_port_connection> p<438> l<64:14> el<64:14>
            n<// genblk1.ifcell1> u<450> t<LINE_COMMENT> p<452> s<451> l<64:17> el<64:35>
            n<> u<451> t<ENDGENERATE> p<452> l<65:4> el<65:15>
        n<// On compliant simulators "Implicit name" not allowed here; IE we can't use "genblk1" etc> u<454> t<LINE_COMMENT> p<1233> s<481> l<66:4> el<66:94>
        n<> u<481> t<Non_port_module_item> p<1233> c<480> s<508> l<72:4> el<77:15>
          n<> u<480> t<Generate_region> p<481> c<478> l<72:4> el<77:15>
            n<> u<478> t<Generate_item> p<480> c<477> s<479> l<73:7> el<76:10>
              n<> u<477> t<Generate_begin_end_block> p<478> c<455> l<73:7> el<76:10>
                n<namedif2> u<455> t<SIMPLE_IDENTIFIER> p<477> s<474> l<73:15> el<73:23>
                n<> u<474> t<Generate_item> p<477> c<473> s<475> l<74:3> el<75:19>
                  n<> u<473> t<Module_or_generate_item> p<474> c<472> l<74:3> el<75:19>
                    n<> u<472> t<Module_common_item> p<473> c<471> l<74:3> el<75:19>
                      n<> u<471> t<Conditional_generate_construct> p<472> c<470> l<74:3> el<75:19>
                        n<> u<470> t<If_generate_construct> p<471> c<469> l<74:3> el<75:19>
                          n<> u<469> t<IF> p<470> s<459> l<74:3> el<74:5>
                          n<> u<459> t<Constant_expression> p<470> c<458> s<468> l<74:7> el<74:11>
                            n<> u<458> t<Constant_primary> p<459> c<457> l<74:7> el<74:11>
                              n<> u<457> t<Primary_literal> p<458> c<456> l<74:7> el<74:11>
                                n<> u<456> t<ONE_TICK_b1> p<457> l<74:7> el<74:11>
                          n<> u<468> t<Generate_item> p<470> c<467> l<75:5> el<75:19>
                            n<> u<467> t<Module_or_generate_item> p<468> c<466> l<75:5> el<75:19>
                              n<> u<466> t<Module_instantiation> p<467> c<460> l<75:5> el<75:19>
                                n<One> u<460> t<SIMPLE_IDENTIFIER> p<466> s<465> l<75:5> el<75:8>
                                n<> u<465> t<Hierarchical_instance> p<466> c<462> l<75:9> el<75:18>
                                  n<> u<462> t<Name_of_instance> p<465> c<461> s<464> l<75:9> el<75:16>
                                    n<ifcell2> u<461> t<SIMPLE_IDENTIFIER> p<462> l<75:9> el<75:16>
                                  n<> u<464> t<Port_connection_list> p<465> c<463> l<75:17> el<75:17>
                                    n<> u<463> t<Ordered_port_connection> p<464> l<75:17> el<75:17>
                n<// namedif2.genblk1.ifcell2> u<475> t<LINE_COMMENT> p<477> s<476> l<75:22> el<75:49>
                n<> u<476> t<END> p<477> l<76:7> el<76:10>
            n<> u<479> t<ENDGENERATE> p<480> l<77:4> el<77:15>
        n<> u<508> t<Non_port_module_item> p<1233> c<507> s<555> l<83:4> el<88:15>
          n<> u<507> t<Generate_region> p<508> c<505> l<83:4> el<88:15>
            n<> u<505> t<Generate_item> p<507> c<504> s<506> l<84:7> el<87:5>
              n<> u<504> t<Module_or_generate_item> p<505> c<503> l<84:7> el<87:5>
                n<> u<503> t<Module_common_item> p<504> c<502> l<84:7> el<87:5>
                  n<> u<502> t<Conditional_generate_construct> p<503> c<501> l<84:7> el<87:5>
                    n<> u<501> t<If_generate_construct> p<502> c<500> l<84:7> el<87:5>
                      n<> u<500> t<IF> p<501> s<485> l<84:7> el<84:9>
                      n<> u<485> t<Constant_expression> p<501> c<484> s<499> l<84:11> el<84:15>
                        n<> u<484> t<Constant_primary> p<485> c<483> l<84:11> el<84:15>
                          n<> u<483> t<Primary_literal> p<484> c<482> l<84:11> el<84:15>
                            n<> u<482> t<ONE_TICK_b1> p<483> l<84:11> el<84:15>
                      n<> u<499> t<Generate_item> p<501> c<498> l<85:2> el<87:5>
                        n<> u<498> t<Generate_begin_end_block> p<499> c<486> l<85:2> el<87:5>
                          n<namedif3> u<486> t<SIMPLE_IDENTIFIER> p<498> s<495> l<85:10> el<85:18>
                          n<> u<495> t<Generate_item> p<498> c<494> s<496> l<86:5> el<86:19>
                            n<> u<494> t<Module_or_generate_item> p<495> c<493> l<86:5> el<86:19>
                              n<> u<493> t<Module_instantiation> p<494> c<487> l<86:5> el<86:19>
                                n<One> u<487> t<SIMPLE_IDENTIFIER> p<493> s<492> l<86:5> el<86:8>
                                n<> u<492> t<Hierarchical_instance> p<493> c<489> l<86:9> el<86:18>
                                  n<> u<489> t<Name_of_instance> p<492> c<488> s<491> l<86:9> el<86:16>
                                    n<ifcell3> u<488> t<SIMPLE_IDENTIFIER> p<489> l<86:9> el<86:16>
                                  n<> u<491> t<Port_connection_list> p<492> c<490> l<86:17> el<86:17>
                                    n<> u<490> t<Ordered_port_connection> p<491> l<86:17> el<86:17>
                          n<// namedif3.ifcell3> u<496> t<LINE_COMMENT> p<498> s<497> l<86:21> el<86:40>
                          n<> u<497> t<END> p<498> l<87:2> el<87:5>
            n<> u<506> t<ENDGENERATE> p<507> l<88:4> el<88:15>
        n<> u<555> t<Non_port_module_item> p<1233> c<554> s<556> l<89:4> el<89:68>
          n<> u<554> t<Module_or_generate_item> p<555> c<553> l<89:4> el<89:68>
            n<> u<553> t<Module_common_item> p<554> c<552> l<89:4> el<89:68>
              n<> u<552> t<Always_construct> p<553> c<509> l<89:4> el<89:68>
                n<> u<509> t<ALWAYS> p<552> s<551> l<89:4> el<89:10>
                n<> u<551> t<Statement> p<552> c<550> l<89:11> el<89:68>
                  n<> u<550> t<Statement_item> p<551> c<549> l<89:11> el<89:68>
                    n<> u<549> t<Procedural_timing_control_statement> p<550> c<517> l<89:11> el<89:68>
                      n<> u<517> t<Procedural_timing_control> p<549> c<516> s<548> l<89:11> el<89:26>
                        n<> u<516> t<Event_control> p<517> c<515> l<89:11> el<89:26>
                          n<> u<515> t<Event_expression> p<516> c<510> l<89:14> el<89:25>
                            n<> u<510> t<POSEDGE> p<515> s<514> l<89:14> el<89:21>
                            n<> u<514> t<Expression> p<515> c<513> l<89:22> el<89:25>
                              n<> u<513> t<Primary> p<514> c<512> l<89:22> el<89:25>
                                n<> u<512> t<Primary_literal> p<513> c<511> l<89:22> el<89:25>
                                  n<clk> u<511> t<SIMPLE_IDENTIFIER> p<512> l<89:22> el<89:25>
                      n<> u<548> t<Statement_or_null> p<549> c<547> l<89:27> el<89:68>
                        n<> u<547> t<Statement> p<548> c<546> l<89:27> el<89:68>
                          n<> u<546> t<Statement_item> p<547> c<545> l<89:27> el<89:68>
                            n<> u<545> t<Conditional_statement> p<546> c<535> l<89:27> el<89:68>
                              n<> u<535> t<Cond_predicate> p<545> c<534> s<544> l<89:31> el<89:60>
                                n<> u<534> t<Expression_or_cond_pattern> p<535> c<533> l<89:31> el<89:60>
                                  n<> u<533> t<Expression> p<534> c<527> l<89:31> el<89:60>
                                    n<> u<527> t<Expression> p<533> c<526> s<532> l<89:31> el<89:51>
                                      n<> u<526> t<Primary> p<527> c<525> l<89:31> el<89:51>
                                        n<> u<525> t<Subroutine_call> p<526> c<518> l<89:31> el<89:51>
                                          n<namedif3> u<518> t<SIMPLE_IDENTIFIER> p<525> s<519> l<89:31> el<89:39>
                                          n<> u<519> t<Constant_bit_select> p<525> s<520> l<89:39> el<89:39>
                                          n<ifcell3> u<520> t<SIMPLE_IDENTIFIER> p<525> s<521> l<89:40> el<89:47>
                                          n<> u<521> t<Constant_bit_select> p<525> s<522> l<89:47> el<89:47>
                                          n<one> u<522> t<SIMPLE_IDENTIFIER> p<525> s<524> l<89:48> el<89:51>
                                          n<> u<524> t<Select> p<525> c<523> l<89:52> el<89:52>
                                            n<> u<523> t<Bit_select> p<524> l<89:52> el<89:52>
                                    n<> u<532> t<FOUR_STATE_LOGIC_NOTEQUAL> p<533> s<531> l<89:52> el<89:55>
                                    n<> u<531> t<Expression> p<533> c<530> l<89:56> el<89:60>
                                      n<> u<530> t<Primary> p<531> c<529> l<89:56> el<89:60>
                                        n<> u<529> t<Primary_literal> p<530> c<528> l<89:56> el<89:60>
                                          n<> u<528> t<ONE_TICK_b1> p<529> l<89:56> el<89:60>
                              n<> u<544> t<Statement_or_null> p<545> c<543> l<89:62> el<89:68>
                                n<> u<543> t<Statement> p<544> c<542> l<89:62> el<89:68>
                                  n<> u<542> t<Statement_item> p<543> c<541> l<89:62> el<89:68>
                                    n<> u<541> t<Subroutine_call_statement> p<542> c<540> l<89:62> el<89:68>
                                      n<> u<540> t<Subroutine_call> p<541> c<536> l<89:62> el<89:67>
                                        n<$> u<536> t<DOLLAR> p<540> s<537> l<89:62> el<89:63>
                                        n<stop> u<537> t<SIMPLE_IDENTIFIER> p<540> s<539> l<89:63> el<89:67>
                                        n<> u<539> t<Select> p<540> c<538> l<89:67> el<89:67>
                                          n<> u<538> t<Bit_select> p<539> l<89:67> el<89:67>
        n<// CASE> u<556> t<LINE_COMMENT> p<1233> s<584> l<91:4> el<91:11>
        n<> u<584> t<Non_port_module_item> p<1233> c<583> s<615> l<92:4> el<97:15>
          n<> u<583> t<Generate_region> p<584> c<581> l<92:4> el<97:15>
            n<> u<581> t<Generate_item> p<583> c<580> s<582> l<93:7> el<96:14>
              n<> u<580> t<Module_or_generate_item> p<581> c<579> l<93:7> el<96:14>
                n<> u<579> t<Module_common_item> p<580> c<578> l<93:7> el<96:14>
                  n<> u<578> t<Conditional_generate_construct> p<579> c<577> l<93:7> el<96:14>
                    n<> u<577> t<Case_generate_construct> p<578> c<560> l<93:7> el<96:14>
                      n<> u<560> t<Constant_expression> p<577> c<559> s<574> l<93:13> el<93:17>
                        n<> u<559> t<Constant_primary> p<560> c<558> l<93:13> el<93:17>
                          n<> u<558> t<Primary_literal> p<559> c<557> l<93:13> el<93:17>
                            n<> u<557> t<ONE_TICK_b1> p<558> l<93:13> el<93:17>
                      n<> u<574> t<Case_generate_item> p<577> c<564> s<575> l<94:2> el<95:21>
                        n<> u<564> t<Constant_expression> p<574> c<563> s<573> l<94:2> el<94:6>
                          n<> u<563> t<Constant_primary> p<564> c<562> l<94:2> el<94:6>
                            n<> u<562> t<Primary_literal> p<563> c<561> l<94:2> el<94:6>
                              n<> u<561> t<ONE_TICK_b1> p<562> l<94:2> el<94:6>
                        n<> u<573> t<Generate_item> p<574> c<572> l<95:4> el<95:21>
                          n<> u<572> t<Module_or_generate_item> p<573> c<571> l<95:4> el<95:21>
                            n<> u<571> t<Module_instantiation> p<572> c<565> l<95:4> el<95:21>
                              n<One> u<565> t<SIMPLE_IDENTIFIER> p<571> s<570> l<95:4> el<95:7>
                              n<> u<570> t<Hierarchical_instance> p<571> c<567> l<95:8> el<95:20>
                                n<> u<567> t<Name_of_instance> p<570> c<566> s<569> l<95:8> el<95:18>
                                  n<casecell10> u<566> t<SIMPLE_IDENTIFIER> p<567> l<95:8> el<95:18>
                                n<> u<569> t<Port_connection_list> p<570> c<568> l<95:19> el<95:19>
                                  n<> u<568> t<Ordered_port_connection> p<569> l<95:19> el<95:19>
                      n<// genblk3.casecell10> u<575> t<LINE_COMMENT> p<577> s<576> l<95:22> el<95:43>
                      n<> u<576> t<ENDCASE> p<577> l<96:7> el<96:14>
            n<> u<582> t<ENDGENERATE> p<583> l<97:4> el<97:15>
        n<> u<615> t<Non_port_module_item> p<1233> c<614> s<662> l<103:4> el<109:15>
          n<> u<614> t<Generate_region> p<615> c<612> l<103:4> el<109:15>
            n<> u<612> t<Generate_item> p<614> c<611> s<613> l<104:7> el<108:14>
              n<> u<611> t<Module_or_generate_item> p<612> c<610> l<104:7> el<108:14>
                n<> u<610> t<Module_common_item> p<611> c<609> l<104:7> el<108:14>
                  n<> u<609> t<Conditional_generate_construct> p<610> c<608> l<104:7> el<108:14>
                    n<> u<608> t<Case_generate_construct> p<609> c<588> l<104:7> el<108:14>
                      n<> u<588> t<Constant_expression> p<608> c<587> s<606> l<104:13> el<104:17>
                        n<> u<587> t<Constant_primary> p<588> c<586> l<104:13> el<104:17>
                          n<> u<586> t<Primary_literal> p<587> c<585> l<104:13> el<104:17>
                            n<> u<585> t<ONE_TICK_b1> p<586> l<104:13> el<104:17>
                      n<> u<606> t<Case_generate_item> p<608> c<592> s<607> l<105:2> el<107:5>
                        n<> u<592> t<Constant_expression> p<606> c<591> s<605> l<105:2> el<105:6>
                          n<> u<591> t<Constant_primary> p<592> c<590> l<105:2> el<105:6>
                            n<> u<590> t<Primary_literal> p<591> c<589> l<105:2> el<105:6>
                              n<> u<589> t<ONE_TICK_b1> p<590> l<105:2> el<105:6>
                        n<> u<605> t<Generate_item> p<606> c<604> l<105:9> el<107:5>
                          n<> u<604> t<Generate_begin_end_block> p<605> c<593> l<105:9> el<107:5>
                            n<namedcase11> u<593> t<SIMPLE_IDENTIFIER> p<604> s<602> l<105:17> el<105:28>
                            n<> u<602> t<Generate_item> p<604> c<601> s<603> l<106:4> el<106:21>
                              n<> u<601> t<Module_or_generate_item> p<602> c<600> l<106:4> el<106:21>
                                n<> u<600> t<Module_instantiation> p<601> c<594> l<106:4> el<106:21>
                                  n<One> u<594> t<SIMPLE_IDENTIFIER> p<600> s<599> l<106:4> el<106:7>
                                  n<> u<599> t<Hierarchical_instance> p<600> c<596> l<106:8> el<106:20>
                                    n<> u<596> t<Name_of_instance> p<599> c<595> s<598> l<106:8> el<106:18>
                                      n<casecell11> u<595> t<SIMPLE_IDENTIFIER> p<596> l<106:8> el<106:18>
                                    n<> u<598> t<Port_connection_list> p<599> c<597> l<106:19> el<106:19>
                                      n<> u<597> t<Ordered_port_connection> p<598> l<106:19> el<106:19>
                            n<> u<603> t<END> p<604> l<107:2> el<107:5>
                      n<> u<607> t<ENDCASE> p<608> l<108:7> el<108:14>
            n<> u<613> t<ENDGENERATE> p<614> l<109:4> el<109:15>
        n<> u<662> t<Non_port_module_item> p<1233> c<661> s<669> l<110:4> el<110:74>
          n<> u<661> t<Module_or_generate_item> p<662> c<660> l<110:4> el<110:74>
            n<> u<660> t<Module_common_item> p<661> c<659> l<110:4> el<110:74>
              n<> u<659> t<Always_construct> p<660> c<616> l<110:4> el<110:74>
                n<> u<616> t<ALWAYS> p<659> s<658> l<110:4> el<110:10>
                n<> u<658> t<Statement> p<659> c<657> l<110:11> el<110:74>
                  n<> u<657> t<Statement_item> p<658> c<656> l<110:11> el<110:74>
                    n<> u<656> t<Procedural_timing_control_statement> p<657> c<624> l<110:11> el<110:74>
                      n<> u<624> t<Procedural_timing_control> p<656> c<623> s<655> l<110:11> el<110:26>
                        n<> u<623> t<Event_control> p<624> c<622> l<110:11> el<110:26>
                          n<> u<622> t<Event_expression> p<623> c<617> l<110:14> el<110:25>
                            n<> u<617> t<POSEDGE> p<622> s<621> l<110:14> el<110:21>
                            n<> u<621> t<Expression> p<622> c<620> l<110:22> el<110:25>
                              n<> u<620> t<Primary> p<621> c<619> l<110:22> el<110:25>
                                n<> u<619> t<Primary_literal> p<620> c<618> l<110:22> el<110:25>
                                  n<clk> u<618> t<SIMPLE_IDENTIFIER> p<619> l<110:22> el<110:25>
                      n<> u<655> t<Statement_or_null> p<656> c<654> l<110:27> el<110:74>
                        n<> u<654> t<Statement> p<655> c<653> l<110:27> el<110:74>
                          n<> u<653> t<Statement_item> p<654> c<652> l<110:27> el<110:74>
                            n<> u<652> t<Conditional_statement> p<653> c<642> l<110:27> el<110:74>
                              n<> u<642> t<Cond_predicate> p<652> c<641> s<651> l<110:31> el<110:66>
                                n<> u<641> t<Expression_or_cond_pattern> p<642> c<640> l<110:31> el<110:66>
                                  n<> u<640> t<Expression> p<641> c<634> l<110:31> el<110:66>
                                    n<> u<634> t<Expression> p<640> c<633> s<639> l<110:31> el<110:57>
                                      n<> u<633> t<Primary> p<634> c<632> l<110:31> el<110:57>
                                        n<> u<632> t<Subroutine_call> p<633> c<625> l<110:31> el<110:57>
                                          n<namedcase11> u<625> t<SIMPLE_IDENTIFIER> p<632> s<626> l<110:31> el<110:42>
                                          n<> u<626> t<Constant_bit_select> p<632> s<627> l<110:42> el<110:42>
                                          n<casecell11> u<627> t<SIMPLE_IDENTIFIER> p<632> s<628> l<110:43> el<110:53>
                                          n<> u<628> t<Constant_bit_select> p<632> s<629> l<110:53> el<110:53>
                                          n<one> u<629> t<SIMPLE_IDENTIFIER> p<632> s<631> l<110:54> el<110:57>
                                          n<> u<631> t<Select> p<632> c<630> l<110:58> el<110:58>
                                            n<> u<630> t<Bit_select> p<631> l<110:58> el<110:58>
                                    n<> u<639> t<FOUR_STATE_LOGIC_NOTEQUAL> p<640> s<638> l<110:58> el<110:61>
                                    n<> u<638> t<Expression> p<640> c<637> l<110:62> el<110:66>
                                      n<> u<637> t<Primary> p<638> c<636> l<110:62> el<110:66>
                                        n<> u<636> t<Primary_literal> p<637> c<635> l<110:62> el<110:66>
                                          n<> u<635> t<ONE_TICK_b1> p<636> l<110:62> el<110:66>
                              n<> u<651> t<Statement_or_null> p<652> c<650> l<110:68> el<110:74>
                                n<> u<650> t<Statement> p<651> c<649> l<110:68> el<110:74>
                                  n<> u<649> t<Statement_item> p<650> c<648> l<110:68> el<110:74>
                                    n<> u<648> t<Subroutine_call_statement> p<649> c<647> l<110:68> el<110:74>
                                      n<> u<647> t<Subroutine_call> p<648> c<643> l<110:68> el<110:73>
                                        n<$> u<643> t<DOLLAR> p<647> s<644> l<110:68> el<110:69>
                                        n<stop> u<644> t<SIMPLE_IDENTIFIER> p<647> s<646> l<110:69> el<110:73>
                                        n<> u<646> t<Select> p<647> c<645> l<110:73> el<110:73>
                                          n<> u<645> t<Bit_select> p<646> l<110:73> el<110:73>
        n<> u<669> t<Non_port_module_item> p<1233> c<668> s<676> l<112:4> el<112:13>
          n<> u<668> t<Module_or_generate_item> p<669> c<667> l<112:4> el<112:13>
            n<> u<667> t<Module_common_item> p<668> c<666> l<112:4> el<112:13>
              n<> u<666> t<Module_or_generate_item_declaration> p<667> c<665> l<112:4> el<112:13>
                n<> u<665> t<Genvar_declaration> p<666> c<664> l<112:4> el<112:13>
                  n<> u<664> t<Identifier_list> p<665> c<663> l<112:11> el<112:12>
                    n<i> u<663> t<SIMPLE_IDENTIFIER> p<664> l<112:11> el<112:12>
        n<> u<676> t<Non_port_module_item> p<1233> c<675> s<677> l<113:4> el<113:13>
          n<> u<675> t<Module_or_generate_item> p<676> c<674> l<113:4> el<113:13>
            n<> u<674> t<Module_common_item> p<675> c<673> l<113:4> el<113:13>
              n<> u<673> t<Module_or_generate_item_declaration> p<674> c<672> l<113:4> el<113:13>
                n<> u<672> t<Genvar_declaration> p<673> c<671> l<113:4> el<113:13>
                  n<> u<671> t<Identifier_list> p<672> c<670> l<113:11> el<113:12>
                    n<j> u<670> t<SIMPLE_IDENTIFIER> p<671> l<113:11> el<113:12>
        n<// IF> u<677> t<LINE_COMMENT> p<1233> s<722> l<115:4> el<115:9>
        n<> u<722> t<Non_port_module_item> p<1233> c<721> s<723> l<116:4> el<119:15>
          n<> u<721> t<Generate_region> p<722> c<718> l<116:4> el<119:15>
            n<> u<718> t<Generate_item> p<721> c<717> s<719> l<117:7> el<118:19>
              n<> u<717> t<Module_or_generate_item> p<718> c<716> l<117:7> el<118:19>
                n<> u<716> t<Module_common_item> p<717> c<715> l<117:7> el<118:19>
                  n<> u<715> t<Loop_generate_construct> p<716> c<683> l<117:7> el<118:19>
                    n<> u<683> t<Genvar_initialization> p<715> c<678> s<693> l<117:12> el<117:17>
                      n<i> u<678> t<SIMPLE_IDENTIFIER> p<683> s<682> l<117:12> el<117:13>
                      n<> u<682> t<Constant_expression> p<683> c<681> l<117:16> el<117:17>
                        n<> u<681> t<Constant_primary> p<682> c<680> l<117:16> el<117:17>
                          n<> u<680> t<Primary_literal> p<681> c<679> l<117:16> el<117:17>
                            n<0> u<679> t<INTEGRAL_NUMBER> p<680> l<117:16> el<117:17>
                    n<> u<693> t<Constant_expression> p<715> c<687> s<705> l<117:19> el<117:24>
                      n<> u<687> t<Constant_expression> p<693> c<686> s<692> l<117:19> el<117:20>
                        n<> u<686> t<Constant_primary> p<687> c<685> l<117:19> el<117:20>
                          n<> u<685> t<Primary_literal> p<686> c<684> l<117:19> el<117:20>
                            n<i> u<684> t<SIMPLE_IDENTIFIER> p<685> l<117:19> el<117:20>
                      n<> u<692> t<LESS> p<693> s<691> l<117:21> el<117:22>
                      n<> u<691> t<Constant_expression> p<693> c<690> l<117:23> el<117:24>
                        n<> u<690> t<Constant_primary> p<691> c<689> l<117:23> el<117:24>
                          n<> u<689> t<Primary_literal> p<690> c<688> l<117:23> el<117:24>
                            n<2> u<688> t<INTEGRAL_NUMBER> p<689> l<117:23> el<117:24>
                    n<> u<705> t<Genvar_iteration> p<715> c<694> s<714> l<117:26> el<117:35>
                      n<i> u<694> t<SIMPLE_IDENTIFIER> p<705> s<704> l<117:26> el<117:27>
                      n<> u<704> t<Constant_expression> p<705> c<698> l<117:30> el<117:35>
                        n<> u<698> t<Constant_expression> p<704> c<697> s<703> l<117:30> el<117:31>
                          n<> u<697> t<Constant_primary> p<698> c<696> l<117:30> el<117:31>
                            n<> u<696> t<Primary_literal> p<697> c<695> l<117:30> el<117:31>
                              n<i> u<695> t<SIMPLE_IDENTIFIER> p<696> l<117:30> el<117:31>
                        n<> u<703> t<BinaryOp_Plus> p<704> s<702> l<117:32> el<117:33>
                        n<> u<702> t<Constant_expression> p<704> c<701> l<117:34> el<117:35>
                          n<> u<701> t<Constant_primary> p<702> c<700> l<117:34> el<117:35>
                            n<> u<700> t<Primary_literal> p<701> c<699> l<117:34> el<117:35>
                              n<1> u<699> t<INTEGRAL_NUMBER> p<700> l<117:34> el<117:35>
                    n<> u<714> t<Generate_item> p<715> c<713> l<118:2> el<118:19>
                      n<> u<713> t<Module_or_generate_item> p<714> c<712> l<118:2> el<118:19>
                        n<> u<712> t<Module_instantiation> p<713> c<706> l<118:2> el<118:19>
                          n<One> u<706> t<SIMPLE_IDENTIFIER> p<712> s<711> l<118:2> el<118:5>
                          n<> u<711> t<Hierarchical_instance> p<712> c<708> l<118:6> el<118:18>
                            n<> u<708> t<Name_of_instance> p<711> c<707> s<710> l<118:6> el<118:15>
                              n<cellfor20> u<707> t<SIMPLE_IDENTIFIER> p<708> l<118:6> el<118:15>
                            n<> u<710> t<Port_connection_list> p<711> c<709> l<118:17> el<118:17>
                              n<> u<709> t<Ordered_port_connection> p<710> l<118:17> el<118:17>
            n<// genblk4[0..1].cellfor20> u<719> t<LINE_COMMENT> p<721> s<720> l<118:20> el<118:46>
            n<> u<720> t<ENDGENERATE> p<721> l<119:4> el<119:15>
        n<// COMBO> u<723> t<LINE_COMMENT> p<1233> s<772> l<126:4> el<126:12>
        n<> u<772> t<Non_port_module_item> p<1233> c<771> s<823> l<127:4> el<132:15>
          n<> u<771> t<Generate_region> p<772> c<769> l<127:4> el<132:15>
            n<> u<769> t<Generate_item> p<771> c<768> s<770> l<128:7> el<131:5>
              n<> u<768> t<Module_or_generate_item> p<769> c<767> l<128:7> el<131:5>
                n<> u<767> t<Module_common_item> p<768> c<766> l<128:7> el<131:5>
                  n<> u<766> t<Loop_generate_construct> p<767> c<729> l<128:7> el<131:5>
                    n<> u<729> t<Genvar_initialization> p<766> c<724> s<739> l<128:12> el<128:17>
                      n<i> u<724> t<SIMPLE_IDENTIFIER> p<729> s<728> l<128:12> el<128:13>
                      n<> u<728> t<Constant_expression> p<729> c<727> l<128:16> el<128:17>
                        n<> u<727> t<Constant_primary> p<728> c<726> l<128:16> el<128:17>
                          n<> u<726> t<Primary_literal> p<727> c<725> l<128:16> el<128:17>
                            n<0> u<725> t<INTEGRAL_NUMBER> p<726> l<128:16> el<128:17>
                    n<> u<739> t<Constant_expression> p<766> c<733> s<751> l<128:19> el<128:24>
                      n<> u<733> t<Constant_expression> p<739> c<732> s<738> l<128:19> el<128:20>
                        n<> u<732> t<Constant_primary> p<733> c<731> l<128:19> el<128:20>
                          n<> u<731> t<Primary_literal> p<732> c<730> l<128:19> el<128:20>
                            n<i> u<730> t<SIMPLE_IDENTIFIER> p<731> l<128:19> el<128:20>
                      n<> u<738> t<LESS> p<739> s<737> l<128:21> el<128:22>
                      n<> u<737> t<Constant_expression> p<739> c<736> l<128:23> el<128:24>
                        n<> u<736> t<Constant_primary> p<737> c<735> l<128:23> el<128:24>
                          n<> u<735> t<Primary_literal> p<736> c<734> l<128:23> el<128:24>
                            n<2> u<734> t<INTEGRAL_NUMBER> p<735> l<128:23> el<128:24>
                    n<> u<751> t<Genvar_iteration> p<766> c<740> s<765> l<128:26> el<128:35>
                      n<i> u<740> t<SIMPLE_IDENTIFIER> p<751> s<750> l<128:26> el<128:27>
                      n<> u<750> t<Constant_expression> p<751> c<744> l<128:30> el<128:35>
                        n<> u<744> t<Constant_expression> p<750> c<743> s<749> l<128:30> el<128:31>
                          n<> u<743> t<Constant_primary> p<744> c<742> l<128:30> el<128:31>
                            n<> u<742> t<Primary_literal> p<743> c<741> l<128:30> el<128:31>
                              n<i> u<741> t<SIMPLE_IDENTIFIER> p<742> l<128:30> el<128:31>
                        n<> u<749> t<BinaryOp_Plus> p<750> s<748> l<128:32> el<128:33>
                        n<> u<748> t<Constant_expression> p<750> c<747> l<128:34> el<128:35>
                          n<> u<747> t<Constant_primary> p<748> c<746> l<128:34> el<128:35>
                            n<> u<746> t<Primary_literal> p<747> c<745> l<128:34> el<128:35>
                              n<1> u<745> t<INTEGRAL_NUMBER> p<746> l<128:34> el<128:35>
                    n<> u<765> t<Generate_item> p<766> c<764> l<129:2> el<131:5>
                      n<> u<764> t<Generate_begin_end_block> p<765> c<752> l<129:2> el<131:5>
                        n<namedfor21> u<752> t<SIMPLE_IDENTIFIER> p<764> s<761> l<129:10> el<129:20>
                        n<> u<761> t<Generate_item> p<764> c<760> s<762> l<130:5> el<130:22>
                          n<> u<760> t<Module_or_generate_item> p<761> c<759> l<130:5> el<130:22>
                            n<> u<759> t<Module_instantiation> p<760> c<753> l<130:5> el<130:22>
                              n<One> u<753> t<SIMPLE_IDENTIFIER> p<759> s<758> l<130:5> el<130:8>
                              n<> u<758> t<Hierarchical_instance> p<759> c<755> l<130:9> el<130:21>
                                n<> u<755> t<Name_of_instance> p<758> c<754> s<757> l<130:9> el<130:18>
                                  n<cellfor21> u<754> t<SIMPLE_IDENTIFIER> p<755> l<130:9> el<130:18>
                                n<> u<757> t<Port_connection_list> p<758> c<756> l<130:20> el<130:20>
                                  n<> u<756> t<Ordered_port_connection> p<757> l<130:20> el<130:20>
                        n<// namedfor21[0..1].cellfor21> u<762> t<LINE_COMMENT> p<764> s<763> l<130:23> el<130:52>
                        n<> u<763> t<END> p<764> l<131:2> el<131:5>
            n<> u<770> t<ENDGENERATE> p<771> l<132:4> el<132:15>
        n<> u<823> t<Non_port_module_item> p<1233> c<822> s<874> l<133:4> el<133:75>
          n<> u<822> t<Module_or_generate_item> p<823> c<821> l<133:4> el<133:75>
            n<> u<821> t<Module_common_item> p<822> c<820> l<133:4> el<133:75>
              n<> u<820> t<Always_construct> p<821> c<773> l<133:4> el<133:75>
                n<> u<773> t<ALWAYS> p<820> s<819> l<133:4> el<133:10>
                n<> u<819> t<Statement> p<820> c<818> l<133:11> el<133:75>
                  n<> u<818> t<Statement_item> p<819> c<817> l<133:11> el<133:75>
                    n<> u<817> t<Procedural_timing_control_statement> p<818> c<781> l<133:11> el<133:75>
                      n<> u<781> t<Procedural_timing_control> p<817> c<780> s<816> l<133:11> el<133:26>
                        n<> u<780> t<Event_control> p<781> c<779> l<133:11> el<133:26>
                          n<> u<779> t<Event_expression> p<780> c<774> l<133:14> el<133:25>
                            n<> u<774> t<POSEDGE> p<779> s<778> l<133:14> el<133:21>
                            n<> u<778> t<Expression> p<779> c<777> l<133:22> el<133:25>
                              n<> u<777> t<Primary> p<778> c<776> l<133:22> el<133:25>
                                n<> u<776> t<Primary_literal> p<777> c<775> l<133:22> el<133:25>
                                  n<clk> u<775> t<SIMPLE_IDENTIFIER> p<776> l<133:22> el<133:25>
                      n<> u<816> t<Statement_or_null> p<817> c<815> l<133:27> el<133:75>
                        n<> u<815> t<Statement> p<816> c<814> l<133:27> el<133:75>
                          n<> u<814> t<Statement_item> p<815> c<813> l<133:27> el<133:75>
                            n<> u<813> t<Conditional_statement> p<814> c<803> l<133:27> el<133:75>
                              n<> u<803> t<Cond_predicate> p<813> c<802> s<812> l<133:31> el<133:67>
                                n<> u<802> t<Expression_or_cond_pattern> p<803> c<801> l<133:31> el<133:67>
                                  n<> u<801> t<Expression> p<802> c<795> l<133:31> el<133:67>
                                    n<> u<795> t<Expression> p<801> c<794> s<800> l<133:31> el<133:58>
                                      n<> u<794> t<Primary> p<795> c<793> l<133:31> el<133:58>
                                        n<> u<793> t<Subroutine_call> p<794> c<782> l<133:31> el<133:58>
                                          n<namedfor21> u<782> t<SIMPLE_IDENTIFIER> p<793> s<787> l<133:31> el<133:41>
                                          n<> u<787> t<Constant_bit_select> p<793> c<786> s<788> l<133:41> el<133:44>
                                            n<> u<786> t<Constant_expression> p<787> c<785> l<133:42> el<133:43>
                                              n<> u<785> t<Constant_primary> p<786> c<784> l<133:42> el<133:43>
                                                n<> u<784> t<Primary_literal> p<785> c<783> l<133:42> el<133:43>
                                                  n<0> u<783> t<INTEGRAL_NUMBER> p<784> l<133:42> el<133:43>
                                          n<cellfor21> u<788> t<SIMPLE_IDENTIFIER> p<793> s<789> l<133:45> el<133:54>
                                          n<> u<789> t<Constant_bit_select> p<793> s<790> l<133:54> el<133:54>
                                          n<one> u<790> t<SIMPLE_IDENTIFIER> p<793> s<792> l<133:55> el<133:58>
                                          n<> u<792> t<Select> p<793> c<791> l<133:59> el<133:59>
                                            n<> u<791> t<Bit_select> p<792> l<133:59> el<133:59>
                                    n<> u<800> t<FOUR_STATE_LOGIC_NOTEQUAL> p<801> s<799> l<133:59> el<133:62>
                                    n<> u<799> t<Expression> p<801> c<798> l<133:63> el<133:67>
                                      n<> u<798> t<Primary> p<799> c<797> l<133:63> el<133:67>
                                        n<> u<797> t<Primary_literal> p<798> c<796> l<133:63> el<133:67>
                                          n<> u<796> t<ONE_TICK_b1> p<797> l<133:63> el<133:67>
                              n<> u<812> t<Statement_or_null> p<813> c<811> l<133:69> el<133:75>
                                n<> u<811> t<Statement> p<812> c<810> l<133:69> el<133:75>
                                  n<> u<810> t<Statement_item> p<811> c<809> l<133:69> el<133:75>
                                    n<> u<809> t<Subroutine_call_statement> p<810> c<808> l<133:69> el<133:75>
                                      n<> u<808> t<Subroutine_call> p<809> c<804> l<133:69> el<133:74>
                                        n<$> u<804> t<DOLLAR> p<808> s<805> l<133:69> el<133:70>
                                        n<stop> u<805> t<SIMPLE_IDENTIFIER> p<808> s<807> l<133:70> el<133:74>
                                        n<> u<807> t<Select> p<808> c<806> l<133:74> el<133:74>
                                          n<> u<806> t<Bit_select> p<807> l<133:74> el<133:74>
        n<> u<874> t<Non_port_module_item> p<1233> c<873> s<995> l<134:4> el<134:75>
          n<> u<873> t<Module_or_generate_item> p<874> c<872> l<134:4> el<134:75>
            n<> u<872> t<Module_common_item> p<873> c<871> l<134:4> el<134:75>
              n<> u<871> t<Always_construct> p<872> c<824> l<134:4> el<134:75>
                n<> u<824> t<ALWAYS> p<871> s<870> l<134:4> el<134:10>
                n<> u<870> t<Statement> p<871> c<869> l<134:11> el<134:75>
                  n<> u<869> t<Statement_item> p<870> c<868> l<134:11> el<134:75>
                    n<> u<868> t<Procedural_timing_control_statement> p<869> c<832> l<134:11> el<134:75>
                      n<> u<832> t<Procedural_timing_control> p<868> c<831> s<867> l<134:11> el<134:26>
                        n<> u<831> t<Event_control> p<832> c<830> l<134:11> el<134:26>
                          n<> u<830> t<Event_expression> p<831> c<825> l<134:14> el<134:25>
                            n<> u<825> t<POSEDGE> p<830> s<829> l<134:14> el<134:21>
                            n<> u<829> t<Expression> p<830> c<828> l<134:22> el<134:25>
                              n<> u<828> t<Primary> p<829> c<827> l<134:22> el<134:25>
                                n<> u<827> t<Primary_literal> p<828> c<826> l<134:22> el<134:25>
                                  n<clk> u<826> t<SIMPLE_IDENTIFIER> p<827> l<134:22> el<134:25>
                      n<> u<867> t<Statement_or_null> p<868> c<866> l<134:27> el<134:75>
                        n<> u<866> t<Statement> p<867> c<865> l<134:27> el<134:75>
                          n<> u<865> t<Statement_item> p<866> c<864> l<134:27> el<134:75>
                            n<> u<864> t<Conditional_statement> p<865> c<854> l<134:27> el<134:75>
                              n<> u<854> t<Cond_predicate> p<864> c<853> s<863> l<134:31> el<134:67>
                                n<> u<853> t<Expression_or_cond_pattern> p<854> c<852> l<134:31> el<134:67>
                                  n<> u<852> t<Expression> p<853> c<846> l<134:31> el<134:67>
                                    n<> u<846> t<Expression> p<852> c<845> s<851> l<134:31> el<134:58>
                                      n<> u<845> t<Primary> p<846> c<844> l<134:31> el<134:58>
                                        n<> u<844> t<Subroutine_call> p<845> c<833> l<134:31> el<134:58>
                                          n<namedfor21> u<833> t<SIMPLE_IDENTIFIER> p<844> s<838> l<134:31> el<134:41>
                                          n<> u<838> t<Constant_bit_select> p<844> c<837> s<839> l<134:41> el<134:44>
                                            n<> u<837> t<Constant_expression> p<838> c<836> l<134:42> el<134:43>
                                              n<> u<836> t<Constant_primary> p<837> c<835> l<134:42> el<134:43>
                                                n<> u<835> t<Primary_literal> p<836> c<834> l<134:42> el<134:43>
                                                  n<1> u<834> t<INTEGRAL_NUMBER> p<835> l<134:42> el<134:43>
                                          n<cellfor21> u<839> t<SIMPLE_IDENTIFIER> p<844> s<840> l<134:45> el<134:54>
                                          n<> u<840> t<Constant_bit_select> p<844> s<841> l<134:54> el<134:54>
                                          n<one> u<841> t<SIMPLE_IDENTIFIER> p<844> s<843> l<134:55> el<134:58>
                                          n<> u<843> t<Select> p<844> c<842> l<134:59> el<134:59>
                                            n<> u<842> t<Bit_select> p<843> l<134:59> el<134:59>
                                    n<> u<851> t<FOUR_STATE_LOGIC_NOTEQUAL> p<852> s<850> l<134:59> el<134:62>
                                    n<> u<850> t<Expression> p<852> c<849> l<134:63> el<134:67>
                                      n<> u<849> t<Primary> p<850> c<848> l<134:63> el<134:67>
                                        n<> u<848> t<Primary_literal> p<849> c<847> l<134:63> el<134:67>
                                          n<> u<847> t<ONE_TICK_b1> p<848> l<134:63> el<134:67>
                              n<> u<863> t<Statement_or_null> p<864> c<862> l<134:69> el<134:75>
                                n<> u<862> t<Statement> p<863> c<861> l<134:69> el<134:75>
                                  n<> u<861> t<Statement_item> p<862> c<860> l<134:69> el<134:75>
                                    n<> u<860> t<Subroutine_call_statement> p<861> c<859> l<134:69> el<134:75>
                                      n<> u<859> t<Subroutine_call> p<860> c<855> l<134:69> el<134:74>
                                        n<$> u<855> t<DOLLAR> p<859> s<856> l<134:69> el<134:70>
                                        n<stop> u<856> t<SIMPLE_IDENTIFIER> p<859> s<858> l<134:70> el<134:74>
                                        n<> u<858> t<Select> p<859> c<857> l<134:74> el<134:74>
                                          n<> u<857> t<Bit_select> p<858> l<134:74> el<134:74>
        n<> u<995> t<Non_port_module_item> p<1233> c<994> s<1054> l<136:4> el<155:15>
          n<> u<994> t<Generate_region> p<995> c<992> l<136:4> el<155:15>
            n<> u<992> t<Generate_item> p<994> c<991> s<993> l<137:7> el<154:5>
              n<> u<991> t<Module_or_generate_item> p<992> c<990> l<137:7> el<154:5>
                n<> u<990> t<Module_common_item> p<991> c<989> l<137:7> el<154:5>
                  n<> u<989> t<Loop_generate_construct> p<990> c<880> l<137:7> el<154:5>
                    n<> u<880> t<Genvar_initialization> p<989> c<875> s<890> l<137:12> el<137:17>
                      n<i> u<875> t<SIMPLE_IDENTIFIER> p<880> s<879> l<137:12> el<137:13>
                      n<> u<879> t<Constant_expression> p<880> c<878> l<137:16> el<137:17>
                        n<> u<878> t<Constant_primary> p<879> c<877> l<137:16> el<137:17>
                          n<> u<877> t<Primary_literal> p<878> c<876> l<137:16> el<137:17>
                            n<0> u<876> t<INTEGRAL_NUMBER> p<877> l<137:16> el<137:17>
                    n<> u<890> t<Constant_expression> p<989> c<884> s<902> l<137:19> el<137:24>
                      n<> u<884> t<Constant_expression> p<890> c<883> s<889> l<137:19> el<137:20>
                        n<> u<883> t<Constant_primary> p<884> c<882> l<137:19> el<137:20>
                          n<> u<882> t<Primary_literal> p<883> c<881> l<137:19> el<137:20>
                            n<i> u<881> t<SIMPLE_IDENTIFIER> p<882> l<137:19> el<137:20>
                      n<> u<889> t<LESS> p<890> s<888> l<137:21> el<137:22>
                      n<> u<888> t<Constant_expression> p<890> c<887> l<137:23> el<137:24>
                        n<> u<887> t<Constant_primary> p<888> c<886> l<137:23> el<137:24>
                          n<> u<886> t<Primary_literal> p<887> c<885> l<137:23> el<137:24>
                            n<2> u<885> t<INTEGRAL_NUMBER> p<886> l<137:23> el<137:24>
                    n<> u<902> t<Genvar_iteration> p<989> c<891> s<988> l<137:26> el<137:35>
                      n<i> u<891> t<SIMPLE_IDENTIFIER> p<902> s<901> l<137:26> el<137:27>
                      n<> u<901> t<Constant_expression> p<902> c<895> l<137:30> el<137:35>
                        n<> u<895> t<Constant_expression> p<901> c<894> s<900> l<137:30> el<137:31>
                          n<> u<894> t<Constant_primary> p<895> c<893> l<137:30> el<137:31>
                            n<> u<893> t<Primary_literal> p<894> c<892> l<137:30> el<137:31>
                              n<i> u<892> t<SIMPLE_IDENTIFIER> p<893> l<137:30> el<137:31>
                        n<> u<900> t<BinaryOp_Plus> p<901> s<899> l<137:32> el<137:33>
                        n<> u<899> t<Constant_expression> p<901> c<898> l<137:34> el<137:35>
                          n<> u<898> t<Constant_primary> p<899> c<897> l<137:34> el<137:35>
                            n<> u<897> t<Primary_literal> p<898> c<896> l<137:34> el<137:35>
                              n<1> u<896> t<INTEGRAL_NUMBER> p<897> l<137:34> el<137:35>
                    n<> u<988> t<Generate_item> p<989> c<987> l<138:2> el<154:5>
                      n<> u<987> t<Generate_begin_end_block> p<988> c<903> l<138:2> el<154:5>
                        n<namedfor30> u<903> t<SIMPLE_IDENTIFIER> p<987> s<985> l<138:10> el<138:20>
                        n<> u<985> t<Generate_item> p<987> c<984> s<986> l<139:5> el<153:10>
                          n<> u<984> t<Module_or_generate_item> p<985> c<983> l<139:5> el<153:10>
                            n<> u<983> t<Module_common_item> p<984> c<982> l<139:5> el<153:10>
                              n<> u<982> t<Loop_generate_construct> p<983> c<909> l<139:5> el<153:10>
                                n<> u<909> t<Genvar_initialization> p<982> c<904> s<919> l<139:10> el<139:15>
                                  n<j> u<904> t<SIMPLE_IDENTIFIER> p<909> s<908> l<139:10> el<139:11>
                                  n<> u<908> t<Constant_expression> p<909> c<907> l<139:14> el<139:15>
                                    n<> u<907> t<Constant_primary> p<908> c<906> l<139:14> el<139:15>
                                      n<> u<906> t<Primary_literal> p<907> c<905> l<139:14> el<139:15>
                                        n<0> u<905> t<INTEGRAL_NUMBER> p<906> l<139:14> el<139:15>
                                n<> u<919> t<Constant_expression> p<982> c<913> s<931> l<139:17> el<139:22>
                                  n<> u<913> t<Constant_expression> p<919> c<912> s<918> l<139:17> el<139:18>
                                    n<> u<912> t<Constant_primary> p<913> c<911> l<139:17> el<139:18>
                                      n<> u<911> t<Primary_literal> p<912> c<910> l<139:17> el<139:18>
                                        n<j> u<910> t<SIMPLE_IDENTIFIER> p<911> l<139:17> el<139:18>
                                  n<> u<918> t<LESS> p<919> s<917> l<139:19> el<139:20>
                                  n<> u<917> t<Constant_expression> p<919> c<916> l<139:21> el<139:22>
                                    n<> u<916> t<Constant_primary> p<917> c<915> l<139:21> el<139:22>
                                      n<> u<915> t<Primary_literal> p<916> c<914> l<139:21> el<139:22>
                                        n<2> u<914> t<INTEGRAL_NUMBER> p<915> l<139:21> el<139:22>
                                n<> u<931> t<Genvar_iteration> p<982> c<920> s<981> l<139:24> el<139:33>
                                  n<j> u<920> t<SIMPLE_IDENTIFIER> p<931> s<930> l<139:24> el<139:25>
                                  n<> u<930> t<Constant_expression> p<931> c<924> l<139:28> el<139:33>
                                    n<> u<924> t<Constant_expression> p<930> c<923> s<929> l<139:28> el<139:29>
                                      n<> u<923> t<Constant_primary> p<924> c<922> l<139:28> el<139:29>
                                        n<> u<922> t<Primary_literal> p<923> c<921> l<139:28> el<139:29>
                                          n<j> u<921> t<SIMPLE_IDENTIFIER> p<922> l<139:28> el<139:29>
                                    n<> u<929> t<BinaryOp_Plus> p<930> s<928> l<139:30> el<139:31>
                                    n<> u<928> t<Constant_expression> p<930> c<927> l<139:32> el<139:33>
                                      n<> u<927> t<Constant_primary> p<928> c<926> l<139:32> el<139:33>
                                        n<> u<926> t<Primary_literal> p<927> c<925> l<139:32> el<139:33>
                                          n<1> u<925> t<INTEGRAL_NUMBER> p<926> l<139:32> el<139:33>
                                n<> u<981> t<Generate_item> p<982> c<980> l<140:7> el<153:10>
                                  n<> u<980> t<Generate_begin_end_block> p<981> c<932> l<140:7> el<153:10>
                                    n<forb30> u<932> t<SIMPLE_IDENTIFIER> p<980> s<978> l<140:15> el<140:21>
                                    n<> u<978> t<Generate_item> p<980> c<977> s<979> l<141:3> el<152:8>
                                      n<> u<977> t<Module_or_generate_item> p<978> c<976> l<141:3> el<152:8>
                                        n<> u<976> t<Module_common_item> p<977> c<975> l<141:3> el<152:8>
                                          n<> u<975> t<Conditional_generate_construct> p<976> c<974> l<141:3> el<152:8>
                                            n<> u<974> t<If_generate_construct> p<975> c<972> l<141:3> el<152:8>
                                              n<> u<972> t<IF> p<974> s<942> l<141:3> el<141:5>
                                              n<> u<942> t<Constant_expression> p<974> c<936> s<956> l<141:7> el<141:13>
                                                n<> u<936> t<Constant_expression> p<942> c<935> s<941> l<141:7> el<141:8>
                                                  n<> u<935> t<Constant_primary> p<936> c<934> l<141:7> el<141:8>
                                                    n<> u<934> t<Primary_literal> p<935> c<933> l<141:7> el<141:8>
                                                      n<j> u<933> t<SIMPLE_IDENTIFIER> p<934> l<141:7> el<141:8>
                                                n<> u<941> t<EQUIV> p<942> s<940> l<141:9> el<141:11>
                                                n<> u<940> t<Constant_expression> p<942> c<939> l<141:12> el<141:13>
                                                  n<> u<939> t<Constant_primary> p<940> c<938> l<141:12> el<141:13>
                                                    n<> u<938> t<Primary_literal> p<939> c<937> l<141:12> el<141:13>
                                                      n<0> u<937> t<INTEGRAL_NUMBER> p<938> l<141:12> el<141:13>
                                              n<> u<956> t<Generate_item> p<974> c<955> s<973> l<142:5> el<144:8>
                                                n<> u<955> t<Generate_begin_end_block> p<956> c<943> l<142:5> el<144:8>
                                                  n<forif30> u<943> t<SIMPLE_IDENTIFIER> p<955> s<952> l<142:13> el<142:20>
                                                  n<> u<952> t<Generate_item> p<955> c<951> s<953> l<143:8> el<143:26>
                                                    n<> u<951> t<Module_or_generate_item> p<952> c<950> l<143:8> el<143:26>
                                                      n<> u<950> t<Module_instantiation> p<951> c<944> l<143:8> el<143:26>
                                                        n<One> u<944> t<SIMPLE_IDENTIFIER> p<950> s<949> l<143:8> el<143:11>
                                                        n<> u<949> t<Hierarchical_instance> p<950> c<946> l<143:12> el<143:25>
                                                          n<> u<946> t<Name_of_instance> p<949> c<945> s<948> l<143:12> el<143:22>
                                                            n<cellfor30a> u<945> t<SIMPLE_IDENTIFIER> p<946> l<143:12> el<143:22>
                                                          n<> u<948> t<Port_connection_list> p<949> c<947> l<143:24> el<143:24>
                                                            n<> u<947> t<Ordered_port_connection> p<948> l<143:24> el<143:24>
                                                  n<// namedfor30[0..1].forb30[0].forif30.cellfor30a> u<953> t<LINE_COMMENT> p<955> s<954> l<143:28> el<143:76>
                                                  n<> u<954> t<END> p<955> l<144:5> el<144:8>
                                              n<> u<973> t<ELSE> p<974> s<971> l<145:3> el<145:7>
                                              n<> u<971> t<Generate_item> p<974> c<970> l<149:5> el<152:8>
                                                n<> u<970> t<Generate_begin_end_block> p<971> c<957> l<149:5> el<152:8>
                                                  n<forif30> u<957> t<SIMPLE_IDENTIFIER> p<970> s<958> l<149:13> el<149:20>
                                                  n<// forif30 seems to work on some simulators, not verilator yet> u<958> t<LINE_COMMENT> p<970> s<967> l<149:21> el<149:83>
                                                  n<> u<967> t<Generate_item> p<970> c<966> s<968> l<151:8> el<151:26>
                                                    n<> u<966> t<Module_or_generate_item> p<967> c<965> l<151:8> el<151:26>
                                                      n<> u<965> t<Module_instantiation> p<966> c<959> l<151:8> el<151:26>
                                                        n<One> u<959> t<SIMPLE_IDENTIFIER> p<965> s<964> l<151:8> el<151:11>
                                                        n<> u<964> t<Hierarchical_instance> p<965> c<961> l<151:12> el<151:25>
                                                          n<> u<961> t<Name_of_instance> p<964> c<960> s<963> l<151:12> el<151:22>
                                                            n<cellfor30b> u<960> t<SIMPLE_IDENTIFIER> p<961> l<151:12> el<151:22>
                                                          n<> u<963> t<Port_connection_list> p<964> c<962> l<151:24> el<151:24>
                                                            n<> u<962> t<Ordered_port_connection> p<963> l<151:24> el<151:24>
                                                  n<// namedfor30[0..1].forb30[1].forif30.cellfor30b> u<968> t<LINE_COMMENT> p<970> s<969> l<151:28> el<151:76>
                                                  n<> u<969> t<END> p<970> l<152:5> el<152:8>
                                    n<> u<979> t<END> p<980> l<153:7> el<153:10>
                        n<> u<986> t<END> p<987> l<154:2> el<154:5>
            n<> u<993> t<ENDGENERATE> p<994> l<155:4> el<155:15>
        n<> u<1054> t<Non_port_module_item> p<1233> c<1053> s<1113> l<156:4> el<156:94>
          n<> u<1053> t<Module_or_generate_item> p<1054> c<1052> l<156:4> el<156:94>
            n<> u<1052> t<Module_common_item> p<1053> c<1051> l<156:4> el<156:94>
              n<> u<1051> t<Always_construct> p<1052> c<996> l<156:4> el<156:94>
                n<> u<996> t<ALWAYS> p<1051> s<1050> l<156:4> el<156:10>
                n<> u<1050> t<Statement> p<1051> c<1049> l<156:11> el<156:94>
                  n<> u<1049> t<Statement_item> p<1050> c<1048> l<156:11> el<156:94>
                    n<> u<1048> t<Procedural_timing_control_statement> p<1049> c<1004> l<156:11> el<156:94>
                      n<> u<1004> t<Procedural_timing_control> p<1048> c<1003> s<1047> l<156:11> el<156:26>
                        n<> u<1003> t<Event_control> p<1004> c<1002> l<156:11> el<156:26>
                          n<> u<1002> t<Event_expression> p<1003> c<997> l<156:14> el<156:25>
                            n<> u<997> t<POSEDGE> p<1002> s<1001> l<156:14> el<156:21>
                            n<> u<1001> t<Expression> p<1002> c<1000> l<156:22> el<156:25>
                              n<> u<1000> t<Primary> p<1001> c<999> l<156:22> el<156:25>
                                n<> u<999> t<Primary_literal> p<1000> c<998> l<156:22> el<156:25>
                                  n<clk> u<998> t<SIMPLE_IDENTIFIER> p<999> l<156:22> el<156:25>
                      n<> u<1047> t<Statement_or_null> p<1048> c<1046> l<156:27> el<156:94>
                        n<> u<1046> t<Statement> p<1047> c<1045> l<156:27> el<156:94>
                          n<> u<1045> t<Statement_item> p<1046> c<1044> l<156:27> el<156:94>
                            n<> u<1044> t<Conditional_statement> p<1045> c<1034> l<156:27> el<156:94>
                              n<> u<1034> t<Cond_predicate> p<1044> c<1033> s<1043> l<156:31> el<156:86>
                                n<> u<1033> t<Expression_or_cond_pattern> p<1034> c<1032> l<156:31> el<156:86>
                                  n<> u<1032> t<Expression> p<1033> c<1026> l<156:31> el<156:86>
                                    n<> u<1026> t<Expression> p<1032> c<1025> s<1031> l<156:31> el<156:77>
                                      n<> u<1025> t<Primary> p<1026> c<1024> l<156:31> el<156:77>
                                        n<> u<1024> t<Subroutine_call> p<1025> c<1005> l<156:31> el<156:77>
                                          n<namedfor30> u<1005> t<SIMPLE_IDENTIFIER> p<1024> s<1010> l<156:31> el<156:41>
                                          n<> u<1010> t<Constant_bit_select> p<1024> c<1009> s<1011> l<156:41> el<156:44>
                                            n<> u<1009> t<Constant_expression> p<1010> c<1008> l<156:42> el<156:43>
                                              n<> u<1008> t<Constant_primary> p<1009> c<1007> l<156:42> el<156:43>
                                                n<> u<1007> t<Primary_literal> p<1008> c<1006> l<156:42> el<156:43>
                                                  n<0> u<1006> t<INTEGRAL_NUMBER> p<1007> l<156:42> el<156:43>
                                          n<forb30> u<1011> t<SIMPLE_IDENTIFIER> p<1024> s<1016> l<156:45> el<156:51>
                                          n<> u<1016> t<Constant_bit_select> p<1024> c<1015> s<1017> l<156:51> el<156:54>
                                            n<> u<1015> t<Constant_expression> p<1016> c<1014> l<156:52> el<156:53>
                                              n<> u<1014> t<Constant_primary> p<1015> c<1013> l<156:52> el<156:53>
                                                n<> u<1013> t<Primary_literal> p<1014> c<1012> l<156:52> el<156:53>
                                                  n<0> u<1012> t<INTEGRAL_NUMBER> p<1013> l<156:52> el<156:53>
                                          n<forif30> u<1017> t<SIMPLE_IDENTIFIER> p<1024> s<1018> l<156:55> el<156:62>
                                          n<> u<1018> t<Constant_bit_select> p<1024> s<1019> l<156:62> el<156:62>
                                          n<cellfor30a> u<1019> t<SIMPLE_IDENTIFIER> p<1024> s<1020> l<156:63> el<156:73>
                                          n<> u<1020> t<Constant_bit_select> p<1024> s<1021> l<156:73> el<156:73>
                                          n<one> u<1021> t<SIMPLE_IDENTIFIER> p<1024> s<1023> l<156:74> el<156:77>
                                          n<> u<1023> t<Select> p<1024> c<1022> l<156:78> el<156:78>
                                            n<> u<1022> t<Bit_select> p<1023> l<156:78> el<156:78>
                                    n<> u<1031> t<FOUR_STATE_LOGIC_NOTEQUAL> p<1032> s<1030> l<156:78> el<156:81>
                                    n<> u<1030> t<Expression> p<1032> c<1029> l<156:82> el<156:86>
                                      n<> u<1029> t<Primary> p<1030> c<1028> l<156:82> el<156:86>
                                        n<> u<1028> t<Primary_literal> p<1029> c<1027> l<156:82> el<156:86>
                                          n<> u<1027> t<ONE_TICK_b1> p<1028> l<156:82> el<156:86>
                              n<> u<1043> t<Statement_or_null> p<1044> c<1042> l<156:88> el<156:94>
                                n<> u<1042> t<Statement> p<1043> c<1041> l<156:88> el<156:94>
                                  n<> u<1041> t<Statement_item> p<1042> c<1040> l<156:88> el<156:94>
                                    n<> u<1040> t<Subroutine_call_statement> p<1041> c<1039> l<156:88> el<156:94>
                                      n<> u<1039> t<Subroutine_call> p<1040> c<1035> l<156:88> el<156:93>
                                        n<$> u<1035> t<DOLLAR> p<1039> s<1036> l<156:88> el<156:89>
                                        n<stop> u<1036> t<SIMPLE_IDENTIFIER> p<1039> s<1038> l<156:89> el<156:93>
                                        n<> u<1038> t<Select> p<1039> c<1037> l<156:93> el<156:93>
                                          n<> u<1037> t<Bit_select> p<1038> l<156:93> el<156:93>
        n<> u<1113> t<Non_port_module_item> p<1233> c<1112> s<1172> l<157:4> el<157:94>
          n<> u<1112> t<Module_or_generate_item> p<1113> c<1111> l<157:4> el<157:94>
            n<> u<1111> t<Module_common_item> p<1112> c<1110> l<157:4> el<157:94>
              n<> u<1110> t<Always_construct> p<1111> c<1055> l<157:4> el<157:94>
                n<> u<1055> t<ALWAYS> p<1110> s<1109> l<157:4> el<157:10>
                n<> u<1109> t<Statement> p<1110> c<1108> l<157:11> el<157:94>
                  n<> u<1108> t<Statement_item> p<1109> c<1107> l<157:11> el<157:94>
                    n<> u<1107> t<Procedural_timing_control_statement> p<1108> c<1063> l<157:11> el<157:94>
                      n<> u<1063> t<Procedural_timing_control> p<1107> c<1062> s<1106> l<157:11> el<157:26>
                        n<> u<1062> t<Event_control> p<1063> c<1061> l<157:11> el<157:26>
                          n<> u<1061> t<Event_expression> p<1062> c<1056> l<157:14> el<157:25>
                            n<> u<1056> t<POSEDGE> p<1061> s<1060> l<157:14> el<157:21>
                            n<> u<1060> t<Expression> p<1061> c<1059> l<157:22> el<157:25>
                              n<> u<1059> t<Primary> p<1060> c<1058> l<157:22> el<157:25>
                                n<> u<1058> t<Primary_literal> p<1059> c<1057> l<157:22> el<157:25>
                                  n<clk> u<1057> t<SIMPLE_IDENTIFIER> p<1058> l<157:22> el<157:25>
                      n<> u<1106> t<Statement_or_null> p<1107> c<1105> l<157:27> el<157:94>
                        n<> u<1105> t<Statement> p<1106> c<1104> l<157:27> el<157:94>
                          n<> u<1104> t<Statement_item> p<1105> c<1103> l<157:27> el<157:94>
                            n<> u<1103> t<Conditional_statement> p<1104> c<1093> l<157:27> el<157:94>
                              n<> u<1093> t<Cond_predicate> p<1103> c<1092> s<1102> l<157:31> el<157:86>
                                n<> u<1092> t<Expression_or_cond_pattern> p<1093> c<1091> l<157:31> el<157:86>
                                  n<> u<1091> t<Expression> p<1092> c<1085> l<157:31> el<157:86>
                                    n<> u<1085> t<Expression> p<1091> c<1084> s<1090> l<157:31> el<157:77>
                                      n<> u<1084> t<Primary> p<1085> c<1083> l<157:31> el<157:77>
                                        n<> u<1083> t<Subroutine_call> p<1084> c<1064> l<157:31> el<157:77>
                                          n<namedfor30> u<1064> t<SIMPLE_IDENTIFIER> p<1083> s<1069> l<157:31> el<157:41>
                                          n<> u<1069> t<Constant_bit_select> p<1083> c<1068> s<1070> l<157:41> el<157:44>
                                            n<> u<1068> t<Constant_expression> p<1069> c<1067> l<157:42> el<157:43>
                                              n<> u<1067> t<Constant_primary> p<1068> c<1066> l<157:42> el<157:43>
                                                n<> u<1066> t<Primary_literal> p<1067> c<1065> l<157:42> el<157:43>
                                                  n<1> u<1065> t<INTEGRAL_NUMBER> p<1066> l<157:42> el<157:43>
                                          n<forb30> u<1070> t<SIMPLE_IDENTIFIER> p<1083> s<1075> l<157:45> el<157:51>
                                          n<> u<1075> t<Constant_bit_select> p<1083> c<1074> s<1076> l<157:51> el<157:54>
                                            n<> u<1074> t<Constant_expression> p<1075> c<1073> l<157:52> el<157:53>
                                              n<> u<1073> t<Constant_primary> p<1074> c<1072> l<157:52> el<157:53>
                                                n<> u<1072> t<Primary_literal> p<1073> c<1071> l<157:52> el<157:53>
                                                  n<0> u<1071> t<INTEGRAL_NUMBER> p<1072> l<157:52> el<157:53>
                                          n<forif30> u<1076> t<SIMPLE_IDENTIFIER> p<1083> s<1077> l<157:55> el<157:62>
                                          n<> u<1077> t<Constant_bit_select> p<1083> s<1078> l<157:62> el<157:62>
                                          n<cellfor30a> u<1078> t<SIMPLE_IDENTIFIER> p<1083> s<1079> l<157:63> el<157:73>
                                          n<> u<1079> t<Constant_bit_select> p<1083> s<1080> l<157:73> el<157:73>
                                          n<one> u<1080> t<SIMPLE_IDENTIFIER> p<1083> s<1082> l<157:74> el<157:77>
                                          n<> u<1082> t<Select> p<1083> c<1081> l<157:78> el<157:78>
                                            n<> u<1081> t<Bit_select> p<1082> l<157:78> el<157:78>
                                    n<> u<1090> t<FOUR_STATE_LOGIC_NOTEQUAL> p<1091> s<1089> l<157:78> el<157:81>
                                    n<> u<1089> t<Expression> p<1091> c<1088> l<157:82> el<157:86>
                                      n<> u<1088> t<Primary> p<1089> c<1087> l<157:82> el<157:86>
                                        n<> u<1087> t<Primary_literal> p<1088> c<1086> l<157:82> el<157:86>
                                          n<> u<1086> t<ONE_TICK_b1> p<1087> l<157:82> el<157:86>
                              n<> u<1102> t<Statement_or_null> p<1103> c<1101> l<157:88> el<157:94>
                                n<> u<1101> t<Statement> p<1102> c<1100> l<157:88> el<157:94>
                                  n<> u<1100> t<Statement_item> p<1101> c<1099> l<157:88> el<157:94>
                                    n<> u<1099> t<Subroutine_call_statement> p<1100> c<1098> l<157:88> el<157:94>
                                      n<> u<1098> t<Subroutine_call> p<1099> c<1094> l<157:88> el<157:93>
                                        n<$> u<1094> t<DOLLAR> p<1098> s<1095> l<157:88> el<157:89>
                                        n<stop> u<1095> t<SIMPLE_IDENTIFIER> p<1098> s<1097> l<157:89> el<157:93>
                                        n<> u<1097> t<Select> p<1098> c<1096> l<157:93> el<157:93>
                                          n<> u<1096> t<Bit_select> p<1097> l<157:93> el<157:93>
        n<> u<1172> t<Non_port_module_item> p<1233> c<1171> s<1231> l<162:4> el<162:94>
          n<> u<1171> t<Module_or_generate_item> p<1172> c<1170> l<162:4> el<162:94>
            n<> u<1170> t<Module_common_item> p<1171> c<1169> l<162:4> el<162:94>
              n<> u<1169> t<Always_construct> p<1170> c<1114> l<162:4> el<162:94>
                n<> u<1114> t<ALWAYS> p<1169> s<1168> l<162:4> el<162:10>
                n<> u<1168> t<Statement> p<1169> c<1167> l<162:11> el<162:94>
                  n<> u<1167> t<Statement_item> p<1168> c<1166> l<162:11> el<162:94>
                    n<> u<1166> t<Procedural_timing_control_statement> p<1167> c<1122> l<162:11> el<162:94>
                      n<> u<1122> t<Procedural_timing_control> p<1166> c<1121> s<1165> l<162:11> el<162:26>
                        n<> u<1121> t<Event_control> p<1122> c<1120> l<162:11> el<162:26>
                          n<> u<1120> t<Event_expression> p<1121> c<1115> l<162:14> el<162:25>
                            n<> u<1115> t<POSEDGE> p<1120> s<1119> l<162:14> el<162:21>
                            n<> u<1119> t<Expression> p<1120> c<1118> l<162:22> el<162:25>
                              n<> u<1118> t<Primary> p<1119> c<1117> l<162:22> el<162:25>
                                n<> u<1117> t<Primary_literal> p<1118> c<1116> l<162:22> el<162:25>
                                  n<clk> u<1116> t<SIMPLE_IDENTIFIER> p<1117> l<162:22> el<162:25>
                      n<> u<1165> t<Statement_or_null> p<1166> c<1164> l<162:27> el<162:94>
                        n<> u<1164> t<Statement> p<1165> c<1163> l<162:27> el<162:94>
                          n<> u<1163> t<Statement_item> p<1164> c<1162> l<162:27> el<162:94>
                            n<> u<1162> t<Conditional_statement> p<1163> c<1152> l<162:27> el<162:94>
                              n<> u<1152> t<Cond_predicate> p<1162> c<1151> s<1161> l<162:31> el<162:86>
                                n<> u<1151> t<Expression_or_cond_pattern> p<1152> c<1150> l<162:31> el<162:86>
                                  n<> u<1150> t<Expression> p<1151> c<1144> l<162:31> el<162:86>
                                    n<> u<1144> t<Expression> p<1150> c<1143> s<1149> l<162:31> el<162:77>
                                      n<> u<1143> t<Primary> p<1144> c<1142> l<162:31> el<162:77>
                                        n<> u<1142> t<Subroutine_call> p<1143> c<1123> l<162:31> el<162:77>
                                          n<namedfor30> u<1123> t<SIMPLE_IDENTIFIER> p<1142> s<1128> l<162:31> el<162:41>
                                          n<> u<1128> t<Constant_bit_select> p<1142> c<1127> s<1129> l<162:41> el<162:44>
                                            n<> u<1127> t<Constant_expression> p<1128> c<1126> l<162:42> el<162:43>
                                              n<> u<1126> t<Constant_primary> p<1127> c<1125> l<162:42> el<162:43>
                                                n<> u<1125> t<Primary_literal> p<1126> c<1124> l<162:42> el<162:43>
                                                  n<0> u<1124> t<INTEGRAL_NUMBER> p<1125> l<162:42> el<162:43>
                                          n<forb30> u<1129> t<SIMPLE_IDENTIFIER> p<1142> s<1134> l<162:45> el<162:51>
                                          n<> u<1134> t<Constant_bit_select> p<1142> c<1133> s<1135> l<162:51> el<162:54>
                                            n<> u<1133> t<Constant_expression> p<1134> c<1132> l<162:52> el<162:53>
                                              n<> u<1132> t<Constant_primary> p<1133> c<1131> l<162:52> el<162:53>
                                                n<> u<1131> t<Primary_literal> p<1132> c<1130> l<162:52> el<162:53>
                                                  n<1> u<1130> t<INTEGRAL_NUMBER> p<1131> l<162:52> el<162:53>
                                          n<forif30> u<1135> t<SIMPLE_IDENTIFIER> p<1142> s<1136> l<162:55> el<162:62>
                                          n<> u<1136> t<Constant_bit_select> p<1142> s<1137> l<162:62> el<162:62>
                                          n<cellfor30b> u<1137> t<SIMPLE_IDENTIFIER> p<1142> s<1138> l<162:63> el<162:73>
                                          n<> u<1138> t<Constant_bit_select> p<1142> s<1139> l<162:73> el<162:73>
                                          n<one> u<1139> t<SIMPLE_IDENTIFIER> p<1142> s<1141> l<162:74> el<162:77>
                                          n<> u<1141> t<Select> p<1142> c<1140> l<162:78> el<162:78>
                                            n<> u<1140> t<Bit_select> p<1141> l<162:78> el<162:78>
                                    n<> u<1149> t<FOUR_STATE_LOGIC_NOTEQUAL> p<1150> s<1148> l<162:78> el<162:81>
                                    n<> u<1148> t<Expression> p<1150> c<1147> l<162:82> el<162:86>
                                      n<> u<1147> t<Primary> p<1148> c<1146> l<162:82> el<162:86>
                                        n<> u<1146> t<Primary_literal> p<1147> c<1145> l<162:82> el<162:86>
                                          n<> u<1145> t<ONE_TICK_b1> p<1146> l<162:82> el<162:86>
                              n<> u<1161> t<Statement_or_null> p<1162> c<1160> l<162:88> el<162:94>
                                n<> u<1160> t<Statement> p<1161> c<1159> l<162:88> el<162:94>
                                  n<> u<1159> t<Statement_item> p<1160> c<1158> l<162:88> el<162:94>
                                    n<> u<1158> t<Subroutine_call_statement> p<1159> c<1157> l<162:88> el<162:94>
                                      n<> u<1157> t<Subroutine_call> p<1158> c<1153> l<162:88> el<162:93>
                                        n<$> u<1153> t<DOLLAR> p<1157> s<1154> l<162:88> el<162:89>
                                        n<stop> u<1154> t<SIMPLE_IDENTIFIER> p<1157> s<1156> l<162:89> el<162:93>
                                        n<> u<1156> t<Select> p<1157> c<1155> l<162:93> el<162:93>
                                          n<> u<1155> t<Bit_select> p<1156> l<162:93> el<162:93>
        n<> u<1231> t<Non_port_module_item> p<1233> c<1230> s<1232> l<163:4> el<163:94>
          n<> u<1230> t<Module_or_generate_item> p<1231> c<1229> l<163:4> el<163:94>
            n<> u<1229> t<Module_common_item> p<1230> c<1228> l<163:4> el<163:94>
              n<> u<1228> t<Always_construct> p<1229> c<1173> l<163:4> el<163:94>
                n<> u<1173> t<ALWAYS> p<1228> s<1227> l<163:4> el<163:10>
                n<> u<1227> t<Statement> p<1228> c<1226> l<163:11> el<163:94>
                  n<> u<1226> t<Statement_item> p<1227> c<1225> l<163:11> el<163:94>
                    n<> u<1225> t<Procedural_timing_control_statement> p<1226> c<1181> l<163:11> el<163:94>
                      n<> u<1181> t<Procedural_timing_control> p<1225> c<1180> s<1224> l<163:11> el<163:26>
                        n<> u<1180> t<Event_control> p<1181> c<1179> l<163:11> el<163:26>
                          n<> u<1179> t<Event_expression> p<1180> c<1174> l<163:14> el<163:25>
                            n<> u<1174> t<POSEDGE> p<1179> s<1178> l<163:14> el<163:21>
                            n<> u<1178> t<Expression> p<1179> c<1177> l<163:22> el<163:25>
                              n<> u<1177> t<Primary> p<1178> c<1176> l<163:22> el<163:25>
                                n<> u<1176> t<Primary_literal> p<1177> c<1175> l<163:22> el<163:25>
                                  n<clk> u<1175> t<SIMPLE_IDENTIFIER> p<1176> l<163:22> el<163:25>
                      n<> u<1224> t<Statement_or_null> p<1225> c<1223> l<163:27> el<163:94>
                        n<> u<1223> t<Statement> p<1224> c<1222> l<163:27> el<163:94>
                          n<> u<1222> t<Statement_item> p<1223> c<1221> l<163:27> el<163:94>
                            n<> u<1221> t<Conditional_statement> p<1222> c<1211> l<163:27> el<163:94>
                              n<> u<1211> t<Cond_predicate> p<1221> c<1210> s<1220> l<163:31> el<163:86>
                                n<> u<1210> t<Expression_or_cond_pattern> p<1211> c<1209> l<163:31> el<163:86>
                                  n<> u<1209> t<Expression> p<1210> c<1203> l<163:31> el<163:86>
                                    n<> u<1203> t<Expression> p<1209> c<1202> s<1208> l<163:31> el<163:77>
                                      n<> u<1202> t<Primary> p<1203> c<1201> l<163:31> el<163:77>
                                        n<> u<1201> t<Subroutine_call> p<1202> c<1182> l<163:31> el<163:77>
                                          n<namedfor30> u<1182> t<SIMPLE_IDENTIFIER> p<1201> s<1187> l<163:31> el<163:41>
                                          n<> u<1187> t<Constant_bit_select> p<1201> c<1186> s<1188> l<163:41> el<163:44>
                                            n<> u<1186> t<Constant_expression> p<1187> c<1185> l<163:42> el<163:43>
                                              n<> u<1185> t<Constant_primary> p<1186> c<1184> l<163:42> el<163:43>
                                                n<> u<1184> t<Primary_literal> p<1185> c<1183> l<163:42> el<163:43>
                                                  n<1> u<1183> t<INTEGRAL_NUMBER> p<1184> l<163:42> el<163:43>
                                          n<forb30> u<1188> t<SIMPLE_IDENTIFIER> p<1201> s<1193> l<163:45> el<163:51>
                                          n<> u<1193> t<Constant_bit_select> p<1201> c<1192> s<1194> l<163:51> el<163:54>
                                            n<> u<1192> t<Constant_expression> p<1193> c<1191> l<163:52> el<163:53>
                                              n<> u<1191> t<Constant_primary> p<1192> c<1190> l<163:52> el<163:53>
                                                n<> u<1190> t<Primary_literal> p<1191> c<1189> l<163:52> el<163:53>
                                                  n<1> u<1189> t<INTEGRAL_NUMBER> p<1190> l<163:52> el<163:53>
                                          n<forif30> u<1194> t<SIMPLE_IDENTIFIER> p<1201> s<1195> l<163:55> el<163:62>
                                          n<> u<1195> t<Constant_bit_select> p<1201> s<1196> l<163:62> el<163:62>
                                          n<cellfor30b> u<1196> t<SIMPLE_IDENTIFIER> p<1201> s<1197> l<163:63> el<163:73>
                                          n<> u<1197> t<Constant_bit_select> p<1201> s<1198> l<163:73> el<163:73>
                                          n<one> u<1198> t<SIMPLE_IDENTIFIER> p<1201> s<1200> l<163:74> el<163:77>
                                          n<> u<1200> t<Select> p<1201> c<1199> l<163:78> el<163:78>
                                            n<> u<1199> t<Bit_select> p<1200> l<163:78> el<163:78>
                                    n<> u<1208> t<FOUR_STATE_LOGIC_NOTEQUAL> p<1209> s<1207> l<163:78> el<163:81>
                                    n<> u<1207> t<Expression> p<1209> c<1206> l<163:82> el<163:86>
                                      n<> u<1206> t<Primary> p<1207> c<1205> l<163:82> el<163:86>
                                        n<> u<1205> t<Primary_literal> p<1206> c<1204> l<163:82> el<163:86>
                                          n<> u<1204> t<ONE_TICK_b1> p<1205> l<163:82> el<163:86>
                              n<> u<1220> t<Statement_or_null> p<1221> c<1219> l<163:88> el<163:94>
                                n<> u<1219> t<Statement> p<1220> c<1218> l<163:88> el<163:94>
                                  n<> u<1218> t<Statement_item> p<1219> c<1217> l<163:88> el<163:94>
                                    n<> u<1217> t<Subroutine_call_statement> p<1218> c<1216> l<163:88> el<163:94>
                                      n<> u<1216> t<Subroutine_call> p<1217> c<1212> l<163:88> el<163:93>
                                        n<$> u<1212> t<DOLLAR> p<1216> s<1213> l<163:88> el<163:89>
                                        n<stop> u<1213> t<SIMPLE_IDENTIFIER> p<1216> s<1215> l<163:89> el<163:93>
                                        n<> u<1215> t<Select> p<1216> c<1214> l<163:93> el<163:93>
                                          n<> u<1214> t<Bit_select> p<1215> l<163:93> el<163:93>
        n<> u<1232> t<ENDMODULE> p<1233> l<166:1> el<166:10>
AST_DEBUG_END
[INF:CP5804] $Source01/t_gen_intdot2.v:8:1: Compile module "t".
[INF:CP5804] $Source01/t_gen_intdot2.v:45:1: Compile module "One".
[INF:CP5804] $Source01/t_gen_intdot2.v:49:1: Compile module "Genit".
[INF:CP5836] $Source01/t_gen_intdot2.v:73:15: Compile generate block "namedif2".
[INF:CP5836] $Source01/t_gen_intdot2.v:85:10: Compile generate block "namedif3".
[INF:CP5836] $Source01/t_gen_intdot2.v:105:17: Compile generate block "namedcase11".
[INF:CP5836] $Source01/t_gen_intdot2.v:129:10: Compile generate block "namedfor21".
[INF:CP5836] $Source01/t_gen_intdot2.v:138:10: Compile generate block "namedfor30".
[INF:CP5836] $Source01/t_gen_intdot2.v:140:15: Compile generate block "forb30".
[INF:CP5836] $Source01/t_gen_intdot2.v:142:13: Compile generate block "forif30".
[INF:CP5836] $Source01/t_gen_intdot2.v:149:13: Compile generate block "forif30".
[WRN:CP5851] $Source01/t_gen_intdot2.v:55:45: Failed to bind "one".
[WRN:CP5851] $Source01/t_gen_intdot2.v:56:45: Failed to bind "one".
[WRN:CP5851] $Source01/t_gen_intdot2.v:89:31: Failed to bind "namedif3".
[WRN:CP5851] $Source01/t_gen_intdot2.v:89:40: Failed to bind "ifcell3".
[WRN:CP5851] $Source01/t_gen_intdot2.v:89:48: Failed to bind "one".
[WRN:CP5851] $Source01/t_gen_intdot2.v:110:31: Failed to bind "namedcase11".
[WRN:CP5851] $Source01/t_gen_intdot2.v:110:43: Failed to bind "casecell11".
[WRN:CP5851] $Source01/t_gen_intdot2.v:110:54: Failed to bind "one".
[WRN:CP5851] $Source01/t_gen_intdot2.v:133:45: Failed to bind "cellfor21".
[WRN:CP5851] $Source01/t_gen_intdot2.v:133:55: Failed to bind "one".
[WRN:CP5851] $Source01/t_gen_intdot2.v:134:45: Failed to bind "cellfor21".
[WRN:CP5851] $Source01/t_gen_intdot2.v:134:55: Failed to bind "one".
[WRN:CP5851] $Source01/t_gen_intdot2.v:156:55: Failed to bind "forif30".
[WRN:CP5851] $Source01/t_gen_intdot2.v:156:63: Failed to bind "cellfor30a".
[WRN:CP5851] $Source01/t_gen_intdot2.v:156:74: Failed to bind "one".
[WRN:CP5851] $Source01/t_gen_intdot2.v:157:55: Failed to bind "forif30".
[WRN:CP5851] $Source01/t_gen_intdot2.v:157:63: Failed to bind "cellfor30a".
[WRN:CP5851] $Source01/t_gen_intdot2.v:157:74: Failed to bind "one".
[WRN:CP5851] $Source01/t_gen_intdot2.v:162:55: Failed to bind "forif30".
[WRN:CP5851] $Source01/t_gen_intdot2.v:162:63: Failed to bind "cellfor30b".
[WRN:CP5851] $Source01/t_gen_intdot2.v:162:74: Failed to bind "one".
[WRN:CP5851] $Source01/t_gen_intdot2.v:163:55: Failed to bind "forif30".
[WRN:CP5851] $Source01/t_gen_intdot2.v:163:63: Failed to bind "cellfor30b".
[WRN:CP5851] $Source01/t_gen_intdot2.v:163:74: Failed to bind "one".
[INF:CM5028] Using global timescale: "1ns/1ns".
====== HLDB =======
Design name:unnamed:
  vpiName: unnamed
  vpiSourceFile (1 items):
    SourceFile name:t_gen_intdot2.v file:$Source01/t_gen_intdot2.v:
      vpiParent: Design name:unnamed
      vpiName: t_gen_intdot2.v
      vpiPreprocFile: "$Output/lib/work/t_gen_intdot2.v"
      vpiPreprocMacroDefinition (1 items):
        PreprocMacroDefinition name:STRINGIFY start:6:1 end:6:27:
          vpiParent: SourceFile name:t_gen_intdot2.v
          vpiName Identifier name:STRINGIFY start:6:9 end:6:18:
          vpiPMDType: define (1)
          vpiArgument (1 items):
            Identifier name:x start:6:19 end:6:20:
          vpiPMDToken (3 items):
            "Identifier name:`\" start:6:22 end:6:24":
            Identifier name:x start:6:24 end:6:25:
            "Identifier name:`\" start:6:25 end:6:27":
  vpiAllModules (3 items):
    Module name:t file:$Source01/t_gen_intdot2.v start:8:1 end:43:10:
      vpiParent: Design name:unnamed
      vpiName Identifier name:t start:8:8 end:8:9:
      vpiFullName: t
      vpiVariable (2 items):
        Variable name:cyc start:13:13 end:13:16:
          vpiParent: Module name:t
          vpiTypespec RefTypespec start:13:4 end:13:11:
            vpiParent: Variable name:cyc
            vpiFullName: t.cyc
            vpiActual: IntegerTypespec
          vpiName: cyc
          vpiFullName: t.cyc
          vpiValue Constant start:13:17 end:13:18:
            vpiParent: Variable name:cyc
            vpiTypespec RefTypespec:
              vpiParent: Constant
              vpiFullName: t.cyc
              vpiActual: IntTypespec
            vpiConstType: unsigned int (9)
            vpiSize: 64
            vpiDecompile: "0"
            vpiValue: 0
        Variable name:check start:15:10 end:15:15:
          vpiParent: Module name:t
          vpiTypespec RefTypespec start:15:4 end:15:7:
            vpiParent: Variable name:check
            vpiFullName: t.check
            vpiActual: LogicTypespec
          vpiName: check
          vpiFullName: t.check
          vpiScalar: true
      vpiTypespec (4 items):
        LogicTypespec:
          vpiParent: Module name:t
        IntegerTypespec:
          vpiParent: Module name:t
          vpiSigned: true
        BitTypespec:
          vpiParent: Module name:t
        ModuleTypespec name:Genit start:17:4 end:17:9:
          vpiParent: Module name:t
          vpiName Identifier name:Genit start:17:4 end:17:9:
          vpiDefName: Genit
          vpiModule: Module name:Genit
      vpiDefName: t
      vpiDefNetType: wire (1)
      vpiLibrary RefObj name:work start:8:8 end:8:9:
        vpiParent: Module name:t
        vpiName: work
        vpiFullName: t.work
        vpiActual: Library name:work
      vpiCell: t
      vpiNet (1 items):
        Net name:clk start:12:10 end:12:13:
          vpiParent: Module name:t
          vpiTypespec RefTypespec:
            vpiParent: Net name:clk
            vpiFullName: t.clk
            vpiActual: LogicTypespec
          vpiName: clk
          vpiFullName: t.clk
          vpiNetType: wire (1)
          vpiScalar: true
      vpiPort (1 items):
        Port name:clk start:10:4 end:10:7:
          vpiParent: Module name:t
          vpiName: clk
          vpiDirection: input (1)
          vpiLowConn RefObj name:clk start:12:10 end:12:13:
            vpiParent: Port name:clk
            vpiName: clk
            vpiFullName: t.clk.clk
            vpiActual: Net name:clk
          vpiTypespec RefTypespec:
            vpiParent: Port name:clk
            vpiFullName: t.clk
            vpiActual: LogicTypespec
      vpiProcess (2 items):
        Initial start:16:4 end:16:25:
          vpiParent: Module name:t
          vpiStmt Assignment start:16:12 end:16:24:
            vpiParent: Initial
            vpiBlocking: true
            vpiLhs RefObj name:check start:16:12 end:16:17:
              vpiParent: Assignment
              vpiName: check
              vpiFullName: t.check
              vpiActual: Variable name:check
            vpiRhs Constant start:16:20 end:16:24:
              vpiParent: Assignment
              vpiTypespec RefTypespec:
                vpiParent: Constant
                vpiFullName: t
                vpiActual: BitTypespec
              vpiConstType: binary (3)
              vpiSize: 1
              vpiDecompile: "1'b0"
              vpiValue: "0"
        Always start:19:4 end:33:7:
          vpiParent: Module name:t
          vpiStmt EventControl start:19:11 end:33:7:
            vpiParent: Always
            vpiCondition Operation start:19:14 end:19:25:
              vpiParent: EventControl
              vpiOpType: posedge (39)
              vpiOperand (1 items):
                RefObj name:clk start:19:22 end:19:25:
                  vpiParent: Operation
                  vpiName: clk
                  vpiFullName: t.clk
                  vpiActual: Net name:clk
            vpiStmt Begin start:19:27 end:33:7:
              vpiParent: EventControl
              vpiFullName: t
              vpiStmt (2 items):
                Assignment start:21:7 end:21:21:
                  vpiParent: Begin
                  vpiLhs RefObj name:cyc start:21:7 end:21:10:
                    vpiParent: Assignment
                    vpiName: cyc
                    vpiFullName: t.cyc
                    vpiActual: Variable name:cyc
                  vpiRhs Operation start:21:14 end:21:21:
                    vpiParent: Assignment
                    vpiOpType: add (24)
                    vpiOperand (2 items):
                      RefObj name:cyc start:21:14 end:21:17:
                        vpiParent: Operation
                        vpiName: cyc
                        vpiFullName: t.cyc
                        vpiActual: Variable name:cyc
                      Constant start:21:20 end:21:21:
                        vpiParent: Operation
                        vpiTypespec RefTypespec:
                          vpiParent: Constant
                          vpiFullName: t
                          vpiActual: IntTypespec
                        vpiConstType: unsigned int (9)
                        vpiSize: 64
                        vpiDecompile: "1"
                        vpiValue: 1
                IfElse start:22:7 end:32:10:
                  vpiParent: Begin
                  vpiCondition Operation start:22:11 end:22:17:
                    vpiParent: IfElse
                    vpiOpType: equal (14)
                    vpiOperand (2 items):
                      RefObj name:cyc start:22:11 end:22:14:
                        vpiParent: Operation
                        vpiName: cyc
                        vpiFullName: t.cyc
                        vpiActual: Variable name:cyc
                      Constant start:22:16 end:22:17:
                        vpiParent: Operation
                        vpiTypespec RefTypespec:
                          vpiParent: Constant
                          vpiFullName: t
                          vpiActual: IntTypespec
                        vpiConstType: unsigned int (9)
                        vpiSize: 64
                        vpiDecompile: "0"
                        vpiValue: 0
                  vpiStmt Begin start:22:19 end:25:10:
                    vpiParent: IfElse
                    vpiFullName: t
                    vpiTypespec (1 items):
                      BitTypespec:
                        vpiParent: Begin
                    vpiStmt (1 items):
                      Assignment start:24:3 end:24:16:
                        vpiParent: Begin
                        vpiLhs RefObj name:check start:24:3 end:24:8:
                          vpiParent: Assignment
                          vpiName: check
                          vpiFullName: t.check
                          vpiActual: Variable name:check
                        vpiRhs Constant start:24:12 end:24:16:
                          vpiParent: Assignment
                          vpiTypespec RefTypespec:
                            vpiParent: Constant
                            vpiFullName: t
                            vpiActual: BitTypespec
                          vpiConstType: binary (3)
                          vpiSize: 1
                          vpiDecompile: "1'b0"
                          vpiValue: "0"
                  vpiElseStmt IfElse start:26:12 end:32:10:
                    vpiParent: IfElse
                    vpiCondition Operation start:26:16 end:26:22:
                      vpiParent: IfElse
                      vpiOpType: equal (14)
                      vpiOperand (2 items):
                        RefObj name:cyc start:26:16 end:26:19:
                          vpiParent: Operation
                          vpiName: cyc
                          vpiFullName: t.cyc
                          vpiActual: Variable name:cyc
                        Constant start:26:21 end:26:22:
                          vpiParent: Operation
                          vpiTypespec RefTypespec:
                            vpiParent: Constant
                            vpiFullName: t
                            vpiActual: IntTypespec
                          vpiConstType: unsigned int (9)
                          vpiSize: 64
                          vpiDecompile: "1"
                          vpiValue: 1
                    vpiStmt Begin start:26:24 end:28:10:
                      vpiParent: IfElse
                      vpiFullName: t
                      vpiTypespec (1 items):
                        BitTypespec:
                          vpiParent: Begin
                      vpiStmt (1 items):
                        Assignment start:27:3 end:27:16:
                          vpiParent: Begin
                          vpiLhs RefObj name:check start:27:3 end:27:8:
                            vpiParent: Assignment
                            vpiName: check
                            vpiFullName: t.check
                            vpiActual: Variable name:check
                          vpiRhs Constant start:27:12 end:27:16:
                            vpiParent: Assignment
                            vpiTypespec RefTypespec:
                              vpiParent: Constant
                              vpiFullName: t
                              vpiActual: BitTypespec
                            vpiConstType: binary (3)
                            vpiSize: 1
                            vpiDecompile: "1'b1"
                            vpiValue: "1"
                    vpiElseStmt IfStmt start:29:12 end:32:10:
                      vpiParent: IfElse
                      vpiCondition Operation start:29:16 end:29:22:
                        vpiParent: IfStmt
                        vpiOpType: equal (14)
                        vpiOperand (2 items):
                          RefObj name:cyc start:29:16 end:29:19:
                            vpiParent: Operation
                            vpiName: cyc
                            vpiFullName: t.cyc
                            vpiActual: Variable name:cyc
                          Constant start:29:21 end:29:22:
                            vpiParent: Operation
                            vpiTypespec RefTypespec:
                              vpiParent: Constant
                              vpiFullName: t
                              vpiActual: IntTypespec
                            vpiConstType: unsigned int (9)
                            vpiSize: 64
                            vpiDecompile: "9"
                            vpiValue: 9
                      vpiStmt Begin start:29:24 end:32:10:
                        vpiParent: IfStmt
                        vpiFullName: t
                        vpiStmt (2 items):
                          SysTaskCall name:$write start:30:3 end:30:35:
                            vpiParent: Begin
                            vpiName Identifier name:$write start:30:3 end:30:9:
                            vpiArgument (1 items):
                              Constant start:30:10 end:30:34:
                                vpiParent: SysTaskCall name:$write
                                vpiTypespec RefTypespec:
                                  vpiParent: Constant
                                  vpiFullName: t
                                  vpiActual: StringTypespec
                                vpiConstType: string (6)
                                vpiSize: 168
                                vpiDecompile: "\"*-* All Finished *-*\\n\""
                                vpiValue: "*-* All Finished *-*\\n"
                          SysTaskCall name:$finish start:31:3 end:31:10:
                            vpiParent: Begin
                            vpiName Identifier name:$finish start:31:3 end:31:10:
                            vpiIsProperty: true
          vpiAlwaysType: always (1)
      vpiRefInstance (1 items):
        RefInstance name:g start:17:10 end:17:11:
          vpiParent: Module name:t
          vpiName: g
          vpiTypespec RefTypespec name:Genit start:17:4 end:17:9:
            vpiParent: RefInstance name:g
            vpiName: Genit
            vpiFullName: t.g.Genit
            vpiActual: ModuleTypespec name:Genit
          vpiPort (2 items):
            Port start:17:13 end:17:22:
              vpiParent: RefInstance name:g
              vpiLowConn RefObj name:clk start:17:14 end:17:17:
                vpiParent: Port
                vpiName: clk
                vpiFullName: t.g.clk
                vpiActual: Net name:clk
              vpiHighConn RefObj name:clk start:17:18 end:17:21:
                vpiParent: Port
                vpiName: clk
                vpiFullName: t.g.clk
                vpiActual: Net name:clk
            Port start:17:24 end:17:37:
              vpiParent: RefInstance name:g
              vpiLowConn RefObj name:check start:17:25 end:17:30:
                vpiParent: Port
                vpiName: check
                vpiFullName: t.g.check
                vpiActual: Variable name:check
              vpiHighConn RefObj name:check start:17:31 end:17:36:
                vpiParent: Port
                vpiName: check
                vpiFullName: t.g.check
                vpiActual: Variable name:check
    Module name:One file:$Source01/t_gen_intdot2.v start:45:1 end:47:10:
      vpiParent: Design name:unnamed
      vpiName Identifier name:One start:45:8 end:45:11:
      vpiFullName: One
      vpiTypespec (2 items):
        BitTypespec:
          vpiParent: Module name:One
        LogicTypespec:
          vpiParent: Module name:One
      vpiDefName: One
      vpiDefNetType: wire (1)
      vpiLibrary RefObj name:work start:45:8 end:45:11:
        vpiParent: Module name:One
        vpiName: work
        vpiFullName: One.work
        vpiActual: Library name:work
      vpiCell: One
      vpiNet (1 items):
        Net name:one start:46:9 end:46:12:
          vpiParent: Module name:One
          vpiTypespec RefTypespec:
            vpiParent: Net name:one
            vpiFullName: One.one
            vpiActual: LogicTypespec
          vpiName: one
          vpiFullName: One.one
          vpiNetDeclAssign: true
          vpiNetType: wire (1)
          vpiScalar: true
          vpiValue Constant start:46:15 end:46:19:
            vpiParent: Net name:one
            vpiTypespec RefTypespec:
              vpiParent: Constant
              vpiFullName: One.one
              vpiActual: BitTypespec
            vpiConstType: binary (3)
            vpiSize: 1
            vpiDecompile: "1'b1"
            vpiValue: "1"
    Module name:Genit file:$Source01/t_gen_intdot2.v start:49:1 end:166:10:
      vpiParent: Design name:unnamed
      vpiName Identifier name:Genit start:49:8 end:49:13:
      vpiFullName: Genit
      vpiVariable (2 items):
        Variable name:i start:112:11 end:112:12:
          vpiParent: Module name:Genit
          vpiName: i
          vpiFullName: Genit.i
        Variable name:j start:113:11 end:113:12:
          vpiParent: Module name:Genit
          vpiName: j
          vpiFullName: Genit.j
      vpiTypespec (4 items):
        LogicTypespec:
          vpiParent: Module name:Genit
        ArrayTypespec:
          vpiParent: Module name:Genit
          vpiArrayType: static (1)
          vpiRange Range start:54:18 end:54:23:
            vpiParent: ArrayTypespec
            vpiLeftRange Constant start:54:19 end:54:20:
              vpiParent: Range
              vpiTypespec RefTypespec:
                vpiParent: Constant
                vpiFullName: Genit
                vpiActual: IntTypespec
              vpiConstType: unsigned int (9)
              vpiSize: 64
              vpiDecompile: "1"
              vpiValue: 1
            vpiRightRange Constant start:54:21 end:54:22:
              vpiParent: Range
              vpiTypespec RefTypespec:
                vpiParent: Constant
                vpiFullName: Genit
                vpiActual: IntTypespec
              vpiConstType: unsigned int (9)
              vpiSize: 64
              vpiDecompile: "0"
              vpiValue: 0
          vpiElemTypespec RefTypespec name:One start:54:4 end:54:7:
            vpiParent: ArrayTypespec
            vpiName: One
            vpiFullName: Genit.One
            vpiActual: ModuleTypespec name:One
        ModuleTypespec name:One start:54:4 end:54:7:
          vpiParent: Module name:Genit
          vpiName Identifier name:One start:54:4 end:54:7:
          vpiDefName: One
          vpiModule: Module name:One
        BitTypespec:
          vpiParent: Module name:Genit
      vpiDefName: Genit
      vpiDefNetType: wire (1)
      vpiLibrary RefObj name:work start:49:8 end:49:13:
        vpiParent: Module name:Genit
        vpiName: work
        vpiFullName: Genit.work
        vpiActual: Library name:work
      vpiCell: Genit
      vpiNet (2 items):
        Net name:clk start:50:11 end:50:14:
          vpiParent: Module name:Genit
          vpiTypespec RefTypespec:
            vpiParent: Net name:clk
            vpiFullName: Genit.clk
            vpiActual: LogicTypespec
          vpiName: clk
          vpiFullName: Genit.clk
          vpiNetType: wire (1)
          vpiScalar: true
        Net name:check start:51:11 end:51:16:
          vpiParent: Module name:Genit
          vpiTypespec RefTypespec:
            vpiParent: Net name:check
            vpiFullName: Genit.check
            vpiActual: LogicTypespec
          vpiName: check
          vpiFullName: Genit.check
          vpiNetType: wire (1)
          vpiScalar: true
      vpiPort (2 items):
        Port name:clk start:50:11 end:50:14:
          vpiParent: Module name:Genit
          vpiName: clk
          vpiDirection: input (1)
          vpiLowConn RefObj name:clk start:50:11 end:50:14:
            vpiParent: Port name:clk
            vpiName: clk
            vpiFullName: Genit.clk.clk
            vpiActual: Net name:clk
          vpiTypespec RefTypespec:
            vpiParent: Port name:clk
            vpiFullName: Genit.clk
            vpiActual: LogicTypespec
        Port name:check start:51:11 end:51:16:
          vpiParent: Module name:Genit
          vpiName: check
          vpiDirection: input (1)
          vpiLowConn RefObj name:check start:51:11 end:51:16:
            vpiParent: Port name:check
            vpiName: check
            vpiFullName: Genit.check.check
            vpiActual: Net name:check
          vpiTypespec RefTypespec:
            vpiParent: Port name:check
            vpiFullName: Genit.check
            vpiActual: LogicTypespec
      vpiProcess (10 items):
        Always start:55:4 end:55:65:
          vpiParent: Module name:Genit
          vpiStmt EventControl start:55:11 end:55:65:
            vpiParent: Always
            vpiCondition Operation start:55:14 end:55:25:
              vpiParent: EventControl
              vpiOpType: posedge (39)
              vpiOperand (1 items):
                RefObj name:clk start:55:22 end:55:25:
                  vpiParent: Operation
                  vpiName: clk
                  vpiFullName: Genit.clk
                  vpiActual: Net name:clk
            vpiStmt IfStmt start:55:27 end:55:65:
              vpiParent: EventControl
              vpiCondition Operation start:55:31 end:55:57:
                vpiParent: IfStmt
                vpiOpType: case neq (17)
                vpiOperand (2 items):
                  RefObj name:cellarray1[0].one start:55:31 end:55:48:
                    vpiParent: Operation
                    vpiName: cellarray1[0].one
                    vpiFullName: Genit.cellarray1[0].one
                    vpiPathElem (2 items):
                      BitSelect name:cellarray1[0] start:55:31 end:55:43:
                        vpiParent: RefObj name:cellarray1[0].one
                        vpiName: cellarray1[0]
                        vpiFullName: Genit.cellarray1[0].one.cellarray1[0]
                        vpiPrefix RefObj name:cellarray1 start:55:31 end:55:41:
                          vpiParent: BitSelect name:cellarray1[0]
                          vpiName: cellarray1
                          vpiFullName: Genit.cellarray1[0].one.cellarray1
                          vpiActual: RefInstance name:cellarray1
                        vpiIndex Constant start:55:42 end:55:43:
                          vpiParent: BitSelect name:cellarray1[0]
                          vpiTypespec RefTypespec:
                            vpiParent: Constant
                            vpiFullName: Genit.cellarray1[0].one.cellarray1[0]
                            vpiActual: IntTypespec
                          vpiConstType: unsigned int (9)
                          vpiSize: 64
                          vpiDecompile: "0"
                          vpiValue: 0
                      RefObj name:one start:55:45 end:55:48:
                        vpiParent: RefObj name:cellarray1[0].one
                        vpiName: one
                        vpiFullName: Genit.one
                  Constant start:55:53 end:55:57:
                    vpiParent: Operation
                    vpiTypespec RefTypespec:
                      vpiParent: Constant
                      vpiFullName: Genit
                      vpiActual: BitTypespec
                    vpiConstType: binary (3)
                    vpiSize: 1
                    vpiDecompile: "1'b1"
                    vpiValue: "1"
              vpiStmt SysTaskCall name:$stop start:55:59 end:55:64:
                vpiParent: IfStmt
                vpiName Identifier name:$stop start:55:59 end:55:64:
                vpiIsProperty: true
          vpiAlwaysType: always (1)
        Always start:56:4 end:56:65:
          vpiParent: Module name:Genit
          vpiStmt EventControl start:56:11 end:56:65:
            vpiParent: Always
            vpiCondition Operation start:56:14 end:56:25:
              vpiParent: EventControl
              vpiOpType: posedge (39)
              vpiOperand (1 items):
                RefObj name:clk start:56:22 end:56:25:
                  vpiParent: Operation
                  vpiName: clk
                  vpiFullName: Genit.clk
                  vpiActual: Net name:clk
            vpiStmt IfStmt start:56:27 end:56:65:
              vpiParent: EventControl
              vpiCondition Operation start:56:31 end:56:57:
                vpiParent: IfStmt
                vpiOpType: case neq (17)
                vpiOperand (2 items):
                  RefObj name:cellarray1[1].one start:56:31 end:56:48:
                    vpiParent: Operation
                    vpiName: cellarray1[1].one
                    vpiFullName: Genit.cellarray1[1].one
                    vpiPathElem (2 items):
                      BitSelect name:cellarray1[1] start:56:31 end:56:43:
                        vpiParent: RefObj name:cellarray1[1].one
                        vpiName: cellarray1[1]
                        vpiFullName: Genit.cellarray1[1].one.cellarray1[1]
                        vpiPrefix RefObj name:cellarray1 start:56:31 end:56:41:
                          vpiParent: BitSelect name:cellarray1[1]
                          vpiName: cellarray1
                          vpiFullName: Genit.cellarray1[1].one.cellarray1
                          vpiActual: RefInstance name:cellarray1
                        vpiIndex Constant start:56:42 end:56:43:
                          vpiParent: BitSelect name:cellarray1[1]
                          vpiTypespec RefTypespec:
                            vpiParent: Constant
                            vpiFullName: Genit.cellarray1[1].one.cellarray1[1]
                            vpiActual: IntTypespec
                          vpiConstType: unsigned int (9)
                          vpiSize: 64
                          vpiDecompile: "1"
                          vpiValue: 1
                      RefObj name:one start:56:45 end:56:48:
                        vpiParent: RefObj name:cellarray1[1].one
                        vpiName: one
                        vpiFullName: Genit.one
                  Constant start:56:53 end:56:57:
                    vpiParent: Operation
                    vpiTypespec RefTypespec:
                      vpiParent: Constant
                      vpiFullName: Genit
                      vpiActual: BitTypespec
                    vpiConstType: binary (3)
                    vpiSize: 1
                    vpiDecompile: "1'b1"
                    vpiValue: "1"
              vpiStmt SysTaskCall name:$stop start:56:59 end:56:64:
                vpiParent: IfStmt
                vpiName Identifier name:$stop start:56:59 end:56:64:
                vpiIsProperty: true
          vpiAlwaysType: always (1)
        Always start:89:4 end:89:68:
          vpiParent: Module name:Genit
          vpiStmt EventControl start:89:11 end:89:68:
            vpiParent: Always
            vpiCondition Operation start:89:14 end:89:25:
              vpiParent: EventControl
              vpiOpType: posedge (39)
              vpiOperand (1 items):
                RefObj name:clk start:89:22 end:89:25:
                  vpiParent: Operation
                  vpiName: clk
                  vpiFullName: Genit.clk
                  vpiActual: Net name:clk
            vpiStmt IfStmt start:89:27 end:89:68:
              vpiParent: EventControl
              vpiCondition Operation start:89:31 end:89:60:
                vpiParent: IfStmt
                vpiOpType: case neq (17)
                vpiOperand (2 items):
                  RefObj name:namedif3.ifcell3.one start:89:31 end:89:51:
                    vpiParent: Operation
                    vpiName: namedif3.ifcell3.one
                    vpiFullName: Genit.namedif3.ifcell3.one
                    vpiPathElem (3 items):
                      RefObj name:namedif3 start:89:31 end:89:39:
                        vpiParent: RefObj name:namedif3.ifcell3.one
                        vpiName: namedif3
                        vpiFullName: Genit.namedif3
                      RefObj name:ifcell3 start:89:40 end:89:47:
                        vpiParent: RefObj name:namedif3.ifcell3.one
                        vpiName: ifcell3
                        vpiFullName: Genit.ifcell3
                      RefObj name:one start:89:48 end:89:51:
                        vpiParent: RefObj name:namedif3.ifcell3.one
                        vpiName: one
                        vpiFullName: Genit.one
                  Constant start:89:56 end:89:60:
                    vpiParent: Operation
                    vpiTypespec RefTypespec:
                      vpiParent: Constant
                      vpiFullName: Genit
                      vpiActual: BitTypespec
                    vpiConstType: binary (3)
                    vpiSize: 1
                    vpiDecompile: "1'b1"
                    vpiValue: "1"
              vpiStmt SysTaskCall name:$stop start:89:62 end:89:67:
                vpiParent: IfStmt
                vpiName Identifier name:$stop start:89:62 end:89:67:
                vpiIsProperty: true
          vpiAlwaysType: always (1)
        Always start:110:4 end:110:74:
          vpiParent: Module name:Genit
          vpiStmt EventControl start:110:11 end:110:74:
            vpiParent: Always
            vpiCondition Operation start:110:14 end:110:25:
              vpiParent: EventControl
              vpiOpType: posedge (39)
              vpiOperand (1 items):
                RefObj name:clk start:110:22 end:110:25:
                  vpiParent: Operation
                  vpiName: clk
                  vpiFullName: Genit.clk
                  vpiActual: Net name:clk
            vpiStmt IfStmt start:110:27 end:110:74:
              vpiParent: EventControl
              vpiCondition Operation start:110:31 end:110:66:
                vpiParent: IfStmt
                vpiOpType: case neq (17)
                vpiOperand (2 items):
                  RefObj name:namedcase11.casecell11.one start:110:31 end:110:57:
                    vpiParent: Operation
                    vpiName: namedcase11.casecell11.one
                    vpiFullName: Genit.namedcase11.casecell11.one
                    vpiPathElem (3 items):
                      RefObj name:namedcase11 start:110:31 end:110:42:
                        vpiParent: RefObj name:namedcase11.casecell11.one
                        vpiName: namedcase11
                        vpiFullName: Genit.namedcase11
                      RefObj name:casecell11 start:110:43 end:110:53:
                        vpiParent: RefObj name:namedcase11.casecell11.one
                        vpiName: casecell11
                        vpiFullName: Genit.casecell11
                      RefObj name:one start:110:54 end:110:57:
                        vpiParent: RefObj name:namedcase11.casecell11.one
                        vpiName: one
                        vpiFullName: Genit.one
                  Constant start:110:62 end:110:66:
                    vpiParent: Operation
                    vpiTypespec RefTypespec:
                      vpiParent: Constant
                      vpiFullName: Genit
                      vpiActual: BitTypespec
                    vpiConstType: binary (3)
                    vpiSize: 1
                    vpiDecompile: "1'b1"
                    vpiValue: "1"
              vpiStmt SysTaskCall name:$stop start:110:68 end:110:73:
                vpiParent: IfStmt
                vpiName Identifier name:$stop start:110:68 end:110:73:
                vpiIsProperty: true
          vpiAlwaysType: always (1)
        Always start:133:4 end:133:75:
          vpiParent: Module name:Genit
          vpiStmt EventControl start:133:11 end:133:75:
            vpiParent: Always
            vpiCondition Operation start:133:14 end:133:25:
              vpiParent: EventControl
              vpiOpType: posedge (39)
              vpiOperand (1 items):
                RefObj name:clk start:133:22 end:133:25:
                  vpiParent: Operation
                  vpiName: clk
                  vpiFullName: Genit.clk
                  vpiActual: Net name:clk
            vpiStmt IfStmt start:133:27 end:133:75:
              vpiParent: EventControl
              vpiCondition Operation start:133:31 end:133:67:
                vpiParent: IfStmt
                vpiOpType: case neq (17)
                vpiOperand (2 items):
                  RefObj name:namedfor21[0].cellfor21.one start:133:31 end:133:58:
                    vpiParent: Operation
                    vpiName: namedfor21[0].cellfor21.one
                    vpiFullName: Genit.namedfor21[0].cellfor21.one
                    vpiPathElem (3 items):
                      BitSelect name:namedfor21[0] start:133:31 end:133:43:
                        vpiParent: RefObj name:namedfor21[0].cellfor21.one
                        vpiName: namedfor21[0]
                        vpiFullName: Genit.namedfor21[0].cellfor21.one.namedfor21[0]
                        vpiPrefix RefObj name:namedfor21 start:133:31 end:133:41:
                          vpiParent: BitSelect name:namedfor21[0]
                          vpiName: namedfor21
                          vpiFullName: Genit.namedfor21[0].cellfor21.one.namedfor21
                        vpiIndex Constant start:133:42 end:133:43:
                          vpiParent: BitSelect name:namedfor21[0]
                          vpiTypespec RefTypespec:
                            vpiParent: Constant
                            vpiFullName: Genit.namedfor21[0].cellfor21.one.namedfor21[0]
                            vpiActual: IntTypespec
                          vpiConstType: unsigned int (9)
                          vpiSize: 64
                          vpiDecompile: "0"
                          vpiValue: 0
                      RefObj name:cellfor21 start:133:45 end:133:54:
                        vpiParent: RefObj name:namedfor21[0].cellfor21.one
                        vpiName: cellfor21
                        vpiFullName: Genit.cellfor21
                      RefObj name:one start:133:55 end:133:58:
                        vpiParent: RefObj name:namedfor21[0].cellfor21.one
                        vpiName: one
                        vpiFullName: Genit.one
                  Constant start:133:63 end:133:67:
                    vpiParent: Operation
                    vpiTypespec RefTypespec:
                      vpiParent: Constant
                      vpiFullName: Genit
                      vpiActual: BitTypespec
                    vpiConstType: binary (3)
                    vpiSize: 1
                    vpiDecompile: "1'b1"
                    vpiValue: "1"
              vpiStmt SysTaskCall name:$stop start:133:69 end:133:74:
                vpiParent: IfStmt
                vpiName Identifier name:$stop start:133:69 end:133:74:
                vpiIsProperty: true
          vpiAlwaysType: always (1)
        Always start:134:4 end:134:75:
          vpiParent: Module name:Genit
          vpiStmt EventControl start:134:11 end:134:75:
            vpiParent: Always
            vpiCondition Operation start:134:14 end:134:25:
              vpiParent: EventControl
              vpiOpType: posedge (39)
              vpiOperand (1 items):
                RefObj name:clk start:134:22 end:134:25:
                  vpiParent: Operation
                  vpiName: clk
                  vpiFullName: Genit.clk
                  vpiActual: Net name:clk
            vpiStmt IfStmt start:134:27 end:134:75:
              vpiParent: EventControl
              vpiCondition Operation start:134:31 end:134:67:
                vpiParent: IfStmt
                vpiOpType: case neq (17)
                vpiOperand (2 items):
                  RefObj name:namedfor21[1].cellfor21.one start:134:31 end:134:58:
                    vpiParent: Operation
                    vpiName: namedfor21[1].cellfor21.one
                    vpiFullName: Genit.namedfor21[1].cellfor21.one
                    vpiPathElem (3 items):
                      BitSelect name:namedfor21[1] start:134:31 end:134:43:
                        vpiParent: RefObj name:namedfor21[1].cellfor21.one
                        vpiName: namedfor21[1]
                        vpiFullName: Genit.namedfor21[1].cellfor21.one.namedfor21[1]
                        vpiPrefix RefObj name:namedfor21 start:134:31 end:134:41:
                          vpiParent: BitSelect name:namedfor21[1]
                          vpiName: namedfor21
                          vpiFullName: Genit.namedfor21[1].cellfor21.one.namedfor21
                        vpiIndex Constant start:134:42 end:134:43:
                          vpiParent: BitSelect name:namedfor21[1]
                          vpiTypespec RefTypespec:
                            vpiParent: Constant
                            vpiFullName: Genit.namedfor21[1].cellfor21.one.namedfor21[1]
                            vpiActual: IntTypespec
                          vpiConstType: unsigned int (9)
                          vpiSize: 64
                          vpiDecompile: "1"
                          vpiValue: 1
                      RefObj name:cellfor21 start:134:45 end:134:54:
                        vpiParent: RefObj name:namedfor21[1].cellfor21.one
                        vpiName: cellfor21
                        vpiFullName: Genit.cellfor21
                      RefObj name:one start:134:55 end:134:58:
                        vpiParent: RefObj name:namedfor21[1].cellfor21.one
                        vpiName: one
                        vpiFullName: Genit.one
                  Constant start:134:63 end:134:67:
                    vpiParent: Operation
                    vpiTypespec RefTypespec:
                      vpiParent: Constant
                      vpiFullName: Genit
                      vpiActual: BitTypespec
                    vpiConstType: binary (3)
                    vpiSize: 1
                    vpiDecompile: "1'b1"
                    vpiValue: "1"
              vpiStmt SysTaskCall name:$stop start:134:69 end:134:74:
                vpiParent: IfStmt
                vpiName Identifier name:$stop start:134:69 end:134:74:
                vpiIsProperty: true
          vpiAlwaysType: always (1)
        Always start:156:4 end:156:94:
          vpiParent: Module name:Genit
          vpiStmt EventControl start:156:11 end:156:94:
            vpiParent: Always
            vpiCondition Operation start:156:14 end:156:25:
              vpiParent: EventControl
              vpiOpType: posedge (39)
              vpiOperand (1 items):
                RefObj name:clk start:156:22 end:156:25:
                  vpiParent: Operation
                  vpiName: clk
                  vpiFullName: Genit.clk
                  vpiActual: Net name:clk
            vpiStmt IfStmt start:156:27 end:156:94:
              vpiParent: EventControl
              vpiCondition Operation start:156:31 end:156:86:
                vpiParent: IfStmt
                vpiOpType: case neq (17)
                vpiOperand (2 items):
                  RefObj name:namedfor30[0].forb30[0].forif30.cellfor30a.one start:156:31 end:156:77:
                    vpiParent: Operation
                    vpiName: namedfor30[0].forb30[0].forif30.cellfor30a.one
                    vpiFullName: Genit.namedfor30[0].forb30[0].forif30.cellfor30a.one
                    vpiPathElem (5 items):
                      BitSelect name:namedfor30[0] start:156:31 end:156:43:
                        vpiParent: RefObj name:namedfor30[0].forb30[0].forif30.cellfor30a.one
                        vpiName: namedfor30[0]
                        vpiFullName: Genit.namedfor30[0].forb30[0].forif30.cellfor30a.one.namedfor30[0]
                        vpiPrefix RefObj name:namedfor30 start:156:31 end:156:41:
                          vpiParent: BitSelect name:namedfor30[0]
                          vpiName: namedfor30
                          vpiFullName: Genit.namedfor30[0].forb30[0].forif30.cellfor30a.one.namedfor30
                        vpiIndex Constant start:156:42 end:156:43:
                          vpiParent: BitSelect name:namedfor30[0]
                          vpiTypespec RefTypespec:
                            vpiParent: Constant
                            vpiFullName: Genit.namedfor30[0].forb30[0].forif30.cellfor30a.one.namedfor30[0]
                            vpiActual: IntTypespec
                          vpiConstType: unsigned int (9)
                          vpiSize: 64
                          vpiDecompile: "0"
                          vpiValue: 0
                      BitSelect name:forb30[0] start:156:45 end:156:53:
                        vpiParent: RefObj name:namedfor30[0].forb30[0].forif30.cellfor30a.one
                        vpiName: forb30[0]
                        vpiFullName: Genit.namedfor30[0].forb30[0].forif30.cellfor30a.one.forb30[0]
                        vpiPrefix RefObj name:forb30 start:156:45 end:156:51:
                          vpiParent: BitSelect name:forb30[0]
                          vpiName: forb30
                          vpiFullName: Genit.namedfor30[0].forb30[0].forif30.cellfor30a.one.forb30
                        vpiIndex Constant start:156:52 end:156:53:
                          vpiParent: BitSelect name:forb30[0]
                          vpiTypespec RefTypespec:
                            vpiParent: Constant
                            vpiFullName: Genit.namedfor30[0].forb30[0].forif30.cellfor30a.one.forb30[0]
                            vpiActual: IntTypespec
                          vpiConstType: unsigned int (9)
                          vpiSize: 64
                          vpiDecompile: "0"
                          vpiValue: 0
                      RefObj name:forif30 start:156:55 end:156:62:
                        vpiParent: RefObj name:namedfor30[0].forb30[0].forif30.cellfor30a.one
                        vpiName: forif30
                        vpiFullName: Genit.forif30
                      RefObj name:cellfor30a start:156:63 end:156:73:
                        vpiParent: RefObj name:namedfor30[0].forb30[0].forif30.cellfor30a.one
                        vpiName: cellfor30a
                        vpiFullName: Genit.cellfor30a
                      RefObj name:one start:156:74 end:156:77:
                        vpiParent: RefObj name:namedfor30[0].forb30[0].forif30.cellfor30a.one
                        vpiName: one
                        vpiFullName: Genit.one
                  Constant start:156:82 end:156:86:
                    vpiParent: Operation
                    vpiTypespec RefTypespec:
                      vpiParent: Constant
                      vpiFullName: Genit
                      vpiActual: BitTypespec
                    vpiConstType: binary (3)
                    vpiSize: 1
                    vpiDecompile: "1'b1"
                    vpiValue: "1"
              vpiStmt SysTaskCall name:$stop start:156:88 end:156:93:
                vpiParent: IfStmt
                vpiName Identifier name:$stop start:156:88 end:156:93:
                vpiIsProperty: true
          vpiAlwaysType: always (1)
        Always start:157:4 end:157:94:
          vpiParent: Module name:Genit
          vpiStmt EventControl start:157:11 end:157:94:
            vpiParent: Always
            vpiCondition Operation start:157:14 end:157:25:
              vpiParent: EventControl
              vpiOpType: posedge (39)
              vpiOperand (1 items):
                RefObj name:clk start:157:22 end:157:25:
                  vpiParent: Operation
                  vpiName: clk
                  vpiFullName: Genit.clk
                  vpiActual: Net name:clk
            vpiStmt IfStmt start:157:27 end:157:94:
              vpiParent: EventControl
              vpiCondition Operation start:157:31 end:157:86:
                vpiParent: IfStmt
                vpiOpType: case neq (17)
                vpiOperand (2 items):
                  RefObj name:namedfor30[1].forb30[0].forif30.cellfor30a.one start:157:31 end:157:77:
                    vpiParent: Operation
                    vpiName: namedfor30[1].forb30[0].forif30.cellfor30a.one
                    vpiFullName: Genit.namedfor30[1].forb30[0].forif30.cellfor30a.one
                    vpiPathElem (5 items):
                      BitSelect name:namedfor30[1] start:157:31 end:157:43:
                        vpiParent: RefObj name:namedfor30[1].forb30[0].forif30.cellfor30a.one
                        vpiName: namedfor30[1]
                        vpiFullName: Genit.namedfor30[1].forb30[0].forif30.cellfor30a.one.namedfor30[1]
                        vpiPrefix RefObj name:namedfor30 start:157:31 end:157:41:
                          vpiParent: BitSelect name:namedfor30[1]
                          vpiName: namedfor30
                          vpiFullName: Genit.namedfor30[1].forb30[0].forif30.cellfor30a.one.namedfor30
                        vpiIndex Constant start:157:42 end:157:43:
                          vpiParent: BitSelect name:namedfor30[1]
                          vpiTypespec RefTypespec:
                            vpiParent: Constant
                            vpiFullName: Genit.namedfor30[1].forb30[0].forif30.cellfor30a.one.namedfor30[1]
                            vpiActual: IntTypespec
                          vpiConstType: unsigned int (9)
                          vpiSize: 64
                          vpiDecompile: "1"
                          vpiValue: 1
                      BitSelect name:forb30[0] start:157:45 end:157:53:
                        vpiParent: RefObj name:namedfor30[1].forb30[0].forif30.cellfor30a.one
                        vpiName: forb30[0]
                        vpiFullName: Genit.namedfor30[1].forb30[0].forif30.cellfor30a.one.forb30[0]
                        vpiPrefix RefObj name:forb30 start:157:45 end:157:51:
                          vpiParent: BitSelect name:forb30[0]
                          vpiName: forb30
                          vpiFullName: Genit.namedfor30[1].forb30[0].forif30.cellfor30a.one.forb30
                        vpiIndex Constant start:157:52 end:157:53:
                          vpiParent: BitSelect name:forb30[0]
                          vpiTypespec RefTypespec:
                            vpiParent: Constant
                            vpiFullName: Genit.namedfor30[1].forb30[0].forif30.cellfor30a.one.forb30[0]
                            vpiActual: IntTypespec
                          vpiConstType: unsigned int (9)
                          vpiSize: 64
                          vpiDecompile: "0"
                          vpiValue: 0
                      RefObj name:forif30 start:157:55 end:157:62:
                        vpiParent: RefObj name:namedfor30[1].forb30[0].forif30.cellfor30a.one
                        vpiName: forif30
                        vpiFullName: Genit.forif30
                      RefObj name:cellfor30a start:157:63 end:157:73:
                        vpiParent: RefObj name:namedfor30[1].forb30[0].forif30.cellfor30a.one
                        vpiName: cellfor30a
                        vpiFullName: Genit.cellfor30a
                      RefObj name:one start:157:74 end:157:77:
                        vpiParent: RefObj name:namedfor30[1].forb30[0].forif30.cellfor30a.one
                        vpiName: one
                        vpiFullName: Genit.one
                  Constant start:157:82 end:157:86:
                    vpiParent: Operation
                    vpiTypespec RefTypespec:
                      vpiParent: Constant
                      vpiFullName: Genit
                      vpiActual: BitTypespec
                    vpiConstType: binary (3)
                    vpiSize: 1
                    vpiDecompile: "1'b1"
                    vpiValue: "1"
              vpiStmt SysTaskCall name:$stop start:157:88 end:157:93:
                vpiParent: IfStmt
                vpiName Identifier name:$stop start:157:88 end:157:93:
                vpiIsProperty: true
          vpiAlwaysType: always (1)
        Always start:162:4 end:162:94:
          vpiParent: Module name:Genit
          vpiStmt EventControl start:162:11 end:162:94:
            vpiParent: Always
            vpiCondition Operation start:162:14 end:162:25:
              vpiParent: EventControl
              vpiOpType: posedge (39)
              vpiOperand (1 items):
                RefObj name:clk start:162:22 end:162:25:
                  vpiParent: Operation
                  vpiName: clk
                  vpiFullName: Genit.clk
                  vpiActual: Net name:clk
            vpiStmt IfStmt start:162:27 end:162:94:
              vpiParent: EventControl
              vpiCondition Operation start:162:31 end:162:86:
                vpiParent: IfStmt
                vpiOpType: case neq (17)
                vpiOperand (2 items):
                  RefObj name:namedfor30[0].forb30[1].forif30.cellfor30b.one start:162:31 end:162:77:
                    vpiParent: Operation
                    vpiName: namedfor30[0].forb30[1].forif30.cellfor30b.one
                    vpiFullName: Genit.namedfor30[0].forb30[1].forif30.cellfor30b.one
                    vpiPathElem (5 items):
                      BitSelect name:namedfor30[0] start:162:31 end:162:43:
                        vpiParent: RefObj name:namedfor30[0].forb30[1].forif30.cellfor30b.one
                        vpiName: namedfor30[0]
                        vpiFullName: Genit.namedfor30[0].forb30[1].forif30.cellfor30b.one.namedfor30[0]
                        vpiPrefix RefObj name:namedfor30 start:162:31 end:162:41:
                          vpiParent: BitSelect name:namedfor30[0]
                          vpiName: namedfor30
                          vpiFullName: Genit.namedfor30[0].forb30[1].forif30.cellfor30b.one.namedfor30
                        vpiIndex Constant start:162:42 end:162:43:
                          vpiParent: BitSelect name:namedfor30[0]
                          vpiTypespec RefTypespec:
                            vpiParent: Constant
                            vpiFullName: Genit.namedfor30[0].forb30[1].forif30.cellfor30b.one.namedfor30[0]
                            vpiActual: IntTypespec
                          vpiConstType: unsigned int (9)
                          vpiSize: 64
                          vpiDecompile: "0"
                          vpiValue: 0
                      BitSelect name:forb30[1] start:162:45 end:162:53:
                        vpiParent: RefObj name:namedfor30[0].forb30[1].forif30.cellfor30b.one
                        vpiName: forb30[1]
                        vpiFullName: Genit.namedfor30[0].forb30[1].forif30.cellfor30b.one.forb30[1]
                        vpiPrefix RefObj name:forb30 start:162:45 end:162:51:
                          vpiParent: BitSelect name:forb30[1]
                          vpiName: forb30
                          vpiFullName: Genit.namedfor30[0].forb30[1].forif30.cellfor30b.one.forb30
                        vpiIndex Constant start:162:52 end:162:53:
                          vpiParent: BitSelect name:forb30[1]
                          vpiTypespec RefTypespec:
                            vpiParent: Constant
                            vpiFullName: Genit.namedfor30[0].forb30[1].forif30.cellfor30b.one.forb30[1]
                            vpiActual: IntTypespec
                          vpiConstType: unsigned int (9)
                          vpiSize: 64
                          vpiDecompile: "1"
                          vpiValue: 1
                      RefObj name:forif30 start:162:55 end:162:62:
                        vpiParent: RefObj name:namedfor30[0].forb30[1].forif30.cellfor30b.one
                        vpiName: forif30
                        vpiFullName: Genit.forif30
                      RefObj name:cellfor30b start:162:63 end:162:73:
                        vpiParent: RefObj name:namedfor30[0].forb30[1].forif30.cellfor30b.one
                        vpiName: cellfor30b
                        vpiFullName: Genit.cellfor30b
                      RefObj name:one start:162:74 end:162:77:
                        vpiParent: RefObj name:namedfor30[0].forb30[1].forif30.cellfor30b.one
                        vpiName: one
                        vpiFullName: Genit.one
                  Constant start:162:82 end:162:86:
                    vpiParent: Operation
                    vpiTypespec RefTypespec:
                      vpiParent: Constant
                      vpiFullName: Genit
                      vpiActual: BitTypespec
                    vpiConstType: binary (3)
                    vpiSize: 1
                    vpiDecompile: "1'b1"
                    vpiValue: "1"
              vpiStmt SysTaskCall name:$stop start:162:88 end:162:93:
                vpiParent: IfStmt
                vpiName Identifier name:$stop start:162:88 end:162:93:
                vpiIsProperty: true
          vpiAlwaysType: always (1)
        Always start:163:4 end:163:94:
          vpiParent: Module name:Genit
          vpiStmt EventControl start:163:11 end:163:94:
            vpiParent: Always
            vpiCondition Operation start:163:14 end:163:25:
              vpiParent: EventControl
              vpiOpType: posedge (39)
              vpiOperand (1 items):
                RefObj name:clk start:163:22 end:163:25:
                  vpiParent: Operation
                  vpiName: clk
                  vpiFullName: Genit.clk
                  vpiActual: Net name:clk
            vpiStmt IfStmt start:163:27 end:163:94:
              vpiParent: EventControl
              vpiCondition Operation start:163:31 end:163:86:
                vpiParent: IfStmt
                vpiOpType: case neq (17)
                vpiOperand (2 items):
                  RefObj name:namedfor30[1].forb30[1].forif30.cellfor30b.one start:163:31 end:163:77:
                    vpiParent: Operation
                    vpiName: namedfor30[1].forb30[1].forif30.cellfor30b.one
                    vpiFullName: Genit.namedfor30[1].forb30[1].forif30.cellfor30b.one
                    vpiPathElem (5 items):
                      BitSelect name:namedfor30[1] start:163:31 end:163:43:
                        vpiParent: RefObj name:namedfor30[1].forb30[1].forif30.cellfor30b.one
                        vpiName: namedfor30[1]
                        vpiFullName: Genit.namedfor30[1].forb30[1].forif30.cellfor30b.one.namedfor30[1]
                        vpiPrefix RefObj name:namedfor30 start:163:31 end:163:41:
                          vpiParent: BitSelect name:namedfor30[1]
                          vpiName: namedfor30
                          vpiFullName: Genit.namedfor30[1].forb30[1].forif30.cellfor30b.one.namedfor30
                        vpiIndex Constant start:163:42 end:163:43:
                          vpiParent: BitSelect name:namedfor30[1]
                          vpiTypespec RefTypespec:
                            vpiParent: Constant
                            vpiFullName: Genit.namedfor30[1].forb30[1].forif30.cellfor30b.one.namedfor30[1]
                            vpiActual: IntTypespec
                          vpiConstType: unsigned int (9)
                          vpiSize: 64
                          vpiDecompile: "1"
                          vpiValue: 1
                      BitSelect name:forb30[1] start:163:45 end:163:53:
                        vpiParent: RefObj name:namedfor30[1].forb30[1].forif30.cellfor30b.one
                        vpiName: forb30[1]
                        vpiFullName: Genit.namedfor30[1].forb30[1].forif30.cellfor30b.one.forb30[1]
                        vpiPrefix RefObj name:forb30 start:163:45 end:163:51:
                          vpiParent: BitSelect name:forb30[1]
                          vpiName: forb30
                          vpiFullName: Genit.namedfor30[1].forb30[1].forif30.cellfor30b.one.forb30
                        vpiIndex Constant start:163:52 end:163:53:
                          vpiParent: BitSelect name:forb30[1]
                          vpiTypespec RefTypespec:
                            vpiParent: Constant
                            vpiFullName: Genit.namedfor30[1].forb30[1].forif30.cellfor30b.one.forb30[1]
                            vpiActual: IntTypespec
                          vpiConstType: unsigned int (9)
                          vpiSize: 64
                          vpiDecompile: "1"
                          vpiValue: 1
                      RefObj name:forif30 start:163:55 end:163:62:
                        vpiParent: RefObj name:namedfor30[1].forb30[1].forif30.cellfor30b.one
                        vpiName: forif30
                        vpiFullName: Genit.forif30
                      RefObj name:cellfor30b start:163:63 end:163:73:
                        vpiParent: RefObj name:namedfor30[1].forb30[1].forif30.cellfor30b.one
                        vpiName: cellfor30b
                        vpiFullName: Genit.cellfor30b
                      RefObj name:one start:163:74 end:163:77:
                        vpiParent: RefObj name:namedfor30[1].forb30[1].forif30.cellfor30b.one
                        vpiName: one
                        vpiFullName: Genit.one
                  Constant start:163:82 end:163:86:
                    vpiParent: Operation
                    vpiTypespec RefTypespec:
                      vpiParent: Constant
                      vpiFullName: Genit
                      vpiActual: BitTypespec
                    vpiConstType: binary (3)
                    vpiSize: 1
                    vpiDecompile: "1'b1"
                    vpiValue: "1"
              vpiStmt SysTaskCall name:$stop start:163:88 end:163:93:
                vpiParent: IfStmt
                vpiName Identifier name:$stop start:163:88 end:163:93:
                vpiIsProperty: true
          vpiAlwaysType: always (1)
      vpiRefInstance (1 items):
        RefInstance name:cellarray1 start:54:8 end:54:18:
          vpiParent: Module name:Genit
          vpiName: cellarray1
          vpiTypespec RefTypespec name:One [1:0] start:54:4 end:54:7:
            vpiParent: RefInstance name:cellarray1
            vpiName: One [1:0]
            vpiFullName: Genit.cellarray1.One [1:0]
            vpiActual: ArrayTypespec
      vpiGenStmt (8 items):
        GenRegion start:59:4 end:65:15:
          vpiParent: Module name:Genit
          vpiFullName: Genit
          vpiTypespec (1 items):
            BitTypespec:
              vpiParent: GenRegion
          vpiStmt GenIfElse start:61:7 end:64:16:
            vpiParent: GenRegion
            vpiCondition Constant start:61:11 end:61:15:
              vpiParent: GenIfElse
              vpiTypespec RefTypespec:
                vpiParent: Constant
                vpiFullName: Genit
                vpiActual: BitTypespec
              vpiConstType: binary (3)
              vpiSize: 1
              vpiDecompile: "1'b1"
              vpiValue: "1"
            vpiStmt Begin:
              vpiParent: GenIfElse
              vpiFullName: Genit
              vpiTypespec (1 items):
                ModuleTypespec name:One start:62:2 end:62:5:
                  vpiParent: Begin
                  vpiName Identifier name:One start:62:2 end:62:5:
                  vpiDefName: One
                  vpiModule: Module name:One
              vpiStmt (1 items):
                RefInstance name:ifcell1 start:62:6 end:62:13:
                  vpiParent: Begin
                  vpiName: ifcell1
                  vpiTypespec RefTypespec name:One start:62:2 end:62:5:
                    vpiParent: RefInstance name:ifcell1
                    vpiName: One
                    vpiFullName: Genit.ifcell1.One
                    vpiActual: ModuleTypespec name:One
            vpiElseStmt Begin:
              vpiParent: GenIfElse
              vpiFullName: Genit
              vpiTypespec (1 items):
                ModuleTypespec name:One start:64:2 end:64:5:
                  vpiParent: Begin
                  vpiName Identifier name:One start:64:2 end:64:5:
                  vpiDefName: One
                  vpiModule: Module name:One
              vpiStmt (1 items):
                RefInstance name:ifcell1 start:64:6 end:64:13:
                  vpiParent: Begin
                  vpiName: ifcell1
                  vpiTypespec RefTypespec name:One start:64:2 end:64:5:
                    vpiParent: RefInstance name:ifcell1
                    vpiName: One
                    vpiFullName: Genit.ifcell1.One
                    vpiActual: ModuleTypespec name:One
        GenRegion start:72:4 end:77:15:
          vpiParent: Module name:Genit
          vpiFullName: Genit
          vpiStmt Begin name:namedif2 start:73:7 end:76:10:
            vpiParent: GenRegion
            vpiName Identifier name:namedif2 start:73:15 end:73:23:
            vpiFullName: Genit.namedif2
            vpiTypespec (1 items):
              BitTypespec:
                vpiParent: Begin name:namedif2
            vpiStmt (1 items):
              GenIf start:74:3 end:75:19:
                vpiParent: Begin name:namedif2
                vpiCondition Constant start:74:7 end:74:11:
                  vpiParent: GenIf
                  vpiTypespec RefTypespec:
                    vpiParent: Constant
                    vpiFullName: Genit.namedif2
                    vpiActual: BitTypespec
                  vpiConstType: binary (3)
                  vpiSize: 1
                  vpiDecompile: "1'b1"
                  vpiValue: "1"
                vpiStmt Begin:
                  vpiParent: GenIf
                  vpiFullName: Genit.namedif2
                  vpiTypespec (1 items):
                    ModuleTypespec name:One start:75:5 end:75:8:
                      vpiParent: Begin
                      vpiName Identifier name:One start:75:5 end:75:8:
                      vpiDefName: One
                      vpiModule: Module name:One
                  vpiStmt (1 items):
                    RefInstance name:ifcell2 start:75:9 end:75:16:
                      vpiParent: Begin
                      vpiName: ifcell2
                      vpiTypespec RefTypespec name:One start:75:5 end:75:8:
                        vpiParent: RefInstance name:ifcell2
                        vpiName: One
                        vpiFullName: Genit.namedif2.ifcell2.One
                        vpiActual: ModuleTypespec name:One
        GenRegion start:83:4 end:88:15:
          vpiParent: Module name:Genit
          vpiFullName: Genit
          vpiTypespec (1 items):
            BitTypespec:
              vpiParent: GenRegion
          vpiStmt GenIf start:84:7 end:87:5:
            vpiParent: GenRegion
            vpiCondition Constant start:84:11 end:84:15:
              vpiParent: GenIf
              vpiTypespec RefTypespec:
                vpiParent: Constant
                vpiFullName: Genit
                vpiActual: BitTypespec
              vpiConstType: binary (3)
              vpiSize: 1
              vpiDecompile: "1'b1"
              vpiValue: "1"
            vpiStmt Begin name:namedif3 start:85:2 end:87:5:
              vpiParent: GenIf
              vpiName Identifier name:namedif3 start:85:10 end:85:18:
              vpiFullName: Genit.namedif3
              vpiTypespec (1 items):
                ModuleTypespec name:One start:86:5 end:86:8:
                  vpiParent: Begin name:namedif3
                  vpiName Identifier name:One start:86:5 end:86:8:
                  vpiDefName: One
                  vpiModule: Module name:One
              vpiStmt (1 items):
                RefInstance name:ifcell3 start:86:9 end:86:16:
                  vpiParent: Begin name:namedif3
                  vpiName: ifcell3
                  vpiTypespec RefTypespec name:One start:86:5 end:86:8:
                    vpiParent: RefInstance name:ifcell3
                    vpiName: One
                    vpiFullName: Genit.namedif3.ifcell3.One
                    vpiActual: ModuleTypespec name:One
        GenRegion start:92:4 end:97:15:
          vpiParent: Module name:Genit
          vpiFullName: Genit
          vpiTypespec (2 items):
            BitTypespec:
              vpiParent: GenRegion
            ModuleTypespec name:One start:95:4 end:95:7:
              vpiParent: GenRegion
              vpiName Identifier name:One start:95:4 end:95:7:
              vpiDefName: One
              vpiModule: Module name:One
          vpiStmt GenCase start:93:7 end:96:14:
            vpiParent: GenRegion
            vpiCondition Constant start:93:13 end:93:17:
              vpiParent: GenCase
              vpiTypespec RefTypespec:
                vpiParent: Constant
                vpiFullName: Genit
                vpiActual: BitTypespec
              vpiConstType: binary (3)
              vpiSize: 1
              vpiDecompile: "1'b1"
              vpiValue: "1"
            vpiCaseItem (1 items):
              CaseItem start:94:2 end:95:21:
                vpiParent: GenCase
                vpiExpr (1 items):
                  Constant start:94:2 end:94:6:
                    vpiParent: CaseItem
                    vpiTypespec RefTypespec:
                      vpiParent: Constant
                      vpiFullName: Genit
                      vpiActual: BitTypespec
                    vpiConstType: binary (3)
                    vpiSize: 1
                    vpiDecompile: "1'b1"
                    vpiValue: "1"
                vpiStmt RefInstance name:casecell10 start:95:8 end:95:18:
                  vpiParent: CaseItem
                  vpiName: casecell10
                  vpiTypespec RefTypespec name:One start:95:4 end:95:7:
                    vpiParent: RefInstance name:casecell10
                    vpiName: One
                    vpiFullName: Genit.casecell10.One
                    vpiActual: ModuleTypespec name:One
        GenRegion start:103:4 end:109:15:
          vpiParent: Module name:Genit
          vpiFullName: Genit
          vpiTypespec (1 items):
            BitTypespec:
              vpiParent: GenRegion
          vpiStmt GenCase start:104:7 end:108:14:
            vpiParent: GenRegion
            vpiCondition Constant start:104:13 end:104:17:
              vpiParent: GenCase
              vpiTypespec RefTypespec:
                vpiParent: Constant
                vpiFullName: Genit
                vpiActual: BitTypespec
              vpiConstType: binary (3)
              vpiSize: 1
              vpiDecompile: "1'b1"
              vpiValue: "1"
            vpiCaseItem (1 items):
              CaseItem start:105:2 end:107:5:
                vpiParent: GenCase
                vpiExpr (1 items):
                  Constant start:105:2 end:105:6:
                    vpiParent: CaseItem
                    vpiTypespec RefTypespec:
                      vpiParent: Constant
                      vpiFullName: Genit
                      vpiActual: BitTypespec
                    vpiConstType: binary (3)
                    vpiSize: 1
                    vpiDecompile: "1'b1"
                    vpiValue: "1"
                vpiStmt Begin name:namedcase11 start:105:9 end:107:5:
                  vpiParent: CaseItem
                  vpiName Identifier name:namedcase11 start:105:17 end:105:28:
                  vpiFullName: Genit.namedcase11
                  vpiTypespec (1 items):
                    ModuleTypespec name:One start:106:4 end:106:7:
                      vpiParent: Begin name:namedcase11
                      vpiName Identifier name:One start:106:4 end:106:7:
                      vpiDefName: One
                      vpiModule: Module name:One
                  vpiStmt (1 items):
                    RefInstance name:casecell11 start:106:8 end:106:18:
                      vpiParent: Begin name:namedcase11
                      vpiName: casecell11
                      vpiTypespec RefTypespec name:One start:106:4 end:106:7:
                        vpiParent: RefInstance name:casecell11
                        vpiName: One
                        vpiFullName: Genit.namedcase11.casecell11.One
                        vpiActual: ModuleTypespec name:One
        GenRegion start:116:4 end:119:15:
          vpiParent: Module name:Genit
          vpiFullName: Genit
          vpiStmt GenFor start:117:7 end:118:19:
            vpiParent: GenRegion
            vpiFullName: Genit
            vpiVariable (1 items):
              Variable name:i start:117:12 end:117:13:
                vpiParent: GenFor
                vpiName: i
                vpiFullName: Genit.i
            vpiTypespec (1 items):
              ModuleTypespec name:One start:118:2 end:118:5:
                vpiParent: GenFor
                vpiName Identifier name:One start:118:2 end:118:5:
                vpiDefName: One
                vpiModule: Module name:One
            vpiForInitStmt (1 items):
              Assignment start:117:12 end:117:17:
                vpiParent: GenFor
                vpiLhs: Variable name:i
                vpiRhs Constant start:117:16 end:117:17:
                  vpiParent: Assignment
                  vpiTypespec RefTypespec:
                    vpiParent: Constant
                    vpiFullName: Genit
                    vpiActual: IntTypespec
                  vpiConstType: unsigned int (9)
                  vpiSize: 64
                  vpiDecompile: "0"
                  vpiValue: 0
            vpiForIncStmt (1 items):
              Assignment start:117:26 end:117:35:
                vpiParent: GenFor
                vpiBlocking: true
                vpiLhs RefObj name:i start:117:26 end:117:27:
                  vpiParent: Assignment
                  vpiName: i
                  vpiFullName: Genit.i
                  vpiActual: Variable name:i
                vpiRhs Operation start:117:30 end:117:35:
                  vpiParent: Assignment
                  vpiOpType: add (24)
                  vpiOperand (2 items):
                    RefObj name:i start:117:30 end:117:31:
                      vpiParent: Operation
                      vpiName: i
                      vpiFullName: Genit.i
                      vpiActual: Variable name:i
                    Constant start:117:34 end:117:35:
                      vpiParent: Operation
                      vpiTypespec RefTypespec:
                        vpiParent: Constant
                        vpiFullName: Genit
                        vpiActual: IntTypespec
                      vpiConstType: unsigned int (9)
                      vpiSize: 64
                      vpiDecompile: "1"
                      vpiValue: 1
            vpiCondition Operation start:117:19 end:117:24:
              vpiParent: GenFor
              vpiOpType: less than (20)
              vpiOperand (2 items):
                RefObj name:i start:117:19 end:117:20:
                  vpiParent: Operation
                  vpiName: i
                  vpiFullName: Genit.i
                  vpiActual: Variable name:i
                Constant start:117:23 end:117:24:
                  vpiParent: Operation
                  vpiTypespec RefTypespec:
                    vpiParent: Constant
                    vpiFullName: Genit
                    vpiActual: IntTypespec
                  vpiConstType: unsigned int (9)
                  vpiSize: 64
                  vpiDecompile: "2"
                  vpiValue: 2
            vpiStmt Begin:
              vpiParent: GenFor
              vpiFullName: Genit
              vpiStmt (1 items):
                RefInstance name:cellfor20 start:118:6 end:118:15:
                  vpiParent: Begin
                  vpiName: cellfor20
                  vpiTypespec RefTypespec name:One start:118:2 end:118:5:
                    vpiParent: RefInstance name:cellfor20
                    vpiName: One
                    vpiFullName: Genit.cellfor20.One
                    vpiActual: ModuleTypespec name:One
        GenRegion start:127:4 end:132:15:
          vpiParent: Module name:Genit
          vpiFullName: Genit
          vpiStmt GenFor start:128:7 end:131:5:
            vpiParent: GenRegion
            vpiFullName: Genit
            vpiVariable (1 items):
              Variable name:i start:128:12 end:128:13:
                vpiParent: GenFor
                vpiName: i
                vpiFullName: Genit.i
            vpiForInitStmt (1 items):
              Assignment start:128:12 end:128:17:
                vpiParent: GenFor
                vpiLhs: Variable name:i
                vpiRhs Constant start:128:16 end:128:17:
                  vpiParent: Assignment
                  vpiTypespec RefTypespec:
                    vpiParent: Constant
                    vpiFullName: Genit
                    vpiActual: IntTypespec
                  vpiConstType: unsigned int (9)
                  vpiSize: 64
                  vpiDecompile: "0"
                  vpiValue: 0
            vpiForIncStmt (1 items):
              Assignment start:128:26 end:128:35:
                vpiParent: GenFor
                vpiBlocking: true
                vpiLhs RefObj name:i start:128:26 end:128:27:
                  vpiParent: Assignment
                  vpiName: i
                  vpiFullName: Genit.i
                  vpiActual: Variable name:i
                vpiRhs Operation start:128:30 end:128:35:
                  vpiParent: Assignment
                  vpiOpType: add (24)
                  vpiOperand (2 items):
                    RefObj name:i start:128:30 end:128:31:
                      vpiParent: Operation
                      vpiName: i
                      vpiFullName: Genit.i
                      vpiActual: Variable name:i
                    Constant start:128:34 end:128:35:
                      vpiParent: Operation
                      vpiTypespec RefTypespec:
                        vpiParent: Constant
                        vpiFullName: Genit
                        vpiActual: IntTypespec
                      vpiConstType: unsigned int (9)
                      vpiSize: 64
                      vpiDecompile: "1"
                      vpiValue: 1
            vpiCondition Operation start:128:19 end:128:24:
              vpiParent: GenFor
              vpiOpType: less than (20)
              vpiOperand (2 items):
                RefObj name:i start:128:19 end:128:20:
                  vpiParent: Operation
                  vpiName: i
                  vpiFullName: Genit.i
                  vpiActual: Variable name:i
                Constant start:128:23 end:128:24:
                  vpiParent: Operation
                  vpiTypespec RefTypespec:
                    vpiParent: Constant
                    vpiFullName: Genit
                    vpiActual: IntTypespec
                  vpiConstType: unsigned int (9)
                  vpiSize: 64
                  vpiDecompile: "2"
                  vpiValue: 2
            vpiStmt Begin name:namedfor21 start:129:2 end:131:5:
              vpiParent: GenFor
              vpiName Identifier name:namedfor21 start:129:10 end:129:20:
              vpiFullName: Genit.namedfor21
              vpiTypespec (1 items):
                ModuleTypespec name:One start:130:5 end:130:8:
                  vpiParent: Begin name:namedfor21
                  vpiName Identifier name:One start:130:5 end:130:8:
                  vpiDefName: One
                  vpiModule: Module name:One
              vpiStmt (1 items):
                RefInstance name:cellfor21 start:130:9 end:130:18:
                  vpiParent: Begin name:namedfor21
                  vpiName: cellfor21
                  vpiTypespec RefTypespec name:One start:130:5 end:130:8:
                    vpiParent: RefInstance name:cellfor21
                    vpiName: One
                    vpiFullName: Genit.namedfor21.cellfor21.One
                    vpiActual: ModuleTypespec name:One
        GenRegion start:136:4 end:155:15:
          vpiParent: Module name:Genit
          vpiFullName: Genit
          vpiStmt GenFor start:137:7 end:154:5:
            vpiParent: GenRegion
            vpiFullName: Genit
            vpiVariable (1 items):
              Variable name:i start:137:12 end:137:13:
                vpiParent: GenFor
                vpiName: i
                vpiFullName: Genit.i
            vpiForInitStmt (1 items):
              Assignment start:137:12 end:137:17:
                vpiParent: GenFor
                vpiLhs: Variable name:i
                vpiRhs Constant start:137:16 end:137:17:
                  vpiParent: Assignment
                  vpiTypespec RefTypespec:
                    vpiParent: Constant
                    vpiFullName: Genit
                    vpiActual: IntTypespec
                  vpiConstType: unsigned int (9)
                  vpiSize: 64
                  vpiDecompile: "0"
                  vpiValue: 0
            vpiForIncStmt (1 items):
              Assignment start:137:26 end:137:35:
                vpiParent: GenFor
                vpiBlocking: true
                vpiLhs RefObj name:i start:137:26 end:137:27:
                  vpiParent: Assignment
                  vpiName: i
                  vpiFullName: Genit.i
                  vpiActual: Variable name:i
                vpiRhs Operation start:137:30 end:137:35:
                  vpiParent: Assignment
                  vpiOpType: add (24)
                  vpiOperand (2 items):
                    RefObj name:i start:137:30 end:137:31:
                      vpiParent: Operation
                      vpiName: i
                      vpiFullName: Genit.i
                      vpiActual: Variable name:i
                    Constant start:137:34 end:137:35:
                      vpiParent: Operation
                      vpiTypespec RefTypespec:
                        vpiParent: Constant
                        vpiFullName: Genit
                        vpiActual: IntTypespec
                      vpiConstType: unsigned int (9)
                      vpiSize: 64
                      vpiDecompile: "1"
                      vpiValue: 1
            vpiCondition Operation start:137:19 end:137:24:
              vpiParent: GenFor
              vpiOpType: less than (20)
              vpiOperand (2 items):
                RefObj name:i start:137:19 end:137:20:
                  vpiParent: Operation
                  vpiName: i
                  vpiFullName: Genit.i
                  vpiActual: Variable name:i
                Constant start:137:23 end:137:24:
                  vpiParent: Operation
                  vpiTypespec RefTypespec:
                    vpiParent: Constant
                    vpiFullName: Genit
                    vpiActual: IntTypespec
                  vpiConstType: unsigned int (9)
                  vpiSize: 64
                  vpiDecompile: "2"
                  vpiValue: 2
            vpiStmt Begin name:namedfor30 start:138:2 end:154:5:
              vpiParent: GenFor
              vpiName Identifier name:namedfor30 start:138:10 end:138:20:
              vpiFullName: Genit.namedfor30
              vpiStmt (1 items):
                GenFor start:139:5 end:153:10:
                  vpiParent: Begin name:namedfor30
                  vpiFullName: Genit.namedfor30
                  vpiVariable (1 items):
                    Variable name:j start:139:10 end:139:11:
                      vpiParent: GenFor
                      vpiName: j
                      vpiFullName: Genit.namedfor30.j
                  vpiForInitStmt (1 items):
                    Assignment start:139:10 end:139:15:
                      vpiParent: GenFor
                      vpiLhs: Variable name:j
                      vpiRhs Constant start:139:14 end:139:15:
                        vpiParent: Assignment
                        vpiTypespec RefTypespec:
                          vpiParent: Constant
                          vpiFullName: Genit.namedfor30
                          vpiActual: IntTypespec
                        vpiConstType: unsigned int (9)
                        vpiSize: 64
                        vpiDecompile: "0"
                        vpiValue: 0
                  vpiForIncStmt (1 items):
                    Assignment start:139:24 end:139:33:
                      vpiParent: GenFor
                      vpiBlocking: true
                      vpiLhs RefObj name:j start:139:24 end:139:25:
                        vpiParent: Assignment
                        vpiName: j
                        vpiFullName: Genit.namedfor30.j
                        vpiActual: Variable name:j
                      vpiRhs Operation start:139:28 end:139:33:
                        vpiParent: Assignment
                        vpiOpType: add (24)
                        vpiOperand (2 items):
                          RefObj name:j start:139:28 end:139:29:
                            vpiParent: Operation
                            vpiName: j
                            vpiFullName: Genit.namedfor30.j
                            vpiActual: Variable name:j
                          Constant start:139:32 end:139:33:
                            vpiParent: Operation
                            vpiTypespec RefTypespec:
                              vpiParent: Constant
                              vpiFullName: Genit.namedfor30
                              vpiActual: IntTypespec
                            vpiConstType: unsigned int (9)
                            vpiSize: 64
                            vpiDecompile: "1"
                            vpiValue: 1
                  vpiCondition Operation start:139:17 end:139:22:
                    vpiParent: GenFor
                    vpiOpType: less than (20)
                    vpiOperand (2 items):
                      RefObj name:j start:139:17 end:139:18:
                        vpiParent: Operation
                        vpiName: j
                        vpiFullName: Genit.namedfor30.j
                        vpiActual: Variable name:j
                      Constant start:139:21 end:139:22:
                        vpiParent: Operation
                        vpiTypespec RefTypespec:
                          vpiParent: Constant
                          vpiFullName: Genit.namedfor30
                          vpiActual: IntTypespec
                        vpiConstType: unsigned int (9)
                        vpiSize: 64
                        vpiDecompile: "2"
                        vpiValue: 2
                  vpiStmt Begin name:forb30 start:140:7 end:153:10:
                    vpiParent: GenFor
                    vpiName Identifier name:forb30 start:140:15 end:140:21:
                    vpiFullName: Genit.namedfor30.forb30
                    vpiStmt (1 items):
                      GenIfElse start:141:3 end:152:8:
                        vpiParent: Begin name:forb30
                        vpiCondition Operation start:141:7 end:141:13:
                          vpiParent: GenIfElse
                          vpiOpType: equal (14)
                          vpiOperand (2 items):
                            RefObj name:j start:141:7 end:141:8:
                              vpiParent: Operation
                              vpiName: j
                              vpiFullName: Genit.namedfor30.forb30.j
                              vpiActual: Variable name:j
                            Constant start:141:12 end:141:13:
                              vpiParent: Operation
                              vpiTypespec RefTypespec:
                                vpiParent: Constant
                                vpiFullName: Genit.namedfor30.forb30
                                vpiActual: IntTypespec
                              vpiConstType: unsigned int (9)
                              vpiSize: 64
                              vpiDecompile: "0"
                              vpiValue: 0
                        vpiStmt Begin name:forif30 start:142:5 end:144:8:
                          vpiParent: GenIfElse
                          vpiName Identifier name:forif30 start:142:13 end:142:20:
                          vpiFullName: Genit.namedfor30.forb30.forif30
                          vpiTypespec (1 items):
                            ModuleTypespec name:One start:143:8 end:143:11:
                              vpiParent: Begin name:forif30
                              vpiName Identifier name:One start:143:8 end:143:11:
                              vpiDefName: One
                              vpiModule: Module name:One
                          vpiStmt (1 items):
                            RefInstance name:cellfor30a start:143:12 end:143:22:
                              vpiParent: Begin name:forif30
                              vpiName: cellfor30a
                              vpiTypespec RefTypespec name:One start:143:8 end:143:11:
                                vpiParent: RefInstance name:cellfor30a
                                vpiName: One
                                vpiFullName: Genit.namedfor30.forb30.forif30.cellfor30a.One
                                vpiActual: ModuleTypespec name:One
                        vpiElseStmt Begin name:forif30 start:149:5 end:152:8:
                          vpiParent: GenIfElse
                          vpiName Identifier name:forif30 start:149:13 end:149:20:
                          vpiFullName: Genit.namedfor30.forb30.forif30
                          vpiTypespec (1 items):
                            ModuleTypespec name:One start:151:8 end:151:11:
                              vpiParent: Begin name:forif30
                              vpiName Identifier name:One start:151:8 end:151:11:
                              vpiDefName: One
                              vpiModule: Module name:One
                          vpiStmt (1 items):
                            RefInstance name:cellfor30b start:151:12 end:151:22:
                              vpiParent: Begin name:forif30
                              vpiName: cellfor30b
                              vpiTypespec RefTypespec name:One start:151:8 end:151:11:
                                vpiParent: RefInstance name:cellfor30b
                                vpiName: One
                                vpiFullName: Genit.namedfor30.forb30.forif30.cellfor30b.One
                                vpiActual: ModuleTypespec name:One
  vpiTypespec (5 items):
    ModuleTypespec name:t:
      vpiParent: Design name:unnamed
      vpiName Identifier name:t start:8:8 end:8:9:
      vpiDefName: t
      vpiModule: Module name:t
    IntTypespec:
      vpiParent: Design name:unnamed
      vpiSigned: true
    StringTypespec:
      vpiParent: Design name:unnamed
    ModuleTypespec name:One:
      vpiParent: Design name:unnamed
      vpiName Identifier name:One start:45:8 end:45:11:
      vpiDefName: One
      vpiModule: Module name:One
    ModuleTypespec name:Genit:
      vpiParent: Design name:unnamed
      vpiName Identifier name:Genit start:49:8 end:49:13:
      vpiDefName: Genit
      vpiModule: Module name:Genit
  vpiLibrary (1 items):
    Library name:work:
      vpiParent: Design name:unnamed
      vpiName: work
===================
[  FATAL] : 0
[ SYNTAX] : 0
[  ERROR] : 0
[WARNING] : 24
[   NOTE] : 0
********************************************************************************
*                    End HLC SystemVerilog Compiler/Linter                     *
********************************************************************************

#**#**#**#**#**#**#**#**#**#**#**#**#**#**#**#**#**#**#**#**#**#**#**#**#**#**#**#**#**#**#**#**#**#**#**#**#**#**#**#**

Environment:
      test-name: Verilator/t_gen_intdot2
   test-dirpath: ${HLC_DIR}/regression/Verilator/t_gen_intdot2
  hldb-filepath: ${HLC_DIR}/regression/Verilator/t_gen_intdot2/design.hldb
mounts-filepath: ${HLC_DIR}/regression/Verilator/t_gen_intdot2/mounts.json


{'result': {'coverage': 100.0,
            'error_count': 0,
            'file_count': 1,
            'files': {'$Output/lib/work/t_gen_intdot2.v': {'post_len': 0,
                                                           'pre_len': 1861}},
            'post_len': 0,
            'pre_len': 1861,
            'test_name': 'Verilator/t_gen_intdot2'}}

+----------------------------------+----------+-----------+
| INPUT                            |   PRELEN |   POSTLEN |
+==================================+==========+===========+
| $Output/lib/work/t_gen_intdot2.v |     1861 |         0 |
+==================================+==========+===========+
|                                  |     1861 |         0 |
+----------------------------------+----------+-----------+

[   ERROR] : 0
[COVERAGE] : 100.0


#**#**#**#**#**#**#**#**#**#**#**#**#**#**#**#**#**#**#**#**#**#**#**#**#**#**#**#**#**#**#**#**#**#**#**#**#**#**#**#**

COMMAND: ${HLC_DIR}/regression/Verilator/t_gen_intdot2/design.hldb ${HLC_DIR}/regression/Verilator/t_gen_intdot2/reduced.hldb

==================== BEGIN REDUCTION RESULT ====================
Name                            Before   After   Added   Removed
----------------------------------------------------------------
Constant                            54      54       4         4
Operation                           34      30       0         4
RefObj                              88      84       0         4
RefTypespec                         76      76       4         4
----------------------------------------------------------------
Others                             220     220       0         0
----------------------------------------------------------------
                                   472     464       8        16
===================== END REDUCTION RESULT =====================
